image_id,window_id,source_filename,source_image,scale_ratio,window_size,stride,x1,y1,x2,y2,crop_path,predicted_label,confidence,top3_labels,top3_probabilities,entropy,above_threshold
微信图片_20260823222858_28_46,0,微信图片_20260823222858_28_46.jpg,微信图片_20260823222858_28_46.jpg,0.40,512,256,0,0,512,512,crops/微信图片_20260823222858_28_46__w0000__s0.40.jpg,Leaf_Gall,0.9917510151863098,Leaf_Gall|Leaf_Blight|Deficiency_Leaf,0.991751|0.007965|0.000162,0.04929397255182266,true
微信图片_20260823222858_28_46,1,微信图片_20260823222858_28_46.jpg,微信图片_20260823222858_28_46.jpg,0.40,512,256,256,0,768,512,crops/微信图片_20260823222858_28_46__w0001__s0.40.jpg,Leaf_Gall,0.9453448057174683,Leaf_Gall|Leaf_Blight|Deficiency_Leaf,0.945345|0.051432|0.001323,0.22785720229148865,true
微信图片_20260823222858_28_46,2,微信图片_20260823222858_28_46.jpg,微信图片_20260823222858_28_46.jpg,0.40,512,256,512,0,1024,512,crops/微信图片_20260823222858_28_46__w0002__s0.40.jpg,Leaf_Blight,0.44383397698402405,Leaf_Blight|Curl_Leaf|Leaf_Gall,0.443834|0.223062|0.222100,1.392715573310852,false
微信图片_20260823222858_28_46,3,微信图片_20260823222858_28_46.jpg,微信图片_20260823222858_28_46.jpg,0.40,512,256,768,0,1280,512,crops/微信图片_20260823222858_28_46__w0003__s0.40.jpg,Leaf_Gall,0.5770998001098633,Leaf_Gall|Leaf_Blight|Deficiency_Leaf,0.577100|0.345984|0.030014,0.9941892623901367,false
微信图片_20260823222858_28_46,4,微信图片_20260823222858_28_46.jpg,微信图片_20260823222858_28_46.jpg,0.40,512,256,0,256,512,768,crops/微信图片_20260823222858_28_46__w0004__s0.40.jpg,Leaf_Gall,0.583329975605011,Leaf_Gall|Leaf_Blight|Deficiency_Leaf,0.583330|0.402846|0.008779,0.7546170949935913,false
微信图片_20260823222858_28_46,5,微信图片_20260823222858_28_46.jpg,微信图片_20260823222858_28_46.jpg,0.40,512,256,256,256,768,768,crops/微信图片_20260823222858_28_46__w0005__s0.40.jpg,Leaf_Gall,0.9323737621307373,Leaf_Gall|Leaf_Blight|Felt_Leaf,0.932374|0.057789|0.008245,0.2817062735557556,true
微信图片_20260823222858_28_46,6,微信图片_20260823222858_28_46.jpg,微信图片_20260823222858_28_46.jpg,0.40,512,256,512,256,1024,768,crops/微信图片_20260823222858_28_46__w0006__s0.40.jpg,Leaf_Gall,0.9124928712844849,Leaf_Gall|Leaf_Blight|Felt_Leaf,0.912493|0.062740|0.021109,0.363015741109848,true
微信图片_20260823222858_28_46,7,微信图片_20260823222858_28_46.jpg,微信图片_20260823222858_28_46.jpg,0.40,512,256,768,256,1280,768,crops/微信图片_20260823222858_28_46__w0007__s0.40.jpg,Leaf_Gall,0.9097554087638855,Leaf_Gall|Leaf_Blight|Healthy_Leaf,0.909755|0.086194|0.001328,0.3257012367248535,true
微信图片_20260823222858_28_46,8,微信图片_20260823222858_28_46.jpg,微信图片_20260823222858_28_46.jpg,0.40,512,256,0,512,512,1024,crops/微信图片_20260823222858_28_46__w0008__s0.40.jpg,Leaf_Gall,0.7754203081130981,Leaf_Gall|Leaf_Blight|Deficiency_Leaf,0.775420|0.213658|0.007350,0.5867729187011719,false
微信图片_20260823222858_28_46,9,微信图片_20260823222858_28_46.jpg,微信图片_20260823222858_28_46.jpg,0.40,512,256,256,512,768,1024,crops/微信图片_20260823222858_28_46__w0009__s0.40.jpg,Leaf_Gall,0.9573952555656433,Leaf_Gall|Leaf_Blight|Felt_Leaf,0.957395|0.042416|0.000085,0.17761413753032684,true
微信图片_20260823222858_28_46,10,微信图片_20260823222858_28_46.jpg,微信图片_20260823222858_28_46.jpg,0.40,512,256,512,512,1024,1024,crops/微信图片_20260823222858_28_46__w0010__s0.40.jpg,Leaf_Gall,0.9233685731887817,Leaf_Gall|Leaf_Blight|Felt_Leaf,0.923369|0.076011|0.000443,0.274677574634552,true
微信图片_20260823222858_28_46,11,微信图片_20260823222858_28_46.jpg,微信图片_20260823222858_28_46.jpg,0.40,512,256,768,512,1280,1024,crops/微信图片_20260823222858_28_46__w0011__s0.40.jpg,Leaf_Blight,0.5767815113067627,Leaf_Blight|Leaf_Gall|Deficiency_Leaf,0.576782|0.417062|0.002329,0.7216419577598572,false
微信图片_20260823222858_28_46,12,微信图片_20260823222858_28_46.jpg,微信图片_20260823222858_28_46.jpg,0.40,512,256,0,768,512,1280,crops/微信图片_20260823222858_28_46__w0012__s0.40.jpg,Curl_Leaf,0.5855985879898071,Curl_Leaf|Leaf_Blight|Leaf_Gall,0.585599|0.270877|0.089174,1.0629886388778687,false
微信图片_20260823222858_28_46,13,微信图片_20260823222858_28_46.jpg,微信图片_20260823222858_28_46.jpg,0.40,512,256,256,768,768,1280,crops/微信图片_20260823222858_28_46__w0013__s0.40.jpg,Leaf_Gall,0.9508510828018188,Leaf_Gall|Leaf_Blight|Felt_Leaf,0.950851|0.048743|0.000291,0.19872677326202393,true
微信图片_20260823222858_28_46,14,微信图片_20260823222858_28_46.jpg,微信图片_20260823222858_28_46.jpg,0.40,512,256,512,768,1024,1280,crops/微信图片_20260823222858_28_46__w0014__s0.40.jpg,Leaf_Blight,0.6273971199989319,Leaf_Blight|Leaf_Gall|Felt_Leaf,0.627397|0.370638|0.001402,0.6745173931121826,false
微信图片_20260823222858_28_46,15,微信图片_20260823222858_28_46.jpg,微信图片_20260823222858_28_46.jpg,0.40,512,256,768,768,1280,1280,crops/微信图片_20260823222858_28_46__w0015__s0.40.jpg,Leaf_Blight,0.8837887048721313,Leaf_Blight|Leaf_Gall|Curl_Leaf,0.883789|0.107003|0.005093,0.4029097855091095,true
微信图片_20260823222858_28_46,16,微信图片_20260823222858_28_46.jpg,微信图片_20260823222858_28_46.jpg,0.40,512,256,0,1024,512,1536,crops/微信图片_20260823222858_28_46__w0016__s0.40.jpg,Curl_Leaf,0.6631024479866028,Curl_Leaf|Leaf_Blight|Leaf_Gall,0.663102|0.170498|0.120470,0.9902527928352356,false
微信图片_20260823222858_28_46,17,微信图片_20260823222858_28_46.jpg,微信图片_20260823222858_28_46.jpg,0.40,512,256,256,1024,768,1536,crops/微信图片_20260823222858_28_46__w0017__s0.40.jpg,Leaf_Blight,0.5746446251869202,Leaf_Blight|Leaf_Gall|Curl_Leaf,0.574645|0.368071|0.038425,0.9076753854751587,false
微信图片_20260823222858_28_46,18,微信图片_20260823222858_28_46.jpg,微信图片_20260823222858_28_46.jpg,0.40,512,256,512,1024,1024,1536,crops/微信图片_20260823222858_28_46__w0018__s0.40.jpg,Leaf_Blight,0.6301818490028381,Leaf_Blight|Leaf_Gall|Felt_Leaf,0.630182|0.355669|0.004962,0.7404496669769287,false
微信图片_20260823222858_28_46,19,微信图片_20260823222858_28_46.jpg,微信图片_20260823222858_28_46.jpg,0.40,512,256,768,1024,1280,1536,crops/微信图片_20260823222858_28_46__w0019__s0.40.jpg,Leaf_Gall,0.9510065317153931,Leaf_Gall|Leaf_Blight|Healthy_Leaf,0.951007|0.047838|0.000569,0.20249992609024048,true
微信图片_20260823222858_28_46,20,微信图片_20260823222858_28_46.jpg,微信图片_20260823222858_28_46.jpg,0.40,512,256,0,1280,512,1792,crops/微信图片_20260823222858_28_46__w0020__s0.40.jpg,Leaf_Gall,0.8935456871986389,Leaf_Gall|Leaf_Blight|Deficiency_Leaf,0.893546|0.100747|0.002974,0.36860787868499756,true
微信图片_20260823222858_28_46,21,微信图片_20260823222858_28_46.jpg,微信图片_20260823222858_28_46.jpg,0.40,512,256,256,1280,768,1792,crops/微信图片_20260823222858_28_46__w0021__s0.40.jpg,Leaf_Gall,0.8369203209877014,Leaf_Gall|Leaf_Blight|Healthy_Leaf,0.836920|0.137638|0.008512,0.5542332530021667,true
微信图片_20260823222858_28_46,22,微信图片_20260823222858_28_46.jpg,微信图片_20260823222858_28_46.jpg,0.40,512,256,512,1280,1024,1792,crops/微信图片_20260823222858_28_46__w0022__s0.40.jpg,Leaf_Gall,0.5116598010063171,Leaf_Gall|Leaf_Blight|Curl_Leaf,0.511660|0.413691|0.037817,1.0059826374053955,false
微信图片_20260823222858_28_46,23,微信图片_20260823222858_28_46.jpg,微信图片_20260823222858_28_46.jpg,0.40,512,256,768,1280,1280,1792,crops/微信图片_20260823222858_28_46__w0023__s0.40.jpg,Leaf_Gall,0.9377634525299072,Leaf_Gall|Leaf_Blight|Healthy_Leaf,0.937763|0.061643|0.000268,0.23727042973041534,true
微信图片_20260823222858_28_46,24,微信图片_20260823222858_28_46.jpg,微信图片_20260823222858_28_46.jpg,0.40,512,256,0,1536,512,2048,crops/微信图片_20260823222858_28_46__w0024__s0.40.jpg,Leaf_Blight,0.6994948387145996,Leaf_Blight|Leaf_Gall|Curl_Leaf,0.699495|0.251686|0.027500,0.7898900508880615,false
微信图片_20260823222858_28_46,25,微信图片_20260823222858_28_46.jpg,微信图片_20260823222858_28_46.jpg,0.40,512,256,256,1536,768,2048,crops/微信图片_20260823222858_28_46__w0025__s0.40.jpg,Leaf_Gall,0.6130011677742004,Leaf_Gall|Leaf_Blight|Deficiency_Leaf,0.613001|0.373402|0.008202,0.7415722012519836,false
微信图片_20260823222858_28_46,26,微信图片_20260823222858_28_46.jpg,微信图片_20260823222858_28_46.jpg,0.40,512,256,512,1536,1024,2048,crops/微信图片_20260823222858_28_46__w0026__s0.40.jpg,Leaf_Blight,0.45511120557785034,Leaf_Blight|Leaf_Gall|Curl_Leaf,0.455111|0.285915|0.180124,1.3204331398010254,false
微信图片_20260823222858_28_46,27,微信图片_20260823222858_28_46.jpg,微信图片_20260823222858_28_46.jpg,0.40,512,256,768,1536,1280,2048,crops/微信图片_20260823222858_28_46__w0027__s0.40.jpg,Leaf_Gall,0.6082863211631775,Leaf_Gall|Leaf_Blight|Curl_Leaf,0.608286|0.357162|0.016943,0.8291374444961548,false
微信图片_20260823222858_28_46,28,微信图片_20260823222858_28_46.jpg,微信图片_20260823222858_28_46.jpg,0.40,512,256,0,1763,512,2275,crops/微信图片_20260823222858_28_46__w0028__s0.40.jpg,Leaf_Gall,0.7713571190834045,Leaf_Gall|Leaf_Blight|Deficiency_Leaf,0.771357|0.170078|0.022106,0.7519948482513428,false
微信图片_20260823222858_28_46,29,微信图片_20260823222858_28_46.jpg,微信图片_20260823222858_28_46.jpg,0.40,512,256,256,1763,768,2275,crops/微信图片_20260823222858_28_46__w0029__s0.40.jpg,Deficiency_Leaf,0.7523082494735718,Deficiency_Leaf|Leaf_Blight|Leaf_Gall,0.752308|0.129711|0.078399,0.8257657289505005,false
微信图片_20260823222858_28_46,30,微信图片_20260823222858_28_46.jpg,微信图片_20260823222858_28_46.jpg,0.40,512,256,512,1763,1024,2275,crops/微信图片_20260823222858_28_46__w0030__s0.40.jpg,Leaf_Gall,0.8899987936019897,Leaf_Gall|Leaf_Blight|Deficiency_Leaf,0.889999|0.089278|0.011195,0.42321622371673584,true
微信图片_20260823222858_28_46,31,微信图片_20260823222858_28_46.jpg,微信图片_20260823222858_28_46.jpg,0.40,512,256,768,1763,1280,2275,crops/微信图片_20260823222858_28_46__w0031__s0.40.jpg,Leaf_Gall,0.7858037948608398,Leaf_Gall|Leaf_Blight|Felt_Leaf,0.785804|0.197761|0.007409,0.5984651446342468,false
微信图片_20260823222858_28_46,32,微信图片_20260823222858_28_46.jpg,微信图片_20260823222858_28_46.jpg,0.60,768,384,0,0,768,768,crops/微信图片_20260823222858_28_46__w0032__s0.60.jpg,Leaf_Gall,0.9941447377204895,Leaf_Gall|Leaf_Blight|Felt_Leaf,0.994145|0.005524|0.000285,0.037378933280706406,true
微信图片_20260823222858_28_46,33,微信图片_20260823222858_28_46.jpg,微信图片_20260823222858_28_46.jpg,0.60,768,384,384,0,1152,768,crops/微信图片_20260823222858_28_46__w0033__s0.60.jpg,Leaf_Gall,0.9338972568511963,Leaf_Gall|Leaf_Blight|Felt_Leaf,0.933897|0.063649|0.001618,0.25636211037635803,true
微信图片_20260823222858_28_46,34,微信图片_20260823222858_28_46.jpg,微信图片_20260823222858_28_46.jpg,0.60,768,384,512,0,1280,768,crops/微信图片_20260823222858_28_46__w0034__s0.60.jpg,Leaf_Gall,0.968705415725708,Leaf_Gall|Leaf_Blight|Felt_Leaf,0.968705|0.029735|0.000699,0.14740249514579773,true
微信图片_20260823222858_28_46,35,微信图片_20260823222858_28_46.jpg,微信图片_20260823222858_28_46.jpg,0.60,768,384,0,384,768,1152,crops/微信图片_20260823222858_28_46__w0035__s0.60.jpg,Leaf_Gall,0.9842356443405151,Leaf_Gall|Leaf_Blight|Felt_Leaf,0.984236|0.015486|0.000119,0.08283756673336029,true
微信图片_20260823222858_28_46,36,微信图片_20260823222858_28_46.jpg,微信图片_20260823222858_28_46.jpg,0.60,768,384,384,384,1152,1152,crops/微信图片_20260823222858_28_46__w0036__s0.60.jpg,Leaf_Gall,0.9871466159820557,Leaf_Gall|Leaf_Blight|Felt_Leaf,0.987147|0.012640|0.000096,0.07013043761253357,true
微信图片_20260823222858_28_46,37,微信图片_20260823222858_28_46.jpg,微信图片_20260823222858_28_46.jpg,0.60,768,384,512,384,1280,1152,crops/微信图片_20260823222858_28_46__w0037__s0.60.jpg,Leaf_Gall,0.9938066005706787,Leaf_Gall|Leaf_Blight|Felt_Leaf,0.993807|0.006040|0.000079,0.03857647627592087,true
微信图片_20260823222858_28_46,38,微信图片_20260823222858_28_46.jpg,微信图片_20260823222858_28_46.jpg,0.60,768,384,0,768,768,1536,crops/微信图片_20260823222858_28_46__w0038__s0.60.jpg,Leaf_Gall,0.9007726311683655,Leaf_Gall|Leaf_Blight|Felt_Leaf,0.900773|0.097756|0.000588,0.3332018256187439,true
微信图片_20260823222858_28_46,39,微信图片_20260823222858_28_46.jpg,微信图片_20260823222858_28_46.jpg,0.60,768,384,384,768,1152,1536,crops/微信图片_20260823222858_28_46__w0039__s0.60.jpg,Leaf_Gall,0.9672608971595764,Leaf_Gall|Leaf_Blight|Deficiency_Leaf,0.967261|0.032391|0.000226,0.14644472301006317,true
微信图片_20260823222858_28_46,40,微信图片_20260823222858_28_46.jpg,微信图片_20260823222858_28_46.jpg,0.60,768,384,512,768,1280,1536,crops/微信图片_20260823222858_28_46__w0040__s0.60.jpg,Leaf_Gall,0.9922217726707458,Leaf_Gall|Leaf_Blight|Deficiency_Leaf,0.992222|0.007653|0.000060,0.04630955308675766,true
微信图片_20260823222858_28_46,41,微信图片_20260823222858_28_46.jpg,微信图片_20260823222858_28_46.jpg,0.60,768,384,0,1152,768,1920,crops/微信图片_20260823222858_28_46__w0041__s0.60.jpg,Leaf_Gall,0.5104872584342957,Leaf_Gall|Leaf_Blight|Curl_Leaf,0.510487|0.475373|0.006910,0.7737479209899902,false
微信图片_20260823222858_28_46,42,微信图片_20260823222858_28_46.jpg,微信图片_20260823222858_28_46.jpg,0.60,768,384,384,1152,1152,1920,crops/微信图片_20260823222858_28_46__w0042__s0.60.jpg,Leaf_Blight,0.8918731212615967,Leaf_Blight|Leaf_Gall|Curl_Leaf,0.891873|0.095718|0.010465,0.389127254486084,true
微信图片_20260823222858_28_46,43,微信图片_20260823222858_28_46.jpg,微信图片_20260823222858_28_46.jpg,0.60,768,384,512,1152,1280,1920,crops/微信图片_20260823222858_28_46__w0043__s0.60.jpg,Leaf_Gall,0.7642633318901062,Leaf_Gall|Leaf_Blight|Deficiency_Leaf,0.764263|0.234834|0.000279,0.5534181594848633,false
微信图片_20260823222858_28_46,44,微信图片_20260823222858_28_46.jpg,微信图片_20260823222858_28_46.jpg,0.60,768,384,0,1507,768,2275,crops/微信图片_20260823222858_28_46__w0044__s0.60.jpg,Leaf_Blight,0.7034008502960205,Leaf_Blight|Curl_Leaf|Leaf_Gall,0.703401|0.173165|0.059440,0.9397255182266235,false
微信图片_20260823222858_28_46,45,微信图片_20260823222858_28_46.jpg,微信图片_20260823222858_28_46.jpg,0.60,768,384,384,1507,1152,2275,crops/微信图片_20260823222858_28_46__w0045__s0.60.jpg,Leaf_Blight,0.5639362931251526,Leaf_Blight|Leaf_Gall|Curl_Leaf,0.563936|0.329593|0.062244,1.0374267101287842,false
微信图片_20260823222858_28_46,46,微信图片_20260823222858_28_46.jpg,微信图片_20260823222858_28_46.jpg,0.60,768,384,512,1507,1280,2275,crops/微信图片_20260823222858_28_46__w0046__s0.60.jpg,Leaf_Gall,0.6611639261245728,Leaf_Gall|Leaf_Blight|Curl_Leaf,0.661164|0.320997|0.009815,0.7300034761428833,false
微信图片_20260823222859_29_46,0,微信图片_20260823222859_29_46.jpg,微信图片_20260823222859_29_46.jpg,0.40,384,192,0,0,384,384,crops/微信图片_20260823222859_29_46__w0000__s0.40.jpg,Leaf_Gall,0.9746203422546387,Leaf_Gall|Felt_Leaf|Leaf_Blight,0.974620|0.020997|0.002881,0.13398639857769012,true
微信图片_20260823222859_29_46,1,微信图片_20260823222859_29_46.jpg,微信图片_20260823222859_29_46.jpg,0.40,384,192,192,0,576,384,crops/微信图片_20260823222859_29_46__w0001__s0.40.jpg,Leaf_Gall,0.9938283562660217,Leaf_Gall|Felt_Leaf|Leaf_Blight,0.993828|0.003574|0.002242,0.043179504573345184,true
微信图片_20260823222859_29_46,2,微信图片_20260823222859_29_46.jpg,微信图片_20260823222859_29_46.jpg,0.40,384,192,384,0,768,384,crops/微信图片_20260823222859_29_46__w0002__s0.40.jpg,Felt_Leaf,0.4290701448917389,Felt_Leaf|Leaf_Gall|Leaf_Blight,0.429070|0.400051|0.074847,1.2432342767715454,false
微信图片_20260823222859_29_46,3,微信图片_20260823222859_29_46.jpg,微信图片_20260823222859_29_46.jpg,0.40,384,192,576,0,960,384,crops/微信图片_20260823222859_29_46__w0003__s0.40.jpg,Leaf_Gall,0.6349043250083923,Leaf_Gall|Felt_Leaf|Fungal_Leaf_Spot,0.634904|0.350990|0.008581,0.729681670665741,false
微信图片_20260823222859_29_46,4,微信图片_20260823222859_29_46.jpg,微信图片_20260823222859_29_46.jpg,0.40,384,192,0,192,384,576,crops/微信图片_20260823222859_29_46__w0004__s0.40.jpg,Leaf_Gall,0.5938782691955566,Leaf_Gall|Felt_Leaf|Fungal_Leaf_Spot,0.593878|0.238524|0.123315,1.0908464193344116,false
微信图片_20260823222859_29_46,5,微信图片_20260823222859_29_46.jpg,微信图片_20260823222859_29_46.jpg,0.40,384,192,192,192,576,576,crops/微信图片_20260823222859_29_46__w0005__s0.40.jpg,Leaf_Gall,0.5769730806350708,Leaf_Gall|Felt_Leaf|Fungal_Leaf_Spot,0.576973|0.290987|0.088289,1.0873552560806274,false
微信图片_20260823222859_29_46,6,微信图片_20260823222859_29_46.jpg,微信图片_20260823222859_29_46.jpg,0.40,384,192,384,192,768,576,crops/微信图片_20260823222859_29_46__w0006__s0.40.jpg,Felt_Leaf,0.6068755984306335,Felt_Leaf|Leaf_Gall|Fungal_Leaf_Spot,0.606876|0.375082|0.011053,0.7596989870071411,false
微信图片_20260823222859_29_46,7,微信图片_20260823222859_29_46.jpg,微信图片_20260823222859_29_46.jpg,0.40,384,192,576,192,960,576,crops/微信图片_20260823222859_29_46__w0007__s0.40.jpg,Felt_Leaf,0.6863481998443604,Felt_Leaf|Leaf_Gall|Leaf_Blight,0.686348|0.310543|0.002370,0.6417270302772522,false
微信图片_20260823222859_29_46,8,微信图片_20260823222859_29_46.jpg,微信图片_20260823222859_29_46.jpg,0.40,384,192,0,384,384,768,crops/微信图片_20260823222859_29_46__w0008__s0.40.jpg,Leaf_Gall,0.8740249872207642,Leaf_Gall|Felt_Leaf|Fungal_Leaf_Spot,0.874025|0.066260|0.029634,0.5321533679962158,true
微信图片_20260823222859_29_46,9,微信图片_20260823222859_29_46.jpg,微信图片_20260823222859_29_46.jpg,0.40,384,192,192,384,576,768,crops/微信图片_20260823222859_29_46__w0009__s0.40.jpg,Leaf_Gall,0.9221343994140625,Leaf_Gall|Felt_Leaf|Leaf_Blight,0.922134|0.065140|0.009993,0.3173096179962158,true
微信图片_20260823222859_29_46,10,微信图片_20260823222859_29_46.jpg,微信图片_20260823222859_29_46.jpg,0.40,384,192,384,384,768,768,crops/微信图片_20260823222859_29_46__w0010__s0.40.jpg,Leaf_Gall,0.903491735458374,Leaf_Gall|Felt_Leaf|Leaf_Blight,0.903492|0.089995|0.004596,0.346293181180954,true
微信图片_20260823222859_29_46,11,微信图片_20260823222859_29_46.jpg,微信图片_20260823222859_29_46.jpg,0.40,384,192,576,384,960,768,crops/微信图片_20260823222859_29_46__w0011__s0.40.jpg,Leaf_Gall,0.7940494418144226,Leaf_Gall|Felt_Leaf|Leaf_Blight,0.794049|0.199347|0.004574,0.543128252029419,false
微信图片_20260823222859_29_46,12,微信图片_20260823222859_29_46.jpg,微信图片_20260823222859_29_46.jpg,0.40,384,192,0,576,384,960,crops/微信图片_20260823222859_29_46__w0012__s0.40.jpg,Leaf_Gall,0.9960474371910095,Leaf_Gall|Leaf_Blight|Felt_Leaf,0.996047|0.003173|0.000709,0.028080498799681664,true
微信图片_20260823222859_29_46,13,微信图片_20260823222859_29_46.jpg,微信图片_20260823222859_29_46.jpg,0.40,384,192,192,576,576,960,crops/微信图片_20260823222859_29_46__w0013__s0.40.jpg,Leaf_Gall,0.9869695901870728,Leaf_Gall|Leaf_Blight|Felt_Leaf,0.986970|0.012741|0.000232,0.07108176499605179,true
微信图片_20260823222859_29_46,14,微信图片_20260823222859_29_46.jpg,微信图片_20260823222859_29_46.jpg,0.40,384,192,384,576,768,960,crops/微信图片_20260823222859_29_46__w0014__s0.40.jpg,Leaf_Gall,0.9310254454612732,Leaf_Gall|Leaf_Blight|Felt_Leaf,0.931025|0.068550|0.000374,0.253781259059906,true
微信图片_20260823222859_29_46,15,微信图片_20260823222859_29_46.jpg,微信图片_20260823222859_29_46.jpg,0.40,384,192,576,576,960,960,crops/微信图片_20260823222859_29_46__w0015__s0.40.jpg,Leaf_Gall,0.9878566265106201,Leaf_Gall|Felt_Leaf|Leaf_Blight,0.987857|0.008558|0.002512,0.07630835473537445,true
微信图片_20260823222859_29_46,16,微信图片_20260823222859_29_46.jpg,微信图片_20260823222859_29_46.jpg,0.40,384,192,0,768,384,1152,crops/微信图片_20260823222859_29_46__w0016__s0.40.jpg,Leaf_Gall,0.9450231790542603,Leaf_Gall|Leaf_Blight|Felt_Leaf,0.945023|0.034199|0.016458,0.26395630836486816,true
微信图片_20260823222859_29_46,17,微信图片_20260823222859_29_46.jpg,微信图片_20260823222859_29_46.jpg,0.40,384,192,192,768,576,1152,crops/微信图片_20260823222859_29_46__w0017__s0.40.jpg,Leaf_Gall,0.529511570930481,Leaf_Gall|Leaf_Blight|Fungal_Leaf_Spot,0.529512|0.449068|0.011968,0.7980983257293701,false
微信图片_20260823222859_29_46,18,微信图片_20260823222859_29_46.jpg,微信图片_20260823222859_29_46.jpg,0.40,384,192,384,768,768,1152,crops/微信图片_20260823222859_29_46__w0018__s0.40.jpg,Leaf_Blight,0.5795493721961975,Leaf_Blight|Leaf_Gall|Felt_Leaf,0.579549|0.413473|0.004794,0.7235060334205627,false
微信图片_20260823222859_29_46,19,微信图片_20260823222859_29_46.jpg,微信图片_20260823222859_29_46.jpg,0.40,384,192,576,768,960,1152,crops/微信图片_20260823222859_29_46__w0019__s0.40.jpg,Leaf_Gall,0.9454402923583984,Leaf_Gall|Felt_Leaf|Leaf_Blight,0.945440|0.045883|0.005007,0.2447218894958496,true
微信图片_20260823222859_29_46,20,微信图片_20260823222859_29_46.jpg,微信图片_20260823222859_29_46.jpg,0.40,384,192,0,960,384,1344,crops/微信图片_20260823222859_29_46__w0020__s0.40.jpg,Felt_Leaf,0.6510858535766602,Felt_Leaf|Fungal_Leaf_Spot|Leaf_Gall,0.651086|0.188642|0.079357,1.0786528587341309,false
微信图片_20260823222859_29_46,21,微信图片_20260823222859_29_46.jpg,微信图片_20260823222859_29_46.jpg,0.40,384,192,192,960,576,1344,crops/微信图片_20260823222859_29_46__w0021__s0.40.jpg,Felt_Leaf,0.4951367676258087,Felt_Leaf|Leaf_Gall|Leaf_Blight,0.495137|0.239409|0.154697,1.3141717910766602,false
微信图片_20260823222859_29_46,22,微信图片_20260823222859_29_46.jpg,微信图片_20260823222859_29_46.jpg,0.40,384,192,384,960,768,1344,crops/微信图片_20260823222859_29_46__w0022__s0.40.jpg,Felt_Leaf,0.4013567566871643,Felt_Leaf|Leaf_Gall|Leaf_Blight,0.401357|0.287527|0.222474,1.348604679107666,false
微信图片_20260823222859_29_46,23,微信图片_20260823222859_29_46.jpg,微信图片_20260823222859_29_46.jpg,0.40,384,192,576,960,960,1344,crops/微信图片_20260823222859_29_46__w0023__s0.40.jpg,Leaf_Gall,0.8153071999549866,Leaf_Gall|Felt_Leaf|Leaf_Blight,0.815307|0.153473|0.020114,0.5931096076965332,true
微信图片_20260823222859_29_46,24,微信图片_20260823222859_29_46.jpg,微信图片_20260823222859_29_46.jpg,0.40,384,192,0,1152,384,1536,crops/微信图片_20260823222859_29_46__w0024__s0.40.jpg,Leaf_Gall,0.5547463297843933,Leaf_Gall|Leaf_Blight|Felt_Leaf,0.554746|0.302530|0.093706,1.1252821683883667,false
微信图片_20260823222859_29_46,25,微信图片_20260823222859_29_46.jpg,微信图片_20260823222859_29_46.jpg,0.40,384,192,192,1152,576,1536,crops/微信图片_20260823222859_29_46__w0025__s0.40.jpg,Leaf_Blight,0.8921117782592773,Leaf_Blight|Leaf_Gall|Felt_Leaf,0.892112|0.070650|0.021956,0.45054513216018677,true
微信图片_20260823222859_29_46,26,微信图片_20260823222859_29_46.jpg,微信图片_20260823222859_29_46.jpg,0.40,384,192,384,1152,768,1536,crops/微信图片_20260823222859_29_46__w0026__s0.40.jpg,Leaf_Blight,0.9668323993682861,Leaf_Blight|Leaf_Gall|Curl_Leaf,0.966832|0.028600|0.001736,0.16523109376430511,true
微信图片_20260823222859_29_46,27,微信图片_20260823222859_29_46.jpg,微信图片_20260823222859_29_46.jpg,0.40,384,192,576,1152,960,1536,crops/微信图片_20260823222859_29_46__w0027__s0.40.jpg,Leaf_Gall,0.8918349146842957,Leaf_Gall|Leaf_Blight|Felt_Leaf,0.891835|0.091625|0.010503,0.40675538778305054,true
微信图片_20260823222859_29_46,28,微信图片_20260823222859_29_46.jpg,微信图片_20260823222859_29_46.jpg,0.40,384,192,0,1322,384,1706,crops/微信图片_20260823222859_29_46__w0028__s0.40.jpg,Leaf_Gall,0.9533710479736328,Leaf_Gall|Leaf_Blight|Felt_Leaf,0.953371|0.044452|0.001503,0.1991056501865387,true
微信图片_20260823222859_29_46,29,微信图片_20260823222859_29_46.jpg,微信图片_20260823222859_29_46.jpg,0.40,384,192,192,1322,576,1706,crops/微信图片_20260823222859_29_46__w0029__s0.40.jpg,Leaf_Blight,0.583188533782959,Leaf_Blight|Leaf_Gall|Deficiency_Leaf,0.583189|0.416075|0.000286,0.6856639385223389,false
微信图片_20260823222859_29_46,30,微信图片_20260823222859_29_46.jpg,微信图片_20260823222859_29_46.jpg,0.40,384,192,384,1322,768,1706,crops/微信图片_20260823222859_29_46__w0030__s0.40.jpg,Leaf_Blight,0.8605600595474243,Leaf_Blight|Leaf_Gall|Deficiency_Leaf,0.860560|0.139279|0.000064,0.4054129123687744,true
微信图片_20260823222859_29_46,31,微信图片_20260823222859_29_46.jpg,微信图片_20260823222859_29_46.jpg,0.40,384,192,576,1322,960,1706,crops/微信图片_20260823222859_29_46__w0031__s0.40.jpg,Leaf_Blight,0.9760071635246277,Leaf_Blight|Leaf_Gall|Felt_Leaf,0.976007|0.023651|0.000179,0.11542695015668869,true
微信图片_20260823222859_29_46,32,微信图片_20260823222859_29_46.jpg,微信图片_20260823222859_29_46.jpg,0.60,576,288,0,0,576,576,crops/微信图片_20260823222859_29_46__w0032__s0.60.jpg,Leaf_Gall,0.9580458402633667,Leaf_Gall|Felt_Leaf|Fungal_Leaf_Spot,0.958046|0.016443|0.011651,0.23104217648506165,true
微信图片_20260823222859_29_46,33,微信图片_20260823222859_29_46.jpg,微信图片_20260823222859_29_46.jpg,0.60,576,288,288,0,864,576,crops/微信图片_20260823222859_29_46__w0033__s0.60.jpg,Leaf_Gall,0.9500035047531128,Leaf_Gall|Felt_Leaf|Leaf_Blight,0.950004|0.034215|0.011856,0.24193505942821503,true
微信图片_20260823222859_29_46,34,微信图片_20260823222859_29_46.jpg,微信图片_20260823222859_29_46.jpg,0.60,576,288,384,0,960,576,crops/微信图片_20260823222859_29_46__w0034__s0.60.jpg,Leaf_Gall,0.9281283617019653,Leaf_Gall|Felt_Leaf|Leaf_Blight,0.928128|0.052175|0.015399,0.31515565514564514,true
微信图片_20260823222859_29_46,35,微信图片_20260823222859_29_46.jpg,微信图片_20260823222859_29_46.jpg,0.60,576,288,0,288,576,864,crops/微信图片_20260823222859_29_46__w0035__s0.60.jpg,Leaf_Gall,0.9970930814743042,Leaf_Gall|Leaf_Blight|Felt_Leaf,0.997093|0.001823|0.000833,0.022696685045957565,true
微信图片_20260823222859_29_46,36,微信图片_20260823222859_29_46.jpg,微信图片_20260823222859_29_46.jpg,0.60,576,288,288,288,864,864,crops/微信图片_20260823222859_29_46__w0036__s0.60.jpg,Leaf_Gall,0.9983009696006775,Leaf_Gall|Felt_Leaf|Leaf_Blight,0.998301|0.000941|0.000642,0.01415807381272316,true
微信图片_20260823222859_29_46,37,微信图片_20260823222859_29_46.jpg,微信图片_20260823222859_29_46.jpg,0.60,576,288,384,288,960,864,crops/微信图片_20260823222859_29_46__w0037__s0.60.jpg,Leaf_Gall,0.9947671890258789,Leaf_Gall|Felt_Leaf|Leaf_Blight,0.994767|0.002931|0.002128,0.037134233862161636,true
微信图片_20260823222859_29_46,38,微信图片_20260823222859_29_46.jpg,微信图片_20260823222859_29_46.jpg,0.60,576,288,0,576,576,1152,crops/微信图片_20260823222859_29_46__w0038__s0.60.jpg,Leaf_Gall,0.8829012513160706,Leaf_Gall|Leaf_Blight|Felt_Leaf,0.882901|0.105779|0.008880,0.4075120687484741,true
微信图片_20260823222859_29_46,39,微信图片_20260823222859_29_46.jpg,微信图片_20260823222859_29_46.jpg,0.60,576,288,288,576,864,1152,crops/微信图片_20260823222859_29_46__w0039__s0.60.jpg,Leaf_Gall,0.99151211977005,Leaf_Gall|Felt_Leaf|Leaf_Blight,0.991512|0.004623|0.003412,0.05673689767718315,true
微信图片_20260823222859_29_46,40,微信图片_20260823222859_29_46.jpg,微信图片_20260823222859_29_46.jpg,0.60,576,288,384,576,960,1152,crops/微信图片_20260823222859_29_46__w0040__s0.60.jpg,Leaf_Gall,0.9838576912879944,Leaf_Gall|Leaf_Blight|Felt_Leaf,0.983858|0.009552|0.005538,0.09770739823579788,true
微信图片_20260823222859_29_46,41,微信图片_20260823222859_29_46.jpg,微信图片_20260823222859_29_46.jpg,0.60,576,288,0,864,576,1440,crops/微信图片_20260823222859_29_46__w0041__s0.60.jpg,Leaf_Blight,0.9553079605102539,Leaf_Blight|Leaf_Gall|Fungal_Leaf_Spot,0.955308|0.016610|0.015715,0.24519243836402893,true
微信图片_20260823222859_29_46,42,微信图片_20260823222859_29_46.jpg,微信图片_20260823222859_29_46.jpg,0.60,576,288,288,864,864,1440,crops/微信图片_20260823222859_29_46__w0042__s0.60.jpg,Leaf_Blight,0.6395294666290283,Leaf_Blight|Leaf_Gall|Felt_Leaf,0.639529|0.298544|0.035777,0.8916685581207275,false
微信图片_20260823222859_29_46,43,微信图片_20260823222859_29_46.jpg,微信图片_20260823222859_29_46.jpg,0.60,576,288,384,864,960,1440,crops/微信图片_20260823222859_29_46__w0043__s0.60.jpg,Leaf_Gall,0.487234890460968,Leaf_Gall|Leaf_Blight|Felt_Leaf,0.487235|0.451795|0.040750,0.9436498880386353,false
微信图片_20260823222859_29_46,44,微信图片_20260823222859_29_46.jpg,微信图片_20260823222859_29_46.jpg,0.60,576,288,0,1130,576,1706,crops/微信图片_20260823222859_29_46__w0044__s0.60.jpg,Leaf_Blight,0.8713188171386719,Leaf_Blight|Leaf_Gall|Curl_Leaf,0.871319|0.115578|0.005644,0.4435111880302429,true
微信图片_20260823222859_29_46,45,微信图片_20260823222859_29_46.jpg,微信图片_20260823222859_29_46.jpg,0.60,576,288,288,1130,864,1706,crops/微信图片_20260823222859_29_46__w0045__s0.60.jpg,Leaf_Blight,0.9114883542060852,Leaf_Blight|Leaf_Gall|Felt_Leaf,0.911488|0.087936|0.000260,0.30330076813697815,true
微信图片_20260823222859_29_46,46,微信图片_20260823222859_29_46.jpg,微信图片_20260823222859_29_46.jpg,0.60,576,288,384,1130,960,1706,crops/微信图片_20260823222859_29_46__w0046__s0.60.jpg,Leaf_Blight,0.752709150314331,Leaf_Blight|Leaf_Gall|Felt_Leaf,0.752709|0.246732|0.000314,0.5640333890914917,false
微信图片_20260823222900_30_46,0,微信图片_20260823222900_30_46.jpg,微信图片_20260823222900_30_46.jpg,0.40,512,256,0,0,512,512,crops/微信图片_20260823222900_30_46__w0000__s0.40.jpg,Leaf_Gall,0.5833528637886047,Leaf_Gall|Felt_Leaf|Deficiency_Leaf,0.583353|0.130309|0.102786,1.3663945198059082,false
微信图片_20260823222900_30_46,1,微信图片_20260823222900_30_46.jpg,微信图片_20260823222900_30_46.jpg,0.40,512,256,256,0,768,512,crops/微信图片_20260823222900_30_46__w0001__s0.40.jpg,Leaf_Gall,0.8627774119377136,Leaf_Gall|Leaf_Blight|Felt_Leaf,0.862777|0.079421|0.036728,0.560894250869751,true
微信图片_20260823222900_30_46,2,微信图片_20260823222900_30_46.jpg,微信图片_20260823222900_30_46.jpg,0.40,512,256,512,0,1024,512,crops/微信图片_20260823222900_30_46__w0002__s0.40.jpg,Leaf_Gall,0.7632476687431335,Leaf_Gall|Felt_Leaf|Leaf_Blight,0.763248|0.139755|0.044442,0.8366483449935913,false
微信图片_20260823222900_30_46,3,微信图片_20260823222900_30_46.jpg,微信图片_20260823222900_30_46.jpg,0.40,512,256,768,0,1280,512,crops/微信图片_20260823222900_30_46__w0003__s0.40.jpg,Leaf_Gall,0.8936321139335632,Leaf_Gall|Leaf_Blight|Deficiency_Leaf,0.893632|0.075193|0.011487,0.4508071541786194,true
微信图片_20260823222900_30_46,4,微信图片_20260823222900_30_46.jpg,微信图片_20260823222900_30_46.jpg,0.40,512,256,0,256,512,768,crops/微信图片_20260823222900_30_46__w0004__s0.40.jpg,Leaf_Gall,0.8884941339492798,Leaf_Gall|Leaf_Blight|Felt_Leaf,0.888494|0.039331|0.033762,0.5232983231544495,true
微信图片_20260823222900_30_46,5,微信图片_20260823222900_30_46.jpg,微信图片_20260823222900_30_46.jpg,0.40,512,256,256,256,768,768,crops/微信图片_20260823222900_30_46__w0005__s0.40.jpg,Leaf_Gall,0.9987524747848511,Leaf_Gall|Leaf_Blight|Felt_Leaf,0.998752|0.000703|0.000327,0.011076829396188259,true
微信图片_20260823222900_30_46,6,微信图片_20260823222900_30_46.jpg,微信图片_20260823222900_30_46.jpg,0.40,512,256,512,256,1024,768,crops/微信图片_20260823222900_30_46__w0006__s0.40.jpg,Leaf_Gall,0.9513649344444275,Leaf_Gall|Felt_Leaf|Leaf_Blight,0.951365|0.025004|0.012512,0.2547055780887604,true
微信图片_20260823222900_30_46,7,微信图片_20260823222900_30_46.jpg,微信图片_20260823222900_30_46.jpg,0.40,512,256,768,256,1280,768,crops/微信图片_20260823222900_30_46__w0007__s0.40.jpg,Leaf_Gall,0.46818870306015015,Leaf_Gall|Leaf_Blight|Curl_Leaf,0.468189|0.308693|0.163410,1.2316585779190063,false
微信图片_20260823222900_30_46,8,微信图片_20260823222900_30_46.jpg,微信图片_20260823222900_30_46.jpg,0.40,512,256,0,512,512,1024,crops/微信图片_20260823222900_30_46__w0008__s0.40.jpg,Leaf_Gall,0.9628640413284302,Leaf_Gall|Deficiency_Leaf|Felt_Leaf,0.962864|0.010829|0.009976,0.22084808349609375,true
微信图片_20260823222900_30_46,9,微信图片_20260823222900_30_46.jpg,微信图片_20260823222900_30_46.jpg,0.40,512,256,256,512,768,1024,crops/微信图片_20260823222900_30_46__w0009__s0.40.jpg,Leaf_Gall,0.9960273504257202,Leaf_Gall|Leaf_Blight|Felt_Leaf,0.996027|0.003323|0.000244,0.028592552989721298,true
微信图片_20260823222900_30_46,10,微信图片_20260823222900_30_46.jpg,微信图片_20260823222900_30_46.jpg,0.40,512,256,512,512,1024,1024,crops/微信图片_20260823222900_30_46__w0010__s0.40.jpg,Leaf_Gall,0.9921476244926453,Leaf_Gall|Leaf_Blight|Deficiency_Leaf,0.992148|0.007170|0.000325,0.04902520403265953,true
微信图片_20260823222900_30_46,11,微信图片_20260823222900_30_46.jpg,微信图片_20260823222900_30_46.jpg,0.40,512,256,768,512,1280,1024,crops/微信图片_20260823222900_30_46__w0011__s0.40.jpg,Leaf_Blight,0.7426283955574036,Leaf_Blight|Leaf_Gall|Curl_Leaf,0.742628|0.233415|0.019950,0.6654024124145508,false
微信图片_20260823222900_30_46,12,微信图片_20260823222900_30_46.jpg,微信图片_20260823222900_30_46.jpg,0.40,512,256,0,768,512,1280,crops/微信图片_20260823222900_30_46__w0012__s0.40.jpg,Leaf_Gall,0.9018760323524475,Leaf_Gall|Deficiency_Leaf|Bituminous_Leaf,0.901876|0.040116|0.025560,0.47177669405937195,true
微信图片_20260823222900_30_46,13,微信图片_20260823222900_30_46.jpg,微信图片_20260823222900_30_46.jpg,0.40,512,256,256,768,768,1280,crops/微信图片_20260823222900_30_46__w0013__s0.40.jpg,Leaf_Gall,0.8895016312599182,Leaf_Gall|Leaf_Blight|Felt_Leaf,0.889502|0.106892|0.001491,0.36887577176094055,true
微信图片_20260823222900_30_46,14,微信图片_20260823222900_30_46.jpg,微信图片_20260823222900_30_46.jpg,0.40,512,256,512,768,1024,1280,crops/微信图片_20260823222900_30_46__w0014__s0.40.jpg,Leaf_Gall,0.5752525925636292,Leaf_Gall|Leaf_Blight|Healthy_Leaf,0.575253|0.412448|0.004269,0.7565380334854126,false
微信图片_20260823222900_30_46,15,微信图片_20260823222900_30_46.jpg,微信图片_20260823222900_30_46.jpg,0.40,512,256,768,768,1280,1280,crops/微信图片_20260823222900_30_46__w0015__s0.40.jpg,Leaf_Gall,0.549396276473999,Leaf_Gall|Leaf_Blight|Healthy_Leaf,0.549396|0.445680|0.002118,0.722283124923706,false
微信图片_20260823222900_30_46,16,微信图片_20260823222900_30_46.jpg,微信图片_20260823222900_30_46.jpg,0.40,512,256,0,1024,512,1536,crops/微信图片_20260823222900_30_46__w0016__s0.40.jpg,Leaf_Gall,0.9378598928451538,Leaf_Gall|Deficiency_Leaf|Bituminous_Leaf,0.937860|0.021857|0.020116,0.3267325758934021,true
微信图片_20260823222900_30_46,17,微信图片_20260823222900_30_46.jpg,微信图片_20260823222900_30_46.jpg,0.40,512,256,256,1024,768,1536,crops/微信图片_20260823222900_30_46__w0017__s0.40.jpg,Leaf_Gall,0.9518613815307617,Leaf_Gall|Leaf_Blight|Deficiency_Leaf,0.951861|0.044559|0.001519,0.21060028672218323,true
微信图片_20260823222900_30_46,18,微信图片_20260823222900_30_46.jpg,微信图片_20260823222900_30_46.jpg,0.40,512,256,512,1024,1024,1536,crops/微信图片_20260823222900_30_46__w0018__s0.40.jpg,Leaf_Gall,0.6635565757751465,Leaf_Gall|Leaf_Blight|Deficiency_Leaf,0.663557|0.289798|0.018386,0.8503017425537109,false
微信图片_20260823222900_30_46,19,微信图片_20260823222900_30_46.jpg,微信图片_20260823222900_30_46.jpg,0.40,512,256,768,1024,1280,1536,crops/微信图片_20260823222900_30_46__w0019__s0.40.jpg,Leaf_Gall,0.820019006729126,Leaf_Gall|Leaf_Blight|Deficiency_Leaf,0.820019|0.161035|0.007695,0.5605344772338867,true
微信图片_20260823222900_30_46,20,微信图片_20260823222900_30_46.jpg,微信图片_20260823222900_30_46.jpg,0.40,512,256,0,1280,512,1792,crops/微信图片_20260823222900_30_46__w0020__s0.40.jpg,Leaf_Gall,0.6660842895507812,Leaf_Gall|Bituminous_Leaf|Deficiency_Leaf,0.666084|0.261717|0.042179,0.9054811000823975,false
微信图片_20260823222900_30_46,21,微信图片_20260823222900_30_46.jpg,微信图片_20260823222900_30_46.jpg,0.40,512,256,256,1280,768,1792,crops/微信图片_20260823222900_30_46__w0021__s0.40.jpg,Leaf_Gall,0.880734920501709,Leaf_Gall|Bituminous_Leaf|Deficiency_Leaf,0.880735|0.037339|0.029056,0.56284499168396,true
微信图片_20260823222900_30_46,22,微信图片_20260823222900_30_46.jpg,微信图片_20260823222900_30_46.jpg,0.40,512,256,512,1280,1024,1792,crops/微信图片_20260823222900_30_46__w0022__s0.40.jpg,Leaf_Gall,0.7450263500213623,Leaf_Gall|Leaf_Blight|Fungal_Leaf_Spot,0.745026|0.148152|0.050501,0.9022809267044067,false
微信图片_20260823222900_30_46,23,微信图片_20260823222900_30_46.jpg,微信图片_20260823222900_30_46.jpg,0.40,512,256,768,1280,1280,1792,crops/微信图片_20260823222900_30_46__w0023__s0.40.jpg,Leaf_Gall,0.7980403304100037,Leaf_Gall|Leaf_Blight|Deficiency_Leaf,0.798040|0.149324|0.022053,0.6951894760131836,false
微信图片_20260823222900_30_46,24,微信图片_20260823222900_30_46.jpg,微信图片_20260823222900_30_46.jpg,0.40,512,256,0,1536,512,2048,crops/微信图片_20260823222900_30_46__w0024__s0.40.jpg,Leaf_Gall,0.5419371724128723,Leaf_Gall|Leaf_Blight|Bituminous_Leaf,0.541937|0.190730|0.114899,1.3955167531967163,false
微信图片_20260823222900_30_46,25,微信图片_20260823222900_30_46.jpg,微信图片_20260823222900_30_46.jpg,0.40,512,256,256,1536,768,2048,crops/微信图片_20260823222900_30_46__w0025__s0.40.jpg,Bituminous_Leaf,0.45882371068000793,Bituminous_Leaf|Leaf_Gall|Fungal_Leaf_Spot,0.458824|0.431334|0.049818,1.1225464344024658,false
微信图片_20260823222900_30_46,26,微信图片_20260823222900_30_46.jpg,微信图片_20260823222900_30_46.jpg,0.40,512,256,512,1536,1024,2048,crops/微信图片_20260823222900_30_46__w0026__s0.40.jpg,Leaf_Gall,0.6610423922538757,Leaf_Gall|Bituminous_Leaf|Fungal_Leaf_Spot,0.661042|0.235757|0.085306,0.9207475185394287,false
微信图片_20260823222900_30_46,27,微信图片_20260823222900_30_46.jpg,微信图片_20260823222900_30_46.jpg,0.40,512,256,768,1536,1280,2048,crops/微信图片_20260823222900_30_46__w0027__s0.40.jpg,Leaf_Gall,0.9570955038070679,Leaf_Gall|Leaf_Blight|Fungal_Leaf_Spot,0.957096|0.015848|0.007204,0.2539709210395813,true
微信图片_20260823222900_30_46,28,微信图片_20260823222900_30_46.jpg,微信图片_20260823222900_30_46.jpg,0.40,512,256,0,1763,512,2275,crops/微信图片_20260823222900_30_46__w0028__s0.40.jpg,Leaf_Gall,0.8718825578689575,Leaf_Gall|Leaf_Blight|Bituminous_Leaf,0.871883|0.067032|0.020222,0.5674320459365845,true
微信图片_20260823222900_30_46,29,微信图片_20260823222900_30_46.jpg,微信图片_20260823222900_30_46.jpg,0.40,512,256,256,1763,768,2275,crops/微信图片_20260823222900_30_46__w0029__s0.40.jpg,Leaf_Gall,0.8795824646949768,Leaf_Gall|Bituminous_Leaf|Deficiency_Leaf,0.879582|0.103604|0.005957,0.4439963698387146,true
微信图片_20260823222900_30_46,30,微信图片_20260823222900_30_46.jpg,微信图片_20260823222900_30_46.jpg,0.40,512,256,512,1763,1024,2275,crops/微信图片_20260823222900_30_46__w0030__s0.40.jpg,Leaf_Gall,0.981787919998169,Leaf_Gall|Leaf_Blight|Felt_Leaf,0.981788|0.007285|0.002629,0.12308403849601746,true
微信图片_20260823222900_30_46,31,微信图片_20260823222900_30_46.jpg,微信图片_20260823222900_30_46.jpg,0.40,512,256,768,1763,1280,2275,crops/微信图片_20260823222900_30_46__w0031__s0.40.jpg,Leaf_Gall,0.7398731708526611,Leaf_Gall|Leaf_Blight|Healthy_Leaf,0.739873|0.203189|0.013286,0.8136206865310669,false
微信图片_20260823222900_30_46,32,微信图片_20260823222900_30_46.jpg,微信图片_20260823222900_30_46.jpg,0.60,768,384,0,0,768,768,crops/微信图片_20260823222900_30_46__w0032__s0.60.jpg,Leaf_Gall,0.7690983414649963,Leaf_Gall|Deficiency_Leaf|Felt_Leaf,0.769098|0.087973|0.059401,0.9364408850669861,false
微信图片_20260823222900_30_46,33,微信图片_20260823222900_30_46.jpg,微信图片_20260823222900_30_46.jpg,0.60,768,384,384,0,1152,768,crops/微信图片_20260823222900_30_46__w0033__s0.60.jpg,Leaf_Gall,0.98121178150177,Leaf_Gall|Leaf_Blight|Felt_Leaf,0.981212|0.009254|0.006056,0.11742566525936127,true
微信图片_20260823222900_30_46,34,微信图片_20260823222900_30_46.jpg,微信图片_20260823222900_30_46.jpg,0.60,768,384,512,0,1280,768,crops/微信图片_20260823222900_30_46__w0034__s0.60.jpg,Leaf_Gall,0.9588202238082886,Leaf_Gall|Leaf_Blight|Deficiency_Leaf,0.958820|0.030238|0.004475,0.21227583289146423,true
微信图片_20260823222900_30_46,35,微信图片_20260823222900_30_46.jpg,微信图片_20260823222900_30_46.jpg,0.60,768,384,0,384,768,1152,crops/微信图片_20260823222900_30_46__w0035__s0.60.jpg,Leaf_Gall,0.9540236592292786,Leaf_Gall|Fungal_Leaf_Spot|Leaf_Blight,0.954024|0.019149|0.007916,0.25867748260498047,true
微信图片_20260823222900_30_46,36,微信图片_20260823222900_30_46.jpg,微信图片_20260823222900_30_46.jpg,0.60,768,384,384,384,1152,1152,crops/微信图片_20260823222900_30_46__w0036__s0.60.jpg,Leaf_Gall,0.9903152585029602,Leaf_Gall|Leaf_Blight|Deficiency_Leaf,0.990315|0.009244|0.000290,0.05684859678149223,true
微信图片_20260823222900_30_46,37,微信图片_20260823222900_30_46.jpg,微信图片_20260823222900_30_46.jpg,0.60,768,384,512,384,1280,1152,crops/微信图片_20260823222900_30_46__w0037__s0.60.jpg,Leaf_Gall,0.9614368677139282,Leaf_Gall|Leaf_Blight|Deficiency_Leaf,0.961437|0.037964|0.000280,0.1672828197479248,true
微信图片_20260823222900_30_46,38,微信图片_20260823222900_30_46.jpg,微信图片_20260823222900_30_46.jpg,0.60,768,384,0,768,768,1536,crops/微信图片_20260823222900_30_46__w0038__s0.60.jpg,Leaf_Gall,0.9748939871788025,Leaf_Gall|Leaf_Blight|Deficiency_Leaf,0.974894|0.017023|0.003263,0.1446182131767273,true
微信图片_20260823222900_30_46,39,微信图片_20260823222900_30_46.jpg,微信图片_20260823222900_30_46.jpg,0.60,768,384,384,768,1152,1536,crops/微信图片_20260823222900_30_46__w0039__s0.60.jpg,Leaf_Gall,0.9240047931671143,Leaf_Gall|Leaf_Blight|Deficiency_Leaf,0.924005|0.070308|0.002194,0.2974112629890442,true
微信图片_20260823222900_30_46,40,微信图片_20260823222900_30_46.jpg,微信图片_20260823222900_30_46.jpg,0.60,768,384,512,768,1280,1536,crops/微信图片_20260823222900_30_46__w0040__s0.60.jpg,Leaf_Gall,0.8594979643821716,Leaf_Gall|Leaf_Blight|Healthy_Leaf,0.859498|0.132077|0.003325,0.45023036003112793,true
微信图片_20260823222900_30_46,41,微信图片_20260823222900_30_46.jpg,微信图片_20260823222900_30_46.jpg,0.60,768,384,0,1152,768,1920,crops/微信图片_20260823222900_30_46__w0041__s0.60.jpg,Leaf_Gall,0.9142943024635315,Leaf_Gall|Leaf_Blight|Deficiency_Leaf,0.914294|0.047656|0.010561,0.41657549142837524,true
微信图片_20260823222900_30_46,42,微信图片_20260823222900_30_46.jpg,微信图片_20260823222900_30_46.jpg,0.60,768,384,384,1152,1152,1920,crops/微信图片_20260823222900_30_46__w0042__s0.60.jpg,Leaf_Gall,0.9719408750534058,Leaf_Gall|Leaf_Blight|Felt_Leaf,0.971941|0.018817|0.002732,0.16178260743618011,true
微信图片_20260823222900_30_46,43,微信图片_20260823222900_30_46.jpg,微信图片_20260823222900_30_46.jpg,0.60,768,384,512,1152,1280,1920,crops/微信图片_20260823222900_30_46__w0043__s0.60.jpg,Leaf_Gall,0.8311644792556763,Leaf_Gall|Leaf_Blight|Healthy_Leaf,0.831164|0.094166|0.039556,0.6622432470321655,true
微信图片_20260823222900_30_46,44,微信图片_20260823222900_30_46.jpg,微信图片_20260823222900_30_46.jpg,0.60,768,384,0,1507,768,2275,crops/微信图片_20260823222900_30_46__w0044__s0.60.jpg,Leaf_Gall,0.8563408851623535,Leaf_Gall|Bituminous_Leaf|Leaf_Blight,0.856341|0.085047|0.018741,0.6048247814178467,true
微信图片_20260823222900_30_46,45,微信图片_20260823222900_30_46.jpg,微信图片_20260823222900_30_46.jpg,0.60,768,384,384,1507,1152,2275,crops/微信图片_20260823222900_30_46__w0045__s0.60.jpg,Leaf_Gall,0.7583246827125549,Leaf_Gall|Bituminous_Leaf|Leaf_Blight,0.758325|0.166599|0.023879,0.8340802788734436,false
微信图片_20260823222900_30_46,46,微信图片_20260823222900_30_46.jpg,微信图片_20260823222900_30_46.jpg,0.60,768,384,512,1507,1280,2275,crops/微信图片_20260823222900_30_46__w0046__s0.60.jpg,Leaf_Gall,0.9371749758720398,Leaf_Gall|Bituminous_Leaf|Leaf_Blight,0.937175|0.023385|0.013005,0.34248435497283936,true
微信图片_20260823222900_31_46,0,微信图片_20260823222900_31_46.jpg,微信图片_20260823222900_31_46.jpg,0.40,512,256,0,0,512,512,crops/微信图片_20260823222900_31_46__w0000__s0.40.jpg,Leaf_Gall,0.9727926850318909,Leaf_Gall|Deficiency_Leaf|Leaf_Blight,0.972793|0.010065|0.006809,0.1701141595840454,true
微信图片_20260823222900_31_46,1,微信图片_20260823222900_31_46.jpg,微信图片_20260823222900_31_46.jpg,0.40,512,256,256,0,768,512,crops/微信图片_20260823222900_31_46__w0001__s0.40.jpg,Leaf_Gall,0.521996259689331,Leaf_Gall|Bituminous_Leaf|Deficiency_Leaf,0.521996|0.238984|0.129743,1.3873852491378784,false
微信图片_20260823222900_31_46,2,微信图片_20260823222900_31_46.jpg,微信图片_20260823222900_31_46.jpg,0.40,512,256,512,0,1024,512,crops/微信图片_20260823222900_31_46__w0002__s0.40.jpg,Leaf_Gall,0.9785047769546509,Leaf_Gall|Leaf_Blight|Deficiency_Leaf,0.978505|0.015841|0.003406,0.1237998977303505,true
微信图片_20260823222900_31_46,3,微信图片_20260823222900_31_46.jpg,微信图片_20260823222900_31_46.jpg,0.40,512,256,768,0,1280,512,crops/微信图片_20260823222900_31_46__w0003__s0.40.jpg,Leaf_Gall,0.845064103603363,Leaf_Gall|Leaf_Blight|Deficiency_Leaf,0.845064|0.153738|0.000739,0.4396563470363617,true
微信图片_20260823222900_31_46,4,微信图片_20260823222900_31_46.jpg,微信图片_20260823222900_31_46.jpg,0.40,512,256,0,256,512,768,crops/微信图片_20260823222900_31_46__w0004__s0.40.jpg,Leaf_Gall,0.9250990748405457,Leaf_Gall|Bituminous_Leaf|Deficiency_Leaf,0.925099|0.024687|0.018094,0.40257492661476135,true
微信图片_20260823222900_31_46,5,微信图片_20260823222900_31_46.jpg,微信图片_20260823222900_31_46.jpg,0.40,512,256,256,256,768,768,crops/微信图片_20260823222900_31_46__w0005__s0.40.jpg,Leaf_Gall,0.7866762280464172,Leaf_Gall|Deficiency_Leaf|Bituminous_Leaf,0.786676|0.068033|0.057177,0.8955643177032471,false
微信图片_20260823222900_31_46,6,微信图片_20260823222900_31_46.jpg,微信图片_20260823222900_31_46.jpg,0.40,512,256,512,256,1024,768,crops/微信图片_20260823222900_31_46__w0006__s0.40.jpg,Leaf_Gall,0.9953376054763794,Leaf_Gall|Leaf_Blight|Deficiency_Leaf,0.995338|0.003741|0.000617,0.03303610533475876,true
微信图片_20260823222900_31_46,7,微信图片_20260823222900_31_46.jpg,微信图片_20260823222900_31_46.jpg,0.40,512,256,768,256,1280,768,crops/微信图片_20260823222900_31_46__w0007__s0.40.jpg,Leaf_Gall,0.9733240604400635,Leaf_Gall|Leaf_Blight|Deficiency_Leaf,0.973324|0.025867|0.000407,0.1275741010904312,true
微信图片_20260823222900_31_46,8,微信图片_20260823222900_31_46.jpg,微信图片_20260823222900_31_46.jpg,0.40,512,256,0,512,512,1024,crops/微信图片_20260823222900_31_46__w0008__s0.40.jpg,Leaf_Gall,0.8097279071807861,Leaf_Gall|Felt_Leaf|Leaf_Blight,0.809728|0.099713|0.057715,0.7296379208564758,true
微信图片_20260823222900_31_46,9,微信图片_20260823222900_31_46.jpg,微信图片_20260823222900_31_46.jpg,0.40,512,256,256,512,768,1024,crops/微信图片_20260823222900_31_46__w0009__s0.40.jpg,Leaf_Gall,0.6269306540489197,Leaf_Gall|Leaf_Blight|Deficiency_Leaf,0.626931|0.363057|0.003469,0.7214015126228333,false
微信图片_20260823222900_31_46,10,微信图片_20260823222900_31_46.jpg,微信图片_20260823222900_31_46.jpg,0.40,512,256,512,512,1024,1024,crops/微信图片_20260823222900_31_46__w0010__s0.40.jpg,Leaf_Gall,0.956360936164856,Leaf_Gall|Leaf_Blight|Deficiency_Leaf,0.956361|0.041712|0.001121,0.18960168957710266,true
微信图片_20260823222900_31_46,11,微信图片_20260823222900_31_46.jpg,微信图片_20260823222900_31_46.jpg,0.40,512,256,768,512,1280,1024,crops/微信图片_20260823222900_31_46__w0011__s0.40.jpg,Leaf_Gall,0.9606408476829529,Leaf_Gall|Leaf_Blight|Felt_Leaf,0.960641|0.021209|0.006132,0.22308558225631714,true
微信图片_20260823222900_31_46,12,微信图片_20260823222900_31_46.jpg,微信图片_20260823222900_31_46.jpg,0.40,512,256,0,768,512,1280,crops/微信图片_20260823222900_31_46__w0012__s0.40.jpg,Leaf_Gall,0.7767782807350159,Leaf_Gall|Leaf_Blight|Fungal_Leaf_Spot,0.776778|0.178343|0.021336,0.7137066125869751,false
微信图片_20260823222900_31_46,13,微信图片_20260823222900_31_46.jpg,微信图片_20260823222900_31_46.jpg,0.40,512,256,256,768,768,1280,crops/微信图片_20260823222900_31_46__w0013__s0.40.jpg,Leaf_Blight,0.8980461955070496,Leaf_Blight|Leaf_Gall|Deficiency_Leaf,0.898046|0.099420|0.000970,0.34502625465393066,true
微信图片_20260823222900_31_46,14,微信图片_20260823222900_31_46.jpg,微信图片_20260823222900_31_46.jpg,0.40,512,256,512,768,1024,1280,crops/微信图片_20260823222900_31_46__w0014__s0.40.jpg,Leaf_Blight,0.6544260382652283,Leaf_Blight|Leaf_Gall|Deficiency_Leaf,0.654426|0.327878|0.008168,0.7426284551620483,false
微信图片_20260823222900_31_46,15,微信图片_20260823222900_31_46.jpg,微信图片_20260823222900_31_46.jpg,0.40,512,256,768,768,1280,1280,crops/微信图片_20260823222900_31_46__w0015__s0.40.jpg,Bituminous_Leaf,0.49433431029319763,Bituminous_Leaf|Leaf_Gall|Deficiency_Leaf,0.494334|0.331143|0.061622,1.3189806938171387,false
微信图片_20260823222900_31_46,16,微信图片_20260823222900_31_46.jpg,微信图片_20260823222900_31_46.jpg,0.40,512,256,0,1024,512,1536,crops/微信图片_20260823222900_31_46__w0016__s0.40.jpg,Leaf_Gall,0.9682103991508484,Leaf_Gall|Leaf_Blight|Deficiency_Leaf,0.968210|0.016820|0.005971,0.1862495243549347,true
微信图片_20260823222900_31_46,17,微信图片_20260823222900_31_46.jpg,微信图片_20260823222900_31_46.jpg,0.40,512,256,256,1024,768,1536,crops/微信图片_20260823222900_31_46__w0017__s0.40.jpg,Leaf_Gall,0.7000076770782471,Leaf_Gall|Leaf_Blight|Healthy_Leaf,0.700008|0.286904|0.007732,0.6811901926994324,false
微信图片_20260823222900_31_46,18,微信图片_20260823222900_31_46.jpg,微信图片_20260823222900_31_46.jpg,0.40,512,256,512,1024,1024,1536,crops/微信图片_20260823222900_31_46__w0018__s0.40.jpg,Leaf_Gall,0.9519760012626648,Leaf_Gall|Leaf_Blight|Deficiency_Leaf,0.951976|0.045255|0.000841,0.20800328254699707,true
微信图片_20260823222900_31_46,19,微信图片_20260823222900_31_46.jpg,微信图片_20260823222900_31_46.jpg,0.40,512,256,768,1024,1280,1536,crops/微信图片_20260823222900_31_46__w0019__s0.40.jpg,Leaf_Gall,0.6855787038803101,Leaf_Gall|Leaf_Blight|Fungal_Leaf_Spot,0.685579|0.251233|0.030793,0.8787881135940552,false
微信图片_20260823222900_31_46,20,微信图片_20260823222900_31_46.jpg,微信图片_20260823222900_31_46.jpg,0.40,512,256,0,1280,512,1792,crops/微信图片_20260823222900_31_46__w0020__s0.40.jpg,Leaf_Gall,0.9729146361351013,Leaf_Gall|Leaf_Blight|Deficiency_Leaf,0.972915|0.018827|0.003423,0.1546820104122162,true
微信图片_20260823222900_31_46,21,微信图片_20260823222900_31_46.jpg,微信图片_20260823222900_31_46.jpg,0.40,512,256,256,1280,768,1792,crops/微信图片_20260823222900_31_46__w0021__s0.40.jpg,Leaf_Gall,0.7614268660545349,Leaf_Gall|Leaf_Blight|Deficiency_Leaf,0.761427|0.192028|0.023508,0.7375258207321167,false
微信图片_20260823222900_31_46,22,微信图片_20260823222900_31_46.jpg,微信图片_20260823222900_31_46.jpg,0.40,512,256,512,1280,1024,1792,crops/微信图片_20260823222900_31_46__w0022__s0.40.jpg,Leaf_Blight,0.5136274695396423,Leaf_Blight|Leaf_Gall|Felt_Leaf,0.513627|0.462107|0.008647,0.8295454978942871,false
微信图片_20260823222900_31_46,23,微信图片_20260823222900_31_46.jpg,微信图片_20260823222900_31_46.jpg,0.40,512,256,768,1280,1280,1792,crops/微信图片_20260823222900_31_46__w0023__s0.40.jpg,Leaf_Gall,0.7591389417648315,Leaf_Gall|Leaf_Blight|Bituminous_Leaf,0.759139|0.160930|0.014795,0.865998387336731,false
微信图片_20260823222900_31_46,24,微信图片_20260823222900_31_46.jpg,微信图片_20260823222900_31_46.jpg,0.40,512,256,0,1536,512,2048,crops/微信图片_20260823222900_31_46__w0024__s0.40.jpg,Leaf_Gall,0.9330312609672546,Leaf_Gall|Leaf_Blight|Deficiency_Leaf,0.933031|0.031674|0.012322,0.35088858008384705,true
微信图片_20260823222900_31_46,25,微信图片_20260823222900_31_46.jpg,微信图片_20260823222900_31_46.jpg,0.40,512,256,256,1536,768,2048,crops/微信图片_20260823222900_31_46__w0025__s0.40.jpg,Leaf_Gall,0.5843597650527954,Leaf_Gall|Leaf_Blight|Deficiency_Leaf,0.584360|0.250216|0.085574,1.194047212600708,false
微信图片_20260823222900_31_46,26,微信图片_20260823222900_31_46.jpg,微信图片_20260823222900_31_46.jpg,0.40,512,256,512,1536,1024,2048,crops/微信图片_20260823222900_31_46__w0026__s0.40.jpg,Leaf_Blight,0.5840967893600464,Leaf_Blight|Leaf_Gall|Deficiency_Leaf,0.584097|0.274964|0.052729,1.1820189952850342,false
微信图片_20260823222900_31_46,27,微信图片_20260823222900_31_46.jpg,微信图片_20260823222900_31_46.jpg,0.40,512,256,768,1536,1280,2048,crops/微信图片_20260823222900_31_46__w0027__s0.40.jpg,Fungal_Leaf_Spot,0.31239432096481323,Fungal_Leaf_Spot|Leaf_Blight|Leaf_Gall,0.312394|0.259593|0.183846,1.8030190467834473,false
微信图片_20260823222900_31_46,28,微信图片_20260823222900_31_46.jpg,微信图片_20260823222900_31_46.jpg,0.40,512,256,0,1763,512,2275,crops/微信图片_20260823222900_31_46__w0028__s0.40.jpg,Leaf_Gall,0.9921568632125854,Leaf_Gall|Leaf_Blight|Felt_Leaf,0.992157|0.006670|0.000362,0.05117953196167946,true
微信图片_20260823222900_31_46,29,微信图片_20260823222900_31_46.jpg,微信图片_20260823222900_31_46.jpg,0.40,512,256,256,1763,768,2275,crops/微信图片_20260823222900_31_46__w0029__s0.40.jpg,Leaf_Gall,0.7860985994338989,Leaf_Gall|Leaf_Blight|Deficiency_Leaf,0.786099|0.169819|0.031446,0.6754582524299622,false
微信图片_20260823222900_31_46,30,微信图片_20260823222900_31_46.jpg,微信图片_20260823222900_31_46.jpg,0.40,512,256,512,1763,1024,2275,crops/微信图片_20260823222900_31_46__w0030__s0.40.jpg,Leaf_Blight,0.4502810537815094,Leaf_Blight|Leaf_Gall|Curl_Leaf,0.450281|0.222049|0.114611,1.5600247383117676,false
微信图片_20260823222900_31_46,31,微信图片_20260823222900_31_46.jpg,微信图片_20260823222900_31_46.jpg,0.40,512,256,768,1763,1280,2275,crops/微信图片_20260823222900_31_46__w0031__s0.40.jpg,Leaf_Blight,0.3298966884613037,Leaf_Blight|Curl_Leaf|Healthy_Leaf,0.329897|0.205857|0.147695,1.778702735900879,false
微信图片_20260823222900_31_46,32,微信图片_20260823222900_31_46.jpg,微信图片_20260823222900_31_46.jpg,0.60,768,384,0,0,768,768,crops/微信图片_20260823222900_31_46__w0032__s0.60.jpg,Leaf_Gall,0.9629234671592712,Leaf_Gall|Deficiency_Leaf|Leaf_Blight,0.962923|0.008293|0.008156,0.2283414900302887,true
微信图片_20260823222900_31_46,33,微信图片_20260823222900_31_46.jpg,微信图片_20260823222900_31_46.jpg,0.60,768,384,384,0,1152,768,crops/微信图片_20260823222900_31_46__w0033__s0.60.jpg,Leaf_Gall,0.9986374974250793,Leaf_Gall|Leaf_Blight|Deficiency_Leaf,0.998637|0.001249|0.000052,0.01086580939590931,true
微信图片_20260823222900_31_46,34,微信图片_20260823222900_31_46.jpg,微信图片_20260823222900_31_46.jpg,0.60,768,384,512,0,1280,768,crops/微信图片_20260823222900_31_46__w0034__s0.60.jpg,Leaf_Gall,0.9892746806144714,Leaf_Gall|Leaf_Blight|Deficiency_Leaf,0.989275|0.010154|0.000370,0.0621805414557457,true
微信图片_20260823222900_31_46,35,微信图片_20260823222900_31_46.jpg,微信图片_20260823222900_31_46.jpg,0.60,768,384,0,384,768,1152,crops/微信图片_20260823222900_31_46__w0035__s0.60.jpg,Leaf_Gall,0.9311749935150146,Leaf_Gall|Leaf_Blight|Felt_Leaf,0.931175|0.062880|0.002655,0.2792389988899231,true
微信图片_20260823222900_31_46,36,微信图片_20260823222900_31_46.jpg,微信图片_20260823222900_31_46.jpg,0.60,768,384,384,384,1152,1152,crops/微信图片_20260823222900_31_46__w0036__s0.60.jpg,Leaf_Gall,0.9640650749206543,Leaf_Gall|Leaf_Blight|Deficiency_Leaf,0.964065|0.033790|0.001350,0.16532683372497559,true
微信图片_20260823222900_31_46,37,微信图片_20260823222900_31_46.jpg,微信图片_20260823222900_31_46.jpg,0.60,768,384,512,384,1280,1152,crops/微信图片_20260823222900_31_46__w0037__s0.60.jpg,Leaf_Gall,0.7684148550033569,Leaf_Gall|Leaf_Blight|Deficiency_Leaf,0.768415|0.229500|0.001255,0.5558474063873291,false
微信图片_20260823222900_31_46,38,微信图片_20260823222900_31_46.jpg,微信图片_20260823222900_31_46.jpg,0.60,768,384,0,768,768,1536,crops/微信图片_20260823222900_31_46__w0038__s0.60.jpg,Leaf_Gall,0.9418490529060364,Leaf_Gall|Leaf_Blight|Healthy_Leaf,0.941849|0.054569|0.001728,0.24003008008003235,true
微信图片_20260823222900_31_46,39,微信图片_20260823222900_31_46.jpg,微信图片_20260823222900_31_46.jpg,0.60,768,384,384,768,1152,1536,crops/微信图片_20260823222900_31_46__w0039__s0.60.jpg,Leaf_Gall,0.6769495010375977,Leaf_Gall|Leaf_Blight|Deficiency_Leaf,0.676950|0.312874|0.003959,0.6905246376991272,false
微信图片_20260823222900_31_46,40,微信图片_20260823222900_31_46.jpg,微信图片_20260823222900_31_46.jpg,0.60,768,384,512,768,1280,1536,crops/微信图片_20260823222900_31_46__w0040__s0.60.jpg,Leaf_Blight,0.5137654542922974,Leaf_Blight|Leaf_Gall|Deficiency_Leaf,0.513765|0.454798|0.012781,0.8623977899551392,false
微信图片_20260823222900_31_46,41,微信图片_20260823222900_31_46.jpg,微信图片_20260823222900_31_46.jpg,0.60,768,384,0,1152,768,1920,crops/微信图片_20260823222900_31_46__w0041__s0.60.jpg,Leaf_Gall,0.9911444783210754,Leaf_Gall|Leaf_Blight|Deficiency_Leaf,0.991144|0.007250|0.000572,0.0575035959482193,true
微信图片_20260823222900_31_46,42,微信图片_20260823222900_31_46.jpg,微信图片_20260823222900_31_46.jpg,0.60,768,384,384,1152,1152,1920,crops/微信图片_20260823222900_31_46__w0042__s0.60.jpg,Leaf_Gall,0.7804572582244873,Leaf_Gall|Leaf_Blight|Bituminous_Leaf,0.780457|0.137178|0.027042,0.81334388256073,false
微信图片_20260823222900_31_46,43,微信图片_20260823222900_31_46.jpg,微信图片_20260823222900_31_46.jpg,0.60,768,384,512,1152,1280,1920,crops/微信图片_20260823222900_31_46__w0043__s0.60.jpg,Leaf_Gall,0.6238092184066772,Leaf_Gall|Bituminous_Leaf|Leaf_Blight,0.623809|0.153935|0.116142,1.2641724348068237,false
微信图片_20260823222900_31_46,44,微信图片_20260823222900_31_46.jpg,微信图片_20260823222900_31_46.jpg,0.60,768,384,0,1507,768,2275,crops/微信图片_20260823222900_31_46__w0044__s0.60.jpg,Leaf_Gall,0.9574013352394104,Leaf_Gall|Leaf_Blight|Deficiency_Leaf,0.957401|0.032811|0.004892,0.2140888273715973,true
微信图片_20260823222900_31_46,45,微信图片_20260823222900_31_46.jpg,微信图片_20260823222900_31_46.jpg,0.60,768,384,384,1507,1152,2275,crops/微信图片_20260823222900_31_46__w0045__s0.60.jpg,Leaf_Gall,0.4180240035057068,Leaf_Gall|Leaf_Blight|Deficiency_Leaf,0.418024|0.286843|0.100496,1.5970076322555542,false
微信图片_20260823222900_31_46,46,微信图片_20260823222900_31_46.jpg,微信图片_20260823222900_31_46.jpg,0.60,768,384,512,1507,1280,2275,crops/微信图片_20260823222900_31_46__w0046__s0.60.jpg,Bituminous_Leaf,0.22983475029468536,Bituminous_Leaf|Leaf_Blight|Leaf_Gall,0.229835|0.200802|0.117709,2.083341360092163,false
微信图片_20260823223021_32_46,0,微信图片_20260823223021_32_46.jpg,微信图片_20260823223021_32_46.jpg,0.40,384,192,0,0,384,384,crops/微信图片_20260823223021_32_46__w0000__s0.40.jpg,Leaf_Gall,0.9908604621887207,Leaf_Gall|Leaf_Blight|Felt_Leaf,0.990860|0.006343|0.001524,0.06126086041331291,true
微信图片_20260823223021_32_46,1,微信图片_20260823223021_32_46.jpg,微信图片_20260823223021_32_46.jpg,0.40,384,192,192,0,576,384,crops/微信图片_20260823223021_32_46__w0001__s0.40.jpg,Leaf_Gall,0.9939841628074646,Leaf_Gall|Leaf_Blight|Felt_Leaf,0.993984|0.003691|0.001612,0.042946647852659225,true
微信图片_20260823223021_32_46,2,微信图片_20260823223021_32_46.jpg,微信图片_20260823223021_32_46.jpg,0.40,384,192,384,0,768,384,crops/微信图片_20260823223021_32_46__w0002__s0.40.jpg,Leaf_Gall,0.7432078123092651,Leaf_Gall|Leaf_Blight|Felt_Leaf,0.743208|0.239392|0.009119,0.6520392894744873,false
微信图片_20260823223021_32_46,3,微信图片_20260823223021_32_46.jpg,微信图片_20260823223021_32_46.jpg,0.40,384,192,576,0,960,384,crops/微信图片_20260823223021_32_46__w0003__s0.40.jpg,Leaf_Blight,0.7524452209472656,Leaf_Blight|Leaf_Gall|Deficiency_Leaf,0.752445|0.084020|0.074024,0.9050779342651367,false
微信图片_20260823223021_32_46,4,微信图片_20260823223021_32_46.jpg,微信图片_20260823223021_32_46.jpg,0.40,384,192,0,192,384,576,crops/微信图片_20260823223021_32_46__w0004__s0.40.jpg,Leaf_Gall,0.8002332448959351,Leaf_Gall|Leaf_Blight|Felt_Leaf,0.800233|0.180030|0.017326,0.5750274658203125,true
微信图片_20260823223021_32_46,5,微信图片_20260823223021_32_46.jpg,微信图片_20260823223021_32_46.jpg,0.40,384,192,192,192,576,576,crops/微信图片_20260823223021_32_46__w0005__s0.40.jpg,Leaf_Gall,0.6795061230659485,Leaf_Gall|Leaf_Blight|Felt_Leaf,0.679506|0.301138|0.015917,0.7139003276824951,false
微信图片_20260823223021_32_46,6,微信图片_20260823223021_32_46.jpg,微信图片_20260823223021_32_46.jpg,0.40,384,192,384,192,768,576,crops/微信图片_20260823223021_32_46__w0006__s0.40.jpg,Leaf_Blight,0.7367376685142517,Leaf_Blight|Leaf_Gall|Felt_Leaf,0.736738|0.251228|0.007867,0.6368957161903381,false
微信图片_20260823223021_32_46,7,微信图片_20260823223021_32_46.jpg,微信图片_20260823223021_32_46.jpg,0.40,384,192,576,192,960,576,crops/微信图片_20260823223021_32_46__w0007__s0.40.jpg,Leaf_Gall,0.4816957414150238,Leaf_Gall|Leaf_Blight|Felt_Leaf,0.481696|0.476516|0.034357,0.865202784538269,false
微信图片_20260823223021_32_46,8,微信图片_20260823223021_32_46.jpg,微信图片_20260823223021_32_46.jpg,0.40,384,192,0,384,384,768,crops/微信图片_20260823223021_32_46__w0008__s0.40.jpg,Leaf_Blight,0.777596652507782,Leaf_Blight|Leaf_Gall|Felt_Leaf,0.777597|0.173366|0.019875,0.7158337831497192,false
微信图片_20260823223021_32_46,9,微信图片_20260823223021_32_46.jpg,微信图片_20260823223021_32_46.jpg,0.40,384,192,192,384,576,768,crops/微信图片_20260823223021_32_46__w0009__s0.40.jpg,Leaf_Blight,0.733535885810852,Leaf_Blight|Leaf_Gall|Felt_Leaf,0.733536|0.159991|0.046547,0.8797519207000732,false
微信图片_20260823223021_32_46,10,微信图片_20260823223021_32_46.jpg,微信图片_20260823223021_32_46.jpg,0.40,384,192,384,384,768,768,crops/微信图片_20260823223021_32_46__w0010__s0.40.jpg,Leaf_Blight,0.9637742042541504,Leaf_Blight|Leaf_Gall|Curl_Leaf,0.963774|0.017101|0.015997,0.19272580742835999,true
微信图片_20260823223021_32_46,11,微信图片_20260823223021_32_46.jpg,微信图片_20260823223021_32_46.jpg,0.40,384,192,576,384,960,768,crops/微信图片_20260823223021_32_46__w0011__s0.40.jpg,Leaf_Blight,0.9873172640800476,Leaf_Blight|Leaf_Gall|Curl_Leaf,0.987317|0.011571|0.000566,0.07317085564136505,true
微信图片_20260823223021_32_46,12,微信图片_20260823223021_32_46.jpg,微信图片_20260823223021_32_46.jpg,0.40,384,192,0,576,384,960,crops/微信图片_20260823223021_32_46__w0012__s0.40.jpg,Leaf_Gall,0.6276617050170898,Leaf_Gall|Leaf_Blight|Deficiency_Leaf,0.627662|0.344100|0.013730,0.7970573306083679,false
微信图片_20260823223021_32_46,13,微信图片_20260823223021_32_46.jpg,微信图片_20260823223021_32_46.jpg,0.40,384,192,192,576,576,960,crops/微信图片_20260823223021_32_46__w0013__s0.40.jpg,Leaf_Blight,0.682835042476654,Leaf_Blight|Leaf_Gall|Curl_Leaf,0.682835|0.190776|0.067059,0.9868485927581787,false
微信图片_20260823223021_32_46,14,微信图片_20260823223021_32_46.jpg,微信图片_20260823223021_32_46.jpg,0.40,384,192,384,576,768,960,crops/微信图片_20260823223021_32_46__w0014__s0.40.jpg,Leaf_Blight,0.9883460402488708,Leaf_Blight|Leaf_Gall|Felt_Leaf,0.988346|0.010619|0.000588,0.06815479695796967,true
微信图片_20260823223021_32_46,15,微信图片_20260823223021_32_46.jpg,微信图片_20260823223021_32_46.jpg,0.40,384,192,576,576,960,960,crops/微信图片_20260823223021_32_46__w0015__s0.40.jpg,Leaf_Blight,0.9901790618896484,Leaf_Blight|Leaf_Gall|Curl_Leaf,0.990179|0.008309|0.000839,0.06117650121450424,true
微信图片_20260823223021_32_46,16,微信图片_20260823223021_32_46.jpg,微信图片_20260823223021_32_46.jpg,0.40,384,192,0,768,384,1152,crops/微信图片_20260823223021_32_46__w0016__s0.40.jpg,Leaf_Blight,0.6544514298439026,Leaf_Blight|Leaf_Gall|Deficiency_Leaf,0.654451|0.310190|0.017793,0.8021011352539062,false
微信图片_20260823223021_32_46,17,微信图片_20260823223021_32_46.jpg,微信图片_20260823223021_32_46.jpg,0.40,384,192,192,768,576,1152,crops/微信图片_20260823223021_32_46__w0017__s0.40.jpg,Leaf_Gall,0.9037140011787415,Leaf_Gall|Felt_Leaf|Leaf_Blight,0.903714|0.035179|0.028640,0.440871000289917,true
微信图片_20260823223021_32_46,18,微信图片_20260823223021_32_46.jpg,微信图片_20260823223021_32_46.jpg,0.40,384,192,384,768,768,1152,crops/微信图片_20260823223021_32_46__w0018__s0.40.jpg,Leaf_Blight,0.887030839920044,Leaf_Blight|Leaf_Gall|Felt_Leaf,0.887031|0.106025|0.004226,0.38620713353157043,true
微信图片_20260823223021_32_46,19,微信图片_20260823223021_32_46.jpg,微信图片_20260823223021_32_46.jpg,0.40,384,192,576,768,960,1152,crops/微信图片_20260823223021_32_46__w0019__s0.40.jpg,Leaf_Blight,0.9343157410621643,Leaf_Blight|Leaf_Gall|Felt_Leaf,0.934316|0.063269|0.001438,0.2556650936603546,true
微信图片_20260823223021_32_46,20,微信图片_20260823223021_32_46.jpg,微信图片_20260823223021_32_46.jpg,0.40,384,192,0,960,384,1344,crops/微信图片_20260823223021_32_46__w0020__s0.40.jpg,Leaf_Gall,0.8710831999778748,Leaf_Gall|Leaf_Blight|Felt_Leaf,0.871083|0.115181|0.012779,0.43229424953460693,true
微信图片_20260823223021_32_46,21,微信图片_20260823223021_32_46.jpg,微信图片_20260823223021_32_46.jpg,0.40,384,192,192,960,576,1344,crops/微信图片_20260823223021_32_46__w0021__s0.40.jpg,Leaf_Gall,0.9725810885429382,Leaf_Gall|Felt_Leaf|Leaf_Blight,0.972581|0.013294|0.011344,0.15470072627067566,true
微信图片_20260823223021_32_46,22,微信图片_20260823223021_32_46.jpg,微信图片_20260823223021_32_46.jpg,0.40,384,192,384,960,768,1344,crops/微信图片_20260823223021_32_46__w0022__s0.40.jpg,Leaf_Gall,0.756258487701416,Leaf_Gall|Leaf_Blight|Felt_Leaf,0.756258|0.146707|0.072101,0.8043245077133179,false
微信图片_20260823223021_32_46,23,微信图片_20260823223021_32_46.jpg,微信图片_20260823223021_32_46.jpg,0.40,384,192,576,960,960,1344,crops/微信图片_20260823223021_32_46__w0023__s0.40.jpg,Leaf_Blight,0.6502798199653625,Leaf_Blight|Leaf_Gall|Fungal_Leaf_Spot,0.650280|0.177004|0.091684,1.083325743675232,false
微信图片_20260823223021_32_46,24,微信图片_20260823223021_32_46.jpg,微信图片_20260823223021_32_46.jpg,0.40,384,192,0,1152,384,1536,crops/微信图片_20260823223021_32_46__w0024__s0.40.jpg,Leaf_Gall,0.520606517791748,Leaf_Gall|Leaf_Blight|Felt_Leaf,0.520607|0.454040|0.021021,0.8084501624107361,false
微信图片_20260823223021_32_46,25,微信图片_20260823223021_32_46.jpg,微信图片_20260823223021_32_46.jpg,0.40,384,192,192,1152,576,1536,crops/微信图片_20260823223021_32_46__w0025__s0.40.jpg,Leaf_Gall,0.9059963226318359,Leaf_Gall|Leaf_Blight|Felt_Leaf,0.905996|0.075078|0.011800,0.37971916794776917,true
微信图片_20260823223021_32_46,26,微信图片_20260823223021_32_46.jpg,微信图片_20260823223021_32_46.jpg,0.40,384,192,384,1152,768,1536,crops/微信图片_20260823223021_32_46__w0026__s0.40.jpg,Leaf_Gall,0.850229024887085,Leaf_Gall|Leaf_Blight|Felt_Leaf,0.850229|0.052421|0.050415,0.624911367893219,true
微信图片_20260823223021_32_46,27,微信图片_20260823223021_32_46.jpg,微信图片_20260823223021_32_46.jpg,0.40,384,192,576,1152,960,1536,crops/微信图片_20260823223021_32_46__w0027__s0.40.jpg,Felt_Leaf,0.4848960041999817,Felt_Leaf|Leaf_Gall|Fungal_Leaf_Spot,0.484896|0.299502|0.199117,1.1148275136947632,false
微信图片_20260823223021_32_46,28,微信图片_20260823223021_32_46.jpg,微信图片_20260823223021_32_46.jpg,0.40,384,192,0,1322,384,1706,crops/微信图片_20260823223021_32_46__w0028__s0.40.jpg,Leaf_Blight,0.9345782399177551,Leaf_Blight|Leaf_Gall|Curl_Leaf,0.934578|0.057043|0.003605,0.2773314118385315,true
微信图片_20260823223021_32_46,29,微信图片_20260823223021_32_46.jpg,微信图片_20260823223021_32_46.jpg,0.40,384,192,192,1322,576,1706,crops/微信图片_20260823223021_32_46__w0029__s0.40.jpg,Leaf_Blight,0.5977386832237244,Leaf_Blight|Leaf_Gall|Felt_Leaf,0.597739|0.397448|0.003483,0.7046643495559692,false
微信图片_20260823223021_32_46,30,微信图片_20260823223021_32_46.jpg,微信图片_20260823223021_32_46.jpg,0.40,384,192,384,1322,768,1706,crops/微信图片_20260823223021_32_46__w0030__s0.40.jpg,Leaf_Gall,0.7744274735450745,Leaf_Gall|Leaf_Blight|Felt_Leaf,0.774427|0.215040|0.008827,0.5833522081375122,false
微信图片_20260823223021_32_46,31,微信图片_20260823223021_32_46.jpg,微信图片_20260823223021_32_46.jpg,0.40,384,192,576,1322,960,1706,crops/微信图片_20260823223021_32_46__w0031__s0.40.jpg,Felt_Leaf,0.6785582304000854,Felt_Leaf|Leaf_Gall|Leaf_Blight,0.678558|0.173879|0.111371,0.9672613739967346,false
微信图片_20260823223021_32_46,32,微信图片_20260823223021_32_46.jpg,微信图片_20260823223021_32_46.jpg,0.60,576,288,0,0,576,576,crops/微信图片_20260823223021_32_46__w0032__s0.60.jpg,Leaf_Gall,0.6520790457725525,Leaf_Gall|Leaf_Blight|Deficiency_Leaf,0.652079|0.344622|0.001387,0.6693204641342163,false
微信图片_20260823223021_32_46,33,微信图片_20260823223021_32_46.jpg,微信图片_20260823223021_32_46.jpg,0.60,576,288,288,0,864,576,crops/微信图片_20260823223021_32_46__w0033__s0.60.jpg,Leaf_Blight,0.9428298473358154,Leaf_Blight|Leaf_Gall|Deficiency_Leaf,0.942830|0.053187|0.001754,0.23857825994491577,true
微信图片_20260823223021_32_46,34,微信图片_20260823223021_32_46.jpg,微信图片_20260823223021_32_46.jpg,0.60,576,288,384,0,960,576,crops/微信图片_20260823223021_32_46__w0034__s0.60.jpg,Leaf_Blight,0.8809350728988647,Leaf_Blight|Leaf_Gall|Deficiency_Leaf,0.880935|0.117439|0.000765,0.3756042420864105,true
微信图片_20260823223021_32_46,35,微信图片_20260823223021_32_46.jpg,微信图片_20260823223021_32_46.jpg,0.60,576,288,0,288,576,864,crops/微信图片_20260823223021_32_46__w0035__s0.60.jpg,Leaf_Blight,0.8473192453384399,Leaf_Blight|Leaf_Gall|Deficiency_Leaf,0.847319|0.134123|0.006877,0.508736252784729,true
微信图片_20260823223021_32_46,36,微信图片_20260823223021_32_46.jpg,微信图片_20260823223021_32_46.jpg,0.60,576,288,288,288,864,864,crops/微信图片_20260823223021_32_46__w0036__s0.60.jpg,Leaf_Blight,0.9618476629257202,Leaf_Blight|Curl_Leaf|Leaf_Gall,0.961848|0.025059|0.010017,0.1967257708311081,true
微信图片_20260823223021_32_46,37,微信图片_20260823223021_32_46.jpg,微信图片_20260823223021_32_46.jpg,0.60,576,288,384,288,960,864,crops/微信图片_20260823223021_32_46__w0037__s0.60.jpg,Leaf_Blight,0.990760862827301,Leaf_Blight|Leaf_Gall|Curl_Leaf,0.990761|0.006149|0.002400,0.06092669814825058,true
微信图片_20260823223021_32_46,38,微信图片_20260823223021_32_46.jpg,微信图片_20260823223021_32_46.jpg,0.60,576,288,0,576,576,1152,crops/微信图片_20260823223021_32_46__w0038__s0.60.jpg,Curl_Leaf,0.5095953345298767,Curl_Leaf|Leaf_Blight|Leaf_Gall,0.509595|0.471643|0.007529,0.7976353168487549,false
微信图片_20260823223021_32_46,39,微信图片_20260823223021_32_46.jpg,微信图片_20260823223021_32_46.jpg,0.60,576,288,288,576,864,1152,crops/微信图片_20260823223021_32_46__w0039__s0.60.jpg,Leaf_Blight,0.979472815990448,Leaf_Blight|Leaf_Gall|Felt_Leaf,0.979473|0.019487|0.000360,0.10580084472894669,true
微信图片_20260823223021_32_46,40,微信图片_20260823223021_32_46.jpg,微信图片_20260823223021_32_46.jpg,0.60,576,288,384,576,960,1152,crops/微信图片_20260823223021_32_46__w0040__s0.60.jpg,Leaf_Blight,0.9960327744483948,Leaf_Blight|Leaf_Gall|Fungal_Leaf_Spot,0.996033|0.003007|0.000307,0.029559174552559853,true
微信图片_20260823223021_32_46,41,微信图片_20260823223021_32_46.jpg,微信图片_20260823223021_32_46.jpg,0.60,576,288,0,864,576,1440,crops/微信图片_20260823223021_32_46__w0041__s0.60.jpg,Leaf_Blight,0.718539834022522,Leaf_Blight|Leaf_Gall|Felt_Leaf,0.718540|0.218200|0.029277,0.829704225063324,false
微信图片_20260823223021_32_46,42,微信图片_20260823223021_32_46.jpg,微信图片_20260823223021_32_46.jpg,0.60,576,288,288,864,864,1440,crops/微信图片_20260823223021_32_46__w0042__s0.60.jpg,Leaf_Blight,0.6266794204711914,Leaf_Blight|Leaf_Gall|Fungal_Leaf_Spot,0.626679|0.300024|0.042646,0.9202972650527954,false
微信图片_20260823223021_32_46,43,微信图片_20260823223021_32_46.jpg,微信图片_20260823223021_32_46.jpg,0.60,576,288,384,864,960,1440,crops/微信图片_20260823223021_32_46__w0043__s0.60.jpg,Leaf_Blight,0.48040536046028137,Leaf_Blight|Fungal_Leaf_Spot|Leaf_Gall,0.480405|0.293240|0.179273,1.2305885553359985,false
微信图片_20260823223021_32_46,44,微信图片_20260823223021_32_46.jpg,微信图片_20260823223021_32_46.jpg,0.60,576,288,0,1130,576,1706,crops/微信图片_20260823223021_32_46__w0044__s0.60.jpg,Leaf_Blight,0.7444269061088562,Leaf_Blight|Leaf_Gall|Felt_Leaf,0.744427|0.249546|0.002990,0.6050388216972351,false
微信图片_20260823223021_32_46,45,微信图片_20260823223021_32_46.jpg,微信图片_20260823223021_32_46.jpg,0.60,576,288,288,1130,864,1706,crops/微信图片_20260823223021_32_46__w0045__s0.60.jpg,Leaf_Gall,0.8039523959159851,Leaf_Gall|Leaf_Blight|Fungal_Leaf_Spot,0.803952|0.184349|0.004948,0.5535390973091125,true
微信图片_20260823223021_32_46,46,微信图片_20260823223021_32_46.jpg,微信图片_20260823223021_32_46.jpg,0.60,576,288,384,1130,960,1706,crops/微信图片_20260823223021_32_46__w0046__s0.60.jpg,Leaf_Gall,0.677579402923584,Leaf_Gall|Leaf_Blight|Fungal_Leaf_Spot,0.677579|0.188580|0.059532,1.0023207664489746,false
微信图片_20260823223023_33_46,0,微信图片_20260823223023_33_46.jpg,微信图片_20260823223023_33_46.jpg,0.40,512,256,0,0,512,512,crops/微信图片_20260823223023_33_46__w0000__s0.40.jpg,Leaf_Gall,0.5108522772789001,Leaf_Gall|Bituminous_Leaf|Leaf_Blight,0.510852|0.371991|0.028440,1.1863764524459839,false
微信图片_20260823223023_33_46,1,微信图片_20260823223023_33_46.jpg,微信图片_20260823223023_33_46.jpg,0.40,512,256,256,0,768,512,crops/微信图片_20260823223023_33_46__w0001__s0.40.jpg,Bituminous_Leaf,0.5457454919815063,Bituminous_Leaf|Leaf_Gall|Anthrax_Leaf,0.545745|0.316257|0.046496,1.1917591094970703,false
微信图片_20260823223023_33_46,2,微信图片_20260823223023_33_46.jpg,微信图片_20260823223023_33_46.jpg,0.40,512,256,512,0,1024,512,crops/微信图片_20260823223023_33_46__w0002__s0.40.jpg,Leaf_Gall,0.6717870235443115,Leaf_Gall|Bituminous_Leaf|Anthrax_Leaf,0.671787|0.143235|0.087104,1.124776840209961,false
微信图片_20260823223023_33_46,3,微信图片_20260823223023_33_46.jpg,微信图片_20260823223023_33_46.jpg,0.40,512,256,768,0,1280,512,crops/微信图片_20260823223023_33_46__w0003__s0.40.jpg,Leaf_Gall,0.7496379017829895,Leaf_Gall|Bituminous_Leaf|Leaf_Blight,0.749638|0.083887|0.048786,0.9930949211120605,false
微信图片_20260823223023_33_46,4,微信图片_20260823223023_33_46.jpg,微信图片_20260823223023_33_46.jpg,0.40,512,256,0,256,512,768,crops/微信图片_20260823223023_33_46__w0004__s0.40.jpg,Bituminous_Leaf,0.8670375943183899,Bituminous_Leaf|Leaf_Gall|Leaf_Blight,0.867038|0.092680|0.014013,0.5401496887207031,true
微信图片_20260823223023_33_46,5,微信图片_20260823223023_33_46.jpg,微信图片_20260823223023_33_46.jpg,0.40,512,256,256,256,768,768,crops/微信图片_20260823223023_33_46__w0005__s0.40.jpg,Bituminous_Leaf,0.8575138449668884,Bituminous_Leaf|Leaf_Gall|Deficiency_Leaf,0.857514|0.098432|0.020668,0.5644298195838928,true
微信图片_20260823223023_33_46,6,微信图片_20260823223023_33_46.jpg,微信图片_20260823223023_33_46.jpg,0.40,512,256,512,256,1024,768,crops/微信图片_20260823223023_33_46__w0006__s0.40.jpg,Bituminous_Leaf,0.644999086856842,Bituminous_Leaf|Anthrax_Leaf|Leaf_Gall,0.644999|0.112775|0.112548,1.1611416339874268,false
微信图片_20260823223023_33_46,7,微信图片_20260823223023_33_46.jpg,微信图片_20260823223023_33_46.jpg,0.40,512,256,768,256,1280,768,crops/微信图片_20260823223023_33_46__w0007__s0.40.jpg,Bituminous_Leaf,0.5620647668838501,Bituminous_Leaf|Leaf_Gall|Deficiency_Leaf,0.562065|0.291503|0.103551,1.118373990058899,false
微信图片_20260823223023_33_46,8,微信图片_20260823223023_33_46.jpg,微信图片_20260823223023_33_46.jpg,0.40,512,256,0,512,512,1024,crops/微信图片_20260823223023_33_46__w0008__s0.40.jpg,Bituminous_Leaf,0.40627071261405945,Bituminous_Leaf|Leaf_Gall|Fungal_Leaf_Spot,0.406271|0.223224|0.190574,1.4293386936187744,false
微信图片_20260823223023_33_46,9,微信图片_20260823223023_33_46.jpg,微信图片_20260823223023_33_46.jpg,0.40,512,256,256,512,768,1024,crops/微信图片_20260823223023_33_46__w0009__s0.40.jpg,Bituminous_Leaf,0.5196753144264221,Bituminous_Leaf|Leaf_Gall|Fungal_Leaf_Spot,0.519675|0.197636|0.121087,1.3874242305755615,false
微信图片_20260823223023_33_46,10,微信图片_20260823223023_33_46.jpg,微信图片_20260823223023_33_46.jpg,0.40,512,256,512,512,1024,1024,crops/微信图片_20260823223023_33_46__w0010__s0.40.jpg,Leaf_Gall,0.40680816769599915,Leaf_Gall|Bituminous_Leaf|Leaf_Blight,0.406808|0.315831|0.081755,1.5370627641677856,false
微信图片_20260823223023_33_46,11,微信图片_20260823223023_33_46.jpg,微信图片_20260823223023_33_46.jpg,0.40,512,256,768,512,1280,1024,crops/微信图片_20260823223023_33_46__w0011__s0.40.jpg,Leaf_Gall,0.655889093875885,Leaf_Gall|Bituminous_Leaf|Leaf_Blight,0.655889|0.238335|0.041658,1.0234100818634033,false
微信图片_20260823223023_33_46,12,微信图片_20260823223023_33_46.jpg,微信图片_20260823223023_33_46.jpg,0.40,512,256,0,768,512,1280,crops/微信图片_20260823223023_33_46__w0012__s0.40.jpg,Leaf_Gall,0.4592956006526947,Leaf_Gall|Bituminous_Leaf|Leaf_Blight,0.459296|0.373930|0.107642,1.1983376741409302,false
微信图片_20260823223023_33_46,13,微信图片_20260823223023_33_46.jpg,微信图片_20260823223023_33_46.jpg,0.40,512,256,256,768,768,1280,crops/微信图片_20260823223023_33_46__w0013__s0.40.jpg,Bituminous_Leaf,0.37164318561553955,Bituminous_Leaf|Leaf_Gall|Leaf_Blight,0.371643|0.325502|0.160949,1.4899630546569824,false
微信图片_20260823223023_33_46,14,微信图片_20260823223023_33_46.jpg,微信图片_20260823223023_33_46.jpg,0.40,512,256,512,768,1024,1280,crops/微信图片_20260823223023_33_46__w0014__s0.40.jpg,Leaf_Gall,0.588771402835846,Leaf_Gall|Leaf_Blight|Bituminous_Leaf,0.588771|0.149618|0.135769,1.2927148342132568,false
微信图片_20260823223023_33_46,15,微信图片_20260823223023_33_46.jpg,微信图片_20260823223023_33_46.jpg,0.40,512,256,768,768,1280,1280,crops/微信图片_20260823223023_33_46__w0015__s0.40.jpg,Leaf_Gall,0.9870997071266174,Leaf_Gall|Leaf_Blight|Deficiency_Leaf,0.987100|0.009170|0.001273,0.08316032588481903,true
微信图片_20260823223023_33_46,16,微信图片_20260823223023_33_46.jpg,微信图片_20260823223023_33_46.jpg,0.40,512,256,0,1024,512,1536,crops/微信图片_20260823223023_33_46__w0016__s0.40.jpg,Leaf_Gall,0.6271370649337769,Leaf_Gall|Leaf_Blight|Bituminous_Leaf,0.627137|0.221842|0.110625,1.0599462985992432,false
微信图片_20260823223023_33_46,17,微信图片_20260823223023_33_46.jpg,微信图片_20260823223023_33_46.jpg,0.40,512,256,256,1024,768,1536,crops/微信图片_20260823223023_33_46__w0017__s0.40.jpg,Leaf_Gall,0.44737252593040466,Leaf_Gall|Bituminous_Leaf|Leaf_Blight,0.447373|0.298570|0.153209,1.4000838994979858,false
微信图片_20260823223023_33_46,18,微信图片_20260823223023_33_46.jpg,微信图片_20260823223023_33_46.jpg,0.40,512,256,512,1024,1024,1536,crops/微信图片_20260823223023_33_46__w0018__s0.40.jpg,Leaf_Blight,0.3926592767238617,Leaf_Blight|Leaf_Gall|Bituminous_Leaf,0.392659|0.324470|0.136695,1.5281801223754883,false
微信图片_20260823223023_33_46,19,微信图片_20260823223023_33_46.jpg,微信图片_20260823223023_33_46.jpg,0.40,512,256,768,1024,1280,1536,crops/微信图片_20260823223023_33_46__w0019__s0.40.jpg,Leaf_Gall,0.6622875928878784,Leaf_Gall|Leaf_Blight|Bituminous_Leaf,0.662288|0.236721|0.038810,1.015737533569336,false
微信图片_20260823223023_33_46,20,微信图片_20260823223023_33_46.jpg,微信图片_20260823223023_33_46.jpg,0.40,512,256,0,1280,512,1792,crops/微信图片_20260823223023_33_46__w0020__s0.40.jpg,Bituminous_Leaf,0.6143041849136353,Bituminous_Leaf|Leaf_Gall|Leaf_Blight,0.614304|0.261837|0.051585,1.1075522899627686,false
微信图片_20260823223023_33_46,21,微信图片_20260823223023_33_46.jpg,微信图片_20260823223023_33_46.jpg,0.40,512,256,256,1280,768,1792,crops/微信图片_20260823223023_33_46__w0021__s0.40.jpg,Leaf_Blight,0.36834096908569336,Leaf_Blight|Leaf_Gall|Bituminous_Leaf,0.368341|0.342570|0.124434,1.5083835124969482,false
微信图片_20260823223023_33_46,22,微信图片_20260823223023_33_46.jpg,微信图片_20260823223023_33_46.jpg,0.40,512,256,512,1280,1024,1792,crops/微信图片_20260823223023_33_46__w0022__s0.40.jpg,Leaf_Blight,0.5585718154907227,Leaf_Blight|Leaf_Gall|Dry_Leaf,0.558572|0.189678|0.107857,1.3302668333053589,false
微信图片_20260823223023_33_46,23,微信图片_20260823223023_33_46.jpg,微信图片_20260823223023_33_46.jpg,0.40,512,256,768,1280,1280,1792,crops/微信图片_20260823223023_33_46__w0023__s0.40.jpg,Leaf_Gall,0.3061142563819885,Leaf_Gall|Leaf_Blight|Bituminous_Leaf,0.306114|0.264071|0.263195,1.672154188156128,false
微信图片_20260823223023_33_46,24,微信图片_20260823223023_33_46.jpg,微信图片_20260823223023_33_46.jpg,0.40,512,256,0,1536,512,2048,crops/微信图片_20260823223023_33_46__w0024__s0.40.jpg,Bituminous_Leaf,0.8267519474029541,Bituminous_Leaf|Leaf_Gall|Leaf_Blight,0.826752|0.065752|0.024710,0.7806665897369385,true
微信图片_20260823223023_33_46,25,微信图片_20260823223023_33_46.jpg,微信图片_20260823223023_33_46.jpg,0.40,512,256,256,1536,768,2048,crops/微信图片_20260823223023_33_46__w0025__s0.40.jpg,Bituminous_Leaf,0.43894070386886597,Bituminous_Leaf|Leaf_Gall|Leaf_Blight,0.438941|0.188083|0.127765,1.744621753692627,false
微信图片_20260823223023_33_46,26,微信图片_20260823223023_33_46.jpg,微信图片_20260823223023_33_46.jpg,0.40,512,256,512,1536,1024,2048,crops/微信图片_20260823223023_33_46__w0026__s0.40.jpg,Leaf_Blight,0.46977731585502625,Leaf_Blight|Leaf_Gall|Dry_Leaf,0.469777|0.254824|0.103481,1.5017247200012207,false
微信图片_20260823223023_33_46,27,微信图片_20260823223023_33_46.jpg,微信图片_20260823223023_33_46.jpg,0.40,512,256,768,1536,1280,2048,crops/微信图片_20260823223023_33_46__w0027__s0.40.jpg,Bituminous_Leaf,0.44303956627845764,Bituminous_Leaf|Leaf_Gall|Anthrax_Leaf,0.443040|0.208120|0.111355,1.6216329336166382,false
微信图片_20260823223023_33_46,28,微信图片_20260823223023_33_46.jpg,微信图片_20260823223023_33_46.jpg,0.40,512,256,0,1763,512,2275,crops/微信图片_20260823223023_33_46__w0028__s0.40.jpg,Bituminous_Leaf,0.49581390619277954,Bituminous_Leaf|Leaf_Gall|Leaf_Blight,0.495814|0.207193|0.117187,1.5444152355194092,false
微信图片_20260823223023_33_46,29,微信图片_20260823223023_33_46.jpg,微信图片_20260823223023_33_46.jpg,0.40,512,256,256,1763,768,2275,crops/微信图片_20260823223023_33_46__w0029__s0.40.jpg,Bituminous_Leaf,0.8922775387763977,Bituminous_Leaf|Leaf_Gall|Leaf_Blight,0.892278|0.042878|0.023729,0.5323305726051331,true
微信图片_20260823223023_33_46,30,微信图片_20260823223023_33_46.jpg,微信图片_20260823223023_33_46.jpg,0.40,512,256,512,1763,1024,2275,crops/微信图片_20260823223023_33_46__w0030__s0.40.jpg,Bituminous_Leaf,0.5545728206634521,Bituminous_Leaf|Leaf_Blight|Leaf_Gall,0.554573|0.180236|0.145098,1.3478732109069824,false
微信图片_20260823223023_33_46,31,微信图片_20260823223023_33_46.jpg,微信图片_20260823223023_33_46.jpg,0.40,512,256,768,1763,1280,2275,crops/微信图片_20260823223023_33_46__w0031__s0.40.jpg,Leaf_Blight,0.43463361263275146,Leaf_Blight|Leaf_Gall|Bituminous_Leaf,0.434634|0.267673|0.165762,1.5200985670089722,false
微信图片_20260823223023_33_46,32,微信图片_20260823223023_33_46.jpg,微信图片_20260823223023_33_46.jpg,0.60,768,384,0,0,768,768,crops/微信图片_20260823223023_33_46__w0032__s0.60.jpg,Bituminous_Leaf,0.9983782768249512,Bituminous_Leaf|Leaf_Gall|Deficiency_Leaf,0.998378|0.000799|0.000560,0.014048831537365913,true
微信图片_20260823223023_33_46,33,微信图片_20260823223023_33_46.jpg,微信图片_20260823223023_33_46.jpg,0.60,768,384,384,0,1152,768,crops/微信图片_20260823223023_33_46__w0033__s0.60.jpg,Bituminous_Leaf,0.995836615562439,Bituminous_Leaf|Leaf_Gall|Deficiency_Leaf,0.995837|0.002044|0.001579,0.03172815591096878,true
微信图片_20260823223023_33_46,34,微信图片_20260823223023_33_46.jpg,微信图片_20260823223023_33_46.jpg,0.60,768,384,512,0,1280,768,crops/微信图片_20260823223023_33_46__w0034__s0.60.jpg,Bituminous_Leaf,0.9826503396034241,Bituminous_Leaf|Leaf_Gall|Deficiency_Leaf,0.982650|0.008341|0.006529,0.1076795905828476,true
微信图片_20260823223023_33_46,35,微信图片_20260823223023_33_46.jpg,微信图片_20260823223023_33_46.jpg,0.60,768,384,0,384,768,1152,crops/微信图片_20260823223023_33_46__w0035__s0.60.jpg,Bituminous_Leaf,0.9838436245918274,Bituminous_Leaf|Leaf_Gall|Deficiency_Leaf,0.983844|0.007011|0.003926,0.10627393424510956,true
微信图片_20260823223023_33_46,36,微信图片_20260823223023_33_46.jpg,微信图片_20260823223023_33_46.jpg,0.60,768,384,384,384,1152,1152,crops/微信图片_20260823223023_33_46__w0036__s0.60.jpg,Bituminous_Leaf,0.9664795994758606,Bituminous_Leaf|Leaf_Gall|Deficiency_Leaf,0.966480|0.018053|0.008089,0.19183388352394104,true
微信图片_20260823223023_33_46,37,微信图片_20260823223023_33_46.jpg,微信图片_20260823223023_33_46.jpg,0.60,768,384,512,384,1280,1152,crops/微信图片_20260823223023_33_46__w0037__s0.60.jpg,Bituminous_Leaf,0.8969426155090332,Bituminous_Leaf|Leaf_Gall|Deficiency_Leaf,0.896943|0.047823|0.028825,0.4735495448112488,true
微信图片_20260823223023_33_46,38,微信图片_20260823223023_33_46.jpg,微信图片_20260823223023_33_46.jpg,0.60,768,384,0,768,768,1536,crops/微信图片_20260823223023_33_46__w0038__s0.60.jpg,Bituminous_Leaf,0.9753615856170654,Bituminous_Leaf|Leaf_Gall|Fungal_Leaf_Spot,0.975362|0.013037|0.003102,0.15221917629241943,true
微信图片_20260823223023_33_46,39,微信图片_20260823223023_33_46.jpg,微信图片_20260823223023_33_46.jpg,0.60,768,384,384,768,1152,1536,crops/微信图片_20260823223023_33_46__w0039__s0.60.jpg,Bituminous_Leaf,0.9386953711509705,Bituminous_Leaf|Leaf_Gall|Dry_Leaf,0.938695|0.025887|0.011088,0.332339882850647,true
微信图片_20260823223023_33_46,40,微信图片_20260823223023_33_46.jpg,微信图片_20260823223023_33_46.jpg,0.60,768,384,512,768,1280,1536,crops/微信图片_20260823223023_33_46__w0040__s0.60.jpg,Bituminous_Leaf,0.8112122416496277,Bituminous_Leaf|Leaf_Gall|Leaf_Blight,0.811212|0.134586|0.015295,0.6972706317901611,true
微信图片_20260823223023_33_46,41,微信图片_20260823223023_33_46.jpg,微信图片_20260823223023_33_46.jpg,0.60,768,384,0,1152,768,1920,crops/微信图片_20260823223023_33_46__w0041__s0.60.jpg,Bituminous_Leaf,0.47647297382354736,Bituminous_Leaf|Leaf_Gall|Leaf_Blight,0.476473|0.230727|0.162330,1.4526804685592651,false
微信图片_20260823223023_33_46,42,微信图片_20260823223023_33_46.jpg,微信图片_20260823223023_33_46.jpg,0.60,768,384,384,1152,1152,1920,crops/微信图片_20260823223023_33_46__w0042__s0.60.jpg,Bituminous_Leaf,0.8558413982391357,Bituminous_Leaf|Leaf_Gall|Dry_Leaf,0.855841|0.044000|0.027567,0.6881225109100342,true
微信图片_20260823223023_33_46,43,微信图片_20260823223023_33_46.jpg,微信图片_20260823223023_33_46.jpg,0.60,768,384,512,1152,1280,1920,crops/微信图片_20260823223023_33_46__w0043__s0.60.jpg,Bituminous_Leaf,0.6595251560211182,Bituminous_Leaf|Leaf_Gall|Leaf_Blight,0.659525|0.111889|0.074334,1.2837539911270142,false
微信图片_20260823223023_33_46,44,微信图片_20260823223023_33_46.jpg,微信图片_20260823223023_33_46.jpg,0.60,768,384,0,1507,768,2275,crops/微信图片_20260823223023_33_46__w0044__s0.60.jpg,Bituminous_Leaf,0.7919450402259827,Bituminous_Leaf|Leaf_Gall|Leaf_Blight,0.791945|0.059216|0.045548,0.9193633794784546,false
微信图片_20260823223023_33_46,45,微信图片_20260823223023_33_46.jpg,微信图片_20260823223023_33_46.jpg,0.60,768,384,384,1507,1152,2275,crops/微信图片_20260823223023_33_46__w0045__s0.60.jpg,Bituminous_Leaf,0.5166085958480835,Bituminous_Leaf|Leaf_Blight|Leaf_Gall,0.516609|0.173642|0.145574,1.528159737586975,false
微信图片_20260823223023_33_46,46,微信图片_20260823223023_33_46.jpg,微信图片_20260823223023_33_46.jpg,0.60,768,384,512,1507,1280,2275,crops/微信图片_20260823223023_33_46__w0046__s0.60.jpg,Bituminous_Leaf,0.7657778859138489,Bituminous_Leaf|Leaf_Gall|Anthrax_Leaf,0.765778|0.083748|0.040161,0.971357524394989,false
微信图片_20260823223023_34_46,0,微信图片_20260823223023_34_46.jpg,微信图片_20260823223023_34_46.jpg,0.40,384,192,0,0,384,384,crops/微信图片_20260823223023_34_46__w0000__s0.40.jpg,Leaf_Gall,0.8289457559585571,Leaf_Gall|Leaf_Blight|Felt_Leaf,0.828946|0.169370|0.000748,0.4691421091556549,true
微信图片_20260823223023_34_46,1,微信图片_20260823223023_34_46.jpg,微信图片_20260823223023_34_46.jpg,0.40,384,192,192,0,576,384,crops/微信图片_20260823223023_34_46__w0001__s0.40.jpg,Leaf_Blight,0.9007958173751831,Leaf_Blight|Leaf_Gall|Curl_Leaf,0.900796|0.061990|0.024667,0.4249962568283081,true
微信图片_20260823223023_34_46,2,微信图片_20260823223023_34_46.jpg,微信图片_20260823223023_34_46.jpg,0.40,384,192,384,0,768,384,crops/微信图片_20260823223023_34_46__w0002__s0.40.jpg,Leaf_Gall,0.5173400640487671,Leaf_Gall|Leaf_Blight|Felt_Leaf,0.517340|0.480555|0.001136,0.7089765667915344,false
微信图片_20260823223023_34_46,3,微信图片_20260823223023_34_46.jpg,微信图片_20260823223023_34_46.jpg,0.40,384,192,576,0,960,384,crops/微信图片_20260823223023_34_46__w0003__s0.40.jpg,Leaf_Blight,0.9323091506958008,Leaf_Blight|Leaf_Gall|Curl_Leaf,0.932309|0.065469|0.001151,0.2604855000972748,true
微信图片_20260823223023_34_46,4,微信图片_20260823223023_34_46.jpg,微信图片_20260823223023_34_46.jpg,0.40,384,192,0,192,384,576,crops/微信图片_20260823223023_34_46__w0004__s0.40.jpg,Leaf_Gall,0.9552304148674011,Leaf_Gall|Leaf_Blight|Felt_Leaf,0.955230|0.043719|0.000590,0.18910880386829376,true
微信图片_20260823223023_34_46,5,微信图片_20260823223023_34_46.jpg,微信图片_20260823223023_34_46.jpg,0.40,384,192,192,192,576,576,crops/微信图片_20260823223023_34_46__w0005__s0.40.jpg,Leaf_Blight,0.5344018936157227,Leaf_Blight|Leaf_Gall|Curl_Leaf,0.534402|0.407589|0.028043,0.9501916766166687,false
微信图片_20260823223023_34_46,6,微信图片_20260823223023_34_46.jpg,微信图片_20260823223023_34_46.jpg,0.40,384,192,384,192,768,576,crops/微信图片_20260823223023_34_46__w0006__s0.40.jpg,Leaf_Blight,0.8763695955276489,Leaf_Blight|Leaf_Gall|Curl_Leaf,0.876370|0.118875|0.002300,0.400368332862854,true
微信图片_20260823223023_34_46,7,微信图片_20260823223023_34_46.jpg,微信图片_20260823223023_34_46.jpg,0.40,384,192,576,192,960,576,crops/微信图片_20260823223023_34_46__w0007__s0.40.jpg,Leaf_Blight,0.9964926838874817,Leaf_Blight|Leaf_Gall|Curl_Leaf,0.996493|0.003406|0.000039,0.0239288080483675,true
微信图片_20260823223023_34_46,8,微信图片_20260823223023_34_46.jpg,微信图片_20260823223023_34_46.jpg,0.40,384,192,0,384,384,768,crops/微信图片_20260823223023_34_46__w0008__s0.40.jpg,Leaf_Gall,0.8680070042610168,Leaf_Gall|Leaf_Blight|Deficiency_Leaf,0.868007|0.131071|0.000327,0.397058367729187,true
微信图片_20260823223023_34_46,9,微信图片_20260823223023_34_46.jpg,微信图片_20260823223023_34_46.jpg,0.40,384,192,192,384,576,768,crops/微信图片_20260823223023_34_46__w0009__s0.40.jpg,Leaf_Blight,0.9641210436820984,Leaf_Blight|Leaf_Gall|Curl_Leaf,0.964121|0.034927|0.000420,0.1603795289993286,true
微信图片_20260823223023_34_46,10,微信图片_20260823223023_34_46.jpg,微信图片_20260823223023_34_46.jpg,0.40,384,192,384,384,768,768,crops/微信图片_20260823223023_34_46__w0010__s0.40.jpg,Leaf_Blight,0.9960166811943054,Leaf_Blight|Curl_Leaf|Leaf_Gall,0.996017|0.002028|0.001499,0.030147569254040718,true
微信图片_20260823223023_34_46,11,微信图片_20260823223023_34_46.jpg,微信图片_20260823223023_34_46.jpg,0.40,384,192,576,384,960,768,crops/微信图片_20260823223023_34_46__w0011__s0.40.jpg,Leaf_Blight,0.9784443974494934,Leaf_Blight|Curl_Leaf|Leaf_Gall,0.978444|0.012260|0.007735,0.12387873232364655,true
微信图片_20260823223023_34_46,12,微信图片_20260823223023_34_46.jpg,微信图片_20260823223023_34_46.jpg,0.40,384,192,0,576,384,960,crops/微信图片_20260823223023_34_46__w0012__s0.40.jpg,Leaf_Blight,0.9236796498298645,Leaf_Blight|Leaf_Gall|Deficiency_Leaf,0.923680|0.075722|0.000321,0.27385175228118896,true
微信图片_20260823223023_34_46,13,微信图片_20260823223023_34_46.jpg,微信图片_20260823223023_34_46.jpg,0.40,384,192,192,576,576,960,crops/微信图片_20260823223023_34_46__w0013__s0.40.jpg,Leaf_Blight,0.7909079194068909,Leaf_Blight|Leaf_Gall|Deficiency_Leaf,0.790908|0.207757|0.000877,0.5221954584121704,false
微信图片_20260823223023_34_46,14,微信图片_20260823223023_34_46.jpg,微信图片_20260823223023_34_46.jpg,0.40,384,192,384,576,768,960,crops/微信图片_20260823223023_34_46__w0014__s0.40.jpg,Leaf_Blight,0.9399452209472656,Leaf_Blight|Leaf_Gall|Deficiency_Leaf,0.939945|0.051939|0.004806,0.258941650390625,true
微信图片_20260823223023_34_46,15,微信图片_20260823223023_34_46.jpg,微信图片_20260823223023_34_46.jpg,0.40,384,192,576,576,960,960,crops/微信图片_20260823223023_34_46__w0015__s0.40.jpg,Leaf_Blight,0.930506706237793,Leaf_Blight|Leaf_Gall|Curl_Leaf,0.930507|0.040403|0.020964,0.32020998001098633,true
微信图片_20260823223023_34_46,16,微信图片_20260823223023_34_46.jpg,微信图片_20260823223023_34_46.jpg,0.40,384,192,0,768,384,1152,crops/微信图片_20260823223023_34_46__w0016__s0.40.jpg,Leaf_Blight,0.9622932076454163,Leaf_Blight|Leaf_Gall|Deficiency_Leaf,0.962293|0.032936|0.001984,0.1806815266609192,true
微信图片_20260823223023_34_46,17,微信图片_20260823223023_34_46.jpg,微信图片_20260823223023_34_46.jpg,0.40,384,192,192,768,576,1152,crops/微信图片_20260823223023_34_46__w0017__s0.40.jpg,Leaf_Blight,0.595783531665802,Leaf_Blight|Leaf_Gall|Deficiency_Leaf,0.595784|0.397655|0.005906,0.7112468481063843,false
微信图片_20260823223023_34_46,18,微信图片_20260823223023_34_46.jpg,微信图片_20260823223023_34_46.jpg,0.40,384,192,384,768,768,1152,crops/微信图片_20260823223023_34_46__w0018__s0.40.jpg,Leaf_Blight,0.6390681266784668,Leaf_Blight|Leaf_Gall|Felt_Leaf,0.639068|0.354709|0.003099,0.6921600699424744,false
微信图片_20260823223023_34_46,19,微信图片_20260823223023_34_46.jpg,微信图片_20260823223023_34_46.jpg,0.40,384,192,576,768,960,1152,crops/微信图片_20260823223023_34_46__w0019__s0.40.jpg,Leaf_Blight,0.5806372761726379,Leaf_Blight|Leaf_Gall|Felt_Leaf,0.580637|0.412787|0.002760,0.7222325801849365,false
微信图片_20260823223023_34_46,20,微信图片_20260823223023_34_46.jpg,微信图片_20260823223023_34_46.jpg,0.40,384,192,0,960,384,1344,crops/微信图片_20260823223023_34_46__w0020__s0.40.jpg,Leaf_Blight,0.7984879612922668,Leaf_Blight|Leaf_Gall|Deficiency_Leaf,0.798488|0.149766|0.024954,0.671477735042572,false
微信图片_20260823223023_34_46,21,微信图片_20260823223023_34_46.jpg,微信图片_20260823223023_34_46.jpg,0.40,384,192,192,960,576,1344,crops/微信图片_20260823223023_34_46__w0021__s0.40.jpg,Leaf_Blight,0.9834375381469727,Leaf_Blight|Leaf_Gall|Curl_Leaf,0.983438|0.015460|0.000610,0.08947595953941345,true
微信图片_20260823223023_34_46,22,微信图片_20260823223023_34_46.jpg,微信图片_20260823223023_34_46.jpg,0.40,384,192,384,960,768,1344,crops/微信图片_20260823223023_34_46__w0022__s0.40.jpg,Leaf_Blight,0.9964672327041626,Leaf_Blight|Leaf_Gall|Curl_Leaf,0.996467|0.002375|0.000739,0.026753975078463554,true
微信图片_20260823223023_34_46,23,微信图片_20260823223023_34_46.jpg,微信图片_20260823223023_34_46.jpg,0.40,384,192,576,960,960,1344,crops/微信图片_20260823223023_34_46__w0023__s0.40.jpg,Leaf_Blight,0.9935159683227539,Leaf_Blight|Leaf_Gall|Curl_Leaf,0.993516|0.004799|0.000798,0.04486193135380745,true
微信图片_20260823223023_34_46,24,微信图片_20260823223023_34_46.jpg,微信图片_20260823223023_34_46.jpg,0.40,384,192,0,1152,384,1536,crops/微信图片_20260823223023_34_46__w0024__s0.40.jpg,Curl_Leaf,0.8896398544311523,Curl_Leaf|Leaf_Blight|Deficiency_Leaf,0.889640|0.092605|0.014692,0.4069657623767853,true
微信图片_20260823223023_34_46,25,微信图片_20260823223023_34_46.jpg,微信图片_20260823223023_34_46.jpg,0.40,384,192,192,1152,576,1536,crops/微信图片_20260823223023_34_46__w0025__s0.40.jpg,Curl_Leaf,0.7778993248939514,Curl_Leaf|Leaf_Blight|Deficiency_Leaf,0.777899|0.194434|0.022500,0.6319488883018494,false
微信图片_20260823223023_34_46,26,微信图片_20260823223023_34_46.jpg,微信图片_20260823223023_34_46.jpg,0.40,384,192,384,1152,768,1536,crops/微信图片_20260823223023_34_46__w0026__s0.40.jpg,Leaf_Blight,0.9841653108596802,Leaf_Blight|Leaf_Gall|Curl_Leaf,0.984165|0.011426|0.002403,0.09525499492883682,true
微信图片_20260823223023_34_46,27,微信图片_20260823223023_34_46.jpg,微信图片_20260823223023_34_46.jpg,0.40,384,192,576,1152,960,1536,crops/微信图片_20260823223023_34_46__w0027__s0.40.jpg,Leaf_Blight,0.989594578742981,Leaf_Blight|Leaf_Gall|Deficiency_Leaf,0.989595|0.009923|0.000223,0.06042652949690819,true
微信图片_20260823223023_34_46,28,微信图片_20260823223023_34_46.jpg,微信图片_20260823223023_34_46.jpg,0.40,384,192,0,1322,384,1706,crops/微信图片_20260823223023_34_46__w0028__s0.40.jpg,Leaf_Blight,0.971875786781311,Leaf_Blight|Leaf_Gall|Curl_Leaf,0.971876|0.012228|0.008194,0.16590742766857147,true
微信图片_20260823223023_34_46,29,微信图片_20260823223023_34_46.jpg,微信图片_20260823223023_34_46.jpg,0.40,384,192,192,1322,576,1706,crops/微信图片_20260823223023_34_46__w0029__s0.40.jpg,Curl_Leaf,0.8601292967796326,Curl_Leaf|Leaf_Blight|Deficiency_Leaf,0.860129|0.122926|0.013518,0.46846669912338257,true
微信图片_20260823223023_34_46,30,微信图片_20260823223023_34_46.jpg,微信图片_20260823223023_34_46.jpg,0.40,384,192,384,1322,768,1706,crops/微信图片_20260823223023_34_46__w0030__s0.40.jpg,Leaf_Blight,0.9979175925254822,Leaf_Blight|Curl_Leaf|Leaf_Gall,0.997918|0.001771|0.000234,0.016064487397670746,true
微信图片_20260823223023_34_46,31,微信图片_20260823223023_34_46.jpg,微信图片_20260823223023_34_46.jpg,0.40,384,192,576,1322,960,1706,crops/微信图片_20260823223023_34_46__w0031__s0.40.jpg,Leaf_Blight,0.9578731656074524,Leaf_Blight|Leaf_Gall|Deficiency_Leaf,0.957873|0.041112|0.000666,0.18047063052654266,true
微信图片_20260823223023_34_46,32,微信图片_20260823223023_34_46.jpg,微信图片_20260823223023_34_46.jpg,0.60,576,288,0,0,576,576,crops/微信图片_20260823223023_34_46__w0032__s0.60.jpg,Leaf_Gall,0.8944904208183289,Leaf_Gall|Leaf_Blight|Felt_Leaf,0.894490|0.104462|0.000474,0.3443496823310852,true
微信图片_20260823223023_34_46,33,微信图片_20260823223023_34_46.jpg,微信图片_20260823223023_34_46.jpg,0.60,576,288,288,0,864,576,crops/微信图片_20260823223023_34_46__w0033__s0.60.jpg,Leaf_Blight,0.9483033418655396,Leaf_Blight|Leaf_Gall|Curl_Leaf,0.948303|0.049984|0.001079,0.21290598809719086,true
微信图片_20260823223023_34_46,34,微信图片_20260823223023_34_46.jpg,微信图片_20260823223023_34_46.jpg,0.60,576,288,384,0,960,576,crops/微信图片_20260823223023_34_46__w0034__s0.60.jpg,Leaf_Blight,0.9869264364242554,Leaf_Blight|Leaf_Gall|Curl_Leaf,0.986926|0.011949|0.000714,0.07475778460502625,true
微信图片_20260823223023_34_46,35,微信图片_20260823223023_34_46.jpg,微信图片_20260823223023_34_46.jpg,0.60,576,288,0,288,576,864,crops/微信图片_20260823223023_34_46__w0035__s0.60.jpg,Leaf_Blight,0.945436418056488,Leaf_Blight|Leaf_Gall|Curl_Leaf,0.945436|0.052301|0.001590,0.22314083576202393,true
微信图片_20260823223023_34_46,36,微信图片_20260823223023_34_46.jpg,微信图片_20260823223023_34_46.jpg,0.60,576,288,288,288,864,864,crops/微信图片_20260823223023_34_46__w0036__s0.60.jpg,Leaf_Blight,0.8443312048912048,Leaf_Blight|Leaf_Gall|Deficiency_Leaf,0.844331|0.149108|0.003369,0.466248095035553,true
微信图片_20260823223023_34_46,37,微信图片_20260823223023_34_46.jpg,微信图片_20260823223023_34_46.jpg,0.60,576,288,384,288,960,864,crops/微信图片_20260823223023_34_46__w0037__s0.60.jpg,Leaf_Blight,0.9774871468544006,Leaf_Blight|Leaf_Gall|Deficiency_Leaf,0.977487|0.021433|0.000506,0.11326854676008224,true
微信图片_20260823223023_34_46,38,微信图片_20260823223023_34_46.jpg,微信图片_20260823223023_34_46.jpg,0.60,576,288,0,576,576,1152,crops/微信图片_20260823223023_34_46__w0038__s0.60.jpg,Leaf_Blight,0.9854050278663635,Leaf_Blight|Leaf_Gall|Deficiency_Leaf,0.985405|0.010079|0.003272,0.08842740207910538,true
微信图片_20260823223023_34_46,39,微信图片_20260823223023_34_46.jpg,微信图片_20260823223023_34_46.jpg,0.60,576,288,288,576,864,1152,crops/微信图片_20260823223023_34_46__w0039__s0.60.jpg,Leaf_Blight,0.7200736999511719,Leaf_Blight|Leaf_Gall|Deficiency_Leaf,0.720074|0.152909|0.099078,0.8598096370697021,false
微信图片_20260823223023_34_46,40,微信图片_20260823223023_34_46.jpg,微信图片_20260823223023_34_46.jpg,0.60,576,288,384,576,960,1152,crops/微信图片_20260823223023_34_46__w0040__s0.60.jpg,Leaf_Blight,0.9293570518493652,Leaf_Blight|Leaf_Gall|Deficiency_Leaf,0.929357|0.058600|0.005499,0.3005337715148926,true
微信图片_20260823223023_34_46,41,微信图片_20260823223023_34_46.jpg,微信图片_20260823223023_34_46.jpg,0.60,576,288,0,864,576,1440,crops/微信图片_20260823223023_34_46__w0041__s0.60.jpg,Leaf_Blight,0.9494979381561279,Leaf_Blight|Leaf_Gall|Deficiency_Leaf,0.949498|0.024354|0.012841,0.25550276041030884,true
微信图片_20260823223023_34_46,42,微信图片_20260823223023_34_46.jpg,微信图片_20260823223023_34_46.jpg,0.60,576,288,288,864,864,1440,crops/微信图片_20260823223023_34_46__w0042__s0.60.jpg,Leaf_Blight,0.8823496103286743,Leaf_Blight|Leaf_Gall|Deficiency_Leaf,0.882350|0.102583|0.007881,0.4198016822338104,true
微信图片_20260823223023_34_46,43,微信图片_20260823223023_34_46.jpg,微信图片_20260823223023_34_46.jpg,0.60,576,288,384,864,960,1440,crops/微信图片_20260823223023_34_46__w0043__s0.60.jpg,Leaf_Blight,0.9168521761894226,Leaf_Blight|Leaf_Gall|Deficiency_Leaf,0.916852|0.057579|0.013254,0.36239588260650635,true
微信图片_20260823223023_34_46,44,微信图片_20260823223023_34_46.jpg,微信图片_20260823223023_34_46.jpg,0.60,576,288,0,1130,576,1706,crops/微信图片_20260823223023_34_46__w0044__s0.60.jpg,Leaf_Blight,0.9352182149887085,Leaf_Blight|Curl_Leaf|Deficiency_Leaf,0.935218|0.048758|0.012495,0.286659300327301,true
微信图片_20260823223023_34_46,45,微信图片_20260823223023_34_46.jpg,微信图片_20260823223023_34_46.jpg,0.60,576,288,288,1130,864,1706,crops/微信图片_20260823223023_34_46__w0045__s0.60.jpg,Leaf_Blight,0.9813801646232605,Leaf_Blight|Leaf_Gall|Curl_Leaf,0.981380|0.015172|0.001800,0.10538655519485474,true
微信图片_20260823223023_34_46,46,微信图片_20260823223023_34_46.jpg,微信图片_20260823223023_34_46.jpg,0.60,576,288,384,1130,960,1706,crops/微信图片_20260823223023_34_46__w0046__s0.60.jpg,Leaf_Blight,0.9935862421989441,Leaf_Blight|Leaf_Gall|Curl_Leaf,0.993586|0.002919|0.002518,0.0459732823073864,true
微信图片_20260823223024_35_46,0,微信图片_20260823223024_35_46.jpg,微信图片_20260823223024_35_46.jpg,0.40,512,256,0,0,512,512,crops/微信图片_20260823223024_35_46__w0000__s0.40.jpg,Leaf_Gall,0.8820607662200928,Leaf_Gall|Leaf_Blight|Deficiency_Leaf,0.882061|0.050089|0.030779,0.5437971353530884,true
微信图片_20260823223024_35_46,1,微信图片_20260823223024_35_46.jpg,微信图片_20260823223024_35_46.jpg,0.40,512,256,256,0,768,512,crops/微信图片_20260823223024_35_46__w0001__s0.40.jpg,Leaf_Gall,0.5736241936683655,Leaf_Gall|Leaf_Blight|Deficiency_Leaf,0.573624|0.369969|0.020940,0.9417403340339661,false
微信图片_20260823223024_35_46,2,微信图片_20260823223024_35_46.jpg,微信图片_20260823223024_35_46.jpg,0.40,512,256,512,0,1024,512,crops/微信图片_20260823223024_35_46__w0002__s0.40.jpg,Leaf_Gall,0.6994098424911499,Leaf_Gall|Leaf_Blight|Deficiency_Leaf,0.699410|0.088584|0.078579,1.1565816402435303,false
微信图片_20260823223024_35_46,3,微信图片_20260823223024_35_46.jpg,微信图片_20260823223024_35_46.jpg,0.40,512,256,768,0,1280,512,crops/微信图片_20260823223024_35_46__w0003__s0.40.jpg,Leaf_Gall,0.2957751154899597,Leaf_Gall|Bituminous_Leaf|Leaf_Blight,0.295775|0.217469|0.167190,1.9225716590881348,false
微信图片_20260823223024_35_46,4,微信图片_20260823223024_35_46.jpg,微信图片_20260823223024_35_46.jpg,0.40,512,256,0,256,512,768,crops/微信图片_20260823223024_35_46__w0004__s0.40.jpg,Leaf_Gall,0.5953373312950134,Leaf_Gall|Fungal_Leaf_Spot|Bituminous_Leaf,0.595337|0.197868|0.092748,1.2590636014938354,false
微信图片_20260823223024_35_46,5,微信图片_20260823223024_35_46.jpg,微信图片_20260823223024_35_46.jpg,0.40,512,256,256,256,768,768,crops/微信图片_20260823223024_35_46__w0005__s0.40.jpg,Leaf_Gall,0.7733237743377686,Leaf_Gall|Fungal_Leaf_Spot|Deficiency_Leaf,0.773324|0.071679|0.048913,0.9337169528007507,false
微信图片_20260823223024_35_46,6,微信图片_20260823223024_35_46.jpg,微信图片_20260823223024_35_46.jpg,0.40,512,256,512,256,1024,768,crops/微信图片_20260823223024_35_46__w0006__s0.40.jpg,Leaf_Gall,0.8042134642601013,Leaf_Gall|Leaf_Blight|Deficiency_Leaf,0.804213|0.085698|0.033157,0.8251417279243469,true
微信图片_20260823223024_35_46,7,微信图片_20260823223024_35_46.jpg,微信图片_20260823223024_35_46.jpg,0.40,512,256,768,256,1280,768,crops/微信图片_20260823223024_35_46__w0007__s0.40.jpg,Leaf_Gall,0.4793578088283539,Leaf_Gall|Leaf_Blight|Bituminous_Leaf,0.479358|0.336587|0.040933,1.3983089923858643,false
微信图片_20260823223024_35_46,8,微信图片_20260823223024_35_46.jpg,微信图片_20260823223024_35_46.jpg,0.40,512,256,0,512,512,1024,crops/微信图片_20260823223024_35_46__w0008__s0.40.jpg,Leaf_Gall,0.7701832056045532,Leaf_Gall|Leaf_Blight|Fungal_Leaf_Spot,0.770183|0.104622|0.045283,0.8944469094276428,false
微信图片_20260823223024_35_46,9,微信图片_20260823223024_35_46.jpg,微信图片_20260823223024_35_46.jpg,0.40,512,256,256,512,768,1024,crops/微信图片_20260823223024_35_46__w0009__s0.40.jpg,Leaf_Gall,0.6017032265663147,Leaf_Gall|Leaf_Blight|Fungal_Leaf_Spot,0.601703|0.145795|0.103274,1.3297030925750732,false
微信图片_20260823223024_35_46,10,微信图片_20260823223024_35_46.jpg,微信图片_20260823223024_35_46.jpg,0.40,512,256,512,512,1024,1024,crops/微信图片_20260823223024_35_46__w0010__s0.40.jpg,Leaf_Gall,0.5604080557823181,Leaf_Gall|Leaf_Blight|Bituminous_Leaf,0.560408|0.163802|0.116322,1.405691146850586,false
微信图片_20260823223024_35_46,11,微信图片_20260823223024_35_46.jpg,微信图片_20260823223024_35_46.jpg,0.40,512,256,768,512,1280,1024,crops/微信图片_20260823223024_35_46__w0011__s0.40.jpg,Leaf_Gall,0.5112801194190979,Leaf_Gall|Leaf_Blight|Bituminous_Leaf,0.511280|0.172069|0.163565,1.4453071355819702,false
微信图片_20260823223024_35_46,12,微信图片_20260823223024_35_46.jpg,微信图片_20260823223024_35_46.jpg,0.40,512,256,0,768,512,1280,crops/微信图片_20260823223024_35_46__w0012__s0.40.jpg,Leaf_Gall,0.7781162261962891,Leaf_Gall|Leaf_Blight|Deficiency_Leaf,0.778116|0.171485|0.024983,0.7154574990272522,false
微信图片_20260823223024_35_46,13,微信图片_20260823223024_35_46.jpg,微信图片_20260823223024_35_46.jpg,0.40,512,256,256,768,768,1280,crops/微信图片_20260823223024_35_46__w0013__s0.40.jpg,Leaf_Blight,0.537361204624176,Leaf_Blight|Leaf_Gall|Curl_Leaf,0.537361|0.248014|0.082723,1.3680788278579712,false
微信图片_20260823223024_35_46,14,微信图片_20260823223024_35_46.jpg,微信图片_20260823223024_35_46.jpg,0.40,512,256,512,768,1024,1280,crops/微信图片_20260823223024_35_46__w0014__s0.40.jpg,Leaf_Gall,0.5030996799468994,Leaf_Gall|Leaf_Blight|Deficiency_Leaf,0.503100|0.350948|0.044846,1.2520017623901367,false
微信图片_20260823223024_35_46,15,微信图片_20260823223024_35_46.jpg,微信图片_20260823223024_35_46.jpg,0.40,512,256,768,768,1280,1280,crops/微信图片_20260823223024_35_46__w0015__s0.40.jpg,Leaf_Gall,0.5428348779678345,Leaf_Gall|Leaf_Blight|Fungal_Leaf_Spot,0.542835|0.340313|0.052853,1.1334455013275146,false
微信图片_20260823223024_35_46,16,微信图片_20260823223024_35_46.jpg,微信图片_20260823223024_35_46.jpg,0.40,512,256,0,1024,512,1536,crops/微信图片_20260823223024_35_46__w0016__s0.40.jpg,Leaf_Blight,0.833006739616394,Leaf_Blight|Leaf_Gall|Deficiency_Leaf,0.833007|0.160627|0.003919,0.48574990034103394,true
微信图片_20260823223024_35_46,17,微信图片_20260823223024_35_46.jpg,微信图片_20260823223024_35_46.jpg,0.40,512,256,256,1024,768,1536,crops/微信图片_20260823223024_35_46__w0017__s0.40.jpg,Leaf_Blight,0.9030983448028564,Leaf_Blight|Leaf_Gall|Fungal_Leaf_Spot,0.903098|0.095938|0.000296,0.3250754475593567,true
微信图片_20260823223024_35_46,18,微信图片_20260823223024_35_46.jpg,微信图片_20260823223024_35_46.jpg,0.40,512,256,512,1024,1024,1536,crops/微信图片_20260823223024_35_46__w0018__s0.40.jpg,Leaf_Blight,0.8151711225509644,Leaf_Blight|Leaf_Gall|Deficiency_Leaf,0.815171|0.182008|0.001720,0.4969300329685211,true
微信图片_20260823223024_35_46,19,微信图片_20260823223024_35_46.jpg,微信图片_20260823223024_35_46.jpg,0.40,512,256,768,1024,1280,1536,crops/微信图片_20260823223024_35_46__w0019__s0.40.jpg,Leaf_Blight,0.7901938557624817,Leaf_Blight|Leaf_Gall|Fungal_Leaf_Spot,0.790194|0.191974|0.007747,0.603969395160675,false
微信图片_20260823223024_35_46,20,微信图片_20260823223024_35_46.jpg,微信图片_20260823223024_35_46.jpg,0.40,512,256,0,1280,512,1792,crops/微信图片_20260823223024_35_46__w0020__s0.40.jpg,Leaf_Blight,0.9673063158988953,Leaf_Blight|Leaf_Gall|Deficiency_Leaf,0.967306|0.026631|0.001616,0.16979409754276276,true
微信图片_20260823223024_35_46,21,微信图片_20260823223024_35_46.jpg,微信图片_20260823223024_35_46.jpg,0.40,512,256,256,1280,768,1792,crops/微信图片_20260823223024_35_46__w0021__s0.40.jpg,Leaf_Blight,0.9980284571647644,Leaf_Blight|Leaf_Gall|Curl_Leaf,0.998028|0.001675|0.000104,0.01556104514747858,true
微信图片_20260823223024_35_46,22,微信图片_20260823223024_35_46.jpg,微信图片_20260823223024_35_46.jpg,0.40,512,256,512,1280,1024,1792,crops/微信图片_20260823223024_35_46__w0022__s0.40.jpg,Leaf_Blight,0.9429500102996826,Leaf_Blight|Leaf_Gall|Deficiency_Leaf,0.942950|0.056481|0.000268,0.22280429303646088,true
微信图片_20260823223024_35_46,23,微信图片_20260823223024_35_46.jpg,微信图片_20260823223024_35_46.jpg,0.40,512,256,768,1280,1280,1792,crops/微信图片_20260823223024_35_46__w0023__s0.40.jpg,Leaf_Gall,0.771943211555481,Leaf_Gall|Leaf_Blight|Deficiency_Leaf,0.771943|0.218881|0.004126,0.5909998416900635,false
微信图片_20260823223024_35_46,24,微信图片_20260823223024_35_46.jpg,微信图片_20260823223024_35_46.jpg,0.40,512,256,0,1536,512,2048,crops/微信图片_20260823223024_35_46__w0024__s0.40.jpg,Leaf_Blight,0.5854994058609009,Leaf_Blight|Leaf_Gall|Fungal_Leaf_Spot,0.585499|0.278381|0.038570,1.2028926610946655,false
微信图片_20260823223024_35_46,25,微信图片_20260823223024_35_46.jpg,微信图片_20260823223024_35_46.jpg,0.40,512,256,256,1536,768,2048,crops/微信图片_20260823223024_35_46__w0025__s0.40.jpg,Leaf_Blight,0.9440317749977112,Leaf_Blight|Leaf_Gall|Fungal_Leaf_Spot,0.944032|0.036912|0.006756,0.2838723659515381,true
微信图片_20260823223024_35_46,26,微信图片_20260823223024_35_46.jpg,微信图片_20260823223024_35_46.jpg,0.40,512,256,512,1536,1024,2048,crops/微信图片_20260823223024_35_46__w0026__s0.40.jpg,Leaf_Blight,0.9337127804756165,Leaf_Blight|Leaf_Gall|Dry_Leaf,0.933713|0.057552|0.003166,0.2839411795139313,true
微信图片_20260823223024_35_46,27,微信图片_20260823223024_35_46.jpg,微信图片_20260823223024_35_46.jpg,0.40,512,256,768,1536,1280,2048,crops/微信图片_20260823223024_35_46__w0027__s0.40.jpg,Leaf_Blight,0.700486421585083,Leaf_Blight|Leaf_Gall|Fungal_Leaf_Spot,0.700486|0.257970|0.016450,0.804714024066925,false
微信图片_20260823223024_35_46,28,微信图片_20260823223024_35_46.jpg,微信图片_20260823223024_35_46.jpg,0.40,512,256,0,1763,512,2275,crops/微信图片_20260823223024_35_46__w0028__s0.40.jpg,Leaf_Blight,0.950071394443512,Leaf_Blight|Leaf_Gall|Fungal_Leaf_Spot,0.950071|0.030514|0.008291,0.2594583034515381,true
微信图片_20260823223024_35_46,29,微信图片_20260823223024_35_46.jpg,微信图片_20260823223024_35_46.jpg,0.40,512,256,256,1763,768,2275,crops/微信图片_20260823223024_35_46__w0029__s0.40.jpg,Leaf_Blight,0.9639310240745544,Leaf_Blight|Leaf_Gall|Fungal_Leaf_Spot,0.963931|0.024110|0.005907,0.1931985467672348,true
微信图片_20260823223024_35_46,30,微信图片_20260823223024_35_46.jpg,微信图片_20260823223024_35_46.jpg,0.40,512,256,512,1763,1024,2275,crops/微信图片_20260823223024_35_46__w0030__s0.40.jpg,Leaf_Blight,0.9995902180671692,Leaf_Blight|Leaf_Gall|Dry_Leaf,0.999590|0.000322|0.000044,0.003922203555703163,true
微信图片_20260823223024_35_46,31,微信图片_20260823223024_35_46.jpg,微信图片_20260823223024_35_46.jpg,0.40,512,256,768,1763,1280,2275,crops/微信图片_20260823223024_35_46__w0031__s0.40.jpg,Leaf_Blight,0.9993147850036621,Leaf_Blight|Leaf_Gall|Dry_Leaf,0.999315|0.000550|0.000075,0.006200774107128382,true
微信图片_20260823223024_35_46,32,微信图片_20260823223024_35_46.jpg,微信图片_20260823223024_35_46.jpg,0.60,768,384,0,0,768,768,crops/微信图片_20260823223024_35_46__w0032__s0.60.jpg,Bituminous_Leaf,0.6969358325004578,Bituminous_Leaf|Leaf_Gall|Fungal_Leaf_Spot,0.696936|0.194140|0.052767,0.9661111831665039,false
微信图片_20260823223024_35_46,33,微信图片_20260823223024_35_46.jpg,微信图片_20260823223024_35_46.jpg,0.60,768,384,384,0,1152,768,crops/微信图片_20260823223024_35_46__w0033__s0.60.jpg,Bituminous_Leaf,0.4244604706764221,Bituminous_Leaf|Leaf_Gall|Deficiency_Leaf,0.424460|0.217678|0.116308,1.6839617490768433,false
微信图片_20260823223024_35_46,34,微信图片_20260823223024_35_46.jpg,微信图片_20260823223024_35_46.jpg,0.60,768,384,512,0,1280,768,crops/微信图片_20260823223024_35_46__w0034__s0.60.jpg,Bituminous_Leaf,0.5826994776725769,Bituminous_Leaf|Leaf_Gall|Anthrax_Leaf,0.582699|0.185230|0.087490,1.3655356168746948,false
微信图片_20260823223024_35_46,35,微信图片_20260823223024_35_46.jpg,微信图片_20260823223024_35_46.jpg,0.60,768,384,0,384,768,1152,crops/微信图片_20260823223024_35_46__w0035__s0.60.jpg,Bituminous_Leaf,0.44562867283821106,Bituminous_Leaf|Leaf_Gall|Deficiency_Leaf,0.445629|0.246849|0.118696,1.5545073747634888,false
微信图片_20260823223024_35_46,36,微信图片_20260823223024_35_46.jpg,微信图片_20260823223024_35_46.jpg,0.60,768,384,384,384,1152,1152,crops/微信图片_20260823223024_35_46__w0036__s0.60.jpg,Bituminous_Leaf,0.5769798159599304,Bituminous_Leaf|Leaf_Gall|Deficiency_Leaf,0.576980|0.217028|0.060946,1.3487499952316284,false
微信图片_20260823223024_35_46,37,微信图片_20260823223024_35_46.jpg,微信图片_20260823223024_35_46.jpg,0.60,768,384,512,384,1280,1152,crops/微信图片_20260823223024_35_46__w0037__s0.60.jpg,Bituminous_Leaf,0.7479436993598938,Bituminous_Leaf|Leaf_Gall|Deficiency_Leaf,0.747944|0.098078|0.041116,1.0111427307128906,false
微信图片_20260823223024_35_46,38,微信图片_20260823223024_35_46.jpg,微信图片_20260823223024_35_46.jpg,0.60,768,384,0,768,768,1536,crops/微信图片_20260823223024_35_46__w0038__s0.60.jpg,Leaf_Gall,0.6316223740577698,Leaf_Gall|Leaf_Blight|Fungal_Leaf_Spot,0.631622|0.293707|0.042620,0.9486923217773438,false
微信图片_20260823223024_35_46,39,微信图片_20260823223024_35_46.jpg,微信图片_20260823223024_35_46.jpg,0.60,768,384,384,768,1152,1536,crops/微信图片_20260823223024_35_46__w0039__s0.60.jpg,Leaf_Gall,0.6952292323112488,Leaf_Gall|Leaf_Blight|Bituminous_Leaf,0.695229|0.193775|0.038404,1.0036972761154175,false
微信图片_20260823223024_35_46,40,微信图片_20260823223024_35_46.jpg,微信图片_20260823223024_35_46.jpg,0.60,768,384,512,768,1280,1536,crops/微信图片_20260823223024_35_46__w0040__s0.60.jpg,Leaf_Gall,0.7975406050682068,Leaf_Gall|Leaf_Blight|Bituminous_Leaf,0.797541|0.099893|0.065378,0.7690967321395874,false
微信图片_20260823223024_35_46,41,微信图片_20260823223024_35_46.jpg,微信图片_20260823223024_35_46.jpg,0.60,768,384,0,1152,768,1920,crops/微信图片_20260823223024_35_46__w0041__s0.60.jpg,Leaf_Blight,0.5128434896469116,Leaf_Blight|Leaf_Gall|Fungal_Leaf_Spot,0.512843|0.443266|0.013178,0.9214937686920166,false
微信图片_20260823223024_35_46,42,微信图片_20260823223024_35_46.jpg,微信图片_20260823223024_35_46.jpg,0.60,768,384,384,1152,1152,1920,crops/微信图片_20260823223024_35_46__w0042__s0.60.jpg,Leaf_Gall,0.884168803691864,Leaf_Gall|Leaf_Blight|Deficiency_Leaf,0.884169|0.104440|0.003235,0.415449857711792,true
微信图片_20260823223024_35_46,43,微信图片_20260823223024_35_46.jpg,微信图片_20260823223024_35_46.jpg,0.60,768,384,512,1152,1280,1920,crops/微信图片_20260823223024_35_46__w0043__s0.60.jpg,Leaf_Gall,0.963761031627655,Leaf_Gall|Leaf_Blight|Bituminous_Leaf,0.963761|0.025938|0.005867,0.19149795174598694,true
微信图片_20260823223024_35_46,44,微信图片_20260823223024_35_46.jpg,微信图片_20260823223024_35_46.jpg,0.60,768,384,0,1507,768,2275,crops/微信图片_20260823223024_35_46__w0044__s0.60.jpg,Bituminous_Leaf,0.35344281792640686,Bituminous_Leaf|Leaf_Blight|Leaf_Gall,0.353443|0.312818|0.185901,1.596107006072998,false
微信图片_20260823223024_35_46,45,微信图片_20260823223024_35_46.jpg,微信图片_20260823223024_35_46.jpg,0.60,768,384,384,1507,1152,2275,crops/微信图片_20260823223024_35_46__w0045__s0.60.jpg,Leaf_Blight,0.6456789374351501,Leaf_Blight|Bituminous_Leaf|Leaf_Gall,0.645679|0.139593|0.125260,1.1977115869522095,false
微信图片_20260823223024_35_46,46,微信图片_20260823223024_35_46.jpg,微信图片_20260823223024_35_46.jpg,0.60,768,384,512,1507,1280,2275,crops/微信图片_20260823223024_35_46__w0046__s0.60.jpg,Bituminous_Leaf,0.5531236529350281,Bituminous_Leaf|Leaf_Blight|Leaf_Gall,0.553124|0.181108|0.164252,1.3414256572723389,false
微信图片_20260823223025_36_46,0,微信图片_20260823223025_36_46.jpg,微信图片_20260823223025_36_46.jpg,0.40,384,192,0,0,384,384,crops/微信图片_20260823223025_36_46__w0000__s0.40.jpg,Leaf_Blight,0.5455117225646973,Leaf_Blight|Leaf_Gall|Felt_Leaf,0.545512|0.319385|0.042806,1.1722732782363892,false
微信图片_20260823223025_36_46,1,微信图片_20260823223025_36_46.jpg,微信图片_20260823223025_36_46.jpg,0.40,384,192,192,0,576,384,crops/微信图片_20260823223025_36_46__w0001__s0.40.jpg,Leaf_Blight,0.8526880741119385,Leaf_Blight|Leaf_Gall|Felt_Leaf,0.852688|0.135555|0.005757,0.4701138138771057,true
微信图片_20260823223025_36_46,2,微信图片_20260823223025_36_46.jpg,微信图片_20260823223025_36_46.jpg,0.40,384,192,384,0,768,384,crops/微信图片_20260823223025_36_46__w0002__s0.40.jpg,Leaf_Gall,0.714588463306427,Leaf_Gall|Felt_Leaf|Fungal_Leaf_Spot,0.714588|0.124563|0.082087,0.9178504347801208,false
微信图片_20260823223025_36_46,3,微信图片_20260823223025_36_46.jpg,微信图片_20260823223025_36_46.jpg,0.40,384,192,576,0,960,384,crops/微信图片_20260823223025_36_46__w0003__s0.40.jpg,Leaf_Gall,0.9140204191207886,Leaf_Gall|Leaf_Blight|Fungal_Leaf_Spot,0.914020|0.057814|0.012368,0.38078466057777405,true
微信图片_20260823223025_36_46,4,微信图片_20260823223025_36_46.jpg,微信图片_20260823223025_36_46.jpg,0.40,384,192,0,192,384,576,crops/微信图片_20260823223025_36_46__w0004__s0.40.jpg,Leaf_Blight,0.5196089148521423,Leaf_Blight|Leaf_Gall|Curl_Leaf,0.519609|0.238935|0.106992,1.3371877670288086,false
微信图片_20260823223025_36_46,5,微信图片_20260823223025_36_46.jpg,微信图片_20260823223025_36_46.jpg,0.40,384,192,192,192,576,576,crops/微信图片_20260823223025_36_46__w0005__s0.40.jpg,Leaf_Blight,0.9986244440078735,Leaf_Blight|Leaf_Gall|Felt_Leaf,0.998624|0.001208|0.000070,0.01118017639964819,true
微信图片_20260823223025_36_46,6,微信图片_20260823223025_36_46.jpg,微信图片_20260823223025_36_46.jpg,0.40,384,192,384,192,768,576,crops/微信图片_20260823223025_36_46__w0006__s0.40.jpg,Leaf_Blight,0.9863113760948181,Leaf_Blight|Leaf_Gall|Felt_Leaf,0.986311|0.012215|0.000741,0.07866106927394867,true
微信图片_20260823223025_36_46,7,微信图片_20260823223025_36_46.jpg,微信图片_20260823223025_36_46.jpg,0.40,384,192,576,192,960,576,crops/微信图片_20260823223025_36_46__w0007__s0.40.jpg,Leaf_Blight,0.9749036431312561,Leaf_Blight|Leaf_Gall|Felt_Leaf,0.974904|0.024224|0.000638,0.12180805951356888,true
微信图片_20260823223025_36_46,8,微信图片_20260823223025_36_46.jpg,微信图片_20260823223025_36_46.jpg,0.40,384,192,0,384,384,768,crops/微信图片_20260823223025_36_46__w0008__s0.40.jpg,Leaf_Blight,0.9584138989448547,Leaf_Blight|Leaf_Gall|Curl_Leaf,0.958414|0.030133|0.004606,0.21446721255779266,true
微信图片_20260823223025_36_46,9,微信图片_20260823223025_36_46.jpg,微信图片_20260823223025_36_46.jpg,0.40,384,192,192,384,576,768,crops/微信图片_20260823223025_36_46__w0009__s0.40.jpg,Leaf_Blight,0.8849424123764038,Leaf_Blight|Leaf_Gall|Felt_Leaf,0.884942|0.114802|0.000095,0.3591499924659729,true
微信图片_20260823223025_36_46,10,微信图片_20260823223025_36_46.jpg,微信图片_20260823223025_36_46.jpg,0.40,384,192,384,384,768,768,crops/微信图片_20260823223025_36_46__w0010__s0.40.jpg,Leaf_Blight,0.8517652153968811,Leaf_Blight|Leaf_Gall|Felt_Leaf,0.851765|0.147694|0.000181,0.4239566922187805,true
微信图片_20260823223025_36_46,11,微信图片_20260823223025_36_46.jpg,微信图片_20260823223025_36_46.jpg,0.40,384,192,576,384,960,768,crops/微信图片_20260823223025_36_46__w0011__s0.40.jpg,Leaf_Blight,0.634705126285553,Leaf_Blight|Leaf_Gall|Felt_Leaf,0.634705|0.348251|0.015340,0.7329186201095581,false
微信图片_20260823223025_36_46,12,微信图片_20260823223025_36_46.jpg,微信图片_20260823223025_36_46.jpg,0.40,384,192,0,576,384,960,crops/微信图片_20260823223025_36_46__w0012__s0.40.jpg,Leaf_Blight,0.9824345707893372,Leaf_Blight|Leaf_Gall|Curl_Leaf,0.982435|0.012733|0.002146,0.10439758002758026,true
微信图片_20260823223025_36_46,13,微信图片_20260823223025_36_46.jpg,微信图片_20260823223025_36_46.jpg,0.40,384,192,192,576,576,960,crops/微信图片_20260823223025_36_46__w0013__s0.40.jpg,Leaf_Blight,0.8923279047012329,Leaf_Blight|Leaf_Gall|Deficiency_Leaf,0.892328|0.103019|0.002103,0.366956889629364,true
微信图片_20260823223025_36_46,14,微信图片_20260823223025_36_46.jpg,微信图片_20260823223025_36_46.jpg,0.40,384,192,384,576,768,960,crops/微信图片_20260823223025_36_46__w0014__s0.40.jpg,Leaf_Gall,0.934406042098999,Leaf_Gall|Leaf_Blight|Deficiency_Leaf,0.934406|0.055978|0.005059,0.2817516326904297,true
微信图片_20260823223025_36_46,15,微信图片_20260823223025_36_46.jpg,微信图片_20260823223025_36_46.jpg,0.40,384,192,576,576,960,960,crops/微信图片_20260823223025_36_46__w0015__s0.40.jpg,Leaf_Gall,0.3795199692249298,Leaf_Gall|Leaf_Blight|Fungal_Leaf_Spot,0.379520|0.282854|0.270974,1.3285139799118042,false
微信图片_20260823223025_36_46,16,微信图片_20260823223025_36_46.jpg,微信图片_20260823223025_36_46.jpg,0.40,384,192,0,768,384,1152,crops/微信图片_20260823223025_36_46__w0016__s0.40.jpg,Leaf_Blight,0.9759973883628845,Leaf_Blight|Leaf_Gall|Healthy_Leaf,0.975997|0.015206|0.007164,0.1356334239244461,true
微信图片_20260823223025_36_46,17,微信图片_20260823223025_36_46.jpg,微信图片_20260823223025_36_46.jpg,0.40,384,192,192,768,576,1152,crops/微信图片_20260823223025_36_46__w0017__s0.40.jpg,Leaf_Blight,0.6538521647453308,Leaf_Blight|Leaf_Gall|Deficiency_Leaf,0.653852|0.282484|0.032235,0.8846319913864136,false
微信图片_20260823223025_36_46,18,微信图片_20260823223025_36_46.jpg,微信图片_20260823223025_36_46.jpg,0.40,384,192,384,768,768,1152,crops/微信图片_20260823223025_36_46__w0018__s0.40.jpg,Leaf_Gall,0.938652515411377,Leaf_Gall|Leaf_Blight|Deficiency_Leaf,0.938653|0.058818|0.001890,0.2435283660888672,true
微信图片_20260823223025_36_46,19,微信图片_20260823223025_36_46.jpg,微信图片_20260823223025_36_46.jpg,0.40,384,192,576,768,960,1152,crops/微信图片_20260823223025_36_46__w0019__s0.40.jpg,Leaf_Blight,0.6226971745491028,Leaf_Blight|Leaf_Gall|Fungal_Leaf_Spot,0.622697|0.306294|0.028489,0.9352003335952759,false
微信图片_20260823223025_36_46,20,微信图片_20260823223025_36_46.jpg,微信图片_20260823223025_36_46.jpg,0.40,384,192,0,960,384,1344,crops/微信图片_20260823223025_36_46__w0020__s0.40.jpg,Healthy_Leaf,0.8409646153450012,Healthy_Leaf|Leaf_Blight|Leaf_Gall,0.840965|0.099875|0.035672,0.6149556040763855,true
微信图片_20260823223025_36_46,21,微信图片_20260823223025_36_46.jpg,微信图片_20260823223025_36_46.jpg,0.40,384,192,192,960,576,1344,crops/微信图片_20260823223025_36_46__w0021__s0.40.jpg,Leaf_Blight,0.4906119108200073,Leaf_Blight|Healthy_Leaf|Leaf_Gall,0.490612|0.295131|0.166363,1.210484504699707,false
微信图片_20260823223025_36_46,22,微信图片_20260823223025_36_46.jpg,微信图片_20260823223025_36_46.jpg,0.40,384,192,384,960,768,1344,crops/微信图片_20260823223025_36_46__w0022__s0.40.jpg,Leaf_Blight,0.5925896763801575,Leaf_Blight|Leaf_Gall|Deficiency_Leaf,0.592590|0.395876|0.009525,0.7359359264373779,false
微信图片_20260823223025_36_46,23,微信图片_20260823223025_36_46.jpg,微信图片_20260823223025_36_46.jpg,0.40,384,192,576,960,960,1344,crops/微信图片_20260823223025_36_46__w0023__s0.40.jpg,Leaf_Gall,0.7729823589324951,Leaf_Gall|Leaf_Blight|Felt_Leaf,0.772982|0.211759|0.005144,0.6147239804267883,false
微信图片_20260823223025_36_46,24,微信图片_20260823223025_36_46.jpg,微信图片_20260823223025_36_46.jpg,0.40,384,192,0,1152,384,1536,crops/微信图片_20260823223025_36_46__w0024__s0.40.jpg,Leaf_Gall,0.90614914894104,Leaf_Gall|Leaf_Blight|Healthy_Leaf,0.906149|0.069091|0.013919,0.3893691301345825,true
微信图片_20260823223025_36_46,25,微信图片_20260823223025_36_46.jpg,微信图片_20260823223025_36_46.jpg,0.40,384,192,192,1152,576,1536,crops/微信图片_20260823223025_36_46__w0025__s0.40.jpg,Leaf_Blight,0.8864241242408752,Leaf_Blight|Leaf_Gall|Felt_Leaf,0.886424|0.102833|0.006656,0.40180158615112305,true
微信图片_20260823223025_36_46,26,微信图片_20260823223025_36_46.jpg,微信图片_20260823223025_36_46.jpg,0.40,384,192,384,1152,768,1536,crops/微信图片_20260823223025_36_46__w0026__s0.40.jpg,Leaf_Blight,0.8965269327163696,Leaf_Blight|Leaf_Gall|Curl_Leaf,0.896527|0.061643|0.024218,0.44887083768844604,true
微信图片_20260823223025_36_46,27,微信图片_20260823223025_36_46.jpg,微信图片_20260823223025_36_46.jpg,0.40,384,192,576,1152,960,1536,crops/微信图片_20260823223025_36_46__w0027__s0.40.jpg,Leaf_Gall,0.8303865194320679,Leaf_Gall|Leaf_Blight|Felt_Leaf,0.830387|0.164614|0.003760,0.48227936029434204,true
微信图片_20260823223025_36_46,28,微信图片_20260823223025_36_46.jpg,微信图片_20260823223025_36_46.jpg,0.40,384,192,0,1322,384,1706,crops/微信图片_20260823223025_36_46__w0028__s0.40.jpg,Leaf_Gall,0.4837765395641327,Leaf_Gall|Leaf_Blight|Felt_Leaf,0.483777|0.478098|0.025783,0.8680901527404785,false
微信图片_20260823223025_36_46,29,微信图片_20260823223025_36_46.jpg,微信图片_20260823223025_36_46.jpg,0.40,384,192,192,1322,576,1706,crops/微信图片_20260823223025_36_46__w0029__s0.40.jpg,Leaf_Blight,0.8546216487884521,Leaf_Blight|Leaf_Gall|Felt_Leaf,0.854622|0.070829|0.029592,0.6134650111198425,true
微信图片_20260823223025_36_46,30,微信图片_20260823223025_36_46.jpg,微信图片_20260823223025_36_46.jpg,0.40,384,192,384,1322,768,1706,crops/微信图片_20260823223025_36_46__w0030__s0.40.jpg,Leaf_Gall,0.8727958798408508,Leaf_Gall|Leaf_Blight|Felt_Leaf,0.872796|0.108177|0.012466,0.45621436834335327,true
微信图片_20260823223025_36_46,31,微信图片_20260823223025_36_46.jpg,微信图片_20260823223025_36_46.jpg,0.40,384,192,576,1322,960,1706,crops/微信图片_20260823223025_36_46__w0031__s0.40.jpg,Leaf_Gall,0.9738569259643555,Leaf_Gall|Leaf_Blight|Felt_Leaf,0.973857|0.019128|0.006244,0.13958445191383362,true
微信图片_20260823223025_36_46,32,微信图片_20260823223025_36_46.jpg,微信图片_20260823223025_36_46.jpg,0.60,576,288,0,0,576,576,crops/微信图片_20260823223025_36_46__w0032__s0.60.jpg,Leaf_Blight,0.7902051210403442,Leaf_Blight|Leaf_Gall|Fungal_Leaf_Spot,0.790205|0.145200|0.034220,0.7319816946983337,false
微信图片_20260823223025_36_46,33,微信图片_20260823223025_36_46.jpg,微信图片_20260823223025_36_46.jpg,0.60,576,288,288,0,864,576,crops/微信图片_20260823223025_36_46__w0033__s0.60.jpg,Leaf_Blight,0.6110104322433472,Leaf_Blight|Leaf_Gall|Fungal_Leaf_Spot,0.611010|0.345489|0.032041,0.8432707786560059,false
微信图片_20260823223025_36_46,34,微信图片_20260823223025_36_46.jpg,微信图片_20260823223025_36_46.jpg,0.60,576,288,384,0,960,576,crops/微信图片_20260823223025_36_46__w0034__s0.60.jpg,Leaf_Blight,0.8878076076507568,Leaf_Blight|Fungal_Leaf_Spot|Leaf_Gall,0.887808|0.070216|0.037120,0.44647014141082764,true
微信图片_20260823223025_36_46,35,微信图片_20260823223025_36_46.jpg,微信图片_20260823223025_36_46.jpg,0.60,576,288,0,288,576,864,crops/微信图片_20260823223025_36_46__w0035__s0.60.jpg,Leaf_Gall,0.5974899530410767,Leaf_Gall|Leaf_Blight|Deficiency_Leaf,0.597490|0.392930|0.004037,0.7341078519821167,false
微信图片_20260823223025_36_46,36,微信图片_20260823223025_36_46.jpg,微信图片_20260823223025_36_46.jpg,0.60,576,288,288,288,864,864,crops/微信图片_20260823223025_36_46__w0036__s0.60.jpg,Leaf_Blight,0.7221638560295105,Leaf_Blight|Leaf_Gall|Fungal_Leaf_Spot,0.722164|0.269674|0.003543,0.6383998990058899,false
微信图片_20260823223025_36_46,37,微信图片_20260823223025_36_46.jpg,微信图片_20260823223025_36_46.jpg,0.60,576,288,384,288,960,864,crops/微信图片_20260823223025_36_46__w0037__s0.60.jpg,Leaf_Blight,0.7714176177978516,Leaf_Blight|Fungal_Leaf_Spot|Leaf_Gall,0.771418|0.182008|0.036175,0.692741870880127,false
微信图片_20260823223025_36_46,38,微信图片_20260823223025_36_46.jpg,微信图片_20260823223025_36_46.jpg,0.60,576,288,0,576,576,1152,crops/微信图片_20260823223025_36_46__w0038__s0.60.jpg,Leaf_Blight,0.8587586879730225,Leaf_Blight|Leaf_Gall|Deficiency_Leaf,0.858759|0.071562|0.038256,0.5772991180419922,true
微信图片_20260823223025_36_46,39,微信图片_20260823223025_36_46.jpg,微信图片_20260823223025_36_46.jpg,0.60,576,288,288,576,864,1152,crops/微信图片_20260823223025_36_46__w0039__s0.60.jpg,Leaf_Gall,0.5542681813240051,Leaf_Gall|Leaf_Blight|Deficiency_Leaf,0.554268|0.436333|0.007189,0.7414404153823853,false
微信图片_20260823223025_36_46,40,微信图片_20260823223025_36_46.jpg,微信图片_20260823223025_36_46.jpg,0.60,576,288,384,576,960,1152,crops/微信图片_20260823223025_36_46__w0040__s0.60.jpg,Leaf_Blight,0.508651852607727,Leaf_Blight|Leaf_Gall|Deficiency_Leaf,0.508652|0.413236|0.045987,1.0045146942138672,false
微信图片_20260823223025_36_46,41,微信图片_20260823223025_36_46.jpg,微信图片_20260823223025_36_46.jpg,0.60,576,288,0,864,576,1440,crops/微信图片_20260823223025_36_46__w0041__s0.60.jpg,Leaf_Blight,0.9209062457084656,Leaf_Blight|Leaf_Gall|Deficiency_Leaf,0.920906|0.044914|0.018347,0.3659122884273529,true
微信图片_20260823223025_36_46,42,微信图片_20260823223025_36_46.jpg,微信图片_20260823223025_36_46.jpg,0.60,576,288,288,864,864,1440,crops/微信图片_20260823223025_36_46__w0042__s0.60.jpg,Leaf_Blight,0.7844966650009155,Leaf_Blight|Curl_Leaf|Deficiency_Leaf,0.784497|0.110943|0.066596,0.754211962223053,false
微信图片_20260823223025_36_46,43,微信图片_20260823223025_36_46.jpg,微信图片_20260823223025_36_46.jpg,0.60,576,288,384,864,960,1440,crops/微信图片_20260823223025_36_46__w0043__s0.60.jpg,Leaf_Blight,0.9214040637016296,Leaf_Blight|Leaf_Gall|Curl_Leaf,0.921404|0.034632|0.031849,0.3664175271987915,true
微信图片_20260823223025_36_46,44,微信图片_20260823223025_36_46.jpg,微信图片_20260823223025_36_46.jpg,0.60,576,288,0,1130,576,1706,crops/微信图片_20260823223025_36_46__w0044__s0.60.jpg,Leaf_Blight,0.99869304895401,Leaf_Blight|Leaf_Gall|Curl_Leaf,0.998693|0.000903|0.000171,0.011386866681277752,true
微信图片_20260823223025_36_46,45,微信图片_20260823223025_36_46.jpg,微信图片_20260823223025_36_46.jpg,0.60,576,288,288,1130,864,1706,crops/微信图片_20260823223025_36_46__w0045__s0.60.jpg,Leaf_Blight,0.987130343914032,Leaf_Blight|Leaf_Gall|Curl_Leaf,0.987130|0.006518|0.003229,0.08534848690032959,true
微信图片_20260823223025_36_46,46,微信图片_20260823223025_36_46.jpg,微信图片_20260823223025_36_46.jpg,0.60,576,288,384,1130,960,1706,crops/微信图片_20260823223025_36_46__w0046__s0.60.jpg,Leaf_Blight,0.9349794983863831,Leaf_Blight|Leaf_Gall|Deficiency_Leaf,0.934979|0.057464|0.005087,0.27197033166885376,true
微信图片_20260823223053_37_46,0,微信图片_20260823223053_37_46.jpg,微信图片_20260823223053_37_46.jpg,0.40,512,256,0,0,512,512,crops/微信图片_20260823223053_37_46__w0000__s0.40.jpg,Leaf_Gall,0.8667489886283875,Leaf_Gall|Leaf_Blight|Deficiency_Leaf,0.866749|0.131738|0.000761,0.4028719961643219,true
微信图片_20260823223053_37_46,1,微信图片_20260823223053_37_46.jpg,微信图片_20260823223053_37_46.jpg,0.40,512,256,256,0,768,512,crops/微信图片_20260823223053_37_46__w0001__s0.40.jpg,Leaf_Gall,0.94196617603302,Leaf_Gall|Leaf_Blight|Felt_Leaf,0.941966|0.057957|0.000034,0.22219738364219666,true
微信图片_20260823223053_37_46,2,微信图片_20260823223053_37_46.jpg,微信图片_20260823223053_37_46.jpg,0.40,512,256,512,0,1024,512,crops/微信图片_20260823223053_37_46__w0002__s0.40.jpg,Leaf_Gall,0.9391610622406006,Leaf_Gall|Leaf_Blight|Deficiency_Leaf,0.939161|0.060659|0.000093,0.23072831332683563,true
微信图片_20260823223053_37_46,3,微信图片_20260823223053_37_46.jpg,微信图片_20260823223053_37_46.jpg,0.40,512,256,768,0,1280,512,crops/微信图片_20260823223053_37_46__w0003__s0.40.jpg,Leaf_Gall,0.8398685455322266,Leaf_Gall|Leaf_Blight|Deficiency_Leaf,0.839869|0.154595|0.002364,0.4715166687965393,true
微信图片_20260823223053_37_46,4,微信图片_20260823223053_37_46.jpg,微信图片_20260823223053_37_46.jpg,0.40,512,256,0,256,512,768,crops/微信图片_20260823223053_37_46__w0004__s0.40.jpg,Leaf_Gall,0.9981942772865295,Leaf_Gall|Leaf_Blight|Deficiency_Leaf,0.998194|0.001690|0.000072,0.013750400394201279,true
微信图片_20260823223053_37_46,5,微信图片_20260823223053_37_46.jpg,微信图片_20260823223053_37_46.jpg,0.40,512,256,256,256,768,768,crops/微信图片_20260823223053_37_46__w0005__s0.40.jpg,Leaf_Gall,0.9312762022018433,Leaf_Gall|Leaf_Blight|Deficiency_Leaf,0.931276|0.067646|0.000783,0.2569122910499573,true
微信图片_20260823223053_37_46,6,微信图片_20260823223053_37_46.jpg,微信图片_20260823223053_37_46.jpg,0.40,512,256,512,256,1024,768,crops/微信图片_20260823223053_37_46__w0006__s0.40.jpg,Leaf_Blight,0.6853567957878113,Leaf_Blight|Leaf_Gall|Deficiency_Leaf,0.685357|0.311856|0.000997,0.6422635912895203,false
微信图片_20260823223053_37_46,7,微信图片_20260823223053_37_46.jpg,微信图片_20260823223053_37_46.jpg,0.40,512,256,768,256,1280,768,crops/微信图片_20260823223053_37_46__w0007__s0.40.jpg,Leaf_Gall,0.9477569460868835,Leaf_Gall|Leaf_Blight|Deficiency_Leaf,0.947757|0.048163|0.002210,0.22464078664779663,true
微信图片_20260823223053_37_46,8,微信图片_20260823223053_37_46.jpg,微信图片_20260823223053_37_46.jpg,0.40,512,256,0,512,512,1024,crops/微信图片_20260823223053_37_46__w0008__s0.40.jpg,Leaf_Gall,0.9918349981307983,Leaf_Gall|Leaf_Blight|Deficiency_Leaf,0.991835|0.007838|0.000172,0.04915234073996544,true
微信图片_20260823223053_37_46,9,微信图片_20260823223053_37_46.jpg,微信图片_20260823223053_37_46.jpg,0.40,512,256,256,512,768,1024,crops/微信图片_20260823223053_37_46__w0009__s0.40.jpg,Leaf_Gall,0.8526867628097534,Leaf_Gall|Leaf_Blight|Healthy_Leaf,0.852687|0.145707|0.000985,0.42855575680732727,true
微信图片_20260823223053_37_46,10,微信图片_20260823223053_37_46.jpg,微信图片_20260823223053_37_46.jpg,0.40,512,256,512,512,1024,1024,crops/微信图片_20260823223053_37_46__w0010__s0.40.jpg,Leaf_Gall,0.558830201625824,Leaf_Gall|Leaf_Blight|Deficiency_Leaf,0.558830|0.431395|0.006589,0.7425162196159363,false
微信图片_20260823223053_37_46,11,微信图片_20260823223053_37_46.jpg,微信图片_20260823223053_37_46.jpg,0.40,512,256,768,512,1280,1024,crops/微信图片_20260823223053_37_46__w0011__s0.40.jpg,Leaf_Gall,0.5369982719421387,Leaf_Gall|Leaf_Blight|Curl_Leaf,0.536998|0.441604|0.009838,0.8026769757270813,false
微信图片_20260823223053_37_46,12,微信图片_20260823223053_37_46.jpg,微信图片_20260823223053_37_46.jpg,0.40,512,256,0,768,512,1280,crops/微信图片_20260823223053_37_46__w0012__s0.40.jpg,Leaf_Gall,0.9831716418266296,Leaf_Gall|Leaf_Blight|Deficiency_Leaf,0.983172|0.016291|0.000285,0.08846011757850647,true
微信图片_20260823223053_37_46,13,微信图片_20260823223053_37_46.jpg,微信图片_20260823223053_37_46.jpg,0.40,512,256,256,768,768,1280,crops/微信图片_20260823223053_37_46__w0013__s0.40.jpg,Leaf_Gall,0.811439573764801,Leaf_Gall|Leaf_Blight|Deficiency_Leaf,0.811440|0.179849|0.004019,0.5297309160232544,true
微信图片_20260823223053_37_46,14,微信图片_20260823223053_37_46.jpg,微信图片_20260823223053_37_46.jpg,0.40,512,256,512,768,1024,1280,crops/微信图片_20260823223053_37_46__w0014__s0.40.jpg,Curl_Leaf,0.4787433445453644,Curl_Leaf|Leaf_Blight|Leaf_Gall,0.478743|0.364878|0.084086,1.1550718545913696,false
微信图片_20260823223053_37_46,15,微信图片_20260823223053_37_46.jpg,微信图片_20260823223053_37_46.jpg,0.40,512,256,768,768,1280,1280,crops/微信图片_20260823223053_37_46__w0015__s0.40.jpg,Leaf_Blight,0.6702309846878052,Leaf_Blight|Leaf_Gall|Curl_Leaf,0.670231|0.323105|0.002656,0.6754984855651855,false
微信图片_20260823223053_37_46,16,微信图片_20260823223053_37_46.jpg,微信图片_20260823223053_37_46.jpg,0.40,512,256,0,1024,512,1536,crops/微信图片_20260823223053_37_46__w0016__s0.40.jpg,Leaf_Gall,0.9823129773139954,Leaf_Gall|Leaf_Blight|Healthy_Leaf,0.982313|0.017536|0.000064,0.08995482325553894,true
微信图片_20260823223053_37_46,17,微信图片_20260823223053_37_46.jpg,微信图片_20260823223053_37_46.jpg,0.40,512,256,256,1024,768,1536,crops/微信图片_20260823223053_37_46__w0017__s0.40.jpg,Leaf_Gall,0.845278263092041,Leaf_Gall|Leaf_Blight|Healthy_Leaf,0.845278|0.151454|0.002515,0.4489838480949402,true
微信图片_20260823223053_37_46,18,微信图片_20260823223053_37_46.jpg,微信图片_20260823223053_37_46.jpg,0.40,512,256,512,1024,1024,1536,crops/微信图片_20260823223053_37_46__w0018__s0.40.jpg,Leaf_Blight,0.8232429623603821,Leaf_Blight|Leaf_Gall|Deficiency_Leaf,0.823243|0.173024|0.001854,0.4888969659805298,true
微信图片_20260823223053_37_46,19,微信图片_20260823223053_37_46.jpg,微信图片_20260823223053_37_46.jpg,0.40,512,256,768,1024,1280,1536,crops/微信图片_20260823223053_37_46__w0019__s0.40.jpg,Leaf_Blight,0.8758663535118103,Leaf_Blight|Leaf_Gall|Deficiency_Leaf,0.875866|0.121883|0.001179,0.3890504539012909,true
微信图片_20260823223053_37_46,20,微信图片_20260823223053_37_46.jpg,微信图片_20260823223053_37_46.jpg,0.40,512,256,0,1280,512,1792,crops/微信图片_20260823223053_37_46__w0020__s0.40.jpg,Leaf_Gall,0.8132831454277039,Leaf_Gall|Leaf_Blight|Deficiency_Leaf,0.813283|0.186253|0.000218,0.48522308468818665,true
微信图片_20260823223053_37_46,21,微信图片_20260823223053_37_46.jpg,微信图片_20260823223053_37_46.jpg,0.40,512,256,256,1280,768,1792,crops/微信图片_20260823223053_37_46__w0021__s0.40.jpg,Leaf_Gall,0.9429325461387634,Leaf_Gall|Leaf_Blight|Deficiency_Leaf,0.942933|0.056668|0.000198,0.22161296010017395,true
微信图片_20260823223053_37_46,22,微信图片_20260823223053_37_46.jpg,微信图片_20260823223053_37_46.jpg,0.40,512,256,512,1280,1024,1792,crops/微信图片_20260823223053_37_46__w0022__s0.40.jpg,Leaf_Blight,0.5815234184265137,Leaf_Blight|Leaf_Gall|Deficiency_Leaf,0.581523|0.407421|0.004922,0.7429566383361816,false
微信图片_20260823223053_37_46,23,微信图片_20260823223053_37_46.jpg,微信图片_20260823223053_37_46.jpg,0.40,512,256,768,1280,1280,1792,crops/微信图片_20260823223053_37_46__w0023__s0.40.jpg,Leaf_Blight,0.9033603668212891,Leaf_Blight|Leaf_Gall|Curl_Leaf,0.903360|0.083670|0.006576,0.37071746587753296,true
微信图片_20260823223053_37_46,24,微信图片_20260823223053_37_46.jpg,微信图片_20260823223053_37_46.jpg,0.40,512,256,0,1536,512,2048,crops/微信图片_20260823223053_37_46__w0024__s0.40.jpg,Leaf_Blight,0.9862455129623413,Leaf_Blight|Leaf_Gall|Deficiency_Leaf,0.986246|0.013503|0.000084,0.0742473378777504,true
微信图片_20260823223053_37_46,25,微信图片_20260823223053_37_46.jpg,微信图片_20260823223053_37_46.jpg,0.40,512,256,256,1536,768,2048,crops/微信图片_20260823223053_37_46__w0025__s0.40.jpg,Leaf_Gall,0.6443918943405151,Leaf_Gall|Leaf_Blight|Healthy_Leaf,0.644392|0.354326|0.000678,0.6608275175094604,false
微信图片_20260823223053_37_46,26,微信图片_20260823223053_37_46.jpg,微信图片_20260823223053_37_46.jpg,0.40,512,256,512,1536,1024,2048,crops/微信图片_20260823223053_37_46__w0026__s0.40.jpg,Leaf_Gall,0.698480486869812,Leaf_Gall|Leaf_Blight|Healthy_Leaf,0.698480|0.251526|0.042434,0.7755482792854309,false
微信图片_20260823223053_37_46,27,微信图片_20260823223053_37_46.jpg,微信图片_20260823223053_37_46.jpg,0.40,512,256,768,1536,1280,2048,crops/微信图片_20260823223053_37_46__w0027__s0.40.jpg,Leaf_Blight,0.6049878001213074,Leaf_Blight|Leaf_Gall|Curl_Leaf,0.604988|0.226770|0.082908,1.0935533046722412,false
微信图片_20260823223053_37_46,28,微信图片_20260823223053_37_46.jpg,微信图片_20260823223053_37_46.jpg,0.40,512,256,0,1763,512,2275,crops/微信图片_20260823223053_37_46__w0028__s0.40.jpg,Leaf_Blight,0.9964242577552795,Leaf_Blight|Leaf_Gall|Felt_Leaf,0.996424|0.003268|0.000094,0.025246264412999153,true
微信图片_20260823223053_37_46,29,微信图片_20260823223053_37_46.jpg,微信图片_20260823223053_37_46.jpg,0.40,512,256,256,1763,768,2275,crops/微信图片_20260823223053_37_46__w0029__s0.40.jpg,Leaf_Blight,0.9703004360198975,Leaf_Blight|Leaf_Gall|Deficiency_Leaf,0.970300|0.025167|0.002250,0.15207523107528687,true
微信图片_20260823223053_37_46,30,微信图片_20260823223053_37_46.jpg,微信图片_20260823223053_37_46.jpg,0.40,512,256,512,1763,1024,2275,crops/微信图片_20260823223053_37_46__w0030__s0.40.jpg,Leaf_Blight,0.7313803434371948,Leaf_Blight|Leaf_Gall|Deficiency_Leaf,0.731380|0.265040|0.002056,0.6053214073181152,false
微信图片_20260823223053_37_46,31,微信图片_20260823223053_37_46.jpg,微信图片_20260823223053_37_46.jpg,0.40,512,256,768,1763,1280,2275,crops/微信图片_20260823223053_37_46__w0031__s0.40.jpg,Leaf_Blight,0.8157508373260498,Leaf_Blight|Leaf_Gall|Deficiency_Leaf,0.815751|0.169103|0.009299,0.549135684967041,true
微信图片_20260823223053_37_46,32,微信图片_20260823223053_37_46.jpg,微信图片_20260823223053_37_46.jpg,0.60,768,384,0,0,768,768,crops/微信图片_20260823223053_37_46__w0032__s0.60.jpg,Leaf_Gall,0.7654027938842773,Leaf_Gall|Leaf_Blight|Deficiency_Leaf,0.765403|0.229591|0.002690,0.5756958723068237,false
微信图片_20260823223053_37_46,33,微信图片_20260823223053_37_46.jpg,微信图片_20260823223053_37_46.jpg,0.60,768,384,384,0,1152,768,crops/微信图片_20260823223053_37_46__w0033__s0.60.jpg,Leaf_Gall,0.7890958189964294,Leaf_Gall|Leaf_Blight|Deficiency_Leaf,0.789096|0.209142|0.001093,0.5274084806442261,false
微信图片_20260823223053_37_46,34,微信图片_20260823223053_37_46.jpg,微信图片_20260823223053_37_46.jpg,0.60,768,384,512,0,1280,768,crops/微信图片_20260823223053_37_46__w0034__s0.60.jpg,Leaf_Gall,0.6512975692749023,Leaf_Gall|Leaf_Blight|Deficiency_Leaf,0.651298|0.345902|0.001312,0.6667912006378174,false
微信图片_20260823223053_37_46,35,微信图片_20260823223053_37_46.jpg,微信图片_20260823223053_37_46.jpg,0.60,768,384,0,384,768,1152,crops/微信图片_20260823223053_37_46__w0035__s0.60.jpg,Leaf_Gall,0.7987297177314758,Leaf_Gall|Leaf_Blight|Deficiency_Leaf,0.798730|0.197099|0.001396,0.529211163520813,false
微信图片_20260823223053_37_46,36,微信图片_20260823223053_37_46.jpg,微信图片_20260823223053_37_46.jpg,0.60,768,384,384,384,1152,1152,crops/微信图片_20260823223053_37_46__w0036__s0.60.jpg,Leaf_Gall,0.5855616927146912,Leaf_Gall|Leaf_Blight|Curl_Leaf,0.585562|0.385855|0.012498,0.8203644752502441,false
微信图片_20260823223053_37_46,37,微信图片_20260823223053_37_46.jpg,微信图片_20260823223053_37_46.jpg,0.60,768,384,512,384,1280,1152,crops/微信图片_20260823223053_37_46__w0037__s0.60.jpg,Leaf_Blight,0.6335394382476807,Leaf_Blight|Curl_Leaf|Leaf_Gall,0.633539|0.253230|0.091746,0.9569631814956665,false
微信图片_20260823223053_37_46,38,微信图片_20260823223053_37_46.jpg,微信图片_20260823223053_37_46.jpg,0.60,768,384,0,768,768,1536,crops/微信图片_20260823223053_37_46__w0038__s0.60.jpg,Leaf_Gall,0.9231799840927124,Leaf_Gall|Leaf_Blight|Deficiency_Leaf,0.923180|0.076546|0.000143,0.2730870544910431,true
微信图片_20260823223053_37_46,39,微信图片_20260823223053_37_46.jpg,微信图片_20260823223053_37_46.jpg,0.60,768,384,384,768,1152,1536,crops/微信图片_20260823223053_37_46__w0039__s0.60.jpg,Leaf_Gall,0.5080979466438293,Leaf_Gall|Leaf_Blight|Deficiency_Leaf,0.508098|0.486322|0.003556,0.729234516620636,false
微信图片_20260823223053_37_46,40,微信图片_20260823223053_37_46.jpg,微信图片_20260823223053_37_46.jpg,0.60,768,384,512,768,1280,1536,crops/微信图片_20260823223053_37_46__w0040__s0.60.jpg,Leaf_Blight,0.8267939686775208,Leaf_Blight|Leaf_Gall|Deficiency_Leaf,0.826794|0.169197|0.002031,0.4851747453212738,true
微信图片_20260823223053_37_46,41,微信图片_20260823223053_37_46.jpg,微信图片_20260823223053_37_46.jpg,0.60,768,384,0,1152,768,1920,crops/微信图片_20260823223053_37_46__w0041__s0.60.jpg,Leaf_Gall,0.8394770622253418,Leaf_Gall|Leaf_Blight|Deficiency_Leaf,0.839477|0.160203|0.000216,0.44317448139190674,true
微信图片_20260823223053_37_46,42,微信图片_20260823223053_37_46.jpg,微信图片_20260823223053_37_46.jpg,0.60,768,384,384,1152,1152,1920,crops/微信图片_20260823223053_37_46__w0042__s0.60.jpg,Leaf_Gall,0.5095446705818176,Leaf_Gall|Leaf_Blight|Deficiency_Leaf,0.509545|0.486361|0.002238,0.7214338779449463,false
微信图片_20260823223053_37_46,43,微信图片_20260823223053_37_46.jpg,微信图片_20260823223053_37_46.jpg,0.60,768,384,512,1152,1280,1920,crops/微信图片_20260823223053_37_46__w0043__s0.60.jpg,Leaf_Blight,0.6722107529640198,Leaf_Blight|Leaf_Gall|Deficiency_Leaf,0.672211|0.325178|0.000959,0.6512150764465332,false
微信图片_20260823223053_37_46,44,微信图片_20260823223053_37_46.jpg,微信图片_20260823223053_37_46.jpg,0.60,768,384,0,1507,768,2275,crops/微信图片_20260823223053_37_46__w0044__s0.60.jpg,Leaf_Gall,0.7299082279205322,Leaf_Gall|Leaf_Blight|Deficiency_Leaf,0.729908|0.251606|0.011388,0.6736158132553101,false
微信图片_20260823223053_37_46,45,微信图片_20260823223053_37_46.jpg,微信图片_20260823223053_37_46.jpg,0.60,768,384,384,1507,1152,2275,crops/微信图片_20260823223053_37_46__w0045__s0.60.jpg,Leaf_Gall,0.5328672528266907,Leaf_Gall|Leaf_Blight|Deficiency_Leaf,0.532867|0.444334|0.012825,0.8083743453025818,false
微信图片_20260823223053_37_46,46,微信图片_20260823223053_37_46.jpg,微信图片_20260823223053_37_46.jpg,0.60,768,384,512,1507,1280,2275,crops/微信图片_20260823223053_37_46__w0046__s0.60.jpg,Leaf_Gall,0.5613312125205994,Leaf_Gall|Leaf_Blight|Deficiency_Leaf,0.561331|0.425878|0.006491,0.7578808069229126,false
微信图片_20260823223054_38_46,0,微信图片_20260823223054_38_46.jpg,微信图片_20260823223054_38_46.jpg,0.40,512,256,0,0,512,512,crops/微信图片_20260823223054_38_46__w0000__s0.40.jpg,Leaf_Gall,0.9256778955459595,Leaf_Gall|Leaf_Blight|Fungal_Leaf_Spot,0.925678|0.061723|0.003987,0.31920188665390015,true
微信图片_20260823223054_38_46,1,微信图片_20260823223054_38_46.jpg,微信图片_20260823223054_38_46.jpg,0.40,512,256,256,0,768,512,crops/微信图片_20260823223054_38_46__w0001__s0.40.jpg,Leaf_Gall,0.8691993355751038,Leaf_Gall|Leaf_Blight|Felt_Leaf,0.869199|0.124179|0.003434,0.42387327551841736,true
微信图片_20260823223054_38_46,2,微信图片_20260823223054_38_46.jpg,微信图片_20260823223054_38_46.jpg,0.40,512,256,512,0,1024,512,crops/微信图片_20260823223054_38_46__w0002__s0.40.jpg,Leaf_Gall,0.5368752479553223,Leaf_Gall|Leaf_Blight|Deficiency_Leaf,0.536875|0.457572|0.003384,0.7260536551475525,false
微信图片_20260823223054_38_46,3,微信图片_20260823223054_38_46.jpg,微信图片_20260823223054_38_46.jpg,0.40,512,256,768,0,1280,512,crops/微信图片_20260823223054_38_46__w0003__s0.40.jpg,Leaf_Blight,0.9465497732162476,Leaf_Blight|Leaf_Gall|Felt_Leaf,0.946550|0.053311|0.000063,0.2097087800502777,true
微信图片_20260823223054_38_46,4,微信图片_20260823223054_38_46.jpg,微信图片_20260823223054_38_46.jpg,0.40,512,256,0,256,512,768,crops/微信图片_20260823223054_38_46__w0004__s0.40.jpg,Leaf_Gall,0.8150514960289001,Leaf_Gall|Leaf_Blight|Deficiency_Leaf,0.815051|0.154191|0.009355,0.6117643713951111,true
微信图片_20260823223054_38_46,5,微信图片_20260823223054_38_46.jpg,微信图片_20260823223054_38_46.jpg,0.40,512,256,256,256,768,768,crops/微信图片_20260823223054_38_46__w0005__s0.40.jpg,Leaf_Gall,0.9004759788513184,Leaf_Gall|Leaf_Blight|Deficiency_Leaf,0.900476|0.095310|0.001949,0.3477827310562134,true
微信图片_20260823223054_38_46,6,微信图片_20260823223054_38_46.jpg,微信图片_20260823223054_38_46.jpg,0.40,512,256,512,256,1024,768,crops/微信图片_20260823223054_38_46__w0006__s0.40.jpg,Leaf_Blight,0.6153613328933716,Leaf_Blight|Leaf_Gall|Curl_Leaf,0.615361|0.373759|0.004552,0.729799747467041,false
微信图片_20260823223054_38_46,7,微信图片_20260823223054_38_46.jpg,微信图片_20260823223054_38_46.jpg,0.40,512,256,768,256,1280,768,crops/微信图片_20260823223054_38_46__w0007__s0.40.jpg,Leaf_Gall,0.9631801843643188,Leaf_Gall|Leaf_Blight|Felt_Leaf,0.963180|0.035932|0.000728,0.1624455451965332,true
微信图片_20260823223054_38_46,8,微信图片_20260823223054_38_46.jpg,微信图片_20260823223054_38_46.jpg,0.40,512,256,0,512,512,1024,crops/微信图片_20260823223054_38_46__w0008__s0.40.jpg,Leaf_Gall,0.7517935037612915,Leaf_Gall|Leaf_Blight|Deficiency_Leaf,0.751794|0.193288|0.024312,0.7755606174468994,false
微信图片_20260823223054_38_46,9,微信图片_20260823223054_38_46.jpg,微信图片_20260823223054_38_46.jpg,0.40,512,256,256,512,768,1024,crops/微信图片_20260823223054_38_46__w0009__s0.40.jpg,Leaf_Gall,0.8960641026496887,Leaf_Gall|Leaf_Blight|Deficiency_Leaf,0.896064|0.082629|0.015475,0.4076780676841736,true
微信图片_20260823223054_38_46,10,微信图片_20260823223054_38_46.jpg,微信图片_20260823223054_38_46.jpg,0.40,512,256,512,512,1024,1024,crops/微信图片_20260823223054_38_46__w0010__s0.40.jpg,Leaf_Gall,0.8406229019165039,Leaf_Gall|Leaf_Blight|Deficiency_Leaf,0.840623|0.148472|0.006586,0.49146053194999695,true
微信图片_20260823223054_38_46,11,微信图片_20260823223054_38_46.jpg,微信图片_20260823223054_38_46.jpg,0.40,512,256,768,512,1280,1024,crops/微信图片_20260823223054_38_46__w0011__s0.40.jpg,Leaf_Gall,0.887575089931488,Leaf_Gall|Leaf_Blight|Deficiency_Leaf,0.887575|0.095769|0.006833,0.42434459924697876,true
微信图片_20260823223054_38_46,12,微信图片_20260823223054_38_46.jpg,微信图片_20260823223054_38_46.jpg,0.40,512,256,0,768,512,1280,crops/微信图片_20260823223054_38_46__w0012__s0.40.jpg,Leaf_Blight,0.2821265757083893,Leaf_Blight|Leaf_Gall|Fungal_Leaf_Spot,0.282127|0.238234|0.108359,1.9657714366912842,false
微信图片_20260823223054_38_46,13,微信图片_20260823223054_38_46.jpg,微信图片_20260823223054_38_46.jpg,0.40,512,256,256,768,768,1280,crops/微信图片_20260823223054_38_46__w0013__s0.40.jpg,Leaf_Blight,0.4225293695926666,Leaf_Blight|Leaf_Gall|Fungal_Leaf_Spot,0.422529|0.342821|0.069828,1.4614282846450806,false
微信图片_20260823223054_38_46,14,微信图片_20260823223054_38_46.jpg,微信图片_20260823223054_38_46.jpg,0.40,512,256,512,768,1024,1280,crops/微信图片_20260823223054_38_46__w0014__s0.40.jpg,Leaf_Gall,0.8872873187065125,Leaf_Gall|Leaf_Blight|Deficiency_Leaf,0.887287|0.103940|0.002923,0.39640703797340393,true
微信图片_20260823223054_38_46,15,微信图片_20260823223054_38_46.jpg,微信图片_20260823223054_38_46.jpg,0.40,512,256,768,768,1280,1280,crops/微信图片_20260823223054_38_46__w0015__s0.40.jpg,Leaf_Gall,0.8220134973526001,Leaf_Gall|Leaf_Blight|Fungal_Leaf_Spot,0.822013|0.165079|0.005183,0.5352859497070312,true
微信图片_20260823223054_38_46,16,微信图片_20260823223054_38_46.jpg,微信图片_20260823223054_38_46.jpg,0.40,512,256,0,1024,512,1536,crops/微信图片_20260823223054_38_46__w0016__s0.40.jpg,Leaf_Gall,0.9724677801132202,Leaf_Gall|Leaf_Blight|Deficiency_Leaf,0.972468|0.012364|0.008121,0.1663249433040619,true
微信图片_20260823223054_38_46,17,微信图片_20260823223054_38_46.jpg,微信图片_20260823223054_38_46.jpg,0.40,512,256,256,1024,768,1536,crops/微信图片_20260823223054_38_46__w0017__s0.40.jpg,Leaf_Gall,0.9133619070053101,Leaf_Gall|Leaf_Blight|Deficiency_Leaf,0.913362|0.059232|0.016975,0.3834161162376404,true
微信图片_20260823223054_38_46,18,微信图片_20260823223054_38_46.jpg,微信图片_20260823223054_38_46.jpg,0.40,512,256,512,1024,1024,1536,crops/微信图片_20260823223054_38_46__w0018__s0.40.jpg,Leaf_Blight,0.6621576547622681,Leaf_Blight|Leaf_Gall|Deficiency_Leaf,0.662158|0.282224|0.035877,0.8526806831359863,false
微信图片_20260823223054_38_46,19,微信图片_20260823223054_38_46.jpg,微信图片_20260823223054_38_46.jpg,0.40,512,256,768,1024,1280,1536,crops/微信图片_20260823223054_38_46__w0019__s0.40.jpg,Leaf_Gall,0.9792793989181519,Leaf_Gall|Leaf_Blight|Deficiency_Leaf,0.979279|0.018806|0.001246,0.10964149981737137,true
微信图片_20260823223054_38_46,20,微信图片_20260823223054_38_46.jpg,微信图片_20260823223054_38_46.jpg,0.40,512,256,0,1280,512,1792,crops/微信图片_20260823223054_38_46__w0020__s0.40.jpg,Leaf_Gall,0.990998387336731,Leaf_Gall|Leaf_Blight|Deficiency_Leaf,0.990998|0.007848|0.000714,0.056104037910699844,true
微信图片_20260823223054_38_46,21,微信图片_20260823223054_38_46.jpg,微信图片_20260823223054_38_46.jpg,0.40,512,256,256,1280,768,1792,crops/微信图片_20260823223054_38_46__w0021__s0.40.jpg,Leaf_Gall,0.9375479221343994,Leaf_Gall|Leaf_Blight|Deficiency_Leaf,0.937548|0.061444|0.000402,0.2402126044034958,true
微信图片_20260823223054_38_46,22,微信图片_20260823223054_38_46.jpg,微信图片_20260823223054_38_46.jpg,0.40,512,256,512,1280,1024,1792,crops/微信图片_20260823223054_38_46__w0022__s0.40.jpg,Leaf_Blight,0.680391252040863,Leaf_Blight|Leaf_Gall|Deficiency_Leaf,0.680391|0.237255|0.038415,0.9134508371353149,false
微信图片_20260823223054_38_46,23,微信图片_20260823223054_38_46.jpg,微信图片_20260823223054_38_46.jpg,0.40,512,256,768,1280,1280,1792,crops/微信图片_20260823223054_38_46__w0023__s0.40.jpg,Leaf_Gall,0.9346479177474976,Leaf_Gall|Leaf_Blight|Deficiency_Leaf,0.934648|0.058487|0.005869,0.2677134573459625,true
微信图片_20260823223054_38_46,24,微信图片_20260823223054_38_46.jpg,微信图片_20260823223054_38_46.jpg,0.40,512,256,0,1536,512,2048,crops/微信图片_20260823223054_38_46__w0024__s0.40.jpg,Leaf_Gall,0.9322770237922668,Leaf_Gall|Leaf_Blight|Fungal_Leaf_Spot,0.932277|0.056469|0.004893,0.2935541868209839,true
微信图片_20260823223054_38_46,25,微信图片_20260823223054_38_46.jpg,微信图片_20260823223054_38_46.jpg,0.40,512,256,256,1536,768,2048,crops/微信图片_20260823223054_38_46__w0025__s0.40.jpg,Leaf_Gall,0.6462723612785339,Leaf_Gall|Leaf_Blight|Felt_Leaf,0.646272|0.349815|0.003193,0.6740064024925232,false
微信图片_20260823223054_38_46,26,微信图片_20260823223054_38_46.jpg,微信图片_20260823223054_38_46.jpg,0.40,512,256,512,1536,1024,2048,crops/微信图片_20260823223054_38_46__w0026__s0.40.jpg,Leaf_Blight,0.5054470896720886,Leaf_Blight|Leaf_Gall|Felt_Leaf,0.505447|0.428329|0.045933,0.9523202180862427,false
微信图片_20260823223054_38_46,27,微信图片_20260823223054_38_46.jpg,微信图片_20260823223054_38_46.jpg,0.40,512,256,768,1536,1280,2048,crops/微信图片_20260823223054_38_46__w0027__s0.40.jpg,Leaf_Gall,0.6879720687866211,Leaf_Gall|Leaf_Blight|Deficiency_Leaf,0.687972|0.273404|0.034257,0.757584810256958,false
微信图片_20260823223054_38_46,28,微信图片_20260823223054_38_46.jpg,微信图片_20260823223054_38_46.jpg,0.40,512,256,0,1763,512,2275,crops/微信图片_20260823223054_38_46__w0028__s0.40.jpg,Leaf_Gall,0.8655753135681152,Leaf_Gall|Leaf_Blight|Deficiency_Leaf,0.865575|0.111966|0.006642,0.49585050344467163,true
微信图片_20260823223054_38_46,29,微信图片_20260823223054_38_46.jpg,微信图片_20260823223054_38_46.jpg,0.40,512,256,256,1763,768,2275,crops/微信图片_20260823223054_38_46__w0029__s0.40.jpg,Leaf_Blight,0.6936295032501221,Leaf_Blight|Leaf_Gall|Felt_Leaf,0.693630|0.283136|0.009875,0.7349238991737366,false
微信图片_20260823223054_38_46,30,微信图片_20260823223054_38_46.jpg,微信图片_20260823223054_38_46.jpg,0.40,512,256,512,1763,1024,2275,crops/微信图片_20260823223054_38_46__w0030__s0.40.jpg,Leaf_Blight,0.9181265234947205,Leaf_Blight|Leaf_Gall|Curl_Leaf,0.918127|0.048670|0.014888,0.3818432688713074,true
微信图片_20260823223054_38_46,31,微信图片_20260823223054_38_46.jpg,微信图片_20260823223054_38_46.jpg,0.40,512,256,768,1763,1280,2275,crops/微信图片_20260823223054_38_46__w0031__s0.40.jpg,Leaf_Blight,0.48463672399520874,Leaf_Blight|Leaf_Gall|Deficiency_Leaf,0.484637|0.473096|0.030627,0.8799475431442261,false
微信图片_20260823223054_38_46,32,微信图片_20260823223054_38_46.jpg,微信图片_20260823223054_38_46.jpg,0.60,768,384,0,0,768,768,crops/微信图片_20260823223054_38_46__w0032__s0.60.jpg,Leaf_Gall,0.6388842463493347,Leaf_Gall|Leaf_Blight|Curl_Leaf,0.638884|0.225267|0.035743,1.1399284601211548,false
微信图片_20260823223054_38_46,33,微信图片_20260823223054_38_46.jpg,微信图片_20260823223054_38_46.jpg,0.60,768,384,384,0,1152,768,crops/微信图片_20260823223054_38_46__w0033__s0.60.jpg,Leaf_Gall,0.7624031901359558,Leaf_Gall|Leaf_Blight|Deficiency_Leaf,0.762403|0.219945|0.009949,0.6353930234909058,false
微信图片_20260823223054_38_46,34,微信图片_20260823223054_38_46.jpg,微信图片_20260823223054_38_46.jpg,0.60,768,384,512,0,1280,768,crops/微信图片_20260823223054_38_46__w0034__s0.60.jpg,Leaf_Gall,0.9128914475440979,Leaf_Gall|Leaf_Blight|Deficiency_Leaf,0.912891|0.080401|0.002617,0.3291485905647278,true
微信图片_20260823223054_38_46,35,微信图片_20260823223054_38_46.jpg,微信图片_20260823223054_38_46.jpg,0.60,768,384,0,384,768,1152,crops/微信图片_20260823223054_38_46__w0035__s0.60.jpg,Leaf_Gall,0.5352247357368469,Leaf_Gall|Leaf_Blight|Deficiency_Leaf,0.535225|0.169263|0.138534,1.4479647874832153,false
微信图片_20260823223054_38_46,36,微信图片_20260823223054_38_46.jpg,微信图片_20260823223054_38_46.jpg,0.60,768,384,384,384,1152,1152,crops/微信图片_20260823223054_38_46__w0036__s0.60.jpg,Leaf_Gall,0.6483065485954285,Leaf_Gall|Leaf_Blight|Fungal_Leaf_Spot,0.648307|0.272756|0.026694,0.9735153913497925,false
微信图片_20260823223054_38_46,37,微信图片_20260823223054_38_46.jpg,微信图片_20260823223054_38_46.jpg,0.60,768,384,512,384,1280,1152,crops/微信图片_20260823223054_38_46__w0037__s0.60.jpg,Leaf_Gall,0.9271246194839478,Leaf_Gall|Leaf_Blight|Felt_Leaf,0.927125|0.049396|0.010346,0.344254732131958,true
微信图片_20260823223054_38_46,38,微信图片_20260823223054_38_46.jpg,微信图片_20260823223054_38_46.jpg,0.60,768,384,0,768,768,1536,crops/微信图片_20260823223054_38_46__w0038__s0.60.jpg,Leaf_Gall,0.9319074749946594,Leaf_Gall|Leaf_Blight|Deficiency_Leaf,0.931907|0.024343|0.013459,0.36349549889564514,true
微信图片_20260823223054_38_46,39,微信图片_20260823223054_38_46.jpg,微信图片_20260823223054_38_46.jpg,0.60,768,384,384,768,1152,1536,crops/微信图片_20260823223054_38_46__w0039__s0.60.jpg,Leaf_Gall,0.5450239777565002,Leaf_Gall|Leaf_Blight|Fungal_Leaf_Spot,0.545024|0.191599|0.108986,1.4096214771270752,false
微信图片_20260823223054_38_46,40,微信图片_20260823223054_38_46.jpg,微信图片_20260823223054_38_46.jpg,0.60,768,384,512,768,1280,1536,crops/微信图片_20260823223054_38_46__w0040__s0.60.jpg,Leaf_Gall,0.5026307702064514,Leaf_Gall|Leaf_Blight|Fungal_Leaf_Spot,0.502631|0.227927|0.102244,1.500622034072876,false
微信图片_20260823223054_38_46,41,微信图片_20260823223054_38_46.jpg,微信图片_20260823223054_38_46.jpg,0.60,768,384,0,1152,768,1920,crops/微信图片_20260823223054_38_46__w0041__s0.60.jpg,Leaf_Gall,0.9224338531494141,Leaf_Gall|Leaf_Blight|Felt_Leaf,0.922434|0.058449|0.009538,0.3405122756958008,true
微信图片_20260823223054_38_46,42,微信图片_20260823223054_38_46.jpg,微信图片_20260823223054_38_46.jpg,0.60,768,384,384,1152,1152,1920,crops/微信图片_20260823223054_38_46__w0042__s0.60.jpg,Leaf_Gall,0.7361574769020081,Leaf_Gall|Leaf_Blight|Curl_Leaf,0.736157|0.166798|0.034586,0.9059150218963623,false
微信图片_20260823223054_38_46,43,微信图片_20260823223054_38_46.jpg,微信图片_20260823223054_38_46.jpg,0.60,768,384,512,1152,1280,1920,crops/微信图片_20260823223054_38_46__w0043__s0.60.jpg,Leaf_Gall,0.6182225942611694,Leaf_Gall|Leaf_Blight|Curl_Leaf,0.618223|0.313831|0.024690,0.9428737163543701,false
微信图片_20260823223054_38_46,44,微信图片_20260823223054_38_46.jpg,微信图片_20260823223054_38_46.jpg,0.60,768,384,0,1507,768,2275,crops/微信图片_20260823223054_38_46__w0044__s0.60.jpg,Leaf_Gall,0.5219800472259521,Leaf_Gall|Leaf_Blight|Fungal_Leaf_Spot,0.521980|0.393499|0.037889,1.0460039377212524,false
微信图片_20260823223054_38_46,45,微信图片_20260823223054_38_46.jpg,微信图片_20260823223054_38_46.jpg,0.60,768,384,384,1507,1152,2275,crops/微信图片_20260823223054_38_46__w0045__s0.60.jpg,Leaf_Blight,0.5219286680221558,Leaf_Blight|Leaf_Gall|Curl_Leaf,0.521929|0.229245|0.111979,1.3331419229507446,false
微信图片_20260823223054_38_46,46,微信图片_20260823223054_38_46.jpg,微信图片_20260823223054_38_46.jpg,0.60,768,384,512,1507,1280,2275,crops/微信图片_20260823223054_38_46__w0046__s0.60.jpg,Leaf_Blight,0.5331374406814575,Leaf_Blight|Leaf_Gall|Deficiency_Leaf,0.533137|0.385069|0.047430,1.0046136379241943,false
微信图片_20260823223055_39_46,0,微信图片_20260823223055_39_46.jpg,微信图片_20260823223055_39_46.jpg,0.40,384,192,0,0,384,384,crops/微信图片_20260823223055_39_46__w0000__s0.40.jpg,Leaf_Gall,0.9963429570198059,Leaf_Gall|Leaf_Blight|Deficiency_Leaf,0.996343|0.003393|0.000089,0.025491323322057724,true
微信图片_20260823223055_39_46,1,微信图片_20260823223055_39_46.jpg,微信图片_20260823223055_39_46.jpg,0.40,384,192,192,0,576,384,crops/微信图片_20260823223055_39_46__w0001__s0.40.jpg,Leaf_Gall,0.9648154377937317,Leaf_Gall|Leaf_Blight|Deficiency_Leaf,0.964815|0.033525|0.001118,0.16080090403556824,true
微信图片_20260823223055_39_46,2,微信图片_20260823223055_39_46.jpg,微信图片_20260823223055_39_46.jpg,0.40,384,192,384,0,768,384,crops/微信图片_20260823223055_39_46__w0002__s0.40.jpg,Leaf_Gall,0.9716381430625916,Leaf_Gall|Leaf_Blight|Deficiency_Leaf,0.971638|0.023128|0.003249,0.14861679077148438,true
微信图片_20260823223055_39_46,3,微信图片_20260823223055_39_46.jpg,微信图片_20260823223055_39_46.jpg,0.40,384,192,576,0,960,384,crops/微信图片_20260823223055_39_46__w0003__s0.40.jpg,Leaf_Gall,0.9966637492179871,Leaf_Gall|Leaf_Blight|Felt_Leaf,0.996664|0.002685|0.000357,0.02474641427397728,true
微信图片_20260823223055_39_46,4,微信图片_20260823223055_39_46.jpg,微信图片_20260823223055_39_46.jpg,0.40,384,192,0,192,384,576,crops/微信图片_20260823223055_39_46__w0004__s0.40.jpg,Leaf_Gall,0.8880984783172607,Leaf_Gall|Leaf_Blight|Healthy_Leaf,0.888098|0.095257|0.011161,0.4151133894920349,true
微信图片_20260823223055_39_46,5,微信图片_20260823223055_39_46.jpg,微信图片_20260823223055_39_46.jpg,0.40,384,192,192,192,576,576,crops/微信图片_20260823223055_39_46__w0005__s0.40.jpg,Leaf_Gall,0.869312584400177,Leaf_Gall|Leaf_Blight|Deficiency_Leaf,0.869313|0.114062|0.015593,0.44280892610549927,true
微信图片_20260823223055_39_46,6,微信图片_20260823223055_39_46.jpg,微信图片_20260823223055_39_46.jpg,0.40,384,192,384,192,768,576,crops/微信图片_20260823223055_39_46__w0006__s0.40.jpg,Leaf_Gall,0.8610677123069763,Leaf_Gall|Leaf_Blight|Deficiency_Leaf,0.861068|0.136213|0.002275,0.4181494116783142,true
微信图片_20260823223055_39_46,7,微信图片_20260823223055_39_46.jpg,微信图片_20260823223055_39_46.jpg,0.40,384,192,576,192,960,576,crops/微信图片_20260823223055_39_46__w0007__s0.40.jpg,Leaf_Gall,0.9434052109718323,Leaf_Gall|Leaf_Blight|Felt_Leaf,0.943405|0.056442|0.000090,0.21871747076511383,true
微信图片_20260823223055_39_46,8,微信图片_20260823223055_39_46.jpg,微信图片_20260823223055_39_46.jpg,0.40,384,192,0,384,384,768,crops/微信图片_20260823223055_39_46__w0008__s0.40.jpg,Leaf_Blight,0.8974469304084778,Leaf_Blight|Leaf_Gall|Healthy_Leaf,0.897447|0.072293|0.021866,0.41824644804000854,true
微信图片_20260823223055_39_46,9,微信图片_20260823223055_39_46.jpg,微信图片_20260823223055_39_46.jpg,0.40,384,192,192,384,576,768,crops/微信图片_20260823223055_39_46__w0009__s0.40.jpg,Deficiency_Leaf,0.796858549118042,Deficiency_Leaf|Leaf_Gall|Leaf_Blight,0.796859|0.142604|0.057498,0.6452606320381165,false
微信图片_20260823223055_39_46,10,微信图片_20260823223055_39_46.jpg,微信图片_20260823223055_39_46.jpg,0.40,384,192,384,384,768,768,crops/微信图片_20260823223055_39_46__w0010__s0.40.jpg,Leaf_Blight,0.9250040054321289,Leaf_Blight|Leaf_Gall|Deficiency_Leaf,0.925004|0.071550|0.002228,0.2839864492416382,true
微信图片_20260823223055_39_46,11,微信图片_20260823223055_39_46.jpg,微信图片_20260823223055_39_46.jpg,0.40,384,192,576,384,960,768,crops/微信图片_20260823223055_39_46__w0011__s0.40.jpg,Leaf_Gall,0.8066115975379944,Leaf_Gall|Leaf_Blight|Felt_Leaf,0.806612|0.182041|0.003376,0.5517802834510803,true
微信图片_20260823223055_39_46,12,微信图片_20260823223055_39_46.jpg,微信图片_20260823223055_39_46.jpg,0.40,384,192,0,576,384,960,crops/微信图片_20260823223055_39_46__w0012__s0.40.jpg,Leaf_Gall,0.9543901085853577,Leaf_Gall|Leaf_Blight|Deficiency_Leaf,0.954390|0.043423|0.001231,0.19650764763355255,true
微信图片_20260823223055_39_46,13,微信图片_20260823223055_39_46.jpg,微信图片_20260823223055_39_46.jpg,0.40,384,192,192,576,576,960,crops/微信图片_20260823223055_39_46__w0013__s0.40.jpg,Leaf_Gall,0.9028587937355042,Leaf_Gall|Leaf_Blight|Deficiency_Leaf,0.902859|0.049714|0.036067,0.4237537086009979,true
微信图片_20260823223055_39_46,14,微信图片_20260823223055_39_46.jpg,微信图片_20260823223055_39_46.jpg,0.40,384,192,384,576,768,960,crops/微信图片_20260823223055_39_46__w0014__s0.40.jpg,Leaf_Blight,0.660086452960968,Leaf_Blight|Leaf_Gall|Deficiency_Leaf,0.660086|0.322510|0.007438,0.7295320630073547,false
微信图片_20260823223055_39_46,15,微信图片_20260823223055_39_46.jpg,微信图片_20260823223055_39_46.jpg,0.40,384,192,576,576,960,960,crops/微信图片_20260823223055_39_46__w0015__s0.40.jpg,Leaf_Gall,0.987058699131012,Leaf_Gall|Leaf_Blight|Felt_Leaf,0.987059|0.011478|0.000799,0.07523105293512344,true
微信图片_20260823223055_39_46,16,微信图片_20260823223055_39_46.jpg,微信图片_20260823223055_39_46.jpg,0.40,384,192,0,768,384,1152,crops/微信图片_20260823223055_39_46__w0016__s0.40.jpg,Leaf_Gall,0.9987189769744873,Leaf_Gall|Leaf_Blight|Felt_Leaf,0.998719|0.000616|0.000535,0.011128641664981842,true
微信图片_20260823223055_39_46,17,微信图片_20260823223055_39_46.jpg,微信图片_20260823223055_39_46.jpg,0.40,384,192,192,768,576,1152,crops/微信图片_20260823223055_39_46__w0017__s0.40.jpg,Leaf_Blight,0.5846018195152283,Leaf_Blight|Leaf_Gall|Felt_Leaf,0.584602|0.372750|0.021816,0.8683319091796875,false
微信图片_20260823223055_39_46,18,微信图片_20260823223055_39_46.jpg,微信图片_20260823223055_39_46.jpg,0.40,384,192,384,768,768,1152,crops/微信图片_20260823223055_39_46__w0018__s0.40.jpg,Leaf_Blight,0.5888258218765259,Leaf_Blight|Curl_Leaf|Deficiency_Leaf,0.588826|0.300103|0.061601,1.0246174335479736,false
微信图片_20260823223055_39_46,19,微信图片_20260823223055_39_46.jpg,微信图片_20260823223055_39_46.jpg,0.40,384,192,576,768,960,1152,crops/微信图片_20260823223055_39_46__w0019__s0.40.jpg,Leaf_Gall,0.7426236867904663,Leaf_Gall|Leaf_Blight|Felt_Leaf,0.742624|0.220098|0.019757,0.7237651348114014,false
微信图片_20260823223055_39_46,20,微信图片_20260823223055_39_46.jpg,微信图片_20260823223055_39_46.jpg,0.40,384,192,0,960,384,1344,crops/微信图片_20260823223055_39_46__w0020__s0.40.jpg,Leaf_Gall,0.962282121181488,Leaf_Gall|Felt_Leaf|Leaf_Blight,0.962282|0.035309|0.001764,0.17152883112430573,true
微信图片_20260823223055_39_46,21,微信图片_20260823223055_39_46.jpg,微信图片_20260823223055_39_46.jpg,0.40,384,192,192,960,576,1344,crops/微信图片_20260823223055_39_46__w0021__s0.40.jpg,Leaf_Gall,0.9518101215362549,Leaf_Gall|Leaf_Blight|Felt_Leaf,0.951810|0.036663|0.010466,0.22391249239444733,true
微信图片_20260823223055_39_46,22,微信图片_20260823223055_39_46.jpg,微信图片_20260823223055_39_46.jpg,0.40,384,192,384,960,768,1344,crops/微信图片_20260823223055_39_46__w0022__s0.40.jpg,Leaf_Gall,0.8826170563697815,Leaf_Gall|Leaf_Blight|Deficiency_Leaf,0.882617|0.076905|0.020943,0.47353896498680115,true
微信图片_20260823223055_39_46,23,微信图片_20260823223055_39_46.jpg,微信图片_20260823223055_39_46.jpg,0.40,384,192,576,960,960,1344,crops/微信图片_20260823223055_39_46__w0023__s0.40.jpg,Leaf_Gall,0.7463698387145996,Leaf_Gall|Leaf_Blight|Deficiency_Leaf,0.746370|0.252017|0.000739,0.578013002872467,false
微信图片_20260823223055_39_46,24,微信图片_20260823223055_39_46.jpg,微信图片_20260823223055_39_46.jpg,0.40,384,192,0,1152,384,1536,crops/微信图片_20260823223055_39_46__w0024__s0.40.jpg,Leaf_Gall,0.9998152852058411,Leaf_Gall|Leaf_Blight|Felt_Leaf,0.999815|0.000123|0.000053,0.0019231279147788882,true
微信图片_20260823223055_39_46,25,微信图片_20260823223055_39_46.jpg,微信图片_20260823223055_39_46.jpg,0.40,384,192,192,1152,576,1536,crops/微信图片_20260823223055_39_46__w0025__s0.40.jpg,Leaf_Gall,0.940929114818573,Leaf_Gall|Leaf_Blight|Felt_Leaf,0.940929|0.057757|0.000804,0.2318614274263382,true
微信图片_20260823223055_39_46,26,微信图片_20260823223055_39_46.jpg,微信图片_20260823223055_39_46.jpg,0.40,384,192,384,1152,768,1536,crops/微信图片_20260823223055_39_46__w0026__s0.40.jpg,Leaf_Blight,0.7109405398368835,Leaf_Blight|Leaf_Gall|Curl_Leaf,0.710941|0.273130|0.008254,0.6818870306015015,false
微信图片_20260823223055_39_46,27,微信图片_20260823223055_39_46.jpg,微信图片_20260823223055_39_46.jpg,0.40,384,192,576,1152,960,1536,crops/微信图片_20260823223055_39_46__w0027__s0.40.jpg,Leaf_Blight,0.9921299815177917,Leaf_Blight|Curl_Leaf|Leaf_Gall,0.992130|0.004991|0.002360,0.0531371645629406,true
微信图片_20260823223055_39_46,28,微信图片_20260823223055_39_46.jpg,微信图片_20260823223055_39_46.jpg,0.40,384,192,0,1322,384,1706,crops/微信图片_20260823223055_39_46__w0028__s0.40.jpg,Leaf_Gall,0.9969769716262817,Leaf_Gall|Leaf_Blight|Felt_Leaf,0.996977|0.002028|0.000763,0.023259293287992477,true
微信图片_20260823223055_39_46,29,微信图片_20260823223055_39_46.jpg,微信图片_20260823223055_39_46.jpg,0.40,384,192,192,1322,576,1706,crops/微信图片_20260823223055_39_46__w0029__s0.40.jpg,Leaf_Gall,0.6349418759346008,Leaf_Gall|Leaf_Blight|Felt_Leaf,0.634942|0.349751|0.008652,0.7385061979293823,false
微信图片_20260823223055_39_46,30,微信图片_20260823223055_39_46.jpg,微信图片_20260823223055_39_46.jpg,0.40,384,192,384,1322,768,1706,crops/微信图片_20260823223055_39_46__w0030__s0.40.jpg,Leaf_Blight,0.8824129700660706,Leaf_Blight|Curl_Leaf|Leaf_Gall,0.882413|0.108720|0.006479,0.40136992931365967,true
微信图片_20260823223055_39_46,31,微信图片_20260823223055_39_46.jpg,微信图片_20260823223055_39_46.jpg,0.40,384,192,576,1322,960,1706,crops/微信图片_20260823223055_39_46__w0031__s0.40.jpg,Leaf_Blight,0.8489176034927368,Leaf_Blight|Curl_Leaf|Leaf_Gall,0.848918|0.119753|0.017113,0.5338868498802185,true
微信图片_20260823223055_39_46,32,微信图片_20260823223055_39_46.jpg,微信图片_20260823223055_39_46.jpg,0.60,576,288,0,0,576,576,crops/微信图片_20260823223055_39_46__w0032__s0.60.jpg,Leaf_Gall,0.6511749029159546,Leaf_Gall|Leaf_Blight|Deficiency_Leaf,0.651175|0.345971|0.001285,0.6668644547462463,false
微信图片_20260823223055_39_46,33,微信图片_20260823223055_39_46.jpg,微信图片_20260823223055_39_46.jpg,0.60,576,288,288,0,864,576,crops/微信图片_20260823223055_39_46__w0033__s0.60.jpg,Leaf_Gall,0.9585772156715393,Leaf_Gall|Leaf_Blight|Deficiency_Leaf,0.958577|0.038696|0.001892,0.185174822807312,true
微信图片_20260823223055_39_46,34,微信图片_20260823223055_39_46.jpg,微信图片_20260823223055_39_46.jpg,0.60,576,288,384,0,960,576,crops/微信图片_20260823223055_39_46__w0034__s0.60.jpg,Leaf_Gall,0.9647366404533386,Leaf_Gall|Leaf_Blight|Deficiency_Leaf,0.964737|0.034155|0.000836,0.1583607792854309,true
微信图片_20260823223055_39_46,35,微信图片_20260823223055_39_46.jpg,微信图片_20260823223055_39_46.jpg,0.60,576,288,0,288,576,864,crops/微信图片_20260823223055_39_46__w0035__s0.60.jpg,Leaf_Gall,0.8310058116912842,Leaf_Gall|Leaf_Blight|Deficiency_Leaf,0.831006|0.165187|0.002593,0.47606831789016724,true
微信图片_20260823223055_39_46,36,微信图片_20260823223055_39_46.jpg,微信图片_20260823223055_39_46.jpg,0.60,576,288,288,288,864,864,crops/微信图片_20260823223055_39_46__w0036__s0.60.jpg,Leaf_Gall,0.757461428642273,Leaf_Gall|Leaf_Blight|Deficiency_Leaf,0.757461|0.240891|0.000907,0.5656012296676636,false
微信图片_20260823223055_39_46,37,微信图片_20260823223055_39_46.jpg,微信图片_20260823223055_39_46.jpg,0.60,576,288,384,288,960,864,crops/微信图片_20260823223055_39_46__w0037__s0.60.jpg,Leaf_Gall,0.8737882971763611,Leaf_Gall|Leaf_Blight|Deficiency_Leaf,0.873788|0.125177|0.000660,0.38614973425865173,true
微信图片_20260823223055_39_46,38,微信图片_20260823223055_39_46.jpg,微信图片_20260823223055_39_46.jpg,0.60,576,288,0,576,576,1152,crops/微信图片_20260823223055_39_46__w0038__s0.60.jpg,Leaf_Gall,0.9481347799301147,Leaf_Gall|Leaf_Blight|Felt_Leaf,0.948135|0.042326|0.004629,0.2405971884727478,true
微信图片_20260823223055_39_46,39,微信图片_20260823223055_39_46.jpg,微信图片_20260823223055_39_46.jpg,0.60,576,288,288,576,864,1152,crops/微信图片_20260823223055_39_46__w0039__s0.60.jpg,Leaf_Blight,0.7242603302001953,Leaf_Blight|Leaf_Gall|Deficiency_Leaf,0.724260|0.184273|0.040761,0.8776473999023438,false
微信图片_20260823223055_39_46,40,微信图片_20260823223055_39_46.jpg,微信图片_20260823223055_39_46.jpg,0.60,576,288,384,576,960,1152,crops/微信图片_20260823223055_39_46__w0040__s0.60.jpg,Leaf_Gall,0.6023531556129456,Leaf_Gall|Leaf_Blight|Deficiency_Leaf,0.602353|0.384827|0.006225,0.743909478187561,false
微信图片_20260823223055_39_46,41,微信图片_20260823223055_39_46.jpg,微信图片_20260823223055_39_46.jpg,0.60,576,288,0,864,576,1440,crops/微信图片_20260823223055_39_46__w0041__s0.60.jpg,Leaf_Gall,0.9986621141433716,Leaf_Gall|Leaf_Blight|Felt_Leaf,0.998662|0.000667|0.000634,0.011289915069937706,true
微信图片_20260823223055_39_46,42,微信图片_20260823223055_39_46.jpg,微信图片_20260823223055_39_46.jpg,0.60,576,288,288,864,864,1440,crops/微信图片_20260823223055_39_46__w0042__s0.60.jpg,Leaf_Gall,0.5140992999076843,Leaf_Gall|Leaf_Blight|Deficiency_Leaf,0.514099|0.326461|0.090558,1.1804906129837036,false
微信图片_20260823223055_39_46,43,微信图片_20260823223055_39_46.jpg,微信图片_20260823223055_39_46.jpg,0.60,576,288,384,864,960,1440,crops/微信图片_20260823223055_39_46__w0043__s0.60.jpg,Leaf_Gall,0.9286107420921326,Leaf_Gall|Leaf_Blight|Deficiency_Leaf,0.928611|0.057207|0.006939,0.30773165822029114,true
微信图片_20260823223055_39_46,44,微信图片_20260823223055_39_46.jpg,微信图片_20260823223055_39_46.jpg,0.60,576,288,0,1130,576,1706,crops/微信图片_20260823223055_39_46__w0044__s0.60.jpg,Leaf_Gall,0.995586633682251,Leaf_Gall|Leaf_Blight|Felt_Leaf,0.995587|0.003942|0.000442,0.029965905472636223,true
微信图片_20260823223055_39_46,45,微信图片_20260823223055_39_46.jpg,微信图片_20260823223055_39_46.jpg,0.60,576,288,288,1130,864,1706,crops/微信图片_20260823223055_39_46__w0045__s0.60.jpg,Leaf_Gall,0.5124396085739136,Leaf_Gall|Leaf_Blight|Deficiency_Leaf,0.512440|0.468549|0.007482,0.7987287044525146,false
微信图片_20260823223055_39_46,46,微信图片_20260823223055_39_46.jpg,微信图片_20260823223055_39_46.jpg,0.60,576,288,384,1130,960,1706,crops/微信图片_20260823223055_39_46__w0046__s0.60.jpg,Leaf_Blight,0.8850457668304443,Leaf_Blight|Leaf_Gall|Curl_Leaf,0.885046|0.088800|0.019787,0.4371143579483032,true
微信图片_20260823223056_40_46,0,微信图片_20260823223056_40_46.jpg,微信图片_20260823223056_40_46.jpg,0.40,512,256,0,0,512,512,crops/微信图片_20260823223056_40_46__w0000__s0.40.jpg,Leaf_Gall,0.7196015119552612,Leaf_Gall|Deficiency_Leaf|Leaf_Blight,0.719602|0.122881|0.070399,0.963367223739624,false
微信图片_20260823223056_40_46,1,微信图片_20260823223056_40_46.jpg,微信图片_20260823223056_40_46.jpg,0.40,512,256,256,0,768,512,crops/微信图片_20260823223056_40_46__w0001__s0.40.jpg,Leaf_Blight,0.6196479201316833,Leaf_Blight|Leaf_Gall|Deficiency_Leaf,0.619648|0.351809|0.014754,0.798095703125,false
微信图片_20260823223056_40_46,2,微信图片_20260823223056_40_46.jpg,微信图片_20260823223056_40_46.jpg,0.40,512,256,512,0,1024,512,crops/微信图片_20260823223056_40_46__w0002__s0.40.jpg,Leaf_Blight,0.5975542068481445,Leaf_Blight|Leaf_Gall|Deficiency_Leaf,0.597554|0.392053|0.004980,0.7333748936653137,false
微信图片_20260823223056_40_46,3,微信图片_20260823223056_40_46.jpg,微信图片_20260823223056_40_46.jpg,0.40,512,256,768,0,1280,512,crops/微信图片_20260823223056_40_46__w0003__s0.40.jpg,Leaf_Gall,0.8287172913551331,Leaf_Gall|Leaf_Blight|Deficiency_Leaf,0.828717|0.164593|0.002964,0.4947802424430847,true
微信图片_20260823223056_40_46,4,微信图片_20260823223056_40_46.jpg,微信图片_20260823223056_40_46.jpg,0.40,512,256,0,256,512,768,crops/微信图片_20260823223056_40_46__w0004__s0.40.jpg,Leaf_Blight,0.7724915742874146,Leaf_Blight|Leaf_Gall|Felt_Leaf,0.772492|0.220143|0.003138,0.5792348384857178,false
微信图片_20260823223056_40_46,5,微信图片_20260823223056_40_46.jpg,微信图片_20260823223056_40_46.jpg,0.40,512,256,256,256,768,768,crops/微信图片_20260823223056_40_46__w0005__s0.40.jpg,Leaf_Blight,0.914510190486908,Leaf_Blight|Leaf_Gall|Deficiency_Leaf,0.914510|0.066543|0.010020,0.3579598069190979,true
微信图片_20260823223056_40_46,6,微信图片_20260823223056_40_46.jpg,微信图片_20260823223056_40_46.jpg,0.40,512,256,512,256,1024,768,crops/微信图片_20260823223056_40_46__w0006__s0.40.jpg,Leaf_Blight,0.6376869082450867,Leaf_Blight|Leaf_Gall|Curl_Leaf,0.637687|0.344512|0.010350,0.7450133562088013,false
微信图片_20260823223056_40_46,7,微信图片_20260823223056_40_46.jpg,微信图片_20260823223056_40_46.jpg,0.40,512,256,768,256,1280,768,crops/微信图片_20260823223056_40_46__w0007__s0.40.jpg,Leaf_Gall,0.983535647392273,Leaf_Gall|Leaf_Blight|Deficiency_Leaf,0.983536|0.016217|0.000142,0.08550187945365906,true
微信图片_20260823223056_40_46,8,微信图片_20260823223056_40_46.jpg,微信图片_20260823223056_40_46.jpg,0.40,512,256,0,512,512,1024,crops/微信图片_20260823223056_40_46__w0008__s0.40.jpg,Leaf_Blight,0.5013411641120911,Leaf_Blight|Leaf_Gall|Deficiency_Leaf,0.501341|0.496504|0.001233,0.7095327973365784,false
微信图片_20260823223056_40_46,9,微信图片_20260823223056_40_46.jpg,微信图片_20260823223056_40_46.jpg,0.40,512,256,256,512,768,1024,crops/微信图片_20260823223056_40_46__w0009__s0.40.jpg,Leaf_Blight,0.5295295715332031,Leaf_Blight|Leaf_Gall|Deficiency_Leaf,0.529530|0.397280|0.035568,0.9634907841682434,false
微信图片_20260823223056_40_46,10,微信图片_20260823223056_40_46.jpg,微信图片_20260823223056_40_46.jpg,0.40,512,256,512,512,1024,1024,crops/微信图片_20260823223056_40_46__w0010__s0.40.jpg,Leaf_Blight,0.5016061067581177,Leaf_Blight|Leaf_Gall|Deficiency_Leaf,0.501606|0.472207|0.011777,0.8236414194107056,false
微信图片_20260823223056_40_46,11,微信图片_20260823223056_40_46.jpg,微信图片_20260823223056_40_46.jpg,0.40,512,256,768,512,1280,1024,crops/微信图片_20260823223056_40_46__w0011__s0.40.jpg,Leaf_Gall,0.8986303210258484,Leaf_Gall|Leaf_Blight|Deficiency_Leaf,0.898630|0.100523|0.000501,0.3339247405529022,true
微信图片_20260823223056_40_46,12,微信图片_20260823223056_40_46.jpg,微信图片_20260823223056_40_46.jpg,0.40,512,256,0,768,512,1280,crops/微信图片_20260823223056_40_46__w0012__s0.40.jpg,Leaf_Gall,0.9976171851158142,Leaf_Gall|Leaf_Blight|Deficiency_Leaf,0.997617|0.002319|0.000025,0.017136193811893463,true
微信图片_20260823223056_40_46,13,微信图片_20260823223056_40_46.jpg,微信图片_20260823223056_40_46.jpg,0.40,512,256,256,768,768,1280,crops/微信图片_20260823223056_40_46__w0013__s0.40.jpg,Leaf_Gall,0.9911378026008606,Leaf_Gall|Leaf_Blight|Deficiency_Leaf,0.991138|0.008573|0.000196,0.05226743221282959,true
微信图片_20260823223056_40_46,14,微信图片_20260823223056_40_46.jpg,微信图片_20260823223056_40_46.jpg,0.40,512,256,512,768,1024,1280,crops/微信图片_20260823223056_40_46__w0014__s0.40.jpg,Leaf_Gall,0.9840309619903564,Leaf_Gall|Leaf_Blight|Deficiency_Leaf,0.984031|0.014746|0.000934,0.08722013235092163,true
微信图片_20260823223056_40_46,15,微信图片_20260823223056_40_46.jpg,微信图片_20260823223056_40_46.jpg,0.40,512,256,768,768,1280,1280,crops/微信图片_20260823223056_40_46__w0015__s0.40.jpg,Leaf_Blight,0.534940779209137,Leaf_Blight|Leaf_Gall|Healthy_Leaf,0.534941|0.461564|0.001406,0.7154390811920166,false
微信图片_20260823223056_40_46,16,微信图片_20260823223056_40_46.jpg,微信图片_20260823223056_40_46.jpg,0.40,512,256,0,1024,512,1536,crops/微信图片_20260823223056_40_46__w0016__s0.40.jpg,Leaf_Gall,0.9866055846214294,Leaf_Gall|Leaf_Blight|Deficiency_Leaf,0.986606|0.013222|0.000068,0.07220704108476639,true
微信图片_20260823223056_40_46,17,微信图片_20260823223056_40_46.jpg,微信图片_20260823223056_40_46.jpg,0.40,512,256,256,1024,768,1536,crops/微信图片_20260823223056_40_46__w0017__s0.40.jpg,Leaf_Gall,0.9975749850273132,Leaf_Gall|Leaf_Blight|Healthy_Leaf,0.997575|0.002323|0.000052,0.01756981573998928,true
微信图片_20260823223056_40_46,18,微信图片_20260823223056_40_46.jpg,微信图片_20260823223056_40_46.jpg,0.40,512,256,512,1024,1024,1536,crops/微信图片_20260823223056_40_46__w0018__s0.40.jpg,Leaf_Gall,0.9958869814872742,Leaf_Gall|Leaf_Blight|Healthy_Leaf,0.995887|0.003865|0.000125,0.027910400182008743,true
微信图片_20260823223056_40_46,19,微信图片_20260823223056_40_46.jpg,微信图片_20260823223056_40_46.jpg,0.40,512,256,768,1024,1280,1536,crops/微信图片_20260823223056_40_46__w0019__s0.40.jpg,Leaf_Gall,0.9935033917427063,Leaf_Gall|Leaf_Blight|Deficiency_Leaf,0.993503|0.005614|0.000420,0.042722344398498535,true
微信图片_20260823223056_40_46,20,微信图片_20260823223056_40_46.jpg,微信图片_20260823223056_40_46.jpg,0.40,512,256,0,1280,512,1792,crops/微信图片_20260823223056_40_46__w0020__s0.40.jpg,Leaf_Blight,0.5051710605621338,Leaf_Blight|Leaf_Gall|Deficiency_Leaf,0.505171|0.484123|0.006198,0.7581880688667297,false
微信图片_20260823223056_40_46,21,微信图片_20260823223056_40_46.jpg,微信图片_20260823223056_40_46.jpg,0.40,512,256,256,1280,768,1792,crops/微信图片_20260823223056_40_46__w0021__s0.40.jpg,Leaf_Blight,0.6266134977340698,Leaf_Blight|Leaf_Gall|Deficiency_Leaf,0.626613|0.370666|0.001271,0.6799951791763306,false
微信图片_20260823223056_40_46,22,微信图片_20260823223056_40_46.jpg,微信图片_20260823223056_40_46.jpg,0.40,512,256,512,1280,1024,1792,crops/微信图片_20260823223056_40_46__w0022__s0.40.jpg,Leaf_Blight,0.9251712560653687,Leaf_Blight|Leaf_Gall|Healthy_Leaf,0.925171|0.074707|0.000049,0.26701265573501587,true
微信图片_20260823223056_40_46,23,微信图片_20260823223056_40_46.jpg,微信图片_20260823223056_40_46.jpg,0.40,512,256,768,1280,1280,1792,crops/微信图片_20260823223056_40_46__w0023__s0.40.jpg,Leaf_Gall,0.9664844870567322,Leaf_Gall|Leaf_Blight|Deficiency_Leaf,0.966484|0.033138|0.000260,0.14920566976070404,true
微信图片_20260823223056_40_46,24,微信图片_20260823223056_40_46.jpg,微信图片_20260823223056_40_46.jpg,0.40,512,256,0,1536,512,2048,crops/微信图片_20260823223056_40_46__w0024__s0.40.jpg,Leaf_Blight,0.8587293028831482,Leaf_Blight|Leaf_Gall|Curl_Leaf,0.858729|0.103123|0.015133,0.5450167655944824,true
微信图片_20260823223056_40_46,25,微信图片_20260823223056_40_46.jpg,微信图片_20260823223056_40_46.jpg,0.40,512,256,256,1536,768,2048,crops/微信图片_20260823223056_40_46__w0025__s0.40.jpg,Leaf_Blight,0.5258253216743469,Leaf_Blight|Leaf_Gall|Deficiency_Leaf,0.525825|0.457674|0.007060,0.7857346534729004,false
微信图片_20260823223056_40_46,26,微信图片_20260823223056_40_46.jpg,微信图片_20260823223056_40_46.jpg,0.40,512,256,512,1536,1024,2048,crops/微信图片_20260823223056_40_46__w0026__s0.40.jpg,Leaf_Blight,0.8500729203224182,Leaf_Blight|Leaf_Gall|Deficiency_Leaf,0.850073|0.146594|0.001831,0.4426113963127136,true
微信图片_20260823223056_40_46,27,微信图片_20260823223056_40_46.jpg,微信图片_20260823223056_40_46.jpg,0.40,512,256,768,1536,1280,2048,crops/微信图片_20260823223056_40_46__w0027__s0.40.jpg,Leaf_Blight,0.9750053882598877,Leaf_Blight|Leaf_Gall|Deficiency_Leaf,0.975005|0.016379|0.004798,0.1426420956850052,true
微信图片_20260823223056_40_46,28,微信图片_20260823223056_40_46.jpg,微信图片_20260823223056_40_46.jpg,0.40,512,256,0,1763,512,2275,crops/微信图片_20260823223056_40_46__w0028__s0.40.jpg,Leaf_Blight,0.8400957584381104,Leaf_Blight|Leaf_Gall|Fungal_Leaf_Spot,0.840096|0.067578|0.050741,0.6839239597320557,true
微信图片_20260823223056_40_46,29,微信图片_20260823223056_40_46.jpg,微信图片_20260823223056_40_46.jpg,0.40,512,256,256,1763,768,2275,crops/微信图片_20260823223056_40_46__w0029__s0.40.jpg,Leaf_Blight,0.49569249153137207,Leaf_Blight|Leaf_Gall|Bituminous_Leaf,0.495692|0.439207|0.024730,0.9816194772720337,false
微信图片_20260823223056_40_46,30,微信图片_20260823223056_40_46.jpg,微信图片_20260823223056_40_46.jpg,0.40,512,256,512,1763,1024,2275,crops/微信图片_20260823223056_40_46__w0030__s0.40.jpg,Leaf_Blight,0.6414362192153931,Leaf_Blight|Leaf_Gall|Deficiency_Leaf,0.641436|0.294162|0.018611,0.9379609823226929,false
微信图片_20260823223056_40_46,31,微信图片_20260823223056_40_46.jpg,微信图片_20260823223056_40_46.jpg,0.40,512,256,768,1763,1280,2275,crops/微信图片_20260823223056_40_46__w0031__s0.40.jpg,Deficiency_Leaf,0.41486966609954834,Deficiency_Leaf|Leaf_Blight|Curl_Leaf,0.414870|0.312384|0.123571,1.5103331804275513,false
微信图片_20260823223056_40_46,32,微信图片_20260823223056_40_46.jpg,微信图片_20260823223056_40_46.jpg,0.60,768,384,0,0,768,768,crops/微信图片_20260823223056_40_46__w0032__s0.60.jpg,Leaf_Gall,0.9164047837257385,Leaf_Gall|Leaf_Blight|Felt_Leaf,0.916405|0.067524|0.008965,0.34477317333221436,true
微信图片_20260823223056_40_46,33,微信图片_20260823223056_40_46.jpg,微信图片_20260823223056_40_46.jpg,0.60,768,384,384,0,1152,768,crops/微信图片_20260823223056_40_46__w0033__s0.60.jpg,Leaf_Gall,0.5385655760765076,Leaf_Gall|Leaf_Blight|Deficiency_Leaf,0.538566|0.452535|0.003708,0.7455311417579651,false
微信图片_20260823223056_40_46,34,微信图片_20260823223056_40_46.jpg,微信图片_20260823223056_40_46.jpg,0.60,768,384,512,0,1280,768,crops/微信图片_20260823223056_40_46__w0034__s0.60.jpg,Leaf_Gall,0.6136817932128906,Leaf_Gall|Leaf_Blight|Deficiency_Leaf,0.613682|0.378183|0.004918,0.7158191204071045,false
微信图片_20260823223056_40_46,35,微信图片_20260823223056_40_46.jpg,微信图片_20260823223056_40_46.jpg,0.60,768,384,0,384,768,1152,crops/微信图片_20260823223056_40_46__w0035__s0.60.jpg,Leaf_Gall,0.8891832232475281,Leaf_Gall|Leaf_Blight|Deficiency_Leaf,0.889183|0.109212|0.000897,0.3585922122001648,true
微信图片_20260823223056_40_46,36,微信图片_20260823223056_40_46.jpg,微信图片_20260823223056_40_46.jpg,0.60,768,384,384,384,1152,1152,crops/微信图片_20260823223056_40_46__w0036__s0.60.jpg,Leaf_Gall,0.9743089079856873,Leaf_Gall|Leaf_Blight|Deficiency_Leaf,0.974309|0.024546|0.000705,0.12541300058364868,true
微信图片_20260823223056_40_46,37,微信图片_20260823223056_40_46.jpg,微信图片_20260823223056_40_46.jpg,0.60,768,384,512,384,1280,1152,crops/微信图片_20260823223056_40_46__w0037__s0.60.jpg,Leaf_Gall,0.926586925983429,Leaf_Gall|Leaf_Blight|Deficiency_Leaf,0.926587|0.072253|0.000742,0.269662469625473,true
微信图片_20260823223056_40_46,38,微信图片_20260823223056_40_46.jpg,微信图片_20260823223056_40_46.jpg,0.60,768,384,0,768,768,1536,crops/微信图片_20260823223056_40_46__w0038__s0.60.jpg,Leaf_Gall,0.9026626348495483,Leaf_Gall|Leaf_Blight|Deficiency_Leaf,0.902663|0.096952|0.000278,0.3220435380935669,true
微信图片_20260823223056_40_46,39,微信图片_20260823223056_40_46.jpg,微信图片_20260823223056_40_46.jpg,0.60,768,384,384,768,1152,1536,crops/微信图片_20260823223056_40_46__w0039__s0.60.jpg,Leaf_Gall,0.8934826254844666,Leaf_Gall|Leaf_Blight|Healthy_Leaf,0.893483|0.105825|0.000298,0.3442213833332062,true
微信图片_20260823223056_40_46,40,微信图片_20260823223056_40_46.jpg,微信图片_20260823223056_40_46.jpg,0.60,768,384,512,768,1280,1536,crops/微信图片_20260823223056_40_46__w0040__s0.60.jpg,Leaf_Gall,0.8575791716575623,Leaf_Gall|Leaf_Blight|Deficiency_Leaf,0.857579|0.140983|0.000593,0.4191623330116272,true
微信图片_20260823223056_40_46,41,微信图片_20260823223056_40_46.jpg,微信图片_20260823223056_40_46.jpg,0.60,768,384,0,1152,768,1920,crops/微信图片_20260823223056_40_46__w0041__s0.60.jpg,Leaf_Blight,0.973455548286438,Leaf_Blight|Leaf_Gall|Deficiency_Leaf,0.973456|0.024722|0.000722,0.13169479370117188,true
微信图片_20260823223056_40_46,42,微信图片_20260823223056_40_46.jpg,微信图片_20260823223056_40_46.jpg,0.60,768,384,384,1152,1152,1920,crops/微信图片_20260823223056_40_46__w0042__s0.60.jpg,Leaf_Blight,0.8429746031761169,Leaf_Blight|Leaf_Gall|Healthy_Leaf,0.842975|0.154900|0.001112,0.4484611451625824,true
微信图片_20260823223056_40_46,43,微信图片_20260823223056_40_46.jpg,微信图片_20260823223056_40_46.jpg,0.60,768,384,512,1152,1280,1920,crops/微信图片_20260823223056_40_46__w0043__s0.60.jpg,Leaf_Blight,0.776983916759491,Leaf_Blight|Leaf_Gall|Curl_Leaf,0.776984|0.211144|0.004548,0.5920260548591614,false
微信图片_20260823223056_40_46,44,微信图片_20260823223056_40_46.jpg,微信图片_20260823223056_40_46.jpg,0.60,768,384,0,1507,768,2275,crops/微信图片_20260823223056_40_46__w0044__s0.60.jpg,Leaf_Blight,0.9702336192131042,Leaf_Blight|Leaf_Gall|Deficiency_Leaf,0.970234|0.017716|0.003550,0.1734735369682312,true
微信图片_20260823223056_40_46,45,微信图片_20260823223056_40_46.jpg,微信图片_20260823223056_40_46.jpg,0.60,768,384,384,1507,1152,2275,crops/微信图片_20260823223056_40_46__w0045__s0.60.jpg,Leaf_Blight,0.9354398250579834,Leaf_Blight|Leaf_Gall|Deficiency_Leaf,0.935440|0.060740|0.001686,0.2590610980987549,true
微信图片_20260823223056_40_46,46,微信图片_20260823223056_40_46.jpg,微信图片_20260823223056_40_46.jpg,0.60,768,384,512,1507,1280,2275,crops/微信图片_20260823223056_40_46__w0046__s0.60.jpg,Leaf_Blight,0.6939720511436462,Leaf_Blight|Leaf_Gall|Deficiency_Leaf,0.693972|0.288239|0.011798,0.7031869888305664,false
微信图片_20260823223056_41_46,0,微信图片_20260823223056_41_46.jpg,微信图片_20260823223056_41_46.jpg,0.40,384,192,0,0,384,384,crops/微信图片_20260823223056_41_46__w0000__s0.40.jpg,Leaf_Gall,0.6631104946136475,Leaf_Gall|Felt_Leaf|Leaf_Blight,0.663110|0.123978|0.117068,1.0999633073806763,false
微信图片_20260823223056_41_46,1,微信图片_20260823223056_41_46.jpg,微信图片_20260823223056_41_46.jpg,0.40,384,192,192,0,576,384,crops/微信图片_20260823223056_41_46__w0001__s0.40.jpg,Leaf_Gall,0.8976293206214905,Leaf_Gall|Felt_Leaf|Leaf_Blight,0.897629|0.092484|0.007914,0.369644433259964,true
微信图片_20260823223056_41_46,2,微信图片_20260823223056_41_46.jpg,微信图片_20260823223056_41_46.jpg,0.40,384,192,384,0,768,384,crops/微信图片_20260823223056_41_46__w0002__s0.40.jpg,Leaf_Gall,0.9861901998519897,Leaf_Gall|Felt_Leaf|Leaf_Blight,0.986190|0.008732|0.004766,0.08329936861991882,true
微信图片_20260823223056_41_46,3,微信图片_20260823223056_41_46.jpg,微信图片_20260823223056_41_46.jpg,0.40,384,192,576,0,960,384,crops/微信图片_20260823223056_41_46__w0003__s0.40.jpg,Leaf_Gall,0.9945452213287354,Leaf_Gall|Felt_Leaf|Leaf_Blight,0.994545|0.002500|0.001527,0.04070834815502167,true
微信图片_20260823223056_41_46,4,微信图片_20260823223056_41_46.jpg,微信图片_20260823223056_41_46.jpg,0.40,384,192,0,192,384,576,crops/微信图片_20260823223056_41_46__w0004__s0.40.jpg,Leaf_Blight,0.8419209122657776,Leaf_Blight|Curl_Leaf|Felt_Leaf,0.841921|0.062950|0.035760,0.6606462001800537,true
微信图片_20260823223056_41_46,5,微信图片_20260823223056_41_46.jpg,微信图片_20260823223056_41_46.jpg,0.40,384,192,192,192,576,576,crops/微信图片_20260823223056_41_46__w0005__s0.40.jpg,Leaf_Gall,0.7910183668136597,Leaf_Gall|Leaf_Blight|Felt_Leaf,0.791018|0.182827|0.023619,0.6025943756103516,false
微信图片_20260823223056_41_46,6,微信图片_20260823223056_41_46.jpg,微信图片_20260823223056_41_46.jpg,0.40,384,192,384,192,768,576,crops/微信图片_20260823223056_41_46__w0006__s0.40.jpg,Leaf_Gall,0.9696184992790222,Leaf_Gall|Leaf_Blight|Felt_Leaf,0.969618|0.026836|0.003367,0.14786593616008759,true
微信图片_20260823223056_41_46,7,微信图片_20260823223056_41_46.jpg,微信图片_20260823223056_41_46.jpg,0.40,384,192,576,192,960,576,crops/微信图片_20260823223056_41_46__w0007__s0.40.jpg,Leaf_Gall,0.9832522869110107,Leaf_Gall|Felt_Leaf|Leaf_Blight,0.983252|0.013624|0.002526,0.09519167989492416,true
微信图片_20260823223056_41_46,8,微信图片_20260823223056_41_46.jpg,微信图片_20260823223056_41_46.jpg,0.40,384,192,0,384,384,768,crops/微信图片_20260823223056_41_46__w0008__s0.40.jpg,Leaf_Blight,0.5655205845832825,Leaf_Blight|Leaf_Gall|Curl_Leaf,0.565521|0.152730|0.129670,1.2899296283721924,false
微信图片_20260823223056_41_46,9,微信图片_20260823223056_41_46.jpg,微信图片_20260823223056_41_46.jpg,0.40,384,192,192,384,576,768,crops/微信图片_20260823223056_41_46__w0009__s0.40.jpg,Leaf_Gall,0.6162580251693726,Leaf_Gall|Leaf_Blight|Felt_Leaf,0.616258|0.372620|0.005132,0.7284567356109619,false
微信图片_20260823223056_41_46,10,微信图片_20260823223056_41_46.jpg,微信图片_20260823223056_41_46.jpg,0.40,384,192,384,384,768,768,crops/微信图片_20260823223056_41_46__w0010__s0.40.jpg,Leaf_Gall,0.5713576674461365,Leaf_Gall|Leaf_Blight|Felt_Leaf,0.571358|0.422459|0.005803,0.7169725894927979,false
微信图片_20260823223056_41_46,11,微信图片_20260823223056_41_46.jpg,微信图片_20260823223056_41_46.jpg,0.40,384,192,576,384,960,768,crops/微信图片_20260823223056_41_46__w0011__s0.40.jpg,Leaf_Gall,0.8552250266075134,Leaf_Gall|Leaf_Blight|Felt_Leaf,0.855225|0.074178|0.070135,0.5170814394950867,true
微信图片_20260823223056_41_46,12,微信图片_20260823223056_41_46.jpg,微信图片_20260823223056_41_46.jpg,0.40,384,192,0,576,384,960,crops/微信图片_20260823223056_41_46__w0012__s0.40.jpg,Leaf_Gall,0.4964696764945984,Leaf_Gall|Leaf_Blight|Felt_Leaf,0.496470|0.468857|0.026329,0.8460538983345032,false
微信图片_20260823223056_41_46,13,微信图片_20260823223056_41_46.jpg,微信图片_20260823223056_41_46.jpg,0.40,384,192,192,576,576,960,crops/微信图片_20260823223056_41_46__w0013__s0.40.jpg,Leaf_Gall,0.8183665871620178,Leaf_Gall|Leaf_Blight|Deficiency_Leaf,0.818367|0.167511|0.007947,0.538106381893158,true
微信图片_20260823223056_41_46,14,微信图片_20260823223056_41_46.jpg,微信图片_20260823223056_41_46.jpg,0.40,384,192,384,576,768,960,crops/微信图片_20260823223056_41_46__w0014__s0.40.jpg,Leaf_Blight,0.48773109912872314,Leaf_Blight|Leaf_Gall|Felt_Leaf,0.487731|0.481285|0.020896,0.8373687267303467,false
微信图片_20260823223056_41_46,15,微信图片_20260823223056_41_46.jpg,微信图片_20260823223056_41_46.jpg,0.40,384,192,576,576,960,960,crops/微信图片_20260823223056_41_46__w0015__s0.40.jpg,Leaf_Gall,0.7418375015258789,Leaf_Gall|Leaf_Blight|Felt_Leaf,0.741838|0.236416|0.018987,0.6565111875534058,false
微信图片_20260823223056_41_46,16,微信图片_20260823223056_41_46.jpg,微信图片_20260823223056_41_46.jpg,0.40,384,192,0,768,384,1152,crops/微信图片_20260823223056_41_46__w0016__s0.40.jpg,Leaf_Gall,0.9915155172348022,Leaf_Gall|Leaf_Blight|Felt_Leaf,0.991516|0.005620|0.002358,0.05600886419415474,true
微信图片_20260823223056_41_46,17,微信图片_20260823223056_41_46.jpg,微信图片_20260823223056_41_46.jpg,0.40,384,192,192,768,576,1152,crops/微信图片_20260823223056_41_46__w0017__s0.40.jpg,Leaf_Gall,0.8098452091217041,Leaf_Gall|Leaf_Blight|Deficiency_Leaf,0.809845|0.165295|0.010209,0.5923694968223572,true
微信图片_20260823223056_41_46,18,微信图片_20260823223056_41_46.jpg,微信图片_20260823223056_41_46.jpg,0.40,384,192,384,768,768,1152,crops/微信图片_20260823223056_41_46__w0018__s0.40.jpg,Leaf_Gall,0.8395256996154785,Leaf_Gall|Leaf_Blight|Felt_Leaf,0.839526|0.093167|0.048643,0.6134622693061829,true
微信图片_20260823223056_41_46,19,微信图片_20260823223056_41_46.jpg,微信图片_20260823223056_41_46.jpg,0.40,384,192,576,768,960,1152,crops/微信图片_20260823223056_41_46__w0019__s0.40.jpg,Leaf_Gall,0.9875149726867676,Leaf_Gall|Leaf_Blight|Felt_Leaf,0.987515|0.005721|0.005331,0.08084730803966522,true
微信图片_20260823223056_41_46,20,微信图片_20260823223056_41_46.jpg,微信图片_20260823223056_41_46.jpg,0.40,384,192,0,960,384,1344,crops/微信图片_20260823223056_41_46__w0020__s0.40.jpg,Leaf_Gall,0.9912214279174805,Leaf_Gall|Leaf_Blight|Felt_Leaf,0.991221|0.007997|0.000505,0.0536775067448616,true
微信图片_20260823223056_41_46,21,微信图片_20260823223056_41_46.jpg,微信图片_20260823223056_41_46.jpg,0.40,384,192,192,960,576,1344,crops/微信图片_20260823223056_41_46__w0021__s0.40.jpg,Leaf_Gall,0.9610623717308044,Leaf_Gall|Leaf_Blight|Felt_Leaf,0.961062|0.017805|0.010235,0.21303677558898926,true
微信图片_20260823223056_41_46,22,微信图片_20260823223056_41_46.jpg,微信图片_20260823223056_41_46.jpg,0.40,384,192,384,960,768,1344,crops/微信图片_20260823223056_41_46__w0022__s0.40.jpg,Leaf_Gall,0.9929947257041931,Leaf_Gall|Felt_Leaf|Leaf_Blight,0.992995|0.004049|0.002249,0.0490059033036232,true
微信图片_20260823223056_41_46,23,微信图片_20260823223056_41_46.jpg,微信图片_20260823223056_41_46.jpg,0.40,384,192,576,960,960,1344,crops/微信图片_20260823223056_41_46__w0023__s0.40.jpg,Leaf_Gall,0.9975340366363525,Leaf_Gall|Felt_Leaf|Leaf_Blight,0.997534|0.001301|0.000754,0.02032288908958435,true
微信图片_20260823223056_41_46,24,微信图片_20260823223056_41_46.jpg,微信图片_20260823223056_41_46.jpg,0.40,384,192,0,1152,384,1536,crops/微信图片_20260823223056_41_46__w0024__s0.40.jpg,Leaf_Gall,0.8858515024185181,Leaf_Gall|Leaf_Blight|Felt_Leaf,0.885852|0.085260|0.013161,0.45653319358825684,true
微信图片_20260823223056_41_46,25,微信图片_20260823223056_41_46.jpg,微信图片_20260823223056_41_46.jpg,0.40,384,192,192,1152,576,1536,crops/微信图片_20260823223056_41_46__w0025__s0.40.jpg,Leaf_Gall,0.9839951395988464,Leaf_Gall|Leaf_Blight|Felt_Leaf,0.983995|0.008330|0.005391,0.10103917121887207,true
微信图片_20260823223056_41_46,26,微信图片_20260823223056_41_46.jpg,微信图片_20260823223056_41_46.jpg,0.40,384,192,384,1152,768,1536,crops/微信图片_20260823223056_41_46__w0026__s0.40.jpg,Leaf_Gall,0.9817512631416321,Leaf_Gall|Felt_Leaf|Leaf_Blight,0.981751|0.015278|0.001365,0.10325771570205688,true
微信图片_20260823223056_41_46,27,微信图片_20260823223056_41_46.jpg,微信图片_20260823223056_41_46.jpg,0.40,384,192,576,1152,960,1536,crops/微信图片_20260823223056_41_46__w0027__s0.40.jpg,Leaf_Gall,0.9897234439849854,Leaf_Gall|Felt_Leaf|Fungal_Leaf_Spot,0.989723|0.006392|0.001534,0.06982336938381195,true
微信图片_20260823223056_41_46,28,微信图片_20260823223056_41_46.jpg,微信图片_20260823223056_41_46.jpg,0.40,384,192,0,1322,384,1706,crops/微信图片_20260823223056_41_46__w0028__s0.40.jpg,Fungal_Leaf_Spot,0.31041473150253296,Fungal_Leaf_Spot|Leaf_Blight|Leaf_Gall,0.310415|0.303084|0.255418,1.5602850914001465,false
微信图片_20260823223056_41_46,29,微信图片_20260823223056_41_46.jpg,微信图片_20260823223056_41_46.jpg,0.40,384,192,192,1322,576,1706,crops/微信图片_20260823223056_41_46__w0029__s0.40.jpg,Leaf_Gall,0.6576679944992065,Leaf_Gall|Leaf_Blight|Felt_Leaf,0.657668|0.111998|0.088703,1.2272733449935913,false
微信图片_20260823223056_41_46,30,微信图片_20260823223056_41_46.jpg,微信图片_20260823223056_41_46.jpg,0.40,384,192,384,1322,768,1706,crops/微信图片_20260823223056_41_46__w0030__s0.40.jpg,Leaf_Gall,0.9204382300376892,Leaf_Gall|Felt_Leaf|Leaf_Blight,0.920438|0.038190|0.020581,0.39081665873527527,true
微信图片_20260823223056_41_46,31,微信图片_20260823223056_41_46.jpg,微信图片_20260823223056_41_46.jpg,0.40,384,192,576,1322,960,1706,crops/微信图片_20260823223056_41_46__w0031__s0.40.jpg,Leaf_Gall,0.8230684995651245,Leaf_Gall|Felt_Leaf|Bituminous_Leaf,0.823068|0.055454|0.037290,0.7637176513671875,true
微信图片_20260823223056_41_46,32,微信图片_20260823223056_41_46.jpg,微信图片_20260823223056_41_46.jpg,0.60,576,288,0,0,576,576,crops/微信图片_20260823223056_41_46__w0032__s0.60.jpg,Leaf_Gall,0.45211029052734375,Leaf_Gall|Leaf_Blight|Felt_Leaf,0.452110|0.406260|0.088699,1.157317042350769,false
微信图片_20260823223056_41_46,33,微信图片_20260823223056_41_46.jpg,微信图片_20260823223056_41_46.jpg,0.60,576,288,288,0,864,576,crops/微信图片_20260823223056_41_46__w0033__s0.60.jpg,Leaf_Gall,0.96197909116745,Leaf_Gall|Leaf_Blight|Felt_Leaf,0.961979|0.019974|0.010793,0.20784235000610352,true
微信图片_20260823223056_41_46,34,微信图片_20260823223056_41_46.jpg,微信图片_20260823223056_41_46.jpg,0.60,576,288,384,0,960,576,crops/微信图片_20260823223056_41_46__w0034__s0.60.jpg,Leaf_Gall,0.9560304880142212,Leaf_Gall|Leaf_Blight|Felt_Leaf,0.956030|0.019467|0.013892,0.23817676305770874,true
微信图片_20260823223056_41_46,35,微信图片_20260823223056_41_46.jpg,微信图片_20260823223056_41_46.jpg,0.60,576,288,0,288,576,864,crops/微信图片_20260823223056_41_46__w0035__s0.60.jpg,Leaf_Blight,0.5612830519676208,Leaf_Blight|Leaf_Gall|Deficiency_Leaf,0.561283|0.219517|0.099116,1.2169363498687744,false
微信图片_20260823223056_41_46,36,微信图片_20260823223056_41_46.jpg,微信图片_20260823223056_41_46.jpg,0.60,576,288,288,288,864,864,crops/微信图片_20260823223056_41_46__w0036__s0.60.jpg,Leaf_Blight,0.7785972356796265,Leaf_Blight|Leaf_Gall|Felt_Leaf,0.778597|0.185690|0.021642,0.6674010157585144,false
微信图片_20260823223056_41_46,37,微信图片_20260823223056_41_46.jpg,微信图片_20260823223056_41_46.jpg,0.60,576,288,384,288,960,864,crops/微信图片_20260823223056_41_46__w0037__s0.60.jpg,Leaf_Gall,0.5065181255340576,Leaf_Gall|Leaf_Blight|Felt_Leaf,0.506518|0.424142|0.032231,0.9884175062179565,false
微信图片_20260823223056_41_46,38,微信图片_20260823223056_41_46.jpg,微信图片_20260823223056_41_46.jpg,0.60,576,288,0,576,576,1152,crops/微信图片_20260823223056_41_46__w0038__s0.60.jpg,Leaf_Gall,0.4960949122905731,Leaf_Gall|Leaf_Blight|Felt_Leaf,0.496095|0.442925|0.029834,0.9565584659576416,false
微信图片_20260823223056_41_46,39,微信图片_20260823223056_41_46.jpg,微信图片_20260823223056_41_46.jpg,0.60,576,288,288,576,864,1152,crops/微信图片_20260823223056_41_46__w0039__s0.60.jpg,Leaf_Blight,0.8271573781967163,Leaf_Blight|Leaf_Gall|Deficiency_Leaf,0.827157|0.112115|0.023192,0.6650235652923584,true
微信图片_20260823223056_41_46,40,微信图片_20260823223056_41_46.jpg,微信图片_20260823223056_41_46.jpg,0.60,576,288,384,576,960,1152,crops/微信图片_20260823223056_41_46__w0040__s0.60.jpg,Leaf_Blight,0.5651311874389648,Leaf_Blight|Leaf_Gall|Deficiency_Leaf,0.565131|0.269717|0.051163,1.2227416038513184,false
微信图片_20260823223056_41_46,41,微信图片_20260823223056_41_46.jpg,微信图片_20260823223056_41_46.jpg,0.60,576,288,0,864,576,1440,crops/微信图片_20260823223056_41_46__w0041__s0.60.jpg,Leaf_Gall,0.7340558767318726,Leaf_Gall|Leaf_Blight|Felt_Leaf,0.734056|0.230096|0.012366,0.735429048538208,false
微信图片_20260823223056_41_46,42,微信图片_20260823223056_41_46.jpg,微信图片_20260823223056_41_46.jpg,0.60,576,288,288,864,864,1440,crops/微信图片_20260823223056_41_46__w0042__s0.60.jpg,Leaf_Gall,0.6331279873847961,Leaf_Gall|Fungal_Leaf_Spot|Felt_Leaf,0.633128|0.147000|0.068670,1.248818278312683,false
微信图片_20260823223056_41_46,43,微信图片_20260823223056_41_46.jpg,微信图片_20260823223056_41_46.jpg,0.60,576,288,384,864,960,1440,crops/微信图片_20260823223056_41_46__w0043__s0.60.jpg,Leaf_Gall,0.7016168236732483,Leaf_Gall|Fungal_Leaf_Spot|Bituminous_Leaf,0.701617|0.115121|0.053623,1.122061848640442,false
微信图片_20260823223056_41_46,44,微信图片_20260823223056_41_46.jpg,微信图片_20260823223056_41_46.jpg,0.60,576,288,0,1130,576,1706,crops/微信图片_20260823223056_41_46__w0044__s0.60.jpg,Leaf_Gall,0.8752177953720093,Leaf_Gall|Leaf_Blight|Deficiency_Leaf,0.875218|0.100773|0.006974,0.4817977845668793,true
微信图片_20260823223056_41_46,45,微信图片_20260823223056_41_46.jpg,微信图片_20260823223056_41_46.jpg,0.60,576,288,288,1130,864,1706,crops/微信图片_20260823223056_41_46__w0045__s0.60.jpg,Leaf_Gall,0.7572411298751831,Leaf_Gall|Leaf_Blight|Felt_Leaf,0.757241|0.059447|0.055947,0.9957908391952515,false
微信图片_20260823223056_41_46,46,微信图片_20260823223056_41_46.jpg,微信图片_20260823223056_41_46.jpg,0.60,576,288,384,1130,960,1706,crops/微信图片_20260823223056_41_46__w0046__s0.60.jpg,Leaf_Gall,0.8118811845779419,Leaf_Gall|Bituminous_Leaf|Leaf_Blight,0.811881|0.047774|0.035987,0.8416751623153687,true
微信图片_20260823223147_42_46,0,微信图片_20260823223147_42_46.jpg,微信图片_20260823223147_42_46.jpg,0.40,432,216,0,0,432,432,crops/微信图片_20260823223147_42_46__w0000__s0.40.jpg,Leaf_Gall,0.5011386871337891,Leaf_Gall|Leaf_Blight|Deficiency_Leaf,0.501139|0.492030|0.003028,0.7380541563034058,false
微信图片_20260823223147_42_46,1,微信图片_20260823223147_42_46.jpg,微信图片_20260823223147_42_46.jpg,0.40,432,216,216,0,648,432,crops/微信图片_20260823223147_42_46__w0001__s0.40.jpg,Leaf_Blight,0.5534433722496033,Leaf_Blight|Leaf_Gall|Felt_Leaf,0.553443|0.439492|0.003145,0.734239935874939,false
微信图片_20260823223147_42_46,2,微信图片_20260823223147_42_46.jpg,微信图片_20260823223147_42_46.jpg,0.40,432,216,432,0,864,432,crops/微信图片_20260823223147_42_46__w0002__s0.40.jpg,Leaf_Blight,0.8783519268035889,Leaf_Blight|Leaf_Gall|Deficiency_Leaf,0.878352|0.120601|0.000727,0.37727412581443787,true
微信图片_20260823223147_42_46,3,微信图片_20260823223147_42_46.jpg,微信图片_20260823223147_42_46.jpg,0.40,432,216,648,0,1080,432,crops/微信图片_20260823223147_42_46__w0003__s0.40.jpg,Leaf_Gall,0.7817406058311462,Leaf_Gall|Leaf_Blight|Deficiency_Leaf,0.781741|0.217663|0.000384,0.5294917225837708,false
微信图片_20260823223147_42_46,4,微信图片_20260823223147_42_46.jpg,微信图片_20260823223147_42_46.jpg,0.40,432,216,0,216,432,648,crops/微信图片_20260823223147_42_46__w0004__s0.40.jpg,Leaf_Gall,0.9768299460411072,Leaf_Gall|Leaf_Blight|Felt_Leaf,0.976830|0.022765|0.000239,0.11254168301820755,true
微信图片_20260823223147_42_46,5,微信图片_20260823223147_42_46.jpg,微信图片_20260823223147_42_46.jpg,0.40,432,216,216,216,648,648,crops/微信图片_20260823223147_42_46__w0005__s0.40.jpg,Leaf_Blight,0.9059136509895325,Leaf_Blight|Leaf_Gall|Felt_Leaf,0.905914|0.093797|0.000145,0.3142751157283783,true
微信图片_20260823223147_42_46,6,微信图片_20260823223147_42_46.jpg,微信图片_20260823223147_42_46.jpg,0.40,432,216,432,216,864,648,crops/微信图片_20260823223147_42_46__w0006__s0.40.jpg,Leaf_Blight,0.9836636781692505,Leaf_Blight|Leaf_Gall|Curl_Leaf,0.983664|0.015654|0.000271,0.08722946047782898,true
微信图片_20260823223147_42_46,7,微信图片_20260823223147_42_46.jpg,微信图片_20260823223147_42_46.jpg,0.40,432,216,648,216,1080,648,crops/微信图片_20260823223147_42_46__w0007__s0.40.jpg,Leaf_Blight,0.9719482064247131,Leaf_Blight|Leaf_Gall|Deficiency_Leaf,0.971948|0.016465|0.005693,0.15671420097351074,true
微信图片_20260823223147_42_46,8,微信图片_20260823223147_42_46.jpg,微信图片_20260823223147_42_46.jpg,0.40,432,216,0,432,432,864,crops/微信图片_20260823223147_42_46__w0008__s0.40.jpg,Leaf_Gall,0.7572310566902161,Leaf_Gall|Leaf_Blight|Deficiency_Leaf,0.757231|0.241777|0.000591,0.5618895292282104,false
微信图片_20260823223147_42_46,9,微信图片_20260823223147_42_46.jpg,微信图片_20260823223147_42_46.jpg,0.40,432,216,216,432,648,864,crops/微信图片_20260823223147_42_46__w0009__s0.40.jpg,Leaf_Blight,0.6723560094833374,Leaf_Blight|Leaf_Gall|Felt_Leaf,0.672356|0.325360|0.000774,0.6498593091964722,false
微信图片_20260823223147_42_46,10,微信图片_20260823223147_42_46.jpg,微信图片_20260823223147_42_46.jpg,0.40,432,216,432,432,864,864,crops/微信图片_20260823223147_42_46__w0010__s0.40.jpg,Leaf_Blight,0.8744648098945618,Leaf_Blight|Leaf_Gall|Deficiency_Leaf,0.874465|0.124047|0.000747,0.3880003094673157,true
微信图片_20260823223147_42_46,11,微信图片_20260823223147_42_46.jpg,微信图片_20260823223147_42_46.jpg,0.40,432,216,648,432,1080,864,crops/微信图片_20260823223147_42_46__w0011__s0.40.jpg,Leaf_Blight,0.9487715363502502,Leaf_Blight|Leaf_Gall|Curl_Leaf,0.948772|0.050257|0.000429,0.20807327330112457,true
微信图片_20260823223147_42_46,12,微信图片_20260823223147_42_46.jpg,微信图片_20260823223147_42_46.jpg,0.40,432,216,0,648,432,1080,crops/微信图片_20260823223147_42_46__w0012__s0.40.jpg,Leaf_Blight,0.5390326380729675,Leaf_Blight|Leaf_Gall|Deficiency_Leaf,0.539033|0.459467|0.000820,0.7017849683761597,false
微信图片_20260823223147_42_46,13,微信图片_20260823223147_42_46.jpg,微信图片_20260823223147_42_46.jpg,0.40,432,216,216,648,648,1080,crops/微信图片_20260823223147_42_46__w0013__s0.40.jpg,Leaf_Gall,0.8115948438644409,Leaf_Gall|Leaf_Blight|Deficiency_Leaf,0.811595|0.184634|0.002993,0.505374014377594,true
微信图片_20260823223147_42_46,14,微信图片_20260823223147_42_46.jpg,微信图片_20260823223147_42_46.jpg,0.40,432,216,432,648,864,1080,crops/微信图片_20260823223147_42_46__w0014__s0.40.jpg,Leaf_Gall,0.9492332935333252,Leaf_Gall|Leaf_Blight|Deficiency_Leaf,0.949233|0.041714|0.008147,0.22868993878364563,true
微信图片_20260823223147_42_46,15,微信图片_20260823223147_42_46.jpg,微信图片_20260823223147_42_46.jpg,0.40,432,216,648,648,1080,1080,crops/微信图片_20260823223147_42_46__w0015__s0.40.jpg,Leaf_Gall,0.7766878604888916,Leaf_Gall|Leaf_Blight|Deficiency_Leaf,0.776688|0.222175|0.000803,0.5392294526100159,false
微信图片_20260823223147_42_46,16,微信图片_20260823223147_42_46.jpg,微信图片_20260823223147_42_46.jpg,0.40,432,216,0,864,432,1296,crops/微信图片_20260823223147_42_46__w0016__s0.40.jpg,Leaf_Blight,0.6848751902580261,Leaf_Blight|Leaf_Gall|Healthy_Leaf,0.684875|0.315024|0.000045,0.6241809129714966,false
微信图片_20260823223147_42_46,17,微信图片_20260823223147_42_46.jpg,微信图片_20260823223147_42_46.jpg,0.40,432,216,216,864,648,1296,crops/微信图片_20260823223147_42_46__w0017__s0.40.jpg,Leaf_Blight,0.8954235315322876,Leaf_Blight|Leaf_Gall|Healthy_Leaf,0.895424|0.104183|0.000154,0.3381481170654297,true
微信图片_20260823223147_42_46,18,微信图片_20260823223147_42_46.jpg,微信图片_20260823223147_42_46.jpg,0.40,432,216,432,864,864,1296,crops/微信图片_20260823223147_42_46__w0018__s0.40.jpg,Leaf_Gall,0.9598151445388794,Leaf_Gall|Leaf_Blight|Healthy_Leaf,0.959815|0.039030|0.000504,0.1751304268836975,true
微信图片_20260823223147_42_46,19,微信图片_20260823223147_42_46.jpg,微信图片_20260823223147_42_46.jpg,0.40,432,216,648,864,1080,1296,crops/微信图片_20260823223147_42_46__w0019__s0.40.jpg,Leaf_Blight,0.8847375512123108,Leaf_Blight|Leaf_Gall|Deficiency_Leaf,0.884738|0.114994|0.000179,0.35954853892326355,true
微信图片_20260823223147_42_46,20,微信图片_20260823223147_42_46.jpg,微信图片_20260823223147_42_46.jpg,0.40,432,216,0,1080,432,1512,crops/微信图片_20260823223147_42_46__w0020__s0.40.jpg,Leaf_Gall,0.921328067779541,Leaf_Gall|Leaf_Blight|Deficiency_Leaf,0.921328|0.077053|0.000674,0.28548070788383484,true
微信图片_20260823223147_42_46,21,微信图片_20260823223147_42_46.jpg,微信图片_20260823223147_42_46.jpg,0.40,432,216,216,1080,648,1512,crops/微信图片_20260823223147_42_46__w0021__s0.40.jpg,Leaf_Gall,0.9686371684074402,Leaf_Gall|Leaf_Blight|Deficiency_Leaf,0.968637|0.031274|0.000044,0.14015813171863556,true
微信图片_20260823223147_42_46,22,微信图片_20260823223147_42_46.jpg,微信图片_20260823223147_42_46.jpg,0.40,432,216,432,1080,864,1512,crops/微信图片_20260823223147_42_46__w0022__s0.40.jpg,Leaf_Gall,0.9599111676216125,Leaf_Gall|Leaf_Blight|Deficiency_Leaf,0.959911|0.037788|0.001265,0.1798735111951828,true
微信图片_20260823223147_42_46,23,微信图片_20260823223147_42_46.jpg,微信图片_20260823223147_42_46.jpg,0.40,432,216,648,1080,1080,1512,crops/微信图片_20260823223147_42_46__w0023__s0.40.jpg,Leaf_Blight,0.8291764259338379,Leaf_Blight|Leaf_Gall|Deficiency_Leaf,0.829176|0.168844|0.000894,0.4706898331642151,true
微信图片_20260823223147_42_46,24,微信图片_20260823223147_42_46.jpg,微信图片_20260823223147_42_46.jpg,0.40,432,216,0,1296,432,1728,crops/微信图片_20260823223147_42_46__w0024__s0.40.jpg,Leaf_Gall,0.8173812627792358,Leaf_Gall|Leaf_Blight|Deficiency_Leaf,0.817381|0.131670|0.031252,0.6409968733787537,true
微信图片_20260823223147_42_46,25,微信图片_20260823223147_42_46.jpg,微信图片_20260823223147_42_46.jpg,0.40,432,216,216,1296,648,1728,crops/微信图片_20260823223147_42_46__w0025__s0.40.jpg,Leaf_Gall,0.908203125,Leaf_Gall|Leaf_Blight|Deficiency_Leaf,0.908203|0.079969|0.004956,0.35867631435394287,true
微信图片_20260823223147_42_46,26,微信图片_20260823223147_42_46.jpg,微信图片_20260823223147_42_46.jpg,0.40,432,216,432,1296,864,1728,crops/微信图片_20260823223147_42_46__w0026__s0.40.jpg,Leaf_Gall,0.9817657470703125,Leaf_Gall|Healthy_Leaf|Leaf_Blight,0.981766|0.008039|0.005913,0.11467494070529938,true
微信图片_20260823223147_42_46,27,微信图片_20260823223147_42_46.jpg,微信图片_20260823223147_42_46.jpg,0.40,432,216,648,1296,1080,1728,crops/微信图片_20260823223147_42_46__w0027__s0.40.jpg,Leaf_Gall,0.9910656809806824,Leaf_Gall|Leaf_Blight|Healthy_Leaf,0.991066|0.007566|0.000731,0.056474365293979645,true
微信图片_20260823223147_42_46,28,微信图片_20260823223147_42_46.jpg,微信图片_20260823223147_42_46.jpg,0.40,432,216,0,1488,432,1920,crops/微信图片_20260823223147_42_46__w0028__s0.40.jpg,Leaf_Blight,0.7244796752929688,Leaf_Blight|Leaf_Gall|Deficiency_Leaf,0.724480|0.237033|0.027680,0.7376761436462402,false
微信图片_20260823223147_42_46,29,微信图片_20260823223147_42_46.jpg,微信图片_20260823223147_42_46.jpg,0.40,432,216,216,1488,648,1920,crops/微信图片_20260823223147_42_46__w0029__s0.40.jpg,Leaf_Blight,0.6848997473716736,Leaf_Blight|Leaf_Gall|Deficiency_Leaf,0.684900|0.154927|0.128071,0.9577678442001343,false
微信图片_20260823223147_42_46,30,微信图片_20260823223147_42_46.jpg,微信图片_20260823223147_42_46.jpg,0.40,432,216,432,1488,864,1920,crops/微信图片_20260823223147_42_46__w0030__s0.40.jpg,Leaf_Gall,0.9928277134895325,Leaf_Gall|Leaf_Blight|Healthy_Leaf,0.992828|0.003518|0.002557,0.050638630986213684,true
微信图片_20260823223147_42_46,31,微信图片_20260823223147_42_46.jpg,微信图片_20260823223147_42_46.jpg,0.40,432,216,648,1488,1080,1920,crops/微信图片_20260823223147_42_46__w0031__s0.40.jpg,Leaf_Gall,0.9766077995300293,Leaf_Gall|Felt_Leaf|Leaf_Blight,0.976608|0.011474|0.005792,0.14057110249996185,true
微信图片_20260823223147_42_46,32,微信图片_20260823223147_42_46.jpg,微信图片_20260823223147_42_46.jpg,0.60,648,324,0,0,648,648,crops/微信图片_20260823223147_42_46__w0032__s0.60.jpg,Leaf_Gall,0.7151975631713867,Leaf_Gall|Leaf_Blight|Felt_Leaf,0.715198|0.282458|0.001312,0.6140522956848145,false
微信图片_20260823223147_42_46,33,微信图片_20260823223147_42_46.jpg,微信图片_20260823223147_42_46.jpg,0.60,648,324,324,0,972,648,crops/微信图片_20260823223147_42_46__w0033__s0.60.jpg,Leaf_Blight,0.9600270390510559,Leaf_Blight|Leaf_Gall|Deficiency_Leaf,0.960027|0.037807|0.001276,0.17876799404621124,true
微信图片_20260823223147_42_46,34,微信图片_20260823223147_42_46.jpg,微信图片_20260823223147_42_46.jpg,0.60,648,324,432,0,1080,648,crops/微信图片_20260823223147_42_46__w0034__s0.60.jpg,Leaf_Blight,0.8368895053863525,Leaf_Blight|Leaf_Gall|Deficiency_Leaf,0.836890|0.161250|0.001426,0.45652154088020325,true
微信图片_20260823223147_42_46,35,微信图片_20260823223147_42_46.jpg,微信图片_20260823223147_42_46.jpg,0.60,648,324,0,324,648,972,crops/微信图片_20260823223147_42_46__w0035__s0.60.jpg,Leaf_Blight,0.5424282550811768,Leaf_Blight|Leaf_Gall|Deficiency_Leaf,0.542428|0.457250|0.000126,0.6926530599594116,false
微信图片_20260823223147_42_46,36,微信图片_20260823223147_42_46.jpg,微信图片_20260823223147_42_46.jpg,0.60,648,324,324,324,972,972,crops/微信图片_20260823223147_42_46__w0036__s0.60.jpg,Leaf_Blight,0.872906506061554,Leaf_Blight|Leaf_Gall|Deficiency_Leaf,0.872907|0.126947|0.000084,0.3821364939212799,true
微信图片_20260823223147_42_46,37,微信图片_20260823223147_42_46.jpg,微信图片_20260823223147_42_46.jpg,0.60,648,324,432,324,1080,972,crops/微信图片_20260823223147_42_46__w0037__s0.60.jpg,Leaf_Blight,0.9379379153251648,Leaf_Blight|Leaf_Gall|Deficiency_Leaf,0.937938|0.061639|0.000179,0.2356841266155243,true
微信图片_20260823223147_42_46,38,微信图片_20260823223147_42_46.jpg,微信图片_20260823223147_42_46.jpg,0.60,648,324,0,648,648,1296,crops/微信图片_20260823223147_42_46__w0038__s0.60.jpg,Leaf_Gall,0.6482040882110596,Leaf_Gall|Leaf_Blight|Deficiency_Leaf,0.648204|0.346746|0.002315,0.6812058687210083,false
微信图片_20260823223147_42_46,39,微信图片_20260823223147_42_46.jpg,微信图片_20260823223147_42_46.jpg,0.60,648,324,324,648,972,1296,crops/微信图片_20260823223147_42_46__w0039__s0.60.jpg,Leaf_Blight,0.8582837581634521,Leaf_Blight|Leaf_Gall|Deficiency_Leaf,0.858284|0.140545|0.000891,0.41578686237335205,true
微信图片_20260823223147_42_46,40,微信图片_20260823223147_42_46.jpg,微信图片_20260823223147_42_46.jpg,0.60,648,324,432,648,1080,1296,crops/微信图片_20260823223147_42_46__w0040__s0.60.jpg,Leaf_Blight,0.8846824169158936,Leaf_Blight|Leaf_Gall|Deficiency_Leaf,0.884682|0.114511|0.000457,0.36320969462394714,true
微信图片_20260823223147_42_46,41,微信图片_20260823223147_42_46.jpg,微信图片_20260823223147_42_46.jpg,0.60,648,324,0,972,648,1620,crops/微信图片_20260823223147_42_46__w0041__s0.60.jpg,Leaf_Gall,0.7847643494606018,Leaf_Gall|Leaf_Blight|Deficiency_Leaf,0.784764|0.204771|0.006712,0.574240505695343,false
微信图片_20260823223147_42_46,42,微信图片_20260823223147_42_46.jpg,微信图片_20260823223147_42_46.jpg,0.60,648,324,324,972,972,1620,crops/微信图片_20260823223147_42_46__w0042__s0.60.jpg,Leaf_Gall,0.5406175851821899,Leaf_Gall|Leaf_Blight|Healthy_Leaf,0.540618|0.455152|0.002133,0.7191973924636841,false
微信图片_20260823223147_42_46,43,微信图片_20260823223147_42_46.jpg,微信图片_20260823223147_42_46.jpg,0.60,648,324,432,972,1080,1620,crops/微信图片_20260823223147_42_46__w0043__s0.60.jpg,Leaf_Gall,0.7477845549583435,Leaf_Gall|Leaf_Blight|Deficiency_Leaf,0.747785|0.250006|0.001421,0.5798435211181641,false
微信图片_20260823223147_42_46,44,微信图片_20260823223147_42_46.jpg,微信图片_20260823223147_42_46.jpg,0.60,648,324,0,1272,648,1920,crops/微信图片_20260823223147_42_46__w0044__s0.60.jpg,Leaf_Gall,0.6154335141181946,Leaf_Gall|Leaf_Blight|Deficiency_Leaf,0.615434|0.333486|0.040091,0.8579742908477783,false
微信图片_20260823223147_42_46,45,微信图片_20260823223147_42_46.jpg,微信图片_20260823223147_42_46.jpg,0.60,648,324,324,1272,972,1920,crops/微信图片_20260823223147_42_46__w0045__s0.60.jpg,Leaf_Gall,0.9210949540138245,Leaf_Gall|Leaf_Blight|Healthy_Leaf,0.921095|0.076431|0.000931,0.2902062237262726,true
微信图片_20260823223147_42_46,46,微信图片_20260823223147_42_46.jpg,微信图片_20260823223147_42_46.jpg,0.60,648,324,432,1272,1080,1920,crops/微信图片_20260823223147_42_46__w0046__s0.60.jpg,Leaf_Gall,0.5014041066169739,Leaf_Gall|Leaf_Blight|Healthy_Leaf,0.501404|0.494215|0.003112,0.7224574089050293,false
微信图片_20260823223148_43_46,0,微信图片_20260823223148_43_46.jpg,微信图片_20260823223148_43_46.jpg,0.40,324,162,0,0,324,324,crops/微信图片_20260823223148_43_46__w0000__s0.40.jpg,Leaf_Gall,0.9858287572860718,Leaf_Gall|Leaf_Blight|Felt_Leaf,0.985829|0.013567|0.000227,0.07781891524791718,true
微信图片_20260823223148_43_46,1,微信图片_20260823223148_43_46.jpg,微信图片_20260823223148_43_46.jpg,0.40,324,162,162,0,486,324,crops/微信图片_20260823223148_43_46__w0001__s0.40.jpg,Leaf_Gall,0.62620609998703,Leaf_Gall|Felt_Leaf|Healthy_Leaf,0.626206|0.101354|0.076032,1.3447121381759644,false
微信图片_20260823223148_43_46,2,微信图片_20260823223148_43_46.jpg,微信图片_20260823223148_43_46.jpg,0.40,324,162,324,0,648,324,crops/微信图片_20260823223148_43_46__w0002__s0.40.jpg,Leaf_Gall,0.9987927675247192,Leaf_Gall|Leaf_Blight|Felt_Leaf,0.998793|0.001103|0.000083,0.00975499115884304,true
微信图片_20260823223148_43_46,3,微信图片_20260823223148_43_46.jpg,微信图片_20260823223148_43_46.jpg,0.40,324,162,486,0,810,324,crops/微信图片_20260823223148_43_46__w0003__s0.40.jpg,Leaf_Gall,0.9921518564224243,Leaf_Gall|Leaf_Blight|Felt_Leaf,0.992152|0.006674|0.000849,0.050280697643756866,true
微信图片_20260823223148_43_46,4,微信图片_20260823223148_43_46.jpg,微信图片_20260823223148_43_46.jpg,0.40,324,162,0,162,324,486,crops/微信图片_20260823223148_43_46__w0004__s0.40.jpg,Leaf_Gall,0.9804815649986267,Leaf_Gall|Leaf_Blight|Felt_Leaf,0.980482|0.019145|0.000158,0.09852069616317749,true
微信图片_20260823223148_43_46,5,微信图片_20260823223148_43_46.jpg,微信图片_20260823223148_43_46.jpg,0.40,324,162,162,162,486,486,crops/微信图片_20260823223148_43_46__w0005__s0.40.jpg,Leaf_Gall,0.6278632283210754,Leaf_Gall|Leaf_Blight|Felt_Leaf,0.627863|0.364909|0.002986,0.7055220603942871,false
微信图片_20260823223148_43_46,6,微信图片_20260823223148_43_46.jpg,微信图片_20260823223148_43_46.jpg,0.40,324,162,324,162,648,486,crops/微信图片_20260823223148_43_46__w0006__s0.40.jpg,Leaf_Gall,0.9971410036087036,Leaf_Gall|Leaf_Blight|Felt_Leaf,0.997141|0.002674|0.000129,0.02045731619000435,true
微信图片_20260823223148_43_46,7,微信图片_20260823223148_43_46.jpg,微信图片_20260823223148_43_46.jpg,0.40,324,162,486,162,810,486,crops/微信图片_20260823223148_43_46__w0007__s0.40.jpg,Leaf_Gall,0.997992992401123,Leaf_Gall|Leaf_Blight|Felt_Leaf,0.997993|0.001767|0.000143,0.015496072359383106,true
微信图片_20260823223148_43_46,8,微信图片_20260823223148_43_46.jpg,微信图片_20260823223148_43_46.jpg,0.40,324,162,0,324,324,648,crops/微信图片_20260823223148_43_46__w0008__s0.40.jpg,Leaf_Gall,0.8485994935035706,Leaf_Gall|Leaf_Blight|Felt_Leaf,0.848599|0.151022|0.000205,0.4282297194004059,true
微信图片_20260823223148_43_46,9,微信图片_20260823223148_43_46.jpg,微信图片_20260823223148_43_46.jpg,0.40,324,162,162,324,486,648,crops/微信图片_20260823223148_43_46__w0009__s0.40.jpg,Leaf_Gall,0.9822784662246704,Leaf_Gall|Leaf_Blight|Deficiency_Leaf,0.982278|0.016969|0.000382,0.09309796243906021,true
微信图片_20260823223148_43_46,10,微信图片_20260823223148_43_46.jpg,微信图片_20260823223148_43_46.jpg,0.40,324,162,324,324,648,648,crops/微信图片_20260823223148_43_46__w0010__s0.40.jpg,Leaf_Gall,0.9726304411888123,Leaf_Gall|Leaf_Blight|Felt_Leaf,0.972630|0.025183|0.001060,0.13630682229995728,true
微信图片_20260823223148_43_46,11,微信图片_20260823223148_43_46.jpg,微信图片_20260823223148_43_46.jpg,0.40,324,162,486,324,810,648,crops/微信图片_20260823223148_43_46__w0011__s0.40.jpg,Leaf_Gall,0.8972681760787964,Leaf_Gall|Leaf_Blight|Felt_Leaf,0.897268|0.101580|0.000704,0.3388546109199524,true
微信图片_20260823223148_43_46,12,微信图片_20260823223148_43_46.jpg,微信图片_20260823223148_43_46.jpg,0.40,324,162,0,486,324,810,crops/微信图片_20260823223148_43_46__w0012__s0.40.jpg,Leaf_Gall,0.9882472157478333,Leaf_Gall|Leaf_Blight|Felt_Leaf,0.988247|0.010084|0.001480,0.06949254870414734,true
微信图片_20260823223148_43_46,13,微信图片_20260823223148_43_46.jpg,微信图片_20260823223148_43_46.jpg,0.40,324,162,162,486,486,810,crops/微信图片_20260823223148_43_46__w0013__s0.40.jpg,Leaf_Gall,0.9997839331626892,Leaf_Gall|Leaf_Blight|Felt_Leaf,0.999784|0.000163|0.000034,0.002212605671957135,true
微信图片_20260823223148_43_46,14,微信图片_20260823223148_43_46.jpg,微信图片_20260823223148_43_46.jpg,0.40,324,162,324,486,648,810,crops/微信图片_20260823223148_43_46__w0014__s0.40.jpg,Leaf_Gall,0.9995892643928528,Leaf_Gall|Leaf_Blight|Felt_Leaf,0.999589|0.000356|0.000035,0.003834805218502879,true
微信图片_20260823223148_43_46,15,微信图片_20260823223148_43_46.jpg,微信图片_20260823223148_43_46.jpg,0.40,324,162,486,486,810,810,crops/微信图片_20260823223148_43_46__w0015__s0.40.jpg,Leaf_Gall,0.9675460457801819,Leaf_Gall|Leaf_Blight|Felt_Leaf,0.967546|0.027723|0.002785,0.16125893592834473,true
微信图片_20260823223148_43_46,16,微信图片_20260823223148_43_46.jpg,微信图片_20260823223148_43_46.jpg,0.40,324,162,0,648,324,972,crops/微信图片_20260823223148_43_46__w0016__s0.40.jpg,Leaf_Gall,0.996016800403595,Leaf_Gall|Felt_Leaf|Leaf_Blight,0.996017|0.002362|0.001310,0.02970714494585991,true
微信图片_20260823223148_43_46,17,微信图片_20260823223148_43_46.jpg,微信图片_20260823223148_43_46.jpg,0.40,324,162,162,648,486,972,crops/微信图片_20260823223148_43_46__w0017__s0.40.jpg,Leaf_Gall,0.9997500777244568,Leaf_Gall|Leaf_Blight|Felt_Leaf,0.999750|0.000111|0.000089,0.0026063364930450916,true
微信图片_20260823223148_43_46,18,微信图片_20260823223148_43_46.jpg,微信图片_20260823223148_43_46.jpg,0.40,324,162,324,648,648,972,crops/微信图片_20260823223148_43_46__w0018__s0.40.jpg,Leaf_Gall,0.9993481040000916,Leaf_Gall|Leaf_Blight|Felt_Leaf,0.999348|0.000346|0.000138,0.006313116289675236,true
微信图片_20260823223148_43_46,19,微信图片_20260823223148_43_46.jpg,微信图片_20260823223148_43_46.jpg,0.40,324,162,486,648,810,972,crops/微信图片_20260823223148_43_46__w0019__s0.40.jpg,Leaf_Gall,0.9534040093421936,Leaf_Gall|Leaf_Blight|Felt_Leaf,0.953404|0.040256|0.002536,0.21726703643798828,true
微信图片_20260823223148_43_46,20,微信图片_20260823223148_43_46.jpg,微信图片_20260823223148_43_46.jpg,0.40,324,162,0,810,324,1134,crops/微信图片_20260823223148_43_46__w0020__s0.40.jpg,Leaf_Gall,0.7204065322875977,Leaf_Gall|Leaf_Blight|Felt_Leaf,0.720407|0.183065|0.042122,0.8880008459091187,false
微信图片_20260823223148_43_46,21,微信图片_20260823223148_43_46.jpg,微信图片_20260823223148_43_46.jpg,0.40,324,162,162,810,486,1134,crops/微信图片_20260823223148_43_46__w0021__s0.40.jpg,Leaf_Gall,0.9830074310302734,Leaf_Gall|Leaf_Blight|Felt_Leaf,0.983007|0.014402|0.001927,0.09539797902107239,true
微信图片_20260823223148_43_46,22,微信图片_20260823223148_43_46.jpg,微信图片_20260823223148_43_46.jpg,0.40,324,162,324,810,648,1134,crops/微信图片_20260823223148_43_46__w0022__s0.40.jpg,Leaf_Gall,0.9860711693763733,Leaf_Gall|Leaf_Blight|Felt_Leaf,0.986071|0.013459|0.000296,0.07596912235021591,true
微信图片_20260823223148_43_46,23,微信图片_20260823223148_43_46.jpg,微信图片_20260823223148_43_46.jpg,0.40,324,162,486,810,810,1134,crops/微信图片_20260823223148_43_46__w0023__s0.40.jpg,Leaf_Blight,0.7293198108673096,Leaf_Blight|Leaf_Gall|Fungal_Leaf_Spot,0.729320|0.257603|0.005786,0.6566532254219055,false
微信图片_20260823223148_43_46,24,微信图片_20260823223148_43_46.jpg,微信图片_20260823223148_43_46.jpg,0.40,324,162,0,972,324,1296,crops/微信图片_20260823223148_43_46__w0024__s0.40.jpg,Leaf_Blight,0.5963758826255798,Leaf_Blight|Curl_Leaf|Felt_Leaf,0.596376|0.155156|0.084779,1.2937482595443726,false
微信图片_20260823223148_43_46,25,微信图片_20260823223148_43_46.jpg,微信图片_20260823223148_43_46.jpg,0.40,324,162,162,972,486,1296,crops/微信图片_20260823223148_43_46__w0025__s0.40.jpg,Leaf_Blight,0.8322450518608093,Leaf_Blight|Leaf_Gall|Felt_Leaf,0.832245|0.082200|0.077717,0.6056140661239624,true
微信图片_20260823223148_43_46,26,微信图片_20260823223148_43_46.jpg,微信图片_20260823223148_43_46.jpg,0.40,324,162,324,972,648,1296,crops/微信图片_20260823223148_43_46__w0026__s0.40.jpg,Leaf_Blight,0.5022502541542053,Leaf_Blight|Leaf_Gall|Felt_Leaf,0.502250|0.488576|0.005955,0.7497873306274414,false
微信图片_20260823223148_43_46,27,微信图片_20260823223148_43_46.jpg,微信图片_20260823223148_43_46.jpg,0.40,324,162,486,972,810,1296,crops/微信图片_20260823223148_43_46__w0027__s0.40.jpg,Leaf_Gall,0.9603458046913147,Leaf_Gall|Leaf_Blight|Felt_Leaf,0.960346|0.027485|0.006248,0.2093319296836853,true
微信图片_20260823223148_43_46,28,微信图片_20260823223148_43_46.jpg,微信图片_20260823223148_43_46.jpg,0.40,324,162,0,1116,324,1440,crops/微信图片_20260823223148_43_46__w0028__s0.40.jpg,Felt_Leaf,0.7933928966522217,Felt_Leaf|Leaf_Gall|Fungal_Leaf_Spot,0.793393|0.102698|0.068455,0.7489360570907593,false
微信图片_20260823223148_43_46,29,微信图片_20260823223148_43_46.jpg,微信图片_20260823223148_43_46.jpg,0.40,324,162,162,1116,486,1440,crops/微信图片_20260823223148_43_46__w0029__s0.40.jpg,Felt_Leaf,0.6646152138710022,Felt_Leaf|Leaf_Blight|Leaf_Gall,0.664615|0.239836|0.073626,0.9143468141555786,false
微信图片_20260823223148_43_46,30,微信图片_20260823223148_43_46.jpg,微信图片_20260823223148_43_46.jpg,0.40,324,162,324,1116,648,1440,crops/微信图片_20260823223148_43_46__w0030__s0.40.jpg,Leaf_Gall,0.569438099861145,Leaf_Gall|Leaf_Blight|Felt_Leaf,0.569438|0.420723|0.005572,0.7441297769546509,false
微信图片_20260823223148_43_46,31,微信图片_20260823223148_43_46.jpg,微信图片_20260823223148_43_46.jpg,0.40,324,162,486,1116,810,1440,crops/微信图片_20260823223148_43_46__w0031__s0.40.jpg,Leaf_Gall,0.9496566653251648,Leaf_Gall|Leaf_Blight|Felt_Leaf,0.949657|0.040299|0.007780,0.2338557243347168,true
微信图片_20260823223148_43_46,32,微信图片_20260823223148_43_46.jpg,微信图片_20260823223148_43_46.jpg,0.60,486,243,0,0,486,486,crops/微信图片_20260823223148_43_46__w0032__s0.60.jpg,Leaf_Gall,0.927628755569458,Leaf_Gall|Leaf_Blight|Felt_Leaf,0.927629|0.072055|0.000138,0.26216843724250793,true
微信图片_20260823223148_43_46,33,微信图片_20260823223148_43_46.jpg,微信图片_20260823223148_43_46.jpg,0.60,486,243,243,0,729,486,crops/微信图片_20260823223148_43_46__w0033__s0.60.jpg,Leaf_Gall,0.6498940587043762,Leaf_Gall|Leaf_Blight|Felt_Leaf,0.649894|0.346470|0.001422,0.6731770038604736,false
微信图片_20260823223148_43_46,34,微信图片_20260823223148_43_46.jpg,微信图片_20260823223148_43_46.jpg,0.60,486,243,324,0,810,486,crops/微信图片_20260823223148_43_46__w0034__s0.60.jpg,Leaf_Gall,0.6558082699775696,Leaf_Gall|Leaf_Blight|Felt_Leaf,0.655808|0.338867|0.001727,0.6802612543106079,false
微信图片_20260823223148_43_46,35,微信图片_20260823223148_43_46.jpg,微信图片_20260823223148_43_46.jpg,0.60,486,243,0,243,486,729,crops/微信图片_20260823223148_43_46__w0035__s0.60.jpg,Leaf_Gall,0.991999626159668,Leaf_Gall|Leaf_Blight|Felt_Leaf,0.992000|0.007852|0.000070,0.04750737547874451,true
微信图片_20260823223148_43_46,36,微信图片_20260823223148_43_46.jpg,微信图片_20260823223148_43_46.jpg,0.60,486,243,243,243,729,729,crops/微信图片_20260823223148_43_46__w0036__s0.60.jpg,Leaf_Gall,0.9511532783508301,Leaf_Gall|Leaf_Blight|Deficiency_Leaf,0.951153|0.048317|0.000231,0.19872285425662994,true
微信图片_20260823223148_43_46,37,微信图片_20260823223148_43_46.jpg,微信图片_20260823223148_43_46.jpg,0.60,486,243,324,243,810,729,crops/微信图片_20260823223148_43_46__w0037__s0.60.jpg,Leaf_Gall,0.9580495357513428,Leaf_Gall|Leaf_Blight|Deficiency_Leaf,0.958050|0.040875|0.000597,0.18053686618804932,true
微信图片_20260823223148_43_46,38,微信图片_20260823223148_43_46.jpg,微信图片_20260823223148_43_46.jpg,0.60,486,243,0,486,486,972,crops/微信图片_20260823223148_43_46__w0038__s0.60.jpg,Leaf_Gall,0.9972035884857178,Leaf_Gall|Leaf_Blight|Felt_Leaf,0.997204|0.002426|0.000185,0.02079549990594387,true
微信图片_20260823223148_43_46,39,微信图片_20260823223148_43_46.jpg,微信图片_20260823223148_43_46.jpg,0.60,486,243,243,486,729,972,crops/微信图片_20260823223148_43_46__w0039__s0.60.jpg,Leaf_Gall,0.9705640077590942,Leaf_Gall|Leaf_Blight|Felt_Leaf,0.970564|0.026045|0.001829,0.14736473560333252,true
微信图片_20260823223148_43_46,40,微信图片_20260823223148_43_46.jpg,微信图片_20260823223148_43_46.jpg,0.60,486,243,324,486,810,972,crops/微信图片_20260823223148_43_46__w0040__s0.60.jpg,Leaf_Gall,0.9896005988121033,Leaf_Gall|Leaf_Blight|Felt_Leaf,0.989601|0.008690|0.000917,0.0644359439611435,true
微信图片_20260823223148_43_46,41,微信图片_20260823223148_43_46.jpg,微信图片_20260823223148_43_46.jpg,0.60,486,243,0,729,486,1215,crops/微信图片_20260823223148_43_46__w0041__s0.60.jpg,Leaf_Gall,0.9481242299079895,Leaf_Gall|Leaf_Blight|Fungal_Leaf_Spot,0.948124|0.045871|0.002815,0.22993449866771698,true
微信图片_20260823223148_43_46,42,微信图片_20260823223148_43_46.jpg,微信图片_20260823223148_43_46.jpg,0.60,486,243,243,729,729,1215,crops/微信图片_20260823223148_43_46__w0042__s0.60.jpg,Leaf_Gall,0.7894182205200195,Leaf_Gall|Leaf_Blight|Fungal_Leaf_Spot,0.789418|0.206714|0.001408,0.539729118347168,false
微信图片_20260823223148_43_46,43,微信图片_20260823223148_43_46.jpg,微信图片_20260823223148_43_46.jpg,0.60,486,243,324,729,810,1215,crops/微信图片_20260823223148_43_46__w0043__s0.60.jpg,Leaf_Gall,0.924412190914154,Leaf_Gall|Leaf_Blight|Deficiency_Leaf,0.924412|0.074392|0.000565,0.27571901679039,true
微信图片_20260823223148_43_46,44,微信图片_20260823223148_43_46.jpg,微信图片_20260823223148_43_46.jpg,0.60,486,243,0,954,486,1440,crops/微信图片_20260823223148_43_46__w0044__s0.60.jpg,Leaf_Blight,0.580588698387146,Leaf_Blight|Leaf_Gall|Curl_Leaf,0.580589|0.357227|0.017829,0.9551960229873657,false
微信图片_20260823223148_43_46,45,微信图片_20260823223148_43_46.jpg,微信图片_20260823223148_43_46.jpg,0.60,486,243,243,954,729,1440,crops/微信图片_20260823223148_43_46__w0045__s0.60.jpg,Leaf_Gall,0.7049245834350586,Leaf_Gall|Leaf_Blight|Felt_Leaf,0.704925|0.287099|0.004402,0.6539795398712158,false
微信图片_20260823223148_43_46,46,微信图片_20260823223148_43_46.jpg,微信图片_20260823223148_43_46.jpg,0.60,486,243,324,954,810,1440,crops/微信图片_20260823223148_43_46__w0046__s0.60.jpg,Leaf_Blight,0.7069043517112732,Leaf_Blight|Leaf_Gall|Deficiency_Leaf,0.706904|0.286238|0.002101,0.6494394540786743,false
微信图片_20260823223149_44_46,0,微信图片_20260823223149_44_46.jpg,微信图片_20260823223149_44_46.jpg,0.40,432,216,0,0,432,432,crops/微信图片_20260823223149_44_46__w0000__s0.40.jpg,Leaf_Blight,0.9931995272636414,Leaf_Blight|Leaf_Gall|Curl_Leaf,0.993200|0.005789|0.000774,0.0444197803735733,true
微信图片_20260823223149_44_46,1,微信图片_20260823223149_44_46.jpg,微信图片_20260823223149_44_46.jpg,0.40,432,216,216,0,648,432,crops/微信图片_20260823223149_44_46__w0001__s0.40.jpg,Leaf_Blight,0.9949323534965515,Leaf_Blight|Leaf_Gall|Curl_Leaf,0.994932|0.004901|0.000103,0.03276931494474411,true
微信图片_20260823223149_44_46,2,微信图片_20260823223149_44_46.jpg,微信图片_20260823223149_44_46.jpg,0.40,432,216,432,0,864,432,crops/微信图片_20260823223149_44_46__w0002__s0.40.jpg,Leaf_Blight,0.9944544434547424,Leaf_Blight|Leaf_Gall|Curl_Leaf,0.994454|0.005403|0.000074,0.0351896695792675,true
微信图片_20260823223149_44_46,3,微信图片_20260823223149_44_46.jpg,微信图片_20260823223149_44_46.jpg,0.40,432,216,648,0,1080,432,crops/微信图片_20260823223149_44_46__w0003__s0.40.jpg,Leaf_Blight,0.9930601119995117,Leaf_Blight|Leaf_Gall|Felt_Leaf,0.993060|0.006705|0.000097,0.04275790601968765,true
微信图片_20260823223149_44_46,4,微信图片_20260823223149_44_46.jpg,微信图片_20260823223149_44_46.jpg,0.40,432,216,0,216,432,648,crops/微信图片_20260823223149_44_46__w0004__s0.40.jpg,Leaf_Blight,0.990592896938324,Leaf_Blight|Leaf_Gall|Healthy_Leaf,0.990593|0.007720|0.000910,0.05995167791843414,true
微信图片_20260823223149_44_46,5,微信图片_20260823223149_44_46.jpg,微信图片_20260823223149_44_46.jpg,0.40,432,216,216,216,648,648,crops/微信图片_20260823223149_44_46__w0005__s0.40.jpg,Leaf_Blight,0.9500860571861267,Leaf_Blight|Leaf_Gall|Healthy_Leaf,0.950086|0.049712|0.000119,0.19982336461544037,true
微信图片_20260823223149_44_46,6,微信图片_20260823223149_44_46.jpg,微信图片_20260823223149_44_46.jpg,0.40,432,216,432,216,864,648,crops/微信图片_20260823223149_44_46__w0006__s0.40.jpg,Leaf_Blight,0.8627782464027405,Leaf_Blight|Leaf_Gall|Deficiency_Leaf,0.862778|0.137053|0.000056,0.40145376324653625,true
微信图片_20260823223149_44_46,7,微信图片_20260823223149_44_46.jpg,微信图片_20260823223149_44_46.jpg,0.40,432,216,648,216,1080,648,crops/微信图片_20260823223149_44_46__w0007__s0.40.jpg,Leaf_Blight,0.904162585735321,Leaf_Blight|Leaf_Gall|Curl_Leaf,0.904163|0.087146|0.004869,0.35618287324905396,true
微信图片_20260823223149_44_46,8,微信图片_20260823223149_44_46.jpg,微信图片_20260823223149_44_46.jpg,0.40,432,216,0,432,432,864,crops/微信图片_20260823223149_44_46__w0008__s0.40.jpg,Leaf_Blight,0.9855980277061462,Leaf_Blight|Leaf_Gall|Curl_Leaf,0.985598|0.013233|0.000419,0.08119382709264755,true
微信图片_20260823223149_44_46,9,微信图片_20260823223149_44_46.jpg,微信图片_20260823223149_44_46.jpg,0.40,432,216,216,432,648,864,crops/微信图片_20260823223149_44_46__w0009__s0.40.jpg,Leaf_Gall,0.9275380969047546,Leaf_Gall|Leaf_Blight|Healthy_Leaf,0.927538|0.071698|0.000340,0.26511016488075256,true
微信图片_20260823223149_44_46,10,微信图片_20260823223149_44_46.jpg,微信图片_20260823223149_44_46.jpg,0.40,432,216,432,432,864,864,crops/微信图片_20260823223149_44_46__w0010__s0.40.jpg,Leaf_Blight,0.7581464648246765,Leaf_Blight|Leaf_Gall|Healthy_Leaf,0.758146|0.241744|0.000040,0.5543398857116699,false
微信图片_20260823223149_44_46,11,微信图片_20260823223149_44_46.jpg,微信图片_20260823223149_44_46.jpg,0.40,432,216,648,432,1080,864,crops/微信图片_20260823223149_44_46__w0011__s0.40.jpg,Leaf_Blight,0.8986145257949829,Leaf_Blight|Leaf_Gall|Curl_Leaf,0.898615|0.061641|0.036649,0.4109386205673218,true
微信图片_20260823223149_44_46,12,微信图片_20260823223149_44_46.jpg,微信图片_20260823223149_44_46.jpg,0.40,432,216,0,648,432,1080,crops/微信图片_20260823223149_44_46__w0012__s0.40.jpg,Leaf_Blight,0.9094007611274719,Leaf_Blight|Leaf_Gall|Felt_Leaf,0.909401|0.089924|0.000390,0.308816134929657,true
微信图片_20260823223149_44_46,13,微信图片_20260823223149_44_46.jpg,微信图片_20260823223149_44_46.jpg,0.40,432,216,216,648,648,1080,crops/微信图片_20260823223149_44_46__w0013__s0.40.jpg,Leaf_Blight,0.9767922759056091,Leaf_Blight|Leaf_Gall|Felt_Leaf,0.976792|0.023199|0.000003,0.11036118865013123,true
微信图片_20260823223149_44_46,14,微信图片_20260823223149_44_46.jpg,微信图片_20260823223149_44_46.jpg,0.40,432,216,432,648,864,1080,crops/微信图片_20260823223149_44_46__w0014__s0.40.jpg,Leaf_Blight,0.9945127964019775,Leaf_Blight|Leaf_Gall|Healthy_Leaf,0.994513|0.005458|0.000012,0.03426048532128334,true
微信图片_20260823223149_44_46,15,微信图片_20260823223149_44_46.jpg,微信图片_20260823223149_44_46.jpg,0.40,432,216,648,648,1080,1080,crops/微信图片_20260823223149_44_46__w0015__s0.40.jpg,Leaf_Blight,0.9943378567695618,Leaf_Blight|Leaf_Gall|Healthy_Leaf,0.994338|0.005347|0.000125,0.036569222807884216,true
微信图片_20260823223149_44_46,16,微信图片_20260823223149_44_46.jpg,微信图片_20260823223149_44_46.jpg,0.40,432,216,0,864,432,1296,crops/微信图片_20260823223149_44_46__w0016__s0.40.jpg,Leaf_Blight,0.9548359513282776,Leaf_Blight|Leaf_Gall|Curl_Leaf,0.954836|0.043950|0.000823,0.19093018770217896,true
微信图片_20260823223149_44_46,17,微信图片_20260823223149_44_46.jpg,微信图片_20260823223149_44_46.jpg,0.40,432,216,216,864,648,1296,crops/微信图片_20260823223149_44_46__w0017__s0.40.jpg,Leaf_Blight,0.999907374382019,Leaf_Blight|Leaf_Gall|Dry_Leaf,0.999907|0.000092|0.000000,0.0009576919837854803,true
微信图片_20260823223149_44_46,18,微信图片_20260823223149_44_46.jpg,微信图片_20260823223149_44_46.jpg,0.40,432,216,432,864,864,1296,crops/微信图片_20260823223149_44_46__w0018__s0.40.jpg,Leaf_Blight,0.9996538162231445,Leaf_Blight|Leaf_Gall|Healthy_Leaf,0.999654|0.000341|0.000002,0.0031372790690511465,true
微信图片_20260823223149_44_46,19,微信图片_20260823223149_44_46.jpg,微信图片_20260823223149_44_46.jpg,0.40,432,216,648,864,1080,1296,crops/微信图片_20260823223149_44_46__w0019__s0.40.jpg,Leaf_Blight,0.9711134433746338,Leaf_Blight|Leaf_Gall|Healthy_Leaf,0.971113|0.028472|0.000177,0.13353869318962097,true
微信图片_20260823223149_44_46,20,微信图片_20260823223149_44_46.jpg,微信图片_20260823223149_44_46.jpg,0.40,432,216,0,1080,432,1512,crops/微信图片_20260823223149_44_46__w0020__s0.40.jpg,Leaf_Blight,0.9942827224731445,Leaf_Blight|Curl_Leaf|Leaf_Gall,0.994283|0.003135|0.001495,0.04236159473657608,true
微信图片_20260823223149_44_46,21,微信图片_20260823223149_44_46.jpg,微信图片_20260823223149_44_46.jpg,0.40,432,216,216,1080,648,1512,crops/微信图片_20260823223149_44_46__w0021__s0.40.jpg,Leaf_Blight,0.999809205532074,Leaf_Blight|Leaf_Gall|Dry_Leaf,0.999809|0.000183|0.000004,0.0018682529916986823,true
微信图片_20260823223149_44_46,22,微信图片_20260823223149_44_46.jpg,微信图片_20260823223149_44_46.jpg,0.40,432,216,432,1080,864,1512,crops/微信图片_20260823223149_44_46__w0022__s0.40.jpg,Leaf_Blight,0.9595633149147034,Leaf_Blight|Leaf_Gall|Dry_Leaf,0.959563|0.040385|0.000019,0.1698063164949417,true
微信图片_20260823223149_44_46,23,微信图片_20260823223149_44_46.jpg,微信图片_20260823223149_44_46.jpg,0.40,432,216,648,1080,1080,1512,crops/微信图片_20260823223149_44_46__w0023__s0.40.jpg,Leaf_Blight,0.9610081911087036,Leaf_Blight|Leaf_Gall|Healthy_Leaf,0.961008|0.038150|0.000389,0.17001765966415405,true
微信图片_20260823223149_44_46,24,微信图片_20260823223149_44_46.jpg,微信图片_20260823223149_44_46.jpg,0.40,432,216,0,1296,432,1728,crops/微信图片_20260823223149_44_46__w0024__s0.40.jpg,Leaf_Blight,0.9977167844772339,Leaf_Blight|Leaf_Gall|Healthy_Leaf,0.997717|0.001981|0.000163,0.017458166927099228,true
微信图片_20260823223149_44_46,25,微信图片_20260823223149_44_46.jpg,微信图片_20260823223149_44_46.jpg,0.40,432,216,216,1296,648,1728,crops/微信图片_20260823223149_44_46__w0025__s0.40.jpg,Leaf_Blight,0.9972646236419678,Leaf_Blight|Leaf_Gall|Healthy_Leaf,0.997265|0.002636|0.000065,0.019415218383073807,true
微信图片_20260823223149_44_46,26,微信图片_20260823223149_44_46.jpg,微信图片_20260823223149_44_46.jpg,0.40,432,216,432,1296,864,1728,crops/微信图片_20260823223149_44_46__w0026__s0.40.jpg,Leaf_Blight,0.5645439624786377,Leaf_Blight|Leaf_Gall|Felt_Leaf,0.564544|0.432269|0.001218,0.7087277173995972,false
微信图片_20260823223149_44_46,27,微信图片_20260823223149_44_46.jpg,微信图片_20260823223149_44_46.jpg,0.40,432,216,648,1296,1080,1728,crops/微信图片_20260823223149_44_46__w0027__s0.40.jpg,Leaf_Blight,0.901263952255249,Leaf_Blight|Leaf_Gall|Dry_Leaf,0.901264|0.097563|0.000418,0.33048558235168457,true
微信图片_20260823223149_44_46,28,微信图片_20260823223149_44_46.jpg,微信图片_20260823223149_44_46.jpg,0.40,432,216,0,1488,432,1920,crops/微信图片_20260823223149_44_46__w0028__s0.40.jpg,Leaf_Blight,0.5863738656044006,Leaf_Blight|Leaf_Gall|Healthy_Leaf,0.586374|0.406018|0.002680,0.7283645868301392,false
微信图片_20260823223149_44_46,29,微信图片_20260823223149_44_46.jpg,微信图片_20260823223149_44_46.jpg,0.40,432,216,216,1488,648,1920,crops/微信图片_20260823223149_44_46__w0029__s0.40.jpg,Leaf_Blight,0.7558361887931824,Leaf_Blight|Leaf_Gall|Healthy_Leaf,0.755836|0.239901|0.001920,0.5835739970207214,false
微信图片_20260823223149_44_46,30,微信图片_20260823223149_44_46.jpg,微信图片_20260823223149_44_46.jpg,0.40,432,216,432,1488,864,1920,crops/微信图片_20260823223149_44_46__w0030__s0.40.jpg,Leaf_Blight,0.8460083603858948,Leaf_Blight|Leaf_Gall|Deficiency_Leaf,0.846008|0.153542|0.000130,0.43338140845298767,true
微信图片_20260823223149_44_46,31,微信图片_20260823223149_44_46.jpg,微信图片_20260823223149_44_46.jpg,0.40,432,216,648,1488,1080,1920,crops/微信图片_20260823223149_44_46__w0031__s0.40.jpg,Leaf_Blight,0.9639303684234619,Leaf_Blight|Leaf_Gall|Healthy_Leaf,0.963930|0.035634|0.000101,0.1583559513092041,true
微信图片_20260823223149_44_46,32,微信图片_20260823223149_44_46.jpg,微信图片_20260823223149_44_46.jpg,0.60,648,324,0,0,648,648,crops/微信图片_20260823223149_44_46__w0032__s0.60.jpg,Leaf_Blight,0.9997263550758362,Leaf_Blight|Leaf_Gall|Curl_Leaf,0.999726|0.000255|0.000007,0.002616309095174074,true
微信图片_20260823223149_44_46,33,微信图片_20260823223149_44_46.jpg,微信图片_20260823223149_44_46.jpg,0.60,648,324,324,0,972,648,crops/微信图片_20260823223149_44_46__w0033__s0.60.jpg,Leaf_Blight,0.9972561001777649,Leaf_Blight|Leaf_Gall|Curl_Leaf,0.997256|0.002721|0.000006,0.019094033166766167,true
微信图片_20260823223149_44_46,34,微信图片_20260823223149_44_46.jpg,微信图片_20260823223149_44_46.jpg,0.60,648,324,432,0,1080,648,crops/微信图片_20260823223149_44_46__w0034__s0.60.jpg,Leaf_Blight,0.9919256567955017,Leaf_Blight|Leaf_Gall|Curl_Leaf,0.991926|0.007949|0.000052,0.04778466001152992,true
微信图片_20260823223149_44_46,35,微信图片_20260823223149_44_46.jpg,微信图片_20260823223149_44_46.jpg,0.60,648,324,0,324,648,972,crops/微信图片_20260823223149_44_46__w0035__s0.60.jpg,Leaf_Blight,0.9998483657836914,Leaf_Blight|Leaf_Gall|Curl_Leaf,0.999848|0.000143|0.000003,0.001530952868051827,true
微信图片_20260823223149_44_46,36,微信图片_20260823223149_44_46.jpg,微信图片_20260823223149_44_46.jpg,0.60,648,324,324,324,972,972,crops/微信图片_20260823223149_44_46__w0036__s0.60.jpg,Leaf_Blight,0.9993383288383484,Leaf_Blight|Leaf_Gall|Curl_Leaf,0.999338|0.000660|0.000001,0.005516953766345978,true
微信图片_20260823223149_44_46,37,微信图片_20260823223149_44_46.jpg,微信图片_20260823223149_44_46.jpg,0.60,648,324,432,324,1080,972,crops/微信图片_20260823223149_44_46__w0037__s0.60.jpg,Leaf_Blight,0.9983816146850586,Leaf_Blight|Leaf_Gall|Curl_Leaf,0.998382|0.001573|0.000029,0.012279323302209377,true
微信图片_20260823223149_44_46,38,微信图片_20260823223149_44_46.jpg,微信图片_20260823223149_44_46.jpg,0.60,648,324,0,648,648,1296,crops/微信图片_20260823223149_44_46__w0038__s0.60.jpg,Leaf_Blight,0.9998233914375305,Leaf_Blight|Leaf_Gall|Curl_Leaf,0.999823|0.000169|0.000004,0.0017456974601373076,true
微信图片_20260823223149_44_46,39,微信图片_20260823223149_44_46.jpg,微信图片_20260823223149_44_46.jpg,0.60,648,324,324,648,972,1296,crops/微信图片_20260823223149_44_46__w0039__s0.60.jpg,Leaf_Blight,0.999920129776001,Leaf_Blight|Leaf_Gall|Curl_Leaf,0.999920|0.000078|0.000001,0.0008461757679469883,true
微信图片_20260823223149_44_46,40,微信图片_20260823223149_44_46.jpg,微信图片_20260823223149_44_46.jpg,0.60,648,324,432,648,1080,1296,crops/微信图片_20260823223149_44_46__w0040__s0.60.jpg,Leaf_Blight,0.9998525381088257,Leaf_Blight|Leaf_Gall|Curl_Leaf,0.999853|0.000138|0.000006,0.0014943120768293738,true
微信图片_20260823223149_44_46,41,微信图片_20260823223149_44_46.jpg,微信图片_20260823223149_44_46.jpg,0.60,648,324,0,972,648,1620,crops/微信图片_20260823223149_44_46__w0041__s0.60.jpg,Leaf_Blight,0.9998705387115479,Leaf_Blight|Leaf_Gall|Curl_Leaf,0.999871|0.000088|0.000029,0.0014149703783914447,true
微信图片_20260823223149_44_46,42,微信图片_20260823223149_44_46.jpg,微信图片_20260823223149_44_46.jpg,0.60,648,324,324,972,972,1620,crops/微信图片_20260823223149_44_46__w0042__s0.60.jpg,Leaf_Blight,0.9984428286552429,Leaf_Blight|Leaf_Gall|Dry_Leaf,0.998443|0.001520|0.000011,0.01185819786041975,true
微信图片_20260823223149_44_46,43,微信图片_20260823223149_44_46.jpg,微信图片_20260823223149_44_46.jpg,0.60,648,324,432,972,1080,1620,crops/微信图片_20260823223149_44_46__w0043__s0.60.jpg,Leaf_Blight,0.9860379099845886,Leaf_Blight|Leaf_Gall|Curl_Leaf,0.986038|0.013304|0.000365,0.07697705924510956,true
微信图片_20260823223149_44_46,44,微信图片_20260823223149_44_46.jpg,微信图片_20260823223149_44_46.jpg,0.60,648,324,0,1272,648,1920,crops/微信图片_20260823223149_44_46__w0044__s0.60.jpg,Leaf_Blight,0.9998754262924194,Leaf_Blight|Leaf_Gall|Curl_Leaf,0.999875|0.000121|0.000001,0.0012666139518842101,true
微信图片_20260823223149_44_46,45,微信图片_20260823223149_44_46.jpg,微信图片_20260823223149_44_46.jpg,0.60,648,324,324,1272,972,1920,crops/微信图片_20260823223149_44_46__w0045__s0.60.jpg,Leaf_Blight,0.9944686889648438,Leaf_Blight|Leaf_Gall|Curl_Leaf,0.994469|0.005384|0.000039,0.03518714755773544,true
微信图片_20260823223149_44_46,46,微信图片_20260823223149_44_46.jpg,微信图片_20260823223149_44_46.jpg,0.60,648,324,432,1272,1080,1920,crops/微信图片_20260823223149_44_46__w0046__s0.60.jpg,Leaf_Blight,0.9634899497032166,Leaf_Blight|Leaf_Gall|Curl_Leaf,0.963490|0.035351|0.000320,0.16381698846817017,true
微信图片_20260823223235_45_46,0,微信图片_20260823223235_45_46.jpg,微信图片_20260823223235_45_46.jpg,0.40,449,224,0,0,449,449,crops/微信图片_20260823223235_45_46__w0000__s0.40.jpg,Leaf_Gall,0.9238221645355225,Leaf_Gall|Leaf_Blight|Fungal_Leaf_Spot,0.923822|0.063867|0.003610,0.3221680521965027,true
微信图片_20260823223235_45_46,1,微信图片_20260823223235_45_46.jpg,微信图片_20260823223235_45_46.jpg,0.40,449,224,224,0,673,449,crops/微信图片_20260823223235_45_46__w0001__s0.40.jpg,Leaf_Gall,0.670305609703064,Leaf_Gall|Leaf_Blight|Felt_Leaf,0.670306|0.246196|0.030976,0.9443892240524292,false
微信图片_20260823223235_45_46,2,微信图片_20260823223235_45_46.jpg,微信图片_20260823223235_45_46.jpg,0.40,449,224,448,0,897,449,crops/微信图片_20260823223235_45_46__w0002__s0.40.jpg,Curl_Leaf,0.8623013496398926,Curl_Leaf|Leaf_Blight|Deficiency_Leaf,0.862301|0.114152|0.013566,0.4892246127128601,true
微信图片_20260823223235_45_46,3,微信图片_20260823223235_45_46.jpg,微信图片_20260823223235_45_46.jpg,0.40,449,224,672,0,1121,449,crops/微信图片_20260823223235_45_46__w0003__s0.40.jpg,Leaf_Blight,0.973742663860321,Leaf_Blight|Curl_Leaf|Leaf_Gall,0.973743|0.017329|0.006522,0.14472812414169312,true
微信图片_20260823223235_45_46,4,微信图片_20260823223235_45_46.jpg,微信图片_20260823223235_45_46.jpg,0.40,449,224,896,0,1345,449,crops/微信图片_20260823223235_45_46__w0004__s0.40.jpg,Leaf_Blight,0.50162672996521,Leaf_Blight|Leaf_Gall|Curl_Leaf,0.501627|0.421924|0.028662,1.0208444595336914,false
微信图片_20260823223235_45_46,5,微信图片_20260823223235_45_46.jpg,微信图片_20260823223235_45_46.jpg,0.40,449,224,1120,0,1569,449,crops/微信图片_20260823223235_45_46__w0005__s0.40.jpg,Leaf_Blight,0.6951743960380554,Leaf_Blight|Curl_Leaf|Leaf_Gall,0.695174|0.204318|0.072173,0.8902350664138794,false
微信图片_20260823223235_45_46,6,微信图片_20260823223235_45_46.jpg,微信图片_20260823223235_45_46.jpg,0.40,449,224,1344,0,1793,449,crops/微信图片_20260823223235_45_46__w0006__s0.40.jpg,Leaf_Blight,0.6528239846229553,Leaf_Blight|Curl_Leaf|Deficiency_Leaf,0.652824|0.343210|0.002415,0.6714439392089844,false
微信图片_20260823223235_45_46,7,微信图片_20260823223235_45_46.jpg,微信图片_20260823223235_45_46.jpg,0.40,449,224,1543,0,1992,449,crops/微信图片_20260823223235_45_46__w0007__s0.40.jpg,Leaf_Blight,0.6660143733024597,Leaf_Blight|Curl_Leaf|Leaf_Gall,0.666014|0.310888|0.014747,0.7432572245597839,false
微信图片_20260823223235_45_46,8,微信图片_20260823223235_45_46.jpg,微信图片_20260823223235_45_46.jpg,0.40,449,224,0,224,449,673,crops/微信图片_20260823223235_45_46__w0008__s0.40.jpg,Leaf_Gall,0.9603562355041504,Leaf_Gall|Leaf_Blight|Felt_Leaf,0.960356|0.030916|0.004678,0.19859421253204346,true
微信图片_20260823223235_45_46,9,微信图片_20260823223235_45_46.jpg,微信图片_20260823223235_45_46.jpg,0.40,449,224,224,224,673,673,crops/微信图片_20260823223235_45_46__w0009__s0.40.jpg,Curl_Leaf,0.9165447354316711,Curl_Leaf|Leaf_Blight|Deficiency_Leaf,0.916545|0.049786|0.015250,0.3832056522369385,true
微信图片_20260823223235_45_46,10,微信图片_20260823223235_45_46.jpg,微信图片_20260823223235_45_46.jpg,0.40,449,224,448,224,897,673,crops/微信图片_20260823223235_45_46__w0010__s0.40.jpg,Curl_Leaf,0.9554928541183472,Curl_Leaf|Leaf_Blight|Deficiency_Leaf,0.955493|0.034463|0.008681,0.21096935868263245,true
微信图片_20260823223235_45_46,11,微信图片_20260823223235_45_46.jpg,微信图片_20260823223235_45_46.jpg,0.40,449,224,672,224,1121,673,crops/微信图片_20260823223235_45_46__w0011__s0.40.jpg,Leaf_Blight,0.585657000541687,Leaf_Blight|Leaf_Gall|Curl_Leaf,0.585657|0.185139|0.179930,1.1155128479003906,false
微信图片_20260823223235_45_46,12,微信图片_20260823223235_45_46.jpg,微信图片_20260823223235_45_46.jpg,0.40,449,224,896,224,1345,673,crops/微信图片_20260823223235_45_46__w0012__s0.40.jpg,Curl_Leaf,0.9972333312034607,Curl_Leaf|Leaf_Blight|Deficiency_Leaf,0.997233|0.001605|0.000940,0.02181752771139145,true
微信图片_20260823223235_45_46,13,微信图片_20260823223235_45_46.jpg,微信图片_20260823223235_45_46.jpg,0.40,449,224,1120,224,1569,673,crops/微信图片_20260823223235_45_46__w0013__s0.40.jpg,Curl_Leaf,0.5800877213478088,Curl_Leaf|Leaf_Blight|Leaf_Gall,0.580088|0.405936|0.010621,0.7528365850448608,false
微信图片_20260823223235_45_46,14,微信图片_20260823223235_45_46.jpg,微信图片_20260823223235_45_46.jpg,0.40,449,224,1344,224,1793,673,crops/微信图片_20260823223235_45_46__w0014__s0.40.jpg,Curl_Leaf,0.8689567446708679,Curl_Leaf|Leaf_Blight|Deficiency_Leaf,0.868957|0.130458|0.000336,0.39276814460754395,true
微信图片_20260823223235_45_46,15,微信图片_20260823223235_45_46.jpg,微信图片_20260823223235_45_46.jpg,0.40,449,224,1543,224,1992,673,crops/微信图片_20260823223235_45_46__w0015__s0.40.jpg,Curl_Leaf,0.7458760142326355,Curl_Leaf|Leaf_Blight|Deficiency_Leaf,0.745876|0.243484|0.007036,0.6197270154953003,false
微信图片_20260823223235_45_46,16,微信图片_20260823223235_45_46.jpg,微信图片_20260823223235_45_46.jpg,0.40,449,224,0,448,449,897,crops/微信图片_20260823223235_45_46__w0016__s0.40.jpg,Leaf_Gall,0.8186773061752319,Leaf_Gall|Leaf_Blight|Fungal_Leaf_Spot,0.818677|0.125167|0.026638,0.6478334665298462,true
微信图片_20260823223235_45_46,17,微信图片_20260823223235_45_46.jpg,微信图片_20260823223235_45_46.jpg,0.40,449,224,224,448,673,897,crops/微信图片_20260823223235_45_46__w0017__s0.40.jpg,Leaf_Blight,0.6997157335281372,Leaf_Blight|Curl_Leaf|Leaf_Gall,0.699716|0.152578|0.084382,0.9986268281936646,false
微信图片_20260823223235_45_46,18,微信图片_20260823223235_45_46.jpg,微信图片_20260823223235_45_46.jpg,0.40,449,224,448,448,897,897,crops/微信图片_20260823223235_45_46__w0018__s0.40.jpg,Curl_Leaf,0.4975144565105438,Curl_Leaf|Leaf_Blight|Deficiency_Leaf,0.497514|0.368254|0.080161,1.1167621612548828,false
微信图片_20260823223235_45_46,19,微信图片_20260823223235_45_46.jpg,微信图片_20260823223235_45_46.jpg,0.40,449,224,672,448,1121,897,crops/微信图片_20260823223235_45_46__w0019__s0.40.jpg,Curl_Leaf,0.4705790579319,Curl_Leaf|Leaf_Blight|Leaf_Gall,0.470579|0.261088|0.232361,1.2002580165863037,false
微信图片_20260823223235_45_46,20,微信图片_20260823223235_45_46.jpg,微信图片_20260823223235_45_46.jpg,0.40,449,224,896,448,1345,897,crops/微信图片_20260823223235_45_46__w0020__s0.40.jpg,Curl_Leaf,0.9977267384529114,Curl_Leaf|Deficiency_Leaf|Leaf_Blight,0.997727|0.001218|0.000845,0.01842370815575123,true
微信图片_20260823223235_45_46,21,微信图片_20260823223235_45_46.jpg,微信图片_20260823223235_45_46.jpg,0.40,449,224,1120,448,1569,897,crops/微信图片_20260823223235_45_46__w0021__s0.40.jpg,Curl_Leaf,0.9306174516677856,Curl_Leaf|Leaf_Blight|Deficiency_Leaf,0.930617|0.067888|0.000633,0.261259526014328,true
微信图片_20260823223235_45_46,22,微信图片_20260823223235_45_46.jpg,微信图片_20260823223235_45_46.jpg,0.40,449,224,1344,448,1793,897,crops/微信图片_20260823223235_45_46__w0022__s0.40.jpg,Curl_Leaf,0.9671235084533691,Curl_Leaf|Leaf_Blight|Deficiency_Leaf,0.967124|0.032015|0.000571,0.14950434863567352,true
微信图片_20260823223235_45_46,23,微信图片_20260823223235_45_46.jpg,微信图片_20260823223235_45_46.jpg,0.40,449,224,1543,448,1992,897,crops/微信图片_20260823223235_45_46__w0023__s0.40.jpg,Leaf_Blight,0.7555973529815674,Leaf_Blight|Curl_Leaf|Leaf_Gall,0.755597|0.125097|0.070838,0.8400949835777283,false
微信图片_20260823223235_45_46,24,微信图片_20260823223235_45_46.jpg,微信图片_20260823223235_45_46.jpg,0.40,449,224,0,672,449,1121,crops/微信图片_20260823223235_45_46__w0024__s0.40.jpg,Leaf_Gall,0.8018182516098022,Leaf_Gall|Leaf_Blight|Felt_Leaf,0.801818|0.194940|0.002240,0.5174947381019592,true
微信图片_20260823223235_45_46,25,微信图片_20260823223235_45_46.jpg,微信图片_20260823223235_45_46.jpg,0.40,449,224,224,672,673,1121,crops/微信图片_20260823223235_45_46__w0025__s0.40.jpg,Leaf_Blight,0.982730507850647,Leaf_Blight|Leaf_Gall|Curl_Leaf,0.982731|0.015794|0.000720,0.09404158592224121,true
微信图片_20260823223235_45_46,26,微信图片_20260823223235_45_46.jpg,微信图片_20260823223235_45_46.jpg,0.40,449,224,448,672,897,1121,crops/微信图片_20260823223235_45_46__w0026__s0.40.jpg,Leaf_Blight,0.8973673582077026,Leaf_Blight|Curl_Leaf|Felt_Leaf,0.897367|0.094328|0.003162,0.37033602595329285,true
微信图片_20260823223235_45_46,27,微信图片_20260823223235_45_46.jpg,微信图片_20260823223235_45_46.jpg,0.40,449,224,672,672,1121,1121,crops/微信图片_20260823223235_45_46__w0027__s0.40.jpg,Curl_Leaf,0.8064903616905212,Curl_Leaf|Leaf_Blight|Leaf_Gall,0.806490|0.186998|0.003155,0.5278774499893188,true
微信图片_20260823223235_45_46,28,微信图片_20260823223235_45_46.jpg,微信图片_20260823223235_45_46.jpg,0.40,449,224,896,672,1345,1121,crops/微信图片_20260823223235_45_46__w0028__s0.40.jpg,Leaf_Blight,0.7807135581970215,Leaf_Blight|Leaf_Gall|Felt_Leaf,0.780714|0.204543|0.007123,0.5976858735084534,false
微信图片_20260823223235_45_46,29,微信图片_20260823223235_45_46.jpg,微信图片_20260823223235_45_46.jpg,0.40,449,224,1120,672,1569,1121,crops/微信图片_20260823223235_45_46__w0029__s0.40.jpg,Leaf_Blight,0.3769650459289551,Leaf_Blight|Leaf_Gall|Felt_Leaf,0.376965|0.302936|0.292946,1.209160566329956,false
微信图片_20260823223235_45_46,30,微信图片_20260823223235_45_46.jpg,微信图片_20260823223235_45_46.jpg,0.40,449,224,1344,672,1793,1121,crops/微信图片_20260823223235_45_46__w0030__s0.40.jpg,Leaf_Blight,0.650503396987915,Leaf_Blight|Curl_Leaf|Leaf_Gall,0.650503|0.234491|0.062327,1.000209093093872,false
微信图片_20260823223235_45_46,31,微信图片_20260823223235_45_46.jpg,微信图片_20260823223235_45_46.jpg,0.40,449,224,1543,672,1992,1121,crops/微信图片_20260823223235_45_46__w0031__s0.40.jpg,Leaf_Blight,0.6474841237068176,Leaf_Blight|Curl_Leaf|Felt_Leaf,0.647484|0.291480|0.025302,0.8852049112319946,false
微信图片_20260823223235_45_46,32,微信图片_20260823223235_45_46.jpg,微信图片_20260823223235_45_46.jpg,0.40,449,224,0,673,449,1122,crops/微信图片_20260823223235_45_46__w0032__s0.40.jpg,Leaf_Gall,0.7055379152297974,Leaf_Gall|Leaf_Blight|Felt_Leaf,0.705538|0.289899|0.003259,0.6338022351264954,false
微信图片_20260823223235_45_46,33,微信图片_20260823223235_45_46.jpg,微信图片_20260823223235_45_46.jpg,0.40,449,224,224,673,673,1122,crops/微信图片_20260823223235_45_46__w0033__s0.40.jpg,Leaf_Blight,0.9791924953460693,Leaf_Blight|Leaf_Gall|Curl_Leaf,0.979192|0.018620|0.001242,0.11059804260730743,true
微信图片_20260823223235_45_46,34,微信图片_20260823223235_45_46.jpg,微信图片_20260823223235_45_46.jpg,0.40,449,224,448,673,897,1122,crops/微信图片_20260823223235_45_46__w0034__s0.40.jpg,Leaf_Blight,0.8931364417076111,Leaf_Blight|Curl_Leaf|Leaf_Gall,0.893136|0.095361|0.004997,0.3906889855861664,true
微信图片_20260823223235_45_46,35,微信图片_20260823223235_45_46.jpg,微信图片_20260823223235_45_46.jpg,0.40,449,224,672,673,1121,1122,crops/微信图片_20260823223235_45_46__w0035__s0.40.jpg,Curl_Leaf,0.8498380780220032,Curl_Leaf|Leaf_Blight|Leaf_Gall,0.849838|0.142542|0.003402,0.46283766627311707,true
微信图片_20260823223235_45_46,36,微信图片_20260823223235_45_46.jpg,微信图片_20260823223235_45_46.jpg,0.40,449,224,896,673,1345,1122,crops/微信图片_20260823223235_45_46__w0036__s0.40.jpg,Leaf_Blight,0.7251483798027039,Leaf_Blight|Leaf_Gall|Felt_Leaf,0.725148|0.251956|0.011510,0.694490373134613,false
微信图片_20260823223235_45_46,37,微信图片_20260823223235_45_46.jpg,微信图片_20260823223235_45_46.jpg,0.40,449,224,1120,673,1569,1122,crops/微信图片_20260823223235_45_46__w0037__s0.40.jpg,Leaf_Blight,0.4453689157962799,Leaf_Blight|Felt_Leaf|Leaf_Gall,0.445369|0.282896|0.248810,1.1705248355865479,false
微信图片_20260823223235_45_46,38,微信图片_20260823223235_45_46.jpg,微信图片_20260823223235_45_46.jpg,0.40,449,224,1344,673,1793,1122,crops/微信图片_20260823223235_45_46__w0038__s0.40.jpg,Leaf_Blight,0.6902958750724792,Leaf_Blight|Curl_Leaf|Leaf_Gall,0.690296|0.129913|0.116213,1.012892484664917,false
微信图片_20260823223235_45_46,39,微信图片_20260823223235_45_46.jpg,微信图片_20260823223235_45_46.jpg,0.40,449,224,1543,673,1992,1122,crops/微信图片_20260823223235_45_46__w0039__s0.40.jpg,Leaf_Blight,0.7675215005874634,Leaf_Blight|Curl_Leaf|Leaf_Gall,0.767522|0.161799|0.030681,0.7671889066696167,false
微信图片_20260823223235_45_46,40,微信图片_20260823223235_45_46.jpg,微信图片_20260823223235_45_46.jpg,0.60,673,336,0,0,673,673,crops/微信图片_20260823223235_45_46__w0040__s0.60.jpg,Leaf_Gall,0.6089560985565186,Leaf_Gall|Leaf_Blight|Curl_Leaf,0.608956|0.245781|0.071780,1.1172736883163452,false
微信图片_20260823223235_45_46,41,微信图片_20260823223235_45_46.jpg,微信图片_20260823223235_45_46.jpg,0.60,673,336,336,0,1009,673,crops/微信图片_20260823223235_45_46__w0041__s0.60.jpg,Curl_Leaf,0.7155987620353699,Curl_Leaf|Leaf_Blight|Deficiency_Leaf,0.715599|0.260052|0.012910,0.7053811550140381,false
微信图片_20260823223235_45_46,42,微信图片_20260823223235_45_46.jpg,微信图片_20260823223235_45_46.jpg,0.60,673,336,672,0,1345,673,crops/微信图片_20260823223235_45_46__w0042__s0.60.jpg,Leaf_Blight,0.8889695405960083,Leaf_Blight|Curl_Leaf|Leaf_Gall,0.888970|0.075251|0.030751,0.4374443292617798,true
微信图片_20260823223235_45_46,43,微信图片_20260823223235_45_46.jpg,微信图片_20260823223235_45_46.jpg,0.60,673,336,1008,0,1681,673,crops/微信图片_20260823223235_45_46__w0043__s0.60.jpg,Curl_Leaf,0.5087369680404663,Curl_Leaf|Leaf_Blight|Leaf_Gall,0.508737|0.481267|0.007008,0.7502657175064087,false
微信图片_20260823223235_45_46,44,微信图片_20260823223235_45_46.jpg,微信图片_20260823223235_45_46.jpg,0.60,673,336,1319,0,1992,673,crops/微信图片_20260823223235_45_46__w0044__s0.60.jpg,Leaf_Blight,0.9373461604118347,Leaf_Blight|Curl_Leaf|Leaf_Gall,0.937346|0.059343|0.002013,0.2500893175601959,true
微信图片_20260823223235_45_46,45,微信图片_20260823223235_45_46.jpg,微信图片_20260823223235_45_46.jpg,0.60,673,336,0,336,673,1009,crops/微信图片_20260823223235_45_46__w0045__s0.60.jpg,Leaf_Blight,0.9083442091941833,Leaf_Blight|Leaf_Gall|Curl_Leaf,0.908344|0.074773|0.012837,0.36417102813720703,true
微信图片_20260823223235_45_46,46,微信图片_20260823223235_45_46.jpg,微信图片_20260823223235_45_46.jpg,0.60,673,336,336,336,1009,1009,crops/微信图片_20260823223235_45_46__w0046__s0.60.jpg,Leaf_Blight,0.7858413457870483,Leaf_Blight|Leaf_Gall|Curl_Leaf,0.785841|0.132549|0.054770,0.7368549108505249,false
微信图片_20260823223235_45_46,47,微信图片_20260823223235_45_46.jpg,微信图片_20260823223235_45_46.jpg,0.60,673,336,672,336,1345,1009,crops/微信图片_20260823223235_45_46__w0047__s0.60.jpg,Leaf_Blight,0.7738275527954102,Leaf_Blight|Leaf_Gall|Curl_Leaf,0.773828|0.149182|0.064164,0.7245495319366455,false
微信图片_20260823223235_45_46,48,微信图片_20260823223235_45_46.jpg,微信图片_20260823223235_45_46.jpg,0.60,673,336,1008,336,1681,1009,crops/微信图片_20260823223235_45_46__w0048__s0.60.jpg,Curl_Leaf,0.6486670970916748,Curl_Leaf|Leaf_Blight|Leaf_Gall,0.648667|0.335267|0.012437,0.7245105504989624,false
微信图片_20260823223235_45_46,49,微信图片_20260823223235_45_46.jpg,微信图片_20260823223235_45_46.jpg,0.60,673,336,1319,336,1992,1009,crops/微信图片_20260823223235_45_46__w0049__s0.60.jpg,Leaf_Blight,0.9686962366104126,Leaf_Blight|Curl_Leaf|Leaf_Gall,0.968696|0.025453|0.003985,0.15975576639175415,true
微信图片_20260823223235_45_46,50,微信图片_20260823223235_45_46.jpg,微信图片_20260823223235_45_46.jpg,0.60,673,336,0,449,673,1122,crops/微信图片_20260823223235_45_46__w0050__s0.60.jpg,Leaf_Blight,0.9535605907440186,Leaf_Blight|Leaf_Gall|Curl_Leaf,0.953561|0.043050|0.001648,0.20370672643184662,true
微信图片_20260823223235_45_46,51,微信图片_20260823223235_45_46.jpg,微信图片_20260823223235_45_46.jpg,0.60,673,336,336,449,1009,1122,crops/微信图片_20260823223235_45_46__w0051__s0.60.jpg,Leaf_Blight,0.8554925322532654,Leaf_Blight|Leaf_Gall|Deficiency_Leaf,0.855493|0.127591|0.006550,0.489213228225708,true
微信图片_20260823223235_45_46,52,微信图片_20260823223235_45_46.jpg,微信图片_20260823223235_45_46.jpg,0.60,673,336,672,449,1345,1122,crops/微信图片_20260823223235_45_46__w0052__s0.60.jpg,Leaf_Blight,0.7832721471786499,Leaf_Blight|Leaf_Gall|Felt_Leaf,0.783272|0.210573|0.002346,0.5588454008102417,false
微信图片_20260823223235_45_46,53,微信图片_20260823223235_45_46.jpg,微信图片_20260823223235_45_46.jpg,0.60,673,336,1008,449,1681,1122,crops/微信图片_20260823223235_45_46__w0053__s0.60.jpg,Curl_Leaf,0.7771615386009216,Curl_Leaf|Leaf_Blight|Leaf_Gall,0.777162|0.199125|0.017931,0.6241848468780518,false
微信图片_20260823223235_45_46,54,微信图片_20260823223235_45_46.jpg,微信图片_20260823223235_45_46.jpg,0.60,673,336,1319,449,1992,1122,crops/微信图片_20260823223235_45_46__w0054__s0.60.jpg,Leaf_Blight,0.6784310936927795,Leaf_Blight|Curl_Leaf|Leaf_Gall,0.678431|0.301214|0.010075,0.7287928462028503,false
微信图片_20260823223401_46_46,0,微信图片_20260823223401_46_46.jpg,微信图片_20260823223401_46_46.jpg,0.40,512,256,0,0,512,512,crops/微信图片_20260823223401_46_46__w0000__s0.40.jpg,Leaf_Blight,0.6053544282913208,Leaf_Blight|Leaf_Gall|Deficiency_Leaf,0.605354|0.392766|0.001206,0.684874415397644,false
微信图片_20260823223401_46_46,1,微信图片_20260823223401_46_46.jpg,微信图片_20260823223401_46_46.jpg,0.40,512,256,256,0,768,512,crops/微信图片_20260823223401_46_46__w0001__s0.40.jpg,Leaf_Blight,0.9011437892913818,Leaf_Blight|Leaf_Gall|Curl_Leaf,0.901144|0.082230|0.008501,0.3878202736377716,true
微信图片_20260823223401_46_46,2,微信图片_20260823223401_46_46.jpg,微信图片_20260823223401_46_46.jpg,0.40,512,256,512,0,1024,512,crops/微信图片_20260823223401_46_46__w0002__s0.40.jpg,Leaf_Gall,0.6196151971817017,Leaf_Gall|Leaf_Blight|Curl_Leaf,0.619615|0.366956|0.005255,0.7408372163772583,false
微信图片_20260823223401_46_46,3,微信图片_20260823223401_46_46.jpg,微信图片_20260823223401_46_46.jpg,0.40,512,256,768,0,1280,512,crops/微信图片_20260823223401_46_46__w0003__s0.40.jpg,Leaf_Gall,0.9677392840385437,Leaf_Gall|Leaf_Blight|Deficiency_Leaf,0.967739|0.025727|0.003793,0.16678260266780853,true
微信图片_20260823223401_46_46,4,微信图片_20260823223401_46_46.jpg,微信图片_20260823223401_46_46.jpg,0.40,512,256,0,256,512,768,crops/微信图片_20260823223401_46_46__w0004__s0.40.jpg,Leaf_Blight,0.9216281771659851,Leaf_Blight|Leaf_Gall|Deficiency_Leaf,0.921628|0.057692|0.011164,0.3465304970741272,true
微信图片_20260823223401_46_46,5,微信图片_20260823223401_46_46.jpg,微信图片_20260823223401_46_46.jpg,0.40,512,256,256,256,768,768,crops/微信图片_20260823223401_46_46__w0005__s0.40.jpg,Leaf_Blight,0.9413481950759888,Leaf_Blight|Leaf_Gall|Curl_Leaf,0.941348|0.027458|0.019225,0.29737144708633423,true
微信图片_20260823223401_46_46,6,微信图片_20260823223401_46_46.jpg,微信图片_20260823223401_46_46.jpg,0.40,512,256,512,256,1024,768,crops/微信图片_20260823223401_46_46__w0006__s0.40.jpg,Leaf_Blight,0.8360748291015625,Leaf_Blight|Leaf_Gall|Deficiency_Leaf,0.836075|0.138056|0.014393,0.5472995042800903,true
微信图片_20260823223401_46_46,7,微信图片_20260823223401_46_46.jpg,微信图片_20260823223401_46_46.jpg,0.40,512,256,768,256,1280,768,crops/微信图片_20260823223401_46_46__w0007__s0.40.jpg,Leaf_Blight,0.5760537981987,Leaf_Blight|Leaf_Gall|Felt_Leaf,0.576054|0.413491|0.007946,0.7393337488174438,false
微信图片_20260823223401_46_46,8,微信图片_20260823223401_46_46.jpg,微信图片_20260823223401_46_46.jpg,0.40,512,256,0,512,512,1024,crops/微信图片_20260823223401_46_46__w0008__s0.40.jpg,Leaf_Blight,0.9555217027664185,Leaf_Blight|Leaf_Gall|Curl_Leaf,0.955522|0.030863|0.007120,0.2258141189813614,true
微信图片_20260823223401_46_46,9,微信图片_20260823223401_46_46.jpg,微信图片_20260823223401_46_46.jpg,0.40,512,256,256,512,768,1024,crops/微信图片_20260823223401_46_46__w0009__s0.40.jpg,Leaf_Blight,0.9440937638282776,Leaf_Blight|Leaf_Gall|Deficiency_Leaf,0.944094|0.033926|0.010360,0.2803366482257843,true
微信图片_20260823223401_46_46,10,微信图片_20260823223401_46_46.jpg,微信图片_20260823223401_46_46.jpg,0.40,512,256,512,512,1024,1024,crops/微信图片_20260823223401_46_46__w0010__s0.40.jpg,Leaf_Blight,0.9897994995117188,Leaf_Blight|Leaf_Gall|Fungal_Leaf_Spot,0.989799|0.006176|0.001884,0.06877724826335907,true
微信图片_20260823223401_46_46,11,微信图片_20260823223401_46_46.jpg,微信图片_20260823223401_46_46.jpg,0.40,512,256,768,512,1280,1024,crops/微信图片_20260823223401_46_46__w0011__s0.40.jpg,Leaf_Blight,0.9822807908058167,Leaf_Blight|Leaf_Gall|Deficiency_Leaf,0.982281|0.017120|0.000340,0.09236367791891098,true
微信图片_20260823223401_46_46,12,微信图片_20260823223401_46_46.jpg,微信图片_20260823223401_46_46.jpg,0.40,512,256,0,768,512,1280,crops/微信图片_20260823223401_46_46__w0012__s0.40.jpg,Leaf_Blight,0.6703149676322937,Leaf_Blight|Leaf_Gall|Deficiency_Leaf,0.670315|0.319122|0.003822,0.6984046101570129,false
微信图片_20260823223401_46_46,13,微信图片_20260823223401_46_46.jpg,微信图片_20260823223401_46_46.jpg,0.40,512,256,256,768,768,1280,crops/微信图片_20260823223401_46_46__w0013__s0.40.jpg,Leaf_Blight,0.9380279183387756,Leaf_Blight|Leaf_Gall|Curl_Leaf,0.938028|0.030540|0.012131,0.3170936703681946,true
微信图片_20260823223401_46_46,14,微信图片_20260823223401_46_46.jpg,微信图片_20260823223401_46_46.jpg,0.40,512,256,512,768,1024,1280,crops/微信图片_20260823223401_46_46__w0014__s0.40.jpg,Leaf_Blight,0.9833018183708191,Leaf_Blight|Leaf_Gall|Fungal_Leaf_Spot,0.983302|0.010052|0.003077,0.10537730157375336,true
微信图片_20260823223401_46_46,15,微信图片_20260823223401_46_46.jpg,微信图片_20260823223401_46_46.jpg,0.40,512,256,768,768,1280,1280,crops/微信图片_20260823223401_46_46__w0015__s0.40.jpg,Leaf_Blight,0.9104377627372742,Leaf_Blight|Leaf_Gall|Fungal_Leaf_Spot,0.910438|0.071090|0.007479,0.3702576160430908,true
微信图片_20260823223401_46_46,16,微信图片_20260823223401_46_46.jpg,微信图片_20260823223401_46_46.jpg,0.40,512,256,0,1024,512,1536,crops/微信图片_20260823223401_46_46__w0016__s0.40.jpg,Leaf_Blight,0.8935778141021729,Leaf_Blight|Healthy_Leaf|Leaf_Gall,0.893578|0.047275|0.028902,0.48456281423568726,true
微信图片_20260823223401_46_46,17,微信图片_20260823223401_46_46.jpg,微信图片_20260823223401_46_46.jpg,0.40,512,256,256,1024,768,1536,crops/微信图片_20260823223401_46_46__w0017__s0.40.jpg,Leaf_Blight,0.9557632803916931,Leaf_Blight|Leaf_Gall|Healthy_Leaf,0.955763|0.020523|0.008491,0.24376991391181946,true
微信图片_20260823223401_46_46,18,微信图片_20260823223401_46_46.jpg,微信图片_20260823223401_46_46.jpg,0.40,512,256,512,1024,1024,1536,crops/微信图片_20260823223401_46_46__w0018__s0.40.jpg,Leaf_Blight,0.9754332304000854,Leaf_Blight|Leaf_Gall|Curl_Leaf,0.975433|0.018309|0.001708,0.13933970034122467,true
微信图片_20260823223401_46_46,19,微信图片_20260823223401_46_46.jpg,微信图片_20260823223401_46_46.jpg,0.40,512,256,768,1024,1280,1536,crops/微信图片_20260823223401_46_46__w0019__s0.40.jpg,Leaf_Blight,0.9583702683448792,Leaf_Blight|Leaf_Gall|Felt_Leaf,0.958370|0.036282|0.002507,0.19638673961162567,true
微信图片_20260823223401_46_46,20,微信图片_20260823223401_46_46.jpg,微信图片_20260823223401_46_46.jpg,0.40,512,256,0,1280,512,1792,crops/微信图片_20260823223401_46_46__w0020__s0.40.jpg,Leaf_Blight,0.9500493407249451,Leaf_Blight|Leaf_Gall|Fungal_Leaf_Spot,0.950049|0.017965|0.014193,0.2788732349872589,true
微信图片_20260823223401_46_46,21,微信图片_20260823223401_46_46.jpg,微信图片_20260823223401_46_46.jpg,0.40,512,256,256,1280,768,1792,crops/微信图片_20260823223401_46_46__w0021__s0.40.jpg,Leaf_Blight,0.9859563112258911,Leaf_Blight|Curl_Leaf|Leaf_Gall,0.985956|0.005111|0.003542,0.0973992571234703,true
微信图片_20260823223401_46_46,22,微信图片_20260823223401_46_46.jpg,微信图片_20260823223401_46_46.jpg,0.40,512,256,512,1280,1024,1792,crops/微信图片_20260823223401_46_46__w0022__s0.40.jpg,Leaf_Blight,0.9924408197402954,Leaf_Blight|Curl_Leaf|Leaf_Gall,0.992441|0.004481|0.001910,0.05315902456641197,true
微信图片_20260823223401_46_46,23,微信图片_20260823223401_46_46.jpg,微信图片_20260823223401_46_46.jpg,0.40,512,256,768,1280,1280,1792,crops/微信图片_20260823223401_46_46__w0023__s0.40.jpg,Leaf_Blight,0.9219619035720825,Leaf_Blight|Leaf_Gall|Fungal_Leaf_Spot,0.921962|0.072122|0.001829,0.30393773317337036,true
微信图片_20260823223401_46_46,24,微信图片_20260823223401_46_46.jpg,微信图片_20260823223401_46_46.jpg,0.40,512,256,0,1536,512,2048,crops/微信图片_20260823223401_46_46__w0024__s0.40.jpg,Leaf_Blight,0.9527950882911682,Leaf_Blight|Leaf_Gall|Fungal_Leaf_Spot,0.952795|0.022229|0.015007,0.2542155385017395,true
微信图片_20260823223401_46_46,25,微信图片_20260823223401_46_46.jpg,微信图片_20260823223401_46_46.jpg,0.40,512,256,256,1536,768,2048,crops/微信图片_20260823223401_46_46__w0025__s0.40.jpg,Leaf_Blight,0.9498036503791809,Leaf_Blight|Curl_Leaf|Leaf_Gall,0.949804|0.025001|0.018107,0.2597646117210388,true
微信图片_20260823223401_46_46,26,微信图片_20260823223401_46_46.jpg,微信图片_20260823223401_46_46.jpg,0.40,512,256,512,1536,1024,2048,crops/微信图片_20260823223401_46_46__w0026__s0.40.jpg,Leaf_Blight,0.9931406378746033,Leaf_Blight|Leaf_Gall|Curl_Leaf,0.993141|0.004572|0.000844,0.04882625490427017,true
微信图片_20260823223401_46_46,27,微信图片_20260823223401_46_46.jpg,微信图片_20260823223401_46_46.jpg,0.40,512,256,768,1536,1280,2048,crops/微信图片_20260823223401_46_46__w0027__s0.40.jpg,Leaf_Blight,0.9559120535850525,Leaf_Blight|Leaf_Gall|Deficiency_Leaf,0.955912|0.032576|0.004150,0.22454982995986938,true
微信图片_20260823223401_46_46,28,微信图片_20260823223401_46_46.jpg,微信图片_20260823223401_46_46.jpg,0.40,512,256,0,1763,512,2275,crops/微信图片_20260823223401_46_46__w0028__s0.40.jpg,Leaf_Blight,0.9921608567237854,Leaf_Blight|Leaf_Gall|Curl_Leaf,0.992161|0.003830|0.001509,0.05748777836561203,true
微信图片_20260823223401_46_46,29,微信图片_20260823223401_46_46.jpg,微信图片_20260823223401_46_46.jpg,0.40,512,256,256,1763,768,2275,crops/微信图片_20260823223401_46_46__w0029__s0.40.jpg,Leaf_Blight,0.977569043636322,Leaf_Blight|Leaf_Gall|Curl_Leaf,0.977569|0.009532|0.005393,0.14145374298095703,true
微信图片_20260823223401_46_46,30,微信图片_20260823223401_46_46.jpg,微信图片_20260823223401_46_46.jpg,0.40,512,256,512,1763,1024,2275,crops/微信图片_20260823223401_46_46__w0030__s0.40.jpg,Leaf_Blight,0.9560669660568237,Leaf_Blight|Leaf_Gall|Curl_Leaf,0.956067|0.021021|0.007117,0.24925653636455536,true
微信图片_20260823223401_46_46,31,微信图片_20260823223401_46_46.jpg,微信图片_20260823223401_46_46.jpg,0.40,512,256,768,1763,1280,2275,crops/微信图片_20260823223401_46_46__w0031__s0.40.jpg,Leaf_Blight,0.9631558656692505,Leaf_Blight|Leaf_Gall|Curl_Leaf,0.963156|0.025388|0.003991,0.1992403268814087,true
微信图片_20260823223401_46_46,32,微信图片_20260823223401_46_46.jpg,微信图片_20260823223401_46_46.jpg,0.60,768,384,0,0,768,768,crops/微信图片_20260823223401_46_46__w0032__s0.60.jpg,Leaf_Blight,0.846162736415863,Leaf_Blight|Leaf_Gall|Deficiency_Leaf,0.846163|0.137282|0.006650,0.5056771039962769,true
微信图片_20260823223401_46_46,33,微信图片_20260823223401_46_46.jpg,微信图片_20260823223401_46_46.jpg,0.60,768,384,384,0,1152,768,crops/微信图片_20260823223401_46_46__w0033__s0.60.jpg,Leaf_Gall,0.6318807005882263,Leaf_Gall|Leaf_Blight|Felt_Leaf,0.631881|0.355809|0.006680,0.726085364818573,false
微信图片_20260823223401_46_46,34,微信图片_20260823223401_46_46.jpg,微信图片_20260823223401_46_46.jpg,0.60,768,384,512,0,1280,768,crops/微信图片_20260823223401_46_46__w0034__s0.60.jpg,Leaf_Gall,0.9731272459030151,Leaf_Gall|Leaf_Blight|Felt_Leaf,0.973127|0.019435|0.004650,0.14710283279418945,true
微信图片_20260823223401_46_46,35,微信图片_20260823223401_46_46.jpg,微信图片_20260823223401_46_46.jpg,0.60,768,384,0,384,768,1152,crops/微信图片_20260823223401_46_46__w0035__s0.60.jpg,Leaf_Blight,0.6110209226608276,Leaf_Blight|Leaf_Gall|Deficiency_Leaf,0.611021|0.357245|0.018076,0.8152202367782593,false
微信图片_20260823223401_46_46,36,微信图片_20260823223401_46_46.jpg,微信图片_20260823223401_46_46.jpg,0.60,768,384,384,384,1152,1152,crops/微信图片_20260823223401_46_46__w0036__s0.60.jpg,Leaf_Blight,0.8064353466033936,Leaf_Blight|Leaf_Gall|Deficiency_Leaf,0.806435|0.172744|0.012681,0.5832979679107666,true
微信图片_20260823223401_46_46,37,微信图片_20260823223401_46_46.jpg,微信图片_20260823223401_46_46.jpg,0.60,768,384,512,384,1280,1152,crops/微信图片_20260823223401_46_46__w0037__s0.60.jpg,Leaf_Blight,0.7397418022155762,Leaf_Blight|Leaf_Gall|Fungal_Leaf_Spot,0.739742|0.180220|0.032164,0.8423910737037659,false
微信图片_20260823223401_46_46,38,微信图片_20260823223401_46_46.jpg,微信图片_20260823223401_46_46.jpg,0.60,768,384,0,768,768,1536,crops/微信图片_20260823223401_46_46__w0038__s0.60.jpg,Leaf_Gall,0.4993565082550049,Leaf_Gall|Leaf_Blight|Deficiency_Leaf,0.499357|0.477940|0.007646,0.82245934009552,false
微信图片_20260823223401_46_46,39,微信图片_20260823223401_46_46.jpg,微信图片_20260823223401_46_46.jpg,0.60,768,384,384,768,1152,1536,crops/微信图片_20260823223401_46_46__w0039__s0.60.jpg,Leaf_Blight,0.7818498611450195,Leaf_Blight|Leaf_Gall|Deficiency_Leaf,0.781850|0.127452|0.060694,0.7728295922279358,false
微信图片_20260823223401_46_46,40,微信图片_20260823223401_46_46.jpg,微信图片_20260823223401_46_46.jpg,0.60,768,384,512,768,1280,1536,crops/微信图片_20260823223401_46_46__w0040__s0.60.jpg,Leaf_Blight,0.7994627356529236,Leaf_Blight|Leaf_Gall|Fungal_Leaf_Spot,0.799463|0.176562|0.007657,0.6120617389678955,false
微信图片_20260823223401_46_46,41,微信图片_20260823223401_46_46.jpg,微信图片_20260823223401_46_46.jpg,0.60,768,384,0,1152,768,1920,crops/微信图片_20260823223401_46_46__w0041__s0.60.jpg,Leaf_Blight,0.8059362769126892,Leaf_Blight|Leaf_Gall|Deficiency_Leaf,0.805936|0.098515|0.042880,0.7818062901496887,true
微信图片_20260823223401_46_46,42,微信图片_20260823223401_46_46.jpg,微信图片_20260823223401_46_46.jpg,0.60,768,384,384,1152,1152,1920,crops/微信图片_20260823223401_46_46__w0042__s0.60.jpg,Leaf_Blight,0.7008998990058899,Leaf_Blight|Leaf_Gall|Fungal_Leaf_Spot,0.700900|0.221669|0.032650,0.9004577398300171,false
微信图片_20260823223401_46_46,43,微信图片_20260823223401_46_46.jpg,微信图片_20260823223401_46_46.jpg,0.60,768,384,512,1152,1280,1920,crops/微信图片_20260823223401_46_46__w0043__s0.60.jpg,Leaf_Blight,0.7527359127998352,Leaf_Blight|Leaf_Gall|Fungal_Leaf_Spot,0.752736|0.155192|0.060495,0.8283476829528809,false
微信图片_20260823223401_46_46,44,微信图片_20260823223401_46_46.jpg,微信图片_20260823223401_46_46.jpg,0.60,768,384,0,1507,768,2275,crops/微信图片_20260823223401_46_46__w0044__s0.60.jpg,Leaf_Blight,0.7300716638565063,Leaf_Blight|Leaf_Gall|Curl_Leaf,0.730072|0.180948|0.044609,0.8923676013946533,false
微信图片_20260823223401_46_46,45,微信图片_20260823223401_46_46.jpg,微信图片_20260823223401_46_46.jpg,0.60,768,384,384,1507,1152,2275,crops/微信图片_20260823223401_46_46__w0045__s0.60.jpg,Leaf_Blight,0.7178535461425781,Leaf_Blight|Leaf_Gall|Healthy_Leaf,0.717854|0.181298|0.025659,0.958331823348999,false
微信图片_20260823223401_46_46,46,微信图片_20260823223401_46_46.jpg,微信图片_20260823223401_46_46.jpg,0.60,768,384,512,1507,1280,2275,crops/微信图片_20260823223401_46_46__w0046__s0.60.jpg,Leaf_Blight,0.7648224234580994,Leaf_Blight|Leaf_Gall|Fungal_Leaf_Spot,0.764822|0.201815|0.011665,0.6985002756118774,false
微信图片_20260823223403_48_46,0,微信图片_20260823223403_48_46.jpg,微信图片_20260823223403_48_46.jpg,0.40,512,256,0,0,512,512,crops/微信图片_20260823223403_48_46__w0000__s0.40.jpg,Leaf_Gall,0.9998103976249695,Leaf_Gall|Leaf_Blight|Felt_Leaf,0.999810|0.000100|0.000060,0.002028202870860696,true
微信图片_20260823223403_48_46,1,微信图片_20260823223403_48_46.jpg,微信图片_20260823223403_48_46.jpg,0.40,512,256,256,0,768,512,crops/微信图片_20260823223403_48_46__w0001__s0.40.jpg,Leaf_Gall,0.9999278783798218,Leaf_Gall|Leaf_Blight|Felt_Leaf,0.999928|0.000049|0.000014,0.0008291914709843695,true
微信图片_20260823223403_48_46,2,微信图片_20260823223403_48_46.jpg,微信图片_20260823223403_48_46.jpg,0.40,512,256,512,0,1024,512,crops/微信图片_20260823223403_48_46__w0002__s0.40.jpg,Leaf_Gall,0.977742612361908,Leaf_Gall|Leaf_Blight|Fungal_Leaf_Spot,0.977743|0.020619|0.000479,0.11531110107898712,true
微信图片_20260823223403_48_46,3,微信图片_20260823223403_48_46.jpg,微信图片_20260823223403_48_46.jpg,0.40,512,256,768,0,1280,512,crops/微信图片_20260823223403_48_46__w0003__s0.40.jpg,Bituminous_Leaf,0.8475419878959656,Bituminous_Leaf|Leaf_Gall|Fungal_Leaf_Spot,0.847542|0.100267|0.021599,0.6012590527534485,true
微信图片_20260823223403_48_46,4,微信图片_20260823223403_48_46.jpg,微信图片_20260823223403_48_46.jpg,0.40,512,256,0,256,512,768,crops/微信图片_20260823223403_48_46__w0004__s0.40.jpg,Leaf_Gall,0.9927411079406738,Leaf_Gall|Leaf_Blight|Fungal_Leaf_Spot,0.992741|0.003471|0.002172,0.05284077674150467,true
微信图片_20260823223403_48_46,5,微信图片_20260823223403_48_46.jpg,微信图片_20260823223403_48_46.jpg,0.40,512,256,256,256,768,768,crops/微信图片_20260823223403_48_46__w0005__s0.40.jpg,Leaf_Gall,0.9961931705474854,Leaf_Gall|Leaf_Blight|Deficiency_Leaf,0.996193|0.001982|0.000977,0.029926057904958725,true
微信图片_20260823223403_48_46,6,微信图片_20260823223403_48_46.jpg,微信图片_20260823223403_48_46.jpg,0.40,512,256,512,256,1024,768,crops/微信图片_20260823223403_48_46__w0006__s0.40.jpg,Leaf_Gall,0.8883331418037415,Leaf_Gall|Bituminous_Leaf|Leaf_Blight,0.888333|0.041842|0.024452,0.5243967771530151,true
微信图片_20260823223403_48_46,7,微信图片_20260823223403_48_46.jpg,微信图片_20260823223403_48_46.jpg,0.40,512,256,768,256,1280,768,crops/微信图片_20260823223403_48_46__w0007__s0.40.jpg,Bituminous_Leaf,0.6949190497398376,Bituminous_Leaf|Leaf_Gall|Deficiency_Leaf,0.694919|0.194104|0.044907,0.9782305359840393,false
微信图片_20260823223403_48_46,8,微信图片_20260823223403_48_46.jpg,微信图片_20260823223403_48_46.jpg,0.40,512,256,0,512,512,1024,crops/微信图片_20260823223403_48_46__w0008__s0.40.jpg,Leaf_Gall,0.9524150490760803,Leaf_Gall|Leaf_Blight|Deficiency_Leaf,0.952415|0.021839|0.009415,0.2627486288547516,true
微信图片_20260823223403_48_46,9,微信图片_20260823223403_48_46.jpg,微信图片_20260823223403_48_46.jpg,0.40,512,256,256,512,768,1024,crops/微信图片_20260823223403_48_46__w0009__s0.40.jpg,Leaf_Gall,0.792222797870636,Leaf_Gall|Leaf_Blight|Fungal_Leaf_Spot,0.792223|0.088357|0.068953,0.8070707321166992,false
微信图片_20260823223403_48_46,10,微信图片_20260823223403_48_46.jpg,微信图片_20260823223403_48_46.jpg,0.40,512,256,512,512,1024,1024,crops/微信图片_20260823223403_48_46__w0010__s0.40.jpg,Leaf_Gall,0.8612542748451233,Leaf_Gall|Leaf_Blight|Fungal_Leaf_Spot,0.861254|0.068016|0.032590,0.6012109518051147,true
微信图片_20260823223403_48_46,11,微信图片_20260823223403_48_46.jpg,微信图片_20260823223403_48_46.jpg,0.40,512,256,768,512,1280,1024,crops/微信图片_20260823223403_48_46__w0011__s0.40.jpg,Leaf_Gall,0.9078189134597778,Leaf_Gall|Leaf_Blight|Fungal_Leaf_Spot,0.907819|0.026715|0.020655,0.4702841341495514,true
微信图片_20260823223403_48_46,12,微信图片_20260823223403_48_46.jpg,微信图片_20260823223403_48_46.jpg,0.40,512,256,0,768,512,1280,crops/微信图片_20260823223403_48_46__w0012__s0.40.jpg,Leaf_Gall,0.8718714118003845,Leaf_Gall|Leaf_Blight|Deficiency_Leaf,0.871871|0.097249|0.017645,0.4964578151702881,true
微信图片_20260823223403_48_46,13,微信图片_20260823223403_48_46.jpg,微信图片_20260823223403_48_46.jpg,0.40,512,256,256,768,768,1280,crops/微信图片_20260823223403_48_46__w0013__s0.40.jpg,Leaf_Gall,0.7917928099632263,Leaf_Gall|Leaf_Blight|Deficiency_Leaf,0.791793|0.154167|0.016595,0.7195439338684082,false
微信图片_20260823223403_48_46,14,微信图片_20260823223403_48_46.jpg,微信图片_20260823223403_48_46.jpg,0.40,512,256,512,768,1024,1280,crops/微信图片_20260823223403_48_46__w0014__s0.40.jpg,Leaf_Gall,0.9794929623603821,Leaf_Gall|Leaf_Blight|Deficiency_Leaf,0.979493|0.015544|0.002162,0.11883311718702316,true
微信图片_20260823223403_48_46,15,微信图片_20260823223403_48_46.jpg,微信图片_20260823223403_48_46.jpg,0.40,512,256,768,768,1280,1280,crops/微信图片_20260823223403_48_46__w0015__s0.40.jpg,Leaf_Gall,0.9693491458892822,Leaf_Gall|Leaf_Blight|Deficiency_Leaf,0.969349|0.010338|0.010263,0.18667776882648468,true
微信图片_20260823223403_48_46,16,微信图片_20260823223403_48_46.jpg,微信图片_20260823223403_48_46.jpg,0.40,512,256,0,1024,512,1536,crops/微信图片_20260823223403_48_46__w0016__s0.40.jpg,Leaf_Gall,0.9073407053947449,Leaf_Gall|Leaf_Blight|Deficiency_Leaf,0.907341|0.087756|0.002718,0.33375680446624756,true
微信图片_20260823223403_48_46,17,微信图片_20260823223403_48_46.jpg,微信图片_20260823223403_48_46.jpg,0.40,512,256,256,1024,768,1536,crops/微信图片_20260823223403_48_46__w0017__s0.40.jpg,Leaf_Gall,0.8647134900093079,Leaf_Gall|Leaf_Blight|Deficiency_Leaf,0.864713|0.125528|0.004825,0.4452463686466217,true
微信图片_20260823223403_48_46,18,微信图片_20260823223403_48_46.jpg,微信图片_20260823223403_48_46.jpg,0.40,512,256,512,1024,1024,1536,crops/微信图片_20260823223403_48_46__w0018__s0.40.jpg,Leaf_Gall,0.9664475321769714,Leaf_Gall|Leaf_Blight|Deficiency_Leaf,0.966448|0.027364|0.004749,0.1685173511505127,true
微信图片_20260823223403_48_46,19,微信图片_20260823223403_48_46.jpg,微信图片_20260823223403_48_46.jpg,0.40,512,256,768,1024,1280,1536,crops/微信图片_20260823223403_48_46__w0019__s0.40.jpg,Leaf_Gall,0.9251238107681274,Leaf_Gall|Leaf_Blight|Deficiency_Leaf,0.925124|0.042920|0.019010,0.36160334944725037,true
微信图片_20260823223403_48_46,20,微信图片_20260823223403_48_46.jpg,微信图片_20260823223403_48_46.jpg,0.40,512,256,0,1280,512,1792,crops/微信图片_20260823223403_48_46__w0020__s0.40.jpg,Leaf_Blight,0.767404317855835,Leaf_Blight|Leaf_Gall|Felt_Leaf,0.767404|0.205529|0.014442,0.6603273153305054,false
微信图片_20260823223403_48_46,21,微信图片_20260823223403_48_46.jpg,微信图片_20260823223403_48_46.jpg,0.40,512,256,256,1280,768,1792,crops/微信图片_20260823223403_48_46__w0021__s0.40.jpg,Leaf_Gall,0.6652284860610962,Leaf_Gall|Leaf_Blight|Deficiency_Leaf,0.665228|0.301533|0.014792,0.7924814820289612,false
微信图片_20260823223403_48_46,22,微信图片_20260823223403_48_46.jpg,微信图片_20260823223403_48_46.jpg,0.40,512,256,512,1280,1024,1792,crops/微信图片_20260823223403_48_46__w0022__s0.40.jpg,Leaf_Gall,0.911235511302948,Leaf_Gall|Leaf_Blight|Deficiency_Leaf,0.911236|0.075066|0.009245,0.35391631722450256,true
微信图片_20260823223403_48_46,23,微信图片_20260823223403_48_46.jpg,微信图片_20260823223403_48_46.jpg,0.40,512,256,768,1280,1280,1792,crops/微信图片_20260823223403_48_46__w0023__s0.40.jpg,Leaf_Gall,0.7135658860206604,Leaf_Gall|Leaf_Blight|Healthy_Leaf,0.713566|0.163517|0.029715,1.0290154218673706,false
微信图片_20260823223403_48_46,24,微信图片_20260823223403_48_46.jpg,微信图片_20260823223403_48_46.jpg,0.40,512,256,0,1536,512,2048,crops/微信图片_20260823223403_48_46__w0024__s0.40.jpg,Leaf_Blight,0.8550570607185364,Leaf_Blight|Leaf_Gall|Felt_Leaf,0.855057|0.139312|0.002354,0.44564688205718994,true
微信图片_20260823223403_48_46,25,微信图片_20260823223403_48_46.jpg,微信图片_20260823223403_48_46.jpg,0.40,512,256,256,1536,768,2048,crops/微信图片_20260823223403_48_46__w0025__s0.40.jpg,Leaf_Blight,0.8420709371566772,Leaf_Blight|Leaf_Gall|Fungal_Leaf_Spot,0.842071|0.121300|0.017267,0.5750854015350342,true
微信图片_20260823223403_48_46,26,微信图片_20260823223403_48_46.jpg,微信图片_20260823223403_48_46.jpg,0.40,512,256,512,1536,1024,2048,crops/微信图片_20260823223403_48_46__w0026__s0.40.jpg,Leaf_Gall,0.5840507745742798,Leaf_Gall|Leaf_Blight|Deficiency_Leaf,0.584051|0.404409|0.004806,0.7485555410385132,false
微信图片_20260823223403_48_46,27,微信图片_20260823223403_48_46.jpg,微信图片_20260823223403_48_46.jpg,0.40,512,256,768,1536,1280,2048,crops/微信图片_20260823223403_48_46__w0027__s0.40.jpg,Leaf_Gall,0.8340281248092651,Leaf_Gall|Leaf_Blight|Deficiency_Leaf,0.834028|0.104742|0.023629,0.6603829264640808,true
微信图片_20260823223403_48_46,28,微信图片_20260823223403_48_46.jpg,微信图片_20260823223403_48_46.jpg,0.40,512,256,0,1763,512,2275,crops/微信图片_20260823223403_48_46__w0028__s0.40.jpg,Leaf_Blight,0.9969438910484314,Leaf_Blight|Leaf_Gall|Curl_Leaf,0.996944|0.002850|0.000066,0.02179628238081932,true
微信图片_20260823223403_48_46,29,微信图片_20260823223403_48_46.jpg,微信图片_20260823223403_48_46.jpg,0.40,512,256,256,1763,768,2275,crops/微信图片_20260823223403_48_46__w0029__s0.40.jpg,Leaf_Blight,0.9263092279434204,Leaf_Blight|Leaf_Gall|Curl_Leaf,0.926309|0.064132|0.004035,0.30533918738365173,true
微信图片_20260823223403_48_46,30,微信图片_20260823223403_48_46.jpg,微信图片_20260823223403_48_46.jpg,0.40,512,256,512,1763,1024,2275,crops/微信图片_20260823223403_48_46__w0030__s0.40.jpg,Leaf_Blight,0.994731068611145,Leaf_Blight|Leaf_Gall|Felt_Leaf,0.994731|0.004790|0.000155,0.035283416509628296,true
微信图片_20260823223403_48_46,31,微信图片_20260823223403_48_46.jpg,微信图片_20260823223403_48_46.jpg,0.40,512,256,768,1763,1280,2275,crops/微信图片_20260823223403_48_46__w0031__s0.40.jpg,Leaf_Blight,0.7744942903518677,Leaf_Blight|Leaf_Gall|Deficiency_Leaf,0.774494|0.217640|0.003246,0.5803958177566528,false
微信图片_20260823223403_48_46,32,微信图片_20260823223403_48_46.jpg,微信图片_20260823223403_48_46.jpg,0.60,768,384,0,0,768,768,crops/微信图片_20260823223403_48_46__w0032__s0.60.jpg,Leaf_Gall,0.9914558529853821,Leaf_Gall|Leaf_Blight|Deficiency_Leaf,0.991456|0.003483|0.002399,0.062236398458480835,true
微信图片_20260823223403_48_46,33,微信图片_20260823223403_48_46.jpg,微信图片_20260823223403_48_46.jpg,0.60,768,384,384,0,1152,768,crops/微信图片_20260823223403_48_46__w0033__s0.60.jpg,Leaf_Gall,0.9789460301399231,Leaf_Gall|Leaf_Blight|Deficiency_Leaf,0.978946|0.007096|0.005439,0.135064959526062,true
微信图片_20260823223403_48_46,34,微信图片_20260823223403_48_46.jpg,微信图片_20260823223403_48_46.jpg,0.60,768,384,512,0,1280,768,crops/微信图片_20260823223403_48_46__w0034__s0.60.jpg,Leaf_Gall,0.9368992447853088,Leaf_Gall|Leaf_Blight|Fungal_Leaf_Spot,0.936899|0.035821|0.010783,0.31778961420059204,true
微信图片_20260823223403_48_46,35,微信图片_20260823223403_48_46.jpg,微信图片_20260823223403_48_46.jpg,0.60,768,384,0,384,768,1152,crops/微信图片_20260823223403_48_46__w0035__s0.60.jpg,Leaf_Gall,0.5345126390457153,Leaf_Gall|Fungal_Leaf_Spot|Bituminous_Leaf,0.534513|0.228753|0.108902,1.3557238578796387,false
微信图片_20260823223403_48_46,36,微信图片_20260823223403_48_46.jpg,微信图片_20260823223403_48_46.jpg,0.60,768,384,384,384,1152,1152,crops/微信图片_20260823223403_48_46__w0036__s0.60.jpg,Leaf_Gall,0.3474491536617279,Leaf_Gall|Bituminous_Leaf|Fungal_Leaf_Spot,0.347449|0.343086|0.140007,1.5586674213409424,false
微信图片_20260823223403_48_46,37,微信图片_20260823223403_48_46.jpg,微信图片_20260823223403_48_46.jpg,0.60,768,384,512,384,1280,1152,crops/微信图片_20260823223403_48_46__w0037__s0.60.jpg,Bituminous_Leaf,0.4694569408893585,Bituminous_Leaf|Leaf_Gall|Fungal_Leaf_Spot,0.469457|0.277313|0.201276,1.2729350328445435,false
微信图片_20260823223403_48_46,38,微信图片_20260823223403_48_46.jpg,微信图片_20260823223403_48_46.jpg,0.60,768,384,0,768,768,1536,crops/微信图片_20260823223403_48_46__w0038__s0.60.jpg,Leaf_Gall,0.6869062185287476,Leaf_Gall|Leaf_Blight|Deficiency_Leaf,0.686906|0.197898|0.037879,1.0138423442840576,false
微信图片_20260823223403_48_46,39,微信图片_20260823223403_48_46.jpg,微信图片_20260823223403_48_46.jpg,0.60,768,384,384,768,1152,1536,crops/微信图片_20260823223403_48_46__w0039__s0.60.jpg,Leaf_Gall,0.8407112956047058,Leaf_Gall|Leaf_Blight|Deficiency_Leaf,0.840711|0.062554|0.049041,0.6874153017997742,true
微信图片_20260823223403_48_46,40,微信图片_20260823223403_48_46.jpg,微信图片_20260823223403_48_46.jpg,0.60,768,384,512,768,1280,1536,crops/微信图片_20260823223403_48_46__w0040__s0.60.jpg,Leaf_Gall,0.8634037375450134,Leaf_Gall|Leaf_Blight|Deficiency_Leaf,0.863404|0.042024|0.029295,0.6522002220153809,true
微信图片_20260823223403_48_46,41,微信图片_20260823223403_48_46.jpg,微信图片_20260823223403_48_46.jpg,0.60,768,384,0,1152,768,1920,crops/微信图片_20260823223403_48_46__w0041__s0.60.jpg,Leaf_Gall,0.6190424561500549,Leaf_Gall|Leaf_Blight|Fungal_Leaf_Spot,0.619042|0.305521|0.028777,0.9720413088798523,false
微信图片_20260823223403_48_46,42,微信图片_20260823223403_48_46.jpg,微信图片_20260823223403_48_46.jpg,0.60,768,384,384,1152,1152,1920,crops/微信图片_20260823223403_48_46__w0042__s0.60.jpg,Leaf_Gall,0.6462249755859375,Leaf_Gall|Leaf_Blight|Fungal_Leaf_Spot,0.646225|0.197674|0.074094,1.1349539756774902,false
微信图片_20260823223403_48_46,43,微信图片_20260823223403_48_46.jpg,微信图片_20260823223403_48_46.jpg,0.60,768,384,512,1152,1280,1920,crops/微信图片_20260823223403_48_46__w0043__s0.60.jpg,Leaf_Gall,0.7024931907653809,Leaf_Gall|Leaf_Blight|Deficiency_Leaf,0.702493|0.167814|0.052489,1.0356155633926392,false
微信图片_20260823223403_48_46,44,微信图片_20260823223403_48_46.jpg,微信图片_20260823223403_48_46.jpg,0.60,768,384,0,1507,768,2275,crops/微信图片_20260823223403_48_46__w0044__s0.60.jpg,Leaf_Blight,0.9127374887466431,Leaf_Blight|Leaf_Gall|Curl_Leaf,0.912737|0.061230|0.010282,0.38874977827072144,true
微信图片_20260823223403_48_46,45,微信图片_20260823223403_48_46.jpg,微信图片_20260823223403_48_46.jpg,0.60,768,384,384,1507,1152,2275,crops/微信图片_20260823223403_48_46__w0045__s0.60.jpg,Leaf_Blight,0.9189884066581726,Leaf_Blight|Leaf_Gall|Fungal_Leaf_Spot,0.918988|0.070752|0.004718,0.3281078040599823,true
微信图片_20260823223403_48_46,46,微信图片_20260823223403_48_46.jpg,微信图片_20260823223403_48_46.jpg,0.60,768,384,512,1507,1280,2275,crops/微信图片_20260823223403_48_46__w0046__s0.60.jpg,Leaf_Blight,0.8779659271240234,Leaf_Blight|Leaf_Gall|Fungal_Leaf_Spot,0.877966|0.103025|0.013573,0.4433940649032593,true
微信图片_20260823223404_49_46,0,微信图片_20260823223404_49_46.jpg,微信图片_20260823223404_49_46.jpg,0.40,384,192,0,0,384,384,crops/微信图片_20260823223404_49_46__w0000__s0.40.jpg,Curl_Leaf,0.3197554051876068,Curl_Leaf|Leaf_Gall|Leaf_Blight,0.319755|0.246406|0.153800,1.669912576675415,false
微信图片_20260823223404_49_46,1,微信图片_20260823223404_49_46.jpg,微信图片_20260823223404_49_46.jpg,0.40,384,192,192,0,576,384,crops/微信图片_20260823223404_49_46__w0001__s0.40.jpg,Leaf_Gall,0.39443472027778625,Leaf_Gall|Leaf_Blight|Felt_Leaf,0.394435|0.226213|0.193116,1.5325136184692383,false
微信图片_20260823223404_49_46,2,微信图片_20260823223404_49_46.jpg,微信图片_20260823223404_49_46.jpg,0.40,384,192,384,0,768,384,crops/微信图片_20260823223404_49_46__w0002__s0.40.jpg,Leaf_Blight,0.546570897102356,Leaf_Blight|Leaf_Gall|Curl_Leaf,0.546571|0.348840|0.061473,1.0461503267288208,false
微信图片_20260823223404_49_46,3,微信图片_20260823223404_49_46.jpg,微信图片_20260823223404_49_46.jpg,0.40,384,192,576,0,960,384,crops/微信图片_20260823223404_49_46__w0003__s0.40.jpg,Leaf_Blight,0.8128544688224792,Leaf_Blight|Curl_Leaf|Leaf_Gall,0.812854|0.140586|0.019332,0.6394959688186646,true
微信图片_20260823223404_49_46,4,微信图片_20260823223404_49_46.jpg,微信图片_20260823223404_49_46.jpg,0.40,384,192,0,192,384,576,crops/微信图片_20260823223404_49_46__w0004__s0.40.jpg,Leaf_Gall,0.7029733657836914,Leaf_Gall|Deficiency_Leaf|Felt_Leaf,0.702973|0.136061|0.091945,1.0143183469772339,false
微信图片_20260823223404_49_46,5,微信图片_20260823223404_49_46.jpg,微信图片_20260823223404_49_46.jpg,0.40,384,192,192,192,576,576,crops/微信图片_20260823223404_49_46__w0005__s0.40.jpg,Leaf_Gall,0.737292468547821,Leaf_Gall|Felt_Leaf|Leaf_Blight,0.737292|0.156842|0.061010,0.8773316144943237,false
微信图片_20260823223404_49_46,6,微信图片_20260823223404_49_46.jpg,微信图片_20260823223404_49_46.jpg,0.40,384,192,384,192,768,576,crops/微信图片_20260823223404_49_46__w0006__s0.40.jpg,Felt_Leaf,0.44455933570861816,Felt_Leaf|Leaf_Gall|Leaf_Blight,0.444559|0.349171|0.111695,1.2862406969070435,false
微信图片_20260823223404_49_46,7,微信图片_20260823223404_49_46.jpg,微信图片_20260823223404_49_46.jpg,0.40,384,192,576,192,960,576,crops/微信图片_20260823223404_49_46__w0007__s0.40.jpg,Curl_Leaf,0.41953402757644653,Curl_Leaf|Leaf_Blight|Felt_Leaf,0.419534|0.331766|0.123004,1.3404868841171265,false
微信图片_20260823223404_49_46,8,微信图片_20260823223404_49_46.jpg,微信图片_20260823223404_49_46.jpg,0.40,384,192,0,384,384,768,crops/微信图片_20260823223404_49_46__w0008__s0.40.jpg,Leaf_Gall,0.5934156775474548,Leaf_Gall|Felt_Leaf|Leaf_Blight,0.593416|0.107190|0.093193,1.376451849937439,false
微信图片_20260823223404_49_46,9,微信图片_20260823223404_49_46.jpg,微信图片_20260823223404_49_46.jpg,0.40,384,192,192,384,576,768,crops/微信图片_20260823223404_49_46__w0009__s0.40.jpg,Leaf_Gall,0.7743172645568848,Leaf_Gall|Leaf_Blight|Felt_Leaf,0.774317|0.145042|0.029853,0.8016464710235596,false
微信图片_20260823223404_49_46,10,微信图片_20260823223404_49_46.jpg,微信图片_20260823223404_49_46.jpg,0.40,384,192,384,384,768,768,crops/微信图片_20260823223404_49_46__w0010__s0.40.jpg,Leaf_Gall,0.4930804371833801,Leaf_Gall|Leaf_Blight|Felt_Leaf,0.493080|0.381773|0.101350,1.0681734085083008,false
微信图片_20260823223404_49_46,11,微信图片_20260823223404_49_46.jpg,微信图片_20260823223404_49_46.jpg,0.40,384,192,576,384,960,768,crops/微信图片_20260823223404_49_46__w0011__s0.40.jpg,Leaf_Gall,0.4241083562374115,Leaf_Gall|Leaf_Blight|Curl_Leaf,0.424108|0.323635|0.133203,1.385913372039795,false
微信图片_20260823223404_49_46,12,微信图片_20260823223404_49_46.jpg,微信图片_20260823223404_49_46.jpg,0.40,384,192,0,576,384,960,crops/微信图片_20260823223404_49_46__w0012__s0.40.jpg,Curl_Leaf,0.9825882911682129,Curl_Leaf|Leaf_Blight|Deficiency_Leaf,0.982588|0.010456|0.004092,0.10757647454738617,true
微信图片_20260823223404_49_46,13,微信图片_20260823223404_49_46.jpg,微信图片_20260823223404_49_46.jpg,0.40,384,192,192,576,576,960,crops/微信图片_20260823223404_49_46__w0013__s0.40.jpg,Leaf_Gall,0.8578332662582397,Leaf_Gall|Felt_Leaf|Leaf_Blight,0.857833|0.083941|0.028007,0.5714052319526672,true
微信图片_20260823223404_49_46,14,微信图片_20260823223404_49_46.jpg,微信图片_20260823223404_49_46.jpg,0.40,384,192,384,576,768,960,crops/微信图片_20260823223404_49_46__w0014__s0.40.jpg,Leaf_Gall,0.39416059851646423,Leaf_Gall|Healthy_Leaf|Deficiency_Leaf,0.394161|0.308605|0.148234,1.4916051626205444,false
微信图片_20260823223404_49_46,15,微信图片_20260823223404_49_46.jpg,微信图片_20260823223404_49_46.jpg,0.40,384,192,576,576,960,960,crops/微信图片_20260823223404_49_46__w0015__s0.40.jpg,Leaf_Blight,0.8188880681991577,Leaf_Blight|Leaf_Gall|Curl_Leaf,0.818888|0.141901|0.013841,0.6216633319854736,true
微信图片_20260823223404_49_46,16,微信图片_20260823223404_49_46.jpg,微信图片_20260823223404_49_46.jpg,0.40,384,192,0,768,384,1152,crops/微信图片_20260823223404_49_46__w0016__s0.40.jpg,Curl_Leaf,0.7194281220436096,Curl_Leaf|Leaf_Blight|Felt_Leaf,0.719428|0.087026|0.085780,0.9878711700439453,false
微信图片_20260823223404_49_46,17,微信图片_20260823223404_49_46.jpg,微信图片_20260823223404_49_46.jpg,0.40,384,192,192,768,576,1152,crops/微信图片_20260823223404_49_46__w0017__s0.40.jpg,Leaf_Gall,0.3965953290462494,Leaf_Gall|Felt_Leaf|Leaf_Blight,0.396595|0.261541|0.185600,1.4780601263046265,false
微信图片_20260823223404_49_46,18,微信图片_20260823223404_49_46.jpg,微信图片_20260823223404_49_46.jpg,0.40,384,192,384,768,768,1152,crops/微信图片_20260823223404_49_46__w0018__s0.40.jpg,Leaf_Blight,0.4870968759059906,Leaf_Blight|Leaf_Gall|Deficiency_Leaf,0.487097|0.184681|0.157709,1.4174623489379883,false
微信图片_20260823223404_49_46,19,微信图片_20260823223404_49_46.jpg,微信图片_20260823223404_49_46.jpg,0.40,384,192,576,768,960,1152,crops/微信图片_20260823223404_49_46__w0019__s0.40.jpg,Leaf_Blight,0.8558492064476013,Leaf_Blight|Leaf_Gall|Felt_Leaf,0.855849|0.113368|0.016675,0.5261056423187256,true
微信图片_20260823223404_49_46,20,微信图片_20260823223404_49_46.jpg,微信图片_20260823223404_49_46.jpg,0.40,384,192,0,960,384,1344,crops/微信图片_20260823223404_49_46__w0020__s0.40.jpg,Felt_Leaf,0.9759191870689392,Felt_Leaf|Fungal_Leaf_Spot|Curl_Leaf,0.975919|0.013014|0.006516,0.14253553748130798,true
微信图片_20260823223404_49_46,21,微信图片_20260823223404_49_46.jpg,微信图片_20260823223404_49_46.jpg,0.40,384,192,192,960,576,1344,crops/微信图片_20260823223404_49_46__w0021__s0.40.jpg,Curl_Leaf,0.8498255610466003,Curl_Leaf|Leaf_Blight|Felt_Leaf,0.849826|0.098678|0.023086,0.593744158744812,true
微信图片_20260823223404_49_46,22,微信图片_20260823223404_49_46.jpg,微信图片_20260823223404_49_46.jpg,0.40,384,192,384,960,768,1344,crops/微信图片_20260823223404_49_46__w0022__s0.40.jpg,Felt_Leaf,0.520369827747345,Felt_Leaf|Leaf_Gall|Leaf_Blight,0.520370|0.420317|0.050624,0.9080600738525391,false
微信图片_20260823223404_49_46,23,微信图片_20260823223404_49_46.jpg,微信图片_20260823223404_49_46.jpg,0.40,384,192,576,960,960,1344,crops/微信图片_20260823223404_49_46__w0023__s0.40.jpg,Felt_Leaf,0.7799091339111328,Felt_Leaf|Leaf_Blight|Leaf_Gall,0.779909|0.115638|0.079829,0.7621241211891174,false
微信图片_20260823223404_49_46,24,微信图片_20260823223404_49_46.jpg,微信图片_20260823223404_49_46.jpg,0.40,384,192,0,1152,384,1536,crops/微信图片_20260823223404_49_46__w0024__s0.40.jpg,Felt_Leaf,0.7261577248573303,Felt_Leaf|Leaf_Blight|Fungal_Leaf_Spot,0.726158|0.161117|0.058397,0.8892241716384888,false
微信图片_20260823223404_49_46,25,微信图片_20260823223404_49_46.jpg,微信图片_20260823223404_49_46.jpg,0.40,384,192,192,1152,576,1536,crops/微信图片_20260823223404_49_46__w0025__s0.40.jpg,Leaf_Gall,0.8543584942817688,Leaf_Gall|Leaf_Blight|Fungal_Leaf_Spot,0.854358|0.087076|0.023296,0.5923125147819519,true
微信图片_20260823223404_49_46,26,微信图片_20260823223404_49_46.jpg,微信图片_20260823223404_49_46.jpg,0.40,384,192,384,1152,768,1536,crops/微信图片_20260823223404_49_46__w0026__s0.40.jpg,Leaf_Gall,0.8816412687301636,Leaf_Gall|Felt_Leaf|Leaf_Blight,0.881641|0.097577|0.017776,0.43086346983909607,true
微信图片_20260823223404_49_46,27,微信图片_20260823223404_49_46.jpg,微信图片_20260823223404_49_46.jpg,0.40,384,192,576,1152,960,1536,crops/微信图片_20260823223404_49_46__w0027__s0.40.jpg,Leaf_Gall,0.7821565866470337,Leaf_Gall|Leaf_Blight|Felt_Leaf,0.782157|0.086262|0.076523,0.8056169152259827,false
微信图片_20260823223404_49_46,28,微信图片_20260823223404_49_46.jpg,微信图片_20260823223404_49_46.jpg,0.40,384,192,0,1322,384,1706,crops/微信图片_20260823223404_49_46__w0028__s0.40.jpg,Leaf_Gall,0.6528577208518982,Leaf_Gall|Felt_Leaf|Leaf_Blight,0.652858|0.139074|0.129952,1.073238730430603,false
微信图片_20260823223404_49_46,29,微信图片_20260823223404_49_46.jpg,微信图片_20260823223404_49_46.jpg,0.40,384,192,192,1322,576,1706,crops/微信图片_20260823223404_49_46__w0029__s0.40.jpg,Fungal_Leaf_Spot,0.3490055501461029,Fungal_Leaf_Spot|Leaf_Gall|Felt_Leaf,0.349006|0.303711|0.135029,1.6292645931243896,false
微信图片_20260823223404_49_46,30,微信图片_20260823223404_49_46.jpg,微信图片_20260823223404_49_46.jpg,0.40,384,192,384,1322,768,1706,crops/微信图片_20260823223404_49_46__w0030__s0.40.jpg,Leaf_Gall,0.8441661596298218,Leaf_Gall|Felt_Leaf|Leaf_Blight,0.844166|0.058524|0.047671,0.6757076978683472,true
微信图片_20260823223404_49_46,31,微信图片_20260823223404_49_46.jpg,微信图片_20260823223404_49_46.jpg,0.40,384,192,576,1322,960,1706,crops/微信图片_20260823223404_49_46__w0031__s0.40.jpg,Leaf_Gall,0.9875534772872925,Leaf_Gall|Leaf_Blight|Felt_Leaf,0.987553|0.009708|0.001323,0.07698198407888412,true
微信图片_20260823223404_49_46,32,微信图片_20260823223404_49_46.jpg,微信图片_20260823223404_49_46.jpg,0.60,576,288,0,0,576,576,crops/微信图片_20260823223404_49_46__w0032__s0.60.jpg,Leaf_Gall,0.9025940299034119,Leaf_Gall|Leaf_Blight|Felt_Leaf,0.902594|0.064039|0.020519,0.41283801198005676,true
微信图片_20260823223404_49_46,33,微信图片_20260823223404_49_46.jpg,微信图片_20260823223404_49_46.jpg,0.60,576,288,288,0,864,576,crops/微信图片_20260823223404_49_46__w0033__s0.60.jpg,Leaf_Gall,0.7436696887016296,Leaf_Gall|Leaf_Blight|Felt_Leaf,0.743670|0.233257|0.010525,0.6775475740432739,false
微信图片_20260823223404_49_46,34,微信图片_20260823223404_49_46.jpg,微信图片_20260823223404_49_46.jpg,0.60,576,288,384,0,960,576,crops/微信图片_20260823223404_49_46__w0034__s0.60.jpg,Leaf_Blight,0.5451175570487976,Leaf_Blight|Leaf_Gall|Curl_Leaf,0.545118|0.260623|0.142651,1.1552529335021973,false
微信图片_20260823223404_49_46,35,微信图片_20260823223404_49_46.jpg,微信图片_20260823223404_49_46.jpg,0.60,576,288,0,288,576,864,crops/微信图片_20260823223404_49_46__w0035__s0.60.jpg,Leaf_Gall,0.46347129344940186,Leaf_Gall|Leaf_Blight|Curl_Leaf,0.463471|0.346120|0.109360,1.2619383335113525,false
微信图片_20260823223404_49_46,36,微信图片_20260823223404_49_46.jpg,微信图片_20260823223404_49_46.jpg,0.60,576,288,288,288,864,864,crops/微信图片_20260823223404_49_46__w0036__s0.60.jpg,Leaf_Blight,0.5794696807861328,Leaf_Blight|Leaf_Gall|Curl_Leaf,0.579470|0.367376|0.019192,0.9183077812194824,false
微信图片_20260823223404_49_46,37,微信图片_20260823223404_49_46.jpg,微信图片_20260823223404_49_46.jpg,0.60,576,288,384,288,960,864,crops/微信图片_20260823223404_49_46__w0037__s0.60.jpg,Leaf_Blight,0.659416913986206,Leaf_Blight|Leaf_Gall|Curl_Leaf,0.659417|0.173980|0.120974,1.0332773923873901,false
微信图片_20260823223404_49_46,38,微信图片_20260823223404_49_46.jpg,微信图片_20260823223404_49_46.jpg,0.60,576,288,0,576,576,1152,crops/微信图片_20260823223404_49_46__w0038__s0.60.jpg,Curl_Leaf,0.9276382923126221,Curl_Leaf|Leaf_Blight|Leaf_Gall,0.927638|0.054746|0.007876,0.32392436265945435,true
微信图片_20260823223404_49_46,39,微信图片_20260823223404_49_46.jpg,微信图片_20260823223404_49_46.jpg,0.60,576,288,288,576,864,1152,crops/微信图片_20260823223404_49_46__w0039__s0.60.jpg,Leaf_Blight,0.8853268027305603,Leaf_Blight|Leaf_Gall|Curl_Leaf,0.885327|0.085071|0.011622,0.4615940451622009,true
微信图片_20260823223404_49_46,40,微信图片_20260823223404_49_46.jpg,微信图片_20260823223404_49_46.jpg,0.60,576,288,384,576,960,1152,crops/微信图片_20260823223404_49_46__w0040__s0.60.jpg,Leaf_Blight,0.7972568869590759,Leaf_Blight|Leaf_Gall|Felt_Leaf,0.797257|0.171336|0.011163,0.6324362754821777,false
微信图片_20260823223404_49_46,41,微信图片_20260823223404_49_46.jpg,微信图片_20260823223404_49_46.jpg,0.60,576,288,0,864,576,1440,crops/微信图片_20260823223404_49_46__w0041__s0.60.jpg,Curl_Leaf,0.7133574485778809,Curl_Leaf|Felt_Leaf|Leaf_Blight,0.713357|0.204932|0.059285,0.8467967510223389,false
微信图片_20260823223404_49_46,42,微信图片_20260823223404_49_46.jpg,微信图片_20260823223404_49_46.jpg,0.60,576,288,288,864,864,1440,crops/微信图片_20260823223404_49_46__w0042__s0.60.jpg,Leaf_Gall,0.8416762948036194,Leaf_Gall|Leaf_Blight|Felt_Leaf,0.841676|0.102967|0.052662,0.5529432892799377,true
微信图片_20260823223404_49_46,43,微信图片_20260823223404_49_46.jpg,微信图片_20260823223404_49_46.jpg,0.60,576,288,384,864,960,1440,crops/微信图片_20260823223404_49_46__w0043__s0.60.jpg,Leaf_Gall,0.9183375835418701,Leaf_Gall|Felt_Leaf|Leaf_Blight,0.918338|0.041832|0.038762,0.3455525040626526,true
微信图片_20260823223404_49_46,44,微信图片_20260823223404_49_46.jpg,微信图片_20260823223404_49_46.jpg,0.60,576,288,0,1130,576,1706,crops/微信图片_20260823223404_49_46__w0044__s0.60.jpg,Felt_Leaf,0.5037667751312256,Felt_Leaf|Leaf_Blight|Leaf_Gall,0.503767|0.372637|0.094070,1.0754718780517578,false
微信图片_20260823223404_49_46,45,微信图片_20260823223404_49_46.jpg,微信图片_20260823223404_49_46.jpg,0.60,576,288,288,1130,864,1706,crops/微信图片_20260823223404_49_46__w0045__s0.60.jpg,Leaf_Gall,0.9606045484542847,Leaf_Gall|Leaf_Blight|Felt_Leaf,0.960605|0.027208|0.011443,0.19417981803417206,true
微信图片_20260823223404_49_46,46,微信图片_20260823223404_49_46.jpg,微信图片_20260823223404_49_46.jpg,0.60,576,288,384,1130,960,1706,crops/微信图片_20260823223404_49_46__w0046__s0.60.jpg,Leaf_Gall,0.9937042593955994,Leaf_Gall|Leaf_Blight|Felt_Leaf,0.993704|0.003839|0.002112,0.04383242875337601,true
微信图片_20260823223404_50_46,0,微信图片_20260823223404_50_46.jpg,微信图片_20260823223404_50_46.jpg,0.40,512,256,0,0,512,512,crops/微信图片_20260823223404_50_46__w0000__s0.40.jpg,Leaf_Blight,0.5923110842704773,Leaf_Blight|Leaf_Gall|Curl_Leaf,0.592311|0.343816|0.033188,0.9446004033088684,false
微信图片_20260823223404_50_46,1,微信图片_20260823223404_50_46.jpg,微信图片_20260823223404_50_46.jpg,0.40,512,256,256,0,768,512,crops/微信图片_20260823223404_50_46__w0001__s0.40.jpg,Leaf_Gall,0.5381277203559875,Leaf_Gall|Leaf_Blight|Curl_Leaf,0.538128|0.312055|0.064686,1.1745465993881226,false
微信图片_20260823223404_50_46,2,微信图片_20260823223404_50_46.jpg,微信图片_20260823223404_50_46.jpg,0.40,512,256,512,0,1024,512,crops/微信图片_20260823223404_50_46__w0002__s0.40.jpg,Leaf_Gall,0.9986453652381897,Leaf_Gall|Leaf_Blight|Felt_Leaf,0.998645|0.000622|0.000348,0.012026146985590458,true
微信图片_20260823223404_50_46,3,微信图片_20260823223404_50_46.jpg,微信图片_20260823223404_50_46.jpg,0.40,512,256,768,0,1280,512,crops/微信图片_20260823223404_50_46__w0003__s0.40.jpg,Leaf_Gall,0.9983116388320923,Leaf_Gall|Leaf_Blight|Deficiency_Leaf,0.998312|0.000685|0.000580,0.014755180105566978,true
微信图片_20260823223404_50_46,4,微信图片_20260823223404_50_46.jpg,微信图片_20260823223404_50_46.jpg,0.40,512,256,0,256,512,768,crops/微信图片_20260823223404_50_46__w0004__s0.40.jpg,Leaf_Blight,0.5286774635314941,Leaf_Blight|Leaf_Gall|Deficiency_Leaf,0.528677|0.424497|0.025207,0.9098700284957886,false
微信图片_20260823223404_50_46,5,微信图片_20260823223404_50_46.jpg,微信图片_20260823223404_50_46.jpg,0.40,512,256,256,256,768,768,crops/微信图片_20260823223404_50_46__w0005__s0.40.jpg,Curl_Leaf,0.5205348134040833,Curl_Leaf|Leaf_Blight|Deficiency_Leaf,0.520535|0.253836|0.093096,1.3402185440063477,false
微信图片_20260823223404_50_46,6,微信图片_20260823223404_50_46.jpg,微信图片_20260823223404_50_46.jpg,0.40,512,256,512,256,1024,768,crops/微信图片_20260823223404_50_46__w0006__s0.40.jpg,Leaf_Gall,0.7659096717834473,Leaf_Gall|Deficiency_Leaf|Leaf_Blight,0.765910|0.084953|0.069354,0.9130039811134338,false
微信图片_20260823223404_50_46,7,微信图片_20260823223404_50_46.jpg,微信图片_20260823223404_50_46.jpg,0.40,512,256,768,256,1280,768,crops/微信图片_20260823223404_50_46__w0007__s0.40.jpg,Leaf_Gall,0.9493106007575989,Leaf_Gall|Deficiency_Leaf|Leaf_Blight,0.949311|0.020592|0.012597,0.28152790665626526,true
微信图片_20260823223404_50_46,8,微信图片_20260823223404_50_46.jpg,微信图片_20260823223404_50_46.jpg,0.40,512,256,0,512,512,1024,crops/微信图片_20260823223404_50_46__w0008__s0.40.jpg,Leaf_Gall,0.7769548892974854,Leaf_Gall|Deficiency_Leaf|Leaf_Blight,0.776955|0.082038|0.071569,0.8954188823699951,false
微信图片_20260823223404_50_46,9,微信图片_20260823223404_50_46.jpg,微信图片_20260823223404_50_46.jpg,0.40,512,256,256,512,768,1024,crops/微信图片_20260823223404_50_46__w0009__s0.40.jpg,Leaf_Gall,0.4976342022418976,Leaf_Gall|Leaf_Blight|Curl_Leaf,0.497634|0.184245|0.116123,1.5335557460784912,false
微信图片_20260823223404_50_46,10,微信图片_20260823223404_50_46.jpg,微信图片_20260823223404_50_46.jpg,0.40,512,256,512,512,1024,1024,crops/微信图片_20260823223404_50_46__w0010__s0.40.jpg,Leaf_Gall,0.8374353051185608,Leaf_Gall|Bituminous_Leaf|Deficiency_Leaf,0.837435|0.067751|0.043291,0.6927542090415955,true
微信图片_20260823223404_50_46,11,微信图片_20260823223404_50_46.jpg,微信图片_20260823223404_50_46.jpg,0.40,512,256,768,512,1280,1024,crops/微信图片_20260823223404_50_46__w0011__s0.40.jpg,Leaf_Gall,0.618675708770752,Leaf_Gall|Bituminous_Leaf|Deficiency_Leaf,0.618676|0.283053|0.033409,1.0413066148757935,false
微信图片_20260823223404_50_46,12,微信图片_20260823223404_50_46.jpg,微信图片_20260823223404_50_46.jpg,0.40,512,256,0,768,512,1280,crops/微信图片_20260823223404_50_46__w0012__s0.40.jpg,Bituminous_Leaf,0.5526580810546875,Bituminous_Leaf|Leaf_Gall|Deficiency_Leaf,0.552658|0.361852|0.032794,1.0416933298110962,false
微信图片_20260823223404_50_46,13,微信图片_20260823223404_50_46.jpg,微信图片_20260823223404_50_46.jpg,0.40,512,256,256,768,768,1280,crops/微信图片_20260823223404_50_46__w0013__s0.40.jpg,Bituminous_Leaf,0.7307323813438416,Bituminous_Leaf|Leaf_Gall|Fungal_Leaf_Spot,0.730732|0.184546|0.029876,0.896539032459259,false
微信图片_20260823223404_50_46,14,微信图片_20260823223404_50_46.jpg,微信图片_20260823223404_50_46.jpg,0.40,512,256,512,768,1024,1280,crops/微信图片_20260823223404_50_46__w0014__s0.40.jpg,Bituminous_Leaf,0.8932279348373413,Bituminous_Leaf|Deficiency_Leaf|Leaf_Gall,0.893228|0.046726|0.040738,0.4778406023979187,true
微信图片_20260823223404_50_46,15,微信图片_20260823223404_50_46.jpg,微信图片_20260823223404_50_46.jpg,0.40,512,256,768,768,1280,1280,crops/微信图片_20260823223404_50_46__w0015__s0.40.jpg,Bituminous_Leaf,0.8117267489433289,Bituminous_Leaf|Leaf_Gall|Deficiency_Leaf,0.811727|0.110262|0.057784,0.6893731355667114,true
微信图片_20260823223404_50_46,16,微信图片_20260823223404_50_46.jpg,微信图片_20260823223404_50_46.jpg,0.40,512,256,0,1024,512,1536,crops/微信图片_20260823223404_50_46__w0016__s0.40.jpg,Bituminous_Leaf,0.9754577875137329,Bituminous_Leaf|Leaf_Gall|Fungal_Leaf_Spot,0.975458|0.010886|0.006725,0.15364331007003784,true
微信图片_20260823223404_50_46,17,微信图片_20260823223404_50_46.jpg,微信图片_20260823223404_50_46.jpg,0.40,512,256,256,1024,768,1536,crops/微信图片_20260823223404_50_46__w0017__s0.40.jpg,Bituminous_Leaf,0.9767780303955078,Bituminous_Leaf|Leaf_Gall|Fungal_Leaf_Spot,0.976778|0.011665|0.002897,0.14816422760486603,true
微信图片_20260823223404_50_46,18,微信图片_20260823223404_50_46.jpg,微信图片_20260823223404_50_46.jpg,0.40,512,256,512,1024,1024,1536,crops/微信图片_20260823223404_50_46__w0018__s0.40.jpg,Bituminous_Leaf,0.9373881816864014,Bituminous_Leaf|Leaf_Gall|Fungal_Leaf_Spot,0.937388|0.028207|0.009832,0.3376835584640503,true
微信图片_20260823223404_50_46,19,微信图片_20260823223404_50_46.jpg,微信图片_20260823223404_50_46.jpg,0.40,512,256,768,1024,1280,1536,crops/微信图片_20260823223404_50_46__w0019__s0.40.jpg,Bituminous_Leaf,0.75434410572052,Bituminous_Leaf|Leaf_Gall|Leaf_Blight,0.754344|0.219766|0.008392,0.6835538744926453,false
微信图片_20260823223404_50_46,20,微信图片_20260823223404_50_46.jpg,微信图片_20260823223404_50_46.jpg,0.40,512,256,0,1280,512,1792,crops/微信图片_20260823223404_50_46__w0020__s0.40.jpg,Bituminous_Leaf,0.974982738494873,Bituminous_Leaf|Leaf_Gall|Deficiency_Leaf,0.974983|0.015392|0.002310,0.1515595018863678,true
微信图片_20260823223404_50_46,21,微信图片_20260823223404_50_46.jpg,微信图片_20260823223404_50_46.jpg,0.40,512,256,256,1280,768,1792,crops/微信图片_20260823223404_50_46__w0021__s0.40.jpg,Bituminous_Leaf,0.7031949162483215,Bituminous_Leaf|Leaf_Gall|Deficiency_Leaf,0.703195|0.146130|0.070073,1.058319330215454,false
微信图片_20260823223404_50_46,22,微信图片_20260823223404_50_46.jpg,微信图片_20260823223404_50_46.jpg,0.40,512,256,512,1280,1024,1792,crops/微信图片_20260823223404_50_46__w0022__s0.40.jpg,Bituminous_Leaf,0.8557392954826355,Bituminous_Leaf|Leaf_Gall|Deficiency_Leaf,0.855739|0.091268|0.018574,0.5974751114845276,true
微信图片_20260823223404_50_46,23,微信图片_20260823223404_50_46.jpg,微信图片_20260823223404_50_46.jpg,0.40,512,256,768,1280,1280,1792,crops/微信图片_20260823223404_50_46__w0023__s0.40.jpg,Bituminous_Leaf,0.5621097087860107,Bituminous_Leaf|Leaf_Gall|Leaf_Blight,0.562110|0.381553|0.029671,0.9350206851959229,false
微信图片_20260823223404_50_46,24,微信图片_20260823223404_50_46.jpg,微信图片_20260823223404_50_46.jpg,0.40,512,256,0,1536,512,2048,crops/微信图片_20260823223404_50_46__w0024__s0.40.jpg,Leaf_Gall,0.5664154291152954,Leaf_Gall|Leaf_Blight|Deficiency_Leaf,0.566415|0.305269|0.044552,1.167806625366211,false
微信图片_20260823223404_50_46,25,微信图片_20260823223404_50_46.jpg,微信图片_20260823223404_50_46.jpg,0.40,512,256,256,1536,768,2048,crops/微信图片_20260823223404_50_46__w0025__s0.40.jpg,Leaf_Gall,0.395304799079895,Leaf_Gall|Leaf_Blight|Anthrax_Leaf,0.395305|0.292754|0.086787,1.635746955871582,false
微信图片_20260823223404_50_46,26,微信图片_20260823223404_50_46.jpg,微信图片_20260823223404_50_46.jpg,0.40,512,256,512,1536,1024,2048,crops/微信图片_20260823223404_50_46__w0026__s0.40.jpg,Leaf_Blight,0.5479459166526794,Leaf_Blight|Leaf_Gall|Curl_Leaf,0.547946|0.299341|0.031508,1.2826433181762695,false
微信图片_20260823223404_50_46,27,微信图片_20260823223404_50_46.jpg,微信图片_20260823223404_50_46.jpg,0.40,512,256,768,1536,1280,2048,crops/微信图片_20260823223404_50_46__w0027__s0.40.jpg,Leaf_Blight,0.6186371445655823,Leaf_Blight|Leaf_Gall|Curl_Leaf,0.618637|0.308358|0.024218,0.98368239402771,false
微信图片_20260823223404_50_46,28,微信图片_20260823223404_50_46.jpg,微信图片_20260823223404_50_46.jpg,0.40,512,256,0,1763,512,2275,crops/微信图片_20260823223404_50_46__w0028__s0.40.jpg,Leaf_Gall,0.5171141624450684,Leaf_Gall|Leaf_Blight|Anthrax_Leaf,0.517114|0.452075|0.007898,0.8661899566650391,false
微信图片_20260823223404_50_46,29,微信图片_20260823223404_50_46.jpg,微信图片_20260823223404_50_46.jpg,0.40,512,256,256,1763,768,2275,crops/微信图片_20260823223404_50_46__w0029__s0.40.jpg,Leaf_Blight,0.6816298961639404,Leaf_Blight|Leaf_Gall|Dry_Leaf,0.681630|0.283351|0.007479,0.8052382469177246,false
微信图片_20260823223404_50_46,30,微信图片_20260823223404_50_46.jpg,微信图片_20260823223404_50_46.jpg,0.40,512,256,512,1763,1024,2275,crops/微信图片_20260823223404_50_46__w0030__s0.40.jpg,Leaf_Blight,0.6941004395484924,Leaf_Blight|Leaf_Gall|Curl_Leaf,0.694100|0.235470|0.022528,0.9127999544143677,false
微信图片_20260823223404_50_46,31,微信图片_20260823223404_50_46.jpg,微信图片_20260823223404_50_46.jpg,0.40,512,256,768,1763,1280,2275,crops/微信图片_20260823223404_50_46__w0031__s0.40.jpg,Leaf_Blight,0.6174077391624451,Leaf_Blight|Leaf_Gall|Deficiency_Leaf,0.617408|0.266687|0.030804,1.1139726638793945,false
微信图片_20260823223404_50_46,32,微信图片_20260823223404_50_46.jpg,微信图片_20260823223404_50_46.jpg,0.60,768,384,0,0,768,768,crops/微信图片_20260823223404_50_46__w0032__s0.60.jpg,Leaf_Gall,0.6228266358375549,Leaf_Gall|Leaf_Blight|Deficiency_Leaf,0.622827|0.194533|0.114506,1.1662729978561401,false
微信图片_20260823223404_50_46,33,微信图片_20260823223404_50_46.jpg,微信图片_20260823223404_50_46.jpg,0.60,768,384,384,0,1152,768,crops/微信图片_20260823223404_50_46__w0033__s0.60.jpg,Leaf_Gall,0.5132675766944885,Leaf_Gall|Deficiency_Leaf|Leaf_Blight,0.513268|0.334339|0.071439,1.2202355861663818,false
微信图片_20260823223404_50_46,34,微信图片_20260823223404_50_46.jpg,微信图片_20260823223404_50_46.jpg,0.60,768,384,512,0,1280,768,crops/微信图片_20260823223404_50_46__w0034__s0.60.jpg,Leaf_Gall,0.900823712348938,Leaf_Gall|Deficiency_Leaf|Leaf_Blight,0.900824|0.076863|0.010804,0.40811941027641296,true
微信图片_20260823223404_50_46,35,微信图片_20260823223404_50_46.jpg,微信图片_20260823223404_50_46.jpg,0.60,768,384,0,384,768,1152,crops/微信图片_20260823223404_50_46__w0035__s0.60.jpg,Leaf_Gall,0.5145776271820068,Leaf_Gall|Bituminous_Leaf|Deficiency_Leaf,0.514578|0.191369|0.140598,1.4826873540878296,false
微信图片_20260823223404_50_46,36,微信图片_20260823223404_50_46.jpg,微信图片_20260823223404_50_46.jpg,0.60,768,384,384,384,1152,1152,crops/微信图片_20260823223404_50_46__w0036__s0.60.jpg,Leaf_Gall,0.5164846777915955,Leaf_Gall|Deficiency_Leaf|Bituminous_Leaf,0.516485|0.198514|0.141606,1.442949891090393,false
微信图片_20260823223404_50_46,37,微信图片_20260823223404_50_46.jpg,微信图片_20260823223404_50_46.jpg,0.60,768,384,512,384,1280,1152,crops/微信图片_20260823223404_50_46__w0037__s0.60.jpg,Leaf_Gall,0.7321282029151917,Leaf_Gall|Bituminous_Leaf|Deficiency_Leaf,0.732128|0.152825|0.047253,0.934431791305542,false
微信图片_20260823223404_50_46,38,微信图片_20260823223404_50_46.jpg,微信图片_20260823223404_50_46.jpg,0.60,768,384,0,768,768,1536,crops/微信图片_20260823223404_50_46__w0038__s0.60.jpg,Bituminous_Leaf,0.9458932280540466,Bituminous_Leaf|Leaf_Gall|Fungal_Leaf_Spot,0.945893|0.025736|0.018083,0.2839176058769226,true
微信图片_20260823223404_50_46,39,微信图片_20260823223404_50_46.jpg,微信图片_20260823223404_50_46.jpg,0.60,768,384,384,768,1152,1536,crops/微信图片_20260823223404_50_46__w0039__s0.60.jpg,Bituminous_Leaf,0.9417217969894409,Bituminous_Leaf|Leaf_Gall|Fungal_Leaf_Spot,0.941722|0.029198|0.019369,0.2951202392578125,true
微信图片_20260823223404_50_46,40,微信图片_20260823223404_50_46.jpg,微信图片_20260823223404_50_46.jpg,0.60,768,384,512,768,1280,1536,crops/微信图片_20260823223404_50_46__w0040__s0.60.jpg,Bituminous_Leaf,0.9745813012123108,Bituminous_Leaf|Leaf_Gall|Fungal_Leaf_Spot,0.974581|0.015447|0.005415,0.14922258257865906,true
微信图片_20260823223404_50_46,41,微信图片_20260823223404_50_46.jpg,微信图片_20260823223404_50_46.jpg,0.60,768,384,0,1152,768,1920,crops/微信图片_20260823223404_50_46__w0041__s0.60.jpg,Bituminous_Leaf,0.9898090362548828,Bituminous_Leaf|Leaf_Gall|Fungal_Leaf_Spot,0.989809|0.004971|0.001444,0.07336415350437164,true
微信图片_20260823223404_50_46,42,微信图片_20260823223404_50_46.jpg,微信图片_20260823223404_50_46.jpg,0.60,768,384,384,1152,1152,1920,crops/微信图片_20260823223404_50_46__w0042__s0.60.jpg,Bituminous_Leaf,0.993740975856781,Bituminous_Leaf|Leaf_Gall|Deficiency_Leaf,0.993741|0.003717|0.000579,0.04684288054704666,true
微信图片_20260823223404_50_46,43,微信图片_20260823223404_50_46.jpg,微信图片_20260823223404_50_46.jpg,0.60,768,384,512,1152,1280,1920,crops/微信图片_20260823223404_50_46__w0043__s0.60.jpg,Bituminous_Leaf,0.9179423451423645,Bituminous_Leaf|Leaf_Gall|Leaf_Blight,0.917942|0.050423|0.010277,0.3918732702732086,true
微信图片_20260823223404_50_46,44,微信图片_20260823223404_50_46.jpg,微信图片_20260823223404_50_46.jpg,0.60,768,384,0,1507,768,2275,crops/微信图片_20260823223404_50_46__w0044__s0.60.jpg,Leaf_Blight,0.39610952138900757,Leaf_Blight|Leaf_Gall|Deficiency_Leaf,0.396110|0.371224|0.075005,1.493087887763977,false
微信图片_20260823223404_50_46,45,微信图片_20260823223404_50_46.jpg,微信图片_20260823223404_50_46.jpg,0.60,768,384,384,1507,1152,2275,crops/微信图片_20260823223404_50_46__w0045__s0.60.jpg,Leaf_Gall,0.2745167911052704,Leaf_Gall|Bituminous_Leaf|Leaf_Blight,0.274517|0.224698|0.188740,1.8223627805709839,false
微信图片_20260823223404_50_46,46,微信图片_20260823223404_50_46.jpg,微信图片_20260823223404_50_46.jpg,0.60,768,384,512,1507,1280,2275,crops/微信图片_20260823223404_50_46__w0046__s0.60.jpg,Leaf_Blight,0.378691703081131,Leaf_Blight|Leaf_Gall|Bituminous_Leaf,0.378692|0.240564|0.085628,1.8170270919799805,false
微信图片_20260823223406_52_46,0,微信图片_20260823223406_52_46.jpg,微信图片_20260823223406_52_46.jpg,0.40,384,192,0,0,384,384,crops/微信图片_20260823223406_52_46__w0000__s0.40.jpg,Fungal_Leaf_Spot,0.7890282273292542,Fungal_Leaf_Spot|Felt_Leaf|Leaf_Gall,0.789028|0.141076|0.061997,0.6817702651023865,false
微信图片_20260823223406_52_46,1,微信图片_20260823223406_52_46.jpg,微信图片_20260823223406_52_46.jpg,0.40,384,192,192,0,576,384,crops/微信图片_20260823223406_52_46__w0001__s0.40.jpg,Leaf_Gall,0.769821047782898,Leaf_Gall|Fungal_Leaf_Spot|Felt_Leaf,0.769821|0.148890|0.043227,0.7813834547996521,false
微信图片_20260823223406_52_46,2,微信图片_20260823223406_52_46.jpg,微信图片_20260823223406_52_46.jpg,0.40,384,192,384,0,768,384,crops/微信图片_20260823223406_52_46__w0002__s0.40.jpg,Fungal_Leaf_Spot,0.40378043055534363,Fungal_Leaf_Spot|Leaf_Gall|Leaf_Blight,0.403780|0.368913|0.071198,1.3959376811981201,false
微信图片_20260823223406_52_46,3,微信图片_20260823223406_52_46.jpg,微信图片_20260823223406_52_46.jpg,0.40,384,192,576,0,960,384,crops/微信图片_20260823223406_52_46__w0003__s0.40.jpg,Leaf_Gall,0.5565506219863892,Leaf_Gall|Leaf_Blight|Felt_Leaf,0.556551|0.226166|0.098278,1.322473406791687,false
微信图片_20260823223406_52_46,4,微信图片_20260823223406_52_46.jpg,微信图片_20260823223406_52_46.jpg,0.40,384,192,0,192,384,576,crops/微信图片_20260823223406_52_46__w0004__s0.40.jpg,Leaf_Gall,0.9768642783164978,Leaf_Gall|Felt_Leaf|Fungal_Leaf_Spot,0.976864|0.018268|0.003891,0.12463022768497467,true
微信图片_20260823223406_52_46,5,微信图片_20260823223406_52_46.jpg,微信图片_20260823223406_52_46.jpg,0.40,384,192,192,192,576,576,crops/微信图片_20260823223406_52_46__w0005__s0.40.jpg,Leaf_Gall,0.9939216375350952,Leaf_Gall|Felt_Leaf|Fungal_Leaf_Spot,0.993922|0.003361|0.001923,0.04348339885473251,true
微信图片_20260823223406_52_46,6,微信图片_20260823223406_52_46.jpg,微信图片_20260823223406_52_46.jpg,0.40,384,192,384,192,768,576,crops/微信图片_20260823223406_52_46__w0006__s0.40.jpg,Leaf_Gall,0.6706479787826538,Leaf_Gall|Leaf_Blight|Felt_Leaf,0.670648|0.146465|0.100854,1.0442184209823608,false
微信图片_20260823223406_52_46,7,微信图片_20260823223406_52_46.jpg,微信图片_20260823223406_52_46.jpg,0.40,384,192,576,192,960,576,crops/微信图片_20260823223406_52_46__w0007__s0.40.jpg,Leaf_Blight,0.9427425265312195,Leaf_Blight|Leaf_Gall|Curl_Leaf,0.942743|0.031347|0.012867,0.28529682755470276,true
微信图片_20260823223406_52_46,8,微信图片_20260823223406_52_46.jpg,微信图片_20260823223406_52_46.jpg,0.40,384,192,0,384,384,768,crops/微信图片_20260823223406_52_46__w0008__s0.40.jpg,Leaf_Gall,0.9827189445495605,Leaf_Gall|Felt_Leaf|Fungal_Leaf_Spot,0.982719|0.011738|0.002922,0.10295030474662781,true
微信图片_20260823223406_52_46,9,微信图片_20260823223406_52_46.jpg,微信图片_20260823223406_52_46.jpg,0.40,384,192,192,384,576,768,crops/微信图片_20260823223406_52_46__w0009__s0.40.jpg,Leaf_Gall,0.6489514112472534,Leaf_Gall|Fungal_Leaf_Spot|Leaf_Blight,0.648951|0.281465|0.047280,0.8807350993156433,false
微信图片_20260823223406_52_46,10,微信图片_20260823223406_52_46.jpg,微信图片_20260823223406_52_46.jpg,0.40,384,192,384,384,768,768,crops/微信图片_20260823223406_52_46__w0010__s0.40.jpg,Leaf_Gall,0.8030445575714111,Leaf_Gall|Leaf_Blight|Fungal_Leaf_Spot,0.803045|0.188608|0.006263,0.5362182855606079,true
微信图片_20260823223406_52_46,11,微信图片_20260823223406_52_46.jpg,微信图片_20260823223406_52_46.jpg,0.40,384,192,576,384,960,768,crops/微信图片_20260823223406_52_46__w0011__s0.40.jpg,Leaf_Blight,0.9127296805381775,Leaf_Blight|Leaf_Gall|Felt_Leaf,0.912730|0.079076|0.003292,0.33368441462516785,true
微信图片_20260823223406_52_46,12,微信图片_20260823223406_52_46.jpg,微信图片_20260823223406_52_46.jpg,0.40,384,192,0,576,384,960,crops/微信图片_20260823223406_52_46__w0012__s0.40.jpg,Leaf_Gall,0.9970864653587341,Leaf_Gall|Felt_Leaf|Leaf_Blight,0.997086|0.001401|0.000958,0.02320883981883526,true
微信图片_20260823223406_52_46,13,微信图片_20260823223406_52_46.jpg,微信图片_20260823223406_52_46.jpg,0.40,384,192,192,576,576,960,crops/微信图片_20260823223406_52_46__w0013__s0.40.jpg,Leaf_Gall,0.827736496925354,Leaf_Gall|Fungal_Leaf_Spot|Leaf_Blight,0.827736|0.089285|0.075234,0.6094434857368469,true
微信图片_20260823223406_52_46,14,微信图片_20260823223406_52_46.jpg,微信图片_20260823223406_52_46.jpg,0.40,384,192,384,576,768,960,crops/微信图片_20260823223406_52_46__w0014__s0.40.jpg,Leaf_Blight,0.8107955455780029,Leaf_Blight|Leaf_Gall|Fungal_Leaf_Spot,0.810796|0.182093|0.003577,0.5235162973403931,true
微信图片_20260823223406_52_46,15,微信图片_20260823223406_52_46.jpg,微信图片_20260823223406_52_46.jpg,0.40,384,192,576,576,960,960,crops/微信图片_20260823223406_52_46__w0015__s0.40.jpg,Leaf_Blight,0.9963296055793762,Leaf_Blight|Leaf_Gall|Curl_Leaf,0.996330|0.003460|0.000054,0.02538914792239666,true
微信图片_20260823223406_52_46,16,微信图片_20260823223406_52_46.jpg,微信图片_20260823223406_52_46.jpg,0.40,384,192,0,768,384,1152,crops/微信图片_20260823223406_52_46__w0016__s0.40.jpg,Leaf_Gall,0.9320108890533447,Leaf_Gall|Leaf_Blight|Felt_Leaf,0.932011|0.038433|0.019092,0.3286844491958618,true
微信图片_20260823223406_52_46,17,微信图片_20260823223406_52_46.jpg,微信图片_20260823223406_52_46.jpg,0.40,384,192,192,768,576,1152,crops/微信图片_20260823223406_52_46__w0017__s0.40.jpg,Leaf_Gall,0.49083080887794495,Leaf_Gall|Leaf_Blight|Fungal_Leaf_Spot,0.490831|0.451500|0.033862,0.931875467300415,false
微信图片_20260823223406_52_46,18,微信图片_20260823223406_52_46.jpg,微信图片_20260823223406_52_46.jpg,0.40,384,192,384,768,768,1152,crops/微信图片_20260823223406_52_46__w0018__s0.40.jpg,Healthy_Leaf,0.27582260966300964,Healthy_Leaf|Felt_Leaf|Fungal_Leaf_Spot,0.275823|0.228886|0.220531,1.7582018375396729,false
微信图片_20260823223406_52_46,19,微信图片_20260823223406_52_46.jpg,微信图片_20260823223406_52_46.jpg,0.40,384,192,576,768,960,1152,crops/微信图片_20260823223406_52_46__w0019__s0.40.jpg,Healthy_Leaf,0.49043285846710205,Healthy_Leaf|Leaf_Blight|Leaf_Gall,0.490433|0.314352|0.143926,1.2280089855194092,false
微信图片_20260823223406_52_46,20,微信图片_20260823223406_52_46.jpg,微信图片_20260823223406_52_46.jpg,0.40,384,192,0,960,384,1344,crops/微信图片_20260823223406_52_46__w0020__s0.40.jpg,Leaf_Gall,0.7482777833938599,Leaf_Gall|Leaf_Blight|Fungal_Leaf_Spot,0.748278|0.208357|0.027479,0.7230943441390991,false
微信图片_20260823223406_52_46,21,微信图片_20260823223406_52_46.jpg,微信图片_20260823223406_52_46.jpg,0.40,384,192,192,960,576,1344,crops/微信图片_20260823223406_52_46__w0021__s0.40.jpg,Fungal_Leaf_Spot,0.8850570321083069,Fungal_Leaf_Spot|Felt_Leaf|Leaf_Gall,0.885057|0.091049|0.016160,0.4367939233779907,true
微信图片_20260823223406_52_46,22,微信图片_20260823223406_52_46.jpg,微信图片_20260823223406_52_46.jpg,0.40,384,192,384,960,768,1344,crops/微信图片_20260823223406_52_46__w0022__s0.40.jpg,Felt_Leaf,0.7104853987693787,Felt_Leaf|Fungal_Leaf_Spot|Leaf_Gall,0.710485|0.130216|0.115328,0.9394648671150208,false
微信图片_20260823223406_52_46,23,微信图片_20260823223406_52_46.jpg,微信图片_20260823223406_52_46.jpg,0.40,384,192,576,960,960,1344,crops/微信图片_20260823223406_52_46__w0023__s0.40.jpg,Felt_Leaf,0.29043877124786377,Felt_Leaf|Leaf_Gall|Leaf_Blight,0.290439|0.285186|0.143422,1.7573387622833252,false
微信图片_20260823223406_52_46,24,微信图片_20260823223406_52_46.jpg,微信图片_20260823223406_52_46.jpg,0.40,384,192,0,1152,384,1536,crops/微信图片_20260823223406_52_46__w0024__s0.40.jpg,Leaf_Gall,0.7386014461517334,Leaf_Gall|Leaf_Blight|Felt_Leaf,0.738601|0.248322|0.005110,0.6451736092567444,false
微信图片_20260823223406_52_46,25,微信图片_20260823223406_52_46.jpg,微信图片_20260823223406_52_46.jpg,0.40,384,192,192,1152,576,1536,crops/微信图片_20260823223406_52_46__w0025__s0.40.jpg,Leaf_Gall,0.4308590590953827,Leaf_Gall|Fungal_Leaf_Spot|Leaf_Blight,0.430859|0.232499|0.227627,1.3509855270385742,false
微信图片_20260823223406_52_46,26,微信图片_20260823223406_52_46.jpg,微信图片_20260823223406_52_46.jpg,0.40,384,192,384,1152,768,1536,crops/微信图片_20260823223406_52_46__w0026__s0.40.jpg,Fungal_Leaf_Spot,0.689765989780426,Fungal_Leaf_Spot|Felt_Leaf|Leaf_Blight,0.689766|0.124667|0.118007,1.0172544717788696,false
微信图片_20260823223406_52_46,27,微信图片_20260823223406_52_46.jpg,微信图片_20260823223406_52_46.jpg,0.40,384,192,576,1152,960,1536,crops/微信图片_20260823223406_52_46__w0027__s0.40.jpg,Leaf_Gall,0.6597365140914917,Leaf_Gall|Felt_Leaf|Leaf_Blight,0.659737|0.297073|0.037153,0.7954006195068359,false
微信图片_20260823223406_52_46,28,微信图片_20260823223406_52_46.jpg,微信图片_20260823223406_52_46.jpg,0.40,384,192,0,1322,384,1706,crops/微信图片_20260823223406_52_46__w0028__s0.40.jpg,Leaf_Gall,0.6881118416786194,Leaf_Gall|Leaf_Blight|Healthy_Leaf,0.688112|0.293996|0.005331,0.7192832231521606,false
微信图片_20260823223406_52_46,29,微信图片_20260823223406_52_46.jpg,微信图片_20260823223406_52_46.jpg,0.40,384,192,192,1322,576,1706,crops/微信图片_20260823223406_52_46__w0029__s0.40.jpg,Leaf_Gall,0.7596499919891357,Leaf_Gall|Leaf_Blight|Felt_Leaf,0.759650|0.223239|0.007781,0.6377063989639282,false
微信图片_20260823223406_52_46,30,微信图片_20260823223406_52_46.jpg,微信图片_20260823223406_52_46.jpg,0.40,384,192,384,1322,768,1706,crops/微信图片_20260823223406_52_46__w0030__s0.40.jpg,Leaf_Blight,0.8468436002731323,Leaf_Blight|Leaf_Gall|Felt_Leaf,0.846844|0.066325|0.039022,0.6452103853225708,true
微信图片_20260823223406_52_46,31,微信图片_20260823223406_52_46.jpg,微信图片_20260823223406_52_46.jpg,0.40,384,192,576,1322,960,1706,crops/微信图片_20260823223406_52_46__w0031__s0.40.jpg,Fungal_Leaf_Spot,0.39170005917549133,Fungal_Leaf_Spot|Felt_Leaf|Leaf_Blight,0.391700|0.334193|0.174531,1.3356088399887085,false
微信图片_20260823223406_52_46,32,微信图片_20260823223406_52_46.jpg,微信图片_20260823223406_52_46.jpg,0.60,576,288,0,0,576,576,crops/微信图片_20260823223406_52_46__w0032__s0.60.jpg,Leaf_Gall,0.9770012497901917,Leaf_Gall|Felt_Leaf|Leaf_Blight,0.977001|0.011329|0.008955,0.13373452425003052,true
微信图片_20260823223406_52_46,33,微信图片_20260823223406_52_46.jpg,微信图片_20260823223406_52_46.jpg,0.60,576,288,288,0,864,576,crops/微信图片_20260823223406_52_46__w0033__s0.60.jpg,Leaf_Gall,0.7184567451477051,Leaf_Gall|Leaf_Blight|Felt_Leaf,0.718457|0.226113|0.020707,0.803107500076294,false
微信图片_20260823223406_52_46,34,微信图片_20260823223406_52_46.jpg,微信图片_20260823223406_52_46.jpg,0.60,576,288,384,0,960,576,crops/微信图片_20260823223406_52_46__w0034__s0.60.jpg,Leaf_Blight,0.7130414843559265,Leaf_Blight|Leaf_Gall|Curl_Leaf,0.713041|0.248063|0.016822,0.7567541003227234,false
微信图片_20260823223406_52_46,35,微信图片_20260823223406_52_46.jpg,微信图片_20260823223406_52_46.jpg,0.60,576,288,0,288,576,864,crops/微信图片_20260823223406_52_46__w0035__s0.60.jpg,Leaf_Gall,0.9979850053787231,Leaf_Gall|Leaf_Blight|Fungal_Leaf_Spot,0.997985|0.000837|0.000576,0.01704508066177368,true
微信图片_20260823223406_52_46,36,微信图片_20260823223406_52_46.jpg,微信图片_20260823223406_52_46.jpg,0.60,576,288,288,288,864,864,crops/微信图片_20260823223406_52_46__w0036__s0.60.jpg,Leaf_Gall,0.9681636095046997,Leaf_Gall|Leaf_Blight|Felt_Leaf,0.968164|0.030801|0.000429,0.147048220038414,true
微信图片_20260823223406_52_46,37,微信图片_20260823223406_52_46.jpg,微信图片_20260823223406_52_46.jpg,0.60,576,288,384,288,960,864,crops/微信图片_20260823223406_52_46__w0037__s0.60.jpg,Leaf_Gall,0.7322396636009216,Leaf_Gall|Leaf_Blight|Felt_Leaf,0.732240|0.267081|0.000319,0.5866918563842773,false
微信图片_20260823223406_52_46,38,微信图片_20260823223406_52_46.jpg,微信图片_20260823223406_52_46.jpg,0.60,576,288,0,576,576,1152,crops/微信图片_20260823223406_52_46__w0038__s0.60.jpg,Leaf_Gall,0.8212801218032837,Leaf_Gall|Leaf_Blight|Fungal_Leaf_Spot,0.821280|0.169408|0.005689,0.5150284171104431,true
微信图片_20260823223406_52_46,39,微信图片_20260823223406_52_46.jpg,微信图片_20260823223406_52_46.jpg,0.60,576,288,288,576,864,1152,crops/微信图片_20260823223406_52_46__w0039__s0.60.jpg,Leaf_Gall,0.8274794220924377,Leaf_Gall|Leaf_Blight|Healthy_Leaf,0.827479|0.163884|0.003070,0.5074625611305237,true
微信图片_20260823223406_52_46,40,微信图片_20260823223406_52_46.jpg,微信图片_20260823223406_52_46.jpg,0.60,576,288,384,576,960,1152,crops/微信图片_20260823223406_52_46__w0040__s0.60.jpg,Leaf_Blight,0.6308508515357971,Leaf_Blight|Leaf_Gall|Healthy_Leaf,0.630851|0.366405|0.001373,0.6783695220947266,false
微信图片_20260823223406_52_46,41,微信图片_20260823223406_52_46.jpg,微信图片_20260823223406_52_46.jpg,0.60,576,288,0,864,576,1440,crops/微信图片_20260823223406_52_46__w0041__s0.60.jpg,Leaf_Blight,0.6959714889526367,Leaf_Blight|Leaf_Gall|Felt_Leaf,0.695971|0.278786|0.006794,0.7442523241043091,false
微信图片_20260823223406_52_46,42,微信图片_20260823223406_52_46.jpg,微信图片_20260823223406_52_46.jpg,0.60,576,288,288,864,864,1440,crops/微信图片_20260823223406_52_46__w0042__s0.60.jpg,Leaf_Blight,0.5000889301300049,Leaf_Blight|Curl_Leaf|Leaf_Gall,0.500089|0.200482|0.126497,1.4406720399856567,false
微信图片_20260823223406_52_46,43,微信图片_20260823223406_52_46.jpg,微信图片_20260823223406_52_46.jpg,0.60,576,288,384,864,960,1440,crops/微信图片_20260823223406_52_46__w0043__s0.60.jpg,Leaf_Blight,0.6484427452087402,Leaf_Blight|Curl_Leaf|Leaf_Gall,0.648443|0.126898|0.094719,1.1874725818634033,false
微信图片_20260823223406_52_46,44,微信图片_20260823223406_52_46.jpg,微信图片_20260823223406_52_46.jpg,0.60,576,288,0,1130,576,1706,crops/微信图片_20260823223406_52_46__w0044__s0.60.jpg,Leaf_Blight,0.5357532501220703,Leaf_Blight|Leaf_Gall|Curl_Leaf,0.535753|0.391691|0.051068,0.9705232381820679,false
微信图片_20260823223406_52_46,45,微信图片_20260823223406_52_46.jpg,微信图片_20260823223406_52_46.jpg,0.60,576,288,288,1130,864,1706,crops/微信图片_20260823223406_52_46__w0045__s0.60.jpg,Leaf_Blight,0.8866717219352722,Leaf_Blight|Felt_Leaf|Leaf_Gall,0.886672|0.036490|0.031044,0.5395082831382751,true
微信图片_20260823223406_52_46,46,微信图片_20260823223406_52_46.jpg,微信图片_20260823223406_52_46.jpg,0.60,576,288,384,1130,960,1706,crops/微信图片_20260823223406_52_46__w0046__s0.60.jpg,Leaf_Blight,0.7986767888069153,Leaf_Blight|Curl_Leaf|Felt_Leaf,0.798677|0.154637|0.026120,0.6730860471725464,false
