image_path,true_label,predicted_label,status,confidence
datasets/test/Leaf_Gall/Leaf_Gall00002.jpg,Leaf_Gall,Felt_Leaf,Incorrect,0.834026
datasets/train/Leaf_Blight/Leaf_Blight00121.jpg,Leaf_Blight,Leaf_Blight,Correct,0.999910
datasets/test/Healthy_Leaf/Healthy_Leaf00448.jpg,Healthy_Leaf,Healthy_Leaf,Correct,0.999996
datasets/test/Fungal_Leaf_Spot/Fungal_Leaf_Spot00154.jpg,Fungal_Leaf_Spot,Fungal_Leaf_Spot,Correct,0.999998
datasets/test/Leaf_Gall/Leaf_Gall00351.jpg,Leaf_Gall,Leaf_Gall,Correct,0.989437
datasets/test/Dry_Leaf/Dry_Leaf00056.jpg,Dry_Leaf,Dry_Leaf,Correct,0.999898
datasets/test/Dry_Leaf/Dry_Leaf00344.jpg,Dry_Leaf,Dry_Leaf,Correct,0.999995
datasets/test/Fungal_Leaf_Spot/Fungal_Leaf_Spot00436.jpg,Fungal_Leaf_Spot,Fungal_Leaf_Spot,Correct,0.999999
datasets/test/Leaf_Blight/Leaf_Blight00174.jpg,Leaf_Blight,Leaf_Blight,Correct,0.999818
datasets/train/Dry_Leaf/Dry_Leaf00075.jpg,Dry_Leaf,Dry_Leaf,Correct,0.999998
datasets/test/Leaf_Blight/Leaf_Blight00401.jpg,Leaf_Blight,Leaf_Blight,Correct,0.999900
datasets/test/Leaf_Gall/Leaf_Gall00003.jpg,Leaf_Gall,Felt_Leaf,Incorrect,0.785724
datasets/test/Leaf_Gall/Leaf_Gall00441.jpg,Leaf_Gall,Leaf_Gall,Correct,0.999809
datasets/test/Anthrax_Leaf/Anthrax_Leaf00069.jpg,Anthrax_Leaf,Anthrax_Leaf,Correct,0.999946
datasets/train/Fungal_Leaf_Spot/Fungal_Leaf_Spot00285.jpg,Fungal_Leaf_Spot,Fungal_Leaf_Spot,Correct,0.991431
datasets/train/Deficiency_Leaf/Deficiency_Leaf00107.jpg,Deficiency_Leaf,Deficiency_Leaf,Correct,0.991858
datasets/train/Leaf_Gall/Leaf_Gall00176.jpg,Leaf_Gall,Leaf_Gall,Correct,0.999277
datasets/train/Felt_Leaf/Felt_Leaf00130.jpg,Felt_Leaf,Felt_Leaf,Correct,0.995476
datasets/test/Fungal_Leaf_Spot/Fungal_Leaf_Spot00275.jpg,Fungal_Leaf_Spot,Fungal_Leaf_Spot,Correct,0.945611
datasets/test/Anthrax_Leaf/Anthrax_Leaf00031.jpg,Anthrax_Leaf,Anthrax_Leaf,Correct,0.999874
datasets/train/Felt_Leaf/Felt_Leaf00053.jpg,Felt_Leaf,Felt_Leaf,Correct,0.999286
datasets/train/Leaf_Blight/Leaf_Blight00265.jpg,Leaf_Blight,Leaf_Blight,Correct,0.987280
datasets/train/Leaf_Gall/Leaf_Gall00498.jpg,Leaf_Gall,Leaf_Gall,Correct,0.991065
datasets/test/Leaf_Gall/Leaf_Gall00016.jpg,Leaf_Gall,Leaf_Gall,Correct,0.963001
datasets/test/Leaf_Blight/Leaf_Blight00039.jpg,Leaf_Blight,Leaf_Blight,Correct,0.999970
datasets/test/Leaf_Gall/Leaf_Gall00530.jpg,Leaf_Gall,Leaf_Gall,Correct,0.999997
datasets/train/Leaf_Gall/Leaf_Gall00404.jpg,Leaf_Gall,Leaf_Gall,Correct,0.999460
datasets/train/Leaf_Blight/Leaf_Blight00199.jpg,Leaf_Blight,Leaf_Blight,Correct,0.999969
datasets/train/Fungal_Leaf_Spot/Fungal_Leaf_Spot00398.jpg,Fungal_Leaf_Spot,Fungal_Leaf_Spot,Correct,0.999999
datasets/train/Deficiency_Leaf/Deficiency_Leaf00057.jpg,Deficiency_Leaf,Deficiency_Leaf,Correct,0.999935
datasets/test/Leaf_Gall/Leaf_Gall00455.jpg,Leaf_Gall,Leaf_Gall,Correct,0.999793
datasets/train/Felt_Leaf/Felt_Leaf00208.jpg,Felt_Leaf,Felt_Leaf,Correct,0.996642
datasets/test/Fungal_Leaf_Spot/Fungal_Leaf_Spot00314.jpg,Fungal_Leaf_Spot,Fungal_Leaf_Spot,Correct,0.999997
datasets/train/Curl_Leaf/Curl_Leaf00006.jpg,Curl_Leaf,Curl_Leaf,Correct,0.999972
datasets/test/Leaf_Blight/Leaf_Blight00288.jpg,Leaf_Blight,Leaf_Blight,Correct,0.999835
datasets/test/Anthrax_Leaf/Anthrax_Leaf00001.jpg,Anthrax_Leaf,Anthrax_Leaf,Correct,0.958225
datasets/test/Leaf_Blight/Leaf_Blight00060.jpg,Leaf_Blight,Leaf_Blight,Correct,0.791736
datasets/test/Leaf_Gall/Leaf_Gall00065.jpg,Leaf_Gall,Leaf_Gall,Correct,0.999996
datasets/test/Leaf_Blight/Leaf_Blight00261.jpg,Leaf_Blight,Leaf_Blight,Correct,0.999640
datasets/train/Leaf_Gall/Leaf_Gall00170.jpg,Leaf_Gall,Leaf_Gall,Correct,0.998662
datasets/train/Healthy_Leaf/Healthy_Leaf00036.jpg,Healthy_Leaf,Healthy_Leaf,Correct,0.999934
datasets/train/Leaf_Blight/Leaf_Blight00002.jpg,Leaf_Blight,Leaf_Blight,Correct,0.999812
datasets/train/Leaf_Blight/Leaf_Blight00433.jpg,Leaf_Blight,Leaf_Blight,Correct,0.999797
datasets/train/Healthy_Leaf/Healthy_Leaf00464.jpg,Healthy_Leaf,Healthy_Leaf,Correct,0.999883
datasets/test/Healthy_Leaf/Healthy_Leaf00625.jpg,Healthy_Leaf,Healthy_Leaf,Correct,0.999998
datasets/test/Healthy_Leaf/Healthy_Leaf00584.jpg,Healthy_Leaf,Healthy_Leaf,Correct,0.999994
datasets/test/Leaf_Blight/Leaf_Blight00383.jpg,Leaf_Blight,Leaf_Blight,Correct,0.999235
datasets/train/Leaf_Gall/Leaf_Gall00187.jpg,Leaf_Gall,Leaf_Gall,Correct,0.997588
datasets/test/Felt_Leaf/Felt_Leaf00312.jpg,Felt_Leaf,Felt_Leaf,Correct,0.999797
datasets/train/Anthrax_Leaf/Anthrax_Leaf00035.jpg,Anthrax_Leaf,Anthrax_Leaf,Correct,0.999696
datasets/test/Fungal_Leaf_Spot/Fungal_Leaf_Spot00438.jpg,Fungal_Leaf_Spot,Fungal_Leaf_Spot,Correct,0.999926
datasets/train/Healthy_Leaf/Healthy_Leaf00269.jpg,Healthy_Leaf,Healthy_Leaf,Correct,0.999965
datasets/train/Curl_Leaf/Curl_Leaf00126.jpg,Curl_Leaf,Curl_Leaf,Correct,0.999998
datasets/train/Fungal_Leaf_Spot/Fungal_Leaf_Spot00457.jpg,Fungal_Leaf_Spot,Fungal_Leaf_Spot,Correct,0.915394
datasets/train/Fungal_Leaf_Spot/Fungal_Leaf_Spot00100.jpg,Fungal_Leaf_Spot,Fungal_Leaf_Spot,Correct,0.999484
datasets/test/Dry_Leaf/Dry_Leaf00250.jpg,Dry_Leaf,Dry_Leaf,Correct,0.999919
datasets/test/Leaf_Gall/Leaf_Gall00542.jpg,Leaf_Gall,Leaf_Gall,Correct,0.999837
datasets/test/Fungal_Leaf_Spot/Fungal_Leaf_Spot00269.jpg,Fungal_Leaf_Spot,Fungal_Leaf_Spot,Correct,0.999737
datasets/train/Fungal_Leaf_Spot/Fungal_Leaf_Spot00339.jpg,Fungal_Leaf_Spot,Fungal_Leaf_Spot,Correct,0.999996
datasets/test/Fungal_Leaf_Spot/Fungal_Leaf_Spot00032.jpg,Fungal_Leaf_Spot,Fungal_Leaf_Spot,Correct,0.999499
datasets/test/Dry_Leaf/Dry_Leaf00076.jpg,Dry_Leaf,Dry_Leaf,Correct,0.999863
datasets/test/Fungal_Leaf_Spot/Fungal_Leaf_Spot00337.jpg,Fungal_Leaf_Spot,Fungal_Leaf_Spot,Correct,0.999997
datasets/test/Leaf_Blight/Leaf_Blight00427.jpg,Leaf_Blight,Leaf_Blight,Correct,0.999777
datasets/test/Fungal_Leaf_Spot/Fungal_Leaf_Spot00085.jpg,Fungal_Leaf_Spot,Fungal_Leaf_Spot,Correct,0.999994
datasets/test/Healthy_Leaf/Healthy_Leaf00536.jpg,Healthy_Leaf,Healthy_Leaf,Correct,0.999951
datasets/test/Leaf_Blight/Leaf_Blight00502.jpg,Leaf_Blight,Leaf_Blight,Correct,0.999999
datasets/train/Leaf_Blight/Leaf_Blight00282.jpg,Leaf_Blight,Leaf_Blight,Correct,0.999360
datasets/train/Fungal_Leaf_Spot/Fungal_Leaf_Spot00143.jpg,Fungal_Leaf_Spot,Fungal_Leaf_Spot,Correct,0.999994
datasets/train/Leaf_Blight/Leaf_Blight00335.jpg,Leaf_Blight,Leaf_Blight,Correct,0.998400
datasets/train/Felt_Leaf/Felt_Leaf00345.jpg,Felt_Leaf,Felt_Leaf,Correct,0.998944
datasets/test/Dry_Leaf/Dry_Leaf00214.jpg,Dry_Leaf,Dry_Leaf,Correct,0.999871
datasets/test/Healthy_Leaf/Healthy_Leaf00307.jpg,Healthy_Leaf,Healthy_Leaf,Correct,0.999890
datasets/train/Felt_Leaf/Felt_Leaf00206.jpg,Felt_Leaf,Felt_Leaf,Correct,0.997828
datasets/test/Fungal_Leaf_Spot/Fungal_Leaf_Spot00401.jpg,Fungal_Leaf_Spot,Fungal_Leaf_Spot,Correct,0.999996
datasets/test/Dry_Leaf/Dry_Leaf00260.jpg,Dry_Leaf,Dry_Leaf,Correct,0.999977
datasets/test/Leaf_Gall/Leaf_Gall00191.jpg,Leaf_Gall,Leaf_Gall,Correct,0.997308
datasets/train/Leaf_Gall/Leaf_Gall00497.jpg,Leaf_Gall,Leaf_Gall,Correct,0.999733
datasets/train/Leaf_Gall/Leaf_Gall00034.jpg,Leaf_Gall,Leaf_Gall,Correct,0.999646
datasets/train/Healthy_Leaf/Healthy_Leaf00594.jpg,Healthy_Leaf,Healthy_Leaf,Correct,0.999954
datasets/test/Leaf_Gall/Leaf_Gall00385.jpg,Leaf_Gall,Leaf_Gall,Correct,0.999711
datasets/train/Leaf_Gall/Leaf_Gall00064.jpg,Leaf_Gall,Leaf_Gall,Correct,0.999995
datasets/test/Dry_Leaf/Dry_Leaf00159.jpg,Dry_Leaf,Dry_Leaf,Correct,0.999922
datasets/test/Leaf_Gall/Leaf_Gall00047.jpg,Leaf_Gall,Leaf_Gall,Correct,0.999982
datasets/test/Leaf_Blight/Leaf_Blight00453.jpg,Leaf_Blight,Leaf_Blight,Correct,0.999998
datasets/train/Fungal_Leaf_Spot/Fungal_Leaf_Spot00551.jpg,Fungal_Leaf_Spot,Fungal_Leaf_Spot,Correct,0.999984
datasets/test/Dry_Leaf/Dry_Leaf00227.jpg,Dry_Leaf,Dry_Leaf,Correct,0.999993
datasets/test/Fungal_Leaf_Spot/Fungal_Leaf_Spot00320.jpg,Fungal_Leaf_Spot,Fungal_Leaf_Spot,Correct,0.999985
datasets/test/Leaf_Gall/Leaf_Gall00008.jpg,Leaf_Gall,Leaf_Gall,Correct,0.997393
datasets/train/Leaf_Gall/Leaf_Gall00186.jpg,Leaf_Gall,Leaf_Gall,Correct,0.998827
datasets/test/Fungal_Leaf_Spot/Fungal_Leaf_Spot00186.jpg,Fungal_Leaf_Spot,Fungal_Leaf_Spot,Correct,0.999924
datasets/test/Healthy_Leaf/Healthy_Leaf00181.jpg,Healthy_Leaf,Healthy_Leaf,Correct,0.999958
datasets/test/Fungal_Leaf_Spot/Fungal_Leaf_Spot00115.jpg,Fungal_Leaf_Spot,Fungal_Leaf_Spot,Correct,0.996738
datasets/test/Leaf_Blight/Leaf_Blight00206.jpg,Leaf_Blight,Leaf_Blight,Correct,0.999541
datasets/train/Curl_Leaf/Curl_Leaf00107.jpg,Curl_Leaf,Deficiency_Leaf,Incorrect,0.606653
datasets/test/Leaf_Blight/Leaf_Blight00032.jpg,Leaf_Blight,Leaf_Blight,Correct,0.999995
datasets/test/Anthrax_Leaf/Anthrax_Leaf00006.jpg,Anthrax_Leaf,Anthrax_Leaf,Correct,0.999843
datasets/train/Curl_Leaf/Curl_Leaf00145.jpg,Curl_Leaf,Curl_Leaf,Correct,0.999954
datasets/train/Felt_Leaf/Felt_Leaf00253.jpg,Felt_Leaf,Felt_Leaf,Correct,0.963228
datasets/train/Leaf_Blight/Leaf_Blight00208.jpg,Leaf_Blight,Leaf_Blight,Correct,0.993619
datasets/test/Leaf_Gall/Leaf_Gall00368.jpg,Leaf_Gall,Leaf_Gall,Correct,0.998751
datasets/test/Deficiency_Leaf/Deficiency_Leaf00115.jpg,Deficiency_Leaf,Deficiency_Leaf,Correct,0.999994
datasets/train/Healthy_Leaf/Healthy_Leaf00318.jpg,Healthy_Leaf,Healthy_Leaf,Correct,0.999985
datasets/test/Bituminous_Leaf/Bituminous_Leaf00124.jpg,Bituminous_Leaf,Bituminous_Leaf,Correct,0.999773
datasets/test/Felt_Leaf/Felt_Leaf00298.jpg,Felt_Leaf,Felt_Leaf,Correct,0.998802
datasets/train/Healthy_Leaf/Healthy_Leaf00184.jpg,Healthy_Leaf,Healthy_Leaf,Correct,0.999946
datasets/train/Healthy_Leaf/Healthy_Leaf00495.jpg,Healthy_Leaf,Healthy_Leaf,Correct,0.999999
datasets/test/Curl_Leaf/Curl_Leaf00078.jpg,Curl_Leaf,Curl_Leaf,Correct,0.999957
datasets/train/Felt_Leaf/Felt_Leaf00087.jpg,Felt_Leaf,Felt_Leaf,Correct,0.998717
datasets/train/Dry_Leaf/Dry_Leaf00281.jpg,Dry_Leaf,Dry_Leaf,Correct,0.999995
datasets/test/Deficiency_Leaf/Deficiency_Leaf00101.jpg,Deficiency_Leaf,Deficiency_Leaf,Correct,0.999483
datasets/train/Healthy_Leaf/Healthy_Leaf00202.jpg,Healthy_Leaf,Healthy_Leaf,Correct,0.999975
datasets/test/Fungal_Leaf_Spot/Fungal_Leaf_Spot00291.jpg,Fungal_Leaf_Spot,Fungal_Leaf_Spot,Correct,0.999871
datasets/test/Leaf_Blight/Leaf_Blight00449.jpg,Leaf_Blight,Leaf_Blight,Correct,0.999981
datasets/test/Healthy_Leaf/Healthy_Leaf00173.jpg,Healthy_Leaf,Healthy_Leaf,Correct,0.999968
datasets/test/Felt_Leaf/Felt_Leaf00281.jpg,Felt_Leaf,Felt_Leaf,Correct,0.999787
datasets/test/Felt_Leaf/Felt_Leaf00064.jpg,Felt_Leaf,Felt_Leaf,Correct,0.999709
datasets/test/Deficiency_Leaf/Deficiency_Leaf00003.jpg,Deficiency_Leaf,Deficiency_Leaf,Correct,0.983338
datasets/test/Curl_Leaf/Curl_Leaf00092.jpg,Curl_Leaf,Curl_Leaf,Correct,0.997842
datasets/train/Bituminous_Leaf/Bituminous_Leaf00027.jpg,Bituminous_Leaf,Bituminous_Leaf,Correct,0.999978
datasets/test/Leaf_Blight/Leaf_Blight00353.jpg,Leaf_Blight,Leaf_Blight,Correct,0.999188
datasets/train/Dry_Leaf/Dry_Leaf00300.jpg,Dry_Leaf,Dry_Leaf,Correct,0.999931
datasets/test/Fungal_Leaf_Spot/Fungal_Leaf_Spot00042.jpg,Fungal_Leaf_Spot,Fungal_Leaf_Spot,Correct,1.000000
datasets/test/Dry_Leaf/Dry_Leaf00216.jpg,Dry_Leaf,Dry_Leaf,Correct,0.999945
datasets/test/Leaf_Blight/Leaf_Blight00220.jpg,Leaf_Blight,Leaf_Blight,Correct,0.999935
datasets/train/Dry_Leaf/Dry_Leaf00350.jpg,Dry_Leaf,Dry_Leaf,Correct,0.999999
datasets/test/Dry_Leaf/Dry_Leaf00379.jpg,Dry_Leaf,Dry_Leaf,Correct,0.999990
datasets/train/Leaf_Blight/Leaf_Blight00157.jpg,Leaf_Blight,Leaf_Blight,Correct,0.999954
datasets/test/Healthy_Leaf/Healthy_Leaf00308.jpg,Healthy_Leaf,Healthy_Leaf,Correct,0.999992
datasets/train/Curl_Leaf/Curl_Leaf00119.jpg,Curl_Leaf,Curl_Leaf,Correct,0.999999
datasets/test/Leaf_Blight/Leaf_Blight00299.jpg,Leaf_Blight,Leaf_Blight,Correct,0.999430
datasets/train/Fungal_Leaf_Spot/Fungal_Leaf_Spot00121.jpg,Fungal_Leaf_Spot,Fungal_Leaf_Spot,Correct,0.999997
datasets/test/Healthy_Leaf/Healthy_Leaf00252.jpg,Healthy_Leaf,Healthy_Leaf,Correct,0.999979
datasets/train/Curl_Leaf/Curl_Leaf00066.jpg,Curl_Leaf,Curl_Leaf,Correct,0.999999
datasets/train/Felt_Leaf/Felt_Leaf00362.jpg,Felt_Leaf,Felt_Leaf,Correct,0.999999
datasets/train/Healthy_Leaf/Healthy_Leaf00450.jpg,Healthy_Leaf,Healthy_Leaf,Correct,0.993938
datasets/test/Felt_Leaf/Felt_Leaf00260.jpg,Felt_Leaf,Felt_Leaf,Correct,0.991637
datasets/train/Leaf_Gall/Leaf_Gall00410.jpg,Leaf_Gall,Leaf_Gall,Correct,0.996063
datasets/test/Anthrax_Leaf/Anthrax_Leaf00003.jpg,Anthrax_Leaf,Anthrax_Leaf,Correct,0.999698
datasets/train/Healthy_Leaf/Healthy_Leaf00515.jpg,Healthy_Leaf,Healthy_Leaf,Correct,0.711917
datasets/test/Healthy_Leaf/Healthy_Leaf00259.jpg,Healthy_Leaf,Healthy_Leaf,Correct,0.999708
datasets/train/Dry_Leaf/Dry_Leaf00329.jpg,Dry_Leaf,Dry_Leaf,Correct,0.999989
datasets/train/Healthy_Leaf/Healthy_Leaf00118.jpg,Healthy_Leaf,Healthy_Leaf,Correct,0.999983
datasets/train/Dry_Leaf/Dry_Leaf00004.jpg,Dry_Leaf,Dry_Leaf,Correct,0.999945
datasets/test/Bituminous_Leaf/Bituminous_Leaf00042.jpg,Bituminous_Leaf,Bituminous_Leaf,Correct,0.999705
datasets/test/Healthy_Leaf/Healthy_Leaf00516.jpg,Healthy_Leaf,Healthy_Leaf,Correct,0.996693
datasets/test/Leaf_Gall/Leaf_Gall00372.jpg,Leaf_Gall,Leaf_Gall,Correct,0.999095
datasets/test/Felt_Leaf/Felt_Leaf00200.jpg,Felt_Leaf,Felt_Leaf,Correct,0.999875
datasets/test/Healthy_Leaf/Healthy_Leaf00241.jpg,Healthy_Leaf,Healthy_Leaf,Correct,0.998893
datasets/test/Fungal_Leaf_Spot/Fungal_Leaf_Spot00461.jpg,Fungal_Leaf_Spot,Fungal_Leaf_Spot,Correct,0.998842
datasets/test/Leaf_Blight/Leaf_Blight00409.jpg,Leaf_Blight,Leaf_Blight,Correct,0.999232
datasets/train/Leaf_Gall/Leaf_Gall00009.jpg,Leaf_Gall,Leaf_Gall,Correct,0.997268
datasets/test/Leaf_Gall/Leaf_Gall00341.jpg,Leaf_Gall,Leaf_Gall,Correct,0.994422
datasets/train/Leaf_Blight/Leaf_Blight00571.jpg,Leaf_Blight,Leaf_Blight,Correct,0.999970
datasets/test/Fungal_Leaf_Spot/Fungal_Leaf_Spot00235.jpg,Fungal_Leaf_Spot,Fungal_Leaf_Spot,Correct,0.999983
datasets/test/Healthy_Leaf/Healthy_Leaf00128.jpg,Healthy_Leaf,Healthy_Leaf,Correct,0.999995
datasets/test/Dry_Leaf/Dry_Leaf00208.jpg,Dry_Leaf,Dry_Leaf,Correct,0.999937
datasets/test/Felt_Leaf/Felt_Leaf00216.jpg,Felt_Leaf,Felt_Leaf,Correct,0.999983
datasets/test/Leaf_Gall/Leaf_Gall00039.jpg,Leaf_Gall,Leaf_Gall,Correct,0.999935
datasets/train/Healthy_Leaf/Healthy_Leaf00350.jpg,Healthy_Leaf,Healthy_Leaf,Correct,0.999851
datasets/train/Felt_Leaf/Felt_Leaf00370.jpg,Felt_Leaf,Felt_Leaf,Correct,0.999872
datasets/test/Leaf_Blight/Leaf_Blight00552.jpg,Leaf_Blight,Leaf_Blight,Correct,0.999863
datasets/test/Anthrax_Leaf/Anthrax_Leaf00071.jpg,Anthrax_Leaf,Anthrax_Leaf,Correct,0.999979
datasets/test/Healthy_Leaf/Healthy_Leaf00549.jpg,Healthy_Leaf,Healthy_Leaf,Correct,0.999929
datasets/test/Healthy_Leaf/Healthy_Leaf00471.jpg,Healthy_Leaf,Healthy_Leaf,Correct,0.999912
datasets/test/Healthy_Leaf/Healthy_Leaf00467.jpg,Healthy_Leaf,Healthy_Leaf,Correct,0.981833
datasets/train/Leaf_Blight/Leaf_Blight00181.jpg,Leaf_Blight,Leaf_Blight,Correct,0.996291
datasets/test/Leaf_Blight/Leaf_Blight00081.jpg,Leaf_Blight,Leaf_Blight,Correct,0.997606
datasets/train/Dry_Leaf/Dry_Leaf00276.jpg,Dry_Leaf,Dry_Leaf,Correct,0.999997
datasets/train/Leaf_Gall/Leaf_Gall00137.jpg,Leaf_Gall,Leaf_Gall,Correct,0.999921
datasets/test/Leaf_Gall/Leaf_Gall00128.jpg,Leaf_Gall,Leaf_Gall,Correct,0.991739
datasets/train/Healthy_Leaf/Healthy_Leaf00434.jpg,Healthy_Leaf,Healthy_Leaf,Correct,0.999998
datasets/train/Fungal_Leaf_Spot/Fungal_Leaf_Spot00298.jpg,Fungal_Leaf_Spot,Fungal_Leaf_Spot,Correct,0.999998
datasets/test/Leaf_Gall/Leaf_Gall00159.jpg,Leaf_Gall,Leaf_Gall,Correct,0.999971
datasets/train/Leaf_Gall/Leaf_Gall00289.jpg,Leaf_Gall,Leaf_Gall,Correct,0.999962
datasets/train/Leaf_Gall/Leaf_Gall00206.jpg,Leaf_Gall,Leaf_Gall,Correct,0.999859
datasets/train/Healthy_Leaf/Healthy_Leaf00311.jpg,Healthy_Leaf,Healthy_Leaf,Correct,0.999988
datasets/test/Leaf_Gall/Leaf_Gall00114.jpg,Leaf_Gall,Leaf_Gall,Correct,0.999927
datasets/train/Deficiency_Leaf/Deficiency_Leaf00044.jpg,Deficiency_Leaf,Deficiency_Leaf,Correct,0.973979
datasets/train/Leaf_Blight/Leaf_Blight00376.jpg,Leaf_Blight,Leaf_Blight,Correct,0.998891
datasets/train/Dry_Leaf/Dry_Leaf00102.jpg,Dry_Leaf,Dry_Leaf,Correct,0.999687
datasets/train/Healthy_Leaf/Healthy_Leaf00147.jpg,Healthy_Leaf,Healthy_Leaf,Correct,0.999969
datasets/train/Leaf_Gall/Leaf_Gall00553.jpg,Leaf_Gall,Leaf_Gall,Correct,0.999792
datasets/train/Healthy_Leaf/Healthy_Leaf00287.jpg,Healthy_Leaf,Healthy_Leaf,Correct,0.999980
datasets/train/Anthrax_Leaf/Anthrax_Leaf00090.jpg,Anthrax_Leaf,Anthrax_Leaf,Correct,0.999911
datasets/test/Fungal_Leaf_Spot/Fungal_Leaf_Spot00417.jpg,Fungal_Leaf_Spot,Fungal_Leaf_Spot,Correct,0.999999
datasets/test/Fungal_Leaf_Spot/Fungal_Leaf_Spot00272.jpg,Fungal_Leaf_Spot,Fungal_Leaf_Spot,Correct,0.995044
datasets/train/Healthy_Leaf/Healthy_Leaf00250.jpg,Healthy_Leaf,Healthy_Leaf,Correct,0.999985
datasets/test/Anthrax_Leaf/Anthrax_Leaf00104.jpg,Anthrax_Leaf,Anthrax_Leaf,Correct,0.999937
datasets/test/Bituminous_Leaf/Bituminous_Leaf00049.jpg,Bituminous_Leaf,Bituminous_Leaf,Correct,0.999833
datasets/test/Healthy_Leaf/Healthy_Leaf00218.jpg,Healthy_Leaf,Healthy_Leaf,Correct,0.999962
datasets/test/Healthy_Leaf/Healthy_Leaf00381.jpg,Healthy_Leaf,Healthy_Leaf,Correct,0.999979
datasets/train/Fungal_Leaf_Spot/Fungal_Leaf_Spot00431.jpg,Fungal_Leaf_Spot,Fungal_Leaf_Spot,Correct,0.999995
datasets/train/Felt_Leaf/Felt_Leaf00013.jpg,Felt_Leaf,Felt_Leaf,Correct,0.991282
datasets/test/Leaf_Gall/Leaf_Gall00096.jpg,Leaf_Gall,Leaf_Gall,Correct,0.999974
datasets/test/Leaf_Blight/Leaf_Blight00493.jpg,Leaf_Blight,Leaf_Blight,Correct,0.999946
datasets/test/Healthy_Leaf/Healthy_Leaf00309.jpg,Healthy_Leaf,Healthy_Leaf,Correct,0.999965
datasets/train/Leaf_Gall/Leaf_Gall00543.jpg,Leaf_Gall,Leaf_Gall,Correct,0.999905
datasets/test/Dry_Leaf/Dry_Leaf00111.jpg,Dry_Leaf,Dry_Leaf,Correct,0.999898
datasets/test/Healthy_Leaf/Healthy_Leaf00134.jpg,Healthy_Leaf,Healthy_Leaf,Correct,0.999929
datasets/test/Felt_Leaf/Felt_Leaf00259.jpg,Felt_Leaf,Felt_Leaf,Correct,0.970067
datasets/test/Dry_Leaf/Dry_Leaf00041.jpg,Dry_Leaf,Dry_Leaf,Correct,0.999945
datasets/train/Healthy_Leaf/Healthy_Leaf00499.jpg,Healthy_Leaf,Healthy_Leaf,Correct,0.999998
datasets/train/Fungal_Leaf_Spot/Fungal_Leaf_Spot00211.jpg,Fungal_Leaf_Spot,Fungal_Leaf_Spot,Correct,0.999995
datasets/train/Bituminous_Leaf/Bituminous_Leaf00136.jpg,Bituminous_Leaf,Bituminous_Leaf,Correct,0.999988
datasets/test/Deficiency_Leaf/Deficiency_Leaf00004.jpg,Deficiency_Leaf,Deficiency_Leaf,Correct,0.999790
datasets/train/Dry_Leaf/Dry_Leaf00369.jpg,Dry_Leaf,Dry_Leaf,Correct,0.999990
datasets/test/Dry_Leaf/Dry_Leaf00219.jpg,Dry_Leaf,Dry_Leaf,Correct,0.997473
datasets/test/Leaf_Blight/Leaf_Blight00125.jpg,Leaf_Blight,Leaf_Blight,Correct,0.999958
datasets/test/Dry_Leaf/Dry_Leaf00149.jpg,Dry_Leaf,Dry_Leaf,Correct,0.999898
datasets/test/Fungal_Leaf_Spot/Fungal_Leaf_Spot00079.jpg,Fungal_Leaf_Spot,Fungal_Leaf_Spot,Correct,0.999998
datasets/test/Felt_Leaf/Felt_Leaf00060.jpg,Felt_Leaf,Felt_Leaf,Correct,0.999629
datasets/test/Curl_Leaf/Curl_Leaf00116.jpg,Curl_Leaf,Curl_Leaf,Correct,0.999999
datasets/test/Healthy_Leaf/Healthy_Leaf00447.jpg,Healthy_Leaf,Healthy_Leaf,Correct,0.998832
datasets/test/Healthy_Leaf/Healthy_Leaf00206.jpg,Healthy_Leaf,Healthy_Leaf,Correct,0.999400
datasets/train/Leaf_Blight/Leaf_Blight00027.jpg,Leaf_Blight,Leaf_Blight,Correct,0.999988
datasets/test/Leaf_Gall/Leaf_Gall00332.jpg,Leaf_Gall,Leaf_Gall,Correct,0.974073
datasets/train/Healthy_Leaf/Healthy_Leaf00406.jpg,Healthy_Leaf,Healthy_Leaf,Correct,0.999998
datasets/test/Healthy_Leaf/Healthy_Leaf00380.jpg,Healthy_Leaf,Healthy_Leaf,Correct,0.999992
datasets/test/Felt_Leaf/Felt_Leaf00161.jpg,Felt_Leaf,Felt_Leaf,Correct,0.997445
datasets/train/Felt_Leaf/Felt_Leaf00126.jpg,Felt_Leaf,Felt_Leaf,Correct,0.999962
datasets/train/Fungal_Leaf_Spot/Fungal_Leaf_Spot00382.jpg,Fungal_Leaf_Spot,Fungal_Leaf_Spot,Correct,0.636194
datasets/test/Dry_Leaf/Dry_Leaf00368.jpg,Dry_Leaf,Dry_Leaf,Correct,0.999942
datasets/test/Felt_Leaf/Felt_Leaf00335.jpg,Felt_Leaf,Felt_Leaf,Correct,0.997107
datasets/train/Leaf_Blight/Leaf_Blight00225.jpg,Leaf_Blight,Leaf_Blight,Correct,0.994056
datasets/test/Healthy_Leaf/Healthy_Leaf00445.jpg,Healthy_Leaf,Healthy_Leaf,Correct,0.999721
datasets/test/Dry_Leaf/Dry_Leaf00305.jpg,Dry_Leaf,Dry_Leaf,Correct,0.999998
datasets/train/Leaf_Gall/Leaf_Gall00180.jpg,Leaf_Gall,Leaf_Gall,Correct,0.999974
datasets/train/Leaf_Gall/Leaf_Gall00546.jpg,Leaf_Gall,Leaf_Gall,Correct,0.999942
datasets/train/Leaf_Blight/Leaf_Blight00329.jpg,Leaf_Blight,Leaf_Blight,Correct,0.999956
datasets/train/Fungal_Leaf_Spot/Fungal_Leaf_Spot00089.jpg,Fungal_Leaf_Spot,Fungal_Leaf_Spot,Correct,0.997047
datasets/test/Dry_Leaf/Dry_Leaf00319.jpg,Dry_Leaf,Dry_Leaf,Correct,0.999998
datasets/test/Dry_Leaf/Dry_Leaf00287.jpg,Dry_Leaf,Dry_Leaf,Correct,0.999999
datasets/test/Fungal_Leaf_Spot/Fungal_Leaf_Spot00196.jpg,Fungal_Leaf_Spot,Fungal_Leaf_Spot,Correct,0.999996
datasets/test/Leaf_Gall/Leaf_Gall00135.jpg,Leaf_Gall,Leaf_Gall,Correct,0.999564
datasets/test/Dry_Leaf/Dry_Leaf00130.jpg,Dry_Leaf,Dry_Leaf,Correct,0.999995
datasets/test/Healthy_Leaf/Healthy_Leaf00223.jpg,Healthy_Leaf,Healthy_Leaf,Correct,0.999959
datasets/test/Fungal_Leaf_Spot/Fungal_Leaf_Spot00471.jpg,Fungal_Leaf_Spot,Fungal_Leaf_Spot,Correct,0.999999
datasets/test/Fungal_Leaf_Spot/Fungal_Leaf_Spot00361.jpg,Fungal_Leaf_Spot,Fungal_Leaf_Spot,Correct,0.997460
datasets/test/Felt_Leaf/Felt_Leaf00066.jpg,Felt_Leaf,Felt_Leaf,Correct,0.999974
datasets/test/Leaf_Blight/Leaf_Blight00323.jpg,Leaf_Blight,Leaf_Blight,Correct,0.999815
datasets/train/Healthy_Leaf/Healthy_Leaf00486.jpg,Healthy_Leaf,Healthy_Leaf,Correct,0.999487
datasets/test/Fungal_Leaf_Spot/Fungal_Leaf_Spot00509.jpg,Fungal_Leaf_Spot,Fungal_Leaf_Spot,Correct,0.999997
datasets/test/Leaf_Gall/Leaf_Gall00238.jpg,Leaf_Gall,Leaf_Gall,Correct,0.999831
datasets/train/Leaf_Blight/Leaf_Blight00105.jpg,Leaf_Blight,Leaf_Blight,Correct,0.999258
datasets/test/Felt_Leaf/Felt_Leaf00217.jpg,Felt_Leaf,Felt_Leaf,Correct,0.999936
datasets/test/Fungal_Leaf_Spot/Fungal_Leaf_Spot00016.jpg,Fungal_Leaf_Spot,Healthy_Leaf,Incorrect,0.585364
datasets/test/Curl_Leaf/Curl_Leaf00039.jpg,Curl_Leaf,Curl_Leaf,Correct,0.892281
datasets/train/Leaf_Gall/Leaf_Gall00211.jpg,Leaf_Gall,Leaf_Gall,Correct,0.999925
datasets/train/Dry_Leaf/Dry_Leaf00097.jpg,Dry_Leaf,Dry_Leaf,Correct,0.872570
datasets/train/Leaf_Blight/Leaf_Blight00370.jpg,Leaf_Blight,Leaf_Blight,Correct,0.999924
datasets/test/Fungal_Leaf_Spot/Fungal_Leaf_Spot00234.jpg,Fungal_Leaf_Spot,Fungal_Leaf_Spot,Correct,0.999985
datasets/train/Fungal_Leaf_Spot/Fungal_Leaf_Spot00273.jpg,Fungal_Leaf_Spot,Fungal_Leaf_Spot,Correct,0.999868
datasets/test/Leaf_Gall/Leaf_Gall00435.jpg,Leaf_Gall,Leaf_Gall,Correct,0.999404
datasets/test/Leaf_Gall/Leaf_Gall00021.jpg,Leaf_Gall,Leaf_Gall,Correct,0.577061
datasets/train/Dry_Leaf/Dry_Leaf00296.jpg,Dry_Leaf,Dry_Leaf,Correct,0.999898
datasets/train/Healthy_Leaf/Healthy_Leaf00624.jpg,Healthy_Leaf,Healthy_Leaf,Correct,0.999997
datasets/test/Dry_Leaf/Dry_Leaf00210.jpg,Dry_Leaf,Dry_Leaf,Correct,0.996961
datasets/train/Fungal_Leaf_Spot/Fungal_Leaf_Spot00080.jpg,Fungal_Leaf_Spot,Fungal_Leaf_Spot,Correct,0.999990
datasets/train/Fungal_Leaf_Spot/Fungal_Leaf_Spot00126.jpg,Fungal_Leaf_Spot,Fungal_Leaf_Spot,Correct,0.999111
datasets/test/Leaf_Blight/Leaf_Blight00095.jpg,Leaf_Blight,Leaf_Blight,Correct,0.996112
datasets/train/Anthrax_Leaf/Anthrax_Leaf00101.jpg,Anthrax_Leaf,Anthrax_Leaf,Correct,0.999910
datasets/test/Felt_Leaf/Felt_Leaf00094.jpg,Felt_Leaf,Felt_Leaf,Correct,0.999984
datasets/test/Leaf_Gall/Leaf_Gall00580.jpg,Leaf_Gall,Leaf_Gall,Correct,0.998741
datasets/train/Healthy_Leaf/Healthy_Leaf00456.jpg,Healthy_Leaf,Healthy_Leaf,Correct,1.000000
datasets/train/Leaf_Gall/Leaf_Gall00113.jpg,Leaf_Gall,Leaf_Gall,Correct,0.999980
datasets/train/Felt_Leaf/Felt_Leaf00367.jpg,Felt_Leaf,Felt_Leaf,Correct,0.999945
datasets/test/Healthy_Leaf/Healthy_Leaf00183.jpg,Healthy_Leaf,Healthy_Leaf,Correct,0.999137
datasets/test/Deficiency_Leaf/Deficiency_Leaf00051.jpg,Deficiency_Leaf,Deficiency_Leaf,Correct,0.671571
datasets/test/Felt_Leaf/Felt_Leaf00038.jpg,Felt_Leaf,Felt_Leaf,Correct,0.999995
datasets/test/Leaf_Gall/Leaf_Gall00033.jpg,Leaf_Gall,Leaf_Gall,Correct,0.999440
datasets/test/Dry_Leaf/Dry_Leaf00253.jpg,Dry_Leaf,Dry_Leaf,Correct,0.999991
datasets/test/Leaf_Blight/Leaf_Blight00239.jpg,Leaf_Blight,Leaf_Blight,Correct,0.997067
datasets/test/Anthrax_Leaf/Anthrax_Leaf00099.jpg,Anthrax_Leaf,Anthrax_Leaf,Correct,0.999837
datasets/test/Curl_Leaf/Curl_Leaf00032.jpg,Curl_Leaf,Curl_Leaf,Correct,0.999995
datasets/test/Dry_Leaf/Dry_Leaf00088.jpg,Dry_Leaf,Dry_Leaf,Correct,0.999973
datasets/test/Fungal_Leaf_Spot/Fungal_Leaf_Spot00494.jpg,Fungal_Leaf_Spot,Fungal_Leaf_Spot,Correct,0.999993
datasets/test/Dry_Leaf/Dry_Leaf00325.jpg,Dry_Leaf,Dry_Leaf,Correct,0.999998
datasets/test/Leaf_Blight/Leaf_Blight00307.jpg,Leaf_Blight,Leaf_Blight,Correct,0.999979
datasets/test/Leaf_Blight/Leaf_Blight00221.jpg,Leaf_Blight,Leaf_Blight,Correct,0.997064
datasets/test/Dry_Leaf/Dry_Leaf00158.jpg,Dry_Leaf,Dry_Leaf,Correct,0.999973
datasets/test/Deficiency_Leaf/Deficiency_Leaf00100.jpg,Deficiency_Leaf,Deficiency_Leaf,Correct,0.997448
datasets/test/Healthy_Leaf/Healthy_Leaf00329.jpg,Healthy_Leaf,Healthy_Leaf,Correct,0.999951
datasets/test/Leaf_Gall/Leaf_Gall00499.jpg,Leaf_Gall,Leaf_Gall,Correct,0.986052
datasets/test/Dry_Leaf/Dry_Leaf00198.jpg,Dry_Leaf,Dry_Leaf,Correct,0.999946
datasets/test/Fungal_Leaf_Spot/Fungal_Leaf_Spot00010.jpg,Fungal_Leaf_Spot,Fungal_Leaf_Spot,Correct,0.999998
datasets/test/Leaf_Blight/Leaf_Blight00357.jpg,Leaf_Blight,Leaf_Blight,Correct,0.999711
datasets/train/Dry_Leaf/Dry_Leaf00375.jpg,Dry_Leaf,Dry_Leaf,Correct,0.999992
datasets/train/Dry_Leaf/Dry_Leaf00121.jpg,Dry_Leaf,Dry_Leaf,Correct,0.999995
datasets/test/Leaf_Blight/Leaf_Blight00362.jpg,Leaf_Blight,Leaf_Blight,Correct,0.999920
datasets/test/Fungal_Leaf_Spot/Fungal_Leaf_Spot00021.jpg,Fungal_Leaf_Spot,Fungal_Leaf_Spot,Correct,0.999843
datasets/train/Fungal_Leaf_Spot/Fungal_Leaf_Spot00022.jpg,Fungal_Leaf_Spot,Fungal_Leaf_Spot,Correct,0.999938
datasets/test/Curl_Leaf/Curl_Leaf00060.jpg,Curl_Leaf,Curl_Leaf,Correct,0.983498
datasets/train/Dry_Leaf/Dry_Leaf00277.jpg,Dry_Leaf,Dry_Leaf,Correct,0.999996
datasets/train/Leaf_Blight/Leaf_Blight00506.jpg,Leaf_Blight,Leaf_Blight,Correct,0.897475
datasets/train/Dry_Leaf/Dry_Leaf00013.jpg,Dry_Leaf,Dry_Leaf,Correct,0.999993
datasets/test/Leaf_Blight/Leaf_Blight00405.jpg,Leaf_Blight,Leaf_Blight,Correct,0.958284
datasets/test/Fungal_Leaf_Spot/Fungal_Leaf_Spot00233.jpg,Fungal_Leaf_Spot,Fungal_Leaf_Spot,Correct,0.999991
datasets/test/Anthrax_Leaf/Anthrax_Leaf00058.jpg,Anthrax_Leaf,Anthrax_Leaf,Correct,0.999807
datasets/test/Leaf_Blight/Leaf_Blight00573.jpg,Leaf_Blight,Leaf_Blight,Correct,0.999532
datasets/test/Fungal_Leaf_Spot/Fungal_Leaf_Spot00347.jpg,Fungal_Leaf_Spot,Fungal_Leaf_Spot,Correct,0.999978
datasets/train/Healthy_Leaf/Healthy_Leaf00337.jpg,Healthy_Leaf,Healthy_Leaf,Correct,0.999987
datasets/train/Healthy_Leaf/Healthy_Leaf00420.jpg,Healthy_Leaf,Healthy_Leaf,Correct,0.998522
datasets/test/Anthrax_Leaf/Anthrax_Leaf00024.jpg,Anthrax_Leaf,Anthrax_Leaf,Correct,0.999818
datasets/train/Leaf_Gall/Leaf_Gall00286.jpg,Leaf_Gall,Leaf_Gall,Correct,0.999978
datasets/train/Fungal_Leaf_Spot/Fungal_Leaf_Spot00487.jpg,Fungal_Leaf_Spot,Fungal_Leaf_Spot,Correct,0.999997
datasets/test/Fungal_Leaf_Spot/Fungal_Leaf_Spot00553.jpg,Fungal_Leaf_Spot,Fungal_Leaf_Spot,Correct,0.999992
datasets/test/Fungal_Leaf_Spot/Fungal_Leaf_Spot00328.jpg,Fungal_Leaf_Spot,Fungal_Leaf_Spot,Correct,0.999501
datasets/test/Healthy_Leaf/Healthy_Leaf00229.jpg,Healthy_Leaf,Healthy_Leaf,Correct,0.999986
datasets/train/Dry_Leaf/Dry_Leaf00295.jpg,Dry_Leaf,Dry_Leaf,Correct,0.999996
datasets/test/Healthy_Leaf/Healthy_Leaf00544.jpg,Healthy_Leaf,Healthy_Leaf,Correct,0.999874
datasets/train/Leaf_Blight/Leaf_Blight00150.jpg,Leaf_Blight,Leaf_Blight,Correct,0.999894
datasets/test/Felt_Leaf/Felt_Leaf00046.jpg,Felt_Leaf,Felt_Leaf,Correct,0.999996
datasets/test/Healthy_Leaf/Healthy_Leaf00149.jpg,Healthy_Leaf,Healthy_Leaf,Correct,0.999978
datasets/test/Leaf_Blight/Leaf_Blight00163.jpg,Leaf_Blight,Leaf_Blight,Correct,0.999884
datasets/train/Healthy_Leaf/Healthy_Leaf00049.jpg,Healthy_Leaf,Healthy_Leaf,Correct,0.999994
datasets/train/Leaf_Blight/Leaf_Blight00059.jpg,Leaf_Blight,Leaf_Blight,Correct,0.837914
datasets/test/Healthy_Leaf/Healthy_Leaf00135.jpg,Healthy_Leaf,Healthy_Leaf,Correct,0.999984
datasets/train/Anthrax_Leaf/Anthrax_Leaf00130.jpg,Anthrax_Leaf,Anthrax_Leaf,Correct,0.999987
datasets/test/Leaf_Gall/Leaf_Gall00308.jpg,Leaf_Gall,Leaf_Gall,Correct,0.999881
datasets/test/Leaf_Gall/Leaf_Gall00544.jpg,Leaf_Gall,Leaf_Gall,Correct,0.999990
datasets/test/Healthy_Leaf/Healthy_Leaf00561.jpg,Healthy_Leaf,Healthy_Leaf,Correct,0.999934
datasets/train/Fungal_Leaf_Spot/Fungal_Leaf_Spot00377.jpg,Fungal_Leaf_Spot,Fungal_Leaf_Spot,Correct,0.999996
datasets/test/Leaf_Gall/Leaf_Gall00131.jpg,Leaf_Gall,Leaf_Gall,Correct,0.997791
datasets/test/Leaf_Blight/Leaf_Blight00062.jpg,Leaf_Blight,Leaf_Blight,Correct,0.996567
datasets/train/Bituminous_Leaf/Bituminous_Leaf00030.jpg,Bituminous_Leaf,Bituminous_Leaf,Correct,0.999998
datasets/test/Fungal_Leaf_Spot/Fungal_Leaf_Spot00005.jpg,Fungal_Leaf_Spot,Fungal_Leaf_Spot,Correct,0.999943
datasets/test/Fungal_Leaf_Spot/Fungal_Leaf_Spot00501.jpg,Fungal_Leaf_Spot,Fungal_Leaf_Spot,Correct,0.999998
datasets/test/Healthy_Leaf/Healthy_Leaf00273.jpg,Healthy_Leaf,Healthy_Leaf,Correct,0.999421
datasets/train/Healthy_Leaf/Healthy_Leaf00077.jpg,Healthy_Leaf,Healthy_Leaf,Correct,0.999992
datasets/train/Healthy_Leaf/Healthy_Leaf00591.jpg,Healthy_Leaf,Healthy_Leaf,Correct,0.999981
datasets/test/Bituminous_Leaf/Bituminous_Leaf00060.jpg,Bituminous_Leaf,Bituminous_Leaf,Correct,0.999696
datasets/train/Healthy_Leaf/Healthy_Leaf00082.jpg,Healthy_Leaf,Healthy_Leaf,Correct,0.999999
datasets/train/Leaf_Gall/Leaf_Gall00103.jpg,Leaf_Gall,Leaf_Gall,Correct,0.999861
datasets/train/Dry_Leaf/Dry_Leaf00211.jpg,Dry_Leaf,Dry_Leaf,Correct,0.999964
datasets/train/Leaf_Gall/Leaf_Gall00529.jpg,Leaf_Gall,Leaf_Gall,Correct,0.999924
datasets/test/Leaf_Gall/Leaf_Gall00078.jpg,Leaf_Gall,Leaf_Gall,Correct,0.999780
datasets/train/Leaf_Blight/Leaf_Blight00262.jpg,Leaf_Blight,Leaf_Blight,Correct,0.997094
datasets/test/Leaf_Gall/Leaf_Gall00603.jpg,Leaf_Gall,Leaf_Gall,Correct,0.999784
datasets/test/Deficiency_Leaf/Deficiency_Leaf00120.jpg,Deficiency_Leaf,Deficiency_Leaf,Correct,0.995234
datasets/test/Healthy_Leaf/Healthy_Leaf00002.jpg,Healthy_Leaf,Healthy_Leaf,Correct,0.999987
datasets/test/Leaf_Gall/Leaf_Gall00042.jpg,Leaf_Gall,Leaf_Gall,Correct,0.999547
datasets/test/Leaf_Blight/Leaf_Blight00053.jpg,Leaf_Blight,Leaf_Blight,Correct,0.999831
datasets/test/Leaf_Gall/Leaf_Gall00253.jpg,Leaf_Gall,Leaf_Gall,Correct,0.999997
datasets/train/Curl_Leaf/Curl_Leaf00091.jpg,Curl_Leaf,Curl_Leaf,Correct,0.999807
datasets/test/Fungal_Leaf_Spot/Fungal_Leaf_Spot00425.jpg,Fungal_Leaf_Spot,Fungal_Leaf_Spot,Correct,0.999999
datasets/test/Healthy_Leaf/Healthy_Leaf00335.jpg,Healthy_Leaf,Healthy_Leaf,Correct,0.999993
datasets/train/Fungal_Leaf_Spot/Fungal_Leaf_Spot00574.jpg,Fungal_Leaf_Spot,Fungal_Leaf_Spot,Correct,0.999996
datasets/train/Felt_Leaf/Felt_Leaf00056.jpg,Felt_Leaf,Felt_Leaf,Correct,0.999894
datasets/train/Felt_Leaf/Felt_Leaf00007.jpg,Felt_Leaf,Felt_Leaf,Correct,0.986694
datasets/test/Healthy_Leaf/Healthy_Leaf00004.jpg,Healthy_Leaf,Healthy_Leaf,Correct,0.999973
datasets/test/Dry_Leaf/Dry_Leaf00164.jpg,Dry_Leaf,Dry_Leaf,Correct,0.999031
datasets/train/Curl_Leaf/Curl_Leaf00058.jpg,Curl_Leaf,Curl_Leaf,Correct,0.995376
datasets/train/Felt_Leaf/Felt_Leaf00184.jpg,Felt_Leaf,Felt_Leaf,Correct,0.999819
datasets/test/Leaf_Blight/Leaf_Blight00132.jpg,Leaf_Blight,Leaf_Blight,Correct,0.999459
datasets/test/Fungal_Leaf_Spot/Fungal_Leaf_Spot00096.jpg,Fungal_Leaf_Spot,Fungal_Leaf_Spot,Correct,0.999756
datasets/test/Dry_Leaf/Dry_Leaf00103.jpg,Dry_Leaf,Dry_Leaf,Correct,0.999939
datasets/test/Leaf_Gall/Leaf_Gall00173.jpg,Leaf_Gall,Leaf_Gall,Correct,0.988210
datasets/test/Fungal_Leaf_Spot/Fungal_Leaf_Spot00548.jpg,Fungal_Leaf_Spot,Felt_Leaf,Incorrect,0.899564
datasets/train/Leaf_Blight/Leaf_Blight00031.jpg,Leaf_Blight,Leaf_Blight,Correct,0.999993
datasets/test/Dry_Leaf/Dry_Leaf00285.jpg,Dry_Leaf,Dry_Leaf,Correct,0.999998
datasets/train/Leaf_Blight/Leaf_Blight00077.jpg,Leaf_Blight,Leaf_Blight,Correct,0.960417
datasets/test/Felt_Leaf/Felt_Leaf00284.jpg,Felt_Leaf,Felt_Leaf,Correct,0.999958
datasets/test/Leaf_Blight/Leaf_Blight00274.jpg,Leaf_Blight,Leaf_Blight,Correct,0.999909
datasets/test/Leaf_Blight/Leaf_Blight00312.jpg,Leaf_Blight,Leaf_Blight,Correct,0.999735
datasets/test/Curl_Leaf/Curl_Leaf00048.jpg,Curl_Leaf,Curl_Leaf,Correct,0.999996
datasets/test/Curl_Leaf/Curl_Leaf00166.jpg,Curl_Leaf,Curl_Leaf,Correct,0.998880
datasets/test/Fungal_Leaf_Spot/Fungal_Leaf_Spot00220.jpg,Fungal_Leaf_Spot,Fungal_Leaf_Spot,Correct,0.999989
datasets/test/Bituminous_Leaf/Bituminous_Leaf00100.jpg,Bituminous_Leaf,Bituminous_Leaf,Correct,0.999997
datasets/test/Fungal_Leaf_Spot/Fungal_Leaf_Spot00055.jpg,Fungal_Leaf_Spot,Fungal_Leaf_Spot,Correct,1.000000
datasets/test/Dry_Leaf/Dry_Leaf00150.jpg,Dry_Leaf,Dry_Leaf,Correct,0.999676
datasets/test/Dry_Leaf/Dry_Leaf00226.jpg,Dry_Leaf,Dry_Leaf,Correct,0.999998
datasets/train/Leaf_Blight/Leaf_Blight00287.jpg,Leaf_Blight,Leaf_Blight,Correct,0.997454
datasets/train/Leaf_Gall/Leaf_Gall00527.jpg,Leaf_Gall,Leaf_Gall,Correct,0.997116
datasets/test/Dry_Leaf/Dry_Leaf00028.jpg,Dry_Leaf,Dry_Leaf,Correct,0.999933
datasets/test/Bituminous_Leaf/Bituminous_Leaf00110.jpg,Bituminous_Leaf,Bituminous_Leaf,Correct,0.999374
datasets/test/Felt_Leaf/Felt_Leaf00240.jpg,Felt_Leaf,Felt_Leaf,Correct,0.997085
datasets/test/Leaf_Blight/Leaf_Blight00045.jpg,Leaf_Blight,Leaf_Blight,Correct,0.999354
datasets/train/Deficiency_Leaf/Deficiency_Leaf00042.jpg,Deficiency_Leaf,Deficiency_Leaf,Correct,0.999950
datasets/test/Healthy_Leaf/Healthy_Leaf00443.jpg,Healthy_Leaf,Healthy_Leaf,Correct,0.999993
datasets/train/Fungal_Leaf_Spot/Fungal_Leaf_Spot00295.jpg,Fungal_Leaf_Spot,Fungal_Leaf_Spot,Correct,0.999935
datasets/test/Leaf_Blight/Leaf_Blight00475.jpg,Leaf_Blight,Leaf_Blight,Correct,0.999978
datasets/test/Leaf_Gall/Leaf_Gall00172.jpg,Leaf_Gall,Leaf_Gall,Correct,0.994089
datasets/test/Fungal_Leaf_Spot/Fungal_Leaf_Spot00532.jpg,Fungal_Leaf_Spot,Fungal_Leaf_Spot,Correct,0.993889
datasets/train/Felt_Leaf/Felt_Leaf00201.jpg,Felt_Leaf,Felt_Leaf,Correct,0.999710
datasets/train/Leaf_Blight/Leaf_Blight00348.jpg,Leaf_Blight,Leaf_Blight,Correct,0.999654
datasets/train/Leaf_Gall/Leaf_Gall00156.jpg,Leaf_Gall,Leaf_Gall,Correct,0.998944
datasets/test/Leaf_Blight/Leaf_Blight00327.jpg,Leaf_Blight,Leaf_Blight,Correct,0.999935
datasets/test/Fungal_Leaf_Spot/Fungal_Leaf_Spot00318.jpg,Fungal_Leaf_Spot,Fungal_Leaf_Spot,Correct,0.990028
datasets/test/Felt_Leaf/Felt_Leaf00336.jpg,Felt_Leaf,Felt_Leaf,Correct,0.995833
datasets/test/Leaf_Gall/Leaf_Gall00133.jpg,Leaf_Gall,Leaf_Gall,Correct,0.999989
datasets/train/Fungal_Leaf_Spot/Fungal_Leaf_Spot00094.jpg,Fungal_Leaf_Spot,Fungal_Leaf_Spot,Correct,0.999120
datasets/test/Felt_Leaf/Felt_Leaf00316.jpg,Felt_Leaf,Felt_Leaf,Correct,0.999888
datasets/test/Healthy_Leaf/Healthy_Leaf00116.jpg,Healthy_Leaf,Healthy_Leaf,Correct,0.999905
datasets/test/Leaf_Gall/Leaf_Gall00259.jpg,Leaf_Gall,Leaf_Gall,Correct,0.924451
datasets/test/Curl_Leaf/Curl_Leaf00106.jpg,Curl_Leaf,Curl_Leaf,Correct,0.999871
datasets/test/Fungal_Leaf_Spot/Fungal_Leaf_Spot00102.jpg,Fungal_Leaf_Spot,Felt_Leaf,Incorrect,0.576963
datasets/test/Bituminous_Leaf/Bituminous_Leaf00131.jpg,Bituminous_Leaf,Bituminous_Leaf,Correct,0.999716
datasets/test/Healthy_Leaf/Healthy_Leaf00340.jpg,Healthy_Leaf,Healthy_Leaf,Correct,0.999952
datasets/test/Dry_Leaf/Dry_Leaf00126.jpg,Dry_Leaf,Dry_Leaf,Correct,0.999976
datasets/train/Fungal_Leaf_Spot/Fungal_Leaf_Spot00554.jpg,Fungal_Leaf_Spot,Fungal_Leaf_Spot,Correct,1.000000
datasets/test/Leaf_Gall/Leaf_Gall00450.jpg,Leaf_Gall,Leaf_Gall,Correct,0.995931
datasets/train/Fungal_Leaf_Spot/Fungal_Leaf_Spot00242.jpg,Fungal_Leaf_Spot,Fungal_Leaf_Spot,Correct,0.998734
datasets/train/Deficiency_Leaf/Deficiency_Leaf00008.jpg,Deficiency_Leaf,Deficiency_Leaf,Correct,0.999994
datasets/test/Leaf_Blight/Leaf_Blight00087.jpg,Leaf_Blight,Leaf_Blight,Correct,0.999009
datasets/train/Anthrax_Leaf/Anthrax_Leaf00145.jpg,Anthrax_Leaf,Anthrax_Leaf,Correct,0.999992
datasets/train/Leaf_Gall/Leaf_Gall00349.jpg,Leaf_Gall,Leaf_Gall,Correct,0.969826
datasets/test/Fungal_Leaf_Spot/Fungal_Leaf_Spot00151.jpg,Fungal_Leaf_Spot,Fungal_Leaf_Spot,Correct,0.999999
datasets/test/Fungal_Leaf_Spot/Fungal_Leaf_Spot00422.jpg,Fungal_Leaf_Spot,Fungal_Leaf_Spot,Correct,0.999734
datasets/test/Fungal_Leaf_Spot/Fungal_Leaf_Spot00410.jpg,Fungal_Leaf_Spot,Fungal_Leaf_Spot,Correct,1.000000
datasets/test/Fungal_Leaf_Spot/Fungal_Leaf_Spot00470.jpg,Fungal_Leaf_Spot,Fungal_Leaf_Spot,Correct,1.000000
datasets/test/Felt_Leaf/Felt_Leaf00160.jpg,Felt_Leaf,Felt_Leaf,Correct,0.996925
datasets/test/Dry_Leaf/Dry_Leaf00098.jpg,Dry_Leaf,Dry_Leaf,Correct,0.998485
datasets/train/Fungal_Leaf_Spot/Fungal_Leaf_Spot00368.jpg,Fungal_Leaf_Spot,Fungal_Leaf_Spot,Correct,0.999998
datasets/test/Felt_Leaf/Felt_Leaf00227.jpg,Felt_Leaf,Felt_Leaf,Correct,0.999944
datasets/test/Dry_Leaf/Dry_Leaf00047.jpg,Dry_Leaf,Dry_Leaf,Correct,0.999554
datasets/train/Leaf_Blight/Leaf_Blight00230.jpg,Leaf_Blight,Leaf_Blight,Correct,0.998623
datasets/train/Leaf_Blight/Leaf_Blight00414.jpg,Leaf_Blight,Leaf_Blight,Correct,0.829635
datasets/train/Curl_Leaf/Curl_Leaf00170.jpg,Curl_Leaf,Curl_Leaf,Correct,0.999965
datasets/train/Leaf_Blight/Leaf_Blight00542.jpg,Leaf_Blight,Leaf_Blight,Correct,0.999899
datasets/test/Healthy_Leaf/Healthy_Leaf00531.jpg,Healthy_Leaf,Healthy_Leaf,Correct,0.999986
datasets/test/Fungal_Leaf_Spot/Fungal_Leaf_Spot00200.jpg,Fungal_Leaf_Spot,Fungal_Leaf_Spot,Correct,0.999992
datasets/test/Leaf_Blight/Leaf_Blight00050.jpg,Leaf_Blight,Leaf_Blight,Correct,0.845450
datasets/train/Leaf_Gall/Leaf_Gall00389.jpg,Leaf_Gall,Leaf_Gall,Correct,0.999775
datasets/test/Healthy_Leaf/Healthy_Leaf00524.jpg,Healthy_Leaf,Healthy_Leaf,Correct,1.000000
datasets/train/Leaf_Blight/Leaf_Blight00300.jpg,Leaf_Blight,Leaf_Blight,Correct,0.994427
datasets/train/Healthy_Leaf/Healthy_Leaf00039.jpg,Healthy_Leaf,Healthy_Leaf,Correct,0.999990
datasets/train/Dry_Leaf/Dry_Leaf00092.jpg,Dry_Leaf,Dry_Leaf,Correct,0.999197
datasets/train/Leaf_Gall/Leaf_Gall00537.jpg,Leaf_Gall,Leaf_Gall,Correct,0.999868
datasets/train/Healthy_Leaf/Healthy_Leaf00533.jpg,Healthy_Leaf,Healthy_Leaf,Correct,0.999989
datasets/train/Fungal_Leaf_Spot/Fungal_Leaf_Spot00418.jpg,Fungal_Leaf_Spot,Fungal_Leaf_Spot,Correct,1.000000
datasets/test/Felt_Leaf/Felt_Leaf00134.jpg,Felt_Leaf,Felt_Leaf,Correct,0.687807
datasets/train/Felt_Leaf/Felt_Leaf00075.jpg,Felt_Leaf,Felt_Leaf,Correct,0.999496
datasets/test/Felt_Leaf/Felt_Leaf00176.jpg,Felt_Leaf,Felt_Leaf,Correct,0.999789
datasets/train/Leaf_Gall/Leaf_Gall00570.jpg,Leaf_Gall,Leaf_Gall,Correct,0.998707
datasets/train/Fungal_Leaf_Spot/Fungal_Leaf_Spot00178.jpg,Fungal_Leaf_Spot,Fungal_Leaf_Spot,Correct,0.999996
datasets/train/Leaf_Blight/Leaf_Blight00378.jpg,Leaf_Blight,Leaf_Blight,Correct,0.999983
datasets/test/Deficiency_Leaf/Deficiency_Leaf00033.jpg,Deficiency_Leaf,Deficiency_Leaf,Correct,0.999994
datasets/test/Bituminous_Leaf/Bituminous_Leaf00075.jpg,Bituminous_Leaf,Bituminous_Leaf,Correct,0.999957
datasets/test/Leaf_Gall/Leaf_Gall00612.jpg,Leaf_Gall,Leaf_Gall,Correct,0.916983
datasets/test/Healthy_Leaf/Healthy_Leaf00587.jpg,Healthy_Leaf,Healthy_Leaf,Correct,0.999991
datasets/test/Healthy_Leaf/Healthy_Leaf00384.jpg,Healthy_Leaf,Healthy_Leaf,Correct,0.999949
datasets/train/Fungal_Leaf_Spot/Fungal_Leaf_Spot00572.jpg,Fungal_Leaf_Spot,Fungal_Leaf_Spot,Correct,0.997317
datasets/test/Healthy_Leaf/Healthy_Leaf00226.jpg,Healthy_Leaf,Healthy_Leaf,Correct,0.999293
datasets/test/Curl_Leaf/Curl_Leaf00002.jpg,Curl_Leaf,Curl_Leaf,Correct,0.999978
datasets/train/Leaf_Blight/Leaf_Blight00244.jpg,Leaf_Blight,Leaf_Blight,Correct,0.999886
datasets/train/Fungal_Leaf_Spot/Fungal_Leaf_Spot00538.jpg,Fungal_Leaf_Spot,Felt_Leaf,Incorrect,0.795217
datasets/test/Leaf_Blight/Leaf_Blight00420.jpg,Leaf_Blight,Leaf_Blight,Correct,0.907880
datasets/test/Dry_Leaf/Dry_Leaf00202.jpg,Dry_Leaf,Dry_Leaf,Correct,0.999986
datasets/test/Healthy_Leaf/Healthy_Leaf00616.jpg,Healthy_Leaf,Healthy_Leaf,Correct,0.999998
datasets/test/Bituminous_Leaf/Bituminous_Leaf00123.jpg,Bituminous_Leaf,Bituminous_Leaf,Correct,0.999996
datasets/test/Healthy_Leaf/Healthy_Leaf00151.jpg,Healthy_Leaf,Healthy_Leaf,Correct,0.999996
datasets/train/Leaf_Gall/Leaf_Gall00412.jpg,Leaf_Gall,Leaf_Gall,Correct,0.998786
datasets/train/Leaf_Gall/Leaf_Gall00080.jpg,Leaf_Gall,Leaf_Gall,Correct,0.999997
datasets/train/Healthy_Leaf/Healthy_Leaf00312.jpg,Healthy_Leaf,Healthy_Leaf,Correct,0.999981
datasets/train/Healthy_Leaf/Healthy_Leaf00086.jpg,Healthy_Leaf,Healthy_Leaf,Correct,0.999997
datasets/test/Fungal_Leaf_Spot/Fungal_Leaf_Spot00038.jpg,Fungal_Leaf_Spot,Fungal_Leaf_Spot,Correct,1.000000
datasets/train/Healthy_Leaf/Healthy_Leaf00552.jpg,Healthy_Leaf,Healthy_Leaf,Correct,0.999924
datasets/test/Leaf_Blight/Leaf_Blight00431.jpg,Leaf_Blight,Leaf_Blight,Correct,0.999839
datasets/train/Healthy_Leaf/Healthy_Leaf00426.jpg,Healthy_Leaf,Healthy_Leaf,Correct,0.999989
datasets/test/Felt_Leaf/Felt_Leaf00036.jpg,Felt_Leaf,Felt_Leaf,Correct,0.999453
datasets/test/Healthy_Leaf/Healthy_Leaf00409.jpg,Healthy_Leaf,Healthy_Leaf,Correct,0.999995
datasets/test/Felt_Leaf/Felt_Leaf00150.jpg,Felt_Leaf,Felt_Leaf,Correct,0.992674
datasets/test/Anthrax_Leaf/Anthrax_Leaf00046.jpg,Anthrax_Leaf,Anthrax_Leaf,Correct,0.999852
datasets/test/Leaf_Blight/Leaf_Blight00365.jpg,Leaf_Blight,Leaf_Blight,Correct,0.999952
datasets/test/Fungal_Leaf_Spot/Fungal_Leaf_Spot00316.jpg,Fungal_Leaf_Spot,Fungal_Leaf_Spot,Correct,0.999999
datasets/test/Curl_Leaf/Curl_Leaf00036.jpg,Curl_Leaf,Curl_Leaf,Correct,0.999995
datasets/test/Felt_Leaf/Felt_Leaf00257.jpg,Felt_Leaf,Felt_Leaf,Correct,0.596292
datasets/test/Leaf_Blight/Leaf_Blight00424.jpg,Leaf_Blight,Leaf_Blight,Correct,0.999936
datasets/test/Fungal_Leaf_Spot/Fungal_Leaf_Spot00103.jpg,Fungal_Leaf_Spot,Felt_Leaf,Incorrect,0.928960
datasets/test/Felt_Leaf/Felt_Leaf00268.jpg,Felt_Leaf,Leaf_Blight,Incorrect,0.550799
datasets/test/Felt_Leaf/Felt_Leaf00209.jpg,Felt_Leaf,Felt_Leaf,Correct,0.999001
datasets/train/Dry_Leaf/Dry_Leaf00073.jpg,Dry_Leaf,Dry_Leaf,Correct,0.999993
datasets/test/Leaf_Blight/Leaf_Blight00212.jpg,Leaf_Blight,Leaf_Blight,Correct,0.738105
datasets/test/Bituminous_Leaf/Bituminous_Leaf00126.jpg,Bituminous_Leaf,Bituminous_Leaf,Correct,0.999995
datasets/test/Curl_Leaf/Curl_Leaf00156.jpg,Curl_Leaf,Curl_Leaf,Correct,0.994212
datasets/test/Dry_Leaf/Dry_Leaf00067.jpg,Dry_Leaf,Dry_Leaf,Correct,0.999795
datasets/train/Healthy_Leaf/Healthy_Leaf00256.jpg,Healthy_Leaf,Healthy_Leaf,Correct,0.999941
datasets/train/Leaf_Blight/Leaf_Blight00197.jpg,Leaf_Blight,Leaf_Blight,Correct,0.999783
datasets/test/Curl_Leaf/Curl_Leaf00005.jpg,Curl_Leaf,Curl_Leaf,Correct,0.999806
datasets/test/Leaf_Gall/Leaf_Gall00613.jpg,Leaf_Gall,Leaf_Gall,Correct,0.952856
datasets/test/Leaf_Gall/Leaf_Gall00055.jpg,Leaf_Gall,Leaf_Gall,Correct,0.999052
datasets/test/Fungal_Leaf_Spot/Fungal_Leaf_Spot00232.jpg,Fungal_Leaf_Spot,Fungal_Leaf_Spot,Correct,0.999996
datasets/test/Fungal_Leaf_Spot/Fungal_Leaf_Spot00054.jpg,Fungal_Leaf_Spot,Fungal_Leaf_Spot,Correct,0.999999
datasets/train/Leaf_Blight/Leaf_Blight00580.jpg,Leaf_Blight,Leaf_Blight,Correct,0.997339
datasets/test/Healthy_Leaf/Healthy_Leaf00360.jpg,Healthy_Leaf,Healthy_Leaf,Correct,0.999980
datasets/train/Felt_Leaf/Felt_Leaf00069.jpg,Felt_Leaf,Felt_Leaf,Correct,0.999976
datasets/test/Dry_Leaf/Dry_Leaf00053.jpg,Dry_Leaf,Dry_Leaf,Correct,0.999909
datasets/test/Leaf_Blight/Leaf_Blight00209.jpg,Leaf_Blight,Leaf_Blight,Correct,0.992503
datasets/train/Leaf_Blight/Leaf_Blight00333.jpg,Leaf_Blight,Leaf_Blight,Correct,0.999862
datasets/test/Leaf_Blight/Leaf_Blight00080.jpg,Leaf_Blight,Leaf_Blight,Correct,0.997484
datasets/train/Leaf_Blight/Leaf_Blight00559.jpg,Leaf_Blight,Leaf_Blight,Correct,0.999858
datasets/train/Fungal_Leaf_Spot/Fungal_Leaf_Spot00225.jpg,Fungal_Leaf_Spot,Fungal_Leaf_Spot,Correct,0.999987
datasets/train/Leaf_Blight/Leaf_Blight00034.jpg,Leaf_Blight,Leaf_Blight,Correct,0.999865
datasets/test/Bituminous_Leaf/Bituminous_Leaf00109.jpg,Bituminous_Leaf,Bituminous_Leaf,Correct,0.995443
datasets/train/Healthy_Leaf/Healthy_Leaf00186.jpg,Healthy_Leaf,Healthy_Leaf,Correct,0.996021
datasets/test/Leaf_Gall/Leaf_Gall00472.jpg,Leaf_Gall,Leaf_Gall,Correct,0.999784
datasets/test/Felt_Leaf/Felt_Leaf00226.jpg,Felt_Leaf,Felt_Leaf,Correct,0.999806
datasets/train/Leaf_Blight/Leaf_Blight00523.jpg,Leaf_Blight,Leaf_Blight,Correct,0.999099
datasets/train/Healthy_Leaf/Healthy_Leaf00618.jpg,Healthy_Leaf,Healthy_Leaf,Correct,0.999991
datasets/train/Leaf_Blight/Leaf_Blight00448.jpg,Leaf_Blight,Leaf_Blight,Correct,0.999934
datasets/test/Leaf_Gall/Leaf_Gall00323.jpg,Leaf_Gall,Leaf_Gall,Correct,0.999818
datasets/train/Anthrax_Leaf/Anthrax_Leaf00080.jpg,Anthrax_Leaf,Anthrax_Leaf,Correct,0.999912
datasets/train/Healthy_Leaf/Healthy_Leaf00528.jpg,Healthy_Leaf,Healthy_Leaf,Correct,0.999945
datasets/test/Healthy_Leaf/Healthy_Leaf00315.jpg,Healthy_Leaf,Healthy_Leaf,Correct,0.999951
datasets/train/Leaf_Blight/Leaf_Blight00412.jpg,Leaf_Blight,Leaf_Blight,Correct,0.612369
datasets/test/Leaf_Blight/Leaf_Blight00554.jpg,Leaf_Blight,Leaf_Blight,Correct,0.999988
datasets/train/Fungal_Leaf_Spot/Fungal_Leaf_Spot00483.jpg,Fungal_Leaf_Spot,Fungal_Leaf_Spot,Correct,0.999907
datasets/train/Curl_Leaf/Curl_Leaf00102.jpg,Curl_Leaf,Curl_Leaf,Correct,0.999990
datasets/train/Fungal_Leaf_Spot/Fungal_Leaf_Spot00026.jpg,Fungal_Leaf_Spot,Fungal_Leaf_Spot,Correct,0.999962
datasets/test/Felt_Leaf/Felt_Leaf00338.jpg,Felt_Leaf,Felt_Leaf,Correct,0.999894
datasets/train/Dry_Leaf/Dry_Leaf00223.jpg,Dry_Leaf,Dry_Leaf,Correct,0.999851
datasets/test/Healthy_Leaf/Healthy_Leaf00288.jpg,Healthy_Leaf,Healthy_Leaf,Correct,0.999863
datasets/train/Healthy_Leaf/Healthy_Leaf00100.jpg,Healthy_Leaf,Healthy_Leaf,Correct,0.999992
datasets/test/Curl_Leaf/Curl_Leaf00157.jpg,Curl_Leaf,Curl_Leaf,Correct,0.999969
datasets/test/Healthy_Leaf/Healthy_Leaf00518.jpg,Healthy_Leaf,Healthy_Leaf,Correct,0.996877
datasets/train/Fungal_Leaf_Spot/Fungal_Leaf_Spot00350.jpg,Fungal_Leaf_Spot,Fungal_Leaf_Spot,Correct,0.999395
datasets/train/Fungal_Leaf_Spot/Fungal_Leaf_Spot00405.jpg,Fungal_Leaf_Spot,Fungal_Leaf_Spot,Correct,0.999999
datasets/test/Dry_Leaf/Dry_Leaf00364.jpg,Dry_Leaf,Dry_Leaf,Correct,0.999264
datasets/test/Anthrax_Leaf/Anthrax_Leaf00062.jpg,Anthrax_Leaf,Anthrax_Leaf,Correct,0.999918
datasets/train/Healthy_Leaf/Healthy_Leaf00459.jpg,Healthy_Leaf,Healthy_Leaf,Correct,0.999995
datasets/train/Curl_Leaf/Curl_Leaf00087.jpg,Curl_Leaf,Curl_Leaf,Correct,1.000000
datasets/test/Fungal_Leaf_Spot/Fungal_Leaf_Spot00521.jpg,Fungal_Leaf_Spot,Fungal_Leaf_Spot,Correct,0.957171
datasets/train/Dry_Leaf/Dry_Leaf00178.jpg,Dry_Leaf,Dry_Leaf,Correct,0.999941
datasets/test/Leaf_Gall/Leaf_Gall00590.jpg,Leaf_Gall,Leaf_Gall,Correct,0.999783
datasets/test/Healthy_Leaf/Healthy_Leaf00567.jpg,Healthy_Leaf,Healthy_Leaf,Correct,0.999972
datasets/test/Healthy_Leaf/Healthy_Leaf00113.jpg,Healthy_Leaf,Healthy_Leaf,Correct,0.999988
datasets/test/Felt_Leaf/Felt_Leaf00299.jpg,Felt_Leaf,Felt_Leaf,Correct,0.997760
datasets/test/Felt_Leaf/Felt_Leaf00107.jpg,Felt_Leaf,Felt_Leaf,Correct,0.983675
datasets/train/Leaf_Gall/Leaf_Gall00453.jpg,Leaf_Gall,Leaf_Gall,Correct,0.999963
datasets/test/Felt_Leaf/Felt_Leaf00026.jpg,Felt_Leaf,Felt_Leaf,Correct,0.992982
datasets/train/Anthrax_Leaf/Anthrax_Leaf00113.jpg,Anthrax_Leaf,Anthrax_Leaf,Correct,0.999616
datasets/test/Leaf_Gall/Leaf_Gall00182.jpg,Leaf_Gall,Leaf_Gall,Correct,0.998050
datasets/test/Leaf_Blight/Leaf_Blight00520.jpg,Leaf_Blight,Leaf_Blight,Correct,0.999969
datasets/test/Felt_Leaf/Felt_Leaf00327.jpg,Felt_Leaf,Felt_Leaf,Correct,0.999908
datasets/train/Fungal_Leaf_Spot/Fungal_Leaf_Spot00035.jpg,Fungal_Leaf_Spot,Fungal_Leaf_Spot,Correct,1.000000
datasets/test/Fungal_Leaf_Spot/Fungal_Leaf_Spot00083.jpg,Fungal_Leaf_Spot,Fungal_Leaf_Spot,Correct,1.000000
datasets/train/Healthy_Leaf/Healthy_Leaf00032.jpg,Healthy_Leaf,Healthy_Leaf,Correct,0.999994
datasets/test/Deficiency_Leaf/Deficiency_Leaf00067.jpg,Deficiency_Leaf,Deficiency_Leaf,Correct,0.754746
datasets/train/Healthy_Leaf/Healthy_Leaf00457.jpg,Healthy_Leaf,Healthy_Leaf,Correct,0.999998
datasets/test/Felt_Leaf/Felt_Leaf00344.jpg,Felt_Leaf,Felt_Leaf,Correct,0.999971
datasets/test/Curl_Leaf/Curl_Leaf00042.jpg,Curl_Leaf,Curl_Leaf,Correct,0.999997
datasets/train/Curl_Leaf/Curl_Leaf00052.jpg,Curl_Leaf,Curl_Leaf,Correct,0.999994
datasets/test/Leaf_Blight/Leaf_Blight00122.jpg,Leaf_Blight,Leaf_Blight,Correct,0.999436
datasets/test/Healthy_Leaf/Healthy_Leaf00053.jpg,Healthy_Leaf,Healthy_Leaf,Correct,0.999871
datasets/train/Fungal_Leaf_Spot/Fungal_Leaf_Spot00488.jpg,Fungal_Leaf_Spot,Fungal_Leaf_Spot,Correct,0.999144
datasets/test/Leaf_Blight/Leaf_Blight00073.jpg,Leaf_Blight,Leaf_Blight,Correct,0.999738
datasets/test/Dry_Leaf/Dry_Leaf00040.jpg,Dry_Leaf,Dry_Leaf,Correct,0.999989
datasets/train/Felt_Leaf/Felt_Leaf00085.jpg,Felt_Leaf,Felt_Leaf,Correct,0.999871
datasets/train/Dry_Leaf/Dry_Leaf00279.jpg,Dry_Leaf,Dry_Leaf,Correct,0.999994
datasets/train/Healthy_Leaf/Healthy_Leaf00212.jpg,Healthy_Leaf,Healthy_Leaf,Correct,0.999901
datasets/test/Healthy_Leaf/Healthy_Leaf00620.jpg,Healthy_Leaf,Healthy_Leaf,Correct,0.999979
datasets/train/Felt_Leaf/Felt_Leaf00234.jpg,Felt_Leaf,Felt_Leaf,Correct,0.998954
datasets/test/Healthy_Leaf/Healthy_Leaf00024.jpg,Healthy_Leaf,Healthy_Leaf,Correct,0.999991
datasets/test/Leaf_Blight/Leaf_Blight00217.jpg,Leaf_Blight,Leaf_Blight,Correct,0.999439
datasets/train/Felt_Leaf/Felt_Leaf00127.jpg,Felt_Leaf,Felt_Leaf,Correct,0.999986
datasets/train/Fungal_Leaf_Spot/Fungal_Leaf_Spot00365.jpg,Fungal_Leaf_Spot,Fungal_Leaf_Spot,Correct,1.000000
datasets/train/Felt_Leaf/Felt_Leaf00112.jpg,Felt_Leaf,Felt_Leaf,Correct,0.999998
datasets/train/Healthy_Leaf/Healthy_Leaf00013.jpg,Healthy_Leaf,Healthy_Leaf,Correct,0.992165
datasets/test/Leaf_Gall/Leaf_Gall00517.jpg,Leaf_Gall,Leaf_Gall,Correct,0.945715
datasets/train/Felt_Leaf/Felt_Leaf00263.jpg,Felt_Leaf,Felt_Leaf,Correct,0.997285
datasets/test/Dry_Leaf/Dry_Leaf00156.jpg,Dry_Leaf,Dry_Leaf,Correct,0.998640
datasets/train/Fungal_Leaf_Spot/Fungal_Leaf_Spot00338.jpg,Fungal_Leaf_Spot,Fungal_Leaf_Spot,Correct,0.999982
datasets/test/Fungal_Leaf_Spot/Fungal_Leaf_Spot00037.jpg,Fungal_Leaf_Spot,Fungal_Leaf_Spot,Correct,0.999997
datasets/test/Leaf_Blight/Leaf_Blight00131.jpg,Leaf_Blight,Leaf_Blight,Correct,0.999567
datasets/test/Fungal_Leaf_Spot/Fungal_Leaf_Spot00197.jpg,Fungal_Leaf_Spot,Fungal_Leaf_Spot,Correct,0.999819
datasets/test/Fungal_Leaf_Spot/Fungal_Leaf_Spot00516.jpg,Fungal_Leaf_Spot,Fungal_Leaf_Spot,Correct,0.999980
datasets/test/Leaf_Blight/Leaf_Blight00567.jpg,Leaf_Blight,Leaf_Blight,Correct,0.999135
datasets/test/Leaf_Gall/Leaf_Gall00346.jpg,Leaf_Gall,Leaf_Gall,Correct,0.806189
datasets/train/Curl_Leaf/Curl_Leaf00130.jpg,Curl_Leaf,Curl_Leaf,Correct,0.999994
datasets/train/Fungal_Leaf_Spot/Fungal_Leaf_Spot00061.jpg,Fungal_Leaf_Spot,Fungal_Leaf_Spot,Correct,0.999912
datasets/train/Leaf_Gall/Leaf_Gall00312.jpg,Leaf_Gall,Leaf_Gall,Correct,0.999869
datasets/train/Healthy_Leaf/Healthy_Leaf00295.jpg,Healthy_Leaf,Healthy_Leaf,Correct,0.999993
datasets/train/Dry_Leaf/Dry_Leaf00020.jpg,Dry_Leaf,Dry_Leaf,Correct,0.999687
datasets/test/Leaf_Gall/Leaf_Gall00132.jpg,Leaf_Gall,Leaf_Gall,Correct,0.996072
datasets/test/Anthrax_Leaf/Anthrax_Leaf00073.jpg,Anthrax_Leaf,Anthrax_Leaf,Correct,0.999959
datasets/train/Anthrax_Leaf/Anthrax_Leaf00029.jpg,Anthrax_Leaf,Anthrax_Leaf,Correct,0.999597
datasets/test/Fungal_Leaf_Spot/Fungal_Leaf_Spot00324.jpg,Fungal_Leaf_Spot,Fungal_Leaf_Spot,Correct,0.999413
datasets/train/Healthy_Leaf/Healthy_Leaf00574.jpg,Healthy_Leaf,Healthy_Leaf,Correct,0.999987
datasets/test/Healthy_Leaf/Healthy_Leaf00435.jpg,Healthy_Leaf,Healthy_Leaf,Correct,0.999784
datasets/test/Fungal_Leaf_Spot/Fungal_Leaf_Spot00506.jpg,Fungal_Leaf_Spot,Fungal_Leaf_Spot,Correct,0.999956
datasets/test/Felt_Leaf/Felt_Leaf00166.jpg,Felt_Leaf,Felt_Leaf,Correct,0.979604
datasets/train/Leaf_Gall/Leaf_Gall00512.jpg,Leaf_Gall,Leaf_Gall,Correct,0.997959
datasets/test/Healthy_Leaf/Healthy_Leaf00509.jpg,Healthy_Leaf,Healthy_Leaf,Correct,0.999744
datasets/train/Bituminous_Leaf/Bituminous_Leaf00002.jpg,Bituminous_Leaf,Bituminous_Leaf,Correct,0.874543
datasets/train/Healthy_Leaf/Healthy_Leaf00543.jpg,Healthy_Leaf,Healthy_Leaf,Correct,0.999995
datasets/test/Healthy_Leaf/Healthy_Leaf00517.jpg,Healthy_Leaf,Healthy_Leaf,Correct,0.996380
datasets/train/Leaf_Gall/Leaf_Gall00370.jpg,Leaf_Gall,Leaf_Gall,Correct,0.999093
datasets/test/Curl_Leaf/Curl_Leaf00084.jpg,Curl_Leaf,Curl_Leaf,Correct,0.999999
datasets/test/Healthy_Leaf/Healthy_Leaf00474.jpg,Healthy_Leaf,Healthy_Leaf,Correct,0.999981
datasets/train/Felt_Leaf/Felt_Leaf00220.jpg,Felt_Leaf,Felt_Leaf,Correct,0.999993
datasets/test/Bituminous_Leaf/Bituminous_Leaf00087.jpg,Bituminous_Leaf,Bituminous_Leaf,Correct,0.999434
datasets/train/Felt_Leaf/Felt_Leaf00283.jpg,Felt_Leaf,Felt_Leaf,Correct,0.999861
datasets/test/Healthy_Leaf/Healthy_Leaf00341.jpg,Healthy_Leaf,Healthy_Leaf,Correct,1.000000
datasets/train/Dry_Leaf/Dry_Leaf00011.jpg,Dry_Leaf,Dry_Leaf,Correct,0.999953
datasets/test/Bituminous_Leaf/Bituminous_Leaf00020.jpg,Bituminous_Leaf,Bituminous_Leaf,Correct,0.999634
datasets/test/Leaf_Gall/Leaf_Gall00291.jpg,Leaf_Gall,Leaf_Gall,Correct,0.999976
datasets/test/Fungal_Leaf_Spot/Fungal_Leaf_Spot00421.jpg,Fungal_Leaf_Spot,Fungal_Leaf_Spot,Correct,0.999996
datasets/test/Leaf_Gall/Leaf_Gall00465.jpg,Leaf_Gall,Leaf_Gall,Correct,0.934234
datasets/test/Bituminous_Leaf/Bituminous_Leaf00047.jpg,Bituminous_Leaf,Bituminous_Leaf,Correct,0.998196
datasets/test/Healthy_Leaf/Healthy_Leaf00171.jpg,Healthy_Leaf,Healthy_Leaf,Correct,0.999919
datasets/test/Dry_Leaf/Dry_Leaf00218.jpg,Dry_Leaf,Dry_Leaf,Correct,0.999008
datasets/test/Dry_Leaf/Dry_Leaf00084.jpg,Dry_Leaf,Dry_Leaf,Correct,0.999961
datasets/train/Anthrax_Leaf/Anthrax_Leaf00096.jpg,Anthrax_Leaf,Anthrax_Leaf,Correct,0.998114
datasets/test/Bituminous_Leaf/Bituminous_Leaf00074.jpg,Bituminous_Leaf,Bituminous_Leaf,Correct,0.999997
datasets/test/Curl_Leaf/Curl_Leaf00167.jpg,Curl_Leaf,Curl_Leaf,Correct,0.999564
datasets/train/Healthy_Leaf/Healthy_Leaf00489.jpg,Healthy_Leaf,Healthy_Leaf,Correct,0.999938
datasets/train/Leaf_Gall/Leaf_Gall00145.jpg,Leaf_Gall,Leaf_Gall,Correct,0.999815
datasets/train/Leaf_Gall/Leaf_Gall00460.jpg,Leaf_Gall,Leaf_Gall,Correct,0.997922
datasets/train/Fungal_Leaf_Spot/Fungal_Leaf_Spot00189.jpg,Fungal_Leaf_Spot,Fungal_Leaf_Spot,Correct,0.999625
datasets/test/Healthy_Leaf/Healthy_Leaf00204.jpg,Healthy_Leaf,Healthy_Leaf,Correct,0.999924
datasets/train/Leaf_Gall/Leaf_Gall00319.jpg,Leaf_Gall,Leaf_Gall,Correct,0.999859
datasets/train/Bituminous_Leaf/Bituminous_Leaf00062.jpg,Bituminous_Leaf,Bituminous_Leaf,Correct,0.997032
datasets/test/Bituminous_Leaf/Bituminous_Leaf00032.jpg,Bituminous_Leaf,Bituminous_Leaf,Correct,0.999994
datasets/test/Felt_Leaf/Felt_Leaf00354.jpg,Felt_Leaf,Felt_Leaf,Correct,0.994056
datasets/test/Leaf_Blight/Leaf_Blight00508.jpg,Leaf_Blight,Leaf_Blight,Correct,0.999468
datasets/train/Leaf_Blight/Leaf_Blight00168.jpg,Leaf_Blight,Leaf_Blight,Correct,0.992636
datasets/test/Bituminous_Leaf/Bituminous_Leaf00001.jpg,Bituminous_Leaf,Bituminous_Leaf,Correct,0.889205
datasets/train/Fungal_Leaf_Spot/Fungal_Leaf_Spot00248.jpg,Fungal_Leaf_Spot,Fungal_Leaf_Spot,Correct,0.989379
datasets/test/Leaf_Gall/Leaf_Gall00246.jpg,Leaf_Gall,Leaf_Gall,Correct,0.999767
datasets/test/Leaf_Blight/Leaf_Blight00094.jpg,Leaf_Blight,Leaf_Blight,Correct,0.996228
datasets/test/Healthy_Leaf/Healthy_Leaf00540.jpg,Healthy_Leaf,Healthy_Leaf,Correct,0.999993
datasets/train/Leaf_Gall/Leaf_Gall00585.jpg,Leaf_Gall,Leaf_Gall,Correct,0.822982
datasets/train/Fungal_Leaf_Spot/Fungal_Leaf_Spot00018.jpg,Fungal_Leaf_Spot,Fungal_Leaf_Spot,Correct,0.960513
datasets/train/Fungal_Leaf_Spot/Fungal_Leaf_Spot00543.jpg,Fungal_Leaf_Spot,Fungal_Leaf_Spot,Correct,0.999692
datasets/train/Healthy_Leaf/Healthy_Leaf00074.jpg,Healthy_Leaf,Healthy_Leaf,Correct,0.999901
datasets/test/Dry_Leaf/Dry_Leaf00245.jpg,Dry_Leaf,Dry_Leaf,Correct,0.999995
datasets/test/Dry_Leaf/Dry_Leaf00239.jpg,Dry_Leaf,Dry_Leaf,Correct,0.999999
datasets/test/Healthy_Leaf/Healthy_Leaf00093.jpg,Healthy_Leaf,Healthy_Leaf,Correct,0.999988
datasets/train/Leaf_Gall/Leaf_Gall00093.jpg,Leaf_Gall,Leaf_Gall,Correct,0.999953
datasets/test/Healthy_Leaf/Healthy_Leaf00569.jpg,Healthy_Leaf,Healthy_Leaf,Correct,0.999830
datasets/test/Felt_Leaf/Felt_Leaf00022.jpg,Felt_Leaf,Felt_Leaf,Correct,0.999562
datasets/test/Fungal_Leaf_Spot/Fungal_Leaf_Spot00020.jpg,Fungal_Leaf_Spot,Fungal_Leaf_Spot,Correct,0.969435
datasets/test/Anthrax_Leaf/Anthrax_Leaf00048.jpg,Anthrax_Leaf,Anthrax_Leaf,Correct,0.999779
datasets/train/Felt_Leaf/Felt_Leaf00177.jpg,Felt_Leaf,Felt_Leaf,Correct,0.999960
datasets/train/Leaf_Blight/Leaf_Blight00185.jpg,Leaf_Blight,Leaf_Blight,Correct,0.990264
datasets/train/Felt_Leaf/Felt_Leaf00035.jpg,Felt_Leaf,Felt_Leaf,Correct,0.992192
datasets/train/Leaf_Blight/Leaf_Blight00504.jpg,Leaf_Blight,Leaf_Blight,Correct,0.999961
datasets/test/Curl_Leaf/Curl_Leaf00148.jpg,Curl_Leaf,Curl_Leaf,Correct,0.999736
datasets/test/Healthy_Leaf/Healthy_Leaf00001.jpg,Healthy_Leaf,Healthy_Leaf,Correct,0.999999
datasets/train/Dry_Leaf/Dry_Leaf00115.jpg,Dry_Leaf,Dry_Leaf,Correct,0.995493
datasets/test/Leaf_Gall/Leaf_Gall00059.jpg,Leaf_Gall,Leaf_Gall,Correct,0.999941
datasets/test/Fungal_Leaf_Spot/Fungal_Leaf_Spot00183.jpg,Fungal_Leaf_Spot,Fungal_Leaf_Spot,Correct,0.999999
datasets/test/Anthrax_Leaf/Anthrax_Leaf00045.jpg,Anthrax_Leaf,Anthrax_Leaf,Correct,0.999978
datasets/test/Deficiency_Leaf/Deficiency_Leaf00088.jpg,Deficiency_Leaf,Deficiency_Leaf,Correct,0.994986
datasets/test/Dry_Leaf/Dry_Leaf00341.jpg,Dry_Leaf,Dry_Leaf,Correct,0.999996
datasets/test/Fungal_Leaf_Spot/Fungal_Leaf_Spot00159.jpg,Fungal_Leaf_Spot,Fungal_Leaf_Spot,Correct,0.999994
datasets/test/Felt_Leaf/Felt_Leaf00379.jpg,Felt_Leaf,Felt_Leaf,Correct,0.999948
datasets/train/Deficiency_Leaf/Deficiency_Leaf00035.jpg,Deficiency_Leaf,Deficiency_Leaf,Correct,0.998249
datasets/train/Felt_Leaf/Felt_Leaf00285.jpg,Felt_Leaf,Felt_Leaf,Correct,0.999970
datasets/train/Leaf_Blight/Leaf_Blight00243.jpg,Leaf_Blight,Leaf_Blight,Correct,0.999896
datasets/train/Fungal_Leaf_Spot/Fungal_Leaf_Spot00434.jpg,Fungal_Leaf_Spot,Fungal_Leaf_Spot,Correct,0.999999
datasets/test/Fungal_Leaf_Spot/Fungal_Leaf_Spot00123.jpg,Fungal_Leaf_Spot,Fungal_Leaf_Spot,Correct,0.970921
datasets/test/Leaf_Gall/Leaf_Gall00521.jpg,Leaf_Gall,Leaf_Gall,Correct,0.998040
datasets/test/Fungal_Leaf_Spot/Fungal_Leaf_Spot00244.jpg,Fungal_Leaf_Spot,Fungal_Leaf_Spot,Correct,0.945208
datasets/train/Healthy_Leaf/Healthy_Leaf00462.jpg,Healthy_Leaf,Healthy_Leaf,Correct,0.999789
datasets/train/Healthy_Leaf/Healthy_Leaf00099.jpg,Healthy_Leaf,Healthy_Leaf,Correct,0.999992
datasets/test/Leaf_Blight/Leaf_Blight00555.jpg,Leaf_Blight,Leaf_Blight,Correct,0.999982
datasets/test/Felt_Leaf/Felt_Leaf00290.jpg,Felt_Leaf,Felt_Leaf,Correct,0.999942
datasets/test/Healthy_Leaf/Healthy_Leaf00400.jpg,Healthy_Leaf,Healthy_Leaf,Correct,0.999969
datasets/test/Fungal_Leaf_Spot/Fungal_Leaf_Spot00479.jpg,Fungal_Leaf_Spot,Fungal_Leaf_Spot,Correct,0.999306
datasets/test/Dry_Leaf/Dry_Leaf00288.jpg,Dry_Leaf,Dry_Leaf,Correct,0.999999
datasets/test/Healthy_Leaf/Healthy_Leaf00535.jpg,Healthy_Leaf,Healthy_Leaf,Correct,0.999723
datasets/train/Fungal_Leaf_Spot/Fungal_Leaf_Spot00147.jpg,Fungal_Leaf_Spot,Fungal_Leaf_Spot,Correct,0.999767
datasets/test/Leaf_Blight/Leaf_Blight00462.jpg,Leaf_Blight,Leaf_Blight,Correct,0.992056
datasets/test/Leaf_Gall/Leaf_Gall00365.jpg,Leaf_Gall,Leaf_Gall,Correct,0.998007
datasets/test/Healthy_Leaf/Healthy_Leaf00320.jpg,Healthy_Leaf,Healthy_Leaf,Correct,0.999993
datasets/test/Anthrax_Leaf/Anthrax_Leaf00007.jpg,Anthrax_Leaf,Anthrax_Leaf,Correct,0.990154
datasets/test/Healthy_Leaf/Healthy_Leaf00057.jpg,Healthy_Leaf,Healthy_Leaf,Correct,0.999996
datasets/train/Dry_Leaf/Dry_Leaf00365.jpg,Dry_Leaf,Dry_Leaf,Correct,0.999991
datasets/test/Dry_Leaf/Dry_Leaf00306.jpg,Dry_Leaf,Dry_Leaf,Correct,0.999999
datasets/test/Anthrax_Leaf/Anthrax_Leaf00027.jpg,Anthrax_Leaf,Anthrax_Leaf,Correct,0.998954
datasets/test/Healthy_Leaf/Healthy_Leaf00364.jpg,Healthy_Leaf,Healthy_Leaf,Correct,0.998751
datasets/test/Fungal_Leaf_Spot/Fungal_Leaf_Spot00241.jpg,Fungal_Leaf_Spot,Fungal_Leaf_Spot,Correct,0.948179
datasets/test/Fungal_Leaf_Spot/Fungal_Leaf_Spot00427.jpg,Fungal_Leaf_Spot,Fungal_Leaf_Spot,Correct,0.998944
datasets/train/Leaf_Blight/Leaf_Blight00252.jpg,Leaf_Blight,Leaf_Blight,Correct,0.999918
datasets/train/Leaf_Blight/Leaf_Blight00072.jpg,Leaf_Blight,Leaf_Blight,Correct,0.999766
datasets/train/Dry_Leaf/Dry_Leaf00313.jpg,Dry_Leaf,Dry_Leaf,Correct,0.999996
datasets/train/Healthy_Leaf/Healthy_Leaf00139.jpg,Healthy_Leaf,Healthy_Leaf,Correct,0.999961
datasets/train/Fungal_Leaf_Spot/Fungal_Leaf_Spot00514.jpg,Fungal_Leaf_Spot,Fungal_Leaf_Spot,Correct,0.999892
datasets/test/Curl_Leaf/Curl_Leaf00113.jpg,Curl_Leaf,Curl_Leaf,Correct,0.999994
datasets/test/Leaf_Gall/Leaf_Gall00041.jpg,Leaf_Gall,Fungal_Leaf_Spot,Incorrect,0.754627
datasets/train/Fungal_Leaf_Spot/Fungal_Leaf_Spot00257.jpg,Fungal_Leaf_Spot,Fungal_Leaf_Spot,Correct,0.999986
datasets/test/Fungal_Leaf_Spot/Fungal_Leaf_Spot00523.jpg,Fungal_Leaf_Spot,Fungal_Leaf_Spot,Correct,0.999495
datasets/test/Fungal_Leaf_Spot/Fungal_Leaf_Spot00223.jpg,Fungal_Leaf_Spot,Fungal_Leaf_Spot,Correct,0.999996
datasets/test/Curl_Leaf/Curl_Leaf00139.jpg,Curl_Leaf,Curl_Leaf,Correct,0.999998
datasets/train/Dry_Leaf/Dry_Leaf00137.jpg,Dry_Leaf,Dry_Leaf,Correct,0.999946
datasets/test/Healthy_Leaf/Healthy_Leaf00393.jpg,Healthy_Leaf,Healthy_Leaf,Correct,0.999210
datasets/test/Bituminous_Leaf/Bituminous_Leaf00088.jpg,Bituminous_Leaf,Bituminous_Leaf,Correct,0.986593
datasets/test/Dry_Leaf/Dry_Leaf00361.jpg,Dry_Leaf,Dry_Leaf,Correct,0.997814
datasets/train/Fungal_Leaf_Spot/Fungal_Leaf_Spot00414.jpg,Fungal_Leaf_Spot,Fungal_Leaf_Spot,Correct,0.999966
datasets/test/Healthy_Leaf/Healthy_Leaf00177.jpg,Healthy_Leaf,Healthy_Leaf,Correct,0.999927
datasets/test/Leaf_Blight/Leaf_Blight00151.jpg,Leaf_Blight,Leaf_Blight,Correct,0.999974
datasets/test/Healthy_Leaf/Healthy_Leaf00485.jpg,Healthy_Leaf,Healthy_Leaf,Correct,0.999916
datasets/test/Leaf_Gall/Leaf_Gall00293.jpg,Leaf_Gall,Leaf_Gall,Correct,0.999913
datasets/test/Healthy_Leaf/Healthy_Leaf00440.jpg,Healthy_Leaf,Healthy_Leaf,Correct,0.999987
datasets/train/Dry_Leaf/Dry_Leaf00017.jpg,Dry_Leaf,Dry_Leaf,Correct,0.999861
datasets/test/Fungal_Leaf_Spot/Fungal_Leaf_Spot00045.jpg,Fungal_Leaf_Spot,Fungal_Leaf_Spot,Correct,0.999999
datasets/train/Anthrax_Leaf/Anthrax_Leaf00116.jpg,Anthrax_Leaf,Anthrax_Leaf,Correct,0.999994
datasets/test/Leaf_Gall/Leaf_Gall00609.jpg,Leaf_Gall,Leaf_Gall,Correct,0.999805
datasets/test/Dry_Leaf/Dry_Leaf00332.jpg,Dry_Leaf,Dry_Leaf,Correct,0.999994
datasets/train/Leaf_Blight/Leaf_Blight00492.jpg,Leaf_Blight,Leaf_Blight,Correct,0.999695
datasets/test/Leaf_Blight/Leaf_Blight00082.jpg,Leaf_Blight,Leaf_Blight,Correct,0.996878
datasets/test/Anthrax_Leaf/Anthrax_Leaf00011.jpg,Anthrax_Leaf,Anthrax_Leaf,Correct,0.938630
datasets/test/Curl_Leaf/Curl_Leaf00142.jpg,Curl_Leaf,Deficiency_Leaf,Incorrect,0.580189
datasets/test/Fungal_Leaf_Spot/Fungal_Leaf_Spot00268.jpg,Fungal_Leaf_Spot,Fungal_Leaf_Spot,Correct,0.999476
datasets/test/Leaf_Blight/Leaf_Blight00495.jpg,Leaf_Blight,Leaf_Blight,Correct,0.999940
datasets/test/Healthy_Leaf/Healthy_Leaf00188.jpg,Healthy_Leaf,Healthy_Leaf,Correct,0.999974
datasets/test/Leaf_Gall/Leaf_Gall00562.jpg,Leaf_Gall,Leaf_Gall,Correct,0.999974
datasets/test/Healthy_Leaf/Healthy_Leaf00622.jpg,Healthy_Leaf,Healthy_Leaf,Correct,0.999913
datasets/test/Curl_Leaf/Curl_Leaf00136.jpg,Curl_Leaf,Curl_Leaf,Correct,0.999839
datasets/test/Healthy_Leaf/Healthy_Leaf00021.jpg,Healthy_Leaf,Healthy_Leaf,Correct,0.999949
datasets/train/Leaf_Blight/Leaf_Blight00219.jpg,Leaf_Blight,Leaf_Blight,Correct,0.999998
datasets/test/Dry_Leaf/Dry_Leaf00167.jpg,Dry_Leaf,Dry_Leaf,Correct,0.995999
datasets/train/Healthy_Leaf/Healthy_Leaf00494.jpg,Healthy_Leaf,Healthy_Leaf,Correct,0.999986
datasets/test/Leaf_Gall/Leaf_Gall00123.jpg,Leaf_Gall,Leaf_Gall,Correct,0.998343
datasets/train/Leaf_Gall/Leaf_Gall00262.jpg,Leaf_Gall,Leaf_Gall,Correct,0.966441
datasets/train/Felt_Leaf/Felt_Leaf00254.jpg,Felt_Leaf,Felt_Leaf,Correct,0.879853
datasets/train/Fungal_Leaf_Spot/Fungal_Leaf_Spot00057.jpg,Fungal_Leaf_Spot,Fungal_Leaf_Spot,Correct,0.999987
datasets/test/Fungal_Leaf_Spot/Fungal_Leaf_Spot00051.jpg,Fungal_Leaf_Spot,Fungal_Leaf_Spot,Correct,0.999996
datasets/test/Bituminous_Leaf/Bituminous_Leaf00128.jpg,Bituminous_Leaf,Bituminous_Leaf,Correct,0.999990
datasets/test/Leaf_Gall/Leaf_Gall00267.jpg,Leaf_Gall,Leaf_Gall,Correct,0.997986
datasets/test/Leaf_Blight/Leaf_Blight00269.jpg,Leaf_Blight,Leaf_Blight,Correct,0.999977
datasets/train/Leaf_Gall/Leaf_Gall00066.jpg,Leaf_Gall,Leaf_Gall,Correct,0.999823
datasets/test/Curl_Leaf/Curl_Leaf00168.jpg,Curl_Leaf,Curl_Leaf,Correct,0.999994
datasets/test/Bituminous_Leaf/Bituminous_Leaf00063.jpg,Bituminous_Leaf,Bituminous_Leaf,Correct,0.999989
datasets/test/Healthy_Leaf/Healthy_Leaf00120.jpg,Healthy_Leaf,Healthy_Leaf,Correct,0.999978
datasets/test/Leaf_Blight/Leaf_Blight00064.jpg,Leaf_Blight,Leaf_Blight,Correct,0.996715
datasets/test/Deficiency_Leaf/Deficiency_Leaf00076.jpg,Deficiency_Leaf,Deficiency_Leaf,Correct,0.991823
datasets/train/Leaf_Gall/Leaf_Gall00315.jpg,Leaf_Gall,Leaf_Gall,Correct,0.999899
datasets/train/Anthrax_Leaf/Anthrax_Leaf00146.jpg,Anthrax_Leaf,Anthrax_Leaf,Correct,0.999990
datasets/test/Deficiency_Leaf/Deficiency_Leaf00117.jpg,Deficiency_Leaf,Deficiency_Leaf,Correct,0.998974
datasets/train/Healthy_Leaf/Healthy_Leaf00280.jpg,Healthy_Leaf,Healthy_Leaf,Correct,0.999724
datasets/test/Healthy_Leaf/Healthy_Leaf00294.jpg,Healthy_Leaf,Healthy_Leaf,Correct,0.999934
datasets/train/Dry_Leaf/Dry_Leaf00015.jpg,Dry_Leaf,Dry_Leaf,Correct,0.999990
datasets/test/Leaf_Blight/Leaf_Blight00276.jpg,Leaf_Blight,Leaf_Blight,Correct,0.999898
datasets/test/Leaf_Gall/Leaf_Gall00091.jpg,Leaf_Gall,Leaf_Gall,Correct,0.999999
datasets/test/Leaf_Gall/Leaf_Gall00558.jpg,Leaf_Gall,Leaf_Gall,Correct,0.999356
datasets/test/Anthrax_Leaf/Anthrax_Leaf00054.jpg,Anthrax_Leaf,Anthrax_Leaf,Correct,0.999978
datasets/test/Leaf_Blight/Leaf_Blight00469.jpg,Leaf_Blight,Leaf_Blight,Correct,0.999980
datasets/test/Healthy_Leaf/Healthy_Leaf00367.jpg,Healthy_Leaf,Healthy_Leaf,Correct,0.999059
datasets/train/Deficiency_Leaf/Deficiency_Leaf00015.jpg,Deficiency_Leaf,Deficiency_Leaf,Correct,0.944484
datasets/test/Felt_Leaf/Felt_Leaf00214.jpg,Felt_Leaf,Felt_Leaf,Correct,0.999858
datasets/test/Deficiency_Leaf/Deficiency_Leaf00116.jpg,Deficiency_Leaf,Deficiency_Leaf,Correct,0.999961
datasets/train/Healthy_Leaf/Healthy_Leaf00619.jpg,Healthy_Leaf,Healthy_Leaf,Correct,0.999987
datasets/train/Healthy_Leaf/Healthy_Leaf00236.jpg,Healthy_Leaf,Healthy_Leaf,Correct,0.999886
datasets/test/Leaf_Blight/Leaf_Blight00403.jpg,Leaf_Blight,Leaf_Blight,Correct,0.999977
datasets/test/Dry_Leaf/Dry_Leaf00254.jpg,Dry_Leaf,Dry_Leaf,Correct,0.999990
datasets/test/Leaf_Gall/Leaf_Gall00424.jpg,Leaf_Gall,Leaf_Gall,Correct,0.998775
datasets/test/Leaf_Blight/Leaf_Blight00270.jpg,Leaf_Blight,Leaf_Blight,Correct,0.999940
datasets/test/Healthy_Leaf/Healthy_Leaf00313.jpg,Healthy_Leaf,Healthy_Leaf,Correct,0.999952
datasets/test/Healthy_Leaf/Healthy_Leaf00497.jpg,Healthy_Leaf,Healthy_Leaf,Correct,1.000000
datasets/test/Deficiency_Leaf/Deficiency_Leaf00032.jpg,Deficiency_Leaf,Deficiency_Leaf,Correct,0.999991
datasets/test/Dry_Leaf/Dry_Leaf00271.jpg,Dry_Leaf,Dry_Leaf,Correct,0.999992
datasets/test/Leaf_Blight/Leaf_Blight00563.jpg,Leaf_Blight,Leaf_Blight,Correct,0.999216
datasets/test/Leaf_Gall/Leaf_Gall00260.jpg,Leaf_Gall,Leaf_Gall,Correct,0.999897
datasets/train/Healthy_Leaf/Healthy_Leaf00198.jpg,Healthy_Leaf,Healthy_Leaf,Correct,0.999874
datasets/test/Leaf_Gall/Leaf_Gall00359.jpg,Leaf_Gall,Leaf_Blight,Incorrect,0.680512
datasets/test/Dry_Leaf/Dry_Leaf00212.jpg,Dry_Leaf,Dry_Leaf,Correct,0.999937
datasets/test/Leaf_Gall/Leaf_Gall00518.jpg,Leaf_Gall,Leaf_Gall,Correct,0.996057
datasets/train/Anthrax_Leaf/Anthrax_Leaf00021.jpg,Anthrax_Leaf,Anthrax_Leaf,Correct,0.998747
datasets/test/Fungal_Leaf_Spot/Fungal_Leaf_Spot00279.jpg,Fungal_Leaf_Spot,Fungal_Leaf_Spot,Correct,0.999723
datasets/test/Leaf_Blight/Leaf_Blight00104.jpg,Leaf_Blight,Leaf_Gall,Incorrect,0.675784
datasets/train/Bituminous_Leaf/Bituminous_Leaf00125.jpg,Bituminous_Leaf,Bituminous_Leaf,Correct,0.999999
datasets/test/Felt_Leaf/Felt_Leaf00074.jpg,Felt_Leaf,Felt_Leaf,Correct,0.999573
datasets/train/Healthy_Leaf/Healthy_Leaf00240.jpg,Healthy_Leaf,Healthy_Leaf,Correct,0.999581
datasets/train/Bituminous_Leaf/Bituminous_Leaf00033.jpg,Bituminous_Leaf,Bituminous_Leaf,Correct,0.998270
datasets/test/Deficiency_Leaf/Deficiency_Leaf00099.jpg,Deficiency_Leaf,Deficiency_Leaf,Correct,0.683989
datasets/test/Healthy_Leaf/Healthy_Leaf00059.jpg,Healthy_Leaf,Healthy_Leaf,Correct,0.999995
datasets/test/Fungal_Leaf_Spot/Fungal_Leaf_Spot00366.jpg,Fungal_Leaf_Spot,Fungal_Leaf_Spot,Correct,1.000000
datasets/test/Leaf_Gall/Leaf_Gall00184.jpg,Leaf_Gall,Leaf_Gall,Correct,0.994821
datasets/test/Anthrax_Leaf/Anthrax_Leaf00074.jpg,Anthrax_Leaf,Anthrax_Leaf,Correct,0.999864
datasets/train/Fungal_Leaf_Spot/Fungal_Leaf_Spot00175.jpg,Fungal_Leaf_Spot,Fungal_Leaf_Spot,Correct,0.999996
datasets/test/Healthy_Leaf/Healthy_Leaf00255.jpg,Healthy_Leaf,Healthy_Leaf,Correct,0.999969
datasets/train/Leaf_Blight/Leaf_Blight00443.jpg,Leaf_Blight,Leaf_Blight,Correct,0.999606
datasets/test/Leaf_Blight/Leaf_Blight00321.jpg,Leaf_Blight,Leaf_Blight,Correct,0.999632
datasets/test/Fungal_Leaf_Spot/Fungal_Leaf_Spot00265.jpg,Fungal_Leaf_Spot,Fungal_Leaf_Spot,Correct,0.999498
datasets/test/Dry_Leaf/Dry_Leaf00036.jpg,Dry_Leaf,Dry_Leaf,Correct,0.999735
datasets/test/Healthy_Leaf/Healthy_Leaf00613.jpg,Healthy_Leaf,Healthy_Leaf,Correct,0.999841
datasets/train/Anthrax_Leaf/Anthrax_Leaf00056.jpg,Anthrax_Leaf,Anthrax_Leaf,Correct,0.999983
datasets/test/Dry_Leaf/Dry_Leaf00114.jpg,Dry_Leaf,Dry_Leaf,Correct,0.999980
datasets/train/Leaf_Gall/Leaf_Gall00548.jpg,Leaf_Gall,Leaf_Gall,Correct,0.999085
datasets/test/Leaf_Gall/Leaf_Gall00273.jpg,Leaf_Gall,Leaf_Gall,Correct,0.999928
datasets/test/Healthy_Leaf/Healthy_Leaf00180.jpg,Healthy_Leaf,Healthy_Leaf,Correct,0.999907
datasets/test/Felt_Leaf/Felt_Leaf00250.jpg,Felt_Leaf,Felt_Leaf,Correct,0.941075
datasets/test/Leaf_Blight/Leaf_Blight00102.jpg,Leaf_Blight,Leaf_Blight,Correct,0.883856
datasets/train/Curl_Leaf/Curl_Leaf00062.jpg,Curl_Leaf,Curl_Leaf,Correct,1.000000
datasets/test/Healthy_Leaf/Healthy_Leaf00087.jpg,Healthy_Leaf,Healthy_Leaf,Correct,0.999998
datasets/test/Healthy_Leaf/Healthy_Leaf00035.jpg,Healthy_Leaf,Healthy_Leaf,Correct,0.999967
datasets/test/Leaf_Blight/Leaf_Blight00052.jpg,Leaf_Blight,Leaf_Blight,Correct,0.674547
datasets/test/Fungal_Leaf_Spot/Fungal_Leaf_Spot00053.jpg,Fungal_Leaf_Spot,Fungal_Leaf_Spot,Correct,1.000000
datasets/test/Anthrax_Leaf/Anthrax_Leaf00125.jpg,Anthrax_Leaf,Anthrax_Leaf,Correct,0.999974
datasets/test/Leaf_Blight/Leaf_Blight00582.jpg,Leaf_Blight,Leaf_Blight,Correct,0.999149
datasets/train/Leaf_Gall/Leaf_Gall00587.jpg,Leaf_Gall,Leaf_Gall,Correct,0.997849
datasets/train/Felt_Leaf/Felt_Leaf00361.jpg,Felt_Leaf,Felt_Leaf,Correct,0.999976
datasets/test/Fungal_Leaf_Spot/Fungal_Leaf_Spot00284.jpg,Fungal_Leaf_Spot,Fungal_Leaf_Spot,Correct,0.999519
datasets/test/Felt_Leaf/Felt_Leaf00353.jpg,Felt_Leaf,Felt_Leaf,Correct,0.975109
datasets/train/Fungal_Leaf_Spot/Fungal_Leaf_Spot00340.jpg,Fungal_Leaf_Spot,Fungal_Leaf_Spot,Correct,0.999944
datasets/train/Dry_Leaf/Dry_Leaf00065.jpg,Dry_Leaf,Dry_Leaf,Correct,0.999876
datasets/train/Leaf_Blight/Leaf_Blight00460.jpg,Leaf_Blight,Leaf_Blight,Correct,0.998718
datasets/test/Leaf_Gall/Leaf_Gall00226.jpg,Leaf_Gall,Leaf_Gall,Correct,0.999879
datasets/train/Leaf_Gall/Leaf_Gall00144.jpg,Leaf_Gall,Leaf_Gall,Correct,1.000000
datasets/test/Felt_Leaf/Felt_Leaf00048.jpg,Felt_Leaf,Felt_Leaf,Correct,0.999973
datasets/test/Deficiency_Leaf/Deficiency_Leaf00016.jpg,Deficiency_Leaf,Deficiency_Leaf,Correct,0.999719
datasets/train/Felt_Leaf/Felt_Leaf00300.jpg,Felt_Leaf,Felt_Leaf,Correct,0.999936
datasets/train/Fungal_Leaf_Spot/Fungal_Leaf_Spot00561.jpg,Fungal_Leaf_Spot,Fungal_Leaf_Spot,Correct,0.981710
datasets/train/Deficiency_Leaf/Deficiency_Leaf00053.jpg,Deficiency_Leaf,Deficiency_Leaf,Correct,0.996855
datasets/test/Leaf_Blight/Leaf_Blight00499.jpg,Leaf_Blight,Leaf_Blight,Correct,0.999932
datasets/test/Dry_Leaf/Dry_Leaf00051.jpg,Dry_Leaf,Dry_Leaf,Correct,0.999116
datasets/train/Felt_Leaf/Felt_Leaf00047.jpg,Felt_Leaf,Felt_Leaf,Correct,0.999989
datasets/train/Healthy_Leaf/Healthy_Leaf00303.jpg,Healthy_Leaf,Healthy_Leaf,Correct,0.999859
datasets/test/Leaf_Blight/Leaf_Blight00564.jpg,Leaf_Blight,Leaf_Blight,Correct,0.999842
datasets/test/Curl_Leaf/Curl_Leaf00129.jpg,Curl_Leaf,Curl_Leaf,Correct,0.999992
datasets/test/Leaf_Gall/Leaf_Gall00219.jpg,Leaf_Gall,Leaf_Gall,Correct,0.999997
datasets/test/Leaf_Gall/Leaf_Gall00392.jpg,Leaf_Gall,Leaf_Gall,Correct,0.999811
datasets/test/Felt_Leaf/Felt_Leaf00306.jpg,Felt_Leaf,Felt_Leaf,Correct,0.999905
datasets/train/Felt_Leaf/Felt_Leaf00142.jpg,Felt_Leaf,Felt_Leaf,Correct,0.999995
datasets/test/Healthy_Leaf/Healthy_Leaf00545.jpg,Healthy_Leaf,Healthy_Leaf,Correct,0.999975
datasets/train/Leaf_Blight/Leaf_Blight00036.jpg,Leaf_Blight,Leaf_Blight,Correct,0.999995
datasets/test/Leaf_Gall/Leaf_Gall00471.jpg,Leaf_Gall,Leaf_Gall,Correct,0.999800
datasets/train/Leaf_Gall/Leaf_Gall00336.jpg,Leaf_Gall,Leaf_Gall,Correct,0.977284
datasets/test/Healthy_Leaf/Healthy_Leaf00460.jpg,Healthy_Leaf,Healthy_Leaf,Correct,0.999998
datasets/test/Healthy_Leaf/Healthy_Leaf00291.jpg,Healthy_Leaf,Healthy_Leaf,Correct,0.999981
datasets/train/Bituminous_Leaf/Bituminous_Leaf00106.jpg,Bituminous_Leaf,Bituminous_Leaf,Correct,0.987690
datasets/test/Dry_Leaf/Dry_Leaf00107.jpg,Dry_Leaf,Dry_Leaf,Correct,0.999238
datasets/train/Leaf_Blight/Leaf_Blight00404.jpg,Leaf_Blight,Leaf_Blight,Correct,0.999282
datasets/test/Fungal_Leaf_Spot/Fungal_Leaf_Spot00357.jpg,Fungal_Leaf_Spot,Fungal_Leaf_Spot,Correct,0.999957
datasets/test/Healthy_Leaf/Healthy_Leaf00121.jpg,Healthy_Leaf,Healthy_Leaf,Correct,0.999991
datasets/test/Dry_Leaf/Dry_Leaf00122.jpg,Dry_Leaf,Dry_Leaf,Correct,0.999992
datasets/test/Felt_Leaf/Felt_Leaf00017.jpg,Felt_Leaf,Felt_Leaf,Correct,0.999406
datasets/test/Leaf_Blight/Leaf_Blight00272.jpg,Leaf_Blight,Leaf_Blight,Correct,0.999667
datasets/test/Felt_Leaf/Felt_Leaf00129.jpg,Felt_Leaf,Felt_Leaf,Correct,0.999994
datasets/train/Healthy_Leaf/Healthy_Leaf00037.jpg,Healthy_Leaf,Healthy_Leaf,Correct,0.999942
datasets/train/Leaf_Gall/Leaf_Gall00060.jpg,Leaf_Gall,Leaf_Gall,Correct,0.998406
datasets/test/Dry_Leaf/Dry_Leaf00179.jpg,Dry_Leaf,Dry_Leaf,Correct,0.999989
datasets/test/Felt_Leaf/Felt_Leaf00380.jpg,Felt_Leaf,Felt_Leaf,Correct,0.999992
datasets/train/Healthy_Leaf/Healthy_Leaf00396.jpg,Healthy_Leaf,Healthy_Leaf,Correct,0.999984
datasets/train/Leaf_Blight/Leaf_Blight00428.jpg,Leaf_Blight,Leaf_Blight,Correct,0.999952
datasets/test/Leaf_Gall/Leaf_Gall00099.jpg,Leaf_Gall,Leaf_Gall,Correct,0.999990
datasets/test/Leaf_Blight/Leaf_Blight00361.jpg,Leaf_Blight,Leaf_Blight,Correct,0.999996
datasets/test/Bituminous_Leaf/Bituminous_Leaf00017.jpg,Bituminous_Leaf,Bituminous_Leaf,Correct,0.999989
datasets/train/Felt_Leaf/Felt_Leaf00181.jpg,Felt_Leaf,Felt_Leaf,Correct,0.999975
datasets/test/Dry_Leaf/Dry_Leaf00132.jpg,Dry_Leaf,Dry_Leaf,Correct,0.999990
datasets/test/Leaf_Gall/Leaf_Gall00483.jpg,Leaf_Gall,Leaf_Gall,Correct,0.999977
datasets/test/Fungal_Leaf_Spot/Fungal_Leaf_Spot00087.jpg,Fungal_Leaf_Spot,Fungal_Leaf_Spot,Correct,0.997169
datasets/train/Dry_Leaf/Dry_Leaf00309.jpg,Dry_Leaf,Dry_Leaf,Correct,0.999999
datasets/train/Dry_Leaf/Dry_Leaf00113.jpg,Dry_Leaf,Dry_Leaf,Correct,0.999978
datasets/train/Healthy_Leaf/Healthy_Leaf00027.jpg,Healthy_Leaf,Healthy_Leaf,Correct,0.999996
datasets/train/Leaf_Gall/Leaf_Gall00245.jpg,Leaf_Gall,Leaf_Gall,Correct,0.998779
datasets/train/Leaf_Gall/Leaf_Gall00214.jpg,Leaf_Gall,Leaf_Gall,Correct,0.999877
datasets/test/Leaf_Gall/Leaf_Gall00334.jpg,Leaf_Gall,Leaf_Gall,Correct,0.994893
datasets/test/Leaf_Gall/Leaf_Gall00541.jpg,Leaf_Gall,Leaf_Gall,Correct,0.916456
datasets/train/Healthy_Leaf/Healthy_Leaf00377.jpg,Healthy_Leaf,Healthy_Leaf,Correct,0.999663
datasets/train/Anthrax_Leaf/Anthrax_Leaf00136.jpg,Anthrax_Leaf,Anthrax_Leaf,Correct,0.999995
datasets/train/Leaf_Blight/Leaf_Blight00454.jpg,Leaf_Blight,Leaf_Blight,Correct,0.999970
datasets/test/Healthy_Leaf/Healthy_Leaf00187.jpg,Healthy_Leaf,Healthy_Leaf,Correct,0.999960
datasets/test/Curl_Leaf/Curl_Leaf00064.jpg,Curl_Leaf,Curl_Leaf,Correct,0.999999
datasets/test/Leaf_Blight/Leaf_Blight00318.jpg,Leaf_Blight,Leaf_Blight,Correct,0.999455
datasets/train/Leaf_Blight/Leaf_Blight00138.jpg,Leaf_Blight,Leaf_Blight,Correct,0.997771
datasets/test/Leaf_Blight/Leaf_Blight00137.jpg,Leaf_Blight,Leaf_Blight,Correct,0.950170
datasets/test/Leaf_Blight/Leaf_Blight00519.jpg,Leaf_Blight,Leaf_Blight,Correct,0.998015
datasets/test/Dry_Leaf/Dry_Leaf00347.jpg,Dry_Leaf,Dry_Leaf,Correct,0.999986
datasets/test/Leaf_Blight/Leaf_Blight00154.jpg,Leaf_Blight,Leaf_Blight,Correct,0.997742
datasets/test/Healthy_Leaf/Healthy_Leaf00175.jpg,Healthy_Leaf,Healthy_Leaf,Correct,0.999997
datasets/test/Leaf_Gall/Leaf_Gall00333.jpg,Leaf_Gall,Leaf_Gall,Correct,0.993016
datasets/test/Leaf_Gall/Leaf_Gall00500.jpg,Leaf_Gall,Leaf_Gall,Correct,0.998368
datasets/test/Leaf_Gall/Leaf_Gall00353.jpg,Leaf_Gall,Leaf_Gall,Correct,0.967318
datasets/train/Leaf_Blight/Leaf_Blight00215.jpg,Leaf_Blight,Leaf_Blight,Correct,0.998728
datasets/test/Felt_Leaf/Felt_Leaf00083.jpg,Felt_Leaf,Felt_Leaf,Correct,0.999332
datasets/train/Leaf_Gall/Leaf_Gall00110.jpg,Leaf_Gall,Leaf_Gall,Correct,0.999960
datasets/test/Curl_Leaf/Curl_Leaf00011.jpg,Curl_Leaf,Curl_Leaf,Correct,1.000000
datasets/test/Healthy_Leaf/Healthy_Leaf00605.jpg,Healthy_Leaf,Healthy_Leaf,Correct,0.999954
datasets/test/Healthy_Leaf/Healthy_Leaf00117.jpg,Healthy_Leaf,Healthy_Leaf,Correct,0.999980
datasets/test/Leaf_Blight/Leaf_Blight00033.jpg,Leaf_Blight,Leaf_Blight,Correct,0.999925
datasets/train/Dry_Leaf/Dry_Leaf00262.jpg,Dry_Leaf,Dry_Leaf,Correct,0.999940
datasets/train/Leaf_Blight/Leaf_Blight00273.jpg,Leaf_Blight,Leaf_Blight,Correct,0.999404
datasets/train/Healthy_Leaf/Healthy_Leaf00132.jpg,Healthy_Leaf,Healthy_Leaf,Correct,0.999998
datasets/train/Leaf_Blight/Leaf_Blight00568.jpg,Leaf_Blight,Leaf_Blight,Correct,0.999856
datasets/test/Leaf_Blight/Leaf_Blight00371.jpg,Leaf_Blight,Leaf_Blight,Correct,0.999969
datasets/train/Leaf_Blight/Leaf_Blight00127.jpg,Leaf_Blight,Leaf_Blight,Correct,0.999661
datasets/train/Deficiency_Leaf/Deficiency_Leaf00098.jpg,Deficiency_Leaf,Deficiency_Leaf,Correct,0.992867
datasets/test/Anthrax_Leaf/Anthrax_Leaf00002.jpg,Anthrax_Leaf,Anthrax_Leaf,Correct,0.986552
datasets/train/Leaf_Gall/Leaf_Gall00520.jpg,Leaf_Gall,Leaf_Gall,Correct,0.999055
datasets/test/Felt_Leaf/Felt_Leaf00144.jpg,Felt_Leaf,Felt_Leaf,Correct,0.999995
datasets/train/Leaf_Blight/Leaf_Blight00013.jpg,Leaf_Blight,Leaf_Blight,Correct,0.999660
datasets/train/Felt_Leaf/Felt_Leaf00033.jpg,Felt_Leaf,Felt_Leaf,Correct,0.999954
datasets/test/Anthrax_Leaf/Anthrax_Leaf00028.jpg,Anthrax_Leaf,Anthrax_Leaf,Correct,0.998779
datasets/train/Felt_Leaf/Felt_Leaf00032.jpg,Felt_Leaf,Felt_Leaf,Correct,0.999990
datasets/train/Dry_Leaf/Dry_Leaf00129.jpg,Dry_Leaf,Dry_Leaf,Correct,0.999995
datasets/test/Leaf_Blight/Leaf_Blight00096.jpg,Leaf_Blight,Leaf_Blight,Correct,0.999751
datasets/train/Leaf_Gall/Leaf_Gall00610.jpg,Leaf_Gall,Leaf_Gall,Correct,0.999656
datasets/train/Anthrax_Leaf/Anthrax_Leaf00075.jpg,Anthrax_Leaf,Anthrax_Leaf,Correct,0.999965
datasets/test/Leaf_Blight/Leaf_Blight00575.jpg,Leaf_Blight,Leaf_Blight,Correct,0.999339
datasets/test/Healthy_Leaf/Healthy_Leaf00127.jpg,Healthy_Leaf,Healthy_Leaf,Correct,0.999997
datasets/train/Healthy_Leaf/Healthy_Leaf00238.jpg,Healthy_Leaf,Healthy_Leaf,Correct,0.999692
datasets/test/Fungal_Leaf_Spot/Fungal_Leaf_Spot00221.jpg,Fungal_Leaf_Spot,Fungal_Leaf_Spot,Correct,0.999994
datasets/test/Fungal_Leaf_Spot/Fungal_Leaf_Spot00029.jpg,Fungal_Leaf_Spot,Leaf_Gall,Incorrect,0.902788
datasets/train/Leaf_Gall/Leaf_Gall00416.jpg,Leaf_Gall,Leaf_Gall,Correct,0.997167
datasets/test/Fungal_Leaf_Spot/Fungal_Leaf_Spot00505.jpg,Fungal_Leaf_Spot,Fungal_Leaf_Spot,Correct,0.999998
datasets/test/Dry_Leaf/Dry_Leaf00372.jpg,Dry_Leaf,Dry_Leaf,Correct,0.999993
datasets/train/Leaf_Gall/Leaf_Gall00345.jpg,Leaf_Gall,Leaf_Gall,Correct,0.951631
datasets/test/Leaf_Blight/Leaf_Blight00583.jpg,Leaf_Blight,Leaf_Blight,Correct,0.958942
datasets/train/Leaf_Blight/Leaf_Blight00024.jpg,Leaf_Blight,Leaf_Blight,Correct,0.999768
datasets/test/Healthy_Leaf/Healthy_Leaf00306.jpg,Healthy_Leaf,Healthy_Leaf,Correct,0.999895
datasets/test/Dry_Leaf/Dry_Leaf00191.jpg,Dry_Leaf,Dry_Leaf,Correct,0.999999
datasets/train/Felt_Leaf/Felt_Leaf00117.jpg,Felt_Leaf,Felt_Leaf,Correct,0.999895
datasets/test/Felt_Leaf/Felt_Leaf00331.jpg,Felt_Leaf,Felt_Leaf,Correct,0.999921
datasets/train/Fungal_Leaf_Spot/Fungal_Leaf_Spot00172.jpg,Fungal_Leaf_Spot,Fungal_Leaf_Spot,Correct,0.999999
datasets/train/Leaf_Blight/Leaf_Blight00366.jpg,Leaf_Blight,Leaf_Blight,Correct,0.999964
datasets/train/Leaf_Gall/Leaf_Gall00150.jpg,Leaf_Gall,Leaf_Gall,Correct,0.995323
datasets/train/Felt_Leaf/Felt_Leaf00009.jpg,Felt_Leaf,Felt_Leaf,Correct,0.999588
datasets/train/Bituminous_Leaf/Bituminous_Leaf00112.jpg,Bituminous_Leaf,Bituminous_Leaf,Correct,0.955257
datasets/train/Fungal_Leaf_Spot/Fungal_Leaf_Spot00531.jpg,Fungal_Leaf_Spot,Fungal_Leaf_Spot,Correct,0.999658
datasets/test/Dry_Leaf/Dry_Leaf00289.jpg,Dry_Leaf,Dry_Leaf,Correct,0.999992
datasets/test/Healthy_Leaf/Healthy_Leaf00333.jpg,Healthy_Leaf,Healthy_Leaf,Correct,0.999955
datasets/test/Dry_Leaf/Dry_Leaf00116.jpg,Dry_Leaf,Dry_Leaf,Correct,0.999947
datasets/test/Fungal_Leaf_Spot/Fungal_Leaf_Spot00495.jpg,Fungal_Leaf_Spot,Fungal_Leaf_Spot,Correct,0.999999
datasets/train/Healthy_Leaf/Healthy_Leaf00033.jpg,Healthy_Leaf,Healthy_Leaf,Correct,0.999994
datasets/train/Leaf_Blight/Leaf_Blight00240.jpg,Leaf_Blight,Leaf_Blight,Correct,0.999301
datasets/train/Anthrax_Leaf/Anthrax_Leaf00026.jpg,Anthrax_Leaf,Anthrax_Leaf,Correct,0.998892
datasets/test/Deficiency_Leaf/Deficiency_Leaf00111.jpg,Deficiency_Leaf,Bituminous_Leaf,Incorrect,0.981442
datasets/train/Fungal_Leaf_Spot/Fungal_Leaf_Spot00071.jpg,Fungal_Leaf_Spot,Fungal_Leaf_Spot,Correct,0.999988
datasets/test/Fungal_Leaf_Spot/Fungal_Leaf_Spot00439.jpg,Fungal_Leaf_Spot,Fungal_Leaf_Spot,Correct,0.999951
datasets/test/Fungal_Leaf_Spot/Fungal_Leaf_Spot00252.jpg,Fungal_Leaf_Spot,Fungal_Leaf_Spot,Correct,0.979038
datasets/test/Dry_Leaf/Dry_Leaf00243.jpg,Dry_Leaf,Dry_Leaf,Correct,1.000000
datasets/test/Curl_Leaf/Curl_Leaf00180.jpg,Curl_Leaf,Curl_Leaf,Correct,0.958327
datasets/train/Fungal_Leaf_Spot/Fungal_Leaf_Spot00446.jpg,Fungal_Leaf_Spot,Fungal_Leaf_Spot,Correct,0.999526
datasets/test/Curl_Leaf/Curl_Leaf00024.jpg,Curl_Leaf,Curl_Leaf,Correct,1.000000
datasets/test/Fungal_Leaf_Spot/Fungal_Leaf_Spot00397.jpg,Fungal_Leaf_Spot,Fungal_Leaf_Spot,Correct,0.999995
datasets/test/Leaf_Gall/Leaf_Gall00616.jpg,Leaf_Gall,Leaf_Gall,Correct,0.998676
datasets/test/Dry_Leaf/Dry_Leaf00125.jpg,Dry_Leaf,Dry_Leaf,Correct,0.999523
datasets/test/Leaf_Blight/Leaf_Blight00248.jpg,Leaf_Blight,Leaf_Blight,Correct,0.998211
datasets/train/Leaf_Gall/Leaf_Gall00550.jpg,Leaf_Gall,Leaf_Gall,Correct,0.999946
datasets/test/Leaf_Blight/Leaf_Blight00257.jpg,Leaf_Blight,Leaf_Blight,Correct,0.999422
datasets/test/Felt_Leaf/Felt_Leaf00261.jpg,Felt_Leaf,Felt_Leaf,Correct,0.989168
datasets/test/Leaf_Blight/Leaf_Blight00556.jpg,Leaf_Blight,Leaf_Blight,Correct,0.999958
datasets/train/Leaf_Blight/Leaf_Blight00135.jpg,Leaf_Blight,Leaf_Blight,Correct,0.999932
datasets/test/Healthy_Leaf/Healthy_Leaf00072.jpg,Healthy_Leaf,Healthy_Leaf,Correct,0.999994
datasets/test/Fungal_Leaf_Spot/Fungal_Leaf_Spot00107.jpg,Fungal_Leaf_Spot,Fungal_Leaf_Spot,Correct,0.999424
datasets/test/Leaf_Gall/Leaf_Gall00155.jpg,Leaf_Gall,Leaf_Gall,Correct,0.994906
datasets/test/Bituminous_Leaf/Bituminous_Leaf00048.jpg,Bituminous_Leaf,Bituminous_Leaf,Correct,0.999999
datasets/test/Fungal_Leaf_Spot/Fungal_Leaf_Spot00207.jpg,Fungal_Leaf_Spot,Fungal_Leaf_Spot,Correct,0.999969
datasets/test/Healthy_Leaf/Healthy_Leaf00182.jpg,Healthy_Leaf,Healthy_Leaf,Correct,0.999980
datasets/train/Dry_Leaf/Dry_Leaf00089.jpg,Dry_Leaf,Dry_Leaf,Correct,0.999973
datasets/test/Fungal_Leaf_Spot/Fungal_Leaf_Spot00327.jpg,Fungal_Leaf_Spot,Fungal_Leaf_Spot,Correct,0.999977
datasets/train/Bituminous_Leaf/Bituminous_Leaf00057.jpg,Bituminous_Leaf,Bituminous_Leaf,Correct,0.997077
datasets/train/Healthy_Leaf/Healthy_Leaf00614.jpg,Healthy_Leaf,Healthy_Leaf,Correct,0.999735
datasets/train/Curl_Leaf/Curl_Leaf00031.jpg,Curl_Leaf,Curl_Leaf,Correct,0.999820
datasets/test/Leaf_Blight/Leaf_Blight00069.jpg,Leaf_Blight,Leaf_Blight,Correct,0.994808
datasets/test/Leaf_Gall/Leaf_Gall00607.jpg,Leaf_Gall,Leaf_Gall,Correct,0.956998
datasets/test/Dry_Leaf/Dry_Leaf00174.jpg,Dry_Leaf,Dry_Leaf,Correct,0.999882
datasets/train/Leaf_Gall/Leaf_Gall00105.jpg,Leaf_Gall,Leaf_Gall,Correct,0.999982
datasets/test/Fungal_Leaf_Spot/Fungal_Leaf_Spot00400.jpg,Fungal_Leaf_Spot,Fungal_Leaf_Spot,Correct,0.999995
datasets/test/Leaf_Gall/Leaf_Gall00339.jpg,Leaf_Gall,Leaf_Blight,Incorrect,0.444384
datasets/test/Felt_Leaf/Felt_Leaf00373.jpg,Felt_Leaf,Felt_Leaf,Correct,0.991504
datasets/train/Anthrax_Leaf/Anthrax_Leaf00076.jpg,Anthrax_Leaf,Anthrax_Leaf,Correct,0.999945
datasets/test/Dry_Leaf/Dry_Leaf00079.jpg,Dry_Leaf,Dry_Leaf,Correct,0.999995
datasets/train/Leaf_Gall/Leaf_Gall00029.jpg,Leaf_Gall,Leaf_Gall,Correct,0.999999
datasets/test/Deficiency_Leaf/Deficiency_Leaf00112.jpg,Deficiency_Leaf,Deficiency_Leaf,Correct,0.999734
datasets/test/Leaf_Gall/Leaf_Gall00178.jpg,Leaf_Gall,Leaf_Gall,Correct,0.999755
datasets/test/Fungal_Leaf_Spot/Fungal_Leaf_Spot00490.jpg,Fungal_Leaf_Spot,Fungal_Leaf_Spot,Correct,0.999998
datasets/train/Leaf_Gall/Leaf_Gall00396.jpg,Leaf_Gall,Leaf_Gall,Correct,0.989765
datasets/train/Leaf_Gall/Leaf_Gall00337.jpg,Leaf_Gall,Leaf_Gall,Correct,0.680203
datasets/test/Healthy_Leaf/Healthy_Leaf00101.jpg,Healthy_Leaf,Healthy_Leaf,Correct,0.999995
datasets/train/Leaf_Gall/Leaf_Gall00473.jpg,Leaf_Gall,Leaf_Gall,Correct,0.999563
datasets/test/Deficiency_Leaf/Deficiency_Leaf00001.jpg,Deficiency_Leaf,Deficiency_Leaf,Correct,0.842983
datasets/train/Fungal_Leaf_Spot/Fungal_Leaf_Spot00187.jpg,Fungal_Leaf_Spot,Fungal_Leaf_Spot,Correct,0.999655
datasets/test/Felt_Leaf/Felt_Leaf00116.jpg,Felt_Leaf,Felt_Leaf,Correct,0.999690
datasets/train/Leaf_Blight/Leaf_Blight00391.jpg,Leaf_Blight,Leaf_Blight,Correct,0.999991
datasets/test/Curl_Leaf/Curl_Leaf00128.jpg,Curl_Leaf,Curl_Leaf,Correct,0.999992
datasets/train/Leaf_Blight/Leaf_Blight00544.jpg,Leaf_Blight,Leaf_Blight,Correct,0.999977
datasets/train/Felt_Leaf/Felt_Leaf00157.jpg,Felt_Leaf,Felt_Leaf,Correct,0.999777
datasets/test/Leaf_Gall/Leaf_Gall00457.jpg,Leaf_Gall,Leaf_Gall,Correct,0.998333
datasets/test/Fungal_Leaf_Spot/Fungal_Leaf_Spot00527.jpg,Fungal_Leaf_Spot,Fungal_Leaf_Spot,Correct,0.999992
datasets/test/Healthy_Leaf/Healthy_Leaf00362.jpg,Healthy_Leaf,Healthy_Leaf,Correct,0.997995
datasets/test/Fungal_Leaf_Spot/Fungal_Leaf_Spot00091.jpg,Fungal_Leaf_Spot,Fungal_Leaf_Spot,Correct,0.999941
datasets/train/Felt_Leaf/Felt_Leaf00158.jpg,Felt_Leaf,Felt_Leaf,Correct,0.999928
datasets/test/Leaf_Gall/Leaf_Gall00431.jpg,Leaf_Gall,Leaf_Gall,Correct,0.999892
datasets/test/Healthy_Leaf/Healthy_Leaf00010.jpg,Healthy_Leaf,Healthy_Leaf,Correct,0.999896
datasets/train/Dry_Leaf/Dry_Leaf00118.jpg,Dry_Leaf,Dry_Leaf,Correct,0.999955
datasets/test/Fungal_Leaf_Spot/Fungal_Leaf_Spot00441.jpg,Fungal_Leaf_Spot,Fungal_Leaf_Spot,Correct,0.997734
datasets/test/Anthrax_Leaf/Anthrax_Leaf00010.jpg,Anthrax_Leaf,Anthrax_Leaf,Correct,0.988291
datasets/test/Fungal_Leaf_Spot/Fungal_Leaf_Spot00226.jpg,Fungal_Leaf_Spot,Fungal_Leaf_Spot,Correct,0.999999
datasets/test/Dry_Leaf/Dry_Leaf00059.jpg,Dry_Leaf,Dry_Leaf,Correct,0.999386
datasets/train/Dry_Leaf/Dry_Leaf00238.jpg,Dry_Leaf,Dry_Leaf,Correct,0.999999
datasets/test/Healthy_Leaf/Healthy_Leaf00526.jpg,Healthy_Leaf,Healthy_Leaf,Correct,0.999998
datasets/test/Healthy_Leaf/Healthy_Leaf00391.jpg,Healthy_Leaf,Healthy_Leaf,Correct,0.998309
datasets/test/Leaf_Gall/Leaf_Gall00327.jpg,Leaf_Gall,Leaf_Gall,Correct,0.999974
datasets/test/Healthy_Leaf/Healthy_Leaf00007.jpg,Healthy_Leaf,Healthy_Leaf,Correct,0.999982
datasets/test/Leaf_Blight/Leaf_Blight00231.jpg,Leaf_Blight,Leaf_Blight,Correct,0.998329
datasets/train/Fungal_Leaf_Spot/Fungal_Leaf_Spot00393.jpg,Fungal_Leaf_Spot,Fungal_Leaf_Spot,Correct,0.999956
datasets/test/Leaf_Blight/Leaf_Blight00413.jpg,Leaf_Blight,Leaf_Blight,Correct,0.975731
datasets/test/Healthy_Leaf/Healthy_Leaf00487.jpg,Healthy_Leaf,Healthy_Leaf,Correct,0.993922
datasets/test/Leaf_Gall/Leaf_Gall00400.jpg,Leaf_Gall,Leaf_Gall,Correct,0.996621
datasets/test/Dry_Leaf/Dry_Leaf00068.jpg,Dry_Leaf,Dry_Leaf,Correct,0.998705
datasets/test/Fungal_Leaf_Spot/Fungal_Leaf_Spot00556.jpg,Fungal_Leaf_Spot,Fungal_Leaf_Spot,Correct,0.999485
datasets/test/Healthy_Leaf/Healthy_Leaf00211.jpg,Healthy_Leaf,Healthy_Leaf,Correct,0.999928
datasets/test/Healthy_Leaf/Healthy_Leaf00576.jpg,Healthy_Leaf,Healthy_Leaf,Correct,0.999877
datasets/train/Felt_Leaf/Felt_Leaf00159.jpg,Felt_Leaf,Felt_Leaf,Correct,0.999669
datasets/train/Leaf_Blight/Leaf_Blight00203.jpg,Leaf_Blight,Leaf_Blight,Correct,0.997949
datasets/test/Healthy_Leaf/Healthy_Leaf00260.jpg,Healthy_Leaf,Healthy_Leaf,Correct,0.998078
datasets/test/Healthy_Leaf/Healthy_Leaf00124.jpg,Healthy_Leaf,Healthy_Leaf,Correct,0.999999
datasets/test/Leaf_Blight/Leaf_Blight00319.jpg,Leaf_Blight,Leaf_Blight,Correct,0.998240
datasets/test/Fungal_Leaf_Spot/Fungal_Leaf_Spot00540.jpg,Fungal_Leaf_Spot,Fungal_Leaf_Spot,Correct,1.000000
datasets/test/Healthy_Leaf/Healthy_Leaf00562.jpg,Healthy_Leaf,Healthy_Leaf,Correct,0.999994
datasets/test/Leaf_Blight/Leaf_Blight00586.jpg,Leaf_Blight,Leaf_Blight,Correct,0.988072
datasets/train/Fungal_Leaf_Spot/Fungal_Leaf_Spot00330.jpg,Fungal_Leaf_Spot,Fungal_Leaf_Spot,Correct,0.999999
datasets/test/Leaf_Blight/Leaf_Blight00570.jpg,Leaf_Blight,Leaf_Blight,Correct,0.999996
datasets/test/Fungal_Leaf_Spot/Fungal_Leaf_Spot00095.jpg,Fungal_Leaf_Spot,Fungal_Leaf_Spot,Correct,0.999962
datasets/test/Leaf_Gall/Leaf_Gall00304.jpg,Leaf_Gall,Leaf_Gall,Correct,0.999992
datasets/test/Bituminous_Leaf/Bituminous_Leaf00089.jpg,Bituminous_Leaf,Bituminous_Leaf,Correct,0.860167
datasets/test/Felt_Leaf/Felt_Leaf00027.jpg,Felt_Leaf,Felt_Leaf,Correct,0.992417
datasets/train/Dry_Leaf/Dry_Leaf00290.jpg,Dry_Leaf,Dry_Leaf,Correct,0.999998
datasets/test/Deficiency_Leaf/Deficiency_Leaf00061.jpg,Deficiency_Leaf,Deficiency_Leaf,Correct,0.998524
datasets/test/Leaf_Blight/Leaf_Blight00140.jpg,Leaf_Blight,Leaf_Blight,Correct,0.996935
datasets/test/Healthy_Leaf/Healthy_Leaf00521.jpg,Healthy_Leaf,Healthy_Leaf,Correct,0.999808
datasets/test/Curl_Leaf/Curl_Leaf00147.jpg,Curl_Leaf,Curl_Leaf,Correct,0.999253
datasets/train/Anthrax_Leaf/Anthrax_Leaf00094.jpg,Anthrax_Leaf,Anthrax_Leaf,Correct,0.999939
datasets/test/Felt_Leaf/Felt_Leaf00369.jpg,Felt_Leaf,Felt_Leaf,Correct,0.999903
datasets/test/Deficiency_Leaf/Deficiency_Leaf00104.jpg,Deficiency_Leaf,Deficiency_Leaf,Correct,0.999990
datasets/test/Fungal_Leaf_Spot/Fungal_Leaf_Spot00539.jpg,Fungal_Leaf_Spot,Fungal_Leaf_Spot,Correct,0.999889
datasets/test/Dry_Leaf/Dry_Leaf00124.jpg,Dry_Leaf,Dry_Leaf,Correct,0.999977
datasets/test/Healthy_Leaf/Healthy_Leaf00019.jpg,Healthy_Leaf,Healthy_Leaf,Correct,0.999996
datasets/train/Leaf_Blight/Leaf_Blight00251.jpg,Leaf_Blight,Leaf_Blight,Correct,0.999980
datasets/train/Deficiency_Leaf/Deficiency_Leaf00030.jpg,Deficiency_Leaf,Deficiency_Leaf,Correct,0.791254
datasets/test/Felt_Leaf/Felt_Leaf00010.jpg,Felt_Leaf,Anthrax_Leaf,Incorrect,0.969180
datasets/train/Leaf_Blight/Leaf_Blight00068.jpg,Leaf_Blight,Leaf_Blight,Correct,0.998901
datasets/test/Fungal_Leaf_Spot/Fungal_Leaf_Spot00342.jpg,Fungal_Leaf_Spot,Fungal_Leaf_Spot,Correct,0.999973
datasets/test/Anthrax_Leaf/Anthrax_Leaf00111.jpg,Anthrax_Leaf,Anthrax_Leaf,Correct,0.999905
datasets/test/Fungal_Leaf_Spot/Fungal_Leaf_Spot00481.jpg,Fungal_Leaf_Spot,Fungal_Leaf_Spot,Correct,0.999992
datasets/train/Leaf_Gall/Leaf_Gall00360.jpg,Leaf_Gall,Leaf_Gall,Correct,0.567877
datasets/train/Healthy_Leaf/Healthy_Leaf00108.jpg,Healthy_Leaf,Healthy_Leaf,Correct,0.999998
datasets/train/Leaf_Blight/Leaf_Blight00165.jpg,Leaf_Blight,Leaf_Blight,Correct,0.999900
datasets/train/Felt_Leaf/Felt_Leaf00243.jpg,Felt_Leaf,Felt_Leaf,Correct,0.999855
datasets/test/Felt_Leaf/Felt_Leaf00050.jpg,Felt_Leaf,Felt_Leaf,Correct,0.985055
datasets/train/Felt_Leaf/Felt_Leaf00193.jpg,Felt_Leaf,Felt_Leaf,Correct,0.999892
datasets/test/Felt_Leaf/Felt_Leaf00065.jpg,Felt_Leaf,Felt_Leaf,Correct,0.999664
datasets/test/Fungal_Leaf_Spot/Fungal_Leaf_Spot00203.jpg,Fungal_Leaf_Spot,Fungal_Leaf_Spot,Correct,0.985031
datasets/test/Leaf_Gall/Leaf_Gall00382.jpg,Leaf_Gall,Leaf_Gall,Correct,0.999416
datasets/train/Felt_Leaf/Felt_Leaf00317.jpg,Felt_Leaf,Felt_Leaf,Correct,0.999830
datasets/test/Leaf_Gall/Leaf_Gall00200.jpg,Leaf_Gall,Leaf_Gall,Correct,0.999843
datasets/test/Healthy_Leaf/Healthy_Leaf00326.jpg,Healthy_Leaf,Healthy_Leaf,Correct,0.999986
datasets/test/Fungal_Leaf_Spot/Fungal_Leaf_Spot00290.jpg,Fungal_Leaf_Spot,Felt_Leaf,Incorrect,0.930296
datasets/train/Leaf_Gall/Leaf_Gall00071.jpg,Leaf_Gall,Leaf_Gall,Correct,0.999713
datasets/train/Healthy_Leaf/Healthy_Leaf00379.jpg,Healthy_Leaf,Healthy_Leaf,Correct,0.999995
datasets/train/Dry_Leaf/Dry_Leaf00209.jpg,Dry_Leaf,Dry_Leaf,Correct,0.999984
datasets/train/Anthrax_Leaf/Anthrax_Leaf00142.jpg,Anthrax_Leaf,Anthrax_Leaf,Correct,0.999821
datasets/test/Leaf_Blight/Leaf_Blight00205.jpg,Leaf_Blight,Leaf_Blight,Correct,0.999537
datasets/train/Leaf_Blight/Leaf_Blight00481.jpg,Leaf_Blight,Leaf_Blight,Correct,0.999984
datasets/test/Leaf_Blight/Leaf_Blight00480.jpg,Leaf_Blight,Leaf_Blight,Correct,0.999997
datasets/train/Dry_Leaf/Dry_Leaf00172.jpg,Dry_Leaf,Dry_Leaf,Correct,0.999747
datasets/train/Felt_Leaf/Felt_Leaf00030.jpg,Felt_Leaf,Felt_Leaf,Correct,0.999999
datasets/test/Leaf_Blight/Leaf_Blight00084.jpg,Leaf_Blight,Leaf_Blight,Correct,0.999795
datasets/test/Healthy_Leaf/Healthy_Leaf00513.jpg,Healthy_Leaf,Healthy_Leaf,Correct,0.999788
datasets/test/Leaf_Blight/Leaf_Blight00213.jpg,Leaf_Blight,Leaf_Blight,Correct,0.999103
datasets/test/Curl_Leaf/Curl_Leaf00101.jpg,Curl_Leaf,Curl_Leaf,Correct,0.999993
datasets/train/Curl_Leaf/Curl_Leaf00067.jpg,Curl_Leaf,Curl_Leaf,Correct,0.999998
datasets/train/Dry_Leaf/Dry_Leaf00224.jpg,Dry_Leaf,Dry_Leaf,Correct,0.999223
datasets/train/Fungal_Leaf_Spot/Fungal_Leaf_Spot00286.jpg,Fungal_Leaf_Spot,Fungal_Leaf_Spot,Correct,0.999671
datasets/test/Fungal_Leaf_Spot/Fungal_Leaf_Spot00444.jpg,Fungal_Leaf_Spot,Fungal_Leaf_Spot,Correct,0.995239
datasets/train/Dry_Leaf/Dry_Leaf00175.jpg,Dry_Leaf,Dry_Leaf,Correct,0.999912
datasets/train/Deficiency_Leaf/Deficiency_Leaf00007.jpg,Deficiency_Leaf,Deficiency_Leaf,Correct,0.999829
datasets/test/Fungal_Leaf_Spot/Fungal_Leaf_Spot00148.jpg,Fungal_Leaf_Spot,Fungal_Leaf_Spot,Correct,0.999946
datasets/train/Healthy_Leaf/Healthy_Leaf00097.jpg,Healthy_Leaf,Healthy_Leaf,Correct,0.999994
datasets/test/Leaf_Blight/Leaf_Blight00549.jpg,Leaf_Blight,Leaf_Blight,Correct,0.999588
datasets/train/Leaf_Gall/Leaf_Gall00115.jpg,Leaf_Gall,Leaf_Gall,Correct,0.999783
datasets/test/Fungal_Leaf_Spot/Fungal_Leaf_Spot00308.jpg,Fungal_Leaf_Spot,Fungal_Leaf_Spot,Correct,0.995371
datasets/train/Curl_Leaf/Curl_Leaf00105.jpg,Curl_Leaf,Curl_Leaf,Correct,0.999997
datasets/test/Anthrax_Leaf/Anthrax_Leaf00097.jpg,Anthrax_Leaf,Anthrax_Leaf,Correct,0.999977
datasets/test/Leaf_Blight/Leaf_Blight00099.jpg,Leaf_Blight,Leaf_Blight,Correct,0.998787
datasets/train/Fungal_Leaf_Spot/Fungal_Leaf_Spot00182.jpg,Fungal_Leaf_Spot,Fungal_Leaf_Spot,Correct,1.000000
datasets/train/Healthy_Leaf/Healthy_Leaf00421.jpg,Healthy_Leaf,Healthy_Leaf,Correct,0.999967
datasets/test/Leaf_Blight/Leaf_Blight00078.jpg,Leaf_Blight,Leaf_Blight,Correct,0.548574
datasets/train/Anthrax_Leaf/Anthrax_Leaf00014.jpg,Anthrax_Leaf,Anthrax_Leaf,Correct,0.999176
datasets/test/Curl_Leaf/Curl_Leaf00022.jpg,Curl_Leaf,Curl_Leaf,Correct,0.999978
datasets/test/Fungal_Leaf_Spot/Fungal_Leaf_Spot00015.jpg,Fungal_Leaf_Spot,Fungal_Leaf_Spot,Correct,0.999965
datasets/train/Fungal_Leaf_Spot/Fungal_Leaf_Spot00352.jpg,Fungal_Leaf_Spot,Fungal_Leaf_Spot,Correct,0.999992
datasets/train/Healthy_Leaf/Healthy_Leaf00272.jpg,Healthy_Leaf,Healthy_Leaf,Correct,0.999410
datasets/train/Leaf_Blight/Leaf_Blight00134.jpg,Leaf_Blight,Leaf_Blight,Correct,0.999816
datasets/test/Fungal_Leaf_Spot/Fungal_Leaf_Spot00177.jpg,Fungal_Leaf_Spot,Fungal_Leaf_Spot,Correct,1.000000
datasets/train/Leaf_Blight/Leaf_Blight00507.jpg,Leaf_Blight,Leaf_Blight,Correct,0.999136
datasets/test/Felt_Leaf/Felt_Leaf00375.jpg,Felt_Leaf,Felt_Leaf,Correct,0.997584
datasets/test/Leaf_Gall/Leaf_Gall00201.jpg,Leaf_Gall,Leaf_Gall,Correct,0.999985
datasets/train/Leaf_Gall/Leaf_Gall00265.jpg,Leaf_Gall,Leaf_Gall,Correct,0.999718
datasets/test/Leaf_Gall/Leaf_Gall00591.jpg,Leaf_Gall,Leaf_Gall,Correct,0.861078
datasets/test/Leaf_Blight/Leaf_Blight00587.jpg,Leaf_Blight,Leaf_Blight,Correct,0.998547
datasets/test/Fungal_Leaf_Spot/Fungal_Leaf_Spot00406.jpg,Fungal_Leaf_Spot,Fungal_Leaf_Spot,Correct,0.999993
datasets/test/Healthy_Leaf/Healthy_Leaf00392.jpg,Healthy_Leaf,Healthy_Leaf,Correct,0.999707
datasets/test/Leaf_Gall/Leaf_Gall00596.jpg,Leaf_Gall,Leaf_Gall,Correct,0.999889
datasets/train/Fungal_Leaf_Spot/Fungal_Leaf_Spot00489.jpg,Fungal_Leaf_Spot,Fungal_Leaf_Spot,Correct,0.999989
datasets/train/Fungal_Leaf_Spot/Fungal_Leaf_Spot00383.jpg,Fungal_Leaf_Spot,Fungal_Leaf_Spot,Correct,0.977709
datasets/train/Dry_Leaf/Dry_Leaf00083.jpg,Dry_Leaf,Dry_Leaf,Correct,0.999994
datasets/test/Felt_Leaf/Felt_Leaf00349.jpg,Felt_Leaf,Felt_Leaf,Correct,0.999117
datasets/test/Fungal_Leaf_Spot/Fungal_Leaf_Spot00325.jpg,Fungal_Leaf_Spot,Fungal_Leaf_Spot,Correct,0.999764
datasets/train/Healthy_Leaf/Healthy_Leaf00090.jpg,Healthy_Leaf,Healthy_Leaf,Correct,0.998346
datasets/test/Fungal_Leaf_Spot/Fungal_Leaf_Spot00088.jpg,Fungal_Leaf_Spot,Fungal_Leaf_Spot,Correct,0.999179
datasets/test/Dry_Leaf/Dry_Leaf00142.jpg,Dry_Leaf,Dry_Leaf,Correct,0.999904
datasets/test/Fungal_Leaf_Spot/Fungal_Leaf_Spot00116.jpg,Fungal_Leaf_Spot,Fungal_Leaf_Spot,Correct,0.999655
datasets/test/Dry_Leaf/Dry_Leaf00314.jpg,Dry_Leaf,Dry_Leaf,Correct,1.000000
datasets/test/Bituminous_Leaf/Bituminous_Leaf00072.jpg,Bituminous_Leaf,Bituminous_Leaf,Correct,0.999995
datasets/train/Fungal_Leaf_Spot/Fungal_Leaf_Spot00070.jpg,Fungal_Leaf_Spot,Fungal_Leaf_Spot,Correct,1.000000
datasets/test/Healthy_Leaf/Healthy_Leaf00169.jpg,Healthy_Leaf,Healthy_Leaf,Correct,0.999937
datasets/test/Leaf_Gall/Leaf_Gall00565.jpg,Leaf_Gall,Leaf_Gall,Correct,0.999758
datasets/test/Felt_Leaf/Felt_Leaf00122.jpg,Felt_Leaf,Felt_Leaf,Correct,0.998681
datasets/test/Dry_Leaf/Dry_Leaf00267.jpg,Dry_Leaf,Dry_Leaf,Correct,0.999979
datasets/test/Fungal_Leaf_Spot/Fungal_Leaf_Spot00411.jpg,Fungal_Leaf_Spot,Fungal_Leaf_Spot,Correct,0.999914
datasets/train/Leaf_Gall/Leaf_Gall00519.jpg,Leaf_Gall,Leaf_Gall,Correct,0.997521
datasets/train/Dry_Leaf/Dry_Leaf00008.jpg,Dry_Leaf,Dry_Leaf,Correct,0.999975
datasets/train/Curl_Leaf/Curl_Leaf00152.jpg,Curl_Leaf,Curl_Leaf,Correct,0.995144
datasets/train/Bituminous_Leaf/Bituminous_Leaf00096.jpg,Bituminous_Leaf,Bituminous_Leaf,Correct,0.999205
datasets/test/Deficiency_Leaf/Deficiency_Leaf00079.jpg,Deficiency_Leaf,Deficiency_Leaf,Correct,0.991429
datasets/test/Healthy_Leaf/Healthy_Leaf00465.jpg,Healthy_Leaf,Healthy_Leaf,Correct,0.999870
datasets/test/Leaf_Gall/Leaf_Gall00482.jpg,Leaf_Gall,Leaf_Gall,Correct,0.999826
datasets/test/Healthy_Leaf/Healthy_Leaf00075.jpg,Healthy_Leaf,Healthy_Leaf,Correct,0.999991
datasets/test/Felt_Leaf/Felt_Leaf00339.jpg,Felt_Leaf,Felt_Leaf,Correct,0.998572
datasets/test/Healthy_Leaf/Healthy_Leaf00302.jpg,Healthy_Leaf,Healthy_Leaf,Correct,0.999919
datasets/test/Felt_Leaf/Felt_Leaf00155.jpg,Felt_Leaf,Felt_Leaf,Correct,0.982578
datasets/test/Healthy_Leaf/Healthy_Leaf00565.jpg,Healthy_Leaf,Healthy_Leaf,Correct,0.999936
datasets/train/Leaf_Blight/Leaf_Blight00477.jpg,Leaf_Blight,Leaf_Blight,Correct,0.997742
datasets/train/Felt_Leaf/Felt_Leaf00103.jpg,Felt_Leaf,Felt_Leaf,Correct,0.999977
datasets/test/Leaf_Gall/Leaf_Gall00045.jpg,Leaf_Gall,Leaf_Gall,Correct,0.998481
datasets/test/Healthy_Leaf/Healthy_Leaf00368.jpg,Healthy_Leaf,Healthy_Leaf,Correct,0.999997
datasets/test/Leaf_Blight/Leaf_Blight00097.jpg,Leaf_Blight,Leaf_Blight,Correct,0.975974
datasets/train/Leaf_Gall/Leaf_Gall00197.jpg,Leaf_Gall,Leaf_Gall,Correct,0.999905
datasets/test/Leaf_Gall/Leaf_Gall00294.jpg,Leaf_Gall,Leaf_Gall,Correct,0.999998
datasets/train/Dry_Leaf/Dry_Leaf00009.jpg,Dry_Leaf,Dry_Leaf,Correct,0.999998
datasets/train/Fungal_Leaf_Spot/Fungal_Leaf_Spot00270.jpg,Fungal_Leaf_Spot,Fungal_Leaf_Spot,Correct,0.996156
datasets/train/Fungal_Leaf_Spot/Fungal_Leaf_Spot00403.jpg,Fungal_Leaf_Spot,Fungal_Leaf_Spot,Correct,0.999956
datasets/test/Healthy_Leaf/Healthy_Leaf00583.jpg,Healthy_Leaf,Healthy_Leaf,Correct,0.999997
datasets/test/Dry_Leaf/Dry_Leaf00324.jpg,Dry_Leaf,Dry_Leaf,Correct,0.999994
datasets/train/Felt_Leaf/Felt_Leaf00194.jpg,Felt_Leaf,Felt_Leaf,Correct,0.999941
datasets/test/Curl_Leaf/Curl_Leaf00114.jpg,Curl_Leaf,Curl_Leaf,Correct,0.999999
datasets/test/Healthy_Leaf/Healthy_Leaf00152.jpg,Healthy_Leaf,Healthy_Leaf,Correct,0.999990
datasets/train/Deficiency_Leaf/Deficiency_Leaf00103.jpg,Deficiency_Leaf,Deficiency_Leaf,Correct,0.999807
datasets/train/Anthrax_Leaf/Anthrax_Leaf00041.jpg,Anthrax_Leaf,Anthrax_Leaf,Correct,0.999995
datasets/test/Leaf_Gall/Leaf_Gall00403.jpg,Leaf_Gall,Leaf_Gall,Correct,0.996576
datasets/train/Leaf_Blight/Leaf_Blight00402.jpg,Leaf_Blight,Leaf_Blight,Correct,0.999979
datasets/test/Fungal_Leaf_Spot/Fungal_Leaf_Spot00104.jpg,Fungal_Leaf_Spot,Fungal_Leaf_Spot,Correct,0.799249
datasets/train/Leaf_Gall/Leaf_Gall00006.jpg,Leaf_Gall,Leaf_Gall,Correct,0.944752
datasets/train/Leaf_Gall/Leaf_Gall00322.jpg,Leaf_Gall,Leaf_Gall,Correct,0.996297
datasets/train/Leaf_Gall/Leaf_Gall00177.jpg,Leaf_Gall,Leaf_Gall,Correct,0.987662
datasets/test/Dry_Leaf/Dry_Leaf00058.jpg,Dry_Leaf,Dry_Leaf,Correct,0.999988
datasets/train/Curl_Leaf/Curl_Leaf00004.jpg,Curl_Leaf,Curl_Leaf,Correct,0.999353
datasets/test/Dry_Leaf/Dry_Leaf00086.jpg,Dry_Leaf,Dry_Leaf,Correct,0.999130
datasets/test/Fungal_Leaf_Spot/Fungal_Leaf_Spot00030.jpg,Fungal_Leaf_Spot,Fungal_Leaf_Spot,Correct,0.999946
datasets/train/Leaf_Blight/Leaf_Blight00541.jpg,Leaf_Blight,Leaf_Blight,Correct,0.999988
datasets/train/Bituminous_Leaf/Bituminous_Leaf00064.jpg,Bituminous_Leaf,Bituminous_Leaf,Correct,0.999901
datasets/test/Curl_Leaf/Curl_Leaf00169.jpg,Curl_Leaf,Curl_Leaf,Correct,0.999998
datasets/test/Fungal_Leaf_Spot/Fungal_Leaf_Spot00033.jpg,Fungal_Leaf_Spot,Fungal_Leaf_Spot,Correct,0.999999
datasets/test/Felt_Leaf/Felt_Leaf00251.jpg,Felt_Leaf,Felt_Leaf,Correct,0.998317
datasets/test/Fungal_Leaf_Spot/Fungal_Leaf_Spot00404.jpg,Fungal_Leaf_Spot,Fungal_Leaf_Spot,Correct,0.999997
datasets/train/Dry_Leaf/Dry_Leaf00269.jpg,Dry_Leaf,Dry_Leaf,Correct,0.999997
datasets/test/Leaf_Gall/Leaf_Gall00524.jpg,Leaf_Gall,Leaf_Gall,Correct,0.993462
datasets/train/Leaf_Gall/Leaf_Gall00216.jpg,Leaf_Gall,Leaf_Gall,Correct,0.999762
datasets/train/Fungal_Leaf_Spot/Fungal_Leaf_Spot00475.jpg,Fungal_Leaf_Spot,Fungal_Leaf_Spot,Correct,1.000000
datasets/train/Leaf_Blight/Leaf_Blight00295.jpg,Leaf_Blight,Leaf_Blight,Correct,0.999172
datasets/test/Leaf_Blight/Leaf_Blight00308.jpg,Leaf_Blight,Leaf_Blight,Correct,0.999874
datasets/test/Fungal_Leaf_Spot/Fungal_Leaf_Spot00485.jpg,Fungal_Leaf_Spot,Fungal_Leaf_Spot,Correct,0.999995
datasets/test/Leaf_Blight/Leaf_Blight00281.jpg,Leaf_Blight,Leaf_Blight,Correct,0.999927
datasets/test/Healthy_Leaf/Healthy_Leaf00355.jpg,Healthy_Leaf,Healthy_Leaf,Correct,0.999930
datasets/test/Healthy_Leaf/Healthy_Leaf00029.jpg,Healthy_Leaf,Healthy_Leaf,Correct,0.999996
datasets/test/Felt_Leaf/Felt_Leaf00051.jpg,Felt_Leaf,Felt_Leaf,Correct,0.999314
datasets/test/Curl_Leaf/Curl_Leaf00086.jpg,Curl_Leaf,Curl_Leaf,Correct,0.999934
datasets/test/Healthy_Leaf/Healthy_Leaf00109.jpg,Healthy_Leaf,Healthy_Leaf,Correct,0.999997
datasets/train/Fungal_Leaf_Spot/Fungal_Leaf_Spot00435.jpg,Fungal_Leaf_Spot,Fungal_Leaf_Spot,Correct,0.999977
datasets/train/Fungal_Leaf_Spot/Fungal_Leaf_Spot00179.jpg,Fungal_Leaf_Spot,Fungal_Leaf_Spot,Correct,0.999995
datasets/test/Leaf_Blight/Leaf_Blight00020.jpg,Leaf_Blight,Leaf_Blight,Correct,0.999939
datasets/test/Leaf_Blight/Leaf_Blight00529.jpg,Leaf_Blight,Leaf_Blight,Correct,0.999747
datasets/test/Leaf_Blight/Leaf_Blight00410.jpg,Leaf_Blight,Leaf_Blight,Correct,0.997465
datasets/test/Healthy_Leaf/Healthy_Leaf00112.jpg,Healthy_Leaf,Healthy_Leaf,Correct,0.999993
datasets/test/Felt_Leaf/Felt_Leaf00238.jpg,Felt_Leaf,Felt_Leaf,Correct,0.999172
datasets/train/Anthrax_Leaf/Anthrax_Leaf00124.jpg,Anthrax_Leaf,Anthrax_Leaf,Correct,0.999975
datasets/test/Leaf_Gall/Leaf_Gall00582.jpg,Leaf_Gall,Leaf_Gall,Correct,0.999983
datasets/train/Leaf_Gall/Leaf_Gall00384.jpg,Leaf_Gall,Leaf_Gall,Correct,0.999268
datasets/test/Bituminous_Leaf/Bituminous_Leaf00102.jpg,Bituminous_Leaf,Bituminous_Leaf,Correct,0.995248
datasets/train/Felt_Leaf/Felt_Leaf00185.jpg,Felt_Leaf,Felt_Leaf,Correct,0.999880
datasets/test/Healthy_Leaf/Healthy_Leaf00347.jpg,Healthy_Leaf,Healthy_Leaf,Correct,0.999990
datasets/train/Leaf_Blight/Leaf_Blight00377.jpg,Leaf_Blight,Leaf_Blight,Correct,0.999959
datasets/test/Dry_Leaf/Dry_Leaf00272.jpg,Dry_Leaf,Dry_Leaf,Correct,0.999994
datasets/train/Curl_Leaf/Curl_Leaf00171.jpg,Curl_Leaf,Curl_Leaf,Correct,0.999987
datasets/train/Leaf_Gall/Leaf_Gall00082.jpg,Leaf_Gall,Leaf_Gall,Correct,0.999992
datasets/test/Felt_Leaf/Felt_Leaf00173.jpg,Felt_Leaf,Felt_Leaf,Correct,0.999906
datasets/train/Dry_Leaf/Dry_Leaf00120.jpg,Dry_Leaf,Dry_Leaf,Correct,0.999704
datasets/train/Fungal_Leaf_Spot/Fungal_Leaf_Spot00499.jpg,Fungal_Leaf_Spot,Fungal_Leaf_Spot,Correct,0.999999
datasets/test/Leaf_Blight/Leaf_Blight00343.jpg,Leaf_Blight,Leaf_Blight,Correct,0.999648
datasets/test/Fungal_Leaf_Spot/Fungal_Leaf_Spot00452.jpg,Fungal_Leaf_Spot,Felt_Leaf,Incorrect,0.918567
datasets/train/Healthy_Leaf/Healthy_Leaf00009.jpg,Healthy_Leaf,Healthy_Leaf,Correct,0.999676
datasets/train/Fungal_Leaf_Spot/Fungal_Leaf_Spot00542.jpg,Fungal_Leaf_Spot,Fungal_Leaf_Spot,Correct,1.000000
datasets/train/Fungal_Leaf_Spot/Fungal_Leaf_Spot00135.jpg,Fungal_Leaf_Spot,Fungal_Leaf_Spot,Correct,0.999827
datasets/train/Leaf_Blight/Leaf_Blight00259.jpg,Leaf_Blight,Leaf_Blight,Correct,0.999955
datasets/train/Leaf_Gall/Leaf_Gall00287.jpg,Leaf_Gall,Leaf_Gall,Correct,0.999493
datasets/train/Leaf_Gall/Leaf_Gall00508.jpg,Leaf_Gall,Leaf_Gall,Correct,0.999834
datasets/test/Leaf_Gall/Leaf_Gall00234.jpg,Leaf_Gall,Leaf_Gall,Correct,0.999988
datasets/train/Curl_Leaf/Curl_Leaf00150.jpg,Curl_Leaf,Curl_Leaf,Correct,0.982583
datasets/test/Dry_Leaf/Dry_Leaf00169.jpg,Dry_Leaf,Dry_Leaf,Correct,0.991883
datasets/train/Healthy_Leaf/Healthy_Leaf00571.jpg,Healthy_Leaf,Healthy_Leaf,Correct,0.999995
datasets/test/Fungal_Leaf_Spot/Fungal_Leaf_Spot00504.jpg,Fungal_Leaf_Spot,Fungal_Leaf_Spot,Correct,1.000000
datasets/test/Felt_Leaf/Felt_Leaf00330.jpg,Felt_Leaf,Felt_Leaf,Correct,0.999984
datasets/train/Dry_Leaf/Dry_Leaf00234.jpg,Dry_Leaf,Dry_Leaf,Correct,0.999992
datasets/test/Healthy_Leaf/Healthy_Leaf00230.jpg,Healthy_Leaf,Healthy_Leaf,Correct,0.999790
datasets/train/Leaf_Blight/Leaf_Blight00535.jpg,Leaf_Blight,Leaf_Blight,Correct,0.999492
datasets/train/Felt_Leaf/Felt_Leaf00192.jpg,Felt_Leaf,Felt_Leaf,Correct,0.999894
datasets/train/Leaf_Blight/Leaf_Blight00093.jpg,Leaf_Blight,Leaf_Blight,Correct,0.998367
datasets/train/Dry_Leaf/Dry_Leaf00163.jpg,Dry_Leaf,Dry_Leaf,Correct,0.999796
datasets/test/Fungal_Leaf_Spot/Fungal_Leaf_Spot00128.jpg,Fungal_Leaf_Spot,Fungal_Leaf_Spot,Correct,0.999478
datasets/test/Leaf_Blight/Leaf_Blight00334.jpg,Leaf_Blight,Leaf_Blight,Correct,0.998919
datasets/test/Fungal_Leaf_Spot/Fungal_Leaf_Spot00229.jpg,Fungal_Leaf_Spot,Fungal_Leaf_Spot,Correct,0.999994
datasets/test/Leaf_Gall/Leaf_Gall00081.jpg,Leaf_Gall,Leaf_Gall,Correct,0.999970
datasets/train/Felt_Leaf/Felt_Leaf00280.jpg,Felt_Leaf,Felt_Leaf,Correct,0.986166
datasets/test/Bituminous_Leaf/Bituminous_Leaf00119.jpg,Bituminous_Leaf,Bituminous_Leaf,Correct,0.674249
datasets/test/Leaf_Blight/Leaf_Blight00289.jpg,Leaf_Blight,Leaf_Blight,Correct,0.999244
datasets/test/Fungal_Leaf_Spot/Fungal_Leaf_Spot00353.jpg,Fungal_Leaf_Spot,Fungal_Leaf_Spot,Correct,0.999998
datasets/test/Fungal_Leaf_Spot/Fungal_Leaf_Spot00433.jpg,Fungal_Leaf_Spot,Fungal_Leaf_Spot,Correct,0.999993
datasets/train/Felt_Leaf/Felt_Leaf00148.jpg,Felt_Leaf,Felt_Leaf,Correct,0.998784
datasets/test/Healthy_Leaf/Healthy_Leaf00159.jpg,Healthy_Leaf,Healthy_Leaf,Correct,0.999995
datasets/test/Dry_Leaf/Dry_Leaf00026.jpg,Dry_Leaf,Dry_Leaf,Correct,0.999860
datasets/train/Healthy_Leaf/Healthy_Leaf00217.jpg,Healthy_Leaf,Healthy_Leaf,Correct,0.999890
datasets/test/Leaf_Gall/Leaf_Gall00038.jpg,Leaf_Gall,Leaf_Gall,Correct,0.999210
datasets/test/Dry_Leaf/Dry_Leaf00024.jpg,Dry_Leaf,Dry_Leaf,Correct,0.999981
datasets/test/Curl_Leaf/Curl_Leaf00046.jpg,Curl_Leaf,Curl_Leaf,Correct,0.999962
datasets/test/Felt_Leaf/Felt_Leaf00123.jpg,Felt_Leaf,Felt_Leaf,Correct,0.993943
datasets/train/Healthy_Leaf/Healthy_Leaf00319.jpg,Healthy_Leaf,Healthy_Leaf,Correct,0.999971
datasets/train/Healthy_Leaf/Healthy_Leaf00399.jpg,Healthy_Leaf,Healthy_Leaf,Correct,0.999999
datasets/test/Fungal_Leaf_Spot/Fungal_Leaf_Spot00017.jpg,Fungal_Leaf_Spot,Healthy_Leaf,Incorrect,0.559444
datasets/test/Leaf_Blight/Leaf_Blight00346.jpg,Leaf_Blight,Leaf_Blight,Correct,0.999604
datasets/test/Fungal_Leaf_Spot/Fungal_Leaf_Spot00168.jpg,Fungal_Leaf_Spot,Fungal_Leaf_Spot,Correct,1.000000
datasets/test/Fungal_Leaf_Spot/Fungal_Leaf_Spot00332.jpg,Fungal_Leaf_Spot,Fungal_Leaf_Spot,Correct,0.988934
datasets/train/Fungal_Leaf_Spot/Fungal_Leaf_Spot00345.jpg,Fungal_Leaf_Spot,Fungal_Leaf_Spot,Correct,0.999929
datasets/test/Anthrax_Leaf/Anthrax_Leaf00089.jpg,Anthrax_Leaf,Anthrax_Leaf,Correct,0.999969
datasets/test/Leaf_Blight/Leaf_Blight00444.jpg,Leaf_Blight,Leaf_Blight,Correct,0.997168
datasets/test/Dry_Leaf/Dry_Leaf00005.jpg,Dry_Leaf,Dry_Leaf,Correct,0.999513
datasets/test/Leaf_Gall/Leaf_Gall00192.jpg,Leaf_Gall,Leaf_Gall,Correct,0.989969
datasets/test/Felt_Leaf/Felt_Leaf00113.jpg,Felt_Leaf,Felt_Leaf,Correct,0.999995
datasets/test/Anthrax_Leaf/Anthrax_Leaf00065.jpg,Anthrax_Leaf,Anthrax_Leaf,Correct,0.999607
datasets/test/Fungal_Leaf_Spot/Fungal_Leaf_Spot00530.jpg,Fungal_Leaf_Spot,Fungal_Leaf_Spot,Correct,0.999989
datasets/test/Leaf_Gall/Leaf_Gall00040.jpg,Leaf_Gall,Leaf_Gall,Correct,0.999606
datasets/train/Leaf_Blight/Leaf_Blight00237.jpg,Leaf_Blight,Leaf_Blight,Correct,0.998097
datasets/train/Leaf_Gall/Leaf_Gall00340.jpg,Leaf_Gall,Leaf_Blight,Incorrect,0.935912
datasets/train/Leaf_Gall/Leaf_Gall00147.jpg,Leaf_Gall,Felt_Leaf,Incorrect,0.582961
datasets/test/Fungal_Leaf_Spot/Fungal_Leaf_Spot00263.jpg,Fungal_Leaf_Spot,Fungal_Leaf_Spot,Correct,0.999979
datasets/test/Leaf_Gall/Leaf_Gall00107.jpg,Leaf_Gall,Leaf_Gall,Correct,0.999860
datasets/train/Leaf_Gall/Leaf_Gall00190.jpg,Leaf_Gall,Leaf_Gall,Correct,0.999403
datasets/test/Felt_Leaf/Felt_Leaf00114.jpg,Felt_Leaf,Felt_Leaf,Correct,0.999363
datasets/test/Fungal_Leaf_Spot/Fungal_Leaf_Spot00034.jpg,Fungal_Leaf_Spot,Fungal_Leaf_Spot,Correct,1.000000
datasets/train/Healthy_Leaf/Healthy_Leaf00115.jpg,Healthy_Leaf,Healthy_Leaf,Correct,0.999982
datasets/test/Deficiency_Leaf/Deficiency_Leaf00037.jpg,Deficiency_Leaf,Deficiency_Leaf,Correct,0.975651
datasets/test/Fungal_Leaf_Spot/Fungal_Leaf_Spot00124.jpg,Fungal_Leaf_Spot,Fungal_Leaf_Spot,Correct,0.999382
datasets/train/Leaf_Gall/Leaf_Gall00572.jpg,Leaf_Gall,Leaf_Gall,Correct,0.999997
datasets/test/Anthrax_Leaf/Anthrax_Leaf00135.jpg,Anthrax_Leaf,Anthrax_Leaf,Correct,0.999994
datasets/test/Healthy_Leaf/Healthy_Leaf00488.jpg,Healthy_Leaf,Healthy_Leaf,Correct,0.995676
datasets/test/Leaf_Blight/Leaf_Blight00120.jpg,Leaf_Blight,Leaf_Blight,Correct,0.999958
datasets/test/Leaf_Gall/Leaf_Gall00438.jpg,Leaf_Gall,Leaf_Gall,Correct,0.999023
datasets/train/Curl_Leaf/Curl_Leaf00038.jpg,Curl_Leaf,Curl_Leaf,Correct,0.999372
datasets/test/Felt_Leaf/Felt_Leaf00241.jpg,Felt_Leaf,Felt_Leaf,Correct,0.993961
datasets/train/Leaf_Blight/Leaf_Blight00380.jpg,Leaf_Blight,Leaf_Blight,Correct,0.999960
datasets/train/Healthy_Leaf/Healthy_Leaf00265.jpg,Healthy_Leaf,Healthy_Leaf,Correct,0.999995
datasets/test/Felt_Leaf/Felt_Leaf00043.jpg,Felt_Leaf,Felt_Leaf,Correct,0.999964
datasets/test/Leaf_Blight/Leaf_Blight00558.jpg,Leaf_Blight,Leaf_Blight,Correct,0.999953
datasets/test/Fungal_Leaf_Spot/Fungal_Leaf_Spot00068.jpg,Fungal_Leaf_Spot,Fungal_Leaf_Spot,Correct,0.999999
datasets/train/Leaf_Gall/Leaf_Gall00492.jpg,Leaf_Gall,Leaf_Gall,Correct,0.999070
datasets/test/Anthrax_Leaf/Anthrax_Leaf00012.jpg,Anthrax_Leaf,Anthrax_Leaf,Correct,0.998655
datasets/test/Leaf_Gall/Leaf_Gall00074.jpg,Leaf_Gall,Leaf_Gall,Correct,0.938328
datasets/train/Fungal_Leaf_Spot/Fungal_Leaf_Spot00299.jpg,Fungal_Leaf_Spot,Fungal_Leaf_Spot,Correct,0.999991
datasets/train/Fungal_Leaf_Spot/Fungal_Leaf_Spot00212.jpg,Fungal_Leaf_Spot,Fungal_Leaf_Spot,Correct,0.999996
datasets/test/Leaf_Blight/Leaf_Blight00076.jpg,Leaf_Blight,Leaf_Blight,Correct,0.972276
datasets/train/Healthy_Leaf/Healthy_Leaf00235.jpg,Healthy_Leaf,Healthy_Leaf,Correct,0.999925
datasets/train/Felt_Leaf/Felt_Leaf00070.jpg,Felt_Leaf,Felt_Leaf,Correct,0.999711
datasets/test/Leaf_Gall/Leaf_Gall00306.jpg,Leaf_Gall,Leaf_Gall,Correct,0.999884
datasets/test/Fungal_Leaf_Spot/Fungal_Leaf_Spot00362.jpg,Fungal_Leaf_Spot,Fungal_Leaf_Spot,Correct,0.999796
datasets/test/Leaf_Blight/Leaf_Blight00517.jpg,Leaf_Blight,Leaf_Blight,Correct,0.999051
datasets/test/Curl_Leaf/Curl_Leaf00034.jpg,Curl_Leaf,Curl_Leaf,Correct,0.999997
datasets/test/Leaf_Gall/Leaf_Gall00298.jpg,Leaf_Gall,Leaf_Gall,Correct,0.999980
datasets/test/Fungal_Leaf_Spot/Fungal_Leaf_Spot00348.jpg,Fungal_Leaf_Spot,Fungal_Leaf_Spot,Correct,0.984356
datasets/train/Leaf_Gall/Leaf_Gall00526.jpg,Leaf_Gall,Leaf_Gall,Correct,0.999942
datasets/test/Felt_Leaf/Felt_Leaf00175.jpg,Felt_Leaf,Felt_Leaf,Correct,0.999667
datasets/train/Healthy_Leaf/Healthy_Leaf00058.jpg,Healthy_Leaf,Healthy_Leaf,Correct,0.999939
datasets/test/Leaf_Blight/Leaf_Blight00560.jpg,Leaf_Blight,Leaf_Blight,Correct,0.999556
datasets/train/Deficiency_Leaf/Deficiency_Leaf00087.jpg,Deficiency_Leaf,Deficiency_Leaf,Correct,0.999046
datasets/train/Deficiency_Leaf/Deficiency_Leaf00013.jpg,Deficiency_Leaf,Deficiency_Leaf,Correct,0.999876
datasets/test/Bituminous_Leaf/Bituminous_Leaf00094.jpg,Bituminous_Leaf,Bituminous_Leaf,Correct,0.999773
datasets/test/Leaf_Blight/Leaf_Blight00434.jpg,Leaf_Blight,Leaf_Blight,Correct,0.998747
datasets/test/Curl_Leaf/Curl_Leaf00112.jpg,Curl_Leaf,Curl_Leaf,Correct,0.999995
datasets/test/Leaf_Gall/Leaf_Gall00050.jpg,Leaf_Gall,Leaf_Gall,Correct,0.999422
datasets/train/Healthy_Leaf/Healthy_Leaf00102.jpg,Healthy_Leaf,Healthy_Leaf,Correct,0.999986
datasets/train/Felt_Leaf/Felt_Leaf00247.jpg,Felt_Leaf,Felt_Leaf,Correct,0.997629
datasets/train/Felt_Leaf/Felt_Leaf00242.jpg,Felt_Leaf,Felt_Leaf,Correct,0.999625
datasets/test/Leaf_Gall/Leaf_Gall00284.jpg,Leaf_Gall,Leaf_Gall,Correct,0.998162
datasets/train/Leaf_Gall/Leaf_Gall00272.jpg,Leaf_Gall,Leaf_Gall,Correct,0.999537
datasets/train/Curl_Leaf/Curl_Leaf00178.jpg,Curl_Leaf,Curl_Leaf,Correct,0.999975
datasets/test/Healthy_Leaf/Healthy_Leaf00067.jpg,Healthy_Leaf,Healthy_Leaf,Correct,0.999993
datasets/test/Dry_Leaf/Dry_Leaf00022.jpg,Dry_Leaf,Dry_Leaf,Correct,0.999928
datasets/test/Fungal_Leaf_Spot/Fungal_Leaf_Spot00118.jpg,Fungal_Leaf_Spot,Fungal_Leaf_Spot,Correct,0.999691
datasets/test/Leaf_Blight/Leaf_Blight00296.jpg,Leaf_Blight,Leaf_Blight,Correct,0.999909
datasets/test/Leaf_Gall/Leaf_Gall00228.jpg,Leaf_Gall,Leaf_Gall,Correct,0.999918
datasets/test/Fungal_Leaf_Spot/Fungal_Leaf_Spot00379.jpg,Fungal_Leaf_Spot,Fungal_Leaf_Spot,Correct,0.999972
datasets/test/Leaf_Blight/Leaf_Blight00018.jpg,Leaf_Blight,Leaf_Blight,Correct,0.999971
datasets/test/Leaf_Blight/Leaf_Blight00415.jpg,Leaf_Blight,Leaf_Blight,Correct,0.994497
datasets/test/Leaf_Blight/Leaf_Blight00386.jpg,Leaf_Blight,Leaf_Blight,Correct,0.999852
datasets/train/Fungal_Leaf_Spot/Fungal_Leaf_Spot00184.jpg,Fungal_Leaf_Spot,Fungal_Leaf_Spot,Correct,0.999998
datasets/test/Anthrax_Leaf/Anthrax_Leaf00082.jpg,Anthrax_Leaf,Anthrax_Leaf,Correct,0.999857
datasets/test/Leaf_Blight/Leaf_Blight00411.jpg,Leaf_Blight,Leaf_Gall,Incorrect,0.889919
datasets/test/Fungal_Leaf_Spot/Fungal_Leaf_Spot00329.jpg,Fungal_Leaf_Spot,Fungal_Leaf_Spot,Correct,0.999993
datasets/test/Fungal_Leaf_Spot/Fungal_Leaf_Spot00402.jpg,Fungal_Leaf_Spot,Fungal_Leaf_Spot,Correct,0.999989
datasets/test/Bituminous_Leaf/Bituminous_Leaf00022.jpg,Bituminous_Leaf,Bituminous_Leaf,Correct,0.997526
datasets/test/Leaf_Blight/Leaf_Blight00313.jpg,Leaf_Blight,Leaf_Blight,Correct,0.999887
datasets/train/Leaf_Gall/Leaf_Gall00338.jpg,Leaf_Gall,Leaf_Gall,Correct,0.782375
datasets/train/Leaf_Gall/Leaf_Gall00532.jpg,Leaf_Gall,Leaf_Gall,Correct,0.995747
datasets/train/Dry_Leaf/Dry_Leaf00248.jpg,Dry_Leaf,Dry_Leaf,Correct,0.999910
datasets/train/Leaf_Blight/Leaf_Blight00579.jpg,Leaf_Blight,Leaf_Blight,Correct,0.999822
datasets/train/Healthy_Leaf/Healthy_Leaf00197.jpg,Healthy_Leaf,Healthy_Leaf,Correct,0.999893
datasets/test/Leaf_Gall/Leaf_Gall00004.jpg,Leaf_Gall,Leaf_Gall,Correct,0.998019
datasets/train/Fungal_Leaf_Spot/Fungal_Leaf_Spot00384.jpg,Fungal_Leaf_Spot,Felt_Leaf,Incorrect,0.872156
datasets/test/Leaf_Gall/Leaf_Gall00154.jpg,Leaf_Gall,Leaf_Gall,Correct,0.993405
datasets/train/Fungal_Leaf_Spot/Fungal_Leaf_Spot00271.jpg,Fungal_Leaf_Spot,Fungal_Leaf_Spot,Correct,0.962489
datasets/test/Bituminous_Leaf/Bituminous_Leaf00085.jpg,Bituminous_Leaf,Bituminous_Leaf,Correct,0.999995
datasets/test/Leaf_Gall/Leaf_Gall00277.jpg,Leaf_Gall,Leaf_Gall,Correct,0.999816
datasets/test/Felt_Leaf/Felt_Leaf00212.jpg,Felt_Leaf,Felt_Leaf,Correct,0.999990
datasets/test/Fungal_Leaf_Spot/Fungal_Leaf_Spot00161.jpg,Fungal_Leaf_Spot,Fungal_Leaf_Spot,Correct,0.997381
datasets/train/Bituminous_Leaf/Bituminous_Leaf00019.jpg,Bituminous_Leaf,Bituminous_Leaf,Correct,0.999982
datasets/test/Dry_Leaf/Dry_Leaf00200.jpg,Dry_Leaf,Dry_Leaf,Correct,0.999955
datasets/test/Leaf_Blight/Leaf_Blight00322.jpg,Leaf_Blight,Leaf_Blight,Correct,0.999426
datasets/test/Healthy_Leaf/Healthy_Leaf00433.jpg,Healthy_Leaf,Healthy_Leaf,Correct,0.999706
datasets/test/Felt_Leaf/Felt_Leaf00210.jpg,Felt_Leaf,Felt_Leaf,Correct,0.999998
datasets/train/Leaf_Blight/Leaf_Blight00326.jpg,Leaf_Blight,Leaf_Blight,Correct,0.999964
datasets/test/Curl_Leaf/Curl_Leaf00108.jpg,Curl_Leaf,Curl_Leaf,Correct,0.999993
datasets/test/Leaf_Blight/Leaf_Blight00425.jpg,Leaf_Blight,Leaf_Blight,Correct,0.999687
datasets/train/Leaf_Blight/Leaf_Blight00029.jpg,Leaf_Blight,Leaf_Blight,Correct,0.999541
datasets/test/Dry_Leaf/Dry_Leaf00304.jpg,Dry_Leaf,Dry_Leaf,Correct,0.999998
datasets/train/Leaf_Gall/Leaf_Gall00196.jpg,Leaf_Gall,Leaf_Gall,Correct,0.999973
datasets/test/Leaf_Blight/Leaf_Blight00007.jpg,Leaf_Blight,Leaf_Blight,Correct,0.999835
datasets/test/Healthy_Leaf/Healthy_Leaf00592.jpg,Healthy_Leaf,Healthy_Leaf,Correct,0.999995
datasets/test/Felt_Leaf/Felt_Leaf00052.jpg,Felt_Leaf,Felt_Leaf,Correct,0.999976
datasets/test/Anthrax_Leaf/Anthrax_Leaf00112.jpg,Anthrax_Leaf,Anthrax_Leaf,Correct,0.999520
datasets/test/Dry_Leaf/Dry_Leaf00232.jpg,Dry_Leaf,Dry_Leaf,Correct,0.999968
datasets/train/Dry_Leaf/Dry_Leaf00217.jpg,Dry_Leaf,Dry_Leaf,Correct,0.999923
datasets/test/Bituminous_Leaf/Bituminous_Leaf00014.jpg,Bituminous_Leaf,Deficiency_Leaf,Incorrect,0.687301
datasets/test/Dry_Leaf/Dry_Leaf00139.jpg,Dry_Leaf,Dry_Leaf,Correct,0.996089
datasets/test/Dry_Leaf/Dry_Leaf00155.jpg,Dry_Leaf,Dry_Leaf,Correct,0.999874
datasets/test/Leaf_Blight/Leaf_Blight00075.jpg,Leaf_Blight,Leaf_Blight,Correct,0.522131
datasets/train/Felt_Leaf/Felt_Leaf00207.jpg,Felt_Leaf,Felt_Leaf,Correct,0.998147
datasets/test/Leaf_Gall/Leaf_Gall00463.jpg,Leaf_Gall,Felt_Leaf,Incorrect,0.491466
datasets/train/Healthy_Leaf/Healthy_Leaf00040.jpg,Healthy_Leaf,Healthy_Leaf,Correct,0.999987
datasets/test/Fungal_Leaf_Spot/Fungal_Leaf_Spot00343.jpg,Fungal_Leaf_Spot,Fungal_Leaf_Spot,Correct,0.999455
datasets/train/Leaf_Blight/Leaf_Blight00392.jpg,Leaf_Blight,Leaf_Blight,Correct,0.999713
datasets/train/Dry_Leaf/Dry_Leaf00031.jpg,Dry_Leaf,Dry_Leaf,Correct,0.999047
datasets/train/Felt_Leaf/Felt_Leaf00252.jpg,Felt_Leaf,Felt_Leaf,Correct,0.974531
datasets/test/Fungal_Leaf_Spot/Fungal_Leaf_Spot00296.jpg,Fungal_Leaf_Spot,Fungal_Leaf_Spot,Correct,0.991269
datasets/train/Healthy_Leaf/Healthy_Leaf00551.jpg,Healthy_Leaf,Healthy_Leaf,Correct,0.999978
datasets/test/Healthy_Leaf/Healthy_Leaf00385.jpg,Healthy_Leaf,Healthy_Leaf,Correct,0.999982
datasets/test/Curl_Leaf/Curl_Leaf00154.jpg,Curl_Leaf,Curl_Leaf,Correct,0.999865
datasets/test/Deficiency_Leaf/Deficiency_Leaf00045.jpg,Deficiency_Leaf,Deficiency_Leaf,Correct,0.585069
datasets/test/Curl_Leaf/Curl_Leaf00110.jpg,Curl_Leaf,Curl_Leaf,Correct,1.000000
datasets/test/Healthy_Leaf/Healthy_Leaf00232.jpg,Healthy_Leaf,Healthy_Leaf,Correct,0.999982
datasets/test/Healthy_Leaf/Healthy_Leaf00428.jpg,Healthy_Leaf,Healthy_Leaf,Correct,0.999954
datasets/test/Fungal_Leaf_Spot/Fungal_Leaf_Spot00570.jpg,Fungal_Leaf_Spot,Fungal_Leaf_Spot,Correct,0.999843
datasets/train/Leaf_Blight/Leaf_Blight00491.jpg,Leaf_Blight,Leaf_Blight,Correct,0.999979
datasets/test/Anthrax_Leaf/Anthrax_Leaf00018.jpg,Anthrax_Leaf,Anthrax_Leaf,Correct,0.940471
datasets/test/Healthy_Leaf/Healthy_Leaf00581.jpg,Healthy_Leaf,Healthy_Leaf,Correct,0.999944
datasets/test/Fungal_Leaf_Spot/Fungal_Leaf_Spot00520.jpg,Fungal_Leaf_Spot,Fungal_Leaf_Spot,Correct,0.999764
datasets/test/Leaf_Gall/Leaf_Gall00175.jpg,Leaf_Gall,Leaf_Gall,Correct,0.999880
datasets/test/Fungal_Leaf_Spot/Fungal_Leaf_Spot00430.jpg,Fungal_Leaf_Spot,Fungal_Leaf_Spot,Correct,0.999992
datasets/train/Fungal_Leaf_Spot/Fungal_Leaf_Spot00373.jpg,Fungal_Leaf_Spot,Fungal_Leaf_Spot,Correct,0.999999
datasets/test/Dry_Leaf/Dry_Leaf00029.jpg,Dry_Leaf,Dry_Leaf,Correct,0.998956
datasets/test/Fungal_Leaf_Spot/Fungal_Leaf_Spot00170.jpg,Fungal_Leaf_Spot,Fungal_Leaf_Spot,Correct,0.999999
datasets/train/Deficiency_Leaf/Deficiency_Leaf00012.jpg,Deficiency_Leaf,Deficiency_Leaf,Correct,0.999928
datasets/train/Fungal_Leaf_Spot/Fungal_Leaf_Spot00375.jpg,Fungal_Leaf_Spot,Fungal_Leaf_Spot,Correct,0.999952
datasets/test/Felt_Leaf/Felt_Leaf00156.jpg,Felt_Leaf,Felt_Leaf,Correct,0.999971
datasets/train/Leaf_Gall/Leaf_Gall00563.jpg,Leaf_Gall,Leaf_Gall,Correct,0.996651
datasets/test/Leaf_Blight/Leaf_Blight00037.jpg,Leaf_Blight,Leaf_Blight,Correct,0.999989
datasets/test/Felt_Leaf/Felt_Leaf00029.jpg,Felt_Leaf,Felt_Leaf,Correct,0.999999
datasets/train/Fungal_Leaf_Spot/Fungal_Leaf_Spot00105.jpg,Fungal_Leaf_Spot,Fungal_Leaf_Spot,Correct,0.999731
datasets/test/Dry_Leaf/Dry_Leaf00091.jpg,Dry_Leaf,Dry_Leaf,Correct,0.999522
datasets/test/Leaf_Gall/Leaf_Gall00007.jpg,Leaf_Gall,Leaf_Gall,Correct,0.996261
datasets/train/Fungal_Leaf_Spot/Fungal_Leaf_Spot00363.jpg,Fungal_Leaf_Spot,Fungal_Leaf_Spot,Correct,0.999965
datasets/test/Dry_Leaf/Dry_Leaf00343.jpg,Dry_Leaf,Dry_Leaf,Correct,0.999997
datasets/test/Leaf_Blight/Leaf_Blight00332.jpg,Leaf_Blight,Leaf_Blight,Correct,0.999866
datasets/test/Felt_Leaf/Felt_Leaf00368.jpg,Felt_Leaf,Felt_Leaf,Correct,0.999866
datasets/train/Healthy_Leaf/Healthy_Leaf00353.jpg,Healthy_Leaf,Healthy_Leaf,Correct,0.999999
datasets/train/Healthy_Leaf/Healthy_Leaf00137.jpg,Healthy_Leaf,Healthy_Leaf,Correct,0.999861
datasets/test/Fungal_Leaf_Spot/Fungal_Leaf_Spot00453.jpg,Fungal_Leaf_Spot,Felt_Leaf,Incorrect,0.922426
datasets/test/Healthy_Leaf/Healthy_Leaf00081.jpg,Healthy_Leaf,Healthy_Leaf,Correct,0.999987
datasets/test/Curl_Leaf/Curl_Leaf00115.jpg,Curl_Leaf,Curl_Leaf,Correct,0.999998
datasets/test/Dry_Leaf/Dry_Leaf00025.jpg,Dry_Leaf,Dry_Leaf,Correct,0.999806
datasets/train/Leaf_Gall/Leaf_Gall00106.jpg,Leaf_Gall,Leaf_Gall,Correct,0.999884
datasets/test/Felt_Leaf/Felt_Leaf00182.jpg,Felt_Leaf,Felt_Leaf,Correct,0.999974
datasets/train/Leaf_Gall/Leaf_Gall00380.jpg,Leaf_Gall,Leaf_Gall,Correct,0.999631
datasets/test/Healthy_Leaf/Healthy_Leaf00612.jpg,Healthy_Leaf,Healthy_Leaf,Correct,0.999988
datasets/test/Leaf_Blight/Leaf_Blight00142.jpg,Leaf_Blight,Leaf_Blight,Correct,0.997318
datasets/test/Dry_Leaf/Dry_Leaf00112.jpg,Dry_Leaf,Dry_Leaf,Correct,0.999768
datasets/test/Leaf_Gall/Leaf_Gall00031.jpg,Leaf_Gall,Leaf_Gall,Correct,0.999994
datasets/test/Leaf_Blight/Leaf_Blight00550.jpg,Leaf_Blight,Leaf_Blight,Correct,0.999719
datasets/test/Dry_Leaf/Dry_Leaf00280.jpg,Dry_Leaf,Dry_Leaf,Correct,0.999989
datasets/test/Leaf_Gall/Leaf_Gall00213.jpg,Leaf_Gall,Leaf_Gall,Correct,0.999968
datasets/test/Leaf_Gall/Leaf_Gall00539.jpg,Leaf_Gall,Leaf_Gall,Correct,0.998536
datasets/test/Felt_Leaf/Felt_Leaf00235.jpg,Felt_Leaf,Felt_Leaf,Correct,0.998470
datasets/train/Fungal_Leaf_Spot/Fungal_Leaf_Spot00524.jpg,Fungal_Leaf_Spot,Fungal_Leaf_Spot,Correct,0.999997
datasets/train/Leaf_Gall/Leaf_Gall00162.jpg,Leaf_Gall,Leaf_Gall,Correct,0.999620
datasets/test/Healthy_Leaf/Healthy_Leaf00246.jpg,Healthy_Leaf,Healthy_Leaf,Correct,0.999951
datasets/test/Leaf_Blight/Leaf_Blight00445.jpg,Leaf_Blight,Leaf_Blight,Correct,0.999966
datasets/test/Leaf_Gall/Leaf_Gall00377.jpg,Leaf_Gall,Leaf_Gall,Correct,0.999963
datasets/test/Healthy_Leaf/Healthy_Leaf00297.jpg,Healthy_Leaf,Healthy_Leaf,Correct,0.999994
datasets/train/Leaf_Gall/Leaf_Gall00281.jpg,Leaf_Gall,Leaf_Gall,Correct,0.999762
datasets/test/Leaf_Blight/Leaf_Blight00079.jpg,Leaf_Blight,Leaf_Blight,Correct,0.999564
datasets/test/Leaf_Gall/Leaf_Gall00011.jpg,Leaf_Gall,Leaf_Gall,Correct,0.966766
datasets/train/Fungal_Leaf_Spot/Fungal_Leaf_Spot00188.jpg,Fungal_Leaf_Spot,Fungal_Leaf_Spot,Correct,0.999975
datasets/train/Fungal_Leaf_Spot/Fungal_Leaf_Spot00359.jpg,Fungal_Leaf_Spot,Fungal_Leaf_Spot,Correct,0.999986
datasets/test/Leaf_Gall/Leaf_Gall00402.jpg,Leaf_Gall,Leaf_Gall,Correct,0.993034
datasets/train/Fungal_Leaf_Spot/Fungal_Leaf_Spot00428.jpg,Fungal_Leaf_Spot,Fungal_Leaf_Spot,Correct,0.999999
datasets/test/Leaf_Blight/Leaf_Blight00241.jpg,Leaf_Blight,Leaf_Blight,Correct,0.999922
datasets/test/Leaf_Gall/Leaf_Gall00250.jpg,Leaf_Gall,Leaf_Gall,Correct,0.999026
datasets/train/Curl_Leaf/Curl_Leaf00018.jpg,Curl_Leaf,Curl_Leaf,Correct,0.974666
datasets/test/Felt_Leaf/Felt_Leaf00079.jpg,Felt_Leaf,Felt_Leaf,Correct,0.986340
datasets/test/Leaf_Blight/Leaf_Blight00441.jpg,Leaf_Blight,Leaf_Blight,Correct,0.999619
datasets/test/Felt_Leaf/Felt_Leaf00248.jpg,Felt_Leaf,Felt_Leaf,Correct,0.997173
datasets/test/Deficiency_Leaf/Deficiency_Leaf00068.jpg,Deficiency_Leaf,Deficiency_Leaf,Correct,0.997926
datasets/test/Dry_Leaf/Dry_Leaf00001.jpg,Dry_Leaf,Dry_Leaf,Correct,0.999844
datasets/train/Leaf_Blight/Leaf_Blight00447.jpg,Leaf_Blight,Leaf_Blight,Correct,0.999762
datasets/train/Leaf_Blight/Leaf_Blight00211.jpg,Leaf_Blight,Leaf_Blight,Correct,0.954931
datasets/train/Bituminous_Leaf/Bituminous_Leaf00009.jpg,Bituminous_Leaf,Bituminous_Leaf,Correct,0.999652
datasets/train/Leaf_Blight/Leaf_Blight00109.jpg,Leaf_Blight,Leaf_Blight,Correct,0.999873
datasets/train/Healthy_Leaf/Healthy_Leaf00041.jpg,Healthy_Leaf,Healthy_Leaf,Correct,0.999969
datasets/train/Anthrax_Leaf/Anthrax_Leaf00114.jpg,Anthrax_Leaf,Anthrax_Leaf,Correct,0.940406
datasets/train/Leaf_Blight/Leaf_Blight00113.jpg,Leaf_Blight,Leaf_Blight,Correct,0.999919
datasets/test/Leaf_Blight/Leaf_Blight00339.jpg,Leaf_Blight,Leaf_Blight,Correct,0.999752
datasets/train/Leaf_Gall/Leaf_Gall00427.jpg,Leaf_Gall,Leaf_Gall,Correct,0.997981
datasets/test/Fungal_Leaf_Spot/Fungal_Leaf_Spot00173.jpg,Fungal_Leaf_Spot,Fungal_Leaf_Spot,Correct,0.999999
datasets/train/Leaf_Blight/Leaf_Blight00407.jpg,Leaf_Blight,Leaf_Blight,Correct,0.999776
datasets/test/Healthy_Leaf/Healthy_Leaf00281.jpg,Healthy_Leaf,Healthy_Leaf,Correct,0.999981
datasets/test/Leaf_Blight/Leaf_Blight00387.jpg,Leaf_Blight,Leaf_Blight,Correct,0.999945
datasets/train/Dry_Leaf/Dry_Leaf00064.jpg,Dry_Leaf,Dry_Leaf,Correct,0.999881
datasets/train/Leaf_Gall/Leaf_Gall00599.jpg,Leaf_Gall,Leaf_Gall,Correct,0.989666
datasets/test/Leaf_Blight/Leaf_Blight00255.jpg,Leaf_Blight,Leaf_Blight,Correct,0.999312
datasets/train/Fungal_Leaf_Spot/Fungal_Leaf_Spot00205.jpg,Fungal_Leaf_Spot,Fungal_Leaf_Spot,Correct,0.999481
datasets/test/Curl_Leaf/Curl_Leaf00035.jpg,Curl_Leaf,Curl_Leaf,Correct,0.589315
datasets/test/Leaf_Gall/Leaf_Gall00409.jpg,Leaf_Gall,Leaf_Gall,Correct,0.998464
datasets/train/Fungal_Leaf_Spot/Fungal_Leaf_Spot00049.jpg,Fungal_Leaf_Spot,Fungal_Leaf_Spot,Correct,0.999999
datasets/test/Healthy_Leaf/Healthy_Leaf00008.jpg,Healthy_Leaf,Healthy_Leaf,Correct,0.999990
datasets/test/Healthy_Leaf/Healthy_Leaf00054.jpg,Healthy_Leaf,Healthy_Leaf,Correct,0.999999
datasets/test/Leaf_Blight/Leaf_Blight00314.jpg,Leaf_Blight,Leaf_Blight,Correct,0.999783
datasets/train/Curl_Leaf/Curl_Leaf00123.jpg,Curl_Leaf,Curl_Leaf,Correct,0.984147
datasets/test/Leaf_Blight/Leaf_Blight00524.jpg,Leaf_Blight,Leaf_Blight,Correct,0.999652
datasets/test/Felt_Leaf/Felt_Leaf00100.jpg,Felt_Leaf,Felt_Leaf,Correct,0.999984
datasets/test/Felt_Leaf/Felt_Leaf00334.jpg,Felt_Leaf,Felt_Leaf,Correct,0.999891
datasets/train/Leaf_Gall/Leaf_Gall00230.jpg,Leaf_Gall,Leaf_Gall,Correct,0.999927
datasets/train/Felt_Leaf/Felt_Leaf00237.jpg,Felt_Leaf,Felt_Leaf,Correct,0.994705
datasets/test/Leaf_Blight/Leaf_Blight00260.jpg,Leaf_Blight,Leaf_Blight,Correct,0.995650
datasets/train/Leaf_Blight/Leaf_Blight00514.jpg,Leaf_Blight,Leaf_Blight,Correct,0.997864
datasets/train/Leaf_Gall/Leaf_Gall00111.jpg,Leaf_Gall,Leaf_Gall,Correct,0.999952
datasets/train/Leaf_Gall/Leaf_Gall00592.jpg,Leaf_Gall,Leaf_Gall,Correct,0.992453
datasets/train/Leaf_Blight/Leaf_Blight00227.jpg,Leaf_Blight,Leaf_Blight,Correct,0.998194
datasets/test/Fungal_Leaf_Spot/Fungal_Leaf_Spot00301.jpg,Fungal_Leaf_Spot,Fungal_Leaf_Spot,Correct,1.000000
datasets/test/Healthy_Leaf/Healthy_Leaf00085.jpg,Healthy_Leaf,Healthy_Leaf,Correct,0.999956
datasets/train/Felt_Leaf/Felt_Leaf00311.jpg,Felt_Leaf,Felt_Leaf,Correct,0.999899
datasets/test/Healthy_Leaf/Healthy_Leaf00140.jpg,Healthy_Leaf,Healthy_Leaf,Correct,0.999990
datasets/test/Anthrax_Leaf/Anthrax_Leaf00103.jpg,Anthrax_Leaf,Anthrax_Leaf,Correct,0.994802
datasets/test/Dry_Leaf/Dry_Leaf00148.jpg,Dry_Leaf,Dry_Leaf,Correct,0.999929
datasets/test/Bituminous_Leaf/Bituminous_Leaf00081.jpg,Bituminous_Leaf,Bituminous_Leaf,Correct,0.999914
datasets/train/Leaf_Gall/Leaf_Gall00571.jpg,Leaf_Gall,Leaf_Gall,Correct,0.999944
datasets/train/Anthrax_Leaf/Anthrax_Leaf00038.jpg,Anthrax_Leaf,Anthrax_Leaf,Correct,0.999993
datasets/test/Felt_Leaf/Felt_Leaf00076.jpg,Felt_Leaf,Felt_Leaf,Correct,0.997596
datasets/train/Healthy_Leaf/Healthy_Leaf00123.jpg,Healthy_Leaf,Healthy_Leaf,Correct,0.999989
datasets/test/Healthy_Leaf/Healthy_Leaf00555.jpg,Healthy_Leaf,Healthy_Leaf,Correct,0.999993
datasets/test/Healthy_Leaf/Healthy_Leaf00394.jpg,Healthy_Leaf,Healthy_Leaf,Correct,0.999927
datasets/test/Leaf_Gall/Leaf_Gall00446.jpg,Leaf_Gall,Leaf_Gall,Correct,0.987628
datasets/test/Leaf_Blight/Leaf_Blight00297.jpg,Leaf_Blight,Leaf_Blight,Correct,0.998654
datasets/train/Leaf_Gall/Leaf_Gall00578.jpg,Leaf_Gall,Leaf_Gall,Correct,0.999922
datasets/test/Leaf_Blight/Leaf_Blight00303.jpg,Leaf_Blight,Leaf_Blight,Correct,0.998839
datasets/train/Leaf_Blight/Leaf_Blight00129.jpg,Leaf_Blight,Leaf_Blight,Correct,0.999562
datasets/train/Fungal_Leaf_Spot/Fungal_Leaf_Spot00012.jpg,Fungal_Leaf_Spot,Fungal_Leaf_Spot,Correct,0.999996
datasets/test/Curl_Leaf/Curl_Leaf00012.jpg,Curl_Leaf,Curl_Leaf,Correct,0.999998
datasets/test/Leaf_Gall/Leaf_Gall00428.jpg,Leaf_Gall,Leaf_Gall,Correct,0.999901
datasets/test/Anthrax_Leaf/Anthrax_Leaf00025.jpg,Anthrax_Leaf,Anthrax_Leaf,Correct,0.981990
datasets/train/Felt_Leaf/Felt_Leaf00288.jpg,Felt_Leaf,Felt_Leaf,Correct,0.996715
datasets/test/Leaf_Gall/Leaf_Gall00295.jpg,Leaf_Gall,Leaf_Gall,Correct,0.999977
datasets/test/Leaf_Gall/Leaf_Gall00366.jpg,Leaf_Gall,Leaf_Gall,Correct,0.999928
datasets/train/Fungal_Leaf_Spot/Fungal_Leaf_Spot00349.jpg,Fungal_Leaf_Spot,Fungal_Leaf_Spot,Correct,0.999950
datasets/test/Curl_Leaf/Curl_Leaf00016.jpg,Curl_Leaf,Curl_Leaf,Correct,0.999743
datasets/test/Felt_Leaf/Felt_Leaf00045.jpg,Felt_Leaf,Felt_Leaf,Correct,0.999996
datasets/test/Leaf_Gall/Leaf_Gall00399.jpg,Leaf_Gall,Leaf_Gall,Correct,0.965516
datasets/train/Felt_Leaf/Felt_Leaf00228.jpg,Felt_Leaf,Felt_Leaf,Correct,0.999671
datasets/test/Healthy_Leaf/Healthy_Leaf00358.jpg,Healthy_Leaf,Healthy_Leaf,Correct,0.999989
datasets/train/Fungal_Leaf_Spot/Fungal_Leaf_Spot00513.jpg,Fungal_Leaf_Spot,Fungal_Leaf_Spot,Correct,0.999466
datasets/train/Healthy_Leaf/Healthy_Leaf00056.jpg,Healthy_Leaf,Healthy_Leaf,Correct,0.999991
datasets/test/Deficiency_Leaf/Deficiency_Leaf00083.jpg,Deficiency_Leaf,Deficiency_Leaf,Correct,0.819340
datasets/test/Fungal_Leaf_Spot/Fungal_Leaf_Spot00557.jpg,Fungal_Leaf_Spot,Fungal_Leaf_Spot,Correct,0.996730
datasets/train/Leaf_Blight/Leaf_Blight00267.jpg,Leaf_Blight,Leaf_Blight,Correct,0.997410
datasets/test/Dry_Leaf/Dry_Leaf00312.jpg,Dry_Leaf,Dry_Leaf,Correct,0.999998
datasets/test/Leaf_Blight/Leaf_Blight00450.jpg,Leaf_Blight,Leaf_Blight,Correct,0.999977
datasets/train/Leaf_Blight/Leaf_Blight00385.jpg,Leaf_Blight,Leaf_Blight,Correct,0.999699
datasets/test/Fungal_Leaf_Spot/Fungal_Leaf_Spot00136.jpg,Fungal_Leaf_Spot,Fungal_Leaf_Spot,Correct,0.999729
datasets/test/Anthrax_Leaf/Anthrax_Leaf00052.jpg,Anthrax_Leaf,Anthrax_Leaf,Correct,0.999963
datasets/train/Healthy_Leaf/Healthy_Leaf00609.jpg,Healthy_Leaf,Healthy_Leaf,Correct,0.999995
datasets/test/Dry_Leaf/Dry_Leaf00270.jpg,Dry_Leaf,Dry_Leaf,Correct,0.999999
datasets/train/Healthy_Leaf/Healthy_Leaf00546.jpg,Healthy_Leaf,Healthy_Leaf,Correct,0.999993
datasets/test/Bituminous_Leaf/Bituminous_Leaf00130.jpg,Bituminous_Leaf,Bituminous_Leaf,Correct,0.999908
datasets/train/Fungal_Leaf_Spot/Fungal_Leaf_Spot00165.jpg,Fungal_Leaf_Spot,Fungal_Leaf_Spot,Correct,0.999984
datasets/test/Felt_Leaf/Felt_Leaf00196.jpg,Felt_Leaf,Felt_Leaf,Correct,0.997056
datasets/train/Leaf_Gall/Leaf_Gall00296.jpg,Leaf_Gall,Leaf_Gall,Correct,0.999941
datasets/train/Leaf_Blight/Leaf_Blight00359.jpg,Leaf_Blight,Leaf_Blight,Correct,0.999848
datasets/train/Leaf_Gall/Leaf_Gall00027.jpg,Leaf_Gall,Leaf_Gall,Correct,0.999920
datasets/train/Fungal_Leaf_Spot/Fungal_Leaf_Spot00449.jpg,Fungal_Leaf_Spot,Fungal_Leaf_Spot,Correct,0.999800
datasets/train/Leaf_Blight/Leaf_Blight00088.jpg,Leaf_Blight,Leaf_Blight,Correct,0.999752
datasets/train/Fungal_Leaf_Spot/Fungal_Leaf_Spot00092.jpg,Fungal_Leaf_Spot,Fungal_Leaf_Spot,Correct,0.998182
datasets/test/Healthy_Leaf/Healthy_Leaf00470.jpg,Healthy_Leaf,Healthy_Leaf,Correct,0.999998
datasets/train/Fungal_Leaf_Spot/Fungal_Leaf_Spot00167.jpg,Fungal_Leaf_Spot,Fungal_Leaf_Spot,Correct,0.999997
datasets/test/Healthy_Leaf/Healthy_Leaf00210.jpg,Healthy_Leaf,Healthy_Leaf,Correct,0.999874
datasets/test/Leaf_Blight/Leaf_Blight00266.jpg,Leaf_Blight,Leaf_Blight,Correct,0.996538
datasets/train/Dry_Leaf/Dry_Leaf00110.jpg,Dry_Leaf,Dry_Leaf,Correct,0.999992
datasets/train/Leaf_Blight/Leaf_Blight00074.jpg,Leaf_Blight,Leaf_Blight,Correct,0.936379
datasets/test/Healthy_Leaf/Healthy_Leaf00103.jpg,Healthy_Leaf,Healthy_Leaf,Correct,0.999971
datasets/test/Fungal_Leaf_Spot/Fungal_Leaf_Spot00266.jpg,Fungal_Leaf_Spot,Fungal_Leaf_Spot,Correct,0.980268
datasets/test/Leaf_Blight/Leaf_Blight00423.jpg,Leaf_Blight,Leaf_Blight,Correct,0.999959
datasets/test/Leaf_Blight/Leaf_Blight00574.jpg,Leaf_Blight,Leaf_Blight,Correct,0.933816
datasets/train/Leaf_Blight/Leaf_Blight00534.jpg,Leaf_Blight,Leaf_Blight,Correct,0.999431
datasets/train/Deficiency_Leaf/Deficiency_Leaf00054.jpg,Deficiency_Leaf,Deficiency_Leaf,Correct,0.996536
datasets/train/Healthy_Leaf/Healthy_Leaf00352.jpg,Healthy_Leaf,Healthy_Leaf,Correct,0.999999
datasets/train/Bituminous_Leaf/Bituminous_Leaf00135.jpg,Bituminous_Leaf,Bituminous_Leaf,Correct,0.997033
datasets/train/Dry_Leaf/Dry_Leaf00055.jpg,Dry_Leaf,Dry_Leaf,Correct,0.999912
datasets/test/Felt_Leaf/Felt_Leaf00143.jpg,Felt_Leaf,Felt_Leaf,Correct,0.999995
datasets/test/Fungal_Leaf_Spot/Fungal_Leaf_Spot00474.jpg,Fungal_Leaf_Spot,Fungal_Leaf_Spot,Correct,1.000000
datasets/train/Felt_Leaf/Felt_Leaf00347.jpg,Felt_Leaf,Felt_Leaf,Correct,0.999971
datasets/test/Felt_Leaf/Felt_Leaf00012.jpg,Felt_Leaf,Felt_Leaf,Correct,0.968086
datasets/test/Leaf_Blight/Leaf_Blight00547.jpg,Leaf_Blight,Leaf_Blight,Correct,0.999834
datasets/train/Bituminous_Leaf/Bituminous_Leaf00039.jpg,Bituminous_Leaf,Bituminous_Leaf,Correct,0.999982
datasets/test/Leaf_Gall/Leaf_Gall00567.jpg,Leaf_Gall,Leaf_Gall,Correct,0.999318
datasets/train/Dry_Leaf/Dry_Leaf00233.jpg,Dry_Leaf,Dry_Leaf,Correct,0.999937
datasets/test/Leaf_Blight/Leaf_Blight00028.jpg,Leaf_Blight,Leaf_Blight,Correct,0.999734
datasets/train/Fungal_Leaf_Spot/Fungal_Leaf_Spot00519.jpg,Fungal_Leaf_Spot,Fungal_Leaf_Spot,Correct,0.999445
datasets/test/Healthy_Leaf/Healthy_Leaf00437.jpg,Healthy_Leaf,Healthy_Leaf,Correct,0.999698
datasets/test/Bituminous_Leaf/Bituminous_Leaf00011.jpg,Bituminous_Leaf,Bituminous_Leaf,Correct,0.999186
datasets/train/Fungal_Leaf_Spot/Fungal_Leaf_Spot00544.jpg,Fungal_Leaf_Spot,Fungal_Leaf_Spot,Correct,0.999997
datasets/test/Healthy_Leaf/Healthy_Leaf00589.jpg,Healthy_Leaf,Healthy_Leaf,Correct,0.999998
datasets/train/Healthy_Leaf/Healthy_Leaf00022.jpg,Healthy_Leaf,Healthy_Leaf,Correct,0.999992
datasets/test/Healthy_Leaf/Healthy_Leaf00185.jpg,Healthy_Leaf,Healthy_Leaf,Correct,0.999409
datasets/test/Fungal_Leaf_Spot/Fungal_Leaf_Spot00110.jpg,Fungal_Leaf_Spot,Fungal_Leaf_Spot,Correct,0.999999
datasets/train/Fungal_Leaf_Spot/Fungal_Leaf_Spot00522.jpg,Fungal_Leaf_Spot,Fungal_Leaf_Spot,Correct,0.999869
datasets/test/Healthy_Leaf/Healthy_Leaf00627.jpg,Healthy_Leaf,Healthy_Leaf,Correct,0.999901
datasets/train/Healthy_Leaf/Healthy_Leaf00317.jpg,Healthy_Leaf,Healthy_Leaf,Correct,0.999976
datasets/test/Felt_Leaf/Felt_Leaf00172.jpg,Felt_Leaf,Felt_Leaf,Correct,0.999992
datasets/test/Dry_Leaf/Dry_Leaf00273.jpg,Dry_Leaf,Dry_Leaf,Correct,0.999991
datasets/train/Leaf_Blight/Leaf_Blight00035.jpg,Leaf_Blight,Leaf_Blight,Correct,0.999807
datasets/train/Fungal_Leaf_Spot/Fungal_Leaf_Spot00227.jpg,Fungal_Leaf_Spot,Fungal_Leaf_Spot,Correct,0.999997
datasets/test/Leaf_Gall/Leaf_Gall00254.jpg,Leaf_Gall,Leaf_Gall,Correct,0.998305
datasets/train/Leaf_Gall/Leaf_Gall00263.jpg,Leaf_Gall,Leaf_Gall,Correct,0.994514
datasets/test/Healthy_Leaf/Healthy_Leaf00330.jpg,Healthy_Leaf,Healthy_Leaf,Correct,0.999789
datasets/train/Curl_Leaf/Curl_Leaf00025.jpg,Curl_Leaf,Curl_Leaf,Correct,1.000000
datasets/test/Leaf_Gall/Leaf_Gall00001.jpg,Leaf_Gall,Felt_Leaf,Incorrect,0.669772
datasets/train/Healthy_Leaf/Healthy_Leaf00162.jpg,Healthy_Leaf,Healthy_Leaf,Correct,0.999968
datasets/train/Deficiency_Leaf/Deficiency_Leaf00056.jpg,Deficiency_Leaf,Curl_Leaf,Incorrect,0.841589
datasets/test/Leaf_Blight/Leaf_Blight00317.jpg,Leaf_Blight,Leaf_Blight,Correct,0.999902
datasets/test/Fungal_Leaf_Spot/Fungal_Leaf_Spot00084.jpg,Fungal_Leaf_Spot,Fungal_Leaf_Spot,Correct,0.999987
datasets/train/Fungal_Leaf_Spot/Fungal_Leaf_Spot00256.jpg,Fungal_Leaf_Spot,Fungal_Leaf_Spot,Correct,0.999982
datasets/test/Leaf_Gall/Leaf_Gall00615.jpg,Leaf_Gall,Leaf_Gall,Correct,0.994892
datasets/test/Felt_Leaf/Felt_Leaf00265.jpg,Felt_Leaf,Felt_Leaf,Correct,0.824410
datasets/test/Felt_Leaf/Felt_Leaf00106.jpg,Felt_Leaf,Felt_Leaf,Correct,0.999956
datasets/test/Leaf_Gall/Leaf_Gall00297.jpg,Leaf_Gall,Leaf_Gall,Correct,0.999987
datasets/train/Dry_Leaf/Dry_Leaf00298.jpg,Dry_Leaf,Dry_Leaf,Correct,0.999983
datasets/train/Anthrax_Leaf/Anthrax_Leaf00022.jpg,Anthrax_Leaf,Anthrax_Leaf,Correct,0.997998
datasets/test/Leaf_Gall/Leaf_Gall00280.jpg,Leaf_Gall,Leaf_Gall,Correct,0.999024
datasets/train/Leaf_Blight/Leaf_Blight00395.jpg,Leaf_Blight,Leaf_Blight,Correct,0.999595
datasets/train/Felt_Leaf/Felt_Leaf00168.jpg,Felt_Leaf,Felt_Leaf,Correct,0.995703
datasets/train/Anthrax_Leaf/Anthrax_Leaf00049.jpg,Anthrax_Leaf,Anthrax_Leaf,Correct,0.999864
datasets/test/Healthy_Leaf/Healthy_Leaf00573.jpg,Healthy_Leaf,Healthy_Leaf,Correct,0.999994
datasets/train/Leaf_Blight/Leaf_Blight00490.jpg,Leaf_Blight,Leaf_Blight,Correct,0.999993
datasets/test/Healthy_Leaf/Healthy_Leaf00351.jpg,Healthy_Leaf,Healthy_Leaf,Correct,0.999972
datasets/test/Felt_Leaf/Felt_Leaf00277.jpg,Felt_Leaf,Felt_Leaf,Correct,0.999460
datasets/test/Dry_Leaf/Dry_Leaf00048.jpg,Dry_Leaf,Dry_Leaf,Correct,0.999564
datasets/test/Leaf_Gall/Leaf_Gall00088.jpg,Leaf_Gall,Leaf_Gall,Correct,0.999999
datasets/test/Bituminous_Leaf/Bituminous_Leaf00113.jpg,Bituminous_Leaf,Bituminous_Leaf,Correct,0.999930
datasets/train/Fungal_Leaf_Spot/Fungal_Leaf_Spot00113.jpg,Fungal_Leaf_Spot,Fungal_Leaf_Spot,Correct,0.999999
datasets/train/Healthy_Leaf/Healthy_Leaf00258.jpg,Healthy_Leaf,Healthy_Leaf,Correct,0.999980
datasets/train/Leaf_Blight/Leaf_Blight00426.jpg,Leaf_Blight,Leaf_Blight,Correct,0.998422
datasets/train/Anthrax_Leaf/Anthrax_Leaf00064.jpg,Anthrax_Leaf,Anthrax_Leaf,Correct,0.999983
datasets/test/Leaf_Blight/Leaf_Blight00119.jpg,Leaf_Blight,Leaf_Blight,Correct,0.999970
datasets/train/Fungal_Leaf_Spot/Fungal_Leaf_Spot00407.jpg,Fungal_Leaf_Spot,Fungal_Leaf_Spot,Correct,0.999999
datasets/test/Curl_Leaf/Curl_Leaf00133.jpg,Curl_Leaf,Curl_Leaf,Correct,0.999440
datasets/train/Bituminous_Leaf/Bituminous_Leaf00073.jpg,Bituminous_Leaf,Bituminous_Leaf,Correct,0.999927
datasets/train/Bituminous_Leaf/Bituminous_Leaf00029.jpg,Bituminous_Leaf,Bituminous_Leaf,Correct,0.999920
datasets/train/Leaf_Blight/Leaf_Blight00242.jpg,Leaf_Blight,Leaf_Blight,Correct,0.997865
datasets/test/Leaf_Gall/Leaf_Gall00414.jpg,Leaf_Gall,Leaf_Gall,Correct,0.985676
datasets/train/Leaf_Gall/Leaf_Gall00136.jpg,Leaf_Gall,Leaf_Gall,Correct,0.998727
datasets/test/Deficiency_Leaf/Deficiency_Leaf00072.jpg,Deficiency_Leaf,Deficiency_Leaf,Correct,0.999391
datasets/test/Leaf_Gall/Leaf_Gall00555.jpg,Leaf_Gall,Leaf_Gall,Correct,1.000000
datasets/test/Leaf_Gall/Leaf_Gall00279.jpg,Leaf_Gall,Leaf_Gall,Correct,0.998194
datasets/test/Bituminous_Leaf/Bituminous_Leaf00091.jpg,Bituminous_Leaf,Bituminous_Leaf,Correct,0.999967
datasets/test/Dry_Leaf/Dry_Leaf00193.jpg,Dry_Leaf,Dry_Leaf,Correct,0.999992
datasets/train/Felt_Leaf/Felt_Leaf00002.jpg,Felt_Leaf,Felt_Leaf,Correct,0.998953
datasets/test/Fungal_Leaf_Spot/Fungal_Leaf_Spot00511.jpg,Fungal_Leaf_Spot,Fungal_Leaf_Spot,Correct,0.999999
datasets/test/Bituminous_Leaf/Bituminous_Leaf00133.jpg,Bituminous_Leaf,Bituminous_Leaf,Correct,1.000000
datasets/test/Dry_Leaf/Dry_Leaf00283.jpg,Dry_Leaf,Dry_Leaf,Correct,0.999997
datasets/test/Leaf_Gall/Leaf_Gall00022.jpg,Leaf_Gall,Leaf_Gall,Correct,0.999582
datasets/test/Anthrax_Leaf/Anthrax_Leaf00063.jpg,Anthrax_Leaf,Anthrax_Leaf,Correct,0.998916
datasets/train/Healthy_Leaf/Healthy_Leaf00168.jpg,Healthy_Leaf,Healthy_Leaf,Correct,0.999989
datasets/test/Dry_Leaf/Dry_Leaf00222.jpg,Dry_Leaf,Dry_Leaf,Correct,0.999974
datasets/test/Felt_Leaf/Felt_Leaf00080.jpg,Felt_Leaf,Felt_Leaf,Correct,0.979653
datasets/test/Healthy_Leaf/Healthy_Leaf00386.jpg,Healthy_Leaf,Healthy_Leaf,Correct,0.993874
datasets/test/Felt_Leaf/Felt_Leaf00011.jpg,Felt_Leaf,Anthrax_Leaf,Incorrect,0.991926
datasets/train/Fungal_Leaf_Spot/Fungal_Leaf_Spot00277.jpg,Fungal_Leaf_Spot,Fungal_Leaf_Spot,Correct,0.977076
datasets/train/Leaf_Gall/Leaf_Gall00324.jpg,Leaf_Gall,Leaf_Gall,Correct,0.999981
datasets/train/Dry_Leaf/Dry_Leaf00303.jpg,Dry_Leaf,Dry_Leaf,Correct,0.999995
datasets/test/Leaf_Blight/Leaf_Blight00440.jpg,Leaf_Blight,Leaf_Blight,Correct,0.996331
datasets/test/Felt_Leaf/Felt_Leaf00319.jpg,Felt_Leaf,Felt_Leaf,Correct,0.994123
datasets/test/Felt_Leaf/Felt_Leaf00291.jpg,Felt_Leaf,Felt_Leaf,Correct,0.999991
datasets/train/Felt_Leaf/Felt_Leaf00382.jpg,Felt_Leaf,Felt_Leaf,Correct,0.999967
datasets/test/Leaf_Blight/Leaf_Blight00438.jpg,Leaf_Blight,Leaf_Blight,Correct,0.999576
datasets/test/Healthy_Leaf/Healthy_Leaf00481.jpg,Healthy_Leaf,Healthy_Leaf,Correct,0.995717
datasets/train/Healthy_Leaf/Healthy_Leaf00548.jpg,Healthy_Leaf,Healthy_Leaf,Correct,0.999505
datasets/test/Curl_Leaf/Curl_Leaf00013.jpg,Curl_Leaf,Curl_Leaf,Correct,0.999996
datasets/test/Leaf_Gall/Leaf_Gall00445.jpg,Leaf_Gall,Leaf_Gall,Correct,0.928862
datasets/test/Dry_Leaf/Dry_Leaf00338.jpg,Dry_Leaf,Dry_Leaf,Correct,0.999996
datasets/train/Healthy_Leaf/Healthy_Leaf00617.jpg,Healthy_Leaf,Healthy_Leaf,Correct,0.999948
datasets/train/Leaf_Blight/Leaf_Blight00047.jpg,Leaf_Blight,Leaf_Blight,Correct,0.976443
datasets/test/Fungal_Leaf_Spot/Fungal_Leaf_Spot00486.jpg,Fungal_Leaf_Spot,Fungal_Leaf_Spot,Correct,0.999943
datasets/test/Curl_Leaf/Curl_Leaf00104.jpg,Curl_Leaf,Curl_Leaf,Correct,0.999987
datasets/test/Leaf_Blight/Leaf_Blight00388.jpg,Leaf_Blight,Leaf_Blight,Correct,0.999131
datasets/test/Bituminous_Leaf/Bituminous_Leaf00003.jpg,Bituminous_Leaf,Bituminous_Leaf,Correct,0.984294
datasets/test/Dry_Leaf/Dry_Leaf00323.jpg,Dry_Leaf,Dry_Leaf,Correct,0.999999
datasets/train/Leaf_Blight/Leaf_Blight00488.jpg,Leaf_Blight,Leaf_Blight,Correct,0.998062
datasets/test/Leaf_Blight/Leaf_Blight00117.jpg,Leaf_Blight,Leaf_Blight,Correct,0.997494
datasets/test/Felt_Leaf/Felt_Leaf00139.jpg,Felt_Leaf,Felt_Leaf,Correct,0.999993
datasets/test/Fungal_Leaf_Spot/Fungal_Leaf_Spot00517.jpg,Fungal_Leaf_Spot,Fungal_Leaf_Spot,Correct,0.999998
datasets/test/Leaf_Blight/Leaf_Blight00429.jpg,Leaf_Blight,Leaf_Blight,Correct,0.998443
datasets/train/Leaf_Gall/Leaf_Gall00013.jpg,Leaf_Gall,Leaf_Gall,Correct,0.998996
datasets/test/Healthy_Leaf/Healthy_Leaf00014.jpg,Healthy_Leaf,Felt_Leaf,Incorrect,0.676206
datasets/test/Leaf_Gall/Leaf_Gall00484.jpg,Leaf_Gall,Leaf_Gall,Correct,0.999993
datasets/test/Bituminous_Leaf/Bituminous_Leaf00051.jpg,Bituminous_Leaf,Bituminous_Leaf,Correct,0.998065
datasets/test/Leaf_Blight/Leaf_Blight00536.jpg,Leaf_Blight,Leaf_Blight,Correct,0.999692
datasets/test/Leaf_Blight/Leaf_Blight00350.jpg,Leaf_Blight,Leaf_Blight,Correct,0.997659
datasets/train/Leaf_Blight/Leaf_Blight00474.jpg,Leaf_Blight,Leaf_Blight,Correct,0.999996
datasets/test/Bituminous_Leaf/Bituminous_Leaf00114.jpg,Bituminous_Leaf,Bituminous_Leaf,Correct,0.999912
datasets/test/Leaf_Gall/Leaf_Gall00391.jpg,Leaf_Gall,Leaf_Gall,Correct,0.998468
datasets/train/Dry_Leaf/Dry_Leaf00032.jpg,Dry_Leaf,Dry_Leaf,Correct,0.999805
datasets/test/Anthrax_Leaf/Anthrax_Leaf00085.jpg,Anthrax_Leaf,Anthrax_Leaf,Correct,0.999967
datasets/train/Dry_Leaf/Dry_Leaf00315.jpg,Dry_Leaf,Dry_Leaf,Correct,0.999998
datasets/train/Deficiency_Leaf/Deficiency_Leaf00122.jpg,Deficiency_Leaf,Deficiency_Leaf,Correct,0.999679
datasets/train/Leaf_Gall/Leaf_Gall00326.jpg,Leaf_Gall,Leaf_Gall,Correct,0.999977
datasets/train/Fungal_Leaf_Spot/Fungal_Leaf_Spot00563.jpg,Fungal_Leaf_Spot,Fungal_Leaf_Spot,Correct,0.730618
datasets/test/Leaf_Blight/Leaf_Blight00067.jpg,Leaf_Blight,Leaf_Blight,Correct,0.994207
datasets/test/Bituminous_Leaf/Bituminous_Leaf00076.jpg,Bituminous_Leaf,Bituminous_Leaf,Correct,0.999821
datasets/test/Leaf_Blight/Leaf_Blight00369.jpg,Leaf_Blight,Leaf_Blight,Correct,0.998938
datasets/train/Leaf_Blight/Leaf_Blight00352.jpg,Leaf_Blight,Leaf_Blight,Correct,0.979245
datasets/train/Felt_Leaf/Felt_Leaf00218.jpg,Felt_Leaf,Felt_Leaf,Correct,0.999720
datasets/test/Dry_Leaf/Dry_Leaf00180.jpg,Dry_Leaf,Dry_Leaf,Correct,0.999659
datasets/test/Leaf_Blight/Leaf_Blight00311.jpg,Leaf_Blight,Leaf_Blight,Correct,0.999858
datasets/test/Deficiency_Leaf/Deficiency_Leaf00019.jpg,Deficiency_Leaf,Deficiency_Leaf,Correct,0.999969
datasets/train/Fungal_Leaf_Spot/Fungal_Leaf_Spot00202.jpg,Fungal_Leaf_Spot,Fungal_Leaf_Spot,Correct,0.995728
datasets/test/Fungal_Leaf_Spot/Fungal_Leaf_Spot00251.jpg,Fungal_Leaf_Spot,Fungal_Leaf_Spot,Correct,0.999796
datasets/test/Leaf_Blight/Leaf_Blight00038.jpg,Leaf_Blight,Leaf_Blight,Correct,0.999930
datasets/train/Fungal_Leaf_Spot/Fungal_Leaf_Spot00302.jpg,Fungal_Leaf_Spot,Fungal_Leaf_Spot,Correct,0.999918
datasets/test/Fungal_Leaf_Spot/Fungal_Leaf_Spot00546.jpg,Fungal_Leaf_Spot,Fungal_Leaf_Spot,Correct,0.999492
datasets/test/Fungal_Leaf_Spot/Fungal_Leaf_Spot00058.jpg,Fungal_Leaf_Spot,Fungal_Leaf_Spot,Correct,0.999998
datasets/test/Felt_Leaf/Felt_Leaf00289.jpg,Felt_Leaf,Felt_Leaf,Correct,0.995471
datasets/test/Leaf_Blight/Leaf_Blight00058.jpg,Leaf_Blight,Leaf_Blight,Correct,0.904729
datasets/train/Leaf_Gall/Leaf_Gall00046.jpg,Leaf_Gall,Leaf_Gall,Correct,0.999430
datasets/train/Leaf_Blight/Leaf_Blight00133.jpg,Leaf_Blight,Leaf_Blight,Correct,0.999038
datasets/train/Fungal_Leaf_Spot/Fungal_Leaf_Spot00555.jpg,Fungal_Leaf_Spot,Fungal_Leaf_Spot,Correct,0.999971
datasets/test/Leaf_Gall/Leaf_Gall00413.jpg,Leaf_Gall,Leaf_Gall,Correct,0.999145
datasets/train/Curl_Leaf/Curl_Leaf00082.jpg,Curl_Leaf,Curl_Leaf,Correct,0.999912
datasets/test/Leaf_Blight/Leaf_Blight00379.jpg,Leaf_Blight,Leaf_Blight,Correct,0.999732
datasets/test/Bituminous_Leaf/Bituminous_Leaf00121.jpg,Bituminous_Leaf,Bituminous_Leaf,Correct,0.999069
datasets/train/Fungal_Leaf_Spot/Fungal_Leaf_Spot00423.jpg,Fungal_Leaf_Spot,Fungal_Leaf_Spot,Correct,0.999238
datasets/train/Leaf_Blight/Leaf_Blight00302.jpg,Leaf_Blight,Leaf_Blight,Correct,0.999590
datasets/test/Curl_Leaf/Curl_Leaf00068.jpg,Curl_Leaf,Curl_Leaf,Correct,0.999999
datasets/test/Healthy_Leaf/Healthy_Leaf00018.jpg,Healthy_Leaf,Healthy_Leaf,Correct,0.999397
datasets/test/Leaf_Blight/Leaf_Blight00561.jpg,Leaf_Blight,Leaf_Blight,Correct,0.999925
datasets/test/Leaf_Gall/Leaf_Gall00095.jpg,Leaf_Gall,Leaf_Gall,Correct,0.999681
datasets/test/Deficiency_Leaf/Deficiency_Leaf00071.jpg,Deficiency_Leaf,Deficiency_Leaf,Correct,0.999770
datasets/train/Felt_Leaf/Felt_Leaf00071.jpg,Felt_Leaf,Felt_Leaf,Correct,0.999979
datasets/test/Leaf_Gall/Leaf_Gall00432.jpg,Leaf_Gall,Leaf_Gall,Correct,0.998169
datasets/test/Felt_Leaf/Felt_Leaf00133.jpg,Felt_Leaf,Felt_Leaf,Correct,0.992530
datasets/train/Fungal_Leaf_Spot/Fungal_Leaf_Spot00099.jpg,Fungal_Leaf_Spot,Fungal_Leaf_Spot,Correct,0.999846
datasets/train/Healthy_Leaf/Healthy_Leaf00005.jpg,Healthy_Leaf,Healthy_Leaf,Correct,0.999991
datasets/test/Felt_Leaf/Felt_Leaf00109.jpg,Felt_Leaf,Felt_Leaf,Correct,0.997737
datasets/train/Leaf_Gall/Leaf_Gall00062.jpg,Leaf_Gall,Leaf_Gall,Correct,0.999979
datasets/test/Leaf_Blight/Leaf_Blight00187.jpg,Leaf_Blight,Leaf_Blight,Correct,0.999834
datasets/test/Leaf_Gall/Leaf_Gall00411.jpg,Leaf_Gall,Leaf_Gall,Correct,0.999977
datasets/train/Leaf_Blight/Leaf_Blight00025.jpg,Leaf_Blight,Leaf_Blight,Correct,0.999735
datasets/train/Fungal_Leaf_Spot/Fungal_Leaf_Spot00086.jpg,Fungal_Leaf_Spot,Fungal_Leaf_Spot,Correct,0.996885
datasets/train/Dry_Leaf/Dry_Leaf00131.jpg,Dry_Leaf,Dry_Leaf,Correct,0.999997
datasets/train/Dry_Leaf/Dry_Leaf00251.jpg,Dry_Leaf,Dry_Leaf,Correct,0.999804
datasets/test/Dry_Leaf/Dry_Leaf00230.jpg,Dry_Leaf,Dry_Leaf,Correct,0.999989
datasets/train/Dry_Leaf/Dry_Leaf00316.jpg,Dry_Leaf,Dry_Leaf,Correct,0.999986
datasets/train/Dry_Leaf/Dry_Leaf00054.jpg,Dry_Leaf,Dry_Leaf,Correct,0.999943
datasets/test/Felt_Leaf/Felt_Leaf00057.jpg,Felt_Leaf,Felt_Leaf,Correct,0.998919
datasets/test/Fungal_Leaf_Spot/Fungal_Leaf_Spot00191.jpg,Fungal_Leaf_Spot,Fungal_Leaf_Spot,Correct,0.963856
datasets/train/Felt_Leaf/Felt_Leaf00068.jpg,Felt_Leaf,Felt_Leaf,Correct,0.999963
datasets/train/Leaf_Gall/Leaf_Gall00522.jpg,Leaf_Gall,Leaf_Gall,Correct,0.999883
datasets/test/Leaf_Gall/Leaf_Gall00185.jpg,Leaf_Gall,Leaf_Gall,Correct,0.999811
datasets/test/Leaf_Blight/Leaf_Blight00098.jpg,Leaf_Blight,Leaf_Blight,Correct,0.997024
datasets/train/Leaf_Gall/Leaf_Gall00606.jpg,Leaf_Gall,Leaf_Gall,Correct,0.999461
datasets/test/Bituminous_Leaf/Bituminous_Leaf00021.jpg,Bituminous_Leaf,Bituminous_Leaf,Correct,0.958196
datasets/test/Leaf_Gall/Leaf_Gall00540.jpg,Leaf_Gall,Leaf_Gall,Correct,0.995023
datasets/train/Healthy_Leaf/Healthy_Leaf00026.jpg,Healthy_Leaf,Healthy_Leaf,Correct,0.999993
datasets/test/Dry_Leaf/Dry_Leaf00358.jpg,Dry_Leaf,Dry_Leaf,Correct,0.999986
datasets/test/Healthy_Leaf/Healthy_Leaf00332.jpg,Healthy_Leaf,Healthy_Leaf,Correct,0.999898
datasets/train/Leaf_Blight/Leaf_Blight00498.jpg,Leaf_Blight,Leaf_Blight,Correct,0.999963
datasets/test/Leaf_Gall/Leaf_Gall00462.jpg,Leaf_Gall,Leaf_Gall,Correct,0.998373
datasets/train/Dry_Leaf/Dry_Leaf00123.jpg,Dry_Leaf,Dry_Leaf,Correct,0.999983
datasets/test/Healthy_Leaf/Healthy_Leaf00257.jpg,Healthy_Leaf,Healthy_Leaf,Correct,0.999881
datasets/train/Anthrax_Leaf/Anthrax_Leaf00009.jpg,Anthrax_Leaf,Anthrax_Leaf,Correct,0.992182
datasets/test/Healthy_Leaf/Healthy_Leaf00300.jpg,Healthy_Leaf,Healthy_Leaf,Correct,0.999986
datasets/test/Fungal_Leaf_Spot/Fungal_Leaf_Spot00262.jpg,Fungal_Leaf_Spot,Fungal_Leaf_Spot,Correct,0.999944
datasets/train/Leaf_Gall/Leaf_Gall00355.jpg,Leaf_Gall,Leaf_Gall,Correct,0.945608
datasets/test/Healthy_Leaf/Healthy_Leaf00419.jpg,Healthy_Leaf,Healthy_Leaf,Correct,0.999633
datasets/train/Leaf_Gall/Leaf_Gall00063.jpg,Leaf_Gall,Leaf_Gall,Correct,0.999769
datasets/train/Dry_Leaf/Dry_Leaf00003.jpg,Dry_Leaf,Dry_Leaf,Correct,0.999991
datasets/train/Fungal_Leaf_Spot/Fungal_Leaf_Spot00562.jpg,Fungal_Leaf_Spot,Fungal_Leaf_Spot,Correct,0.999762
datasets/test/Leaf_Gall/Leaf_Gall00054.jpg,Leaf_Gall,Leaf_Gall,Correct,0.999830
datasets/train/Healthy_Leaf/Healthy_Leaf00234.jpg,Healthy_Leaf,Healthy_Leaf,Correct,0.999866
datasets/train/Curl_Leaf/Curl_Leaf00007.jpg,Curl_Leaf,Curl_Leaf,Correct,0.999954
datasets/test/Felt_Leaf/Felt_Leaf00167.jpg,Felt_Leaf,Felt_Leaf,Correct,0.998402
datasets/test/Leaf_Gall/Leaf_Gall00420.jpg,Leaf_Gall,Leaf_Gall,Correct,0.994652
datasets/train/Leaf_Blight/Leaf_Blight00250.jpg,Leaf_Blight,Leaf_Blight,Correct,0.999948
datasets/test/Leaf_Blight/Leaf_Blight00264.jpg,Leaf_Blight,Leaf_Blight,Correct,0.998863
datasets/train/Leaf_Blight/Leaf_Blight00233.jpg,Leaf_Blight,Leaf_Blight,Correct,0.999564
datasets/test/Dry_Leaf/Dry_Leaf00190.jpg,Dry_Leaf,Dry_Leaf,Correct,0.999768
datasets/train/Leaf_Gall/Leaf_Gall00407.jpg,Leaf_Gall,Leaf_Gall,Correct,0.924896
datasets/train/Felt_Leaf/Felt_Leaf00101.jpg,Felt_Leaf,Felt_Leaf,Correct,0.999998
datasets/train/Leaf_Blight/Leaf_Blight00130.jpg,Leaf_Blight,Leaf_Blight,Correct,0.996459
datasets/test/Dry_Leaf/Dry_Leaf00144.jpg,Dry_Leaf,Dry_Leaf,Correct,0.999967
datasets/test/Dry_Leaf/Dry_Leaf00171.jpg,Dry_Leaf,Dry_Leaf,Correct,0.999002
datasets/test/Anthrax_Leaf/Anthrax_Leaf00107.jpg,Anthrax_Leaf,Anthrax_Leaf,Correct,0.998423
datasets/train/Leaf_Gall/Leaf_Gall00506.jpg,Leaf_Gall,Leaf_Gall,Correct,0.999988
datasets/test/Leaf_Gall/Leaf_Gall00242.jpg,Leaf_Gall,Leaf_Gall,Correct,0.999534
datasets/train/Felt_Leaf/Felt_Leaf00358.jpg,Felt_Leaf,Felt_Leaf,Correct,0.999996
datasets/test/Felt_Leaf/Felt_Leaf00329.jpg,Felt_Leaf,Felt_Leaf,Correct,0.999901
datasets/test/Felt_Leaf/Felt_Leaf00018.jpg,Felt_Leaf,Felt_Leaf,Correct,0.999949
datasets/test/Leaf_Gall/Leaf_Gall00551.jpg,Leaf_Gall,Leaf_Gall,Correct,0.999973
datasets/test/Healthy_Leaf/Healthy_Leaf00600.jpg,Healthy_Leaf,Healthy_Leaf,Correct,0.999991
datasets/train/Dry_Leaf/Dry_Leaf00138.jpg,Dry_Leaf,Dry_Leaf,Correct,0.999992
datasets/test/Leaf_Gall/Leaf_Gall00573.jpg,Leaf_Gall,Leaf_Gall,Correct,0.999925
datasets/test/Healthy_Leaf/Healthy_Leaf00080.jpg,Healthy_Leaf,Healthy_Leaf,Correct,0.999996
datasets/test/Fungal_Leaf_Spot/Fungal_Leaf_Spot00193.jpg,Fungal_Leaf_Spot,Fungal_Leaf_Spot,Correct,0.999693
datasets/test/Dry_Leaf/Dry_Leaf00274.jpg,Dry_Leaf,Dry_Leaf,Correct,0.999991
datasets/test/Bituminous_Leaf/Bituminous_Leaf00082.jpg,Bituminous_Leaf,Bituminous_Leaf,Correct,0.999628
datasets/train/Leaf_Gall/Leaf_Gall00374.jpg,Leaf_Gall,Leaf_Gall,Correct,0.998971
datasets/test/Healthy_Leaf/Healthy_Leaf00076.jpg,Healthy_Leaf,Healthy_Leaf,Correct,0.999957
datasets/test/Healthy_Leaf/Healthy_Leaf00484.jpg,Healthy_Leaf,Healthy_Leaf,Correct,0.999812
datasets/test/Dry_Leaf/Dry_Leaf00173.jpg,Dry_Leaf,Dry_Leaf,Correct,0.998261
datasets/train/Healthy_Leaf/Healthy_Leaf00442.jpg,Healthy_Leaf,Healthy_Leaf,Correct,0.999933
datasets/test/Leaf_Gall/Leaf_Gall00622.jpg,Leaf_Gall,Leaf_Gall,Correct,0.853418
datasets/test/Curl_Leaf/Curl_Leaf00090.jpg,Curl_Leaf,Curl_Leaf,Correct,0.999455
datasets/test/Healthy_Leaf/Healthy_Leaf00410.jpg,Healthy_Leaf,Healthy_Leaf,Correct,0.999832
datasets/test/Curl_Leaf/Curl_Leaf00121.jpg,Curl_Leaf,Curl_Leaf,Correct,0.999992
datasets/test/Leaf_Gall/Leaf_Gall00179.jpg,Leaf_Gall,Leaf_Gall,Correct,0.999689
datasets/train/Leaf_Gall/Leaf_Gall00342.jpg,Leaf_Gall,Leaf_Gall,Correct,0.979150
datasets/test/Curl_Leaf/Curl_Leaf00088.jpg,Curl_Leaf,Curl_Leaf,Correct,1.000000
datasets/test/Leaf_Gall/Leaf_Gall00566.jpg,Leaf_Gall,Leaf_Gall,Correct,0.999894
datasets/train/Felt_Leaf/Felt_Leaf00034.jpg,Felt_Leaf,Felt_Leaf,Correct,0.997140
datasets/test/Dry_Leaf/Dry_Leaf00351.jpg,Dry_Leaf,Dry_Leaf,Correct,0.999994
datasets/train/Curl_Leaf/Curl_Leaf00164.jpg,Curl_Leaf,Curl_Leaf,Correct,0.999983
datasets/train/Healthy_Leaf/Healthy_Leaf00507.jpg,Healthy_Leaf,Healthy_Leaf,Correct,0.999677
datasets/test/Leaf_Blight/Leaf_Blight00344.jpg,Leaf_Blight,Leaf_Blight,Correct,0.999968
datasets/test/Anthrax_Leaf/Anthrax_Leaf00115.jpg,Anthrax_Leaf,Anthrax_Leaf,Correct,0.999907
datasets/test/Healthy_Leaf/Healthy_Leaf00069.jpg,Healthy_Leaf,Healthy_Leaf,Correct,0.999997
datasets/train/Fungal_Leaf_Spot/Fungal_Leaf_Spot00258.jpg,Fungal_Leaf_Spot,Fungal_Leaf_Spot,Correct,0.999997
datasets/test/Dry_Leaf/Dry_Leaf00160.jpg,Dry_Leaf,Dry_Leaf,Correct,0.999954
datasets/train/Leaf_Gall/Leaf_Gall00619.jpg,Leaf_Gall,Leaf_Gall,Correct,0.999593
datasets/test/Healthy_Leaf/Healthy_Leaf00601.jpg,Healthy_Leaf,Healthy_Leaf,Correct,0.999930
datasets/test/Healthy_Leaf/Healthy_Leaf00395.jpg,Healthy_Leaf,Healthy_Leaf,Correct,0.999938
datasets/train/Healthy_Leaf/Healthy_Leaf00429.jpg,Healthy_Leaf,Healthy_Leaf,Correct,0.999963
datasets/test/Leaf_Gall/Leaf_Gall00466.jpg,Leaf_Gall,Leaf_Gall,Correct,0.996658
datasets/test/Leaf_Gall/Leaf_Gall00507.jpg,Leaf_Gall,Leaf_Gall,Correct,0.906744
datasets/train/Anthrax_Leaf/Anthrax_Leaf00044.jpg,Anthrax_Leaf,Anthrax_Leaf,Correct,0.999973
datasets/test/Dry_Leaf/Dry_Leaf00201.jpg,Dry_Leaf,Dry_Leaf,Correct,0.999973
datasets/train/Leaf_Gall/Leaf_Gall00153.jpg,Leaf_Gall,Leaf_Gall,Correct,0.998701
datasets/train/Deficiency_Leaf/Deficiency_Leaf00060.jpg,Deficiency_Leaf,Deficiency_Leaf,Correct,0.999622
datasets/test/Felt_Leaf/Felt_Leaf00151.jpg,Felt_Leaf,Felt_Leaf,Correct,0.999729
datasets/test/Healthy_Leaf/Healthy_Leaf00537.jpg,Healthy_Leaf,Healthy_Leaf,Correct,1.000000
datasets/test/Healthy_Leaf/Healthy_Leaf00158.jpg,Healthy_Leaf,Healthy_Leaf,Correct,0.999994
datasets/test/Fungal_Leaf_Spot/Fungal_Leaf_Spot00358.jpg,Fungal_Leaf_Spot,Fungal_Leaf_Spot,Correct,0.999998
datasets/train/Curl_Leaf/Curl_Leaf00051.jpg,Curl_Leaf,Curl_Leaf,Correct,0.999998
datasets/test/Felt_Leaf/Felt_Leaf00031.jpg,Felt_Leaf,Felt_Leaf,Correct,0.999975
datasets/train/Fungal_Leaf_Spot/Fungal_Leaf_Spot00066.jpg,Fungal_Leaf_Spot,Fungal_Leaf_Spot,Correct,0.999999
datasets/test/Fungal_Leaf_Spot/Fungal_Leaf_Spot00063.jpg,Fungal_Leaf_Spot,Fungal_Leaf_Spot,Correct,0.999997
datasets/train/Leaf_Gall/Leaf_Gall00476.jpg,Leaf_Gall,Leaf_Gall,Correct,0.999965
datasets/test/Dry_Leaf/Dry_Leaf00334.jpg,Dry_Leaf,Dry_Leaf,Correct,0.999992
datasets/train/Fungal_Leaf_Spot/Fungal_Leaf_Spot00550.jpg,Fungal_Leaf_Spot,Fungal_Leaf_Spot,Correct,1.000000
datasets/test/Leaf_Gall/Leaf_Gall00112.jpg,Leaf_Gall,Leaf_Gall,Correct,0.999861
datasets/test/Fungal_Leaf_Spot/Fungal_Leaf_Spot00236.jpg,Fungal_Leaf_Spot,Fungal_Leaf_Spot,Correct,0.999920
datasets/test/Leaf_Blight/Leaf_Blight00342.jpg,Leaf_Blight,Leaf_Blight,Correct,0.999359
datasets/test/Healthy_Leaf/Healthy_Leaf00262.jpg,Healthy_Leaf,Healthy_Leaf,Correct,0.999108
datasets/train/Felt_Leaf/Felt_Leaf00326.jpg,Felt_Leaf,Felt_Leaf,Correct,0.999432
datasets/train/Leaf_Gall/Leaf_Gall00085.jpg,Leaf_Gall,Leaf_Gall,Correct,0.999995
datasets/train/Fungal_Leaf_Spot/Fungal_Leaf_Spot00108.jpg,Fungal_Leaf_Spot,Fungal_Leaf_Spot,Correct,0.999685
datasets/test/Fungal_Leaf_Spot/Fungal_Leaf_Spot00293.jpg,Fungal_Leaf_Spot,Fungal_Leaf_Spot,Correct,0.998916
datasets/test/Fungal_Leaf_Spot/Fungal_Leaf_Spot00122.jpg,Fungal_Leaf_Spot,Fungal_Leaf_Spot,Correct,0.999999
datasets/test/Leaf_Gall/Leaf_Gall00217.jpg,Leaf_Gall,Leaf_Gall,Correct,0.999864
datasets/test/Dry_Leaf/Dry_Leaf00043.jpg,Dry_Leaf,Dry_Leaf,Correct,0.999971
datasets/test/Healthy_Leaf/Healthy_Leaf00038.jpg,Healthy_Leaf,Healthy_Leaf,Correct,0.999899
datasets/train/Fungal_Leaf_Spot/Fungal_Leaf_Spot00217.jpg,Fungal_Leaf_Spot,Fungal_Leaf_Spot,Correct,0.999997
datasets/test/Bituminous_Leaf/Bituminous_Leaf00132.jpg,Bituminous_Leaf,Bituminous_Leaf,Correct,0.999998
datasets/test/Leaf_Blight/Leaf_Blight00463.jpg,Leaf_Blight,Leaf_Blight,Correct,0.999940
datasets/test/Dry_Leaf/Dry_Leaf00206.jpg,Dry_Leaf,Dry_Leaf,Correct,0.999919
datasets/test/Leaf_Blight/Leaf_Blight00108.jpg,Leaf_Blight,Leaf_Blight,Correct,0.999023
datasets/test/Leaf_Gall/Leaf_Gall00127.jpg,Leaf_Gall,Leaf_Gall,Correct,0.949687
datasets/test/Anthrax_Leaf/Anthrax_Leaf00008.jpg,Anthrax_Leaf,Anthrax_Leaf,Correct,0.997538
datasets/test/Curl_Leaf/Curl_Leaf00177.jpg,Curl_Leaf,Curl_Leaf,Correct,0.999980
datasets/test/Anthrax_Leaf/Anthrax_Leaf00108.jpg,Anthrax_Leaf,Anthrax_Leaf,Correct,0.999915
datasets/train/Healthy_Leaf/Healthy_Leaf00579.jpg,Healthy_Leaf,Healthy_Leaf,Correct,0.999904
datasets/test/Anthrax_Leaf/Anthrax_Leaf00077.jpg,Anthrax_Leaf,Anthrax_Leaf,Correct,0.999948
datasets/train/Curl_Leaf/Curl_Leaf00141.jpg,Curl_Leaf,Curl_Leaf,Correct,0.878932
datasets/test/Fungal_Leaf_Spot/Fungal_Leaf_Spot00174.jpg,Fungal_Leaf_Spot,Fungal_Leaf_Spot,Correct,1.000000
datasets/train/Leaf_Gall/Leaf_Gall00017.jpg,Leaf_Gall,Felt_Leaf,Incorrect,0.869792
datasets/test/Leaf_Gall/Leaf_Gall00448.jpg,Leaf_Gall,Leaf_Gall,Correct,0.990471
datasets/test/Leaf_Blight/Leaf_Blight00472.jpg,Leaf_Blight,Leaf_Blight,Correct,0.999942
datasets/test/Anthrax_Leaf/Anthrax_Leaf00078.jpg,Anthrax_Leaf,Anthrax_Leaf,Correct,0.999906
datasets/train/Dry_Leaf/Dry_Leaf00078.jpg,Dry_Leaf,Dry_Leaf,Correct,0.999998
datasets/train/Leaf_Blight/Leaf_Blight00516.jpg,Leaf_Blight,Leaf_Blight,Correct,0.999798
datasets/train/Leaf_Gall/Leaf_Gall00241.jpg,Leaf_Gall,Leaf_Gall,Correct,0.999920
datasets/test/Leaf_Blight/Leaf_Blight00202.jpg,Leaf_Blight,Leaf_Blight,Correct,0.999319
datasets/test/Felt_Leaf/Felt_Leaf00282.jpg,Felt_Leaf,Felt_Leaf,Correct,0.999799
datasets/test/Felt_Leaf/Felt_Leaf00041.jpg,Felt_Leaf,Felt_Leaf,Correct,0.999982
datasets/test/Leaf_Blight/Leaf_Blight00054.jpg,Leaf_Blight,Leaf_Blight,Correct,0.999926
datasets/test/Leaf_Blight/Leaf_Blight00167.jpg,Leaf_Blight,Leaf_Blight,Correct,0.999345
datasets/train/Dry_Leaf/Dry_Leaf00363.jpg,Dry_Leaf,Dry_Leaf,Correct,0.999410
datasets/test/Leaf_Gall/Leaf_Gall00390.jpg,Leaf_Gall,Leaf_Gall,Correct,0.999253
datasets/test/Fungal_Leaf_Spot/Fungal_Leaf_Spot00317.jpg,Fungal_Leaf_Spot,Fungal_Leaf_Spot,Correct,0.999959
datasets/train/Fungal_Leaf_Spot/Fungal_Leaf_Spot00547.jpg,Fungal_Leaf_Spot,Fungal_Leaf_Spot,Correct,0.999876
datasets/test/Leaf_Gall/Leaf_Gall00037.jpg,Leaf_Gall,Leaf_Gall,Correct,0.999848
datasets/test/Fungal_Leaf_Spot/Fungal_Leaf_Spot00011.jpg,Fungal_Leaf_Spot,Fungal_Leaf_Spot,Correct,0.999994
datasets/test/Felt_Leaf/Felt_Leaf00063.jpg,Felt_Leaf,Felt_Leaf,Correct,0.999997
datasets/train/Fungal_Leaf_Spot/Fungal_Leaf_Spot00259.jpg,Fungal_Leaf_Spot,Fungal_Leaf_Spot,Correct,0.999986
datasets/test/Fungal_Leaf_Spot/Fungal_Leaf_Spot00064.jpg,Fungal_Leaf_Spot,Fungal_Leaf_Spot,Correct,0.999998
datasets/test/Fungal_Leaf_Spot/Fungal_Leaf_Spot00119.jpg,Fungal_Leaf_Spot,Fungal_Leaf_Spot,Correct,0.999995
datasets/train/Leaf_Gall/Leaf_Gall00036.jpg,Leaf_Gall,Leaf_Gall,Correct,0.998977
datasets/test/Leaf_Blight/Leaf_Blight00015.jpg,Leaf_Blight,Leaf_Blight,Correct,0.999329
datasets/test/Healthy_Leaf/Healthy_Leaf00598.jpg,Healthy_Leaf,Healthy_Leaf,Correct,0.999999
datasets/test/Fungal_Leaf_Spot/Fungal_Leaf_Spot00560.jpg,Fungal_Leaf_Spot,Fungal_Leaf_Spot,Correct,0.999940
datasets/test/Fungal_Leaf_Spot/Fungal_Leaf_Spot00146.jpg,Fungal_Leaf_Spot,Fungal_Leaf_Spot,Correct,0.999964
datasets/test/Curl_Leaf/Curl_Leaf00135.jpg,Curl_Leaf,Curl_Leaf,Correct,0.999996
datasets/train/Leaf_Gall/Leaf_Gall00474.jpg,Leaf_Gall,Leaf_Gall,Correct,0.999189
datasets/test/Felt_Leaf/Felt_Leaf00351.jpg,Felt_Leaf,Felt_Leaf,Correct,0.995261
datasets/test/Leaf_Blight/Leaf_Blight00496.jpg,Leaf_Blight,Leaf_Blight,Correct,0.999982
datasets/train/Dry_Leaf/Dry_Leaf00105.jpg,Dry_Leaf,Dry_Leaf,Correct,0.999969
datasets/test/Fungal_Leaf_Spot/Fungal_Leaf_Spot00484.jpg,Fungal_Leaf_Spot,Fungal_Leaf_Spot,Correct,0.999989
datasets/train/Felt_Leaf/Felt_Leaf00324.jpg,Felt_Leaf,Felt_Leaf,Correct,0.998085
datasets/test/Felt_Leaf/Felt_Leaf00215.jpg,Felt_Leaf,Felt_Leaf,Correct,0.999850
datasets/train/Leaf_Gall/Leaf_Gall00237.jpg,Leaf_Gall,Leaf_Gall,Correct,0.999981
datasets/test/Leaf_Blight/Leaf_Blight00145.jpg,Leaf_Blight,Leaf_Blight,Correct,0.844337
datasets/train/Leaf_Gall/Leaf_Gall00014.jpg,Leaf_Gall,Leaf_Gall,Correct,0.967145
datasets/test/Leaf_Blight/Leaf_Blight00254.jpg,Leaf_Blight,Leaf_Blight,Correct,0.975481
datasets/test/Healthy_Leaf/Healthy_Leaf00626.jpg,Healthy_Leaf,Healthy_Leaf,Correct,0.999915
datasets/test/Leaf_Blight/Leaf_Blight00572.jpg,Leaf_Blight,Leaf_Blight,Correct,0.999969
datasets/test/Leaf_Gall/Leaf_Gall00129.jpg,Leaf_Gall,Leaf_Gall,Correct,0.999993
datasets/train/Felt_Leaf/Felt_Leaf00073.jpg,Felt_Leaf,Felt_Leaf,Correct,0.999999
datasets/test/Felt_Leaf/Felt_Leaf00169.jpg,Felt_Leaf,Felt_Leaf,Correct,0.999999
datasets/train/Leaf_Blight/Leaf_Blight00518.jpg,Leaf_Blight,Leaf_Blight,Correct,0.999861
datasets/train/Healthy_Leaf/Healthy_Leaf00556.jpg,Healthy_Leaf,Healthy_Leaf,Correct,0.999976
datasets/train/Healthy_Leaf/Healthy_Leaf00557.jpg,Healthy_Leaf,Healthy_Leaf,Correct,0.999992
datasets/train/Fungal_Leaf_Spot/Fungal_Leaf_Spot00101.jpg,Fungal_Leaf_Spot,Fungal_Leaf_Spot,Correct,0.999995
datasets/test/Leaf_Blight/Leaf_Blight00364.jpg,Leaf_Blight,Leaf_Blight,Correct,0.999942
datasets/test/Deficiency_Leaf/Deficiency_Leaf00105.jpg,Deficiency_Leaf,Deficiency_Leaf,Correct,0.999790
datasets/test/Leaf_Blight/Leaf_Blight00112.jpg,Leaf_Blight,Leaf_Blight,Correct,0.999974
datasets/train/Healthy_Leaf/Healthy_Leaf00065.jpg,Healthy_Leaf,Healthy_Leaf,Correct,0.999991
datasets/test/Curl_Leaf/Curl_Leaf00122.jpg,Curl_Leaf,Curl_Leaf,Correct,0.999999
datasets/test/Leaf_Blight/Leaf_Blight00085.jpg,Leaf_Blight,Leaf_Blight,Correct,0.999959
datasets/train/Anthrax_Leaf/Anthrax_Leaf00105.jpg,Anthrax_Leaf,Anthrax_Leaf,Correct,0.999795
datasets/test/Healthy_Leaf/Healthy_Leaf00359.jpg,Healthy_Leaf,Healthy_Leaf,Correct,0.999994
datasets/test/Healthy_Leaf/Healthy_Leaf00165.jpg,Healthy_Leaf,Healthy_Leaf,Correct,0.999978
datasets/train/Healthy_Leaf/Healthy_Leaf00461.jpg,Healthy_Leaf,Healthy_Leaf,Correct,0.999938
datasets/test/Leaf_Gall/Leaf_Gall00489.jpg,Leaf_Gall,Leaf_Gall,Correct,0.999993
datasets/train/Curl_Leaf/Curl_Leaf00093.jpg,Curl_Leaf,Curl_Leaf,Correct,0.999641
datasets/test/Felt_Leaf/Felt_Leaf00350.jpg,Felt_Leaf,Felt_Leaf,Correct,0.999994
datasets/test/Leaf_Blight/Leaf_Blight00470.jpg,Leaf_Blight,Leaf_Blight,Correct,0.999678
datasets/test/Leaf_Blight/Leaf_Blight00451.jpg,Leaf_Blight,Leaf_Blight,Correct,0.999958
datasets/train/Healthy_Leaf/Healthy_Leaf00089.jpg,Healthy_Leaf,Healthy_Leaf,Correct,0.999930
datasets/train/Fungal_Leaf_Spot/Fungal_Leaf_Spot00215.jpg,Fungal_Leaf_Spot,Fungal_Leaf_Spot,Correct,0.999990
datasets/train/Fungal_Leaf_Spot/Fungal_Leaf_Spot00335.jpg,Fungal_Leaf_Spot,Fungal_Leaf_Spot,Correct,0.997342
datasets/test/Dry_Leaf/Dry_Leaf00100.jpg,Dry_Leaf,Dry_Leaf,Correct,0.992917
datasets/train/Healthy_Leaf/Healthy_Leaf00449.jpg,Healthy_Leaf,Healthy_Leaf,Correct,0.999977
datasets/test/Healthy_Leaf/Healthy_Leaf00615.jpg,Healthy_Leaf,Healthy_Leaf,Correct,0.999999
datasets/train/Healthy_Leaf/Healthy_Leaf00500.jpg,Healthy_Leaf,Healthy_Leaf,Correct,0.986193
datasets/train/Leaf_Gall/Leaf_Gall00274.jpg,Leaf_Gall,Leaf_Gall,Correct,0.999992
datasets/test/Leaf_Gall/Leaf_Gall00406.jpg,Leaf_Gall,Leaf_Gall,Correct,0.997804
datasets/test/Anthrax_Leaf/Anthrax_Leaf00141.jpg,Anthrax_Leaf,Anthrax_Leaf,Correct,0.999944
datasets/test/Fungal_Leaf_Spot/Fungal_Leaf_Spot00374.jpg,Fungal_Leaf_Spot,Fungal_Leaf_Spot,Correct,0.999936
datasets/train/Felt_Leaf/Felt_Leaf00305.jpg,Felt_Leaf,Felt_Leaf,Correct,0.999840
datasets/train/Leaf_Gall/Leaf_Gall00602.jpg,Leaf_Gall,Leaf_Gall,Correct,0.943889
datasets/train/Fungal_Leaf_Spot/Fungal_Leaf_Spot00416.jpg,Fungal_Leaf_Spot,Fungal_Leaf_Spot,Correct,0.999989
datasets/test/Healthy_Leaf/Healthy_Leaf00529.jpg,Healthy_Leaf,Healthy_Leaf,Correct,1.000000
datasets/train/Fungal_Leaf_Spot/Fungal_Leaf_Spot00230.jpg,Fungal_Leaf_Spot,Fungal_Leaf_Spot,Correct,0.999989
datasets/train/Leaf_Gall/Leaf_Gall00588.jpg,Leaf_Gall,Leaf_Gall,Correct,0.998413
datasets/test/Fungal_Leaf_Spot/Fungal_Leaf_Spot00564.jpg,Fungal_Leaf_Spot,Fungal_Leaf_Spot,Correct,0.999952
datasets/train/Deficiency_Leaf/Deficiency_Leaf00110.jpg,Deficiency_Leaf,Deficiency_Leaf,Correct,0.864784
datasets/test/Fungal_Leaf_Spot/Fungal_Leaf_Spot00014.jpg,Fungal_Leaf_Spot,Fungal_Leaf_Spot,Correct,0.999965
datasets/train/Healthy_Leaf/Healthy_Leaf00444.jpg,Healthy_Leaf,Healthy_Leaf,Correct,0.999962
datasets/test/Dry_Leaf/Dry_Leaf00229.jpg,Dry_Leaf,Dry_Leaf,Correct,0.999989
datasets/train/Leaf_Gall/Leaf_Gall00584.jpg,Leaf_Gall,Leaf_Gall,Correct,0.970815
datasets/test/Fungal_Leaf_Spot/Fungal_Leaf_Spot00185.jpg,Fungal_Leaf_Spot,Fungal_Leaf_Spot,Correct,0.990131
datasets/test/Fungal_Leaf_Spot/Fungal_Leaf_Spot00137.jpg,Fungal_Leaf_Spot,Fungal_Leaf_Spot,Correct,0.999990
datasets/train/Leaf_Blight/Leaf_Blight00354.jpg,Leaf_Blight,Leaf_Blight,Correct,0.999988
datasets/test/Leaf_Gall/Leaf_Gall00523.jpg,Leaf_Gall,Leaf_Gall,Correct,0.999903
datasets/test/Leaf_Gall/Leaf_Gall00311.jpg,Leaf_Gall,Leaf_Gall,Correct,0.999994
datasets/test/Fungal_Leaf_Spot/Fungal_Leaf_Spot00112.jpg,Fungal_Leaf_Spot,Fungal_Leaf_Spot,Correct,0.999991
datasets/train/Felt_Leaf/Felt_Leaf00042.jpg,Felt_Leaf,Felt_Leaf,Correct,0.999992
datasets/test/Felt_Leaf/Felt_Leaf00318.jpg,Felt_Leaf,Felt_Leaf,Correct,0.999103
datasets/train/Healthy_Leaf/Healthy_Leaf00148.jpg,Healthy_Leaf,Healthy_Leaf,Correct,0.999983
datasets/test/Leaf_Blight/Leaf_Blight00331.jpg,Leaf_Blight,Leaf_Blight,Correct,0.999779
datasets/test/Leaf_Blight/Leaf_Blight00190.jpg,Leaf_Blight,Leaf_Blight,Correct,0.999849
datasets/train/Dry_Leaf/Dry_Leaf00052.jpg,Dry_Leaf,Dry_Leaf,Correct,0.999974
datasets/train/Leaf_Gall/Leaf_Gall00397.jpg,Leaf_Gall,Leaf_Gall,Correct,0.983828
datasets/test/Fungal_Leaf_Spot/Fungal_Leaf_Spot00510.jpg,Fungal_Leaf_Spot,Fungal_Leaf_Spot,Correct,0.999981
datasets/test/Curl_Leaf/Curl_Leaf00118.jpg,Curl_Leaf,Curl_Leaf,Correct,0.999999
datasets/train/Dry_Leaf/Dry_Leaf00021.jpg,Dry_Leaf,Dry_Leaf,Correct,0.999604
datasets/test/Healthy_Leaf/Healthy_Leaf00402.jpg,Healthy_Leaf,Healthy_Leaf,Correct,0.999996
datasets/test/Healthy_Leaf/Healthy_Leaf00451.jpg,Healthy_Leaf,Healthy_Leaf,Correct,0.999957
datasets/test/Leaf_Gall/Leaf_Gall00583.jpg,Leaf_Gall,Leaf_Gall,Correct,0.998141
datasets/test/Fungal_Leaf_Spot/Fungal_Leaf_Spot00559.jpg,Fungal_Leaf_Spot,Fungal_Leaf_Spot,Correct,0.999939
datasets/test/Fungal_Leaf_Spot/Fungal_Leaf_Spot00156.jpg,Fungal_Leaf_Spot,Fungal_Leaf_Spot,Correct,0.999854
datasets/test/Leaf_Gall/Leaf_Gall00256.jpg,Leaf_Gall,Leaf_Gall,Correct,0.954453
datasets/train/Anthrax_Leaf/Anthrax_Leaf00119.jpg,Anthrax_Leaf,Anthrax_Leaf,Correct,0.557232
datasets/train/Leaf_Gall/Leaf_Gall00249.jpg,Leaf_Gall,Leaf_Gall,Correct,0.999967
datasets/test/Dry_Leaf/Dry_Leaf00336.jpg,Dry_Leaf,Dry_Leaf,Correct,0.999987
datasets/test/Healthy_Leaf/Healthy_Leaf00398.jpg,Healthy_Leaf,Healthy_Leaf,Correct,0.999999
datasets/test/Healthy_Leaf/Healthy_Leaf00145.jpg,Healthy_Leaf,Healthy_Leaf,Correct,0.999973
datasets/train/Leaf_Gall/Leaf_Gall00086.jpg,Leaf_Gall,Leaf_Gall,Correct,0.999783
datasets/test/Fungal_Leaf_Spot/Fungal_Leaf_Spot00300.jpg,Fungal_Leaf_Spot,Fungal_Leaf_Spot,Correct,0.999987
datasets/train/Healthy_Leaf/Healthy_Leaf00425.jpg,Healthy_Leaf,Healthy_Leaf,Correct,0.999955
datasets/test/Leaf_Blight/Leaf_Blight00446.jpg,Leaf_Blight,Leaf_Blight,Correct,0.999972
datasets/test/Leaf_Gall/Leaf_Gall00271.jpg,Leaf_Gall,Leaf_Gall,Correct,0.998173
datasets/train/Felt_Leaf/Felt_Leaf00255.jpg,Felt_Leaf,Leaf_Blight,Incorrect,0.529337
datasets/train/Bituminous_Leaf/Bituminous_Leaf00066.jpg,Bituminous_Leaf,Bituminous_Leaf,Correct,0.991248
datasets/train/Leaf_Blight/Leaf_Blight00527.jpg,Leaf_Blight,Leaf_Blight,Correct,0.999873
datasets/test/Curl_Leaf/Curl_Leaf00049.jpg,Curl_Leaf,Curl_Leaf,Correct,0.999672
datasets/test/Leaf_Blight/Leaf_Blight00155.jpg,Leaf_Blight,Leaf_Blight,Correct,0.998387
datasets/test/Healthy_Leaf/Healthy_Leaf00046.jpg,Healthy_Leaf,Healthy_Leaf,Correct,0.999973
datasets/train/Curl_Leaf/Curl_Leaf00120.jpg,Curl_Leaf,Curl_Leaf,Correct,0.999974
datasets/test/Leaf_Gall/Leaf_Gall00188.jpg,Leaf_Gall,Leaf_Gall,Correct,0.999467
datasets/test/Felt_Leaf/Felt_Leaf00267.jpg,Felt_Leaf,Felt_Leaf,Correct,0.986688
datasets/train/Leaf_Blight/Leaf_Blight00511.jpg,Leaf_Blight,Leaf_Blight,Correct,0.997416
datasets/train/Bituminous_Leaf/Bituminous_Leaf00098.jpg,Bituminous_Leaf,Bituminous_Leaf,Correct,0.991685
datasets/test/Leaf_Gall/Leaf_Gall00501.jpg,Leaf_Gall,Leaf_Gall,Correct,0.990499
datasets/test/Leaf_Gall/Leaf_Gall00164.jpg,Leaf_Gall,Leaf_Gall,Correct,0.999988
datasets/test/Leaf_Blight/Leaf_Blight00522.jpg,Leaf_Blight,Leaf_Blight,Correct,0.997293
datasets/test/Felt_Leaf/Felt_Leaf00097.jpg,Felt_Leaf,Felt_Leaf,Correct,0.999975
datasets/train/Healthy_Leaf/Healthy_Leaf00363.jpg,Healthy_Leaf,Healthy_Leaf,Correct,0.856476
datasets/train/Felt_Leaf/Felt_Leaf00371.jpg,Felt_Leaf,Felt_Leaf,Correct,0.989359
datasets/train/Leaf_Blight/Leaf_Blight00584.jpg,Leaf_Blight,Leaf_Blight,Correct,0.847413
datasets/train/Leaf_Blight/Leaf_Blight00152.jpg,Leaf_Blight,Leaf_Blight,Correct,0.999953
datasets/train/Dry_Leaf/Dry_Leaf00249.jpg,Dry_Leaf,Dry_Leaf,Correct,0.999808
datasets/test/Leaf_Blight/Leaf_Blight00116.jpg,Leaf_Blight,Leaf_Blight,Correct,0.974579
datasets/train/Bituminous_Leaf/Bituminous_Leaf00107.jpg,Bituminous_Leaf,Bituminous_Leaf,Correct,0.974755
datasets/train/Leaf_Gall/Leaf_Gall00165.jpg,Leaf_Gall,Leaf_Gall,Correct,0.999296
datasets/test/Leaf_Gall/Leaf_Gall00561.jpg,Leaf_Gall,Leaf_Gall,Correct,0.999901
datasets/train/Leaf_Blight/Leaf_Blight00180.jpg,Leaf_Blight,Leaf_Blight,Correct,0.999831
datasets/train/Fungal_Leaf_Spot/Fungal_Leaf_Spot00331.jpg,Fungal_Leaf_Spot,Fungal_Leaf_Spot,Correct,0.992996
datasets/train/Leaf_Gall/Leaf_Gall00083.jpg,Leaf_Gall,Leaf_Gall,Correct,0.999966
datasets/test/Felt_Leaf/Felt_Leaf00322.jpg,Felt_Leaf,Felt_Leaf,Correct,0.999952
datasets/test/Leaf_Gall/Leaf_Gall00193.jpg,Leaf_Gall,Leaf_Gall,Correct,0.999851
datasets/test/Healthy_Leaf/Healthy_Leaf00222.jpg,Healthy_Leaf,Healthy_Leaf,Correct,0.999991
datasets/test/Leaf_Gall/Leaf_Gall00329.jpg,Leaf_Gall,Leaf_Gall,Correct,0.993967
datasets/train/Fungal_Leaf_Spot/Fungal_Leaf_Spot00294.jpg,Fungal_Leaf_Spot,Fungal_Leaf_Spot,Correct,0.999246
datasets/train/Felt_Leaf/Felt_Leaf00342.jpg,Felt_Leaf,Felt_Leaf,Correct,0.999103
datasets/test/Deficiency_Leaf/Deficiency_Leaf00041.jpg,Deficiency_Leaf,Deficiency_Leaf,Correct,0.997838
datasets/test/Healthy_Leaf/Healthy_Leaf00328.jpg,Healthy_Leaf,Healthy_Leaf,Correct,0.999979
datasets/test/Bituminous_Leaf/Bituminous_Leaf00034.jpg,Bituminous_Leaf,Bituminous_Leaf,Correct,0.997202
datasets/test/Felt_Leaf/Felt_Leaf00198.jpg,Felt_Leaf,Felt_Leaf,Correct,0.999940
datasets/train/Healthy_Leaf/Healthy_Leaf00064.jpg,Healthy_Leaf,Healthy_Leaf,Correct,0.999995
datasets/train/Leaf_Gall/Leaf_Gall00189.jpg,Leaf_Gall,Leaf_Gall,Correct,0.999861
datasets/test/Fungal_Leaf_Spot/Fungal_Leaf_Spot00420.jpg,Fungal_Leaf_Spot,Fungal_Leaf_Spot,Correct,0.999987
datasets/test/Leaf_Gall/Leaf_Gall00600.jpg,Leaf_Gall,Leaf_Gall,Correct,0.998489
datasets/train/Leaf_Gall/Leaf_Gall00079.jpg,Leaf_Gall,Leaf_Gall,Correct,0.999871
datasets/test/Curl_Leaf/Curl_Leaf00063.jpg,Curl_Leaf,Curl_Leaf,Correct,1.000000
datasets/test/Fungal_Leaf_Spot/Fungal_Leaf_Spot00391.jpg,Fungal_Leaf_Spot,Fungal_Leaf_Spot,Correct,0.980138
datasets/test/Healthy_Leaf/Healthy_Leaf00107.jpg,Healthy_Leaf,Healthy_Leaf,Correct,0.999997
datasets/test/Fungal_Leaf_Spot/Fungal_Leaf_Spot00023.jpg,Fungal_Leaf_Spot,Fungal_Leaf_Spot,Correct,0.999949
datasets/train/Dry_Leaf/Dry_Leaf00050.jpg,Dry_Leaf,Dry_Leaf,Correct,0.999977
datasets/train/Leaf_Blight/Leaf_Blight00115.jpg,Leaf_Blight,Leaf_Blight,Correct,0.999998
datasets/train/Felt_Leaf/Felt_Leaf00183.jpg,Felt_Leaf,Felt_Leaf,Correct,0.999924
datasets/train/Fungal_Leaf_Spot/Fungal_Leaf_Spot00502.jpg,Fungal_Leaf_Spot,Fungal_Leaf_Spot,Correct,0.999990
datasets/test/Healthy_Leaf/Healthy_Leaf00608.jpg,Healthy_Leaf,Healthy_Leaf,Correct,0.999998
datasets/train/Felt_Leaf/Felt_Leaf00244.jpg,Felt_Leaf,Felt_Leaf,Correct,0.999682
datasets/train/Leaf_Blight/Leaf_Blight00011.jpg,Leaf_Blight,Leaf_Blight,Correct,0.999994
datasets/train/Felt_Leaf/Felt_Leaf00211.jpg,Felt_Leaf,Felt_Leaf,Correct,0.999992
datasets/test/Dry_Leaf/Dry_Leaf00265.jpg,Dry_Leaf,Dry_Leaf,Correct,0.999984
datasets/train/Leaf_Gall/Leaf_Gall00594.jpg,Leaf_Gall,Leaf_Gall,Correct,0.999955
datasets/test/Anthrax_Leaf/Anthrax_Leaf00023.jpg,Anthrax_Leaf,Anthrax_Leaf,Correct,0.999161
datasets/test/Deficiency_Leaf/Deficiency_Leaf00089.jpg,Deficiency_Leaf,Deficiency_Leaf,Correct,0.953560
datasets/test/Anthrax_Leaf/Anthrax_Leaf00098.jpg,Anthrax_Leaf,Anthrax_Leaf,Correct,0.999695
datasets/test/Leaf_Blight/Leaf_Blight00500.jpg,Leaf_Blight,Leaf_Blight,Correct,0.999954
datasets/train/Felt_Leaf/Felt_Leaf00376.jpg,Felt_Leaf,Felt_Leaf,Correct,0.720606
datasets/train/Fungal_Leaf_Spot/Fungal_Leaf_Spot00529.jpg,Fungal_Leaf_Spot,Fungal_Leaf_Spot,Correct,1.000000
datasets/test/Healthy_Leaf/Healthy_Leaf00325.jpg,Healthy_Leaf,Healthy_Leaf,Correct,0.999952
datasets/test/Dry_Leaf/Dry_Leaf00141.jpg,Dry_Leaf,Dry_Leaf,Correct,0.999934
datasets/test/Leaf_Blight/Leaf_Blight00100.jpg,Leaf_Blight,Leaf_Blight,Correct,0.999731
datasets/test/Dry_Leaf/Dry_Leaf00322.jpg,Dry_Leaf,Dry_Leaf,Correct,0.999992
datasets/train/Fungal_Leaf_Spot/Fungal_Leaf_Spot00249.jpg,Fungal_Leaf_Spot,Healthy_Leaf,Incorrect,0.995467
datasets/test/Dry_Leaf/Dry_Leaf00356.jpg,Dry_Leaf,Dry_Leaf,Correct,0.999555
datasets/train/Healthy_Leaf/Healthy_Leaf00209.jpg,Healthy_Leaf,Healthy_Leaf,Correct,0.999824
datasets/train/Leaf_Gall/Leaf_Gall00362.jpg,Leaf_Gall,Leaf_Gall,Correct,0.997744
datasets/test/Leaf_Blight/Leaf_Blight00393.jpg,Leaf_Blight,Leaf_Blight,Correct,0.996685
datasets/test/Curl_Leaf/Curl_Leaf00033.jpg,Curl_Leaf,Curl_Leaf,Correct,0.999936
datasets/train/Healthy_Leaf/Healthy_Leaf00174.jpg,Healthy_Leaf,Healthy_Leaf,Correct,0.999985
datasets/train/Bituminous_Leaf/Bituminous_Leaf00083.jpg,Bituminous_Leaf,Bituminous_Leaf,Correct,0.996169
datasets/train/Deficiency_Leaf/Deficiency_Leaf00006.jpg,Deficiency_Leaf,Deficiency_Leaf,Correct,0.999101
datasets/test/Leaf_Blight/Leaf_Blight00328.jpg,Leaf_Blight,Leaf_Blight,Correct,0.999991
datasets/train/Anthrax_Leaf/Anthrax_Leaf00081.jpg,Anthrax_Leaf,Anthrax_Leaf,Correct,0.996980
datasets/test/Leaf_Gall/Leaf_Gall00444.jpg,Leaf_Gall,Leaf_Gall,Correct,0.999642
datasets/test/Felt_Leaf/Felt_Leaf00105.jpg,Felt_Leaf,Felt_Leaf,Correct,0.999985
datasets/train/Dry_Leaf/Dry_Leaf00215.jpg,Dry_Leaf,Dry_Leaf,Correct,0.999925
datasets/train/Healthy_Leaf/Healthy_Leaf00345.jpg,Healthy_Leaf,Healthy_Leaf,Correct,0.999990
datasets/train/Leaf_Gall/Leaf_Gall00024.jpg,Leaf_Gall,Leaf_Gall,Correct,0.999312
datasets/train/Leaf_Blight/Leaf_Blight00091.jpg,Leaf_Blight,Leaf_Blight,Correct,0.999546
datasets/train/Felt_Leaf/Felt_Leaf00044.jpg,Felt_Leaf,Felt_Leaf,Correct,0.999990
datasets/test/Healthy_Leaf/Healthy_Leaf00213.jpg,Healthy_Leaf,Healthy_Leaf,Correct,0.999968
datasets/train/Dry_Leaf/Dry_Leaf00195.jpg,Dry_Leaf,Dry_Leaf,Correct,0.999689
datasets/train/Fungal_Leaf_Spot/Fungal_Leaf_Spot00281.jpg,Fungal_Leaf_Spot,Fungal_Leaf_Spot,Correct,0.999977
datasets/test/Fungal_Leaf_Spot/Fungal_Leaf_Spot00426.jpg,Fungal_Leaf_Spot,Fungal_Leaf_Spot,Correct,0.999991
datasets/test/Healthy_Leaf/Healthy_Leaf00370.jpg,Healthy_Leaf,Healthy_Leaf,Correct,0.999983
datasets/train/Leaf_Gall/Leaf_Gall00148.jpg,Leaf_Gall,Leaf_Gall,Correct,0.970837
datasets/test/Healthy_Leaf/Healthy_Leaf00611.jpg,Healthy_Leaf,Healthy_Leaf,Correct,0.999994
datasets/train/Dry_Leaf/Dry_Leaf00012.jpg,Dry_Leaf,Dry_Leaf,Correct,0.999910
datasets/test/Deficiency_Leaf/Deficiency_Leaf00093.jpg,Deficiency_Leaf,Anthrax_Leaf,Incorrect,0.994700
datasets/test/Leaf_Blight/Leaf_Blight00186.jpg,Leaf_Blight,Leaf_Blight,Correct,0.997705
datasets/test/Fungal_Leaf_Spot/Fungal_Leaf_Spot00237.jpg,Fungal_Leaf_Spot,Fungal_Leaf_Spot,Correct,0.999900
datasets/test/Dry_Leaf/Dry_Leaf00360.jpg,Dry_Leaf,Dry_Leaf,Correct,0.954244
datasets/train/Curl_Leaf/Curl_Leaf00137.jpg,Curl_Leaf,Curl_Leaf,Correct,0.999990
datasets/test/Healthy_Leaf/Healthy_Leaf00590.jpg,Healthy_Leaf,Healthy_Leaf,Correct,0.999999
datasets/test/Healthy_Leaf/Healthy_Leaf00415.jpg,Healthy_Leaf,Healthy_Leaf,Correct,0.999964
datasets/test/Leaf_Gall/Leaf_Gall00181.jpg,Leaf_Gall,Leaf_Gall,Correct,0.999683
datasets/train/Leaf_Blight/Leaf_Blight00090.jpg,Leaf_Blight,Leaf_Blight,Correct,0.999167
datasets/test/Leaf_Gall/Leaf_Gall00158.jpg,Leaf_Gall,Leaf_Gall,Correct,0.846060
datasets/test/Felt_Leaf/Felt_Leaf00221.jpg,Felt_Leaf,Felt_Leaf,Correct,0.999994
datasets/train/Curl_Leaf/Curl_Leaf00010.jpg,Curl_Leaf,Curl_Leaf,Correct,1.000000
datasets/test/Healthy_Leaf/Healthy_Leaf00610.jpg,Healthy_Leaf,Healthy_Leaf,Correct,0.999990
datasets/train/Fungal_Leaf_Spot/Fungal_Leaf_Spot00467.jpg,Fungal_Leaf_Spot,Fungal_Leaf_Spot,Correct,0.929885
datasets/train/Healthy_Leaf/Healthy_Leaf00043.jpg,Healthy_Leaf,Healthy_Leaf,Correct,0.999995
datasets/test/Deficiency_Leaf/Deficiency_Leaf00113.jpg,Deficiency_Leaf,Deficiency_Leaf,Correct,0.999446
datasets/train/Anthrax_Leaf/Anthrax_Leaf00117.jpg,Anthrax_Leaf,Anthrax_Leaf,Correct,0.999994
datasets/test/Healthy_Leaf/Healthy_Leaf00383.jpg,Healthy_Leaf,Healthy_Leaf,Correct,0.999825
datasets/train/Healthy_Leaf/Healthy_Leaf00593.jpg,Healthy_Leaf,Healthy_Leaf,Correct,0.999949
datasets/test/Fungal_Leaf_Spot/Fungal_Leaf_Spot00163.jpg,Fungal_Leaf_Spot,Fungal_Leaf_Spot,Correct,0.999953
datasets/train/Curl_Leaf/Curl_Leaf00143.jpg,Curl_Leaf,Curl_Leaf,Correct,0.998609
datasets/test/Dry_Leaf/Dry_Leaf00042.jpg,Dry_Leaf,Dry_Leaf,Correct,0.999983
datasets/test/Leaf_Blight/Leaf_Blight00456.jpg,Leaf_Blight,Leaf_Blight,Correct,0.999716
datasets/test/Leaf_Blight/Leaf_Blight00338.jpg,Leaf_Blight,Leaf_Blight,Correct,0.999587
datasets/train/Leaf_Gall/Leaf_Gall00456.jpg,Leaf_Gall,Leaf_Gall,Correct,0.999572
datasets/test/Fungal_Leaf_Spot/Fungal_Leaf_Spot00078.jpg,Fungal_Leaf_Spot,Fungal_Leaf_Spot,Correct,0.999978
datasets/test/Healthy_Leaf/Healthy_Leaf00122.jpg,Healthy_Leaf,Healthy_Leaf,Correct,0.999986
datasets/test/Leaf_Gall/Leaf_Gall00459.jpg,Leaf_Gall,Leaf_Gall,Correct,0.998574
datasets/test/Fungal_Leaf_Spot/Fungal_Leaf_Spot00003.jpg,Fungal_Leaf_Spot,Fungal_Leaf_Spot,Correct,0.999938
datasets/test/Deficiency_Leaf/Deficiency_Leaf00070.jpg,Deficiency_Leaf,Deficiency_Leaf,Correct,0.999295
datasets/train/Fungal_Leaf_Spot/Fungal_Leaf_Spot00462.jpg,Fungal_Leaf_Spot,Fungal_Leaf_Spot,Correct,0.992459
datasets/train/Bituminous_Leaf/Bituminous_Leaf00045.jpg,Bituminous_Leaf,Bituminous_Leaf,Correct,0.997114
datasets/test/Leaf_Blight/Leaf_Blight00494.jpg,Leaf_Blight,Leaf_Blight,Correct,0.999935
datasets/train/Healthy_Leaf/Healthy_Leaf00334.jpg,Healthy_Leaf,Healthy_Leaf,Correct,0.999995
datasets/test/Anthrax_Leaf/Anthrax_Leaf00133.jpg,Anthrax_Leaf,Anthrax_Leaf,Correct,0.999974
datasets/test/Dry_Leaf/Dry_Leaf00311.jpg,Dry_Leaf,Dry_Leaf,Correct,0.999987
datasets/test/Curl_Leaf/Curl_Leaf00140.jpg,Curl_Leaf,Deficiency_Leaf,Incorrect,0.930690
datasets/test/Fungal_Leaf_Spot/Fungal_Leaf_Spot00001.jpg,Fungal_Leaf_Spot,Fungal_Leaf_Spot,Correct,0.999993
datasets/test/Dry_Leaf/Dry_Leaf00192.jpg,Dry_Leaf,Dry_Leaf,Correct,0.999979
datasets/test/Anthrax_Leaf/Anthrax_Leaf00095.jpg,Anthrax_Leaf,Anthrax_Leaf,Correct,0.543281
datasets/test/Leaf_Gall/Leaf_Gall00379.jpg,Leaf_Gall,Leaf_Gall,Correct,0.999915
datasets/test/Healthy_Leaf/Healthy_Leaf00225.jpg,Healthy_Leaf,Healthy_Leaf,Correct,0.999810
datasets/test/Dry_Leaf/Dry_Leaf00161.jpg,Dry_Leaf,Dry_Leaf,Correct,0.999919
datasets/train/Healthy_Leaf/Healthy_Leaf00375.jpg,Healthy_Leaf,Healthy_Leaf,Correct,0.999899
datasets/train/Leaf_Gall/Leaf_Gall00221.jpg,Leaf_Gall,Leaf_Gall,Correct,0.999996
datasets/test/Leaf_Blight/Leaf_Blight00509.jpg,Leaf_Blight,Leaf_Blight,Correct,0.999828
datasets/test/Felt_Leaf/Felt_Leaf00202.jpg,Felt_Leaf,Felt_Leaf,Correct,0.999884
datasets/train/Healthy_Leaf/Healthy_Leaf00110.jpg,Healthy_Leaf,Healthy_Leaf,Correct,0.999996
datasets/test/Deficiency_Leaf/Deficiency_Leaf00040.jpg,Deficiency_Leaf,Deficiency_Leaf,Correct,0.999842
datasets/test/Healthy_Leaf/Healthy_Leaf00505.jpg,Healthy_Leaf,Healthy_Leaf,Correct,0.999955
datasets/test/Leaf_Gall/Leaf_Gall00490.jpg,Leaf_Gall,Leaf_Gall,Correct,0.999994
datasets/train/Leaf_Gall/Leaf_Gall00356.jpg,Leaf_Gall,Leaf_Gall,Correct,0.997594
datasets/test/Fungal_Leaf_Spot/Fungal_Leaf_Spot00098.jpg,Fungal_Leaf_Spot,Fungal_Leaf_Spot,Correct,0.999990
datasets/test/Deficiency_Leaf/Deficiency_Leaf00011.jpg,Deficiency_Leaf,Deficiency_Leaf,Correct,0.999983
datasets/train/Felt_Leaf/Felt_Leaf00275.jpg,Felt_Leaf,Felt_Leaf,Correct,0.999417
datasets/test/Leaf_Gall/Leaf_Gall00097.jpg,Leaf_Gall,Leaf_Gall,Correct,0.999937
datasets/train/Leaf_Blight/Leaf_Blight00161.jpg,Leaf_Blight,Leaf_Blight,Correct,0.999793
datasets/test/Felt_Leaf/Felt_Leaf00333.jpg,Felt_Leaf,Felt_Leaf,Correct,0.997366
datasets/train/Dry_Leaf/Dry_Leaf00241.jpg,Dry_Leaf,Dry_Leaf,Correct,1.000000
datasets/test/Felt_Leaf/Felt_Leaf00077.jpg,Felt_Leaf,Felt_Leaf,Correct,0.994047
datasets/test/Healthy_Leaf/Healthy_Leaf00582.jpg,Healthy_Leaf,Healthy_Leaf,Correct,0.999987
datasets/test/Leaf_Gall/Leaf_Gall00163.jpg,Leaf_Gall,Leaf_Gall,Correct,0.999993
datasets/test/Fungal_Leaf_Spot/Fungal_Leaf_Spot00326.jpg,Fungal_Leaf_Spot,Fungal_Leaf_Spot,Correct,0.999977
datasets/test/Leaf_Blight/Leaf_Blight00278.jpg,Leaf_Blight,Leaf_Blight,Correct,0.998815
datasets/train/Healthy_Leaf/Healthy_Leaf00468.jpg,Healthy_Leaf,Healthy_Leaf,Correct,0.999990
datasets/train/Leaf_Gall/Leaf_Gall00015.jpg,Leaf_Gall,Leaf_Gall,Correct,0.984355
datasets/test/Anthrax_Leaf/Anthrax_Leaf00093.jpg,Anthrax_Leaf,Anthrax_Leaf,Correct,0.999713
datasets/test/Deficiency_Leaf/Deficiency_Leaf00066.jpg,Deficiency_Leaf,Deficiency_Leaf,Correct,0.986058
datasets/test/Dry_Leaf/Dry_Leaf00297.jpg,Dry_Leaf,Dry_Leaf,Correct,0.999996
datasets/train/Leaf_Blight/Leaf_Blight00249.jpg,Leaf_Blight,Leaf_Blight,Correct,0.999978
datasets/train/Curl_Leaf/Curl_Leaf00153.jpg,Curl_Leaf,Curl_Leaf,Correct,0.999985
datasets/test/Dry_Leaf/Dry_Leaf00321.jpg,Dry_Leaf,Dry_Leaf,Correct,0.999997
datasets/test/Anthrax_Leaf/Anthrax_Leaf00060.jpg,Anthrax_Leaf,Anthrax_Leaf,Correct,0.999969
datasets/train/Leaf_Blight/Leaf_Blight00143.jpg,Leaf_Blight,Leaf_Blight,Correct,0.995175
datasets/test/Leaf_Gall/Leaf_Gall00056.jpg,Leaf_Gall,Leaf_Gall,Correct,0.999482
datasets/test/Felt_Leaf/Felt_Leaf00348.jpg,Felt_Leaf,Felt_Leaf,Correct,0.999938
datasets/test/Bituminous_Leaf/Bituminous_Leaf00137.jpg,Bituminous_Leaf,Bituminous_Leaf,Correct,0.997737
datasets/test/Deficiency_Leaf/Deficiency_Leaf00080.jpg,Deficiency_Leaf,Deficiency_Leaf,Correct,0.999786
datasets/train/Fungal_Leaf_Spot/Fungal_Leaf_Spot00558.jpg,Fungal_Leaf_Spot,Fungal_Leaf_Spot,Correct,0.983868
datasets/train/Healthy_Leaf/Healthy_Leaf00172.jpg,Healthy_Leaf,Healthy_Leaf,Correct,0.999996
datasets/test/Healthy_Leaf/Healthy_Leaf00387.jpg,Healthy_Leaf,Healthy_Leaf,Correct,0.999994
datasets/test/Fungal_Leaf_Spot/Fungal_Leaf_Spot00160.jpg,Fungal_Leaf_Spot,Fungal_Leaf_Spot,Correct,0.999907
datasets/train/Leaf_Blight/Leaf_Blight00183.jpg,Leaf_Blight,Leaf_Blight,Correct,0.998809
datasets/test/Leaf_Gall/Leaf_Gall00261.jpg,Leaf_Gall,Leaf_Gall,Correct,0.999793
datasets/train/Leaf_Blight/Leaf_Blight00022.jpg,Leaf_Blight,Leaf_Blight,Correct,0.999885
datasets/test/Leaf_Blight/Leaf_Blight00437.jpg,Leaf_Blight,Leaf_Blight,Correct,0.996949
datasets/train/Leaf_Blight/Leaf_Blight00589.jpg,Leaf_Blight,Leaf_Blight,Correct,0.992889
datasets/test/Leaf_Blight/Leaf_Blight00014.jpg,Leaf_Blight,Leaf_Blight,Correct,0.999990
datasets/test/Dry_Leaf/Dry_Leaf00291.jpg,Dry_Leaf,Dry_Leaf,Correct,0.999995
datasets/train/Leaf_Gall/Leaf_Gall00493.jpg,Leaf_Gall,Leaf_Gall,Correct,0.999751
datasets/test/Healthy_Leaf/Healthy_Leaf00477.jpg,Healthy_Leaf,Healthy_Leaf,Correct,0.999981
datasets/test/Deficiency_Leaf/Deficiency_Leaf00077.jpg,Deficiency_Leaf,Deficiency_Leaf,Correct,0.975075
datasets/train/Bituminous_Leaf/Bituminous_Leaf00043.jpg,Bituminous_Leaf,Bituminous_Leaf,Correct,0.999851
datasets/train/Leaf_Gall/Leaf_Gall00257.jpg,Leaf_Gall,Leaf_Gall,Correct,0.997518
datasets/test/Felt_Leaf/Felt_Leaf00149.jpg,Felt_Leaf,Felt_Leaf,Correct,0.998578
datasets/train/Felt_Leaf/Felt_Leaf00258.jpg,Felt_Leaf,Felt_Leaf,Correct,0.995992
datasets/train/Deficiency_Leaf/Deficiency_Leaf00119.jpg,Deficiency_Leaf,Deficiency_Leaf,Correct,0.873675
datasets/train/Fungal_Leaf_Spot/Fungal_Leaf_Spot00141.jpg,Fungal_Leaf_Spot,Fungal_Leaf_Spot,Correct,0.999989
datasets/test/Anthrax_Leaf/Anthrax_Leaf00079.jpg,Anthrax_Leaf,Anthrax_Leaf,Correct,0.999878
datasets/train/Fungal_Leaf_Spot/Fungal_Leaf_Spot00228.jpg,Fungal_Leaf_Spot,Fungal_Leaf_Spot,Correct,0.999998
datasets/test/Leaf_Gall/Leaf_Gall00018.jpg,Leaf_Gall,Leaf_Gall,Correct,0.995671
datasets/train/Leaf_Gall/Leaf_Gall00282.jpg,Leaf_Gall,Leaf_Gall,Correct,0.998688
datasets/test/Healthy_Leaf/Healthy_Leaf00292.jpg,Healthy_Leaf,Healthy_Leaf,Correct,0.999925
datasets/test/Fungal_Leaf_Spot/Fungal_Leaf_Spot00052.jpg,Fungal_Leaf_Spot,Fungal_Leaf_Spot,Correct,0.997129
datasets/test/Healthy_Leaf/Healthy_Leaf00131.jpg,Healthy_Leaf,Healthy_Leaf,Correct,0.999997
datasets/test/Leaf_Blight/Leaf_Blight00042.jpg,Leaf_Blight,Leaf_Blight,Correct,0.999968
datasets/test/Leaf_Gall/Leaf_Gall00535.jpg,Leaf_Gall,Leaf_Gall,Correct,0.999928
datasets/test/Leaf_Gall/Leaf_Gall00569.jpg,Leaf_Gall,Leaf_Gall,Correct,0.989438
datasets/test/Felt_Leaf/Felt_Leaf00058.jpg,Felt_Leaf,Felt_Leaf,Correct,0.995932
datasets/train/Leaf_Gall/Leaf_Gall00528.jpg,Leaf_Gall,Leaf_Gall,Correct,0.999786
datasets/test/Felt_Leaf/Felt_Leaf00088.jpg,Felt_Leaf,Felt_Leaf,Correct,0.992918
datasets/test/Fungal_Leaf_Spot/Fungal_Leaf_Spot00477.jpg,Fungal_Leaf_Spot,Fungal_Leaf_Spot,Correct,0.999998
datasets/train/Fungal_Leaf_Spot/Fungal_Leaf_Spot00006.jpg,Fungal_Leaf_Spot,Fungal_Leaf_Spot,Correct,0.999905
datasets/test/Deficiency_Leaf/Deficiency_Leaf00050.jpg,Deficiency_Leaf,Deficiency_Leaf,Correct,0.997979
datasets/test/Leaf_Gall/Leaf_Gall00405.jpg,Leaf_Gall,Leaf_Gall,Correct,0.999085
datasets/test/Healthy_Leaf/Healthy_Leaf00248.jpg,Healthy_Leaf,Healthy_Leaf,Correct,0.999914
datasets/train/Felt_Leaf/Felt_Leaf00095.jpg,Felt_Leaf,Felt_Leaf,Correct,0.999984
datasets/train/Healthy_Leaf/Healthy_Leaf00479.jpg,Healthy_Leaf,Healthy_Leaf,Correct,0.999960
datasets/test/Leaf_Gall/Leaf_Gall00077.jpg,Leaf_Gall,Leaf_Gall,Correct,0.999998
datasets/train/Leaf_Blight/Leaf_Blight00478.jpg,Leaf_Blight,Leaf_Blight,Correct,0.999027
datasets/train/Leaf_Gall/Leaf_Gall00303.jpg,Leaf_Gall,Leaf_Gall,Correct,0.999902
datasets/test/Curl_Leaf/Curl_Leaf00030.jpg,Curl_Leaf,Curl_Leaf,Correct,1.000000
datasets/test/Curl_Leaf/Curl_Leaf00149.jpg,Curl_Leaf,Curl_Leaf,Correct,0.998723
datasets/train/Anthrax_Leaf/Anthrax_Leaf00043.jpg,Anthrax_Leaf,Anthrax_Leaf,Correct,0.999983
datasets/train/Leaf_Gall/Leaf_Gall00486.jpg,Leaf_Gall,Leaf_Gall,Correct,0.999986
datasets/train/Leaf_Gall/Leaf_Gall00620.jpg,Leaf_Gall,Leaf_Gall,Correct,0.997263
datasets/test/Bituminous_Leaf/Bituminous_Leaf00028.jpg,Bituminous_Leaf,Bituminous_Leaf,Correct,0.999952
datasets/train/Felt_Leaf/Felt_Leaf00262.jpg,Felt_Leaf,Fungal_Leaf_Spot,Incorrect,0.811182
datasets/test/Dry_Leaf/Dry_Leaf00292.jpg,Dry_Leaf,Dry_Leaf,Correct,0.999979
datasets/test/Healthy_Leaf/Healthy_Leaf00176.jpg,Healthy_Leaf,Healthy_Leaf,Correct,0.999942
datasets/train/Anthrax_Leaf/Anthrax_Leaf00016.jpg,Anthrax_Leaf,Anthrax_Leaf,Correct,0.994574
datasets/test/Bituminous_Leaf/Bituminous_Leaf00013.jpg,Bituminous_Leaf,Bituminous_Leaf,Correct,0.827625
datasets/train/Leaf_Gall/Leaf_Gall00240.jpg,Leaf_Gall,Leaf_Gall,Correct,0.999979
datasets/test/Dry_Leaf/Dry_Leaf00244.jpg,Dry_Leaf,Dry_Leaf,Correct,0.999998
datasets/train/Healthy_Leaf/Healthy_Leaf00305.jpg,Healthy_Leaf,Healthy_Leaf,Correct,0.999962
datasets/test/Leaf_Blight/Leaf_Blight00562.jpg,Leaf_Blight,Leaf_Blight,Correct,0.999854
datasets/test/Leaf_Gall/Leaf_Gall00589.jpg,Leaf_Gall,Leaf_Gall,Correct,0.999699
datasets/test/Healthy_Leaf/Healthy_Leaf00106.jpg,Healthy_Leaf,Healthy_Leaf,Correct,0.999989
datasets/test/Curl_Leaf/Curl_Leaf00077.jpg,Curl_Leaf,Curl_Leaf,Correct,0.998966
datasets/train/Anthrax_Leaf/Anthrax_Leaf00042.jpg,Anthrax_Leaf,Anthrax_Leaf,Correct,0.994860
datasets/test/Leaf_Blight/Leaf_Blight00565.jpg,Leaf_Blight,Leaf_Blight,Correct,0.999959
datasets/test/Healthy_Leaf/Healthy_Leaf00403.jpg,Healthy_Leaf,Healthy_Leaf,Correct,0.999999
datasets/test/Felt_Leaf/Felt_Leaf00093.jpg,Felt_Leaf,Felt_Leaf,Correct,0.999039
datasets/train/Fungal_Leaf_Spot/Fungal_Leaf_Spot00194.jpg,Fungal_Leaf_Spot,Fungal_Leaf_Spot,Correct,0.999880
datasets/test/Healthy_Leaf/Healthy_Leaf00491.jpg,Healthy_Leaf,Healthy_Leaf,Correct,0.999995
datasets/test/Anthrax_Leaf/Anthrax_Leaf00148.jpg,Anthrax_Leaf,Anthrax_Leaf,Correct,0.999678
datasets/train/Fungal_Leaf_Spot/Fungal_Leaf_Spot00459.jpg,Fungal_Leaf_Spot,Felt_Leaf,Incorrect,0.907746
datasets/test/Dry_Leaf/Dry_Leaf00194.jpg,Dry_Leaf,Dry_Leaf,Correct,0.999977
datasets/train/Healthy_Leaf/Healthy_Leaf00243.jpg,Healthy_Leaf,Healthy_Leaf,Correct,0.999681
datasets/train/Healthy_Leaf/Healthy_Leaf00016.jpg,Healthy_Leaf,Healthy_Leaf,Correct,0.999981
datasets/test/Fungal_Leaf_Spot/Fungal_Leaf_Spot00093.jpg,Fungal_Leaf_Spot,Fungal_Leaf_Spot,Correct,0.963712
datasets/test/Leaf_Blight/Leaf_Blight00234.jpg,Leaf_Blight,Leaf_Blight,Correct,0.991546
datasets/train/Healthy_Leaf/Healthy_Leaf00431.jpg,Healthy_Leaf,Healthy_Leaf,Correct,0.999932
datasets/test/Healthy_Leaf/Healthy_Leaf00274.jpg,Healthy_Leaf,Healthy_Leaf,Correct,0.999859
datasets/test/Curl_Leaf/Curl_Leaf00027.jpg,Curl_Leaf,Curl_Leaf,Correct,0.999998
datasets/test/Leaf_Blight/Leaf_Blight00487.jpg,Leaf_Blight,Leaf_Blight,Correct,0.999908
datasets/train/Deficiency_Leaf/Deficiency_Leaf00021.jpg,Deficiency_Leaf,Deficiency_Leaf,Correct,0.999477
datasets/train/Healthy_Leaf/Healthy_Leaf00224.jpg,Healthy_Leaf,Healthy_Leaf,Correct,0.999675
datasets/test/Deficiency_Leaf/Deficiency_Leaf00085.jpg,Deficiency_Leaf,Deficiency_Leaf,Correct,0.999588
datasets/train/Bituminous_Leaf/Bituminous_Leaf00008.jpg,Bituminous_Leaf,Bituminous_Leaf,Correct,0.959787
datasets/train/Leaf_Blight/Leaf_Blight00171.jpg,Leaf_Blight,Leaf_Blight,Correct,0.999839
datasets/test/Deficiency_Leaf/Deficiency_Leaf00086.jpg,Deficiency_Leaf,Deficiency_Leaf,Correct,0.998696
datasets/test/Fungal_Leaf_Spot/Fungal_Leaf_Spot00157.jpg,Fungal_Leaf_Spot,Fungal_Leaf_Spot,Correct,0.999821
datasets/test/Leaf_Gall/Leaf_Gall00451.jpg,Leaf_Gall,Leaf_Gall,Correct,0.997644
datasets/test/Dry_Leaf/Dry_Leaf00278.jpg,Dry_Leaf,Dry_Leaf,Correct,0.999997
datasets/train/Fungal_Leaf_Spot/Fungal_Leaf_Spot00264.jpg,Fungal_Leaf_Spot,Fungal_Leaf_Spot,Correct,0.999762
datasets/train/Leaf_Blight/Leaf_Blight00040.jpg,Leaf_Blight,Leaf_Blight,Correct,0.999917
datasets/test/Leaf_Gall/Leaf_Gall00243.jpg,Leaf_Gall,Leaf_Gall,Correct,0.999928
datasets/test/Healthy_Leaf/Healthy_Leaf00339.jpg,Healthy_Leaf,Healthy_Leaf,Correct,0.999978
datasets/test/Bituminous_Leaf/Bituminous_Leaf00052.jpg,Bituminous_Leaf,Bituminous_Leaf,Correct,0.999286
datasets/test/Leaf_Gall/Leaf_Gall00350.jpg,Leaf_Gall,Leaf_Gall,Correct,0.999700
datasets/test/Leaf_Blight/Leaf_Blight00510.jpg,Leaf_Blight,Leaf_Blight,Correct,0.999782
datasets/test/Dry_Leaf/Dry_Leaf00033.jpg,Dry_Leaf,Dry_Leaf,Correct,0.979710
datasets/test/Fungal_Leaf_Spot/Fungal_Leaf_Spot00127.jpg,Fungal_Leaf_Spot,Fungal_Leaf_Spot,Correct,0.999690
datasets/test/Leaf_Blight/Leaf_Blight00191.jpg,Leaf_Blight,Leaf_Blight,Correct,0.997686
datasets/train/Dry_Leaf/Dry_Leaf00018.jpg,Dry_Leaf,Dry_Leaf,Correct,0.999950
datasets/test/Felt_Leaf/Felt_Leaf00233.jpg,Felt_Leaf,Felt_Leaf,Correct,0.999980
datasets/train/Felt_Leaf/Felt_Leaf00321.jpg,Felt_Leaf,Felt_Leaf,Correct,0.999171
datasets/test/Bituminous_Leaf/Bituminous_Leaf00026.jpg,Bituminous_Leaf,Bituminous_Leaf,Correct,0.999982
datasets/test/Fungal_Leaf_Spot/Fungal_Leaf_Spot00134.jpg,Fungal_Leaf_Spot,Fungal_Leaf_Spot,Correct,0.999951
datasets/test/Leaf_Gall/Leaf_Gall00032.jpg,Leaf_Gall,Leaf_Gall,Correct,0.999797
datasets/train/Dry_Leaf/Dry_Leaf00187.jpg,Dry_Leaf,Dry_Leaf,Correct,0.999991
datasets/train/Leaf_Gall/Leaf_Gall00223.jpg,Leaf_Gall,Leaf_Gall,Correct,0.999933
datasets/test/Fungal_Leaf_Spot/Fungal_Leaf_Spot00526.jpg,Fungal_Leaf_Spot,Fungal_Leaf_Spot,Correct,0.999973
datasets/train/Leaf_Gall/Leaf_Gall00373.jpg,Leaf_Gall,Leaf_Gall,Correct,0.999059
datasets/train/Healthy_Leaf/Healthy_Leaf00267.jpg,Healthy_Leaf,Healthy_Leaf,Correct,0.999969
datasets/test/Healthy_Leaf/Healthy_Leaf00154.jpg,Healthy_Leaf,Healthy_Leaf,Correct,0.999997
datasets/test/Leaf_Gall/Leaf_Gall00098.jpg,Leaf_Gall,Leaf_Gall,Correct,0.999940
datasets/test/Leaf_Gall/Leaf_Gall00358.jpg,Leaf_Gall,Leaf_Gall,Correct,0.991271
datasets/test/Curl_Leaf/Curl_Leaf00097.jpg,Curl_Leaf,Curl_Leaf,Correct,0.971340
datasets/test/Leaf_Gall/Leaf_Gall00425.jpg,Leaf_Gall,Leaf_Gall,Correct,0.999182
datasets/train/Bituminous_Leaf/Bituminous_Leaf00104.jpg,Bituminous_Leaf,Bituminous_Leaf,Correct,0.998379
datasets/test/Bituminous_Leaf/Bituminous_Leaf00095.jpg,Bituminous_Leaf,Bituminous_Leaf,Correct,0.999522
datasets/test/Dry_Leaf/Dry_Leaf00337.jpg,Dry_Leaf,Dry_Leaf,Correct,0.999976
datasets/train/Leaf_Gall/Leaf_Gall00534.jpg,Leaf_Gall,Leaf_Gall,Correct,0.999893
datasets/test/Anthrax_Leaf/Anthrax_Leaf00013.jpg,Anthrax_Leaf,Anthrax_Leaf,Correct,0.999356
datasets/train/Leaf_Gall/Leaf_Gall00586.jpg,Leaf_Gall,Leaf_Gall,Correct,0.999947
datasets/train/Deficiency_Leaf/Deficiency_Leaf00069.jpg,Deficiency_Leaf,Deficiency_Leaf,Correct,0.999999
datasets/train/Curl_Leaf/Curl_Leaf00125.jpg,Curl_Leaf,Curl_Leaf,Correct,0.999996
datasets/test/Healthy_Leaf/Healthy_Leaf00463.jpg,Healthy_Leaf,Healthy_Leaf,Correct,0.999956
datasets/test/Fungal_Leaf_Spot/Fungal_Leaf_Spot00218.jpg,Fungal_Leaf_Spot,Fungal_Leaf_Spot,Correct,0.999997
datasets/train/Bituminous_Leaf/Bituminous_Leaf00097.jpg,Bituminous_Leaf,Bituminous_Leaf,Correct,0.998439
datasets/train/Dry_Leaf/Dry_Leaf00027.jpg,Dry_Leaf,Dry_Leaf,Correct,0.999950
datasets/train/Healthy_Leaf/Healthy_Leaf00066.jpg,Healthy_Leaf,Healthy_Leaf,Correct,0.999992
datasets/test/Leaf_Gall/Leaf_Gall00415.jpg,Leaf_Gall,Leaf_Gall,Correct,0.996243
datasets/train/Curl_Leaf/Curl_Leaf00070.jpg,Curl_Leaf,Curl_Leaf,Correct,0.999903
datasets/train/Fungal_Leaf_Spot/Fungal_Leaf_Spot00059.jpg,Fungal_Leaf_Spot,Fungal_Leaf_Spot,Correct,1.000000
datasets/test/Fungal_Leaf_Spot/Fungal_Leaf_Spot00388.jpg,Fungal_Leaf_Spot,Fungal_Leaf_Spot,Correct,0.999397
datasets/test/Leaf_Gall/Leaf_Gall00134.jpg,Leaf_Gall,Leaf_Gall,Correct,0.999994
datasets/train/Healthy_Leaf/Healthy_Leaf00050.jpg,Healthy_Leaf,Healthy_Leaf,Correct,0.999977
datasets/test/Dry_Leaf/Dry_Leaf00327.jpg,Dry_Leaf,Dry_Leaf,Correct,0.999999
datasets/train/Anthrax_Leaf/Anthrax_Leaf00050.jpg,Anthrax_Leaf,Anthrax_Leaf,Correct,0.999990
datasets/test/Fungal_Leaf_Spot/Fungal_Leaf_Spot00082.jpg,Fungal_Leaf_Spot,Fungal_Leaf_Spot,Correct,0.999922
datasets/test/Healthy_Leaf/Healthy_Leaf00161.jpg,Healthy_Leaf,Healthy_Leaf,Correct,0.999995
datasets/test/Fungal_Leaf_Spot/Fungal_Leaf_Spot00240.jpg,Fungal_Leaf_Spot,Fungal_Leaf_Spot,Correct,0.999842
datasets/test/Leaf_Gall/Leaf_Gall00142.jpg,Leaf_Gall,Leaf_Gall,Correct,0.497930
datasets/train/Anthrax_Leaf/Anthrax_Leaf00004.jpg,Anthrax_Leaf,Anthrax_Leaf,Correct,0.999704
datasets/test/Healthy_Leaf/Healthy_Leaf00125.jpg,Healthy_Leaf,Healthy_Leaf,Correct,0.999996
datasets/test/Healthy_Leaf/Healthy_Leaf00458.jpg,Healthy_Leaf,Healthy_Leaf,Correct,0.999997
datasets/train/Healthy_Leaf/Healthy_Leaf00424.jpg,Healthy_Leaf,Healthy_Leaf,Correct,0.999979
datasets/test/Healthy_Leaf/Healthy_Leaf00466.jpg,Healthy_Leaf,Healthy_Leaf,Correct,0.999992
datasets/train/Leaf_Blight/Leaf_Blight00010.jpg,Leaf_Blight,Leaf_Blight,Correct,0.999994
datasets/test/Leaf_Blight/Leaf_Blight00056.jpg,Leaf_Blight,Leaf_Blight,Correct,0.992280
datasets/train/Dry_Leaf/Dry_Leaf00077.jpg,Dry_Leaf,Dry_Leaf,Correct,0.999998
datasets/test/Fungal_Leaf_Spot/Fungal_Leaf_Spot00450.jpg,Fungal_Leaf_Spot,Fungal_Leaf_Spot,Correct,0.990258
datasets/test/Dry_Leaf/Dry_Leaf00066.jpg,Dry_Leaf,Dry_Leaf,Correct,0.999951
datasets/test/Fungal_Leaf_Spot/Fungal_Leaf_Spot00201.jpg,Fungal_Leaf_Spot,Fungal_Leaf_Spot,Correct,0.999730
datasets/test/Healthy_Leaf/Healthy_Leaf00560.jpg,Healthy_Leaf,Healthy_Leaf,Correct,0.999940
datasets/train/Leaf_Blight/Leaf_Blight00236.jpg,Leaf_Blight,Leaf_Blight,Correct,0.996305
datasets/test/Healthy_Leaf/Healthy_Leaf00568.jpg,Healthy_Leaf,Healthy_Leaf,Correct,0.999973
datasets/train/Bituminous_Leaf/Bituminous_Leaf00115.jpg,Bituminous_Leaf,Bituminous_Leaf,Correct,0.999999
datasets/test/Healthy_Leaf/Healthy_Leaf00030.jpg,Healthy_Leaf,Healthy_Leaf,Correct,0.999990
datasets/train/Felt_Leaf/Felt_Leaf00140.jpg,Felt_Leaf,Felt_Leaf,Correct,0.999666
datasets/test/Anthrax_Leaf/Anthrax_Leaf00092.jpg,Anthrax_Leaf,Anthrax_Leaf,Correct,0.999952
datasets/train/Leaf_Gall/Leaf_Gall00203.jpg,Leaf_Gall,Leaf_Gall,Correct,0.999812
datasets/train/Leaf_Blight/Leaf_Blight00543.jpg,Leaf_Blight,Leaf_Blight,Correct,0.999819
datasets/test/Leaf_Blight/Leaf_Blight00223.jpg,Leaf_Blight,Leaf_Blight,Correct,0.998679
datasets/test/Leaf_Blight/Leaf_Blight00177.jpg,Leaf_Blight,Leaf_Blight,Correct,0.999935
datasets/train/Leaf_Gall/Leaf_Gall00598.jpg,Leaf_Gall,Leaf_Gall,Correct,0.999906
datasets/test/Fungal_Leaf_Spot/Fungal_Leaf_Spot00464.jpg,Fungal_Leaf_Spot,Felt_Leaf,Incorrect,0.709740
datasets/train/Dry_Leaf/Dry_Leaf00225.jpg,Dry_Leaf,Dry_Leaf,Correct,0.999939
datasets/train/Curl_Leaf/Curl_Leaf00179.jpg,Curl_Leaf,Curl_Leaf,Correct,0.998439
datasets/test/Leaf_Gall/Leaf_Gall00229.jpg,Leaf_Gall,Leaf_Gall,Correct,0.999984
datasets/test/Fungal_Leaf_Spot/Fungal_Leaf_Spot00497.jpg,Fungal_Leaf_Spot,Fungal_Leaf_Spot,Correct,0.999999
datasets/train/Fungal_Leaf_Spot/Fungal_Leaf_Spot00355.jpg,Fungal_Leaf_Spot,Fungal_Leaf_Spot,Correct,0.999588
datasets/train/Healthy_Leaf/Healthy_Leaf00602.jpg,Healthy_Leaf,Healthy_Leaf,Correct,0.999910
datasets/test/Bituminous_Leaf/Bituminous_Leaf00053.jpg,Bituminous_Leaf,Bituminous_Leaf,Correct,0.999987
datasets/test/Leaf_Blight/Leaf_Blight00394.jpg,Leaf_Blight,Leaf_Blight,Correct,0.937856
datasets/train/Bituminous_Leaf/Bituminous_Leaf00092.jpg,Bituminous_Leaf,Bituminous_Leaf,Correct,0.999979
datasets/test/Felt_Leaf/Felt_Leaf00213.jpg,Felt_Leaf,Felt_Leaf,Correct,0.999955
datasets/test/Leaf_Blight/Leaf_Blight00051.jpg,Leaf_Blight,Leaf_Blight,Correct,0.863085
datasets/test/Fungal_Leaf_Spot/Fungal_Leaf_Spot00386.jpg,Fungal_Leaf_Spot,Felt_Leaf,Incorrect,0.717119
datasets/test/Felt_Leaf/Felt_Leaf00178.jpg,Felt_Leaf,Felt_Leaf,Correct,0.999981
datasets/test/Dry_Leaf/Dry_Leaf00037.jpg,Dry_Leaf,Dry_Leaf,Correct,0.999967
datasets/train/Leaf_Gall/Leaf_Gall00072.jpg,Leaf_Gall,Leaf_Gall,Correct,0.996947
datasets/test/Leaf_Gall/Leaf_Gall00130.jpg,Leaf_Gall,Leaf_Gall,Correct,0.999866
datasets/train/Leaf_Blight/Leaf_Blight00086.jpg,Leaf_Blight,Leaf_Blight,Correct,0.993798
datasets/train/Fungal_Leaf_Spot/Fungal_Leaf_Spot00254.jpg,Fungal_Leaf_Spot,Fungal_Leaf_Spot,Correct,0.999979
datasets/train/Felt_Leaf/Felt_Leaf00343.jpg,Felt_Leaf,Felt_Leaf,Correct,0.999933
datasets/test/Fungal_Leaf_Spot/Fungal_Leaf_Spot00447.jpg,Fungal_Leaf_Spot,Fungal_Leaf_Spot,Correct,0.999996
datasets/test/Healthy_Leaf/Healthy_Leaf00266.jpg,Healthy_Leaf,Healthy_Leaf,Correct,0.999933
datasets/test/Fungal_Leaf_Spot/Fungal_Leaf_Spot00537.jpg,Fungal_Leaf_Spot,Fungal_Leaf_Spot,Correct,0.995143
datasets/test/Bituminous_Leaf/Bituminous_Leaf00120.jpg,Bituminous_Leaf,Bituminous_Leaf,Correct,0.999995
datasets/test/Leaf_Blight/Leaf_Blight00159.jpg,Leaf_Blight,Leaf_Blight,Correct,0.999411
datasets/train/Leaf_Gall/Leaf_Gall00536.jpg,Leaf_Gall,Leaf_Gall,Correct,0.994814
datasets/test/Leaf_Gall/Leaf_Gall00608.jpg,Leaf_Gall,Leaf_Gall,Correct,0.988999
datasets/test/Leaf_Gall/Leaf_Gall00171.jpg,Leaf_Gall,Leaf_Gall,Correct,0.996217
datasets/train/Leaf_Blight/Leaf_Blight00464.jpg,Leaf_Blight,Leaf_Blight,Correct,0.999865
datasets/test/Leaf_Blight/Leaf_Blight00189.jpg,Leaf_Blight,Leaf_Blight,Correct,0.999664
datasets/test/Healthy_Leaf/Healthy_Leaf00068.jpg,Healthy_Leaf,Healthy_Leaf,Correct,0.999997
datasets/train/Fungal_Leaf_Spot/Fungal_Leaf_Spot00552.jpg,Fungal_Leaf_Spot,Fungal_Leaf_Spot,Correct,0.999999
datasets/test/Deficiency_Leaf/Deficiency_Leaf00046.jpg,Deficiency_Leaf,Deficiency_Leaf,Correct,0.999931
datasets/test/Dry_Leaf/Dry_Leaf00119.jpg,Dry_Leaf,Dry_Leaf,Correct,0.999827
datasets/train/Dry_Leaf/Dry_Leaf00299.jpg,Dry_Leaf,Dry_Leaf,Correct,0.999997
datasets/train/Felt_Leaf/Felt_Leaf00120.jpg,Felt_Leaf,Felt_Leaf,Correct,0.999998
datasets/test/Anthrax_Leaf/Anthrax_Leaf00017.jpg,Anthrax_Leaf,Anthrax_Leaf,Correct,0.990769
datasets/test/Fungal_Leaf_Spot/Fungal_Leaf_Spot00528.jpg,Fungal_Leaf_Spot,Fungal_Leaf_Spot,Correct,1.000000
datasets/test/Healthy_Leaf/Healthy_Leaf00416.jpg,Healthy_Leaf,Healthy_Leaf,Correct,0.999998
datasets/test/Fungal_Leaf_Spot/Fungal_Leaf_Spot00369.jpg,Fungal_Leaf_Spot,Fungal_Leaf_Spot,Correct,0.999919
datasets/test/Dry_Leaf/Dry_Leaf00166.jpg,Dry_Leaf,Dry_Leaf,Correct,0.999019
datasets/train/Felt_Leaf/Felt_Leaf00363.jpg,Felt_Leaf,Felt_Leaf,Correct,0.999995
datasets/test/Leaf_Gall/Leaf_Gall00579.jpg,Leaf_Gall,Leaf_Gall,Correct,0.999919
datasets/test/Anthrax_Leaf/Anthrax_Leaf00053.jpg,Anthrax_Leaf,Anthrax_Leaf,Correct,0.999981
datasets/train/Anthrax_Leaf/Anthrax_Leaf00067.jpg,Anthrax_Leaf,Anthrax_Leaf,Correct,0.999428
datasets/test/Leaf_Gall/Leaf_Gall00422.jpg,Leaf_Gall,Leaf_Gall,Correct,0.999055
datasets/train/Curl_Leaf/Curl_Leaf00054.jpg,Curl_Leaf,Curl_Leaf,Correct,0.999992
datasets/train/Felt_Leaf/Felt_Leaf00098.jpg,Felt_Leaf,Felt_Leaf,Correct,0.999474
datasets/train/Healthy_Leaf/Healthy_Leaf00512.jpg,Healthy_Leaf,Healthy_Leaf,Correct,0.999910
datasets/test/Dry_Leaf/Dry_Leaf00082.jpg,Dry_Leaf,Dry_Leaf,Correct,0.999995
datasets/test/Healthy_Leaf/Healthy_Leaf00418.jpg,Healthy_Leaf,Healthy_Leaf,Correct,0.996255
datasets/train/Healthy_Leaf/Healthy_Leaf00310.jpg,Healthy_Leaf,Healthy_Leaf,Correct,0.999948
datasets/train/Healthy_Leaf/Healthy_Leaf00493.jpg,Healthy_Leaf,Healthy_Leaf,Correct,0.947056
datasets/train/Felt_Leaf/Felt_Leaf00381.jpg,Felt_Leaf,Felt_Leaf,Correct,0.999951
datasets/test/Healthy_Leaf/Healthy_Leaf00062.jpg,Healthy_Leaf,Healthy_Leaf,Correct,0.999990
datasets/train/Deficiency_Leaf/Deficiency_Leaf00074.jpg,Deficiency_Leaf,Deficiency_Leaf,Correct,0.932456
datasets/train/Dry_Leaf/Dry_Leaf00128.jpg,Dry_Leaf,Dry_Leaf,Correct,0.999997
datasets/test/Felt_Leaf/Felt_Leaf00174.jpg,Felt_Leaf,Felt_Leaf,Correct,0.999530
datasets/test/Healthy_Leaf/Healthy_Leaf00289.jpg,Healthy_Leaf,Healthy_Leaf,Correct,0.999480
datasets/test/Curl_Leaf/Curl_Leaf00053.jpg,Curl_Leaf,Curl_Leaf,Correct,1.000000
datasets/test/Felt_Leaf/Felt_Leaf00249.jpg,Felt_Leaf,Felt_Leaf,Correct,0.999207
datasets/train/Leaf_Gall/Leaf_Gall00470.jpg,Leaf_Gall,Leaf_Gall,Correct,0.895866
datasets/train/Leaf_Gall/Leaf_Gall00352.jpg,Leaf_Gall,Leaf_Gall,Correct,0.998301
datasets/test/Felt_Leaf/Felt_Leaf00059.jpg,Felt_Leaf,Felt_Leaf,Correct,0.999983
datasets/test/Leaf_Gall/Leaf_Gall00387.jpg,Leaf_Gall,Leaf_Gall,Correct,0.999962
datasets/test/Dry_Leaf/Dry_Leaf00235.jpg,Dry_Leaf,Dry_Leaf,Correct,0.999965
datasets/test/Leaf_Blight/Leaf_Blight00373.jpg,Leaf_Blight,Leaf_Blight,Correct,0.999763
datasets/train/Fungal_Leaf_Spot/Fungal_Leaf_Spot00081.jpg,Fungal_Leaf_Spot,Fungal_Leaf_Spot,Correct,1.000000
datasets/test/Fungal_Leaf_Spot/Fungal_Leaf_Spot00503.jpg,Fungal_Leaf_Spot,Fungal_Leaf_Spot,Correct,0.999995
datasets/test/Fungal_Leaf_Spot/Fungal_Leaf_Spot00009.jpg,Fungal_Leaf_Spot,Fungal_Leaf_Spot,Correct,0.999978
datasets/train/Curl_Leaf/Curl_Leaf00160.jpg,Curl_Leaf,Curl_Leaf,Correct,0.998030
datasets/train/Fungal_Leaf_Spot/Fungal_Leaf_Spot00306.jpg,Fungal_Leaf_Spot,Fungal_Leaf_Spot,Correct,0.999730
datasets/test/Healthy_Leaf/Healthy_Leaf00095.jpg,Healthy_Leaf,Healthy_Leaf,Correct,0.999614
datasets/test/Anthrax_Leaf/Anthrax_Leaf00140.jpg,Anthrax_Leaf,Anthrax_Leaf,Correct,0.999971
datasets/train/Deficiency_Leaf/Deficiency_Leaf00064.jpg,Deficiency_Leaf,Deficiency_Leaf,Correct,0.999587
datasets/train/Healthy_Leaf/Healthy_Leaf00472.jpg,Healthy_Leaf,Healthy_Leaf,Correct,0.999999
datasets/train/Dry_Leaf/Dry_Leaf00038.jpg,Dry_Leaf,Dry_Leaf,Correct,0.999965
datasets/test/Healthy_Leaf/Healthy_Leaf00220.jpg,Healthy_Leaf,Healthy_Leaf,Correct,0.999076
datasets/test/Healthy_Leaf/Healthy_Leaf00566.jpg,Healthy_Leaf,Healthy_Leaf,Correct,0.999921
datasets/train/Dry_Leaf/Dry_Leaf00094.jpg,Dry_Leaf,Dry_Leaf,Correct,0.999841
datasets/train/Leaf_Gall/Leaf_Gall00070.jpg,Leaf_Gall,Leaf_Gall,Correct,0.999935
datasets/test/Bituminous_Leaf/Bituminous_Leaf00105.jpg,Bituminous_Leaf,Bituminous_Leaf,Correct,0.996799
datasets/test/Leaf_Blight/Leaf_Blight00590.jpg,Leaf_Blight,Leaf_Blight,Correct,0.979597
datasets/train/Leaf_Blight/Leaf_Blight00110.jpg,Leaf_Blight,Leaf_Blight,Correct,0.982553
datasets/test/Leaf_Gall/Leaf_Gall00194.jpg,Leaf_Gall,Leaf_Gall,Correct,0.999453
datasets/test/Leaf_Gall/Leaf_Gall00317.jpg,Leaf_Gall,Leaf_Gall,Correct,0.999793
datasets/test/Fungal_Leaf_Spot/Fungal_Leaf_Spot00482.jpg,Fungal_Leaf_Spot,Fungal_Leaf_Spot,Correct,0.999999
datasets/test/Leaf_Blight/Leaf_Blight00101.jpg,Leaf_Blight,Leaf_Blight,Correct,0.999981
datasets/test/Leaf_Gall/Leaf_Gall00285.jpg,Leaf_Gall,Leaf_Gall,Correct,0.999686
datasets/train/Curl_Leaf/Curl_Leaf00065.jpg,Curl_Leaf,Curl_Leaf,Correct,1.000000
datasets/train/Healthy_Leaf/Healthy_Leaf00261.jpg,Healthy_Leaf,Healthy_Leaf,Correct,0.998419
datasets/test/Deficiency_Leaf/Deficiency_Leaf00010.jpg,Deficiency_Leaf,Deficiency_Leaf,Correct,0.999825
datasets/train/Healthy_Leaf/Healthy_Leaf00214.jpg,Healthy_Leaf,Healthy_Leaf,Correct,0.999795
datasets/train/Leaf_Blight/Leaf_Blight00452.jpg,Leaf_Blight,Leaf_Blight,Correct,0.999979
datasets/train/Leaf_Gall/Leaf_Gall00454.jpg,Leaf_Gall,Leaf_Gall,Correct,0.999880
datasets/test/Felt_Leaf/Felt_Leaf00271.jpg,Felt_Leaf,Felt_Leaf,Correct,0.994559
datasets/test/Leaf_Gall/Leaf_Gall00593.jpg,Leaf_Gall,Leaf_Gall,Correct,0.999673
datasets/train/Dry_Leaf/Dry_Leaf00302.jpg,Dry_Leaf,Dry_Leaf,Correct,0.999994
datasets/train/Felt_Leaf/Felt_Leaf00231.jpg,Felt_Leaf,Felt_Leaf,Correct,0.999960
datasets/test/Leaf_Blight/Leaf_Blight00146.jpg,Leaf_Blight,Leaf_Blight,Correct,0.715724
datasets/test/Healthy_Leaf/Healthy_Leaf00454.jpg,Healthy_Leaf,Healthy_Leaf,Correct,0.999998
datasets/test/Felt_Leaf/Felt_Leaf00164.jpg,Felt_Leaf,Felt_Leaf,Correct,0.998154
datasets/train/Anthrax_Leaf/Anthrax_Leaf00127.jpg,Anthrax_Leaf,Anthrax_Leaf,Correct,0.999772
datasets/train/Deficiency_Leaf/Deficiency_Leaf00102.jpg,Deficiency_Leaf,Deficiency_Leaf,Correct,0.996338
datasets/test/Leaf_Gall/Leaf_Gall00269.jpg,Leaf_Gall,Leaf_Gall,Correct,0.999959
datasets/train/Dry_Leaf/Dry_Leaf00153.jpg,Dry_Leaf,Dry_Leaf,Correct,0.999987
datasets/test/Dry_Leaf/Dry_Leaf00196.jpg,Dry_Leaf,Dry_Leaf,Correct,0.999989
datasets/test/Healthy_Leaf/Healthy_Leaf00388.jpg,Healthy_Leaf,Healthy_Leaf,Correct,0.999892
datasets/test/Healthy_Leaf/Healthy_Leaf00286.jpg,Healthy_Leaf,Healthy_Leaf,Correct,0.938414
datasets/test/Leaf_Gall/Leaf_Gall00010.jpg,Leaf_Gall,Leaf_Gall,Correct,0.998386
datasets/test/Healthy_Leaf/Healthy_Leaf00401.jpg,Healthy_Leaf,Healthy_Leaf,Correct,0.999998
datasets/test/Bituminous_Leaf/Bituminous_Leaf00031.jpg,Bituminous_Leaf,Bituminous_Leaf,Correct,0.999993
datasets/test/Healthy_Leaf/Healthy_Leaf00503.jpg,Healthy_Leaf,Healthy_Leaf,Correct,0.999983
datasets/test/Leaf_Gall/Leaf_Gall00104.jpg,Leaf_Gall,Leaf_Gall,Correct,0.999978
datasets/test/Deficiency_Leaf/Deficiency_Leaf00022.jpg,Deficiency_Leaf,Deficiency_Leaf,Correct,0.916227
datasets/test/Fungal_Leaf_Spot/Fungal_Leaf_Spot00508.jpg,Fungal_Leaf_Spot,Fungal_Leaf_Spot,Correct,1.000000
datasets/test/Leaf_Blight/Leaf_Blight00170.jpg,Leaf_Blight,Leaf_Blight,Correct,0.999433
datasets/test/Healthy_Leaf/Healthy_Leaf00432.jpg,Healthy_Leaf,Healthy_Leaf,Correct,0.999987
datasets/test/Fungal_Leaf_Spot/Fungal_Leaf_Spot00311.jpg,Fungal_Leaf_Spot,Fungal_Leaf_Spot,Correct,0.999943
datasets/train/Fungal_Leaf_Spot/Fungal_Leaf_Spot00408.jpg,Fungal_Leaf_Spot,Fungal_Leaf_Spot,Correct,1.000000
datasets/train/Fungal_Leaf_Spot/Fungal_Leaf_Spot00069.jpg,Fungal_Leaf_Spot,Fungal_Leaf_Spot,Correct,0.999999
datasets/train/Curl_Leaf/Curl_Leaf00175.jpg,Curl_Leaf,Curl_Leaf,Correct,0.990461
datasets/train/Dry_Leaf/Dry_Leaf00176.jpg,Dry_Leaf,Dry_Leaf,Correct,0.999928
datasets/train/Leaf_Gall/Leaf_Gall00344.jpg,Leaf_Gall,Leaf_Gall,Correct,0.976812
datasets/train/Leaf_Blight/Leaf_Blight00345.jpg,Leaf_Blight,Leaf_Blight,Correct,0.999971
datasets/test/Leaf_Blight/Leaf_Blight00005.jpg,Leaf_Blight,Leaf_Blight,Correct,0.937202
datasets/train/Leaf_Blight/Leaf_Blight00017.jpg,Leaf_Blight,Leaf_Blight,Correct,0.999146
datasets/test/Felt_Leaf/Felt_Leaf00264.jpg,Felt_Leaf,Felt_Leaf,Correct,0.738177
datasets/test/Deficiency_Leaf/Deficiency_Leaf00017.jpg,Deficiency_Leaf,Deficiency_Leaf,Correct,0.999440
datasets/test/Fungal_Leaf_Spot/Fungal_Leaf_Spot00239.jpg,Fungal_Leaf_Spot,Fungal_Leaf_Spot,Correct,0.999993
datasets/train/Leaf_Blight/Leaf_Blight00238.jpg,Leaf_Blight,Leaf_Blight,Correct,0.999010
datasets/test/Dry_Leaf/Dry_Leaf00221.jpg,Dry_Leaf,Dry_Leaf,Correct,0.999967
datasets/test/Leaf_Blight/Leaf_Blight00107.jpg,Leaf_Blight,Leaf_Blight,Correct,0.871327
datasets/train/Healthy_Leaf/Healthy_Leaf00071.jpg,Healthy_Leaf,Healthy_Leaf,Correct,0.999922
datasets/train/Leaf_Gall/Leaf_Gall00073.jpg,Leaf_Gall,Anthrax_Leaf,Incorrect,0.670258
datasets/test/Leaf_Gall/Leaf_Gall00318.jpg,Leaf_Gall,Leaf_Gall,Correct,0.999634
datasets/test/Felt_Leaf/Felt_Leaf00203.jpg,Felt_Leaf,Felt_Leaf,Correct,0.999711
datasets/train/Leaf_Gall/Leaf_Gall00468.jpg,Leaf_Gall,Leaf_Gall,Correct,0.996384
datasets/train/Dry_Leaf/Dry_Leaf00345.jpg,Dry_Leaf,Dry_Leaf,Correct,0.999999
datasets/train/Dry_Leaf/Dry_Leaf00308.jpg,Dry_Leaf,Dry_Leaf,Correct,0.999995
datasets/test/Healthy_Leaf/Healthy_Leaf00357.jpg,Healthy_Leaf,Healthy_Leaf,Correct,0.999997
datasets/test/Felt_Leaf/Felt_Leaf00236.jpg,Felt_Leaf,Felt_Leaf,Correct,0.999877
datasets/test/Dry_Leaf/Dry_Leaf00231.jpg,Dry_Leaf,Dry_Leaf,Correct,0.999988
datasets/train/Fungal_Leaf_Spot/Fungal_Leaf_Spot00344.jpg,Fungal_Leaf_Spot,Fungal_Leaf_Spot,Correct,0.999952
datasets/train/Dry_Leaf/Dry_Leaf00099.jpg,Dry_Leaf,Dry_Leaf,Correct,0.972676
datasets/train/Leaf_Blight/Leaf_Blight00057.jpg,Leaf_Blight,Leaf_Blight,Correct,0.987793
datasets/train/Leaf_Gall/Leaf_Gall00215.jpg,Leaf_Gall,Leaf_Gall,Correct,0.999883
datasets/test/Leaf_Gall/Leaf_Gall00212.jpg,Leaf_Gall,Leaf_Gall,Correct,0.999990
datasets/test/Healthy_Leaf/Healthy_Leaf00439.jpg,Healthy_Leaf,Healthy_Leaf,Correct,0.999975
datasets/test/Leaf_Blight/Leaf_Blight00368.jpg,Leaf_Blight,Leaf_Blight,Correct,0.999893
datasets/train/Leaf_Blight/Leaf_Blight00592.jpg,Leaf_Blight,Leaf_Blight,Correct,0.992009
datasets/train/Healthy_Leaf/Healthy_Leaf00408.jpg,Healthy_Leaf,Healthy_Leaf,Correct,0.999962
datasets/test/Anthrax_Leaf/Anthrax_Leaf00128.jpg,Anthrax_Leaf,Anthrax_Leaf,Correct,0.999993
datasets/train/Dry_Leaf/Dry_Leaf00374.jpg,Dry_Leaf,Dry_Leaf,Correct,0.999733
datasets/train/Fungal_Leaf_Spot/Fungal_Leaf_Spot00473.jpg,Fungal_Leaf_Spot,Fungal_Leaf_Spot,Correct,0.999897
datasets/test/Fungal_Leaf_Spot/Fungal_Leaf_Spot00309.jpg,Fungal_Leaf_Spot,Fungal_Leaf_Spot,Correct,0.999992
datasets/train/Leaf_Blight/Leaf_Blight00360.jpg,Leaf_Blight,Leaf_Blight,Correct,0.999955
datasets/train/Felt_Leaf/Felt_Leaf00188.jpg,Felt_Leaf,Felt_Leaf,Correct,0.999883
datasets/test/Leaf_Blight/Leaf_Blight00226.jpg,Leaf_Blight,Leaf_Blight,Correct,0.998377
datasets/test/Leaf_Blight/Leaf_Blight00530.jpg,Leaf_Blight,Leaf_Blight,Correct,0.998600
datasets/test/Felt_Leaf/Felt_Leaf00124.jpg,Felt_Leaf,Felt_Leaf,Correct,0.999998
datasets/test/Leaf_Gall/Leaf_Gall00307.jpg,Leaf_Gall,Leaf_Gall,Correct,0.999539
datasets/train/Fungal_Leaf_Spot/Fungal_Leaf_Spot00364.jpg,Fungal_Leaf_Spot,Fungal_Leaf_Spot,Correct,0.999424
datasets/test/Healthy_Leaf/Healthy_Leaf00051.jpg,Healthy_Leaf,Healthy_Leaf,Correct,0.999984
datasets/train/Leaf_Gall/Leaf_Gall00302.jpg,Leaf_Gall,Leaf_Gall,Correct,0.999994
datasets/test/Leaf_Blight/Leaf_Blight00147.jpg,Leaf_Blight,Leaf_Blight,Correct,0.996389
datasets/test/Leaf_Gall/Leaf_Gall00209.jpg,Leaf_Gall,Leaf_Gall,Correct,0.999908
datasets/train/Leaf_Blight/Leaf_Blight00026.jpg,Leaf_Blight,Leaf_Blight,Correct,0.998086
datasets/train/Leaf_Gall/Leaf_Gall00058.jpg,Leaf_Gall,Leaf_Gall,Correct,0.999387
datasets/train/Deficiency_Leaf/Deficiency_Leaf00028.jpg,Deficiency_Leaf,Deficiency_Leaf,Correct,0.999125
datasets/test/Deficiency_Leaf/Deficiency_Leaf00073.jpg,Deficiency_Leaf,Anthrax_Leaf,Incorrect,0.422913
datasets/train/Healthy_Leaf/Healthy_Leaf00130.jpg,Healthy_Leaf,Healthy_Leaf,Correct,0.999977
datasets/test/Leaf_Gall/Leaf_Gall00510.jpg,Leaf_Gall,Leaf_Gall,Correct,0.996456
datasets/train/Felt_Leaf/Felt_Leaf00024.jpg,Felt_Leaf,Felt_Leaf,Correct,0.990608
datasets/train/Leaf_Blight/Leaf_Blight00178.jpg,Leaf_Blight,Leaf_Blight,Correct,0.999877
datasets/train/Healthy_Leaf/Healthy_Leaf00603.jpg,Healthy_Leaf,Healthy_Leaf,Correct,0.999868
datasets/train/Leaf_Gall/Leaf_Gall00121.jpg,Leaf_Gall,Leaf_Gall,Correct,0.999997
datasets/train/Leaf_Blight/Leaf_Blight00576.jpg,Leaf_Blight,Leaf_Blight,Correct,0.979873
datasets/train/Felt_Leaf/Felt_Leaf00135.jpg,Felt_Leaf,Felt_Leaf,Correct,0.999984
datasets/test/Felt_Leaf/Felt_Leaf00008.jpg,Felt_Leaf,Felt_Leaf,Correct,0.318734
datasets/test/Deficiency_Leaf/Deficiency_Leaf00048.jpg,Deficiency_Leaf,Deficiency_Leaf,Correct,0.999987
datasets/test/Anthrax_Leaf/Anthrax_Leaf00131.jpg,Anthrax_Leaf,Anthrax_Leaf,Correct,0.999998
datasets/train/Dry_Leaf/Dry_Leaf00346.jpg,Dry_Leaf,Dry_Leaf,Correct,0.999986
datasets/test/Dry_Leaf/Dry_Leaf00162.jpg,Dry_Leaf,Dry_Leaf,Correct,0.999980
datasets/test/Felt_Leaf/Felt_Leaf00049.jpg,Felt_Leaf,Felt_Leaf,Correct,0.999654
datasets/train/Deficiency_Leaf/Deficiency_Leaf00024.jpg,Deficiency_Leaf,Deficiency_Leaf,Correct,0.957734
datasets/test/Curl_Leaf/Curl_Leaf00117.jpg,Curl_Leaf,Curl_Leaf,Correct,0.999991
datasets/test/Leaf_Gall/Leaf_Gall00138.jpg,Leaf_Gall,Leaf_Gall,Correct,0.999986
datasets/test/Leaf_Blight/Leaf_Blight00245.jpg,Leaf_Blight,Leaf_Blight,Correct,0.999159
datasets/train/Healthy_Leaf/Healthy_Leaf00299.jpg,Healthy_Leaf,Healthy_Leaf,Correct,0.999985
datasets/train/Fungal_Leaf_Spot/Fungal_Leaf_Spot00392.jpg,Fungal_Leaf_Spot,Fungal_Leaf_Spot,Correct,0.999962
datasets/test/Dry_Leaf/Dry_Leaf00074.jpg,Dry_Leaf,Dry_Leaf,Correct,0.999995
datasets/train/Leaf_Gall/Leaf_Gall00030.jpg,Leaf_Gall,Leaf_Gall,Correct,0.999994
datasets/train/Leaf_Blight/Leaf_Blight00012.jpg,Leaf_Blight,Leaf_Blight,Correct,0.999967
datasets/test/Leaf_Blight/Leaf_Blight00384.jpg,Leaf_Blight,Leaf_Blight,Correct,0.999956
datasets/train/Leaf_Blight/Leaf_Blight00196.jpg,Leaf_Blight,Leaf_Blight,Correct,0.992018
datasets/test/Leaf_Blight/Leaf_Blight00538.jpg,Leaf_Blight,Leaf_Blight,Correct,0.998889
datasets/test/Dry_Leaf/Dry_Leaf00204.jpg,Dry_Leaf,Dry_Leaf,Correct,0.999927
datasets/train/Leaf_Blight/Leaf_Blight00246.jpg,Leaf_Blight,Leaf_Blight,Correct,0.999637
datasets/test/Deficiency_Leaf/Deficiency_Leaf00055.jpg,Deficiency_Leaf,Curl_Leaf,Incorrect,0.986094
datasets/test/Leaf_Blight/Leaf_Blight00363.jpg,Leaf_Blight,Leaf_Blight,Correct,0.998996
datasets/train/Deficiency_Leaf/Deficiency_Leaf00091.jpg,Deficiency_Leaf,Deficiency_Leaf,Correct,0.992152
datasets/train/Leaf_Gall/Leaf_Gall00151.jpg,Leaf_Gall,Leaf_Gall,Correct,0.998026
datasets/train/Healthy_Leaf/Healthy_Leaf00143.jpg,Healthy_Leaf,Healthy_Leaf,Correct,0.999939
datasets/train/Healthy_Leaf/Healthy_Leaf00407.jpg,Healthy_Leaf,Healthy_Leaf,Correct,0.999989
datasets/test/Leaf_Blight/Leaf_Blight00175.jpg,Leaf_Blight,Leaf_Blight,Correct,0.995849
datasets/test/Healthy_Leaf/Healthy_Leaf00073.jpg,Healthy_Leaf,Healthy_Leaf,Correct,0.999995
datasets/test/Leaf_Blight/Leaf_Blight00158.jpg,Leaf_Blight,Leaf_Blight,Correct,0.998484
datasets/test/Dry_Leaf/Dry_Leaf00236.jpg,Dry_Leaf,Dry_Leaf,Correct,0.999981
datasets/test/Anthrax_Leaf/Anthrax_Leaf00143.jpg,Anthrax_Leaf,Anthrax_Leaf,Correct,0.957528
datasets/test/Fungal_Leaf_Spot/Fungal_Leaf_Spot00164.jpg,Fungal_Leaf_Spot,Fungal_Leaf_Spot,Correct,0.999656
datasets/test/Dry_Leaf/Dry_Leaf00061.jpg,Dry_Leaf,Dry_Leaf,Correct,0.999792
datasets/train/Felt_Leaf/Felt_Leaf00304.jpg,Felt_Leaf,Felt_Leaf,Correct,0.999956
datasets/test/Anthrax_Leaf/Anthrax_Leaf00059.jpg,Anthrax_Leaf,Anthrax_Leaf,Correct,0.999928
datasets/test/Fungal_Leaf_Spot/Fungal_Leaf_Spot00206.jpg,Fungal_Leaf_Spot,Fungal_Leaf_Spot,Correct,0.999973
datasets/test/Anthrax_Leaf/Anthrax_Leaf00106.jpg,Anthrax_Leaf,Anthrax_Leaf,Correct,0.998417
datasets/train/Leaf_Blight/Leaf_Blight00008.jpg,Leaf_Blight,Leaf_Blight,Correct,0.999947
datasets/train/Healthy_Leaf/Healthy_Leaf00155.jpg,Healthy_Leaf,Healthy_Leaf,Correct,0.999991
datasets/train/Curl_Leaf/Curl_Leaf00009.jpg,Curl_Leaf,Curl_Leaf,Correct,0.999878
datasets/test/Dry_Leaf/Dry_Leaf00090.jpg,Dry_Leaf,Dry_Leaf,Correct,0.987234
datasets/train/Bituminous_Leaf/Bituminous_Leaf00037.jpg,Bituminous_Leaf,Bituminous_Leaf,Correct,0.910318
datasets/test/Curl_Leaf/Curl_Leaf00044.jpg,Curl_Leaf,Curl_Leaf,Correct,0.999622
datasets/train/Deficiency_Leaf/Deficiency_Leaf00062.jpg,Deficiency_Leaf,Deficiency_Leaf,Correct,0.988187
datasets/train/Curl_Leaf/Curl_Leaf00144.jpg,Curl_Leaf,Curl_Leaf,Correct,0.999504
datasets/test/Leaf_Gall/Leaf_Gall00012.jpg,Leaf_Gall,Leaf_Gall,Correct,0.999692
datasets/train/Leaf_Gall/Leaf_Gall00051.jpg,Leaf_Gall,Leaf_Gall,Correct,0.998587
datasets/test/Felt_Leaf/Felt_Leaf00246.jpg,Felt_Leaf,Felt_Leaf,Correct,0.980763
datasets/train/Leaf_Blight/Leaf_Blight00043.jpg,Leaf_Blight,Leaf_Blight,Correct,0.994737
datasets/train/Fungal_Leaf_Spot/Fungal_Leaf_Spot00255.jpg,Fungal_Leaf_Spot,Fungal_Leaf_Spot,Correct,0.999997
datasets/test/Leaf_Gall/Leaf_Gall00089.jpg,Leaf_Gall,Leaf_Gall,Correct,0.999998
datasets/test/Leaf_Gall/Leaf_Gall00331.jpg,Leaf_Gall,Leaf_Gall,Correct,0.999702
datasets/test/Leaf_Blight/Leaf_Blight00258.jpg,Leaf_Blight,Leaf_Blight,Correct,0.990013
datasets/test/Leaf_Gall/Leaf_Gall00161.jpg,Leaf_Gall,Leaf_Gall,Correct,0.999671
datasets/train/Leaf_Blight/Leaf_Blight00275.jpg,Leaf_Blight,Leaf_Blight,Correct,0.999993
datasets/test/Leaf_Blight/Leaf_Blight00049.jpg,Leaf_Blight,Leaf_Blight,Correct,0.995533
datasets/train/Leaf_Blight/Leaf_Blight00430.jpg,Leaf_Blight,Leaf_Blight,Correct,0.999830
datasets/test/Healthy_Leaf/Healthy_Leaf00200.jpg,Healthy_Leaf,Healthy_Leaf,Correct,0.999720
datasets/test/Leaf_Gall/Leaf_Gall00597.jpg,Leaf_Gall,Leaf_Gall,Correct,0.999960
datasets/train/Felt_Leaf/Felt_Leaf00121.jpg,Felt_Leaf,Felt_Leaf,Correct,0.999804
datasets/train/Fungal_Leaf_Spot/Fungal_Leaf_Spot00250.jpg,Fungal_Leaf_Spot,Fungal_Leaf_Spot,Correct,0.992711
datasets/train/Leaf_Blight/Leaf_Blight00422.jpg,Leaf_Blight,Leaf_Gall,Incorrect,0.774856
datasets/train/Healthy_Leaf/Healthy_Leaf00502.jpg,Healthy_Leaf,Healthy_Leaf,Correct,0.999985
datasets/train/Leaf_Gall/Leaf_Gall00183.jpg,Leaf_Gall,Leaf_Gall,Correct,0.998232
datasets/train/Deficiency_Leaf/Deficiency_Leaf00025.jpg,Deficiency_Leaf,Deficiency_Leaf,Correct,0.999515
datasets/test/Leaf_Gall/Leaf_Gall00437.jpg,Leaf_Gall,Leaf_Gall,Correct,0.999394
datasets/test/Bituminous_Leaf/Bituminous_Leaf00103.jpg,Bituminous_Leaf,Bituminous_Leaf,Correct,0.998935
datasets/test/Fungal_Leaf_Spot/Fungal_Leaf_Spot00545.jpg,Fungal_Leaf_Spot,Fungal_Leaf_Spot,Correct,0.999423
datasets/train/Healthy_Leaf/Healthy_Leaf00231.jpg,Healthy_Leaf,Healthy_Leaf,Correct,0.999795
datasets/test/Healthy_Leaf/Healthy_Leaf00196.jpg,Healthy_Leaf,Healthy_Leaf,Correct,0.999923
datasets/test/Leaf_Gall/Leaf_Gall00503.jpg,Leaf_Gall,Leaf_Gall,Correct,0.998496
datasets/test/Leaf_Gall/Leaf_Gall00247.jpg,Leaf_Gall,Leaf_Gall,Correct,0.999985
datasets/test/Anthrax_Leaf/Anthrax_Leaf00020.jpg,Anthrax_Leaf,Anthrax_Leaf,Correct,0.999872
datasets/test/Healthy_Leaf/Healthy_Leaf00411.jpg,Healthy_Leaf,Healthy_Leaf,Correct,0.999980
datasets/test/Dry_Leaf/Dry_Leaf00184.jpg,Dry_Leaf,Dry_Leaf,Correct,0.999939
datasets/test/Dry_Leaf/Dry_Leaf00261.jpg,Dry_Leaf,Dry_Leaf,Correct,0.999867
datasets/train/Fungal_Leaf_Spot/Fungal_Leaf_Spot00062.jpg,Fungal_Leaf_Spot,Fungal_Leaf_Spot,Correct,0.999996
datasets/train/Deficiency_Leaf/Deficiency_Leaf00114.jpg,Deficiency_Leaf,Deficiency_Leaf,Correct,0.898634
datasets/test/Leaf_Blight/Leaf_Blight00305.jpg,Leaf_Blight,Leaf_Blight,Correct,0.999919
datasets/test/Leaf_Blight/Leaf_Blight00400.jpg,Leaf_Blight,Leaf_Blight,Correct,0.999995
datasets/train/Dry_Leaf/Dry_Leaf00207.jpg,Dry_Leaf,Dry_Leaf,Correct,0.999994
datasets/train/Bituminous_Leaf/Bituminous_Leaf00005.jpg,Bituminous_Leaf,Bituminous_Leaf,Correct,0.999685
datasets/test/Leaf_Blight/Leaf_Blight00263.jpg,Leaf_Blight,Leaf_Blight,Correct,0.979321
datasets/test/Leaf_Blight/Leaf_Blight00021.jpg,Leaf_Blight,Leaf_Blight,Correct,0.999945
datasets/test/Healthy_Leaf/Healthy_Leaf00365.jpg,Healthy_Leaf,Healthy_Leaf,Correct,0.994462
datasets/train/Felt_Leaf/Felt_Leaf00091.jpg,Felt_Leaf,Felt_Leaf,Correct,0.994504
datasets/test/Fungal_Leaf_Spot/Fungal_Leaf_Spot00145.jpg,Fungal_Leaf_Spot,Fungal_Leaf_Spot,Correct,0.999975
datasets/test/Fungal_Leaf_Spot/Fungal_Leaf_Spot00276.jpg,Fungal_Leaf_Spot,Fungal_Leaf_Spot,Correct,0.599614
datasets/test/Leaf_Blight/Leaf_Blight00416.jpg,Leaf_Blight,Leaf_Blight,Correct,0.995924
datasets/train/Fungal_Leaf_Spot/Fungal_Leaf_Spot00472.jpg,Fungal_Leaf_Spot,Fungal_Leaf_Spot,Correct,0.999999
datasets/test/Dry_Leaf/Dry_Leaf00362.jpg,Dry_Leaf,Dry_Leaf,Correct,0.992037
datasets/train/Leaf_Gall/Leaf_Gall00049.jpg,Leaf_Gall,Leaf_Gall,Correct,0.999986
datasets/test/Leaf_Gall/Leaf_Gall00310.jpg,Leaf_Gall,Leaf_Gall,Correct,0.999989
datasets/train/Leaf_Gall/Leaf_Gall00577.jpg,Leaf_Gall,Leaf_Gall,Correct,0.999863
datasets/train/Healthy_Leaf/Healthy_Leaf00476.jpg,Healthy_Leaf,Healthy_Leaf,Correct,0.999994
datasets/test/Leaf_Gall/Leaf_Gall00044.jpg,Leaf_Gall,Leaf_Gall,Correct,0.999976
datasets/train/Leaf_Blight/Leaf_Blight00539.jpg,Leaf_Blight,Leaf_Blight,Correct,0.999213
datasets/test/Leaf_Gall/Leaf_Gall00494.jpg,Leaf_Gall,Leaf_Gall,Correct,0.800022
datasets/test/Leaf_Blight/Leaf_Blight00337.jpg,Leaf_Blight,Leaf_Blight,Correct,0.999453
datasets/test/Dry_Leaf/Dry_Leaf00182.jpg,Dry_Leaf,Dry_Leaf,Correct,0.999977
datasets/train/Healthy_Leaf/Healthy_Leaf00276.jpg,Healthy_Leaf,Healthy_Leaf,Correct,0.999497
datasets/train/Leaf_Blight/Leaf_Blight00310.jpg,Leaf_Blight,Leaf_Blight,Correct,0.999880
datasets/train/Deficiency_Leaf/Deficiency_Leaf00047.jpg,Deficiency_Leaf,Deficiency_Leaf,Correct,0.999987
datasets/test/Leaf_Gall/Leaf_Gall00048.jpg,Leaf_Gall,Leaf_Gall,Correct,0.999201
datasets/train/Bituminous_Leaf/Bituminous_Leaf00018.jpg,Bituminous_Leaf,Bituminous_Leaf,Correct,0.938427
datasets/train/Leaf_Gall/Leaf_Gall00108.jpg,Leaf_Gall,Leaf_Gall,Correct,0.998760
datasets/test/Leaf_Gall/Leaf_Gall00235.jpg,Leaf_Gall,Leaf_Gall,Correct,0.999942
datasets/train/Bituminous_Leaf/Bituminous_Leaf00108.jpg,Bituminous_Leaf,Bituminous_Leaf,Correct,0.999953
datasets/train/Leaf_Gall/Leaf_Gall00005.jpg,Leaf_Gall,Leaf_Gall,Correct,0.848185
datasets/test/Fungal_Leaf_Spot/Fungal_Leaf_Spot00389.jpg,Fungal_Leaf_Spot,Fungal_Leaf_Spot,Correct,0.987250
datasets/test/Fungal_Leaf_Spot/Fungal_Leaf_Spot00210.jpg,Fungal_Leaf_Spot,Fungal_Leaf_Spot,Correct,0.999995
datasets/train/Dry_Leaf/Dry_Leaf00035.jpg,Dry_Leaf,Dry_Leaf,Correct,0.998623
datasets/test/Healthy_Leaf/Healthy_Leaf00205.jpg,Healthy_Leaf,Healthy_Leaf,Correct,0.999899
datasets/test/Felt_Leaf/Felt_Leaf00001.jpg,Felt_Leaf,Felt_Leaf,Correct,0.993630
datasets/test/Curl_Leaf/Curl_Leaf00095.jpg,Curl_Leaf,Curl_Leaf,Correct,0.999628
datasets/test/Leaf_Blight/Leaf_Blight00467.jpg,Leaf_Blight,Leaf_Blight,Correct,0.997987
datasets/train/Healthy_Leaf/Healthy_Leaf00263.jpg,Healthy_Leaf,Healthy_Leaf,Correct,0.998320
datasets/test/Leaf_Gall/Leaf_Gall00418.jpg,Leaf_Gall,Leaf_Gall,Correct,0.989561
datasets/test/Healthy_Leaf/Healthy_Leaf00249.jpg,Healthy_Leaf,Healthy_Leaf,Correct,0.999992
datasets/train/Healthy_Leaf/Healthy_Leaf00285.jpg,Healthy_Leaf,Healthy_Leaf,Correct,0.997784
datasets/train/Dry_Leaf/Dry_Leaf00183.jpg,Dry_Leaf,Dry_Leaf,Correct,0.999984
datasets/test/Healthy_Leaf/Healthy_Leaf00133.jpg,Healthy_Leaf,Healthy_Leaf,Correct,0.999994
datasets/train/Healthy_Leaf/Healthy_Leaf00215.jpg,Healthy_Leaf,Healthy_Leaf,Correct,0.999917
datasets/test/Curl_Leaf/Curl_Leaf00096.jpg,Curl_Leaf,Curl_Leaf,Correct,0.999520
datasets/train/Felt_Leaf/Felt_Leaf00323.jpg,Felt_Leaf,Felt_Leaf,Correct,0.999836
datasets/test/Healthy_Leaf/Healthy_Leaf00239.jpg,Healthy_Leaf,Healthy_Leaf,Correct,0.999889
datasets/test/Healthy_Leaf/Healthy_Leaf00348.jpg,Healthy_Leaf,Healthy_Leaf,Correct,0.999989
datasets/train/Fungal_Leaf_Spot/Fungal_Leaf_Spot00036.jpg,Fungal_Leaf_Spot,Fungal_Leaf_Spot,Correct,1.000000
datasets/train/Fungal_Leaf_Spot/Fungal_Leaf_Spot00568.jpg,Fungal_Leaf_Spot,Fungal_Leaf_Spot,Correct,0.999985
datasets/test/Healthy_Leaf/Healthy_Leaf00422.jpg,Healthy_Leaf,Healthy_Leaf,Correct,0.999987
datasets/train/Leaf_Gall/Leaf_Gall00525.jpg,Leaf_Gall,Leaf_Gall,Correct,0.987331
datasets/test/Dry_Leaf/Dry_Leaf00030.jpg,Dry_Leaf,Dry_Leaf,Correct,0.999666
datasets/test/Healthy_Leaf/Healthy_Leaf00452.jpg,Healthy_Leaf,Healthy_Leaf,Correct,0.999979
datasets/train/Leaf_Gall/Leaf_Gall00556.jpg,Leaf_Gall,Leaf_Gall,Correct,0.994125
datasets/train/Deficiency_Leaf/Deficiency_Leaf00002.jpg,Deficiency_Leaf,Deficiency_Leaf,Correct,0.951679
datasets/test/Healthy_Leaf/Healthy_Leaf00191.jpg,Healthy_Leaf,Healthy_Leaf,Correct,0.999969
datasets/test/Felt_Leaf/Felt_Leaf00266.jpg,Felt_Leaf,Felt_Leaf,Correct,0.593314
datasets/test/Fungal_Leaf_Spot/Fungal_Leaf_Spot00536.jpg,Fungal_Leaf_Spot,Fungal_Leaf_Spot,Correct,0.999977
datasets/test/Healthy_Leaf/Healthy_Leaf00088.jpg,Healthy_Leaf,Healthy_Leaf,Correct,0.999984
datasets/train/Healthy_Leaf/Healthy_Leaf00228.jpg,Healthy_Leaf,Healthy_Leaf,Correct,0.998302
datasets/train/Dry_Leaf/Dry_Leaf00186.jpg,Dry_Leaf,Dry_Leaf,Correct,0.999935
datasets/test/Fungal_Leaf_Spot/Fungal_Leaf_Spot00541.jpg,Fungal_Leaf_Spot,Fungal_Leaf_Spot,Correct,0.999999
datasets/test/Dry_Leaf/Dry_Leaf00252.jpg,Dry_Leaf,Dry_Leaf,Correct,0.999963
datasets/test/Leaf_Gall/Leaf_Gall00559.jpg,Leaf_Gall,Leaf_Gall,Correct,0.999282
datasets/train/Felt_Leaf/Felt_Leaf00355.jpg,Felt_Leaf,Felt_Leaf,Correct,0.955940
datasets/test/Leaf_Gall/Leaf_Gall00069.jpg,Leaf_Gall,Leaf_Gall,Correct,0.998391
datasets/train/Fungal_Leaf_Spot/Fungal_Leaf_Spot00313.jpg,Fungal_Leaf_Spot,Fungal_Leaf_Spot,Correct,0.999826
datasets/train/Leaf_Blight/Leaf_Blight00089.jpg,Leaf_Blight,Leaf_Blight,Correct,0.999112
datasets/train/Felt_Leaf/Felt_Leaf00314.jpg,Felt_Leaf,Felt_Leaf,Correct,0.999928
datasets/test/Healthy_Leaf/Healthy_Leaf00092.jpg,Healthy_Leaf,Healthy_Leaf,Correct,0.999994
datasets/test/Fungal_Leaf_Spot/Fungal_Leaf_Spot00333.jpg,Fungal_Leaf_Spot,Fungal_Leaf_Spot,Correct,0.994357
datasets/test/Fungal_Leaf_Spot/Fungal_Leaf_Spot00385.jpg,Fungal_Leaf_Spot,Fungal_Leaf_Spot,Correct,0.899138
datasets/train/Healthy_Leaf/Healthy_Leaf00270.jpg,Healthy_Leaf,Healthy_Leaf,Correct,0.999988
datasets/train/Curl_Leaf/Curl_Leaf00099.jpg,Curl_Leaf,Deficiency_Leaf,Incorrect,0.960636
datasets/test/Fungal_Leaf_Spot/Fungal_Leaf_Spot00319.jpg,Fungal_Leaf_Spot,Fungal_Leaf_Spot,Correct,0.999508
datasets/test/Leaf_Gall/Leaf_Gall00335.jpg,Leaf_Gall,Leaf_Gall,Correct,0.998628
datasets/test/Healthy_Leaf/Healthy_Leaf00506.jpg,Healthy_Leaf,Healthy_Leaf,Correct,0.999912
datasets/test/Felt_Leaf/Felt_Leaf00128.jpg,Felt_Leaf,Felt_Leaf,Correct,0.999997
datasets/train/Leaf_Blight/Leaf_Blight00513.jpg,Leaf_Blight,Leaf_Blight,Correct,0.999904
datasets/train/Dry_Leaf/Dry_Leaf00057.jpg,Dry_Leaf,Dry_Leaf,Correct,0.999986
datasets/test/Leaf_Gall/Leaf_Gall00347.jpg,Leaf_Gall,Leaf_Gall,Correct,0.901105
datasets/test/Curl_Leaf/Curl_Leaf00047.jpg,Curl_Leaf,Curl_Leaf,Correct,0.999972
datasets/train/Felt_Leaf/Felt_Leaf00153.jpg,Felt_Leaf,Felt_Leaf,Correct,0.996693
datasets/train/Healthy_Leaf/Healthy_Leaf00203.jpg,Healthy_Leaf,Healthy_Leaf,Correct,0.999905
datasets/train/Curl_Leaf/Curl_Leaf00014.jpg,Curl_Leaf,Curl_Leaf,Correct,0.999890
datasets/test/Anthrax_Leaf/Anthrax_Leaf00138.jpg,Anthrax_Leaf,Anthrax_Leaf,Correct,0.999993
datasets/train/Dry_Leaf/Dry_Leaf00205.jpg,Dry_Leaf,Dry_Leaf,Correct,0.999974
datasets/test/Curl_Leaf/Curl_Leaf00020.jpg,Curl_Leaf,Curl_Leaf,Correct,0.974722
datasets/test/Healthy_Leaf/Healthy_Leaf00628.jpg,Healthy_Leaf,Healthy_Leaf,Correct,0.999967
datasets/train/Felt_Leaf/Felt_Leaf00014.jpg,Felt_Leaf,Felt_Leaf,Correct,0.991418
datasets/test/Leaf_Gall/Leaf_Gall00100.jpg,Leaf_Gall,Leaf_Gall,Correct,0.999892
datasets/test/Fungal_Leaf_Spot/Fungal_Leaf_Spot00442.jpg,Fungal_Leaf_Spot,Fungal_Leaf_Spot,Correct,0.998758
datasets/test/Fungal_Leaf_Spot/Fungal_Leaf_Spot00181.jpg,Fungal_Leaf_Spot,Fungal_Leaf_Spot,Correct,0.999994
datasets/test/Healthy_Leaf/Healthy_Leaf00585.jpg,Healthy_Leaf,Healthy_Leaf,Correct,0.999997
datasets/train/Leaf_Blight/Leaf_Blight00309.jpg,Leaf_Blight,Leaf_Blight,Correct,0.999892
datasets/test/Healthy_Leaf/Healthy_Leaf00268.jpg,Healthy_Leaf,Healthy_Leaf,Correct,0.999751
datasets/train/Leaf_Blight/Leaf_Blight00016.jpg,Leaf_Blight,Leaf_Blight,Correct,0.999020
datasets/train/Felt_Leaf/Felt_Leaf00270.jpg,Felt_Leaf,Felt_Leaf,Correct,0.999398
datasets/test/Dry_Leaf/Dry_Leaf00213.jpg,Dry_Leaf,Dry_Leaf,Correct,0.998167
datasets/test/Healthy_Leaf/Healthy_Leaf00253.jpg,Healthy_Leaf,Healthy_Leaf,Correct,0.999980
datasets/test/Leaf_Gall/Leaf_Gall00564.jpg,Leaf_Gall,Leaf_Gall,Correct,0.999008
datasets/train/Fungal_Leaf_Spot/Fungal_Leaf_Spot00274.jpg,Fungal_Leaf_Spot,Fungal_Leaf_Spot,Correct,0.966573
datasets/train/Leaf_Blight/Leaf_Blight00336.jpg,Leaf_Blight,Leaf_Blight,Correct,0.999604
datasets/test/Leaf_Blight/Leaf_Blight00399.jpg,Leaf_Blight,Leaf_Blight,Correct,0.999894
datasets/train/Bituminous_Leaf/Bituminous_Leaf00010.jpg,Bituminous_Leaf,Bituminous_Leaf,Correct,0.999654
datasets/train/Curl_Leaf/Curl_Leaf00041.jpg,Curl_Leaf,Curl_Leaf,Correct,0.997990
datasets/train/Dry_Leaf/Dry_Leaf00256.jpg,Dry_Leaf,Dry_Leaf,Correct,0.998918
datasets/test/Anthrax_Leaf/Anthrax_Leaf00061.jpg,Anthrax_Leaf,Anthrax_Leaf,Correct,0.999766
datasets/test/Fungal_Leaf_Spot/Fungal_Leaf_Spot00288.jpg,Fungal_Leaf_Spot,Fungal_Leaf_Spot,Correct,0.999161
datasets/train/Leaf_Blight/Leaf_Blight00224.jpg,Leaf_Blight,Leaf_Blight,Correct,0.996936
datasets/test/Curl_Leaf/Curl_Leaf00019.jpg,Curl_Leaf,Curl_Leaf,Correct,0.987911
datasets/train/Deficiency_Leaf/Deficiency_Leaf00023.jpg,Deficiency_Leaf,Deficiency_Leaf,Correct,0.999964
datasets/test/Leaf_Blight/Leaf_Blight00390.jpg,Leaf_Blight,Leaf_Blight,Correct,0.999842
datasets/train/Fungal_Leaf_Spot/Fungal_Leaf_Spot00476.jpg,Fungal_Leaf_Spot,Fungal_Leaf_Spot,Correct,1.000000
datasets/test/Leaf_Gall/Leaf_Gall00109.jpg,Leaf_Gall,Leaf_Gall,Correct,0.891614
datasets/test/Leaf_Blight/Leaf_Blight00521.jpg,Leaf_Blight,Leaf_Blight,Correct,0.998688
datasets/test/Leaf_Blight/Leaf_Blight00148.jpg,Leaf_Blight,Leaf_Blight,Correct,0.999455
datasets/train/Bituminous_Leaf/Bituminous_Leaf00035.jpg,Bituminous_Leaf,Bituminous_Leaf,Correct,0.999911
datasets/test/Felt_Leaf/Felt_Leaf00205.jpg,Felt_Leaf,Felt_Leaf,Correct,0.999912
datasets/test/Healthy_Leaf/Healthy_Leaf00298.jpg,Healthy_Leaf,Healthy_Leaf,Correct,0.999995
datasets/train/Leaf_Blight/Leaf_Blight00330.jpg,Leaf_Blight,Leaf_Blight,Correct,0.999978
datasets/train/Leaf_Gall/Leaf_Gall00376.jpg,Leaf_Gall,Leaf_Gall,Correct,0.999866
datasets/test/Leaf_Gall/Leaf_Gall00174.jpg,Leaf_Gall,Leaf_Gall,Correct,0.999620
datasets/test/Felt_Leaf/Felt_Leaf00219.jpg,Felt_Leaf,Felt_Leaf,Correct,0.999416
datasets/train/Dry_Leaf/Dry_Leaf00380.jpg,Dry_Leaf,Dry_Leaf,Correct,0.999997
datasets/test/Felt_Leaf/Felt_Leaf00274.jpg,Felt_Leaf,Felt_Leaf,Correct,0.999949
datasets/train/Healthy_Leaf/Healthy_Leaf00316.jpg,Healthy_Leaf,Healthy_Leaf,Correct,0.999982
datasets/train/Dry_Leaf/Dry_Leaf00046.jpg,Dry_Leaf,Dry_Leaf,Correct,0.999974
datasets/train/Healthy_Leaf/Healthy_Leaf00570.jpg,Healthy_Leaf,Healthy_Leaf,Correct,0.999987
datasets/test/Healthy_Leaf/Healthy_Leaf00156.jpg,Healthy_Leaf,Healthy_Leaf,Correct,0.999912
datasets/test/Dry_Leaf/Dry_Leaf00069.jpg,Dry_Leaf,Dry_Leaf,Correct,0.997099
datasets/test/Anthrax_Leaf/Anthrax_Leaf00091.jpg,Anthrax_Leaf,Anthrax_Leaf,Correct,0.999913
datasets/test/Leaf_Gall/Leaf_Gall00255.jpg,Leaf_Gall,Leaf_Gall,Correct,0.999785
datasets/train/Fungal_Leaf_Spot/Fungal_Leaf_Spot00469.jpg,Fungal_Leaf_Spot,Fungal_Leaf_Spot,Correct,0.999992
datasets/test/Leaf_Blight/Leaf_Blight00103.jpg,Leaf_Blight,Leaf_Gall,Incorrect,0.524326
datasets/test/Fungal_Leaf_Spot/Fungal_Leaf_Spot00176.jpg,Fungal_Leaf_Spot,Fungal_Leaf_Spot,Correct,0.999999
datasets/test/Dry_Leaf/Dry_Leaf00266.jpg,Dry_Leaf,Dry_Leaf,Correct,0.999824
datasets/train/Leaf_Blight/Leaf_Blight00439.jpg,Leaf_Blight,Leaf_Blight,Correct,0.997772
datasets/train/Leaf_Blight/Leaf_Blight00569.jpg,Leaf_Blight,Leaf_Blight,Correct,0.999911
datasets/test/Healthy_Leaf/Healthy_Leaf00271.jpg,Healthy_Leaf,Healthy_Leaf,Correct,0.999941
datasets/train/Bituminous_Leaf/Bituminous_Leaf00054.jpg,Bituminous_Leaf,Bituminous_Leaf,Correct,0.999787
datasets/test/Bituminous_Leaf/Bituminous_Leaf00004.jpg,Bituminous_Leaf,Leaf_Gall,Incorrect,0.954580
datasets/train/Healthy_Leaf/Healthy_Leaf00104.jpg,Healthy_Leaf,Healthy_Leaf,Correct,0.999992
datasets/train/Leaf_Gall/Leaf_Gall00258.jpg,Leaf_Gall,Leaf_Gall,Correct,0.999687
datasets/train/Fungal_Leaf_Spot/Fungal_Leaf_Spot00072.jpg,Fungal_Leaf_Spot,Fungal_Leaf_Spot,Correct,0.999997
datasets/test/Leaf_Gall/Leaf_Gall00116.jpg,Leaf_Gall,Leaf_Gall,Correct,0.999329
datasets/test/Leaf_Gall/Leaf_Gall00283.jpg,Leaf_Gall,Leaf_Gall,Correct,0.999727
datasets/test/Dry_Leaf/Dry_Leaf00339.jpg,Dry_Leaf,Dry_Leaf,Correct,0.999991
datasets/test/Anthrax_Leaf/Anthrax_Leaf00102.jpg,Anthrax_Leaf,Anthrax_Leaf,Correct,0.999594
datasets/train/Curl_Leaf/Curl_Leaf00023.jpg,Curl_Leaf,Curl_Leaf,Correct,0.999997
datasets/train/Fungal_Leaf_Spot/Fungal_Leaf_Spot00451.jpg,Fungal_Leaf_Spot,Felt_Leaf,Incorrect,0.869277
datasets/test/Healthy_Leaf/Healthy_Leaf00575.jpg,Healthy_Leaf,Healthy_Leaf,Correct,0.999871
datasets/test/Fungal_Leaf_Spot/Fungal_Leaf_Spot00238.jpg,Fungal_Leaf_Spot,Fungal_Leaf_Spot,Correct,0.999900
datasets/test/Leaf_Gall/Leaf_Gall00275.jpg,Leaf_Gall,Leaf_Gall,Correct,0.999138
datasets/train/Healthy_Leaf/Healthy_Leaf00423.jpg,Healthy_Leaf,Healthy_Leaf,Correct,0.999976
datasets/test/Curl_Leaf/Curl_Leaf00094.jpg,Curl_Leaf,Curl_Leaf,Correct,0.996662
datasets/train/Fungal_Leaf_Spot/Fungal_Leaf_Spot00008.jpg,Fungal_Leaf_Spot,Fungal_Leaf_Spot,Correct,0.999455
datasets/test/Fungal_Leaf_Spot/Fungal_Leaf_Spot00346.jpg,Fungal_Leaf_Spot,Fungal_Leaf_Spot,Correct,0.999997
datasets/train/Fungal_Leaf_Spot/Fungal_Leaf_Spot00454.jpg,Fungal_Leaf_Spot,Felt_Leaf,Incorrect,0.709179
datasets/test/Felt_Leaf/Felt_Leaf00108.jpg,Felt_Leaf,Felt_Leaf,Correct,0.984037
datasets/train/Healthy_Leaf/Healthy_Leaf00553.jpg,Healthy_Leaf,Healthy_Leaf,Correct,0.999966
datasets/train/Dry_Leaf/Dry_Leaf00331.jpg,Dry_Leaf,Dry_Leaf,Correct,0.999999
datasets/train/Leaf_Gall/Leaf_Gall00545.jpg,Leaf_Gall,Leaf_Gall,Correct,0.999709
datasets/test/Deficiency_Leaf/Deficiency_Leaf00018.jpg,Deficiency_Leaf,Deficiency_Leaf,Correct,0.989457
datasets/train/Healthy_Leaf/Healthy_Leaf00599.jpg,Healthy_Leaf,Healthy_Leaf,Correct,0.999999
datasets/test/Bituminous_Leaf/Bituminous_Leaf00041.jpg,Bituminous_Leaf,Bituminous_Leaf,Correct,0.999983
datasets/train/Fungal_Leaf_Spot/Fungal_Leaf_Spot00525.jpg,Fungal_Leaf_Spot,Fungal_Leaf_Spot,Correct,0.999986
datasets/test/Felt_Leaf/Felt_Leaf00131.jpg,Felt_Leaf,Felt_Leaf,Correct,0.987633
datasets/test/Leaf_Gall/Leaf_Gall00019.jpg,Leaf_Gall,Leaf_Gall,Correct,0.976119
datasets/train/Healthy_Leaf/Healthy_Leaf00170.jpg,Healthy_Leaf,Healthy_Leaf,Correct,0.999935
datasets/train/Leaf_Blight/Leaf_Blight00298.jpg,Leaf_Blight,Leaf_Blight,Correct,0.999766
datasets/test/Felt_Leaf/Felt_Leaf00356.jpg,Felt_Leaf,Felt_Leaf,Correct,0.999996
datasets/test/Fungal_Leaf_Spot/Fungal_Leaf_Spot00166.jpg,Fungal_Leaf_Spot,Fungal_Leaf_Spot,Correct,0.999998
datasets/test/Healthy_Leaf/Healthy_Leaf00538.jpg,Healthy_Leaf,Healthy_Leaf,Correct,0.999988
datasets/test/Fungal_Leaf_Spot/Fungal_Leaf_Spot00419.jpg,Fungal_Leaf_Spot,Fungal_Leaf_Spot,Correct,0.998342
datasets/train/Leaf_Gall/Leaf_Gall00481.jpg,Leaf_Gall,Leaf_Gall,Correct,0.994317
datasets/test/Leaf_Gall/Leaf_Gall00202.jpg,Leaf_Gall,Leaf_Gall,Correct,0.999863
datasets/test/Felt_Leaf/Felt_Leaf00062.jpg,Felt_Leaf,Felt_Leaf,Correct,0.999997
datasets/train/Leaf_Blight/Leaf_Blight00581.jpg,Leaf_Blight,Leaf_Blight,Correct,0.998333
datasets/test/Leaf_Gall/Leaf_Gall00433.jpg,Leaf_Gall,Leaf_Gall,Correct,0.998286
datasets/train/Healthy_Leaf/Healthy_Leaf00060.jpg,Healthy_Leaf,Healthy_Leaf,Correct,0.999992
datasets/train/Felt_Leaf/Felt_Leaf00229.jpg,Felt_Leaf,Felt_Leaf,Correct,0.999688
datasets/test/Leaf_Gall/Leaf_Gall00290.jpg,Leaf_Gall,Leaf_Gall,Correct,0.999999
datasets/train/Leaf_Gall/Leaf_Gall00511.jpg,Leaf_Gall,Leaf_Gall,Correct,0.999177
datasets/test/Leaf_Gall/Leaf_Gall00611.jpg,Leaf_Gall,Leaf_Gall,Correct,0.938532
datasets/test/Deficiency_Leaf/Deficiency_Leaf00106.jpg,Deficiency_Leaf,Deficiency_Leaf,Correct,0.999137
datasets/train/Curl_Leaf/Curl_Leaf00043.jpg,Curl_Leaf,Curl_Leaf,Correct,0.999999
datasets/test/Leaf_Gall/Leaf_Gall00496.jpg,Leaf_Gall,Leaf_Gall,Correct,0.999630
datasets/test/Healthy_Leaf/Healthy_Leaf00373.jpg,Healthy_Leaf,Healthy_Leaf,Correct,0.999981
datasets/train/Felt_Leaf/Felt_Leaf00086.jpg,Felt_Leaf,Felt_Leaf,Correct,0.998299
datasets/test/Healthy_Leaf/Healthy_Leaf00042.jpg,Healthy_Leaf,Healthy_Leaf,Correct,0.999988
datasets/train/Dry_Leaf/Dry_Leaf00247.jpg,Dry_Leaf,Dry_Leaf,Correct,0.999992
datasets/train/Fungal_Leaf_Spot/Fungal_Leaf_Spot00074.jpg,Fungal_Leaf_Spot,Fungal_Leaf_Spot,Correct,0.999997
datasets/train/Fungal_Leaf_Spot/Fungal_Leaf_Spot00138.jpg,Fungal_Leaf_Spot,Fungal_Leaf_Spot,Correct,0.999998
datasets/test/Leaf_Blight/Leaf_Blight00055.jpg,Leaf_Blight,Leaf_Blight,Correct,0.985395
datasets/test/Fungal_Leaf_Spot/Fungal_Leaf_Spot00323.jpg,Fungal_Leaf_Spot,Fungal_Leaf_Spot,Correct,0.999924
datasets/test/Dry_Leaf/Dry_Leaf00348.jpg,Dry_Leaf,Dry_Leaf,Correct,0.999263
datasets/train/Fungal_Leaf_Spot/Fungal_Leaf_Spot00396.jpg,Fungal_Leaf_Spot,Fungal_Leaf_Spot,Correct,0.999945
datasets/test/Curl_Leaf/Curl_Leaf00172.jpg,Curl_Leaf,Curl_Leaf,Correct,0.999998
datasets/train/Felt_Leaf/Felt_Leaf00269.jpg,Felt_Leaf,Felt_Leaf,Correct,0.882961
datasets/test/Leaf_Blight/Leaf_Blight00290.jpg,Leaf_Blight,Leaf_Blight,Correct,0.999883
datasets/train/Healthy_Leaf/Healthy_Leaf00366.jpg,Healthy_Leaf,Healthy_Leaf,Correct,0.999940
datasets/test/Felt_Leaf/Felt_Leaf00189.jpg,Felt_Leaf,Felt_Leaf,Correct,0.999902
datasets/test/Curl_Leaf/Curl_Leaf00029.jpg,Curl_Leaf,Curl_Leaf,Correct,0.999971
datasets/train/Healthy_Leaf/Healthy_Leaf00146.jpg,Healthy_Leaf,Healthy_Leaf,Correct,0.999864
datasets/test/Fungal_Leaf_Spot/Fungal_Leaf_Spot00162.jpg,Fungal_Leaf_Spot,Fungal_Leaf_Spot,Correct,0.999720
datasets/train/Leaf_Blight/Leaf_Blight00279.jpg,Leaf_Blight,Leaf_Blight,Correct,0.999338
datasets/train/Leaf_Gall/Leaf_Gall00426.jpg,Leaf_Gall,Leaf_Gall,Correct,0.999677
datasets/test/Curl_Leaf/Curl_Leaf00074.jpg,Curl_Leaf,Curl_Leaf,Correct,0.998972
datasets/train/Healthy_Leaf/Healthy_Leaf00105.jpg,Healthy_Leaf,Healthy_Leaf,Correct,0.999988
datasets/test/Leaf_Gall/Leaf_Gall00025.jpg,Leaf_Gall,Leaf_Gall,Correct,0.977872
datasets/test/Fungal_Leaf_Spot/Fungal_Leaf_Spot00152.jpg,Fungal_Leaf_Spot,Fungal_Leaf_Spot,Correct,0.999999
datasets/test/Dry_Leaf/Dry_Leaf00354.jpg,Dry_Leaf,Dry_Leaf,Correct,0.999999
datasets/train/Fungal_Leaf_Spot/Fungal_Leaf_Spot00534.jpg,Fungal_Leaf_Spot,Fungal_Leaf_Spot,Correct,0.996367
datasets/test/Leaf_Gall/Leaf_Gall00292.jpg,Leaf_Gall,Leaf_Gall,Correct,0.999898
datasets/test/Fungal_Leaf_Spot/Fungal_Leaf_Spot00429.jpg,Fungal_Leaf_Spot,Fungal_Leaf_Spot,Correct,0.999847
datasets/test/Felt_Leaf/Felt_Leaf00154.jpg,Felt_Leaf,Felt_Leaf,Correct,0.999651
datasets/test/Curl_Leaf/Curl_Leaf00008.jpg,Curl_Leaf,Curl_Leaf,Correct,0.999421
datasets/test/Curl_Leaf/Curl_Leaf00001.jpg,Curl_Leaf,Curl_Leaf,Correct,0.999473
datasets/test/Felt_Leaf/Felt_Leaf00137.jpg,Felt_Leaf,Felt_Leaf,Correct,0.999980
datasets/train/Healthy_Leaf/Healthy_Leaf00417.jpg,Healthy_Leaf,Healthy_Leaf,Correct,0.999884
datasets/train/Fungal_Leaf_Spot/Fungal_Leaf_Spot00180.jpg,Fungal_Leaf_Spot,Fungal_Leaf_Spot,Correct,1.000000
datasets/train/Fungal_Leaf_Spot/Fungal_Leaf_Spot00209.jpg,Fungal_Leaf_Spot,Fungal_Leaf_Spot,Correct,0.999967
datasets/test/Anthrax_Leaf/Anthrax_Leaf00051.jpg,Anthrax_Leaf,Anthrax_Leaf,Correct,0.999987
datasets/train/Leaf_Blight/Leaf_Blight00001.jpg,Leaf_Blight,Leaf_Blight,Correct,0.999931
datasets/test/Anthrax_Leaf/Anthrax_Leaf00086.jpg,Anthrax_Leaf,Anthrax_Leaf,Correct,0.999980
datasets/test/Leaf_Gall/Leaf_Gall00375.jpg,Leaf_Gall,Leaf_Gall,Correct,0.999803
datasets/train/Fungal_Leaf_Spot/Fungal_Leaf_Spot00440.jpg,Fungal_Leaf_Spot,Fungal_Leaf_Spot,Correct,0.998984
datasets/test/Curl_Leaf/Curl_Leaf00017.jpg,Curl_Leaf,Curl_Leaf,Correct,0.982198
datasets/test/Bituminous_Leaf/Bituminous_Leaf00025.jpg,Bituminous_Leaf,Bituminous_Leaf,Correct,0.999987
datasets/train/Leaf_Gall/Leaf_Gall00491.jpg,Leaf_Gall,Leaf_Gall,Correct,0.998665
datasets/test/Fungal_Leaf_Spot/Fungal_Leaf_Spot00117.jpg,Fungal_Leaf_Spot,Fungal_Leaf_Spot,Correct,0.997931
datasets/test/Leaf_Blight/Leaf_Blight00531.jpg,Leaf_Blight,Leaf_Blight,Correct,0.999817
datasets/test/Dry_Leaf/Dry_Leaf00228.jpg,Dry_Leaf,Dry_Leaf,Correct,0.999998
datasets/test/Leaf_Blight/Leaf_Blight00545.jpg,Leaf_Blight,Leaf_Blight,Correct,0.997321
datasets/test/Leaf_Gall/Leaf_Gall00514.jpg,Leaf_Gall,Leaf_Gall,Correct,0.999958
datasets/test/Healthy_Leaf/Healthy_Leaf00129.jpg,Healthy_Leaf,Healthy_Leaf,Correct,0.999950
datasets/train/Fungal_Leaf_Spot/Fungal_Leaf_Spot00518.jpg,Fungal_Leaf_Spot,Fungal_Leaf_Spot,Correct,0.999755
datasets/test/Bituminous_Leaf/Bituminous_Leaf00138.jpg,Bituminous_Leaf,Bituminous_Leaf,Correct,0.997925
datasets/test/Fungal_Leaf_Spot/Fungal_Leaf_Spot00247.jpg,Fungal_Leaf_Spot,Fungal_Leaf_Spot,Correct,0.999634
datasets/train/Healthy_Leaf/Healthy_Leaf00523.jpg,Healthy_Leaf,Healthy_Leaf,Correct,0.999994
datasets/test/Felt_Leaf/Felt_Leaf00307.jpg,Felt_Leaf,Felt_Leaf,Correct,0.999923
datasets/test/Curl_Leaf/Curl_Leaf00098.jpg,Curl_Leaf,Curl_Leaf,Correct,0.997240
datasets/train/Dry_Leaf/Dry_Leaf00220.jpg,Dry_Leaf,Dry_Leaf,Correct,0.999902
datasets/test/Healthy_Leaf/Healthy_Leaf00138.jpg,Healthy_Leaf,Healthy_Leaf,Correct,0.999993
datasets/train/Leaf_Gall/Leaf_Gall00557.jpg,Leaf_Gall,Leaf_Gall,Correct,0.999992
datasets/test/Leaf_Blight/Leaf_Blight00179.jpg,Leaf_Blight,Leaf_Blight,Correct,0.942199
datasets/test/Healthy_Leaf/Healthy_Leaf00558.jpg,Healthy_Leaf,Healthy_Leaf,Correct,0.999515
datasets/train/Healthy_Leaf/Healthy_Leaf00278.jpg,Healthy_Leaf,Healthy_Leaf,Correct,0.998866
datasets/train/Healthy_Leaf/Healthy_Leaf00166.jpg,Healthy_Leaf,Healthy_Leaf,Correct,0.999948
datasets/train/Leaf_Blight/Leaf_Blight00465.jpg,Leaf_Blight,Leaf_Blight,Correct,0.999571
datasets/test/Healthy_Leaf/Healthy_Leaf00296.jpg,Healthy_Leaf,Healthy_Leaf,Correct,0.999994
datasets/train/Fungal_Leaf_Spot/Fungal_Leaf_Spot00443.jpg,Fungal_Leaf_Spot,Fungal_Leaf_Spot,Correct,0.999484
datasets/test/Fungal_Leaf_Spot/Fungal_Leaf_Spot00380.jpg,Fungal_Leaf_Spot,Fungal_Leaf_Spot,Correct,1.000000
datasets/test/Dry_Leaf/Dry_Leaf00147.jpg,Dry_Leaf,Dry_Leaf,Correct,0.999973
datasets/test/Fungal_Leaf_Spot/Fungal_Leaf_Spot00139.jpg,Fungal_Leaf_Spot,Fungal_Leaf_Spot,Correct,1.000000
datasets/train/Felt_Leaf/Felt_Leaf00225.jpg,Felt_Leaf,Felt_Leaf,Correct,0.999954
datasets/test/Leaf_Gall/Leaf_Gall00205.jpg,Leaf_Gall,Leaf_Gall,Correct,0.999799
datasets/test/Deficiency_Leaf/Deficiency_Leaf00094.jpg,Deficiency_Leaf,Deficiency_Leaf,Correct,0.999350
datasets/train/Healthy_Leaf/Healthy_Leaf00094.jpg,Healthy_Leaf,Healthy_Leaf,Correct,0.999999
datasets/test/Fungal_Leaf_Spot/Fungal_Leaf_Spot00192.jpg,Fungal_Leaf_Spot,Fungal_Leaf_Spot,Correct,0.986821
datasets/test/Healthy_Leaf/Healthy_Leaf00369.jpg,Healthy_Leaf,Healthy_Leaf,Correct,0.999886
datasets/train/Fungal_Leaf_Spot/Fungal_Leaf_Spot00287.jpg,Fungal_Leaf_Spot,Fungal_Leaf_Spot,Correct,0.995988
datasets/train/Deficiency_Leaf/Deficiency_Leaf00118.jpg,Deficiency_Leaf,Deficiency_Leaf,Correct,0.983115
datasets/train/Healthy_Leaf/Healthy_Leaf00233.jpg,Healthy_Leaf,Healthy_Leaf,Correct,0.999977
datasets/train/Leaf_Blight/Leaf_Blight00160.jpg,Leaf_Blight,Leaf_Blight,Correct,0.999421
datasets/test/Healthy_Leaf/Healthy_Leaf00153.jpg,Healthy_Leaf,Healthy_Leaf,Correct,0.999993
datasets/train/Leaf_Gall/Leaf_Gall00119.jpg,Leaf_Gall,Leaf_Gall,Correct,0.998171
datasets/test/Healthy_Leaf/Healthy_Leaf00144.jpg,Healthy_Leaf,Healthy_Leaf,Correct,0.999997
datasets/test/Leaf_Blight/Leaf_Blight00247.jpg,Leaf_Blight,Leaf_Blight,Correct,0.999969
datasets/test/Felt_Leaf/Felt_Leaf00145.jpg,Felt_Leaf,Felt_Leaf,Correct,0.999988
datasets/test/Bituminous_Leaf/Bituminous_Leaf00116.jpg,Bituminous_Leaf,Bituminous_Leaf,Correct,0.999998
datasets/test/Leaf_Gall/Leaf_Gall00386.jpg,Leaf_Gall,Leaf_Gall,Correct,0.995296
datasets/train/Leaf_Gall/Leaf_Gall00614.jpg,Leaf_Gall,Leaf_Gall,Correct,0.995957
datasets/train/Leaf_Blight/Leaf_Blight00355.jpg,Leaf_Blight,Leaf_Blight,Correct,0.999909
datasets/train/Bituminous_Leaf/Bituminous_Leaf00129.jpg,Bituminous_Leaf,Bituminous_Leaf,Correct,0.999781
datasets/train/Fungal_Leaf_Spot/Fungal_Leaf_Spot00387.jpg,Fungal_Leaf_Spot,Fungal_Leaf_Spot,Correct,0.834866
datasets/test/Leaf_Gall/Leaf_Gall00443.jpg,Leaf_Gall,Leaf_Gall,Correct,0.999411
datasets/test/Leaf_Blight/Leaf_Blight00479.jpg,Leaf_Blight,Leaf_Blight,Correct,0.999997
datasets/train/Leaf_Gall/Leaf_Gall00568.jpg,Leaf_Gall,Leaf_Gall,Correct,0.999986
datasets/test/Dry_Leaf/Dry_Leaf00145.jpg,Dry_Leaf,Dry_Leaf,Correct,0.999922
datasets/train/Dry_Leaf/Dry_Leaf00355.jpg,Dry_Leaf,Dry_Leaf,Correct,0.999962
datasets/test/Leaf_Blight/Leaf_Blight00210.jpg,Leaf_Blight,Leaf_Blight,Correct,0.979061
datasets/test/Fungal_Leaf_Spot/Fungal_Leaf_Spot00456.jpg,Fungal_Leaf_Spot,Felt_Leaf,Incorrect,0.987228
datasets/train/Leaf_Blight/Leaf_Blight00123.jpg,Leaf_Blight,Leaf_Blight,Correct,0.999747
datasets/test/Healthy_Leaf/Healthy_Leaf00430.jpg,Healthy_Leaf,Healthy_Leaf,Correct,0.999760
datasets/test/Healthy_Leaf/Healthy_Leaf00119.jpg,Healthy_Leaf,Healthy_Leaf,Correct,0.999996
datasets/train/Felt_Leaf/Felt_Leaf00096.jpg,Felt_Leaf,Felt_Leaf,Correct,0.999974
datasets/test/Leaf_Gall/Leaf_Gall00264.jpg,Leaf_Gall,Leaf_Gall,Correct,0.995039
datasets/train/Felt_Leaf/Felt_Leaf00186.jpg,Felt_Leaf,Felt_Leaf,Correct,0.999905
datasets/train/Leaf_Gall/Leaf_Gall00361.jpg,Leaf_Gall,Leaf_Gall,Correct,0.995329
datasets/train/Healthy_Leaf/Healthy_Leaf00522.jpg,Healthy_Leaf,Healthy_Leaf,Correct,0.999962
datasets/train/Felt_Leaf/Felt_Leaf00019.jpg,Felt_Leaf,Felt_Leaf,Correct,0.999981
datasets/train/Anthrax_Leaf/Anthrax_Leaf00123.jpg,Anthrax_Leaf,Anthrax_Leaf,Correct,0.999998
datasets/test/Felt_Leaf/Felt_Leaf00092.jpg,Felt_Leaf,Felt_Leaf,Correct,0.998456
datasets/train/Healthy_Leaf/Healthy_Leaf00327.jpg,Healthy_Leaf,Healthy_Leaf,Correct,0.999719
datasets/test/Leaf_Gall/Leaf_Gall00439.jpg,Leaf_Gall,Leaf_Gall,Correct,0.999983
datasets/test/Healthy_Leaf/Healthy_Leaf00413.jpg,Healthy_Leaf,Healthy_Leaf,Correct,0.999970
datasets/test/Dry_Leaf/Dry_Leaf00185.jpg,Dry_Leaf,Dry_Leaf,Correct,0.999966
datasets/test/Leaf_Blight/Leaf_Blight00200.jpg,Leaf_Blight,Leaf_Blight,Correct,0.999938
datasets/test/Curl_Leaf/Curl_Leaf00076.jpg,Curl_Leaf,Curl_Leaf,Correct,0.999125
datasets/train/Felt_Leaf/Felt_Leaf00364.jpg,Felt_Leaf,Felt_Leaf,Correct,0.999967
datasets/test/Deficiency_Leaf/Deficiency_Leaf00027.jpg,Deficiency_Leaf,Deficiency_Leaf,Correct,0.999840
datasets/train/Dry_Leaf/Dry_Leaf00335.jpg,Dry_Leaf,Dry_Leaf,Correct,0.999997
datasets/test/Curl_Leaf/Curl_Leaf00073.jpg,Curl_Leaf,Curl_Leaf,Correct,0.999948
datasets/test/Dry_Leaf/Dry_Leaf00016.jpg,Dry_Leaf,Dry_Leaf,Correct,0.999648
datasets/train/Healthy_Leaf/Healthy_Leaf00356.jpg,Healthy_Leaf,Healthy_Leaf,Correct,0.999944
datasets/test/Leaf_Gall/Leaf_Gall00122.jpg,Leaf_Gall,Leaf_Gall,Correct,0.999990
datasets/test/Fungal_Leaf_Spot/Fungal_Leaf_Spot00360.jpg,Fungal_Leaf_Spot,Fungal_Leaf_Spot,Correct,0.999984
datasets/test/Deficiency_Leaf/Deficiency_Leaf00058.jpg,Deficiency_Leaf,Deficiency_Leaf,Correct,0.999812
datasets/test/Felt_Leaf/Felt_Leaf00067.jpg,Felt_Leaf,Felt_Leaf,Correct,0.999689
datasets/train/Fungal_Leaf_Spot/Fungal_Leaf_Spot00155.jpg,Fungal_Leaf_Spot,Fungal_Leaf_Spot,Correct,0.999866
datasets/train/Bituminous_Leaf/Bituminous_Leaf00055.jpg,Bituminous_Leaf,Bituminous_Leaf,Correct,0.994420
datasets/train/Leaf_Blight/Leaf_Blight00471.jpg,Leaf_Blight,Leaf_Blight,Correct,0.999949
datasets/train/Leaf_Gall/Leaf_Gall00464.jpg,Leaf_Gall,Leaf_Gall,Correct,0.562765
datasets/test/Bituminous_Leaf/Bituminous_Leaf00067.jpg,Bituminous_Leaf,Bituminous_Leaf,Correct,0.999992
datasets/train/Leaf_Blight/Leaf_Blight00503.jpg,Leaf_Blight,Leaf_Blight,Correct,0.999858
datasets/test/Deficiency_Leaf/Deficiency_Leaf00036.jpg,Deficiency_Leaf,Deficiency_Leaf,Correct,0.995115
datasets/test/Anthrax_Leaf/Anthrax_Leaf00147.jpg,Anthrax_Leaf,Anthrax_Leaf,Correct,0.999942
datasets/test/Curl_Leaf/Curl_Leaf00040.jpg,Curl_Leaf,Curl_Leaf,Correct,0.856483
datasets/train/Dry_Leaf/Dry_Leaf00136.jpg,Dry_Leaf,Dry_Leaf,Correct,0.999952
datasets/train/Curl_Leaf/Curl_Leaf00165.jpg,Curl_Leaf,Curl_Leaf,Correct,0.998729
datasets/test/Dry_Leaf/Dry_Leaf00096.jpg,Dry_Leaf,Dry_Leaf,Correct,0.835960
datasets/test/Healthy_Leaf/Healthy_Leaf00446.jpg,Healthy_Leaf,Healthy_Leaf,Correct,0.999929
datasets/train/Bituminous_Leaf/Bituminous_Leaf00111.jpg,Bituminous_Leaf,Bituminous_Leaf,Correct,0.988426
datasets/train/Leaf_Gall/Leaf_Gall00328.jpg,Leaf_Gall,Leaf_Gall,Correct,0.997793
datasets/test/Bituminous_Leaf/Bituminous_Leaf00012.jpg,Bituminous_Leaf,Bituminous_Leaf,Correct,0.997051
datasets/test/Fungal_Leaf_Spot/Fungal_Leaf_Spot00130.jpg,Fungal_Leaf_Spot,Fungal_Leaf_Spot,Correct,0.980068
datasets/train/Leaf_Blight/Leaf_Blight00193.jpg,Leaf_Blight,Leaf_Blight,Correct,0.999742
datasets/train/Anthrax_Leaf/Anthrax_Leaf00072.jpg,Anthrax_Leaf,Anthrax_Leaf,Correct,0.999992
datasets/test/Felt_Leaf/Felt_Leaf00025.jpg,Felt_Leaf,Felt_Leaf,Correct,0.783329
datasets/train/Healthy_Leaf/Healthy_Leaf00623.jpg,Healthy_Leaf,Healthy_Leaf,Correct,0.999996
datasets/test/Healthy_Leaf/Healthy_Leaf00079.jpg,Healthy_Leaf,Healthy_Leaf,Correct,0.999984
datasets/train/Dry_Leaf/Dry_Leaf00177.jpg,Dry_Leaf,Dry_Leaf,Correct,0.999913
datasets/test/Leaf_Gall/Leaf_Gall00429.jpg,Leaf_Gall,Leaf_Gall,Correct,0.999814
datasets/test/Healthy_Leaf/Healthy_Leaf00195.jpg,Healthy_Leaf,Healthy_Leaf,Correct,0.997040
datasets/train/Bituminous_Leaf/Bituminous_Leaf00023.jpg,Bituminous_Leaf,Bituminous_Leaf,Correct,0.999998
datasets/test/Leaf_Gall/Leaf_Gall00369.jpg,Leaf_Gall,Leaf_Gall,Correct,0.998713
datasets/test/Healthy_Leaf/Healthy_Leaf00279.jpg,Healthy_Leaf,Healthy_Leaf,Correct,0.999988
datasets/test/Healthy_Leaf/Healthy_Leaf00372.jpg,Healthy_Leaf,Healthy_Leaf,Correct,0.999982
datasets/test/Leaf_Gall/Leaf_Gall00233.jpg,Leaf_Gall,Leaf_Gall,Correct,0.999782
datasets/test/Felt_Leaf/Felt_Leaf00272.jpg,Felt_Leaf,Felt_Leaf,Correct,0.999811
datasets/train/Anthrax_Leaf/Anthrax_Leaf00030.jpg,Anthrax_Leaf,Anthrax_Leaf,Correct,0.999992
datasets/test/Healthy_Leaf/Healthy_Leaf00283.jpg,Healthy_Leaf,Healthy_Leaf,Correct,0.999760
datasets/test/Felt_Leaf/Felt_Leaf00006.jpg,Felt_Leaf,Felt_Leaf,Correct,0.934716
datasets/test/Healthy_Leaf/Healthy_Leaf00564.jpg,Healthy_Leaf,Healthy_Leaf,Correct,0.999986
datasets/test/Fungal_Leaf_Spot/Fungal_Leaf_Spot00041.jpg,Fungal_Leaf_Spot,Fungal_Leaf_Spot,Correct,0.999978
datasets/train/Dry_Leaf/Dry_Leaf00246.jpg,Dry_Leaf,Dry_Leaf,Correct,0.999987
datasets/test/Healthy_Leaf/Healthy_Leaf00547.jpg,Healthy_Leaf,Healthy_Leaf,Correct,0.999960
datasets/train/Anthrax_Leaf/Anthrax_Leaf00070.jpg,Anthrax_Leaf,Anthrax_Leaf,Correct,0.999935
datasets/test/Leaf_Gall/Leaf_Gall00430.jpg,Leaf_Gall,Leaf_Gall,Correct,0.998682
datasets/test/Leaf_Gall/Leaf_Gall00477.jpg,Leaf_Gall,Leaf_Gall,Correct,0.999703
datasets/test/Leaf_Gall/Leaf_Gall00166.jpg,Leaf_Gall,Leaf_Gall,Correct,0.993506
datasets/test/Bituminous_Leaf/Bituminous_Leaf00070.jpg,Bituminous_Leaf,Bituminous_Leaf,Correct,0.999999
datasets/train/Felt_Leaf/Felt_Leaf00138.jpg,Felt_Leaf,Felt_Leaf,Correct,0.999996
datasets/test/Leaf_Gall/Leaf_Gall00452.jpg,Leaf_Gall,Leaf_Gall,Correct,0.968470
datasets/test/Curl_Leaf/Curl_Leaf00132.jpg,Curl_Leaf,Curl_Leaf,Correct,0.999876
datasets/train/Leaf_Blight/Leaf_Blight00280.jpg,Leaf_Blight,Leaf_Blight,Correct,0.998908
datasets/test/Healthy_Leaf/Healthy_Leaf00559.jpg,Healthy_Leaf,Healthy_Leaf,Correct,0.999928
datasets/test/Fungal_Leaf_Spot/Fungal_Leaf_Spot00140.jpg,Fungal_Leaf_Spot,Fungal_Leaf_Spot,Correct,0.999998
datasets/train/Fungal_Leaf_Spot/Fungal_Leaf_Spot00019.jpg,Fungal_Leaf_Spot,Healthy_Leaf,Incorrect,0.803239
datasets/test/Leaf_Blight/Leaf_Blight00192.jpg,Leaf_Blight,Leaf_Blight,Correct,0.999743
datasets/test/Leaf_Blight/Leaf_Blight00489.jpg,Leaf_Blight,Leaf_Blight,Correct,0.999881
datasets/train/Felt_Leaf/Felt_Leaf00040.jpg,Felt_Leaf,Felt_Leaf,Correct,0.999990
datasets/test/Leaf_Gall/Leaf_Gall00210.jpg,Leaf_Gall,Leaf_Gall,Correct,0.999950
datasets/test/Leaf_Gall/Leaf_Gall00300.jpg,Leaf_Gall,Leaf_Gall,Correct,0.999991
datasets/test/Healthy_Leaf/Healthy_Leaf00111.jpg,Healthy_Leaf,Healthy_Leaf,Correct,0.999998
datasets/test/Deficiency_Leaf/Deficiency_Leaf00029.jpg,Deficiency_Leaf,Deficiency_Leaf,Correct,0.999407
datasets/test/Fungal_Leaf_Spot/Fungal_Leaf_Spot00445.jpg,Fungal_Leaf_Spot,Fungal_Leaf_Spot,Correct,0.876906
datasets/test/Leaf_Blight/Leaf_Blight00540.jpg,Leaf_Blight,Leaf_Blight,Correct,0.999451
datasets/test/Leaf_Gall/Leaf_Gall00084.jpg,Leaf_Gall,Leaf_Gall,Correct,0.999990
datasets/test/Felt_Leaf/Felt_Leaf00016.jpg,Felt_Leaf,Felt_Leaf,Correct,0.994838
datasets/train/Felt_Leaf/Felt_Leaf00078.jpg,Felt_Leaf,Felt_Leaf,Correct,0.994432
datasets/test/Felt_Leaf/Felt_Leaf00360.jpg,Felt_Leaf,Felt_Leaf,Correct,0.999989
datasets/test/Fungal_Leaf_Spot/Fungal_Leaf_Spot00190.jpg,Fungal_Leaf_Spot,Fungal_Leaf_Spot,Correct,0.999884
datasets/test/Dry_Leaf/Dry_Leaf00023.jpg,Dry_Leaf,Dry_Leaf,Correct,0.999952
datasets/train/Fungal_Leaf_Spot/Fungal_Leaf_Spot00351.jpg,Fungal_Leaf_Spot,Fungal_Leaf_Spot,Correct,0.997784
datasets/test/Bituminous_Leaf/Bituminous_Leaf00040.jpg,Bituminous_Leaf,Bituminous_Leaf,Correct,0.999904
datasets/test/Dry_Leaf/Dry_Leaf00237.jpg,Dry_Leaf,Dry_Leaf,Correct,0.999986
datasets/test/Leaf_Blight/Leaf_Blight00232.jpg,Leaf_Blight,Leaf_Blight,Correct,0.999470
datasets/test/Leaf_Blight/Leaf_Blight00229.jpg,Leaf_Blight,Leaf_Blight,Correct,0.999922
datasets/test/Fungal_Leaf_Spot/Fungal_Leaf_Spot00222.jpg,Fungal_Leaf_Spot,Fungal_Leaf_Spot,Correct,0.999985
datasets/test/Dry_Leaf/Dry_Leaf00310.jpg,Dry_Leaf,Dry_Leaf,Correct,0.999995
datasets/test/Leaf_Blight/Leaf_Blight00023.jpg,Leaf_Blight,Leaf_Blight,Correct,0.999608
datasets/test/Felt_Leaf/Felt_Leaf00163.jpg,Felt_Leaf,Felt_Leaf,Correct,0.999116
datasets/test/Healthy_Leaf/Healthy_Leaf00091.jpg,Healthy_Leaf,Healthy_Leaf,Correct,0.999992
datasets/train/Leaf_Blight/Leaf_Blight00325.jpg,Leaf_Blight,Leaf_Blight,Correct,0.999982
datasets/train/Leaf_Gall/Leaf_Gall00621.jpg,Leaf_Gall,Felt_Leaf,Incorrect,0.516842
datasets/test/Leaf_Blight/Leaf_Blight00351.jpg,Leaf_Blight,Leaf_Blight,Correct,0.991042
datasets/train/Healthy_Leaf/Healthy_Leaf00207.jpg,Healthy_Leaf,Healthy_Leaf,Correct,0.999992
datasets/test/Leaf_Gall/Leaf_Gall00020.jpg,Leaf_Gall,Leaf_Gall,Correct,0.999531
datasets/test/Dry_Leaf/Dry_Leaf00134.jpg,Dry_Leaf,Dry_Leaf,Correct,0.999979
datasets/test/Deficiency_Leaf/Deficiency_Leaf00075.jpg,Deficiency_Leaf,Deficiency_Leaf,Correct,0.997444
datasets/test/Leaf_Blight/Leaf_Blight00285.jpg,Leaf_Blight,Leaf_Blight,Correct,0.999192
datasets/train/Bituminous_Leaf/Bituminous_Leaf00007.jpg,Bituminous_Leaf,Bituminous_Leaf,Correct,0.999007
datasets/train/Deficiency_Leaf/Deficiency_Leaf00063.jpg,Deficiency_Leaf,Deficiency_Leaf,Correct,0.998665
datasets/test/Dry_Leaf/Dry_Leaf00034.jpg,Dry_Leaf,Dry_Leaf,Correct,0.999856
datasets/test/Healthy_Leaf/Healthy_Leaf00277.jpg,Healthy_Leaf,Healthy_Leaf,Correct,0.999821
datasets/train/Leaf_Blight/Leaf_Blight00591.jpg,Leaf_Blight,Leaf_Blight,Correct,0.957516
datasets/test/Leaf_Gall/Leaf_Gall00126.jpg,Leaf_Gall,Leaf_Gall,Correct,0.999982
datasets/train/Leaf_Blight/Leaf_Blight00114.jpg,Leaf_Blight,Leaf_Blight,Correct,0.999985
datasets/train/Healthy_Leaf/Healthy_Leaf00390.jpg,Healthy_Leaf,Healthy_Leaf,Correct,0.999965
datasets/test/Leaf_Gall/Leaf_Gall00533.jpg,Leaf_Gall,Leaf_Gall,Correct,0.999876
datasets/test/Fungal_Leaf_Spot/Fungal_Leaf_Spot00307.jpg,Fungal_Leaf_Spot,Fungal_Leaf_Spot,Correct,0.999748
datasets/train/Leaf_Gall/Leaf_Gall00043.jpg,Leaf_Gall,Leaf_Gall,Correct,0.999993
datasets/test/Fungal_Leaf_Spot/Fungal_Leaf_Spot00381.jpg,Fungal_Leaf_Spot,Felt_Leaf,Incorrect,0.580092
datasets/test/Fungal_Leaf_Spot/Fungal_Leaf_Spot00292.jpg,Fungal_Leaf_Spot,Fungal_Leaf_Spot,Correct,0.999985
datasets/test/Leaf_Blight/Leaf_Blight00283.jpg,Leaf_Blight,Leaf_Blight,Correct,0.999738
datasets/train/Healthy_Leaf/Healthy_Leaf00201.jpg,Healthy_Leaf,Healthy_Leaf,Correct,0.999809
datasets/test/Leaf_Blight/Leaf_Blight00458.jpg,Leaf_Blight,Leaf_Blight,Correct,0.997857
datasets/test/Felt_Leaf/Felt_Leaf00089.jpg,Felt_Leaf,Felt_Leaf,Correct,0.998094
datasets/test/Healthy_Leaf/Healthy_Leaf00012.jpg,Healthy_Leaf,Healthy_Leaf,Correct,0.997261
datasets/test/Felt_Leaf/Felt_Leaf00037.jpg,Felt_Leaf,Felt_Leaf,Correct,0.999995
datasets/train/Leaf_Gall/Leaf_Gall00516.jpg,Leaf_Gall,Leaf_Gall,Correct,0.999856
datasets/test/Leaf_Gall/Leaf_Gall00395.jpg,Leaf_Gall,Leaf_Gall,Correct,0.997714
datasets/train/Curl_Leaf/Curl_Leaf00111.jpg,Curl_Leaf,Curl_Leaf,Correct,0.999984
datasets/train/Leaf_Blight/Leaf_Blight00341.jpg,Leaf_Blight,Leaf_Blight,Correct,0.999809
datasets/train/Leaf_Blight/Leaf_Blight00381.jpg,Leaf_Blight,Leaf_Blight,Correct,0.998730
datasets/test/Healthy_Leaf/Healthy_Leaf00336.jpg,Healthy_Leaf,Healthy_Leaf,Correct,0.999994
datasets/test/Felt_Leaf/Felt_Leaf00279.jpg,Felt_Leaf,Felt_Leaf,Correct,0.983403
datasets/train/Dry_Leaf/Dry_Leaf00007.jpg,Dry_Leaf,Dry_Leaf,Correct,0.999925
datasets/test/Felt_Leaf/Felt_Leaf00199.jpg,Felt_Leaf,Felt_Leaf,Correct,0.998988
datasets/train/Felt_Leaf/Felt_Leaf00115.jpg,Felt_Leaf,Felt_Leaf,Correct,0.999810
datasets/train/Leaf_Blight/Leaf_Blight00173.jpg,Leaf_Blight,Leaf_Blight,Correct,0.999293
datasets/train/Curl_Leaf/Curl_Leaf00026.jpg,Curl_Leaf,Curl_Leaf,Correct,0.999984
datasets/test/Fungal_Leaf_Spot/Fungal_Leaf_Spot00283.jpg,Fungal_Leaf_Spot,Fungal_Leaf_Spot,Correct,0.999923
datasets/train/Healthy_Leaf/Healthy_Leaf00519.jpg,Healthy_Leaf,Healthy_Leaf,Correct,0.999858
datasets/test/Leaf_Blight/Leaf_Blight00083.jpg,Leaf_Blight,Leaf_Blight,Correct,0.999957
datasets/train/Bituminous_Leaf/Bituminous_Leaf00044.jpg,Bituminous_Leaf,Bituminous_Leaf,Correct,0.999330
datasets/test/Curl_Leaf/Curl_Leaf00124.jpg,Curl_Leaf,Curl_Leaf,Correct,0.999901
datasets/test/Healthy_Leaf/Healthy_Leaf00404.jpg,Healthy_Leaf,Healthy_Leaf,Correct,0.999989
datasets/train/Leaf_Gall/Leaf_Gall00419.jpg,Leaf_Gall,Leaf_Gall,Correct,0.987595
datasets/test/Leaf_Gall/Leaf_Gall00513.jpg,Leaf_Gall,Leaf_Gall,Correct,0.999702
datasets/train/Fungal_Leaf_Spot/Fungal_Leaf_Spot00282.jpg,Fungal_Leaf_Spot,Fungal_Leaf_Spot,Correct,0.999974
datasets/train/Healthy_Leaf/Healthy_Leaf00511.jpg,Healthy_Leaf,Healthy_Leaf,Correct,0.999699
datasets/train/Fungal_Leaf_Spot/Fungal_Leaf_Spot00133.jpg,Fungal_Leaf_Spot,Fungal_Leaf_Spot,Correct,0.995826
datasets/test/Fungal_Leaf_Spot/Fungal_Leaf_Spot00378.jpg,Fungal_Leaf_Spot,Fungal_Leaf_Spot,Correct,1.000000
datasets/train/Dry_Leaf/Dry_Leaf00087.jpg,Dry_Leaf,Dry_Leaf,Correct,0.995980
datasets/test/Curl_Leaf/Curl_Leaf00131.jpg,Curl_Leaf,Curl_Leaf,Correct,0.999996
datasets/train/Healthy_Leaf/Healthy_Leaf00023.jpg,Healthy_Leaf,Healthy_Leaf,Correct,0.999985
datasets/train/Felt_Leaf/Felt_Leaf00090.jpg,Felt_Leaf,Felt_Leaf,Correct,0.999821
datasets/test/Leaf_Blight/Leaf_Blight00320.jpg,Leaf_Blight,Leaf_Blight,Correct,0.999383
datasets/train/Fungal_Leaf_Spot/Fungal_Leaf_Spot00412.jpg,Fungal_Leaf_Spot,Fungal_Leaf_Spot,Correct,0.999361
datasets/train/Anthrax_Leaf/Anthrax_Leaf00084.jpg,Anthrax_Leaf,Anthrax_Leaf,Correct,0.999125
datasets/train/Felt_Leaf/Felt_Leaf00021.jpg,Felt_Leaf,Felt_Leaf,Correct,0.999631
datasets/test/Healthy_Leaf/Healthy_Leaf00436.jpg,Healthy_Leaf,Healthy_Leaf,Correct,0.999983
datasets/test/Leaf_Blight/Leaf_Blight00195.jpg,Leaf_Blight,Leaf_Blight,Correct,0.998787
datasets/test/Dry_Leaf/Dry_Leaf00143.jpg,Dry_Leaf,Dry_Leaf,Correct,0.999702
datasets/train/Bituminous_Leaf/Bituminous_Leaf00015.jpg,Bituminous_Leaf,Deficiency_Leaf,Incorrect,0.852402
datasets/test/Anthrax_Leaf/Anthrax_Leaf00019.jpg,Anthrax_Leaf,Anthrax_Leaf,Correct,0.897608
datasets/train/Felt_Leaf/Felt_Leaf00292.jpg,Felt_Leaf,Felt_Leaf,Correct,0.999902
datasets/test/Leaf_Gall/Leaf_Gall00485.jpg,Leaf_Gall,Leaf_Gall,Correct,0.999939
datasets/test/Leaf_Blight/Leaf_Blight00030.jpg,Leaf_Blight,Leaf_Blight,Correct,0.999929
datasets/train/Leaf_Gall/Leaf_Gall00495.jpg,Leaf_Gall,Leaf_Gall,Correct,0.999372
datasets/test/Fungal_Leaf_Spot/Fungal_Leaf_Spot00169.jpg,Fungal_Leaf_Spot,Fungal_Leaf_Spot,Correct,0.999997
datasets/test/Felt_Leaf/Felt_Leaf00294.jpg,Felt_Leaf,Felt_Leaf,Correct,0.999967
datasets/test/Leaf_Blight/Leaf_Blight00382.jpg,Leaf_Blight,Leaf_Blight,Correct,0.999988
datasets/train/Leaf_Blight/Leaf_Blight00044.jpg,Leaf_Blight,Leaf_Blight,Correct,0.989127
datasets/test/Fungal_Leaf_Spot/Fungal_Leaf_Spot00125.jpg,Fungal_Leaf_Spot,Fungal_Leaf_Spot,Correct,0.999789
datasets/test/Dry_Leaf/Dry_Leaf00282.jpg,Dry_Leaf,Dry_Leaf,Correct,0.999999
datasets/test/Fungal_Leaf_Spot/Fungal_Leaf_Spot00455.jpg,Fungal_Leaf_Spot,Felt_Leaf,Incorrect,0.985276
datasets/test/Healthy_Leaf/Healthy_Leaf00078.jpg,Healthy_Leaf,Healthy_Leaf,Correct,0.999998
datasets/train/Dry_Leaf/Dry_Leaf00101.jpg,Dry_Leaf,Dry_Leaf,Correct,0.998323
datasets/train/Anthrax_Leaf/Anthrax_Leaf00121.jpg,Anthrax_Leaf,Anthrax_Leaf,Correct,0.994237
datasets/test/Deficiency_Leaf/Deficiency_Leaf00038.jpg,Deficiency_Leaf,Deficiency_Leaf,Correct,0.999840
datasets/train/Dry_Leaf/Dry_Leaf00080.jpg,Dry_Leaf,Dry_Leaf,Correct,0.999993
datasets/test/Felt_Leaf/Felt_Leaf00082.jpg,Felt_Leaf,Felt_Leaf,Correct,0.999861
datasets/train/Leaf_Gall/Leaf_Gall00417.jpg,Leaf_Gall,Leaf_Gall,Correct,0.990087
datasets/train/Bituminous_Leaf/Bituminous_Leaf00058.jpg,Bituminous_Leaf,Bituminous_Leaf,Correct,0.999989
datasets/test/Leaf_Gall/Leaf_Gall00146.jpg,Leaf_Gall,Felt_Leaf,Incorrect,0.471951
datasets/test/Felt_Leaf/Felt_Leaf00232.jpg,Felt_Leaf,Felt_Leaf,Correct,0.999335
datasets/train/Fungal_Leaf_Spot/Fungal_Leaf_Spot00458.jpg,Fungal_Leaf_Spot,Felt_Leaf,Incorrect,0.984574
datasets/test/Healthy_Leaf/Healthy_Leaf00275.jpg,Healthy_Leaf,Healthy_Leaf,Correct,0.999731
datasets/test/Felt_Leaf/Felt_Leaf00005.jpg,Felt_Leaf,Felt_Leaf,Correct,0.997457
datasets/test/Healthy_Leaf/Healthy_Leaf00530.jpg,Healthy_Leaf,Healthy_Leaf,Correct,1.000000
datasets/train/Dry_Leaf/Dry_Leaf00352.jpg,Dry_Leaf,Dry_Leaf,Correct,0.999999
datasets/test/Curl_Leaf/Curl_Leaf00146.jpg,Curl_Leaf,Curl_Leaf,Correct,0.998463
datasets/train/Dry_Leaf/Dry_Leaf00189.jpg,Dry_Leaf,Dry_Leaf,Correct,0.999882
datasets/test/Bituminous_Leaf/Bituminous_Leaf00038.jpg,Bituminous_Leaf,Bituminous_Leaf,Correct,0.999996
datasets/train/Healthy_Leaf/Healthy_Leaf00490.jpg,Healthy_Leaf,Healthy_Leaf,Correct,0.999780
datasets/test/Leaf_Blight/Leaf_Blight00557.jpg,Leaf_Blight,Leaf_Blight,Correct,0.999906
datasets/test/Dry_Leaf/Dry_Leaf00318.jpg,Dry_Leaf,Dry_Leaf,Correct,0.999998
datasets/train/Fungal_Leaf_Spot/Fungal_Leaf_Spot00336.jpg,Fungal_Leaf_Spot,Fungal_Leaf_Spot,Correct,0.999879
datasets/test/Leaf_Gall/Leaf_Gall00102.jpg,Leaf_Gall,Leaf_Gall,Correct,0.999948
datasets/test/Felt_Leaf/Felt_Leaf00187.jpg,Felt_Leaf,Felt_Leaf,Correct,0.999828
datasets/train/Felt_Leaf/Felt_Leaf00332.jpg,Felt_Leaf,Felt_Leaf,Correct,0.997613
datasets/test/Felt_Leaf/Felt_Leaf00341.jpg,Felt_Leaf,Felt_Leaf,Correct,0.999870
datasets/test/Dry_Leaf/Dry_Leaf00342.jpg,Dry_Leaf,Dry_Leaf,Correct,0.999998
datasets/test/Leaf_Blight/Leaf_Blight00169.jpg,Leaf_Blight,Leaf_Blight,Correct,0.999472
datasets/train/Leaf_Blight/Leaf_Blight00435.jpg,Leaf_Blight,Leaf_Blight,Correct,0.999816
datasets/test/Felt_Leaf/Felt_Leaf00287.jpg,Felt_Leaf,Felt_Leaf,Correct,0.917953
datasets/train/Leaf_Gall/Leaf_Gall00094.jpg,Leaf_Gall,Leaf_Gall,Correct,0.999951
datasets/test/Leaf_Gall/Leaf_Gall00139.jpg,Leaf_Gall,Leaf_Gall,Correct,0.999038
datasets/test/Fungal_Leaf_Spot/Fungal_Leaf_Spot00253.jpg,Fungal_Leaf_Spot,Fungal_Leaf_Spot,Correct,0.999934
datasets/test/Leaf_Blight/Leaf_Blight00111.jpg,Leaf_Blight,Leaf_Blight,Correct,0.813183
datasets/train/Dry_Leaf/Dry_Leaf00188.jpg,Dry_Leaf,Dry_Leaf,Correct,0.999998
datasets/test/Leaf_Gall/Leaf_Gall00236.jpg,Leaf_Gall,Leaf_Gall,Correct,0.999985
datasets/train/Deficiency_Leaf/Deficiency_Leaf00090.jpg,Deficiency_Leaf,Deficiency_Leaf,Correct,0.997614
datasets/train/Healthy_Leaf/Healthy_Leaf00597.jpg,Healthy_Leaf,Healthy_Leaf,Correct,0.999998
datasets/test/Healthy_Leaf/Healthy_Leaf00554.jpg,Healthy_Leaf,Healthy_Leaf,Correct,0.999999
datasets/test/Fungal_Leaf_Spot/Fungal_Leaf_Spot00043.jpg,Fungal_Leaf_Spot,Fungal_Leaf_Spot,Correct,1.000000
datasets/train/Healthy_Leaf/Healthy_Leaf00244.jpg,Healthy_Leaf,Healthy_Leaf,Correct,0.999419
