image_path,true_label,predicted_label,status,confidence
datasets/test/Leaf_Gall/Leaf_Gall00002.jpg,Leaf_Gall,Leaf_Gall,Correct,0.653030
datasets/train/Leaf_Blight/Leaf_Blight00121.jpg,Leaf_Blight,Leaf_Blight,Correct,1.000000
datasets/test/Healthy_Leaf/Healthy_Leaf00448.jpg,Healthy_Leaf,Healthy_Leaf,Correct,1.000000
datasets/test/Fungal_Leaf_Spot/Fungal_Leaf_Spot00154.jpg,Fungal_Leaf_Spot,Fungal_Leaf_Spot,Correct,1.000000
datasets/test/Leaf_Gall/Leaf_Gall00351.jpg,Leaf_Gall,Leaf_Gall,Correct,0.999960
datasets/test/Dry_Leaf/Dry_Leaf00056.jpg,Dry_Leaf,Dry_Leaf,Correct,1.000000
datasets/test/Dry_Leaf/Dry_Leaf00344.jpg,Dry_Leaf,Dry_Leaf,Correct,1.000000
datasets/test/Fungal_Leaf_Spot/Fungal_Leaf_Spot00436.jpg,Fungal_Leaf_Spot,Fungal_Leaf_Spot,Correct,1.000000
datasets/test/Leaf_Blight/Leaf_Blight00174.jpg,Leaf_Blight,Leaf_Blight,Correct,0.999999
datasets/train/Dry_Leaf/Dry_Leaf00075.jpg,Dry_Leaf,Dry_Leaf,Correct,1.000000
datasets/test/Leaf_Blight/Leaf_Blight00401.jpg,Leaf_Blight,Leaf_Blight,Correct,0.999998
datasets/test/Leaf_Gall/Leaf_Gall00003.jpg,Leaf_Gall,Leaf_Gall,Correct,0.980375
datasets/test/Leaf_Gall/Leaf_Gall00441.jpg,Leaf_Gall,Leaf_Gall,Correct,1.000000
datasets/test/Anthrax_Leaf/Anthrax_Leaf00069.jpg,Anthrax_Leaf,Anthrax_Leaf,Correct,1.000000
datasets/train/Fungal_Leaf_Spot/Fungal_Leaf_Spot00285.jpg,Fungal_Leaf_Spot,Fungal_Leaf_Spot,Correct,0.999995
datasets/train/Deficiency_Leaf/Deficiency_Leaf00107.jpg,Deficiency_Leaf,Deficiency_Leaf,Correct,0.928592
datasets/train/Leaf_Gall/Leaf_Gall00176.jpg,Leaf_Gall,Leaf_Gall,Correct,1.000000
datasets/train/Felt_Leaf/Felt_Leaf00130.jpg,Felt_Leaf,Felt_Leaf,Correct,0.999986
datasets/test/Fungal_Leaf_Spot/Fungal_Leaf_Spot00275.jpg,Fungal_Leaf_Spot,Fungal_Leaf_Spot,Correct,0.999636
datasets/test/Anthrax_Leaf/Anthrax_Leaf00031.jpg,Anthrax_Leaf,Anthrax_Leaf,Correct,0.999999
datasets/train/Felt_Leaf/Felt_Leaf00053.jpg,Felt_Leaf,Felt_Leaf,Correct,0.999843
datasets/train/Leaf_Blight/Leaf_Blight00265.jpg,Leaf_Blight,Leaf_Blight,Correct,0.999957
datasets/train/Leaf_Gall/Leaf_Gall00498.jpg,Leaf_Gall,Leaf_Gall,Correct,0.999936
datasets/test/Leaf_Gall/Leaf_Gall00016.jpg,Leaf_Gall,Leaf_Gall,Correct,0.999999
datasets/test/Leaf_Blight/Leaf_Blight00039.jpg,Leaf_Blight,Leaf_Blight,Correct,1.000000
datasets/test/Leaf_Gall/Leaf_Gall00530.jpg,Leaf_Gall,Leaf_Gall,Correct,1.000000
datasets/train/Leaf_Gall/Leaf_Gall00404.jpg,Leaf_Gall,Leaf_Gall,Correct,0.999684
datasets/train/Leaf_Blight/Leaf_Blight00199.jpg,Leaf_Blight,Leaf_Blight,Correct,1.000000
datasets/train/Fungal_Leaf_Spot/Fungal_Leaf_Spot00398.jpg,Fungal_Leaf_Spot,Fungal_Leaf_Spot,Correct,1.000000
datasets/train/Deficiency_Leaf/Deficiency_Leaf00057.jpg,Deficiency_Leaf,Deficiency_Leaf,Correct,0.997457
datasets/test/Leaf_Gall/Leaf_Gall00455.jpg,Leaf_Gall,Leaf_Gall,Correct,0.999998
datasets/train/Felt_Leaf/Felt_Leaf00208.jpg,Felt_Leaf,Fungal_Leaf_Spot,Incorrect,0.681898
datasets/test/Fungal_Leaf_Spot/Fungal_Leaf_Spot00314.jpg,Fungal_Leaf_Spot,Fungal_Leaf_Spot,Correct,1.000000
datasets/train/Curl_Leaf/Curl_Leaf00006.jpg,Curl_Leaf,Curl_Leaf,Correct,1.000000
datasets/test/Leaf_Blight/Leaf_Blight00288.jpg,Leaf_Blight,Leaf_Blight,Correct,1.000000
datasets/test/Anthrax_Leaf/Anthrax_Leaf00001.jpg,Anthrax_Leaf,Anthrax_Leaf,Correct,0.948699
datasets/test/Leaf_Blight/Leaf_Blight00060.jpg,Leaf_Blight,Leaf_Blight,Correct,0.604092
datasets/test/Leaf_Gall/Leaf_Gall00065.jpg,Leaf_Gall,Leaf_Gall,Correct,1.000000
datasets/test/Leaf_Blight/Leaf_Blight00261.jpg,Leaf_Blight,Leaf_Blight,Correct,1.000000
datasets/train/Leaf_Gall/Leaf_Gall00170.jpg,Leaf_Gall,Leaf_Gall,Correct,0.999999
datasets/train/Healthy_Leaf/Healthy_Leaf00036.jpg,Healthy_Leaf,Healthy_Leaf,Correct,0.999998
datasets/train/Leaf_Blight/Leaf_Blight00002.jpg,Leaf_Blight,Leaf_Blight,Correct,1.000000
datasets/train/Leaf_Blight/Leaf_Blight00433.jpg,Leaf_Blight,Leaf_Blight,Correct,0.999948
datasets/train/Healthy_Leaf/Healthy_Leaf00464.jpg,Healthy_Leaf,Healthy_Leaf,Correct,0.999902
datasets/test/Healthy_Leaf/Healthy_Leaf00625.jpg,Healthy_Leaf,Healthy_Leaf,Correct,0.999999
datasets/test/Healthy_Leaf/Healthy_Leaf00584.jpg,Healthy_Leaf,Healthy_Leaf,Correct,1.000000
datasets/test/Leaf_Blight/Leaf_Blight00383.jpg,Leaf_Blight,Leaf_Blight,Correct,0.999998
datasets/train/Leaf_Gall/Leaf_Gall00187.jpg,Leaf_Gall,Leaf_Gall,Correct,0.999999
datasets/test/Felt_Leaf/Felt_Leaf00312.jpg,Felt_Leaf,Felt_Leaf,Correct,0.999998
datasets/train/Anthrax_Leaf/Anthrax_Leaf00035.jpg,Anthrax_Leaf,Anthrax_Leaf,Correct,0.999999
datasets/test/Fungal_Leaf_Spot/Fungal_Leaf_Spot00438.jpg,Fungal_Leaf_Spot,Fungal_Leaf_Spot,Correct,1.000000
datasets/train/Healthy_Leaf/Healthy_Leaf00269.jpg,Healthy_Leaf,Healthy_Leaf,Correct,0.999986
datasets/train/Curl_Leaf/Curl_Leaf00126.jpg,Curl_Leaf,Curl_Leaf,Correct,1.000000
datasets/train/Fungal_Leaf_Spot/Fungal_Leaf_Spot00457.jpg,Fungal_Leaf_Spot,Fungal_Leaf_Spot,Correct,0.999888
datasets/train/Fungal_Leaf_Spot/Fungal_Leaf_Spot00100.jpg,Fungal_Leaf_Spot,Fungal_Leaf_Spot,Correct,1.000000
datasets/test/Dry_Leaf/Dry_Leaf00250.jpg,Dry_Leaf,Dry_Leaf,Correct,1.000000
datasets/test/Leaf_Gall/Leaf_Gall00542.jpg,Leaf_Gall,Leaf_Gall,Correct,0.999996
datasets/test/Fungal_Leaf_Spot/Fungal_Leaf_Spot00269.jpg,Fungal_Leaf_Spot,Fungal_Leaf_Spot,Correct,1.000000
datasets/train/Fungal_Leaf_Spot/Fungal_Leaf_Spot00339.jpg,Fungal_Leaf_Spot,Fungal_Leaf_Spot,Correct,0.999998
datasets/test/Fungal_Leaf_Spot/Fungal_Leaf_Spot00032.jpg,Fungal_Leaf_Spot,Fungal_Leaf_Spot,Correct,1.000000
datasets/test/Dry_Leaf/Dry_Leaf00076.jpg,Dry_Leaf,Dry_Leaf,Correct,0.999997
datasets/test/Fungal_Leaf_Spot/Fungal_Leaf_Spot00337.jpg,Fungal_Leaf_Spot,Fungal_Leaf_Spot,Correct,1.000000
datasets/test/Leaf_Blight/Leaf_Blight00427.jpg,Leaf_Blight,Leaf_Blight,Correct,1.000000
datasets/test/Fungal_Leaf_Spot/Fungal_Leaf_Spot00085.jpg,Fungal_Leaf_Spot,Fungal_Leaf_Spot,Correct,1.000000
datasets/test/Healthy_Leaf/Healthy_Leaf00536.jpg,Healthy_Leaf,Healthy_Leaf,Correct,0.999998
datasets/test/Leaf_Blight/Leaf_Blight00502.jpg,Leaf_Blight,Leaf_Blight,Correct,1.000000
datasets/train/Leaf_Blight/Leaf_Blight00282.jpg,Leaf_Blight,Leaf_Blight,Correct,0.999999
datasets/train/Fungal_Leaf_Spot/Fungal_Leaf_Spot00143.jpg,Fungal_Leaf_Spot,Fungal_Leaf_Spot,Correct,1.000000
datasets/train/Leaf_Blight/Leaf_Blight00335.jpg,Leaf_Blight,Leaf_Blight,Correct,0.999978
datasets/train/Felt_Leaf/Felt_Leaf00345.jpg,Felt_Leaf,Felt_Leaf,Correct,0.992296
datasets/test/Dry_Leaf/Dry_Leaf00214.jpg,Dry_Leaf,Dry_Leaf,Correct,0.999990
datasets/test/Healthy_Leaf/Healthy_Leaf00307.jpg,Healthy_Leaf,Healthy_Leaf,Correct,0.999999
datasets/train/Felt_Leaf/Felt_Leaf00206.jpg,Felt_Leaf,Fungal_Leaf_Spot,Incorrect,0.606817
datasets/test/Fungal_Leaf_Spot/Fungal_Leaf_Spot00401.jpg,Fungal_Leaf_Spot,Fungal_Leaf_Spot,Correct,1.000000
datasets/test/Dry_Leaf/Dry_Leaf00260.jpg,Dry_Leaf,Dry_Leaf,Correct,1.000000
datasets/test/Leaf_Gall/Leaf_Gall00191.jpg,Leaf_Gall,Leaf_Gall,Correct,1.000000
datasets/train/Leaf_Gall/Leaf_Gall00497.jpg,Leaf_Gall,Leaf_Gall,Correct,0.999989
datasets/train/Leaf_Gall/Leaf_Gall00034.jpg,Leaf_Gall,Leaf_Gall,Correct,0.999993
datasets/train/Healthy_Leaf/Healthy_Leaf00594.jpg,Healthy_Leaf,Healthy_Leaf,Correct,1.000000
datasets/test/Leaf_Gall/Leaf_Gall00385.jpg,Leaf_Gall,Leaf_Gall,Correct,0.999999
datasets/train/Leaf_Gall/Leaf_Gall00064.jpg,Leaf_Gall,Leaf_Gall,Correct,1.000000
datasets/test/Dry_Leaf/Dry_Leaf00159.jpg,Dry_Leaf,Dry_Leaf,Correct,1.000000
datasets/test/Leaf_Gall/Leaf_Gall00047.jpg,Leaf_Gall,Leaf_Gall,Correct,0.999996
datasets/test/Leaf_Blight/Leaf_Blight00453.jpg,Leaf_Blight,Leaf_Blight,Correct,1.000000
datasets/train/Fungal_Leaf_Spot/Fungal_Leaf_Spot00551.jpg,Fungal_Leaf_Spot,Fungal_Leaf_Spot,Correct,1.000000
datasets/test/Dry_Leaf/Dry_Leaf00227.jpg,Dry_Leaf,Dry_Leaf,Correct,1.000000
datasets/test/Fungal_Leaf_Spot/Fungal_Leaf_Spot00320.jpg,Fungal_Leaf_Spot,Fungal_Leaf_Spot,Correct,1.000000
datasets/test/Leaf_Gall/Leaf_Gall00008.jpg,Leaf_Gall,Leaf_Gall,Correct,0.999996
datasets/train/Leaf_Gall/Leaf_Gall00186.jpg,Leaf_Gall,Leaf_Gall,Correct,1.000000
datasets/test/Fungal_Leaf_Spot/Fungal_Leaf_Spot00186.jpg,Fungal_Leaf_Spot,Fungal_Leaf_Spot,Correct,1.000000
datasets/test/Healthy_Leaf/Healthy_Leaf00181.jpg,Healthy_Leaf,Healthy_Leaf,Correct,0.999978
datasets/test/Fungal_Leaf_Spot/Fungal_Leaf_Spot00115.jpg,Fungal_Leaf_Spot,Fungal_Leaf_Spot,Correct,0.999999
datasets/test/Leaf_Blight/Leaf_Blight00206.jpg,Leaf_Blight,Leaf_Blight,Correct,0.999997
datasets/train/Curl_Leaf/Curl_Leaf00107.jpg,Curl_Leaf,Curl_Leaf,Correct,0.954611
datasets/test/Leaf_Blight/Leaf_Blight00032.jpg,Leaf_Blight,Leaf_Blight,Correct,1.000000
datasets/test/Anthrax_Leaf/Anthrax_Leaf00006.jpg,Anthrax_Leaf,Anthrax_Leaf,Correct,0.999874
datasets/train/Curl_Leaf/Curl_Leaf00145.jpg,Curl_Leaf,Curl_Leaf,Correct,0.999916
datasets/train/Felt_Leaf/Felt_Leaf00253.jpg,Felt_Leaf,Felt_Leaf,Correct,0.999941
datasets/train/Leaf_Blight/Leaf_Blight00208.jpg,Leaf_Blight,Leaf_Blight,Correct,0.999936
datasets/test/Leaf_Gall/Leaf_Gall00368.jpg,Leaf_Gall,Leaf_Gall,Correct,0.999944
datasets/test/Deficiency_Leaf/Deficiency_Leaf00115.jpg,Deficiency_Leaf,Deficiency_Leaf,Correct,0.999881
datasets/train/Healthy_Leaf/Healthy_Leaf00318.jpg,Healthy_Leaf,Healthy_Leaf,Correct,1.000000
datasets/test/Bituminous_Leaf/Bituminous_Leaf00124.jpg,Bituminous_Leaf,Bituminous_Leaf,Correct,0.999217
datasets/test/Felt_Leaf/Felt_Leaf00298.jpg,Felt_Leaf,Felt_Leaf,Correct,0.999864
datasets/train/Healthy_Leaf/Healthy_Leaf00184.jpg,Healthy_Leaf,Healthy_Leaf,Correct,1.000000
datasets/train/Healthy_Leaf/Healthy_Leaf00495.jpg,Healthy_Leaf,Healthy_Leaf,Correct,0.999998
datasets/test/Curl_Leaf/Curl_Leaf00078.jpg,Curl_Leaf,Curl_Leaf,Correct,0.999936
datasets/train/Felt_Leaf/Felt_Leaf00087.jpg,Felt_Leaf,Felt_Leaf,Correct,0.940578
datasets/train/Dry_Leaf/Dry_Leaf00281.jpg,Dry_Leaf,Dry_Leaf,Correct,0.999999
datasets/test/Deficiency_Leaf/Deficiency_Leaf00101.jpg,Deficiency_Leaf,Deficiency_Leaf,Correct,0.984627
datasets/train/Healthy_Leaf/Healthy_Leaf00202.jpg,Healthy_Leaf,Healthy_Leaf,Correct,1.000000
datasets/test/Fungal_Leaf_Spot/Fungal_Leaf_Spot00291.jpg,Fungal_Leaf_Spot,Fungal_Leaf_Spot,Correct,1.000000
datasets/test/Leaf_Blight/Leaf_Blight00449.jpg,Leaf_Blight,Leaf_Blight,Correct,1.000000
datasets/test/Healthy_Leaf/Healthy_Leaf00173.jpg,Healthy_Leaf,Healthy_Leaf,Correct,1.000000
datasets/test/Felt_Leaf/Felt_Leaf00281.jpg,Felt_Leaf,Felt_Leaf,Correct,0.999834
datasets/test/Felt_Leaf/Felt_Leaf00064.jpg,Felt_Leaf,Felt_Leaf,Correct,1.000000
datasets/test/Deficiency_Leaf/Deficiency_Leaf00003.jpg,Deficiency_Leaf,Anthrax_Leaf,Incorrect,0.786777
datasets/test/Curl_Leaf/Curl_Leaf00092.jpg,Curl_Leaf,Curl_Leaf,Correct,0.999995
datasets/train/Bituminous_Leaf/Bituminous_Leaf00027.jpg,Bituminous_Leaf,Bituminous_Leaf,Correct,0.999999
datasets/test/Leaf_Blight/Leaf_Blight00353.jpg,Leaf_Blight,Leaf_Blight,Correct,0.999827
datasets/train/Dry_Leaf/Dry_Leaf00300.jpg,Dry_Leaf,Dry_Leaf,Correct,1.000000
datasets/test/Fungal_Leaf_Spot/Fungal_Leaf_Spot00042.jpg,Fungal_Leaf_Spot,Fungal_Leaf_Spot,Correct,1.000000
datasets/test/Dry_Leaf/Dry_Leaf00216.jpg,Dry_Leaf,Dry_Leaf,Correct,0.999999
datasets/test/Leaf_Blight/Leaf_Blight00220.jpg,Leaf_Blight,Leaf_Blight,Correct,1.000000
datasets/train/Dry_Leaf/Dry_Leaf00350.jpg,Dry_Leaf,Dry_Leaf,Correct,1.000000
datasets/test/Dry_Leaf/Dry_Leaf00379.jpg,Dry_Leaf,Dry_Leaf,Correct,0.999997
datasets/train/Leaf_Blight/Leaf_Blight00157.jpg,Leaf_Blight,Leaf_Blight,Correct,1.000000
datasets/test/Healthy_Leaf/Healthy_Leaf00308.jpg,Healthy_Leaf,Healthy_Leaf,Correct,1.000000
datasets/train/Curl_Leaf/Curl_Leaf00119.jpg,Curl_Leaf,Curl_Leaf,Correct,1.000000
datasets/test/Leaf_Blight/Leaf_Blight00299.jpg,Leaf_Blight,Leaf_Blight,Correct,1.000000
datasets/train/Fungal_Leaf_Spot/Fungal_Leaf_Spot00121.jpg,Fungal_Leaf_Spot,Fungal_Leaf_Spot,Correct,1.000000
datasets/test/Healthy_Leaf/Healthy_Leaf00252.jpg,Healthy_Leaf,Healthy_Leaf,Correct,0.999973
datasets/train/Curl_Leaf/Curl_Leaf00066.jpg,Curl_Leaf,Curl_Leaf,Correct,1.000000
datasets/train/Felt_Leaf/Felt_Leaf00362.jpg,Felt_Leaf,Felt_Leaf,Correct,1.000000
datasets/train/Healthy_Leaf/Healthy_Leaf00450.jpg,Healthy_Leaf,Healthy_Leaf,Correct,0.999995
datasets/test/Felt_Leaf/Felt_Leaf00260.jpg,Felt_Leaf,Fungal_Leaf_Spot,Incorrect,0.921608
datasets/train/Leaf_Gall/Leaf_Gall00410.jpg,Leaf_Gall,Leaf_Gall,Correct,0.996184
datasets/test/Anthrax_Leaf/Anthrax_Leaf00003.jpg,Anthrax_Leaf,Anthrax_Leaf,Correct,0.999959
datasets/train/Healthy_Leaf/Healthy_Leaf00515.jpg,Healthy_Leaf,Healthy_Leaf,Correct,0.776308
datasets/test/Healthy_Leaf/Healthy_Leaf00259.jpg,Healthy_Leaf,Healthy_Leaf,Correct,0.999836
datasets/train/Dry_Leaf/Dry_Leaf00329.jpg,Dry_Leaf,Dry_Leaf,Correct,1.000000
datasets/train/Healthy_Leaf/Healthy_Leaf00118.jpg,Healthy_Leaf,Healthy_Leaf,Correct,1.000000
datasets/train/Dry_Leaf/Dry_Leaf00004.jpg,Dry_Leaf,Dry_Leaf,Correct,1.000000
datasets/test/Bituminous_Leaf/Bituminous_Leaf00042.jpg,Bituminous_Leaf,Bituminous_Leaf,Correct,0.999999
datasets/test/Healthy_Leaf/Healthy_Leaf00516.jpg,Healthy_Leaf,Healthy_Leaf,Correct,0.966657
datasets/test/Leaf_Gall/Leaf_Gall00372.jpg,Leaf_Gall,Leaf_Gall,Correct,0.999890
datasets/test/Felt_Leaf/Felt_Leaf00200.jpg,Felt_Leaf,Felt_Leaf,Correct,0.999995
datasets/test/Healthy_Leaf/Healthy_Leaf00241.jpg,Healthy_Leaf,Healthy_Leaf,Correct,1.000000
datasets/test/Fungal_Leaf_Spot/Fungal_Leaf_Spot00461.jpg,Fungal_Leaf_Spot,Fungal_Leaf_Spot,Correct,0.999983
datasets/test/Leaf_Blight/Leaf_Blight00409.jpg,Leaf_Blight,Leaf_Blight,Correct,0.991853
datasets/train/Leaf_Gall/Leaf_Gall00009.jpg,Leaf_Gall,Leaf_Gall,Correct,1.000000
datasets/test/Leaf_Gall/Leaf_Gall00341.jpg,Leaf_Gall,Leaf_Gall,Correct,0.996482
datasets/train/Leaf_Blight/Leaf_Blight00571.jpg,Leaf_Blight,Leaf_Blight,Correct,0.999945
datasets/test/Fungal_Leaf_Spot/Fungal_Leaf_Spot00235.jpg,Fungal_Leaf_Spot,Fungal_Leaf_Spot,Correct,1.000000
datasets/test/Healthy_Leaf/Healthy_Leaf00128.jpg,Healthy_Leaf,Healthy_Leaf,Correct,1.000000
datasets/test/Dry_Leaf/Dry_Leaf00208.jpg,Dry_Leaf,Dry_Leaf,Correct,0.999986
datasets/test/Felt_Leaf/Felt_Leaf00216.jpg,Felt_Leaf,Felt_Leaf,Correct,0.999942
datasets/test/Leaf_Gall/Leaf_Gall00039.jpg,Leaf_Gall,Leaf_Gall,Correct,1.000000
datasets/train/Healthy_Leaf/Healthy_Leaf00350.jpg,Healthy_Leaf,Healthy_Leaf,Correct,0.999848
datasets/train/Felt_Leaf/Felt_Leaf00370.jpg,Felt_Leaf,Felt_Leaf,Correct,0.999997
datasets/test/Leaf_Blight/Leaf_Blight00552.jpg,Leaf_Blight,Leaf_Blight,Correct,1.000000
datasets/test/Anthrax_Leaf/Anthrax_Leaf00071.jpg,Anthrax_Leaf,Anthrax_Leaf,Correct,1.000000
datasets/test/Healthy_Leaf/Healthy_Leaf00549.jpg,Healthy_Leaf,Healthy_Leaf,Correct,1.000000
datasets/test/Healthy_Leaf/Healthy_Leaf00471.jpg,Healthy_Leaf,Healthy_Leaf,Correct,0.999902
datasets/test/Healthy_Leaf/Healthy_Leaf00467.jpg,Healthy_Leaf,Healthy_Leaf,Correct,0.999638
datasets/train/Leaf_Blight/Leaf_Blight00181.jpg,Leaf_Blight,Leaf_Blight,Correct,0.999987
datasets/test/Leaf_Blight/Leaf_Blight00081.jpg,Leaf_Blight,Leaf_Blight,Correct,0.998660
datasets/train/Dry_Leaf/Dry_Leaf00276.jpg,Dry_Leaf,Dry_Leaf,Correct,0.999997
datasets/train/Leaf_Gall/Leaf_Gall00137.jpg,Leaf_Gall,Leaf_Gall,Correct,1.000000
datasets/test/Leaf_Gall/Leaf_Gall00128.jpg,Leaf_Gall,Leaf_Gall,Correct,0.993268
datasets/train/Healthy_Leaf/Healthy_Leaf00434.jpg,Healthy_Leaf,Healthy_Leaf,Correct,1.000000
datasets/train/Fungal_Leaf_Spot/Fungal_Leaf_Spot00298.jpg,Fungal_Leaf_Spot,Fungal_Leaf_Spot,Correct,0.999941
datasets/test/Leaf_Gall/Leaf_Gall00159.jpg,Leaf_Gall,Leaf_Gall,Correct,0.999993
datasets/train/Leaf_Gall/Leaf_Gall00289.jpg,Leaf_Gall,Leaf_Gall,Correct,0.999998
datasets/train/Leaf_Gall/Leaf_Gall00206.jpg,Leaf_Gall,Leaf_Gall,Correct,1.000000
datasets/train/Healthy_Leaf/Healthy_Leaf00311.jpg,Healthy_Leaf,Healthy_Leaf,Correct,0.999999
datasets/test/Leaf_Gall/Leaf_Gall00114.jpg,Leaf_Gall,Leaf_Gall,Correct,1.000000
datasets/train/Deficiency_Leaf/Deficiency_Leaf00044.jpg,Deficiency_Leaf,Bituminous_Leaf,Incorrect,0.856234
datasets/train/Leaf_Blight/Leaf_Blight00376.jpg,Leaf_Blight,Leaf_Blight,Correct,1.000000
datasets/train/Dry_Leaf/Dry_Leaf00102.jpg,Dry_Leaf,Dry_Leaf,Correct,1.000000
datasets/train/Healthy_Leaf/Healthy_Leaf00147.jpg,Healthy_Leaf,Healthy_Leaf,Correct,1.000000
datasets/train/Leaf_Gall/Leaf_Gall00553.jpg,Leaf_Gall,Leaf_Gall,Correct,1.000000
datasets/train/Healthy_Leaf/Healthy_Leaf00287.jpg,Healthy_Leaf,Healthy_Leaf,Correct,0.999883
datasets/train/Anthrax_Leaf/Anthrax_Leaf00090.jpg,Anthrax_Leaf,Anthrax_Leaf,Correct,1.000000
datasets/test/Fungal_Leaf_Spot/Fungal_Leaf_Spot00417.jpg,Fungal_Leaf_Spot,Fungal_Leaf_Spot,Correct,1.000000
datasets/test/Fungal_Leaf_Spot/Fungal_Leaf_Spot00272.jpg,Fungal_Leaf_Spot,Fungal_Leaf_Spot,Correct,1.000000
datasets/train/Healthy_Leaf/Healthy_Leaf00250.jpg,Healthy_Leaf,Healthy_Leaf,Correct,1.000000
datasets/test/Anthrax_Leaf/Anthrax_Leaf00104.jpg,Anthrax_Leaf,Anthrax_Leaf,Correct,1.000000
datasets/test/Bituminous_Leaf/Bituminous_Leaf00049.jpg,Bituminous_Leaf,Bituminous_Leaf,Correct,1.000000
datasets/test/Healthy_Leaf/Healthy_Leaf00218.jpg,Healthy_Leaf,Healthy_Leaf,Correct,1.000000
datasets/test/Healthy_Leaf/Healthy_Leaf00381.jpg,Healthy_Leaf,Healthy_Leaf,Correct,0.999968
datasets/train/Fungal_Leaf_Spot/Fungal_Leaf_Spot00431.jpg,Fungal_Leaf_Spot,Fungal_Leaf_Spot,Correct,1.000000
datasets/train/Felt_Leaf/Felt_Leaf00013.jpg,Felt_Leaf,Felt_Leaf,Correct,0.782156
datasets/test/Leaf_Gall/Leaf_Gall00096.jpg,Leaf_Gall,Leaf_Gall,Correct,1.000000
datasets/test/Leaf_Blight/Leaf_Blight00493.jpg,Leaf_Blight,Leaf_Blight,Correct,1.000000
datasets/test/Healthy_Leaf/Healthy_Leaf00309.jpg,Healthy_Leaf,Healthy_Leaf,Correct,1.000000
datasets/train/Leaf_Gall/Leaf_Gall00543.jpg,Leaf_Gall,Leaf_Gall,Correct,1.000000
datasets/test/Dry_Leaf/Dry_Leaf00111.jpg,Dry_Leaf,Dry_Leaf,Correct,1.000000
datasets/test/Healthy_Leaf/Healthy_Leaf00134.jpg,Healthy_Leaf,Healthy_Leaf,Correct,1.000000
datasets/test/Felt_Leaf/Felt_Leaf00259.jpg,Felt_Leaf,Felt_Leaf,Correct,0.586816
datasets/test/Dry_Leaf/Dry_Leaf00041.jpg,Dry_Leaf,Dry_Leaf,Correct,1.000000
datasets/train/Healthy_Leaf/Healthy_Leaf00499.jpg,Healthy_Leaf,Healthy_Leaf,Correct,0.999105
datasets/train/Fungal_Leaf_Spot/Fungal_Leaf_Spot00211.jpg,Fungal_Leaf_Spot,Fungal_Leaf_Spot,Correct,1.000000
datasets/train/Bituminous_Leaf/Bituminous_Leaf00136.jpg,Bituminous_Leaf,Bituminous_Leaf,Correct,0.999879
datasets/test/Deficiency_Leaf/Deficiency_Leaf00004.jpg,Deficiency_Leaf,Deficiency_Leaf,Correct,0.999974
datasets/train/Dry_Leaf/Dry_Leaf00369.jpg,Dry_Leaf,Dry_Leaf,Correct,1.000000
datasets/test/Dry_Leaf/Dry_Leaf00219.jpg,Dry_Leaf,Dry_Leaf,Correct,0.988797
datasets/test/Leaf_Blight/Leaf_Blight00125.jpg,Leaf_Blight,Leaf_Blight,Correct,1.000000
datasets/test/Dry_Leaf/Dry_Leaf00149.jpg,Dry_Leaf,Dry_Leaf,Correct,1.000000
datasets/test/Fungal_Leaf_Spot/Fungal_Leaf_Spot00079.jpg,Fungal_Leaf_Spot,Fungal_Leaf_Spot,Correct,1.000000
datasets/test/Felt_Leaf/Felt_Leaf00060.jpg,Felt_Leaf,Felt_Leaf,Correct,0.999998
datasets/test/Curl_Leaf/Curl_Leaf00116.jpg,Curl_Leaf,Curl_Leaf,Correct,1.000000
datasets/test/Healthy_Leaf/Healthy_Leaf00447.jpg,Healthy_Leaf,Healthy_Leaf,Correct,0.999783
datasets/test/Healthy_Leaf/Healthy_Leaf00206.jpg,Healthy_Leaf,Healthy_Leaf,Correct,0.999999
datasets/train/Leaf_Blight/Leaf_Blight00027.jpg,Leaf_Blight,Leaf_Blight,Correct,0.999953
datasets/test/Leaf_Gall/Leaf_Gall00332.jpg,Leaf_Gall,Leaf_Gall,Correct,0.953809
datasets/train/Healthy_Leaf/Healthy_Leaf00406.jpg,Healthy_Leaf,Healthy_Leaf,Correct,1.000000
datasets/test/Healthy_Leaf/Healthy_Leaf00380.jpg,Healthy_Leaf,Healthy_Leaf,Correct,0.999998
datasets/test/Felt_Leaf/Felt_Leaf00161.jpg,Felt_Leaf,Felt_Leaf,Correct,0.919620
datasets/train/Felt_Leaf/Felt_Leaf00126.jpg,Felt_Leaf,Felt_Leaf,Correct,1.000000
datasets/train/Fungal_Leaf_Spot/Fungal_Leaf_Spot00382.jpg,Fungal_Leaf_Spot,Fungal_Leaf_Spot,Correct,0.986829
datasets/test/Dry_Leaf/Dry_Leaf00368.jpg,Dry_Leaf,Dry_Leaf,Correct,0.999998
datasets/test/Felt_Leaf/Felt_Leaf00335.jpg,Felt_Leaf,Felt_Leaf,Correct,0.782428
datasets/train/Leaf_Blight/Leaf_Blight00225.jpg,Leaf_Blight,Leaf_Blight,Correct,0.999375
datasets/test/Healthy_Leaf/Healthy_Leaf00445.jpg,Healthy_Leaf,Healthy_Leaf,Correct,1.000000
datasets/test/Dry_Leaf/Dry_Leaf00305.jpg,Dry_Leaf,Dry_Leaf,Correct,1.000000
datasets/train/Leaf_Gall/Leaf_Gall00180.jpg,Leaf_Gall,Leaf_Gall,Correct,1.000000
datasets/train/Leaf_Gall/Leaf_Gall00546.jpg,Leaf_Gall,Leaf_Gall,Correct,1.000000
datasets/train/Leaf_Blight/Leaf_Blight00329.jpg,Leaf_Blight,Leaf_Blight,Correct,1.000000
datasets/train/Fungal_Leaf_Spot/Fungal_Leaf_Spot00089.jpg,Fungal_Leaf_Spot,Fungal_Leaf_Spot,Correct,0.999996
datasets/test/Dry_Leaf/Dry_Leaf00319.jpg,Dry_Leaf,Dry_Leaf,Correct,1.000000
datasets/test/Dry_Leaf/Dry_Leaf00287.jpg,Dry_Leaf,Dry_Leaf,Correct,1.000000
datasets/test/Fungal_Leaf_Spot/Fungal_Leaf_Spot00196.jpg,Fungal_Leaf_Spot,Fungal_Leaf_Spot,Correct,1.000000
datasets/test/Leaf_Gall/Leaf_Gall00135.jpg,Leaf_Gall,Leaf_Gall,Correct,1.000000
datasets/test/Dry_Leaf/Dry_Leaf00130.jpg,Dry_Leaf,Dry_Leaf,Correct,1.000000
datasets/test/Healthy_Leaf/Healthy_Leaf00223.jpg,Healthy_Leaf,Healthy_Leaf,Correct,1.000000
datasets/test/Fungal_Leaf_Spot/Fungal_Leaf_Spot00471.jpg,Fungal_Leaf_Spot,Fungal_Leaf_Spot,Correct,1.000000
datasets/test/Fungal_Leaf_Spot/Fungal_Leaf_Spot00361.jpg,Fungal_Leaf_Spot,Fungal_Leaf_Spot,Correct,0.999999
datasets/test/Felt_Leaf/Felt_Leaf00066.jpg,Felt_Leaf,Felt_Leaf,Correct,0.999999
datasets/test/Leaf_Blight/Leaf_Blight00323.jpg,Leaf_Blight,Leaf_Blight,Correct,1.000000
datasets/train/Healthy_Leaf/Healthy_Leaf00486.jpg,Healthy_Leaf,Healthy_Leaf,Correct,0.999912
datasets/test/Fungal_Leaf_Spot/Fungal_Leaf_Spot00509.jpg,Fungal_Leaf_Spot,Fungal_Leaf_Spot,Correct,1.000000
datasets/test/Leaf_Gall/Leaf_Gall00238.jpg,Leaf_Gall,Leaf_Gall,Correct,1.000000
datasets/train/Leaf_Blight/Leaf_Blight00105.jpg,Leaf_Blight,Leaf_Blight,Correct,0.999973
datasets/test/Felt_Leaf/Felt_Leaf00217.jpg,Felt_Leaf,Felt_Leaf,Correct,0.999828
datasets/test/Fungal_Leaf_Spot/Fungal_Leaf_Spot00016.jpg,Fungal_Leaf_Spot,Fungal_Leaf_Spot,Correct,0.999925
datasets/test/Curl_Leaf/Curl_Leaf00039.jpg,Curl_Leaf,Curl_Leaf,Correct,0.999842
datasets/train/Leaf_Gall/Leaf_Gall00211.jpg,Leaf_Gall,Leaf_Gall,Correct,0.999924
datasets/train/Dry_Leaf/Dry_Leaf00097.jpg,Dry_Leaf,Leaf_Gall,Incorrect,0.632625
datasets/train/Leaf_Blight/Leaf_Blight00370.jpg,Leaf_Blight,Leaf_Blight,Correct,1.000000
datasets/test/Fungal_Leaf_Spot/Fungal_Leaf_Spot00234.jpg,Fungal_Leaf_Spot,Fungal_Leaf_Spot,Correct,1.000000
datasets/train/Fungal_Leaf_Spot/Fungal_Leaf_Spot00273.jpg,Fungal_Leaf_Spot,Fungal_Leaf_Spot,Correct,0.999999
datasets/test/Leaf_Gall/Leaf_Gall00435.jpg,Leaf_Gall,Leaf_Gall,Correct,0.999985
datasets/test/Leaf_Gall/Leaf_Gall00021.jpg,Leaf_Gall,Leaf_Gall,Correct,0.999572
datasets/train/Dry_Leaf/Dry_Leaf00296.jpg,Dry_Leaf,Dry_Leaf,Correct,1.000000
datasets/train/Healthy_Leaf/Healthy_Leaf00624.jpg,Healthy_Leaf,Healthy_Leaf,Correct,0.999999
datasets/test/Dry_Leaf/Dry_Leaf00210.jpg,Dry_Leaf,Dry_Leaf,Correct,0.883353
datasets/train/Fungal_Leaf_Spot/Fungal_Leaf_Spot00080.jpg,Fungal_Leaf_Spot,Fungal_Leaf_Spot,Correct,1.000000
datasets/train/Fungal_Leaf_Spot/Fungal_Leaf_Spot00126.jpg,Fungal_Leaf_Spot,Fungal_Leaf_Spot,Correct,0.999854
datasets/test/Leaf_Blight/Leaf_Blight00095.jpg,Leaf_Blight,Leaf_Blight,Correct,0.999995
datasets/train/Anthrax_Leaf/Anthrax_Leaf00101.jpg,Anthrax_Leaf,Anthrax_Leaf,Correct,0.999999
datasets/test/Felt_Leaf/Felt_Leaf00094.jpg,Felt_Leaf,Felt_Leaf,Correct,0.999999
datasets/test/Leaf_Gall/Leaf_Gall00580.jpg,Leaf_Gall,Leaf_Gall,Correct,1.000000
datasets/train/Healthy_Leaf/Healthy_Leaf00456.jpg,Healthy_Leaf,Healthy_Leaf,Correct,1.000000
datasets/train/Leaf_Gall/Leaf_Gall00113.jpg,Leaf_Gall,Leaf_Gall,Correct,1.000000
datasets/train/Felt_Leaf/Felt_Leaf00367.jpg,Felt_Leaf,Felt_Leaf,Correct,1.000000
datasets/test/Healthy_Leaf/Healthy_Leaf00183.jpg,Healthy_Leaf,Healthy_Leaf,Correct,0.999999
datasets/test/Deficiency_Leaf/Deficiency_Leaf00051.jpg,Deficiency_Leaf,Curl_Leaf,Incorrect,0.605854
datasets/test/Felt_Leaf/Felt_Leaf00038.jpg,Felt_Leaf,Felt_Leaf,Correct,1.000000
datasets/test/Leaf_Gall/Leaf_Gall00033.jpg,Leaf_Gall,Leaf_Gall,Correct,0.999980
datasets/test/Dry_Leaf/Dry_Leaf00253.jpg,Dry_Leaf,Dry_Leaf,Correct,1.000000
datasets/test/Leaf_Blight/Leaf_Blight00239.jpg,Leaf_Blight,Leaf_Blight,Correct,0.999906
datasets/test/Anthrax_Leaf/Anthrax_Leaf00099.jpg,Anthrax_Leaf,Anthrax_Leaf,Correct,1.000000
datasets/test/Curl_Leaf/Curl_Leaf00032.jpg,Curl_Leaf,Curl_Leaf,Correct,1.000000
datasets/test/Dry_Leaf/Dry_Leaf00088.jpg,Dry_Leaf,Dry_Leaf,Correct,0.999999
datasets/test/Fungal_Leaf_Spot/Fungal_Leaf_Spot00494.jpg,Fungal_Leaf_Spot,Fungal_Leaf_Spot,Correct,1.000000
datasets/test/Dry_Leaf/Dry_Leaf00325.jpg,Dry_Leaf,Dry_Leaf,Correct,1.000000
datasets/test/Leaf_Blight/Leaf_Blight00307.jpg,Leaf_Blight,Leaf_Blight,Correct,1.000000
datasets/test/Leaf_Blight/Leaf_Blight00221.jpg,Leaf_Blight,Leaf_Blight,Correct,0.999957
datasets/test/Dry_Leaf/Dry_Leaf00158.jpg,Dry_Leaf,Dry_Leaf,Correct,1.000000
datasets/test/Deficiency_Leaf/Deficiency_Leaf00100.jpg,Deficiency_Leaf,Deficiency_Leaf,Correct,0.540464
datasets/test/Healthy_Leaf/Healthy_Leaf00329.jpg,Healthy_Leaf,Healthy_Leaf,Correct,1.000000
datasets/test/Leaf_Gall/Leaf_Gall00499.jpg,Leaf_Gall,Leaf_Gall,Correct,0.999897
datasets/test/Dry_Leaf/Dry_Leaf00198.jpg,Dry_Leaf,Dry_Leaf,Correct,1.000000
datasets/test/Fungal_Leaf_Spot/Fungal_Leaf_Spot00010.jpg,Fungal_Leaf_Spot,Fungal_Leaf_Spot,Correct,1.000000
datasets/test/Leaf_Blight/Leaf_Blight00357.jpg,Leaf_Blight,Leaf_Blight,Correct,1.000000
datasets/train/Dry_Leaf/Dry_Leaf00375.jpg,Dry_Leaf,Dry_Leaf,Correct,1.000000
datasets/train/Dry_Leaf/Dry_Leaf00121.jpg,Dry_Leaf,Dry_Leaf,Correct,1.000000
datasets/test/Leaf_Blight/Leaf_Blight00362.jpg,Leaf_Blight,Leaf_Blight,Correct,1.000000
datasets/test/Fungal_Leaf_Spot/Fungal_Leaf_Spot00021.jpg,Fungal_Leaf_Spot,Fungal_Leaf_Spot,Correct,1.000000
datasets/train/Fungal_Leaf_Spot/Fungal_Leaf_Spot00022.jpg,Fungal_Leaf_Spot,Fungal_Leaf_Spot,Correct,1.000000
datasets/test/Curl_Leaf/Curl_Leaf00060.jpg,Curl_Leaf,Curl_Leaf,Correct,0.995873
datasets/train/Dry_Leaf/Dry_Leaf00277.jpg,Dry_Leaf,Dry_Leaf,Correct,1.000000
datasets/train/Leaf_Blight/Leaf_Blight00506.jpg,Leaf_Blight,Leaf_Blight,Correct,0.981307
datasets/train/Dry_Leaf/Dry_Leaf00013.jpg,Dry_Leaf,Dry_Leaf,Correct,1.000000
datasets/test/Leaf_Blight/Leaf_Blight00405.jpg,Leaf_Blight,Leaf_Blight,Correct,0.991062
datasets/test/Fungal_Leaf_Spot/Fungal_Leaf_Spot00233.jpg,Fungal_Leaf_Spot,Fungal_Leaf_Spot,Correct,1.000000
datasets/test/Anthrax_Leaf/Anthrax_Leaf00058.jpg,Anthrax_Leaf,Anthrax_Leaf,Correct,1.000000
datasets/test/Leaf_Blight/Leaf_Blight00573.jpg,Leaf_Blight,Leaf_Blight,Correct,0.995341
datasets/test/Fungal_Leaf_Spot/Fungal_Leaf_Spot00347.jpg,Fungal_Leaf_Spot,Fungal_Leaf_Spot,Correct,0.999999
datasets/train/Healthy_Leaf/Healthy_Leaf00337.jpg,Healthy_Leaf,Healthy_Leaf,Correct,1.000000
datasets/train/Healthy_Leaf/Healthy_Leaf00420.jpg,Healthy_Leaf,Healthy_Leaf,Correct,0.999804
datasets/test/Anthrax_Leaf/Anthrax_Leaf00024.jpg,Anthrax_Leaf,Anthrax_Leaf,Correct,0.999979
datasets/train/Leaf_Gall/Leaf_Gall00286.jpg,Leaf_Gall,Leaf_Gall,Correct,1.000000
datasets/train/Fungal_Leaf_Spot/Fungal_Leaf_Spot00487.jpg,Fungal_Leaf_Spot,Fungal_Leaf_Spot,Correct,0.999996
datasets/test/Fungal_Leaf_Spot/Fungal_Leaf_Spot00553.jpg,Fungal_Leaf_Spot,Fungal_Leaf_Spot,Correct,1.000000
datasets/test/Fungal_Leaf_Spot/Fungal_Leaf_Spot00328.jpg,Fungal_Leaf_Spot,Fungal_Leaf_Spot,Correct,1.000000
datasets/test/Healthy_Leaf/Healthy_Leaf00229.jpg,Healthy_Leaf,Healthy_Leaf,Correct,1.000000
datasets/train/Dry_Leaf/Dry_Leaf00295.jpg,Dry_Leaf,Dry_Leaf,Correct,1.000000
datasets/test/Healthy_Leaf/Healthy_Leaf00544.jpg,Healthy_Leaf,Healthy_Leaf,Correct,0.999742
datasets/train/Leaf_Blight/Leaf_Blight00150.jpg,Leaf_Blight,Leaf_Blight,Correct,0.999999
datasets/test/Felt_Leaf/Felt_Leaf00046.jpg,Felt_Leaf,Felt_Leaf,Correct,1.000000
datasets/test/Healthy_Leaf/Healthy_Leaf00149.jpg,Healthy_Leaf,Healthy_Leaf,Correct,1.000000
datasets/test/Leaf_Blight/Leaf_Blight00163.jpg,Leaf_Blight,Leaf_Blight,Correct,0.999997
datasets/train/Healthy_Leaf/Healthy_Leaf00049.jpg,Healthy_Leaf,Healthy_Leaf,Correct,1.000000
datasets/train/Leaf_Blight/Leaf_Blight00059.jpg,Leaf_Blight,Leaf_Blight,Correct,0.814224
datasets/test/Healthy_Leaf/Healthy_Leaf00135.jpg,Healthy_Leaf,Healthy_Leaf,Correct,1.000000
datasets/train/Anthrax_Leaf/Anthrax_Leaf00130.jpg,Anthrax_Leaf,Anthrax_Leaf,Correct,1.000000
datasets/test/Leaf_Gall/Leaf_Gall00308.jpg,Leaf_Gall,Leaf_Gall,Correct,0.999999
datasets/test/Leaf_Gall/Leaf_Gall00544.jpg,Leaf_Gall,Leaf_Gall,Correct,0.999968
datasets/test/Healthy_Leaf/Healthy_Leaf00561.jpg,Healthy_Leaf,Healthy_Leaf,Correct,0.999999
datasets/train/Fungal_Leaf_Spot/Fungal_Leaf_Spot00377.jpg,Fungal_Leaf_Spot,Fungal_Leaf_Spot,Correct,1.000000
datasets/test/Leaf_Gall/Leaf_Gall00131.jpg,Leaf_Gall,Leaf_Gall,Correct,0.999988
datasets/test/Leaf_Blight/Leaf_Blight00062.jpg,Leaf_Blight,Leaf_Blight,Correct,0.988859
datasets/train/Bituminous_Leaf/Bituminous_Leaf00030.jpg,Bituminous_Leaf,Bituminous_Leaf,Correct,1.000000
datasets/test/Fungal_Leaf_Spot/Fungal_Leaf_Spot00005.jpg,Fungal_Leaf_Spot,Fungal_Leaf_Spot,Correct,1.000000
datasets/test/Fungal_Leaf_Spot/Fungal_Leaf_Spot00501.jpg,Fungal_Leaf_Spot,Fungal_Leaf_Spot,Correct,1.000000
datasets/test/Healthy_Leaf/Healthy_Leaf00273.jpg,Healthy_Leaf,Healthy_Leaf,Correct,0.999940
datasets/train/Healthy_Leaf/Healthy_Leaf00077.jpg,Healthy_Leaf,Healthy_Leaf,Correct,1.000000
datasets/train/Healthy_Leaf/Healthy_Leaf00591.jpg,Healthy_Leaf,Healthy_Leaf,Correct,1.000000
datasets/test/Bituminous_Leaf/Bituminous_Leaf00060.jpg,Bituminous_Leaf,Bituminous_Leaf,Correct,0.999903
datasets/train/Healthy_Leaf/Healthy_Leaf00082.jpg,Healthy_Leaf,Healthy_Leaf,Correct,1.000000
datasets/train/Leaf_Gall/Leaf_Gall00103.jpg,Leaf_Gall,Leaf_Gall,Correct,0.999991
datasets/train/Dry_Leaf/Dry_Leaf00211.jpg,Dry_Leaf,Dry_Leaf,Correct,0.999996
datasets/train/Leaf_Gall/Leaf_Gall00529.jpg,Leaf_Gall,Leaf_Gall,Correct,1.000000
datasets/test/Leaf_Gall/Leaf_Gall00078.jpg,Leaf_Gall,Leaf_Gall,Correct,1.000000
datasets/train/Leaf_Blight/Leaf_Blight00262.jpg,Leaf_Blight,Leaf_Blight,Correct,0.999965
datasets/test/Leaf_Gall/Leaf_Gall00603.jpg,Leaf_Gall,Leaf_Gall,Correct,1.000000
datasets/test/Deficiency_Leaf/Deficiency_Leaf00120.jpg,Deficiency_Leaf,Deficiency_Leaf,Correct,0.997535
datasets/test/Healthy_Leaf/Healthy_Leaf00002.jpg,Healthy_Leaf,Healthy_Leaf,Correct,1.000000
datasets/test/Leaf_Gall/Leaf_Gall00042.jpg,Leaf_Gall,Leaf_Gall,Correct,0.999994
datasets/test/Leaf_Blight/Leaf_Blight00053.jpg,Leaf_Blight,Leaf_Blight,Correct,0.999998
datasets/test/Leaf_Gall/Leaf_Gall00253.jpg,Leaf_Gall,Leaf_Gall,Correct,0.999999
datasets/train/Curl_Leaf/Curl_Leaf00091.jpg,Curl_Leaf,Curl_Leaf,Correct,1.000000
datasets/test/Fungal_Leaf_Spot/Fungal_Leaf_Spot00425.jpg,Fungal_Leaf_Spot,Fungal_Leaf_Spot,Correct,1.000000
datasets/test/Healthy_Leaf/Healthy_Leaf00335.jpg,Healthy_Leaf,Healthy_Leaf,Correct,1.000000
datasets/train/Fungal_Leaf_Spot/Fungal_Leaf_Spot00574.jpg,Fungal_Leaf_Spot,Fungal_Leaf_Spot,Correct,1.000000
datasets/train/Felt_Leaf/Felt_Leaf00056.jpg,Felt_Leaf,Felt_Leaf,Correct,0.999977
datasets/train/Felt_Leaf/Felt_Leaf00007.jpg,Felt_Leaf,Felt_Leaf,Correct,0.925717
datasets/test/Healthy_Leaf/Healthy_Leaf00004.jpg,Healthy_Leaf,Healthy_Leaf,Correct,1.000000
datasets/test/Dry_Leaf/Dry_Leaf00164.jpg,Dry_Leaf,Dry_Leaf,Correct,1.000000
datasets/train/Curl_Leaf/Curl_Leaf00058.jpg,Curl_Leaf,Curl_Leaf,Correct,0.999964
datasets/train/Felt_Leaf/Felt_Leaf00184.jpg,Felt_Leaf,Felt_Leaf,Correct,0.999493
datasets/test/Leaf_Blight/Leaf_Blight00132.jpg,Leaf_Blight,Leaf_Blight,Correct,0.999991
datasets/test/Fungal_Leaf_Spot/Fungal_Leaf_Spot00096.jpg,Fungal_Leaf_Spot,Fungal_Leaf_Spot,Correct,1.000000
datasets/test/Dry_Leaf/Dry_Leaf00103.jpg,Dry_Leaf,Dry_Leaf,Correct,1.000000
datasets/test/Leaf_Gall/Leaf_Gall00173.jpg,Leaf_Gall,Leaf_Gall,Correct,0.999848
datasets/test/Fungal_Leaf_Spot/Fungal_Leaf_Spot00548.jpg,Fungal_Leaf_Spot,Felt_Leaf,Incorrect,0.525544
datasets/train/Leaf_Blight/Leaf_Blight00031.jpg,Leaf_Blight,Leaf_Blight,Correct,1.000000
datasets/test/Dry_Leaf/Dry_Leaf00285.jpg,Dry_Leaf,Dry_Leaf,Correct,1.000000
datasets/train/Leaf_Blight/Leaf_Blight00077.jpg,Leaf_Blight,Leaf_Blight,Correct,0.999613
datasets/test/Felt_Leaf/Felt_Leaf00284.jpg,Felt_Leaf,Felt_Leaf,Correct,0.999996
datasets/test/Leaf_Blight/Leaf_Blight00274.jpg,Leaf_Blight,Leaf_Blight,Correct,1.000000
datasets/test/Leaf_Blight/Leaf_Blight00312.jpg,Leaf_Blight,Leaf_Blight,Correct,1.000000
datasets/test/Curl_Leaf/Curl_Leaf00048.jpg,Curl_Leaf,Curl_Leaf,Correct,1.000000
datasets/test/Curl_Leaf/Curl_Leaf00166.jpg,Curl_Leaf,Curl_Leaf,Correct,0.999989
datasets/test/Fungal_Leaf_Spot/Fungal_Leaf_Spot00220.jpg,Fungal_Leaf_Spot,Fungal_Leaf_Spot,Correct,1.000000
datasets/test/Bituminous_Leaf/Bituminous_Leaf00100.jpg,Bituminous_Leaf,Bituminous_Leaf,Correct,1.000000
datasets/test/Fungal_Leaf_Spot/Fungal_Leaf_Spot00055.jpg,Fungal_Leaf_Spot,Fungal_Leaf_Spot,Correct,1.000000
datasets/test/Dry_Leaf/Dry_Leaf00150.jpg,Dry_Leaf,Dry_Leaf,Correct,1.000000
datasets/test/Dry_Leaf/Dry_Leaf00226.jpg,Dry_Leaf,Dry_Leaf,Correct,1.000000
datasets/train/Leaf_Blight/Leaf_Blight00287.jpg,Leaf_Blight,Leaf_Blight,Correct,0.999979
datasets/train/Leaf_Gall/Leaf_Gall00527.jpg,Leaf_Gall,Leaf_Gall,Correct,0.999603
datasets/test/Dry_Leaf/Dry_Leaf00028.jpg,Dry_Leaf,Dry_Leaf,Correct,1.000000
datasets/test/Bituminous_Leaf/Bituminous_Leaf00110.jpg,Bituminous_Leaf,Bituminous_Leaf,Correct,0.999934
datasets/test/Felt_Leaf/Felt_Leaf00240.jpg,Felt_Leaf,Felt_Leaf,Correct,0.999961
datasets/test/Leaf_Blight/Leaf_Blight00045.jpg,Leaf_Blight,Leaf_Blight,Correct,0.999908
datasets/train/Deficiency_Leaf/Deficiency_Leaf00042.jpg,Deficiency_Leaf,Deficiency_Leaf,Correct,0.999945
datasets/test/Healthy_Leaf/Healthy_Leaf00443.jpg,Healthy_Leaf,Healthy_Leaf,Correct,1.000000
datasets/train/Fungal_Leaf_Spot/Fungal_Leaf_Spot00295.jpg,Fungal_Leaf_Spot,Fungal_Leaf_Spot,Correct,1.000000
datasets/test/Leaf_Blight/Leaf_Blight00475.jpg,Leaf_Blight,Leaf_Blight,Correct,1.000000
datasets/test/Leaf_Gall/Leaf_Gall00172.jpg,Leaf_Gall,Leaf_Gall,Correct,0.999995
datasets/test/Fungal_Leaf_Spot/Fungal_Leaf_Spot00532.jpg,Fungal_Leaf_Spot,Fungal_Leaf_Spot,Correct,0.999561
datasets/train/Felt_Leaf/Felt_Leaf00201.jpg,Felt_Leaf,Felt_Leaf,Correct,0.999922
datasets/train/Leaf_Blight/Leaf_Blight00348.jpg,Leaf_Blight,Leaf_Blight,Correct,0.999998
datasets/train/Leaf_Gall/Leaf_Gall00156.jpg,Leaf_Gall,Leaf_Gall,Correct,1.000000
datasets/test/Leaf_Blight/Leaf_Blight00327.jpg,Leaf_Blight,Leaf_Blight,Correct,1.000000
datasets/test/Fungal_Leaf_Spot/Fungal_Leaf_Spot00318.jpg,Fungal_Leaf_Spot,Fungal_Leaf_Spot,Correct,0.999993
datasets/test/Felt_Leaf/Felt_Leaf00336.jpg,Felt_Leaf,Felt_Leaf,Correct,0.999342
datasets/test/Leaf_Gall/Leaf_Gall00133.jpg,Leaf_Gall,Leaf_Gall,Correct,1.000000
datasets/train/Fungal_Leaf_Spot/Fungal_Leaf_Spot00094.jpg,Fungal_Leaf_Spot,Fungal_Leaf_Spot,Correct,0.999999
datasets/test/Felt_Leaf/Felt_Leaf00316.jpg,Felt_Leaf,Felt_Leaf,Correct,0.999985
datasets/test/Healthy_Leaf/Healthy_Leaf00116.jpg,Healthy_Leaf,Healthy_Leaf,Correct,1.000000
datasets/test/Leaf_Gall/Leaf_Gall00259.jpg,Leaf_Gall,Leaf_Gall,Correct,0.999997
datasets/test/Curl_Leaf/Curl_Leaf00106.jpg,Curl_Leaf,Curl_Leaf,Correct,0.999456
datasets/test/Fungal_Leaf_Spot/Fungal_Leaf_Spot00102.jpg,Fungal_Leaf_Spot,Fungal_Leaf_Spot,Correct,0.999957
datasets/test/Bituminous_Leaf/Bituminous_Leaf00131.jpg,Bituminous_Leaf,Bituminous_Leaf,Correct,0.999744
datasets/test/Healthy_Leaf/Healthy_Leaf00340.jpg,Healthy_Leaf,Healthy_Leaf,Correct,0.999995
datasets/test/Dry_Leaf/Dry_Leaf00126.jpg,Dry_Leaf,Dry_Leaf,Correct,1.000000
datasets/train/Fungal_Leaf_Spot/Fungal_Leaf_Spot00554.jpg,Fungal_Leaf_Spot,Fungal_Leaf_Spot,Correct,1.000000
datasets/test/Leaf_Gall/Leaf_Gall00450.jpg,Leaf_Gall,Leaf_Gall,Correct,1.000000
datasets/train/Fungal_Leaf_Spot/Fungal_Leaf_Spot00242.jpg,Fungal_Leaf_Spot,Fungal_Leaf_Spot,Correct,1.000000
datasets/train/Deficiency_Leaf/Deficiency_Leaf00008.jpg,Deficiency_Leaf,Deficiency_Leaf,Correct,0.999996
datasets/test/Leaf_Blight/Leaf_Blight00087.jpg,Leaf_Blight,Leaf_Blight,Correct,0.991391
datasets/train/Anthrax_Leaf/Anthrax_Leaf00145.jpg,Anthrax_Leaf,Anthrax_Leaf,Correct,1.000000
datasets/train/Leaf_Gall/Leaf_Gall00349.jpg,Leaf_Gall,Leaf_Gall,Correct,0.999721
datasets/test/Fungal_Leaf_Spot/Fungal_Leaf_Spot00151.jpg,Fungal_Leaf_Spot,Fungal_Leaf_Spot,Correct,1.000000
datasets/test/Fungal_Leaf_Spot/Fungal_Leaf_Spot00422.jpg,Fungal_Leaf_Spot,Fungal_Leaf_Spot,Correct,1.000000
datasets/test/Fungal_Leaf_Spot/Fungal_Leaf_Spot00410.jpg,Fungal_Leaf_Spot,Fungal_Leaf_Spot,Correct,1.000000
datasets/test/Fungal_Leaf_Spot/Fungal_Leaf_Spot00470.jpg,Fungal_Leaf_Spot,Fungal_Leaf_Spot,Correct,1.000000
datasets/test/Felt_Leaf/Felt_Leaf00160.jpg,Felt_Leaf,Felt_Leaf,Correct,0.886859
datasets/test/Dry_Leaf/Dry_Leaf00098.jpg,Dry_Leaf,Dry_Leaf,Correct,0.552750
datasets/train/Fungal_Leaf_Spot/Fungal_Leaf_Spot00368.jpg,Fungal_Leaf_Spot,Fungal_Leaf_Spot,Correct,1.000000
datasets/test/Felt_Leaf/Felt_Leaf00227.jpg,Felt_Leaf,Felt_Leaf,Correct,0.999889
datasets/test/Dry_Leaf/Dry_Leaf00047.jpg,Dry_Leaf,Dry_Leaf,Correct,0.999978
datasets/train/Leaf_Blight/Leaf_Blight00230.jpg,Leaf_Blight,Leaf_Blight,Correct,0.999943
datasets/train/Leaf_Blight/Leaf_Blight00414.jpg,Leaf_Blight,Leaf_Blight,Correct,0.974251
datasets/train/Curl_Leaf/Curl_Leaf00170.jpg,Curl_Leaf,Curl_Leaf,Correct,1.000000
datasets/train/Leaf_Blight/Leaf_Blight00542.jpg,Leaf_Blight,Leaf_Blight,Correct,1.000000
datasets/test/Healthy_Leaf/Healthy_Leaf00531.jpg,Healthy_Leaf,Healthy_Leaf,Correct,0.999989
datasets/test/Fungal_Leaf_Spot/Fungal_Leaf_Spot00200.jpg,Fungal_Leaf_Spot,Fungal_Leaf_Spot,Correct,1.000000
datasets/test/Leaf_Blight/Leaf_Blight00050.jpg,Leaf_Blight,Leaf_Blight,Correct,0.924483
datasets/train/Leaf_Gall/Leaf_Gall00389.jpg,Leaf_Gall,Leaf_Gall,Correct,0.999886
datasets/test/Healthy_Leaf/Healthy_Leaf00524.jpg,Healthy_Leaf,Healthy_Leaf,Correct,1.000000
datasets/train/Leaf_Blight/Leaf_Blight00300.jpg,Leaf_Blight,Leaf_Blight,Correct,0.999998
datasets/train/Healthy_Leaf/Healthy_Leaf00039.jpg,Healthy_Leaf,Healthy_Leaf,Correct,0.999999
datasets/train/Dry_Leaf/Dry_Leaf00092.jpg,Dry_Leaf,Dry_Leaf,Correct,0.999821
datasets/train/Leaf_Gall/Leaf_Gall00537.jpg,Leaf_Gall,Leaf_Gall,Correct,1.000000
datasets/train/Healthy_Leaf/Healthy_Leaf00533.jpg,Healthy_Leaf,Healthy_Leaf,Correct,0.999926
datasets/train/Fungal_Leaf_Spot/Fungal_Leaf_Spot00418.jpg,Fungal_Leaf_Spot,Fungal_Leaf_Spot,Correct,1.000000
datasets/test/Felt_Leaf/Felt_Leaf00134.jpg,Felt_Leaf,Felt_Leaf,Correct,0.992752
datasets/train/Felt_Leaf/Felt_Leaf00075.jpg,Felt_Leaf,Felt_Leaf,Correct,0.999992
datasets/test/Felt_Leaf/Felt_Leaf00176.jpg,Felt_Leaf,Felt_Leaf,Correct,1.000000
datasets/train/Leaf_Gall/Leaf_Gall00570.jpg,Leaf_Gall,Leaf_Gall,Correct,0.999996
datasets/train/Fungal_Leaf_Spot/Fungal_Leaf_Spot00178.jpg,Fungal_Leaf_Spot,Fungal_Leaf_Spot,Correct,0.999996
datasets/train/Leaf_Blight/Leaf_Blight00378.jpg,Leaf_Blight,Leaf_Blight,Correct,1.000000
datasets/test/Deficiency_Leaf/Deficiency_Leaf00033.jpg,Deficiency_Leaf,Deficiency_Leaf,Correct,0.999999
datasets/test/Bituminous_Leaf/Bituminous_Leaf00075.jpg,Bituminous_Leaf,Bituminous_Leaf,Correct,0.999990
datasets/test/Leaf_Gall/Leaf_Gall00612.jpg,Leaf_Gall,Leaf_Gall,Correct,0.966744
datasets/test/Healthy_Leaf/Healthy_Leaf00587.jpg,Healthy_Leaf,Healthy_Leaf,Correct,1.000000
datasets/test/Healthy_Leaf/Healthy_Leaf00384.jpg,Healthy_Leaf,Healthy_Leaf,Correct,0.999929
datasets/train/Fungal_Leaf_Spot/Fungal_Leaf_Spot00572.jpg,Fungal_Leaf_Spot,Fungal_Leaf_Spot,Correct,0.999922
datasets/test/Healthy_Leaf/Healthy_Leaf00226.jpg,Healthy_Leaf,Healthy_Leaf,Correct,1.000000
datasets/test/Curl_Leaf/Curl_Leaf00002.jpg,Curl_Leaf,Curl_Leaf,Correct,0.999927
datasets/train/Leaf_Blight/Leaf_Blight00244.jpg,Leaf_Blight,Leaf_Blight,Correct,0.999936
datasets/train/Fungal_Leaf_Spot/Fungal_Leaf_Spot00538.jpg,Fungal_Leaf_Spot,Fungal_Leaf_Spot,Correct,0.797057
datasets/test/Leaf_Blight/Leaf_Blight00420.jpg,Leaf_Blight,Leaf_Blight,Correct,0.972330
datasets/test/Dry_Leaf/Dry_Leaf00202.jpg,Dry_Leaf,Dry_Leaf,Correct,1.000000
datasets/test/Healthy_Leaf/Healthy_Leaf00616.jpg,Healthy_Leaf,Healthy_Leaf,Correct,0.999996
datasets/test/Bituminous_Leaf/Bituminous_Leaf00123.jpg,Bituminous_Leaf,Bituminous_Leaf,Correct,0.999999
datasets/test/Healthy_Leaf/Healthy_Leaf00151.jpg,Healthy_Leaf,Healthy_Leaf,Correct,1.000000
datasets/train/Leaf_Gall/Leaf_Gall00412.jpg,Leaf_Gall,Leaf_Gall,Correct,0.999993
datasets/train/Leaf_Gall/Leaf_Gall00080.jpg,Leaf_Gall,Leaf_Gall,Correct,1.000000
datasets/train/Healthy_Leaf/Healthy_Leaf00312.jpg,Healthy_Leaf,Healthy_Leaf,Correct,1.000000
datasets/train/Healthy_Leaf/Healthy_Leaf00086.jpg,Healthy_Leaf,Healthy_Leaf,Correct,1.000000
datasets/test/Fungal_Leaf_Spot/Fungal_Leaf_Spot00038.jpg,Fungal_Leaf_Spot,Fungal_Leaf_Spot,Correct,1.000000
datasets/train/Healthy_Leaf/Healthy_Leaf00552.jpg,Healthy_Leaf,Healthy_Leaf,Correct,1.000000
datasets/test/Leaf_Blight/Leaf_Blight00431.jpg,Leaf_Blight,Leaf_Blight,Correct,0.999957
datasets/train/Healthy_Leaf/Healthy_Leaf00426.jpg,Healthy_Leaf,Healthy_Leaf,Correct,0.999991
datasets/test/Felt_Leaf/Felt_Leaf00036.jpg,Felt_Leaf,Felt_Leaf,Correct,0.998922
datasets/test/Healthy_Leaf/Healthy_Leaf00409.jpg,Healthy_Leaf,Healthy_Leaf,Correct,1.000000
datasets/test/Felt_Leaf/Felt_Leaf00150.jpg,Felt_Leaf,Felt_Leaf,Correct,0.999918
datasets/test/Anthrax_Leaf/Anthrax_Leaf00046.jpg,Anthrax_Leaf,Anthrax_Leaf,Correct,0.999997
datasets/test/Leaf_Blight/Leaf_Blight00365.jpg,Leaf_Blight,Leaf_Blight,Correct,1.000000
datasets/test/Fungal_Leaf_Spot/Fungal_Leaf_Spot00316.jpg,Fungal_Leaf_Spot,Fungal_Leaf_Spot,Correct,1.000000
datasets/test/Curl_Leaf/Curl_Leaf00036.jpg,Curl_Leaf,Curl_Leaf,Correct,1.000000
datasets/test/Felt_Leaf/Felt_Leaf00257.jpg,Felt_Leaf,Leaf_Gall,Incorrect,0.890009
datasets/test/Leaf_Blight/Leaf_Blight00424.jpg,Leaf_Blight,Leaf_Blight,Correct,1.000000
datasets/test/Fungal_Leaf_Spot/Fungal_Leaf_Spot00103.jpg,Fungal_Leaf_Spot,Fungal_Leaf_Spot,Correct,0.804769
datasets/test/Felt_Leaf/Felt_Leaf00268.jpg,Felt_Leaf,Felt_Leaf,Correct,0.952608
datasets/test/Felt_Leaf/Felt_Leaf00209.jpg,Felt_Leaf,Fungal_Leaf_Spot,Incorrect,0.587992
datasets/train/Dry_Leaf/Dry_Leaf00073.jpg,Dry_Leaf,Dry_Leaf,Correct,1.000000
datasets/test/Leaf_Blight/Leaf_Blight00212.jpg,Leaf_Blight,Leaf_Blight,Correct,0.978200
datasets/test/Bituminous_Leaf/Bituminous_Leaf00126.jpg,Bituminous_Leaf,Bituminous_Leaf,Correct,0.999974
datasets/test/Curl_Leaf/Curl_Leaf00156.jpg,Curl_Leaf,Curl_Leaf,Correct,1.000000
datasets/test/Dry_Leaf/Dry_Leaf00067.jpg,Dry_Leaf,Dry_Leaf,Correct,1.000000
datasets/train/Healthy_Leaf/Healthy_Leaf00256.jpg,Healthy_Leaf,Healthy_Leaf,Correct,0.999968
datasets/train/Leaf_Blight/Leaf_Blight00197.jpg,Leaf_Blight,Leaf_Blight,Correct,0.999994
datasets/test/Curl_Leaf/Curl_Leaf00005.jpg,Curl_Leaf,Curl_Leaf,Correct,0.999983
datasets/test/Leaf_Gall/Leaf_Gall00613.jpg,Leaf_Gall,Leaf_Gall,Correct,0.999966
datasets/test/Leaf_Gall/Leaf_Gall00055.jpg,Leaf_Gall,Leaf_Gall,Correct,1.000000
datasets/test/Fungal_Leaf_Spot/Fungal_Leaf_Spot00232.jpg,Fungal_Leaf_Spot,Fungal_Leaf_Spot,Correct,1.000000
datasets/test/Fungal_Leaf_Spot/Fungal_Leaf_Spot00054.jpg,Fungal_Leaf_Spot,Fungal_Leaf_Spot,Correct,1.000000
datasets/train/Leaf_Blight/Leaf_Blight00580.jpg,Leaf_Blight,Leaf_Blight,Correct,0.999478
datasets/test/Healthy_Leaf/Healthy_Leaf00360.jpg,Healthy_Leaf,Healthy_Leaf,Correct,0.999984
datasets/train/Felt_Leaf/Felt_Leaf00069.jpg,Felt_Leaf,Felt_Leaf,Correct,1.000000
datasets/test/Dry_Leaf/Dry_Leaf00053.jpg,Dry_Leaf,Dry_Leaf,Correct,1.000000
datasets/test/Leaf_Blight/Leaf_Blight00209.jpg,Leaf_Blight,Leaf_Blight,Correct,0.996618
datasets/train/Leaf_Blight/Leaf_Blight00333.jpg,Leaf_Blight,Leaf_Blight,Correct,0.999999
datasets/test/Leaf_Blight/Leaf_Blight00080.jpg,Leaf_Blight,Leaf_Blight,Correct,0.996428
datasets/train/Leaf_Blight/Leaf_Blight00559.jpg,Leaf_Blight,Leaf_Blight,Correct,1.000000
datasets/train/Fungal_Leaf_Spot/Fungal_Leaf_Spot00225.jpg,Fungal_Leaf_Spot,Fungal_Leaf_Spot,Correct,1.000000
datasets/train/Leaf_Blight/Leaf_Blight00034.jpg,Leaf_Blight,Leaf_Blight,Correct,1.000000
datasets/test/Bituminous_Leaf/Bituminous_Leaf00109.jpg,Bituminous_Leaf,Bituminous_Leaf,Correct,0.999173
datasets/train/Healthy_Leaf/Healthy_Leaf00186.jpg,Healthy_Leaf,Healthy_Leaf,Correct,0.999981
datasets/test/Leaf_Gall/Leaf_Gall00472.jpg,Leaf_Gall,Leaf_Gall,Correct,1.000000
datasets/test/Felt_Leaf/Felt_Leaf00226.jpg,Felt_Leaf,Felt_Leaf,Correct,0.999384
datasets/train/Leaf_Blight/Leaf_Blight00523.jpg,Leaf_Blight,Leaf_Blight,Correct,0.999999
datasets/train/Healthy_Leaf/Healthy_Leaf00618.jpg,Healthy_Leaf,Healthy_Leaf,Correct,1.000000
datasets/train/Leaf_Blight/Leaf_Blight00448.jpg,Leaf_Blight,Leaf_Blight,Correct,1.000000
datasets/test/Leaf_Gall/Leaf_Gall00323.jpg,Leaf_Gall,Leaf_Gall,Correct,1.000000
datasets/train/Anthrax_Leaf/Anthrax_Leaf00080.jpg,Anthrax_Leaf,Anthrax_Leaf,Correct,0.999999
datasets/train/Healthy_Leaf/Healthy_Leaf00528.jpg,Healthy_Leaf,Healthy_Leaf,Correct,0.999958
datasets/test/Healthy_Leaf/Healthy_Leaf00315.jpg,Healthy_Leaf,Healthy_Leaf,Correct,1.000000
datasets/train/Leaf_Blight/Leaf_Blight00412.jpg,Leaf_Blight,Fungal_Leaf_Spot,Incorrect,0.711379
datasets/test/Leaf_Blight/Leaf_Blight00554.jpg,Leaf_Blight,Leaf_Blight,Correct,1.000000
datasets/train/Fungal_Leaf_Spot/Fungal_Leaf_Spot00483.jpg,Fungal_Leaf_Spot,Fungal_Leaf_Spot,Correct,1.000000
datasets/train/Curl_Leaf/Curl_Leaf00102.jpg,Curl_Leaf,Curl_Leaf,Correct,0.999999
datasets/train/Fungal_Leaf_Spot/Fungal_Leaf_Spot00026.jpg,Fungal_Leaf_Spot,Fungal_Leaf_Spot,Correct,1.000000
datasets/test/Felt_Leaf/Felt_Leaf00338.jpg,Felt_Leaf,Felt_Leaf,Correct,0.999931
datasets/train/Dry_Leaf/Dry_Leaf00223.jpg,Dry_Leaf,Dry_Leaf,Correct,0.999999
datasets/test/Healthy_Leaf/Healthy_Leaf00288.jpg,Healthy_Leaf,Healthy_Leaf,Correct,0.999998
datasets/train/Healthy_Leaf/Healthy_Leaf00100.jpg,Healthy_Leaf,Healthy_Leaf,Correct,1.000000
datasets/test/Curl_Leaf/Curl_Leaf00157.jpg,Curl_Leaf,Curl_Leaf,Correct,1.000000
datasets/test/Healthy_Leaf/Healthy_Leaf00518.jpg,Healthy_Leaf,Healthy_Leaf,Correct,0.982152
datasets/train/Fungal_Leaf_Spot/Fungal_Leaf_Spot00350.jpg,Fungal_Leaf_Spot,Fungal_Leaf_Spot,Correct,0.999976
datasets/train/Fungal_Leaf_Spot/Fungal_Leaf_Spot00405.jpg,Fungal_Leaf_Spot,Fungal_Leaf_Spot,Correct,1.000000
datasets/test/Dry_Leaf/Dry_Leaf00364.jpg,Dry_Leaf,Dry_Leaf,Correct,0.997027
datasets/test/Anthrax_Leaf/Anthrax_Leaf00062.jpg,Anthrax_Leaf,Anthrax_Leaf,Correct,1.000000
datasets/train/Healthy_Leaf/Healthy_Leaf00459.jpg,Healthy_Leaf,Healthy_Leaf,Correct,1.000000
datasets/train/Curl_Leaf/Curl_Leaf00087.jpg,Curl_Leaf,Curl_Leaf,Correct,1.000000
datasets/test/Fungal_Leaf_Spot/Fungal_Leaf_Spot00521.jpg,Fungal_Leaf_Spot,Fungal_Leaf_Spot,Correct,0.996458
datasets/train/Dry_Leaf/Dry_Leaf00178.jpg,Dry_Leaf,Dry_Leaf,Correct,0.999819
datasets/test/Leaf_Gall/Leaf_Gall00590.jpg,Leaf_Gall,Leaf_Gall,Correct,1.000000
datasets/test/Healthy_Leaf/Healthy_Leaf00567.jpg,Healthy_Leaf,Healthy_Leaf,Correct,0.999996
datasets/test/Healthy_Leaf/Healthy_Leaf00113.jpg,Healthy_Leaf,Healthy_Leaf,Correct,1.000000
datasets/test/Felt_Leaf/Felt_Leaf00299.jpg,Felt_Leaf,Felt_Leaf,Correct,0.994880
datasets/test/Felt_Leaf/Felt_Leaf00107.jpg,Felt_Leaf,Felt_Leaf,Correct,0.999783
datasets/train/Leaf_Gall/Leaf_Gall00453.jpg,Leaf_Gall,Leaf_Gall,Correct,1.000000
datasets/test/Felt_Leaf/Felt_Leaf00026.jpg,Felt_Leaf,Felt_Leaf,Correct,0.998378
datasets/train/Anthrax_Leaf/Anthrax_Leaf00113.jpg,Anthrax_Leaf,Anthrax_Leaf,Correct,0.999775
datasets/test/Leaf_Gall/Leaf_Gall00182.jpg,Leaf_Gall,Leaf_Gall,Correct,0.999861
datasets/test/Leaf_Blight/Leaf_Blight00520.jpg,Leaf_Blight,Leaf_Blight,Correct,1.000000
datasets/test/Felt_Leaf/Felt_Leaf00327.jpg,Felt_Leaf,Felt_Leaf,Correct,0.999953
datasets/train/Fungal_Leaf_Spot/Fungal_Leaf_Spot00035.jpg,Fungal_Leaf_Spot,Fungal_Leaf_Spot,Correct,1.000000
datasets/test/Fungal_Leaf_Spot/Fungal_Leaf_Spot00083.jpg,Fungal_Leaf_Spot,Fungal_Leaf_Spot,Correct,1.000000
datasets/train/Healthy_Leaf/Healthy_Leaf00032.jpg,Healthy_Leaf,Healthy_Leaf,Correct,0.999999
datasets/test/Deficiency_Leaf/Deficiency_Leaf00067.jpg,Deficiency_Leaf,Anthrax_Leaf,Incorrect,0.555290
datasets/train/Healthy_Leaf/Healthy_Leaf00457.jpg,Healthy_Leaf,Healthy_Leaf,Correct,1.000000
datasets/test/Felt_Leaf/Felt_Leaf00344.jpg,Felt_Leaf,Felt_Leaf,Correct,0.999997
datasets/test/Curl_Leaf/Curl_Leaf00042.jpg,Curl_Leaf,Curl_Leaf,Correct,0.999995
datasets/train/Curl_Leaf/Curl_Leaf00052.jpg,Curl_Leaf,Curl_Leaf,Correct,1.000000
datasets/test/Leaf_Blight/Leaf_Blight00122.jpg,Leaf_Blight,Leaf_Blight,Correct,1.000000
datasets/test/Healthy_Leaf/Healthy_Leaf00053.jpg,Healthy_Leaf,Healthy_Leaf,Correct,1.000000
datasets/train/Fungal_Leaf_Spot/Fungal_Leaf_Spot00488.jpg,Fungal_Leaf_Spot,Fungal_Leaf_Spot,Correct,0.999999
datasets/test/Leaf_Blight/Leaf_Blight00073.jpg,Leaf_Blight,Leaf_Blight,Correct,0.999743
datasets/test/Dry_Leaf/Dry_Leaf00040.jpg,Dry_Leaf,Dry_Leaf,Correct,1.000000
datasets/train/Felt_Leaf/Felt_Leaf00085.jpg,Felt_Leaf,Felt_Leaf,Correct,0.999988
datasets/train/Dry_Leaf/Dry_Leaf00279.jpg,Dry_Leaf,Dry_Leaf,Correct,1.000000
datasets/train/Healthy_Leaf/Healthy_Leaf00212.jpg,Healthy_Leaf,Healthy_Leaf,Correct,0.999999
datasets/test/Healthy_Leaf/Healthy_Leaf00620.jpg,Healthy_Leaf,Healthy_Leaf,Correct,1.000000
datasets/train/Felt_Leaf/Felt_Leaf00234.jpg,Felt_Leaf,Felt_Leaf,Correct,0.984904
datasets/test/Healthy_Leaf/Healthy_Leaf00024.jpg,Healthy_Leaf,Healthy_Leaf,Correct,1.000000
datasets/test/Leaf_Blight/Leaf_Blight00217.jpg,Leaf_Blight,Leaf_Blight,Correct,1.000000
datasets/train/Felt_Leaf/Felt_Leaf00127.jpg,Felt_Leaf,Felt_Leaf,Correct,1.000000
datasets/train/Fungal_Leaf_Spot/Fungal_Leaf_Spot00365.jpg,Fungal_Leaf_Spot,Fungal_Leaf_Spot,Correct,1.000000
datasets/train/Felt_Leaf/Felt_Leaf00112.jpg,Felt_Leaf,Felt_Leaf,Correct,1.000000
datasets/train/Healthy_Leaf/Healthy_Leaf00013.jpg,Healthy_Leaf,Healthy_Leaf,Correct,0.999953
datasets/test/Leaf_Gall/Leaf_Gall00517.jpg,Leaf_Gall,Leaf_Gall,Correct,0.966757
datasets/train/Felt_Leaf/Felt_Leaf00263.jpg,Felt_Leaf,Fungal_Leaf_Spot,Incorrect,0.655400
datasets/test/Dry_Leaf/Dry_Leaf00156.jpg,Dry_Leaf,Dry_Leaf,Correct,1.000000
datasets/train/Fungal_Leaf_Spot/Fungal_Leaf_Spot00338.jpg,Fungal_Leaf_Spot,Fungal_Leaf_Spot,Correct,1.000000
datasets/test/Fungal_Leaf_Spot/Fungal_Leaf_Spot00037.jpg,Fungal_Leaf_Spot,Fungal_Leaf_Spot,Correct,1.000000
datasets/test/Leaf_Blight/Leaf_Blight00131.jpg,Leaf_Blight,Leaf_Blight,Correct,0.999854
datasets/test/Fungal_Leaf_Spot/Fungal_Leaf_Spot00197.jpg,Fungal_Leaf_Spot,Fungal_Leaf_Spot,Correct,1.000000
datasets/test/Fungal_Leaf_Spot/Fungal_Leaf_Spot00516.jpg,Fungal_Leaf_Spot,Fungal_Leaf_Spot,Correct,1.000000
datasets/test/Leaf_Blight/Leaf_Blight00567.jpg,Leaf_Blight,Leaf_Blight,Correct,1.000000
datasets/test/Leaf_Gall/Leaf_Gall00346.jpg,Leaf_Gall,Leaf_Gall,Correct,0.999583
datasets/train/Curl_Leaf/Curl_Leaf00130.jpg,Curl_Leaf,Curl_Leaf,Correct,1.000000
datasets/train/Fungal_Leaf_Spot/Fungal_Leaf_Spot00061.jpg,Fungal_Leaf_Spot,Fungal_Leaf_Spot,Correct,1.000000
datasets/train/Leaf_Gall/Leaf_Gall00312.jpg,Leaf_Gall,Leaf_Gall,Correct,1.000000
datasets/train/Healthy_Leaf/Healthy_Leaf00295.jpg,Healthy_Leaf,Healthy_Leaf,Correct,1.000000
datasets/train/Dry_Leaf/Dry_Leaf00020.jpg,Dry_Leaf,Dry_Leaf,Correct,1.000000
datasets/test/Leaf_Gall/Leaf_Gall00132.jpg,Leaf_Gall,Leaf_Gall,Correct,0.999988
datasets/test/Anthrax_Leaf/Anthrax_Leaf00073.jpg,Anthrax_Leaf,Anthrax_Leaf,Correct,1.000000
datasets/train/Anthrax_Leaf/Anthrax_Leaf00029.jpg,Anthrax_Leaf,Anthrax_Leaf,Correct,0.999767
datasets/test/Fungal_Leaf_Spot/Fungal_Leaf_Spot00324.jpg,Fungal_Leaf_Spot,Fungal_Leaf_Spot,Correct,1.000000
datasets/train/Healthy_Leaf/Healthy_Leaf00574.jpg,Healthy_Leaf,Healthy_Leaf,Correct,1.000000
datasets/test/Healthy_Leaf/Healthy_Leaf00435.jpg,Healthy_Leaf,Healthy_Leaf,Correct,0.999990
datasets/test/Fungal_Leaf_Spot/Fungal_Leaf_Spot00506.jpg,Fungal_Leaf_Spot,Fungal_Leaf_Spot,Correct,0.999987
datasets/test/Felt_Leaf/Felt_Leaf00166.jpg,Felt_Leaf,Felt_Leaf,Correct,0.618478
datasets/train/Leaf_Gall/Leaf_Gall00512.jpg,Leaf_Gall,Leaf_Gall,Correct,0.999894
datasets/test/Healthy_Leaf/Healthy_Leaf00509.jpg,Healthy_Leaf,Healthy_Leaf,Correct,0.999965
datasets/train/Bituminous_Leaf/Bituminous_Leaf00002.jpg,Bituminous_Leaf,Bituminous_Leaf,Correct,0.982318
datasets/train/Healthy_Leaf/Healthy_Leaf00543.jpg,Healthy_Leaf,Healthy_Leaf,Correct,0.999944
datasets/test/Healthy_Leaf/Healthy_Leaf00517.jpg,Healthy_Leaf,Healthy_Leaf,Correct,0.922636
datasets/train/Leaf_Gall/Leaf_Gall00370.jpg,Leaf_Gall,Leaf_Gall,Correct,0.999999
datasets/test/Curl_Leaf/Curl_Leaf00084.jpg,Curl_Leaf,Curl_Leaf,Correct,1.000000
datasets/test/Healthy_Leaf/Healthy_Leaf00474.jpg,Healthy_Leaf,Healthy_Leaf,Correct,0.999962
datasets/train/Felt_Leaf/Felt_Leaf00220.jpg,Felt_Leaf,Felt_Leaf,Correct,1.000000
datasets/test/Bituminous_Leaf/Bituminous_Leaf00087.jpg,Bituminous_Leaf,Bituminous_Leaf,Correct,0.999535
datasets/train/Felt_Leaf/Felt_Leaf00283.jpg,Felt_Leaf,Felt_Leaf,Correct,0.999803
datasets/test/Healthy_Leaf/Healthy_Leaf00341.jpg,Healthy_Leaf,Healthy_Leaf,Correct,1.000000
datasets/train/Dry_Leaf/Dry_Leaf00011.jpg,Dry_Leaf,Dry_Leaf,Correct,1.000000
datasets/test/Bituminous_Leaf/Bituminous_Leaf00020.jpg,Bituminous_Leaf,Bituminous_Leaf,Correct,0.999155
datasets/test/Leaf_Gall/Leaf_Gall00291.jpg,Leaf_Gall,Leaf_Gall,Correct,1.000000
datasets/test/Fungal_Leaf_Spot/Fungal_Leaf_Spot00421.jpg,Fungal_Leaf_Spot,Fungal_Leaf_Spot,Correct,1.000000
datasets/test/Leaf_Gall/Leaf_Gall00465.jpg,Leaf_Gall,Leaf_Gall,Correct,0.849623
datasets/test/Bituminous_Leaf/Bituminous_Leaf00047.jpg,Bituminous_Leaf,Bituminous_Leaf,Correct,0.999995
datasets/test/Healthy_Leaf/Healthy_Leaf00171.jpg,Healthy_Leaf,Healthy_Leaf,Correct,1.000000
datasets/test/Dry_Leaf/Dry_Leaf00218.jpg,Dry_Leaf,Dry_Leaf,Correct,0.999753
datasets/test/Dry_Leaf/Dry_Leaf00084.jpg,Dry_Leaf,Dry_Leaf,Correct,1.000000
datasets/train/Anthrax_Leaf/Anthrax_Leaf00096.jpg,Anthrax_Leaf,Anthrax_Leaf,Correct,0.999987
datasets/test/Bituminous_Leaf/Bituminous_Leaf00074.jpg,Bituminous_Leaf,Bituminous_Leaf,Correct,0.999769
datasets/test/Curl_Leaf/Curl_Leaf00167.jpg,Curl_Leaf,Curl_Leaf,Correct,0.999999
datasets/train/Healthy_Leaf/Healthy_Leaf00489.jpg,Healthy_Leaf,Healthy_Leaf,Correct,0.999029
datasets/train/Leaf_Gall/Leaf_Gall00145.jpg,Leaf_Gall,Leaf_Gall,Correct,1.000000
datasets/train/Leaf_Gall/Leaf_Gall00460.jpg,Leaf_Gall,Leaf_Gall,Correct,0.999953
datasets/train/Fungal_Leaf_Spot/Fungal_Leaf_Spot00189.jpg,Fungal_Leaf_Spot,Fungal_Leaf_Spot,Correct,1.000000
datasets/test/Healthy_Leaf/Healthy_Leaf00204.jpg,Healthy_Leaf,Healthy_Leaf,Correct,0.999991
datasets/train/Leaf_Gall/Leaf_Gall00319.jpg,Leaf_Gall,Leaf_Gall,Correct,1.000000
datasets/train/Bituminous_Leaf/Bituminous_Leaf00062.jpg,Bituminous_Leaf,Bituminous_Leaf,Correct,0.999947
datasets/test/Bituminous_Leaf/Bituminous_Leaf00032.jpg,Bituminous_Leaf,Bituminous_Leaf,Correct,1.000000
datasets/test/Felt_Leaf/Felt_Leaf00354.jpg,Felt_Leaf,Felt_Leaf,Correct,0.666365
datasets/test/Leaf_Blight/Leaf_Blight00508.jpg,Leaf_Blight,Leaf_Blight,Correct,0.999973
datasets/train/Leaf_Blight/Leaf_Blight00168.jpg,Leaf_Blight,Leaf_Blight,Correct,0.999997
datasets/test/Bituminous_Leaf/Bituminous_Leaf00001.jpg,Bituminous_Leaf,Bituminous_Leaf,Correct,0.936349
datasets/train/Fungal_Leaf_Spot/Fungal_Leaf_Spot00248.jpg,Fungal_Leaf_Spot,Fungal_Leaf_Spot,Correct,0.999538
datasets/test/Leaf_Gall/Leaf_Gall00246.jpg,Leaf_Gall,Leaf_Gall,Correct,1.000000
datasets/test/Leaf_Blight/Leaf_Blight00094.jpg,Leaf_Blight,Leaf_Blight,Correct,0.999416
datasets/test/Healthy_Leaf/Healthy_Leaf00540.jpg,Healthy_Leaf,Healthy_Leaf,Correct,0.999999
datasets/train/Leaf_Gall/Leaf_Gall00585.jpg,Leaf_Gall,Leaf_Gall,Correct,0.946463
datasets/train/Fungal_Leaf_Spot/Fungal_Leaf_Spot00018.jpg,Fungal_Leaf_Spot,Fungal_Leaf_Spot,Correct,0.999999
datasets/train/Fungal_Leaf_Spot/Fungal_Leaf_Spot00543.jpg,Fungal_Leaf_Spot,Fungal_Leaf_Spot,Correct,1.000000
datasets/train/Healthy_Leaf/Healthy_Leaf00074.jpg,Healthy_Leaf,Healthy_Leaf,Correct,1.000000
datasets/test/Dry_Leaf/Dry_Leaf00245.jpg,Dry_Leaf,Dry_Leaf,Correct,1.000000
datasets/test/Dry_Leaf/Dry_Leaf00239.jpg,Dry_Leaf,Dry_Leaf,Correct,1.000000
datasets/test/Healthy_Leaf/Healthy_Leaf00093.jpg,Healthy_Leaf,Healthy_Leaf,Correct,1.000000
datasets/train/Leaf_Gall/Leaf_Gall00093.jpg,Leaf_Gall,Leaf_Gall,Correct,1.000000
datasets/test/Healthy_Leaf/Healthy_Leaf00569.jpg,Healthy_Leaf,Healthy_Leaf,Correct,1.000000
datasets/test/Felt_Leaf/Felt_Leaf00022.jpg,Felt_Leaf,Felt_Leaf,Correct,0.999982
datasets/test/Fungal_Leaf_Spot/Fungal_Leaf_Spot00020.jpg,Fungal_Leaf_Spot,Fungal_Leaf_Spot,Correct,0.999999
datasets/test/Anthrax_Leaf/Anthrax_Leaf00048.jpg,Anthrax_Leaf,Anthrax_Leaf,Correct,0.999984
datasets/train/Felt_Leaf/Felt_Leaf00177.jpg,Felt_Leaf,Felt_Leaf,Correct,0.999999
datasets/train/Leaf_Blight/Leaf_Blight00185.jpg,Leaf_Blight,Leaf_Blight,Correct,0.999942
datasets/train/Felt_Leaf/Felt_Leaf00035.jpg,Felt_Leaf,Felt_Leaf,Correct,0.996894
datasets/train/Leaf_Blight/Leaf_Blight00504.jpg,Leaf_Blight,Leaf_Blight,Correct,1.000000
datasets/test/Curl_Leaf/Curl_Leaf00148.jpg,Curl_Leaf,Curl_Leaf,Correct,0.999998
datasets/test/Healthy_Leaf/Healthy_Leaf00001.jpg,Healthy_Leaf,Healthy_Leaf,Correct,1.000000
datasets/train/Dry_Leaf/Dry_Leaf00115.jpg,Dry_Leaf,Dry_Leaf,Correct,0.999954
datasets/test/Leaf_Gall/Leaf_Gall00059.jpg,Leaf_Gall,Leaf_Gall,Correct,1.000000
datasets/test/Fungal_Leaf_Spot/Fungal_Leaf_Spot00183.jpg,Fungal_Leaf_Spot,Fungal_Leaf_Spot,Correct,0.999997
datasets/test/Anthrax_Leaf/Anthrax_Leaf00045.jpg,Anthrax_Leaf,Anthrax_Leaf,Correct,0.999998
datasets/test/Deficiency_Leaf/Deficiency_Leaf00088.jpg,Deficiency_Leaf,Deficiency_Leaf,Correct,0.993161
datasets/test/Dry_Leaf/Dry_Leaf00341.jpg,Dry_Leaf,Dry_Leaf,Correct,0.999999
datasets/test/Fungal_Leaf_Spot/Fungal_Leaf_Spot00159.jpg,Fungal_Leaf_Spot,Fungal_Leaf_Spot,Correct,1.000000
datasets/test/Felt_Leaf/Felt_Leaf00379.jpg,Felt_Leaf,Felt_Leaf,Correct,0.999649
datasets/train/Deficiency_Leaf/Deficiency_Leaf00035.jpg,Deficiency_Leaf,Deficiency_Leaf,Correct,0.992737
datasets/train/Felt_Leaf/Felt_Leaf00285.jpg,Felt_Leaf,Felt_Leaf,Correct,0.999975
datasets/train/Leaf_Blight/Leaf_Blight00243.jpg,Leaf_Blight,Leaf_Blight,Correct,0.999996
datasets/train/Fungal_Leaf_Spot/Fungal_Leaf_Spot00434.jpg,Fungal_Leaf_Spot,Fungal_Leaf_Spot,Correct,1.000000
datasets/test/Fungal_Leaf_Spot/Fungal_Leaf_Spot00123.jpg,Fungal_Leaf_Spot,Fungal_Leaf_Spot,Correct,0.999999
datasets/test/Leaf_Gall/Leaf_Gall00521.jpg,Leaf_Gall,Leaf_Gall,Correct,0.999289
datasets/test/Fungal_Leaf_Spot/Fungal_Leaf_Spot00244.jpg,Fungal_Leaf_Spot,Fungal_Leaf_Spot,Correct,0.999894
datasets/train/Healthy_Leaf/Healthy_Leaf00462.jpg,Healthy_Leaf,Healthy_Leaf,Correct,1.000000
datasets/train/Healthy_Leaf/Healthy_Leaf00099.jpg,Healthy_Leaf,Healthy_Leaf,Correct,1.000000
datasets/test/Leaf_Blight/Leaf_Blight00555.jpg,Leaf_Blight,Leaf_Blight,Correct,1.000000
datasets/test/Felt_Leaf/Felt_Leaf00290.jpg,Felt_Leaf,Felt_Leaf,Correct,1.000000
datasets/test/Healthy_Leaf/Healthy_Leaf00400.jpg,Healthy_Leaf,Healthy_Leaf,Correct,0.998645
datasets/test/Fungal_Leaf_Spot/Fungal_Leaf_Spot00479.jpg,Fungal_Leaf_Spot,Fungal_Leaf_Spot,Correct,0.999999
datasets/test/Dry_Leaf/Dry_Leaf00288.jpg,Dry_Leaf,Dry_Leaf,Correct,1.000000
datasets/test/Healthy_Leaf/Healthy_Leaf00535.jpg,Healthy_Leaf,Healthy_Leaf,Correct,0.999684
datasets/train/Fungal_Leaf_Spot/Fungal_Leaf_Spot00147.jpg,Fungal_Leaf_Spot,Fungal_Leaf_Spot,Correct,1.000000
datasets/test/Leaf_Blight/Leaf_Blight00462.jpg,Leaf_Blight,Leaf_Blight,Correct,0.999681
datasets/test/Leaf_Gall/Leaf_Gall00365.jpg,Leaf_Gall,Leaf_Gall,Correct,0.999960
datasets/test/Healthy_Leaf/Healthy_Leaf00320.jpg,Healthy_Leaf,Healthy_Leaf,Correct,1.000000
datasets/test/Anthrax_Leaf/Anthrax_Leaf00007.jpg,Anthrax_Leaf,Anthrax_Leaf,Correct,0.999277
datasets/test/Healthy_Leaf/Healthy_Leaf00057.jpg,Healthy_Leaf,Healthy_Leaf,Correct,1.000000
datasets/train/Dry_Leaf/Dry_Leaf00365.jpg,Dry_Leaf,Dry_Leaf,Correct,1.000000
datasets/test/Dry_Leaf/Dry_Leaf00306.jpg,Dry_Leaf,Dry_Leaf,Correct,1.000000
datasets/test/Anthrax_Leaf/Anthrax_Leaf00027.jpg,Anthrax_Leaf,Anthrax_Leaf,Correct,0.994947
datasets/test/Healthy_Leaf/Healthy_Leaf00364.jpg,Healthy_Leaf,Healthy_Leaf,Correct,0.994602
datasets/test/Fungal_Leaf_Spot/Fungal_Leaf_Spot00241.jpg,Fungal_Leaf_Spot,Fungal_Leaf_Spot,Correct,0.999997
datasets/test/Fungal_Leaf_Spot/Fungal_Leaf_Spot00427.jpg,Fungal_Leaf_Spot,Fungal_Leaf_Spot,Correct,0.999999
datasets/train/Leaf_Blight/Leaf_Blight00252.jpg,Leaf_Blight,Leaf_Blight,Correct,0.999999
datasets/train/Leaf_Blight/Leaf_Blight00072.jpg,Leaf_Blight,Leaf_Blight,Correct,0.998345
datasets/train/Dry_Leaf/Dry_Leaf00313.jpg,Dry_Leaf,Dry_Leaf,Correct,1.000000
datasets/train/Healthy_Leaf/Healthy_Leaf00139.jpg,Healthy_Leaf,Healthy_Leaf,Correct,1.000000
datasets/train/Fungal_Leaf_Spot/Fungal_Leaf_Spot00514.jpg,Fungal_Leaf_Spot,Fungal_Leaf_Spot,Correct,0.948106
datasets/test/Curl_Leaf/Curl_Leaf00113.jpg,Curl_Leaf,Curl_Leaf,Correct,1.000000
datasets/test/Leaf_Gall/Leaf_Gall00041.jpg,Leaf_Gall,Fungal_Leaf_Spot,Incorrect,0.845847
datasets/train/Fungal_Leaf_Spot/Fungal_Leaf_Spot00257.jpg,Fungal_Leaf_Spot,Fungal_Leaf_Spot,Correct,1.000000
datasets/test/Fungal_Leaf_Spot/Fungal_Leaf_Spot00523.jpg,Fungal_Leaf_Spot,Fungal_Leaf_Spot,Correct,0.999983
datasets/test/Fungal_Leaf_Spot/Fungal_Leaf_Spot00223.jpg,Fungal_Leaf_Spot,Fungal_Leaf_Spot,Correct,1.000000
datasets/test/Curl_Leaf/Curl_Leaf00139.jpg,Curl_Leaf,Curl_Leaf,Correct,1.000000
datasets/train/Dry_Leaf/Dry_Leaf00137.jpg,Dry_Leaf,Dry_Leaf,Correct,1.000000
datasets/test/Healthy_Leaf/Healthy_Leaf00393.jpg,Healthy_Leaf,Healthy_Leaf,Correct,0.999982
datasets/test/Bituminous_Leaf/Bituminous_Leaf00088.jpg,Bituminous_Leaf,Bituminous_Leaf,Correct,0.935641
datasets/test/Dry_Leaf/Dry_Leaf00361.jpg,Dry_Leaf,Dry_Leaf,Correct,0.999968
datasets/train/Fungal_Leaf_Spot/Fungal_Leaf_Spot00414.jpg,Fungal_Leaf_Spot,Fungal_Leaf_Spot,Correct,1.000000
datasets/test/Healthy_Leaf/Healthy_Leaf00177.jpg,Healthy_Leaf,Healthy_Leaf,Correct,0.999993
datasets/test/Leaf_Blight/Leaf_Blight00151.jpg,Leaf_Blight,Leaf_Blight,Correct,1.000000
datasets/test/Healthy_Leaf/Healthy_Leaf00485.jpg,Healthy_Leaf,Healthy_Leaf,Correct,0.999765
datasets/test/Leaf_Gall/Leaf_Gall00293.jpg,Leaf_Gall,Leaf_Gall,Correct,1.000000
datasets/test/Healthy_Leaf/Healthy_Leaf00440.jpg,Healthy_Leaf,Healthy_Leaf,Correct,0.999994
datasets/train/Dry_Leaf/Dry_Leaf00017.jpg,Dry_Leaf,Dry_Leaf,Correct,1.000000
datasets/test/Fungal_Leaf_Spot/Fungal_Leaf_Spot00045.jpg,Fungal_Leaf_Spot,Fungal_Leaf_Spot,Correct,1.000000
datasets/train/Anthrax_Leaf/Anthrax_Leaf00116.jpg,Anthrax_Leaf,Anthrax_Leaf,Correct,1.000000
datasets/test/Leaf_Gall/Leaf_Gall00609.jpg,Leaf_Gall,Leaf_Gall,Correct,1.000000
datasets/test/Dry_Leaf/Dry_Leaf00332.jpg,Dry_Leaf,Dry_Leaf,Correct,1.000000
datasets/train/Leaf_Blight/Leaf_Blight00492.jpg,Leaf_Blight,Leaf_Blight,Correct,1.000000
datasets/test/Leaf_Blight/Leaf_Blight00082.jpg,Leaf_Blight,Leaf_Blight,Correct,0.999565
datasets/test/Anthrax_Leaf/Anthrax_Leaf00011.jpg,Anthrax_Leaf,Dry_Leaf,Incorrect,0.963126
datasets/test/Curl_Leaf/Curl_Leaf00142.jpg,Curl_Leaf,Curl_Leaf,Correct,0.945751
datasets/test/Fungal_Leaf_Spot/Fungal_Leaf_Spot00268.jpg,Fungal_Leaf_Spot,Fungal_Leaf_Spot,Correct,1.000000
datasets/test/Leaf_Blight/Leaf_Blight00495.jpg,Leaf_Blight,Leaf_Blight,Correct,1.000000
datasets/test/Healthy_Leaf/Healthy_Leaf00188.jpg,Healthy_Leaf,Healthy_Leaf,Correct,1.000000
datasets/test/Leaf_Gall/Leaf_Gall00562.jpg,Leaf_Gall,Leaf_Gall,Correct,1.000000
datasets/test/Healthy_Leaf/Healthy_Leaf00622.jpg,Healthy_Leaf,Healthy_Leaf,Correct,0.999999
datasets/test/Curl_Leaf/Curl_Leaf00136.jpg,Curl_Leaf,Curl_Leaf,Correct,0.999998
datasets/test/Healthy_Leaf/Healthy_Leaf00021.jpg,Healthy_Leaf,Healthy_Leaf,Correct,1.000000
datasets/train/Leaf_Blight/Leaf_Blight00219.jpg,Leaf_Blight,Leaf_Blight,Correct,0.999997
datasets/test/Dry_Leaf/Dry_Leaf00167.jpg,Dry_Leaf,Dry_Leaf,Correct,1.000000
datasets/train/Healthy_Leaf/Healthy_Leaf00494.jpg,Healthy_Leaf,Healthy_Leaf,Correct,0.999901
datasets/test/Leaf_Gall/Leaf_Gall00123.jpg,Leaf_Gall,Leaf_Gall,Correct,0.999998
datasets/train/Leaf_Gall/Leaf_Gall00262.jpg,Leaf_Gall,Leaf_Gall,Correct,1.000000
datasets/train/Felt_Leaf/Felt_Leaf00254.jpg,Felt_Leaf,Felt_Leaf,Correct,0.999904
datasets/train/Fungal_Leaf_Spot/Fungal_Leaf_Spot00057.jpg,Fungal_Leaf_Spot,Fungal_Leaf_Spot,Correct,1.000000
datasets/test/Fungal_Leaf_Spot/Fungal_Leaf_Spot00051.jpg,Fungal_Leaf_Spot,Fungal_Leaf_Spot,Correct,1.000000
datasets/test/Bituminous_Leaf/Bituminous_Leaf00128.jpg,Bituminous_Leaf,Bituminous_Leaf,Correct,0.999995
datasets/test/Leaf_Gall/Leaf_Gall00267.jpg,Leaf_Gall,Leaf_Gall,Correct,0.999999
datasets/test/Leaf_Blight/Leaf_Blight00269.jpg,Leaf_Blight,Leaf_Blight,Correct,1.000000
datasets/train/Leaf_Gall/Leaf_Gall00066.jpg,Leaf_Gall,Leaf_Gall,Correct,1.000000
datasets/test/Curl_Leaf/Curl_Leaf00168.jpg,Curl_Leaf,Curl_Leaf,Correct,1.000000
datasets/test/Bituminous_Leaf/Bituminous_Leaf00063.jpg,Bituminous_Leaf,Bituminous_Leaf,Correct,0.999998
datasets/test/Healthy_Leaf/Healthy_Leaf00120.jpg,Healthy_Leaf,Healthy_Leaf,Correct,1.000000
datasets/test/Leaf_Blight/Leaf_Blight00064.jpg,Leaf_Blight,Leaf_Blight,Correct,0.999991
datasets/test/Deficiency_Leaf/Deficiency_Leaf00076.jpg,Deficiency_Leaf,Deficiency_Leaf,Correct,0.989980
datasets/train/Leaf_Gall/Leaf_Gall00315.jpg,Leaf_Gall,Leaf_Gall,Correct,1.000000
datasets/train/Anthrax_Leaf/Anthrax_Leaf00146.jpg,Anthrax_Leaf,Anthrax_Leaf,Correct,1.000000
datasets/test/Deficiency_Leaf/Deficiency_Leaf00117.jpg,Deficiency_Leaf,Deficiency_Leaf,Correct,0.978603
datasets/train/Healthy_Leaf/Healthy_Leaf00280.jpg,Healthy_Leaf,Healthy_Leaf,Correct,0.999989
datasets/test/Healthy_Leaf/Healthy_Leaf00294.jpg,Healthy_Leaf,Healthy_Leaf,Correct,1.000000
datasets/train/Dry_Leaf/Dry_Leaf00015.jpg,Dry_Leaf,Dry_Leaf,Correct,1.000000
datasets/test/Leaf_Blight/Leaf_Blight00276.jpg,Leaf_Blight,Leaf_Blight,Correct,0.999977
datasets/test/Leaf_Gall/Leaf_Gall00091.jpg,Leaf_Gall,Leaf_Gall,Correct,1.000000
datasets/test/Leaf_Gall/Leaf_Gall00558.jpg,Leaf_Gall,Leaf_Gall,Correct,1.000000
datasets/test/Anthrax_Leaf/Anthrax_Leaf00054.jpg,Anthrax_Leaf,Anthrax_Leaf,Correct,1.000000
datasets/test/Leaf_Blight/Leaf_Blight00469.jpg,Leaf_Blight,Leaf_Blight,Correct,1.000000
datasets/test/Healthy_Leaf/Healthy_Leaf00367.jpg,Healthy_Leaf,Healthy_Leaf,Correct,0.999998
datasets/train/Deficiency_Leaf/Deficiency_Leaf00015.jpg,Deficiency_Leaf,Deficiency_Leaf,Correct,0.980363
datasets/test/Felt_Leaf/Felt_Leaf00214.jpg,Felt_Leaf,Felt_Leaf,Correct,0.999988
datasets/test/Deficiency_Leaf/Deficiency_Leaf00116.jpg,Deficiency_Leaf,Deficiency_Leaf,Correct,0.999068
datasets/train/Healthy_Leaf/Healthy_Leaf00619.jpg,Healthy_Leaf,Healthy_Leaf,Correct,1.000000
datasets/train/Healthy_Leaf/Healthy_Leaf00236.jpg,Healthy_Leaf,Healthy_Leaf,Correct,1.000000
datasets/test/Leaf_Blight/Leaf_Blight00403.jpg,Leaf_Blight,Leaf_Blight,Correct,1.000000
datasets/test/Dry_Leaf/Dry_Leaf00254.jpg,Dry_Leaf,Dry_Leaf,Correct,1.000000
datasets/test/Leaf_Gall/Leaf_Gall00424.jpg,Leaf_Gall,Leaf_Gall,Correct,0.999974
datasets/test/Leaf_Blight/Leaf_Blight00270.jpg,Leaf_Blight,Leaf_Blight,Correct,0.999999
datasets/test/Healthy_Leaf/Healthy_Leaf00313.jpg,Healthy_Leaf,Healthy_Leaf,Correct,1.000000
datasets/test/Healthy_Leaf/Healthy_Leaf00497.jpg,Healthy_Leaf,Healthy_Leaf,Correct,1.000000
datasets/test/Deficiency_Leaf/Deficiency_Leaf00032.jpg,Deficiency_Leaf,Deficiency_Leaf,Correct,0.999999
datasets/test/Dry_Leaf/Dry_Leaf00271.jpg,Dry_Leaf,Dry_Leaf,Correct,1.000000
datasets/test/Leaf_Blight/Leaf_Blight00563.jpg,Leaf_Blight,Leaf_Blight,Correct,1.000000
datasets/test/Leaf_Gall/Leaf_Gall00260.jpg,Leaf_Gall,Leaf_Gall,Correct,1.000000
datasets/train/Healthy_Leaf/Healthy_Leaf00198.jpg,Healthy_Leaf,Healthy_Leaf,Correct,0.999999
datasets/test/Leaf_Gall/Leaf_Gall00359.jpg,Leaf_Gall,Leaf_Gall,Correct,0.870145
datasets/test/Dry_Leaf/Dry_Leaf00212.jpg,Dry_Leaf,Dry_Leaf,Correct,0.999997
datasets/test/Leaf_Gall/Leaf_Gall00518.jpg,Leaf_Gall,Leaf_Gall,Correct,0.920900
datasets/train/Anthrax_Leaf/Anthrax_Leaf00021.jpg,Anthrax_Leaf,Anthrax_Leaf,Correct,0.989858
datasets/test/Fungal_Leaf_Spot/Fungal_Leaf_Spot00279.jpg,Fungal_Leaf_Spot,Fungal_Leaf_Spot,Correct,1.000000
datasets/test/Leaf_Blight/Leaf_Blight00104.jpg,Leaf_Blight,Leaf_Blight,Correct,0.988449
datasets/train/Bituminous_Leaf/Bituminous_Leaf00125.jpg,Bituminous_Leaf,Bituminous_Leaf,Correct,0.999994
datasets/test/Felt_Leaf/Felt_Leaf00074.jpg,Felt_Leaf,Felt_Leaf,Correct,0.999923
datasets/train/Healthy_Leaf/Healthy_Leaf00240.jpg,Healthy_Leaf,Healthy_Leaf,Correct,1.000000
datasets/train/Bituminous_Leaf/Bituminous_Leaf00033.jpg,Bituminous_Leaf,Bituminous_Leaf,Correct,0.999337
datasets/test/Deficiency_Leaf/Deficiency_Leaf00099.jpg,Deficiency_Leaf,Curl_Leaf,Incorrect,0.763441
datasets/test/Healthy_Leaf/Healthy_Leaf00059.jpg,Healthy_Leaf,Healthy_Leaf,Correct,1.000000
datasets/test/Fungal_Leaf_Spot/Fungal_Leaf_Spot00366.jpg,Fungal_Leaf_Spot,Fungal_Leaf_Spot,Correct,1.000000
datasets/test/Leaf_Gall/Leaf_Gall00184.jpg,Leaf_Gall,Leaf_Gall,Correct,0.999992
datasets/test/Anthrax_Leaf/Anthrax_Leaf00074.jpg,Anthrax_Leaf,Anthrax_Leaf,Correct,1.000000
datasets/train/Fungal_Leaf_Spot/Fungal_Leaf_Spot00175.jpg,Fungal_Leaf_Spot,Fungal_Leaf_Spot,Correct,0.999999
datasets/test/Healthy_Leaf/Healthy_Leaf00255.jpg,Healthy_Leaf,Healthy_Leaf,Correct,0.999991
datasets/train/Leaf_Blight/Leaf_Blight00443.jpg,Leaf_Blight,Leaf_Blight,Correct,0.999999
datasets/test/Leaf_Blight/Leaf_Blight00321.jpg,Leaf_Blight,Leaf_Blight,Correct,1.000000
datasets/test/Fungal_Leaf_Spot/Fungal_Leaf_Spot00265.jpg,Fungal_Leaf_Spot,Fungal_Leaf_Spot,Correct,1.000000
datasets/test/Dry_Leaf/Dry_Leaf00036.jpg,Dry_Leaf,Dry_Leaf,Correct,0.999999
datasets/test/Healthy_Leaf/Healthy_Leaf00613.jpg,Healthy_Leaf,Healthy_Leaf,Correct,0.999678
datasets/train/Anthrax_Leaf/Anthrax_Leaf00056.jpg,Anthrax_Leaf,Anthrax_Leaf,Correct,1.000000
datasets/test/Dry_Leaf/Dry_Leaf00114.jpg,Dry_Leaf,Dry_Leaf,Correct,1.000000
datasets/train/Leaf_Gall/Leaf_Gall00548.jpg,Leaf_Gall,Leaf_Gall,Correct,1.000000
datasets/test/Leaf_Gall/Leaf_Gall00273.jpg,Leaf_Gall,Leaf_Gall,Correct,1.000000
datasets/test/Healthy_Leaf/Healthy_Leaf00180.jpg,Healthy_Leaf,Healthy_Leaf,Correct,0.999973
datasets/test/Felt_Leaf/Felt_Leaf00250.jpg,Felt_Leaf,Felt_Leaf,Correct,0.999865
datasets/test/Leaf_Blight/Leaf_Blight00102.jpg,Leaf_Blight,Leaf_Blight,Correct,0.999251
datasets/train/Curl_Leaf/Curl_Leaf00062.jpg,Curl_Leaf,Curl_Leaf,Correct,1.000000
datasets/test/Healthy_Leaf/Healthy_Leaf00087.jpg,Healthy_Leaf,Healthy_Leaf,Correct,1.000000
datasets/test/Healthy_Leaf/Healthy_Leaf00035.jpg,Healthy_Leaf,Healthy_Leaf,Correct,0.999999
datasets/test/Leaf_Blight/Leaf_Blight00052.jpg,Leaf_Blight,Leaf_Blight,Correct,0.999121
datasets/test/Fungal_Leaf_Spot/Fungal_Leaf_Spot00053.jpg,Fungal_Leaf_Spot,Fungal_Leaf_Spot,Correct,1.000000
datasets/test/Anthrax_Leaf/Anthrax_Leaf00125.jpg,Anthrax_Leaf,Anthrax_Leaf,Correct,1.000000
datasets/test/Leaf_Blight/Leaf_Blight00582.jpg,Leaf_Blight,Leaf_Blight,Correct,0.926822
datasets/train/Leaf_Gall/Leaf_Gall00587.jpg,Leaf_Gall,Leaf_Gall,Correct,0.999987
datasets/train/Felt_Leaf/Felt_Leaf00361.jpg,Felt_Leaf,Felt_Leaf,Correct,1.000000
datasets/test/Fungal_Leaf_Spot/Fungal_Leaf_Spot00284.jpg,Fungal_Leaf_Spot,Fungal_Leaf_Spot,Correct,1.000000
datasets/test/Felt_Leaf/Felt_Leaf00353.jpg,Felt_Leaf,Felt_Leaf,Correct,0.663102
datasets/train/Fungal_Leaf_Spot/Fungal_Leaf_Spot00340.jpg,Fungal_Leaf_Spot,Fungal_Leaf_Spot,Correct,0.999919
datasets/train/Dry_Leaf/Dry_Leaf00065.jpg,Dry_Leaf,Dry_Leaf,Correct,1.000000
datasets/train/Leaf_Blight/Leaf_Blight00460.jpg,Leaf_Blight,Leaf_Blight,Correct,0.999166
datasets/test/Leaf_Gall/Leaf_Gall00226.jpg,Leaf_Gall,Leaf_Gall,Correct,1.000000
datasets/train/Leaf_Gall/Leaf_Gall00144.jpg,Leaf_Gall,Leaf_Gall,Correct,1.000000
datasets/test/Felt_Leaf/Felt_Leaf00048.jpg,Felt_Leaf,Felt_Leaf,Correct,1.000000
datasets/test/Deficiency_Leaf/Deficiency_Leaf00016.jpg,Deficiency_Leaf,Deficiency_Leaf,Correct,0.999814
datasets/train/Felt_Leaf/Felt_Leaf00300.jpg,Felt_Leaf,Felt_Leaf,Correct,0.999967
datasets/train/Fungal_Leaf_Spot/Fungal_Leaf_Spot00561.jpg,Fungal_Leaf_Spot,Fungal_Leaf_Spot,Correct,0.999999
datasets/train/Deficiency_Leaf/Deficiency_Leaf00053.jpg,Deficiency_Leaf,Curl_Leaf,Incorrect,0.432740
datasets/test/Leaf_Blight/Leaf_Blight00499.jpg,Leaf_Blight,Leaf_Blight,Correct,1.000000
datasets/test/Dry_Leaf/Dry_Leaf00051.jpg,Dry_Leaf,Dry_Leaf,Correct,1.000000
datasets/train/Felt_Leaf/Felt_Leaf00047.jpg,Felt_Leaf,Felt_Leaf,Correct,1.000000
datasets/train/Healthy_Leaf/Healthy_Leaf00303.jpg,Healthy_Leaf,Healthy_Leaf,Correct,1.000000
datasets/test/Leaf_Blight/Leaf_Blight00564.jpg,Leaf_Blight,Leaf_Blight,Correct,1.000000
datasets/test/Curl_Leaf/Curl_Leaf00129.jpg,Curl_Leaf,Curl_Leaf,Correct,1.000000
datasets/test/Leaf_Gall/Leaf_Gall00219.jpg,Leaf_Gall,Leaf_Gall,Correct,1.000000
datasets/test/Leaf_Gall/Leaf_Gall00392.jpg,Leaf_Gall,Leaf_Gall,Correct,0.999994
datasets/test/Felt_Leaf/Felt_Leaf00306.jpg,Felt_Leaf,Felt_Leaf,Correct,0.999986
datasets/train/Felt_Leaf/Felt_Leaf00142.jpg,Felt_Leaf,Felt_Leaf,Correct,0.999872
datasets/test/Healthy_Leaf/Healthy_Leaf00545.jpg,Healthy_Leaf,Healthy_Leaf,Correct,1.000000
datasets/train/Leaf_Blight/Leaf_Blight00036.jpg,Leaf_Blight,Leaf_Blight,Correct,1.000000
datasets/test/Leaf_Gall/Leaf_Gall00471.jpg,Leaf_Gall,Leaf_Gall,Correct,1.000000
datasets/train/Leaf_Gall/Leaf_Gall00336.jpg,Leaf_Gall,Leaf_Gall,Correct,0.993662
datasets/test/Healthy_Leaf/Healthy_Leaf00460.jpg,Healthy_Leaf,Healthy_Leaf,Correct,1.000000
datasets/test/Healthy_Leaf/Healthy_Leaf00291.jpg,Healthy_Leaf,Healthy_Leaf,Correct,0.999982
datasets/train/Bituminous_Leaf/Bituminous_Leaf00106.jpg,Bituminous_Leaf,Bituminous_Leaf,Correct,0.885399
datasets/test/Dry_Leaf/Dry_Leaf00107.jpg,Dry_Leaf,Dry_Leaf,Correct,0.999999
datasets/train/Leaf_Blight/Leaf_Blight00404.jpg,Leaf_Blight,Leaf_Blight,Correct,0.999952
datasets/test/Fungal_Leaf_Spot/Fungal_Leaf_Spot00357.jpg,Fungal_Leaf_Spot,Fungal_Leaf_Spot,Correct,0.999997
datasets/test/Healthy_Leaf/Healthy_Leaf00121.jpg,Healthy_Leaf,Healthy_Leaf,Correct,1.000000
datasets/test/Dry_Leaf/Dry_Leaf00122.jpg,Dry_Leaf,Dry_Leaf,Correct,1.000000
datasets/test/Felt_Leaf/Felt_Leaf00017.jpg,Felt_Leaf,Felt_Leaf,Correct,0.999937
datasets/test/Leaf_Blight/Leaf_Blight00272.jpg,Leaf_Blight,Leaf_Blight,Correct,0.999994
datasets/test/Felt_Leaf/Felt_Leaf00129.jpg,Felt_Leaf,Felt_Leaf,Correct,1.000000
datasets/train/Healthy_Leaf/Healthy_Leaf00037.jpg,Healthy_Leaf,Healthy_Leaf,Correct,0.999999
datasets/train/Leaf_Gall/Leaf_Gall00060.jpg,Leaf_Gall,Leaf_Gall,Correct,1.000000
datasets/test/Dry_Leaf/Dry_Leaf00179.jpg,Dry_Leaf,Dry_Leaf,Correct,1.000000
datasets/test/Felt_Leaf/Felt_Leaf00380.jpg,Felt_Leaf,Felt_Leaf,Correct,0.999945
datasets/train/Healthy_Leaf/Healthy_Leaf00396.jpg,Healthy_Leaf,Healthy_Leaf,Correct,1.000000
datasets/train/Leaf_Blight/Leaf_Blight00428.jpg,Leaf_Blight,Leaf_Blight,Correct,1.000000
datasets/test/Leaf_Gall/Leaf_Gall00099.jpg,Leaf_Gall,Leaf_Gall,Correct,1.000000
datasets/test/Leaf_Blight/Leaf_Blight00361.jpg,Leaf_Blight,Leaf_Blight,Correct,1.000000
datasets/test/Bituminous_Leaf/Bituminous_Leaf00017.jpg,Bituminous_Leaf,Bituminous_Leaf,Correct,0.999995
datasets/train/Felt_Leaf/Felt_Leaf00181.jpg,Felt_Leaf,Felt_Leaf,Correct,0.999972
datasets/test/Dry_Leaf/Dry_Leaf00132.jpg,Dry_Leaf,Dry_Leaf,Correct,1.000000
datasets/test/Leaf_Gall/Leaf_Gall00483.jpg,Leaf_Gall,Leaf_Gall,Correct,1.000000
datasets/test/Fungal_Leaf_Spot/Fungal_Leaf_Spot00087.jpg,Fungal_Leaf_Spot,Fungal_Leaf_Spot,Correct,1.000000
datasets/train/Dry_Leaf/Dry_Leaf00309.jpg,Dry_Leaf,Dry_Leaf,Correct,1.000000
datasets/train/Dry_Leaf/Dry_Leaf00113.jpg,Dry_Leaf,Dry_Leaf,Correct,1.000000
datasets/train/Healthy_Leaf/Healthy_Leaf00027.jpg,Healthy_Leaf,Healthy_Leaf,Correct,0.999999
datasets/train/Leaf_Gall/Leaf_Gall00245.jpg,Leaf_Gall,Leaf_Gall,Correct,0.999998
datasets/train/Leaf_Gall/Leaf_Gall00214.jpg,Leaf_Gall,Leaf_Gall,Correct,1.000000
datasets/test/Leaf_Gall/Leaf_Gall00334.jpg,Leaf_Gall,Leaf_Gall,Correct,0.999930
datasets/test/Leaf_Gall/Leaf_Gall00541.jpg,Leaf_Gall,Leaf_Gall,Correct,0.993636
datasets/train/Healthy_Leaf/Healthy_Leaf00377.jpg,Healthy_Leaf,Healthy_Leaf,Correct,1.000000
datasets/train/Anthrax_Leaf/Anthrax_Leaf00136.jpg,Anthrax_Leaf,Anthrax_Leaf,Correct,1.000000
datasets/train/Leaf_Blight/Leaf_Blight00454.jpg,Leaf_Blight,Leaf_Blight,Correct,0.999998
datasets/test/Healthy_Leaf/Healthy_Leaf00187.jpg,Healthy_Leaf,Healthy_Leaf,Correct,0.999999
datasets/test/Curl_Leaf/Curl_Leaf00064.jpg,Curl_Leaf,Curl_Leaf,Correct,1.000000
datasets/test/Leaf_Blight/Leaf_Blight00318.jpg,Leaf_Blight,Leaf_Blight,Correct,1.000000
datasets/train/Leaf_Blight/Leaf_Blight00138.jpg,Leaf_Blight,Leaf_Blight,Correct,0.999994
datasets/test/Leaf_Blight/Leaf_Blight00137.jpg,Leaf_Blight,Leaf_Blight,Correct,0.999769
datasets/test/Leaf_Blight/Leaf_Blight00519.jpg,Leaf_Blight,Leaf_Blight,Correct,0.999997
datasets/test/Dry_Leaf/Dry_Leaf00347.jpg,Dry_Leaf,Dry_Leaf,Correct,0.999997
datasets/test/Leaf_Blight/Leaf_Blight00154.jpg,Leaf_Blight,Leaf_Blight,Correct,0.995427
datasets/test/Healthy_Leaf/Healthy_Leaf00175.jpg,Healthy_Leaf,Healthy_Leaf,Correct,1.000000
datasets/test/Leaf_Gall/Leaf_Gall00333.jpg,Leaf_Gall,Leaf_Gall,Correct,0.991846
datasets/test/Leaf_Gall/Leaf_Gall00500.jpg,Leaf_Gall,Leaf_Gall,Correct,0.999961
datasets/test/Leaf_Gall/Leaf_Gall00353.jpg,Leaf_Gall,Leaf_Gall,Correct,0.999133
datasets/train/Leaf_Blight/Leaf_Blight00215.jpg,Leaf_Blight,Leaf_Blight,Correct,0.999960
datasets/test/Felt_Leaf/Felt_Leaf00083.jpg,Felt_Leaf,Felt_Leaf,Correct,0.999985
datasets/train/Leaf_Gall/Leaf_Gall00110.jpg,Leaf_Gall,Leaf_Gall,Correct,0.999999
datasets/test/Curl_Leaf/Curl_Leaf00011.jpg,Curl_Leaf,Curl_Leaf,Correct,1.000000
datasets/test/Healthy_Leaf/Healthy_Leaf00605.jpg,Healthy_Leaf,Healthy_Leaf,Correct,0.999997
datasets/test/Healthy_Leaf/Healthy_Leaf00117.jpg,Healthy_Leaf,Healthy_Leaf,Correct,1.000000
datasets/test/Leaf_Blight/Leaf_Blight00033.jpg,Leaf_Blight,Leaf_Blight,Correct,1.000000
datasets/train/Dry_Leaf/Dry_Leaf00262.jpg,Dry_Leaf,Dry_Leaf,Correct,1.000000
datasets/train/Leaf_Blight/Leaf_Blight00273.jpg,Leaf_Blight,Leaf_Blight,Correct,1.000000
datasets/train/Healthy_Leaf/Healthy_Leaf00132.jpg,Healthy_Leaf,Healthy_Leaf,Correct,1.000000
datasets/train/Leaf_Blight/Leaf_Blight00568.jpg,Leaf_Blight,Leaf_Blight,Correct,1.000000
datasets/test/Leaf_Blight/Leaf_Blight00371.jpg,Leaf_Blight,Leaf_Blight,Correct,1.000000
datasets/train/Leaf_Blight/Leaf_Blight00127.jpg,Leaf_Blight,Leaf_Blight,Correct,1.000000
datasets/train/Deficiency_Leaf/Deficiency_Leaf00098.jpg,Deficiency_Leaf,Deficiency_Leaf,Correct,0.465803
datasets/test/Anthrax_Leaf/Anthrax_Leaf00002.jpg,Anthrax_Leaf,Anthrax_Leaf,Correct,0.997908
datasets/train/Leaf_Gall/Leaf_Gall00520.jpg,Leaf_Gall,Leaf_Gall,Correct,0.981931
datasets/test/Felt_Leaf/Felt_Leaf00144.jpg,Felt_Leaf,Felt_Leaf,Correct,0.999992
datasets/train/Leaf_Blight/Leaf_Blight00013.jpg,Leaf_Blight,Leaf_Blight,Correct,0.999995
datasets/train/Felt_Leaf/Felt_Leaf00033.jpg,Felt_Leaf,Felt_Leaf,Correct,1.000000
datasets/test/Anthrax_Leaf/Anthrax_Leaf00028.jpg,Anthrax_Leaf,Anthrax_Leaf,Correct,0.999814
datasets/train/Felt_Leaf/Felt_Leaf00032.jpg,Felt_Leaf,Felt_Leaf,Correct,1.000000
datasets/train/Dry_Leaf/Dry_Leaf00129.jpg,Dry_Leaf,Dry_Leaf,Correct,1.000000
datasets/test/Leaf_Blight/Leaf_Blight00096.jpg,Leaf_Blight,Leaf_Blight,Correct,0.999998
datasets/train/Leaf_Gall/Leaf_Gall00610.jpg,Leaf_Gall,Leaf_Gall,Correct,1.000000
datasets/train/Anthrax_Leaf/Anthrax_Leaf00075.jpg,Anthrax_Leaf,Anthrax_Leaf,Correct,1.000000
datasets/test/Leaf_Blight/Leaf_Blight00575.jpg,Leaf_Blight,Leaf_Blight,Correct,0.998509
datasets/test/Healthy_Leaf/Healthy_Leaf00127.jpg,Healthy_Leaf,Healthy_Leaf,Correct,1.000000
datasets/train/Healthy_Leaf/Healthy_Leaf00238.jpg,Healthy_Leaf,Healthy_Leaf,Correct,1.000000
datasets/test/Fungal_Leaf_Spot/Fungal_Leaf_Spot00221.jpg,Fungal_Leaf_Spot,Fungal_Leaf_Spot,Correct,1.000000
datasets/test/Fungal_Leaf_Spot/Fungal_Leaf_Spot00029.jpg,Fungal_Leaf_Spot,Fungal_Leaf_Spot,Correct,0.999972
datasets/train/Leaf_Gall/Leaf_Gall00416.jpg,Leaf_Gall,Leaf_Gall,Correct,0.999872
datasets/test/Fungal_Leaf_Spot/Fungal_Leaf_Spot00505.jpg,Fungal_Leaf_Spot,Fungal_Leaf_Spot,Correct,0.999994
datasets/test/Dry_Leaf/Dry_Leaf00372.jpg,Dry_Leaf,Dry_Leaf,Correct,0.999998
datasets/train/Leaf_Gall/Leaf_Gall00345.jpg,Leaf_Gall,Leaf_Gall,Correct,0.979656
datasets/test/Leaf_Blight/Leaf_Blight00583.jpg,Leaf_Blight,Leaf_Blight,Correct,0.999339
datasets/train/Leaf_Blight/Leaf_Blight00024.jpg,Leaf_Blight,Leaf_Blight,Correct,0.999987
datasets/test/Healthy_Leaf/Healthy_Leaf00306.jpg,Healthy_Leaf,Healthy_Leaf,Correct,1.000000
datasets/test/Dry_Leaf/Dry_Leaf00191.jpg,Dry_Leaf,Dry_Leaf,Correct,1.000000
datasets/train/Felt_Leaf/Felt_Leaf00117.jpg,Felt_Leaf,Felt_Leaf,Correct,1.000000
datasets/test/Felt_Leaf/Felt_Leaf00331.jpg,Felt_Leaf,Felt_Leaf,Correct,0.999948
datasets/train/Fungal_Leaf_Spot/Fungal_Leaf_Spot00172.jpg,Fungal_Leaf_Spot,Fungal_Leaf_Spot,Correct,1.000000
datasets/train/Leaf_Blight/Leaf_Blight00366.jpg,Leaf_Blight,Leaf_Blight,Correct,1.000000
datasets/train/Leaf_Gall/Leaf_Gall00150.jpg,Leaf_Gall,Leaf_Gall,Correct,0.998176
datasets/train/Felt_Leaf/Felt_Leaf00009.jpg,Felt_Leaf,Felt_Leaf,Correct,0.981408
datasets/train/Bituminous_Leaf/Bituminous_Leaf00112.jpg,Bituminous_Leaf,Bituminous_Leaf,Correct,0.997956
datasets/train/Fungal_Leaf_Spot/Fungal_Leaf_Spot00531.jpg,Fungal_Leaf_Spot,Fungal_Leaf_Spot,Correct,0.999999
datasets/test/Dry_Leaf/Dry_Leaf00289.jpg,Dry_Leaf,Dry_Leaf,Correct,1.000000
datasets/test/Healthy_Leaf/Healthy_Leaf00333.jpg,Healthy_Leaf,Healthy_Leaf,Correct,1.000000
datasets/test/Dry_Leaf/Dry_Leaf00116.jpg,Dry_Leaf,Dry_Leaf,Correct,1.000000
datasets/test/Fungal_Leaf_Spot/Fungal_Leaf_Spot00495.jpg,Fungal_Leaf_Spot,Fungal_Leaf_Spot,Correct,1.000000
datasets/train/Healthy_Leaf/Healthy_Leaf00033.jpg,Healthy_Leaf,Healthy_Leaf,Correct,1.000000
datasets/train/Leaf_Blight/Leaf_Blight00240.jpg,Leaf_Blight,Leaf_Blight,Correct,0.985629
datasets/train/Anthrax_Leaf/Anthrax_Leaf00026.jpg,Anthrax_Leaf,Anthrax_Leaf,Correct,0.999548
datasets/test/Deficiency_Leaf/Deficiency_Leaf00111.jpg,Deficiency_Leaf,Bituminous_Leaf,Incorrect,0.983113
datasets/train/Fungal_Leaf_Spot/Fungal_Leaf_Spot00071.jpg,Fungal_Leaf_Spot,Fungal_Leaf_Spot,Correct,1.000000
datasets/test/Fungal_Leaf_Spot/Fungal_Leaf_Spot00439.jpg,Fungal_Leaf_Spot,Fungal_Leaf_Spot,Correct,0.999997
datasets/test/Fungal_Leaf_Spot/Fungal_Leaf_Spot00252.jpg,Fungal_Leaf_Spot,Fungal_Leaf_Spot,Correct,0.999998
datasets/test/Dry_Leaf/Dry_Leaf00243.jpg,Dry_Leaf,Dry_Leaf,Correct,1.000000
datasets/test/Curl_Leaf/Curl_Leaf00180.jpg,Curl_Leaf,Curl_Leaf,Correct,0.999936
datasets/train/Fungal_Leaf_Spot/Fungal_Leaf_Spot00446.jpg,Fungal_Leaf_Spot,Fungal_Leaf_Spot,Correct,1.000000
datasets/test/Curl_Leaf/Curl_Leaf00024.jpg,Curl_Leaf,Curl_Leaf,Correct,1.000000
datasets/test/Fungal_Leaf_Spot/Fungal_Leaf_Spot00397.jpg,Fungal_Leaf_Spot,Fungal_Leaf_Spot,Correct,1.000000
datasets/test/Leaf_Gall/Leaf_Gall00616.jpg,Leaf_Gall,Leaf_Gall,Correct,0.999481
datasets/test/Dry_Leaf/Dry_Leaf00125.jpg,Dry_Leaf,Dry_Leaf,Correct,1.000000
datasets/test/Leaf_Blight/Leaf_Blight00248.jpg,Leaf_Blight,Leaf_Blight,Correct,0.999960
datasets/train/Leaf_Gall/Leaf_Gall00550.jpg,Leaf_Gall,Leaf_Gall,Correct,1.000000
datasets/test/Leaf_Blight/Leaf_Blight00257.jpg,Leaf_Blight,Leaf_Blight,Correct,0.999998
datasets/test/Felt_Leaf/Felt_Leaf00261.jpg,Felt_Leaf,Fungal_Leaf_Spot,Incorrect,0.994300
datasets/test/Leaf_Blight/Leaf_Blight00556.jpg,Leaf_Blight,Leaf_Blight,Correct,1.000000
datasets/train/Leaf_Blight/Leaf_Blight00135.jpg,Leaf_Blight,Leaf_Blight,Correct,0.999997
datasets/test/Healthy_Leaf/Healthy_Leaf00072.jpg,Healthy_Leaf,Healthy_Leaf,Correct,1.000000
datasets/test/Fungal_Leaf_Spot/Fungal_Leaf_Spot00107.jpg,Fungal_Leaf_Spot,Fungal_Leaf_Spot,Correct,0.999999
datasets/test/Leaf_Gall/Leaf_Gall00155.jpg,Leaf_Gall,Leaf_Gall,Correct,0.999999
datasets/test/Bituminous_Leaf/Bituminous_Leaf00048.jpg,Bituminous_Leaf,Bituminous_Leaf,Correct,1.000000
datasets/test/Fungal_Leaf_Spot/Fungal_Leaf_Spot00207.jpg,Fungal_Leaf_Spot,Fungal_Leaf_Spot,Correct,1.000000
datasets/test/Healthy_Leaf/Healthy_Leaf00182.jpg,Healthy_Leaf,Healthy_Leaf,Correct,0.999987
datasets/train/Dry_Leaf/Dry_Leaf00089.jpg,Dry_Leaf,Dry_Leaf,Correct,0.999999
datasets/test/Fungal_Leaf_Spot/Fungal_Leaf_Spot00327.jpg,Fungal_Leaf_Spot,Fungal_Leaf_Spot,Correct,1.000000
datasets/train/Bituminous_Leaf/Bituminous_Leaf00057.jpg,Bituminous_Leaf,Bituminous_Leaf,Correct,0.999984
datasets/train/Healthy_Leaf/Healthy_Leaf00614.jpg,Healthy_Leaf,Healthy_Leaf,Correct,0.999744
datasets/train/Curl_Leaf/Curl_Leaf00031.jpg,Curl_Leaf,Curl_Leaf,Correct,1.000000
datasets/test/Leaf_Blight/Leaf_Blight00069.jpg,Leaf_Blight,Leaf_Blight,Correct,0.999897
datasets/test/Leaf_Gall/Leaf_Gall00607.jpg,Leaf_Gall,Leaf_Gall,Correct,0.990261
datasets/test/Dry_Leaf/Dry_Leaf00174.jpg,Dry_Leaf,Dry_Leaf,Correct,0.999992
datasets/train/Leaf_Gall/Leaf_Gall00105.jpg,Leaf_Gall,Leaf_Gall,Correct,1.000000
datasets/test/Fungal_Leaf_Spot/Fungal_Leaf_Spot00400.jpg,Fungal_Leaf_Spot,Fungal_Leaf_Spot,Correct,1.000000
datasets/test/Leaf_Gall/Leaf_Gall00339.jpg,Leaf_Gall,Leaf_Gall,Correct,0.716693
datasets/test/Felt_Leaf/Felt_Leaf00373.jpg,Felt_Leaf,Felt_Leaf,Correct,0.997329
datasets/train/Anthrax_Leaf/Anthrax_Leaf00076.jpg,Anthrax_Leaf,Anthrax_Leaf,Correct,1.000000
datasets/test/Dry_Leaf/Dry_Leaf00079.jpg,Dry_Leaf,Dry_Leaf,Correct,1.000000
datasets/train/Leaf_Gall/Leaf_Gall00029.jpg,Leaf_Gall,Leaf_Gall,Correct,0.999998
datasets/test/Deficiency_Leaf/Deficiency_Leaf00112.jpg,Deficiency_Leaf,Deficiency_Leaf,Correct,0.998344
datasets/test/Leaf_Gall/Leaf_Gall00178.jpg,Leaf_Gall,Leaf_Gall,Correct,1.000000
datasets/test/Fungal_Leaf_Spot/Fungal_Leaf_Spot00490.jpg,Fungal_Leaf_Spot,Fungal_Leaf_Spot,Correct,0.999981
datasets/train/Leaf_Gall/Leaf_Gall00396.jpg,Leaf_Gall,Leaf_Gall,Correct,0.999953
datasets/train/Leaf_Gall/Leaf_Gall00337.jpg,Leaf_Gall,Leaf_Gall,Correct,0.997484
datasets/test/Healthy_Leaf/Healthy_Leaf00101.jpg,Healthy_Leaf,Healthy_Leaf,Correct,1.000000
datasets/train/Leaf_Gall/Leaf_Gall00473.jpg,Leaf_Gall,Leaf_Gall,Correct,0.999997
datasets/test/Deficiency_Leaf/Deficiency_Leaf00001.jpg,Deficiency_Leaf,Anthrax_Leaf,Incorrect,0.699348
datasets/train/Fungal_Leaf_Spot/Fungal_Leaf_Spot00187.jpg,Fungal_Leaf_Spot,Fungal_Leaf_Spot,Correct,1.000000
datasets/test/Felt_Leaf/Felt_Leaf00116.jpg,Felt_Leaf,Felt_Leaf,Correct,1.000000
datasets/train/Leaf_Blight/Leaf_Blight00391.jpg,Leaf_Blight,Leaf_Blight,Correct,0.999999
datasets/test/Curl_Leaf/Curl_Leaf00128.jpg,Curl_Leaf,Curl_Leaf,Correct,0.999995
datasets/train/Leaf_Blight/Leaf_Blight00544.jpg,Leaf_Blight,Leaf_Blight,Correct,1.000000
datasets/train/Felt_Leaf/Felt_Leaf00157.jpg,Felt_Leaf,Felt_Leaf,Correct,0.739622
datasets/test/Leaf_Gall/Leaf_Gall00457.jpg,Leaf_Gall,Leaf_Gall,Correct,0.999993
datasets/test/Fungal_Leaf_Spot/Fungal_Leaf_Spot00527.jpg,Fungal_Leaf_Spot,Fungal_Leaf_Spot,Correct,1.000000
datasets/test/Healthy_Leaf/Healthy_Leaf00362.jpg,Healthy_Leaf,Healthy_Leaf,Correct,0.999857
datasets/test/Fungal_Leaf_Spot/Fungal_Leaf_Spot00091.jpg,Fungal_Leaf_Spot,Fungal_Leaf_Spot,Correct,1.000000
datasets/train/Felt_Leaf/Felt_Leaf00158.jpg,Felt_Leaf,Felt_Leaf,Correct,0.992262
datasets/test/Leaf_Gall/Leaf_Gall00431.jpg,Leaf_Gall,Leaf_Gall,Correct,1.000000
datasets/test/Healthy_Leaf/Healthy_Leaf00010.jpg,Healthy_Leaf,Healthy_Leaf,Correct,1.000000
datasets/train/Dry_Leaf/Dry_Leaf00118.jpg,Dry_Leaf,Dry_Leaf,Correct,1.000000
datasets/test/Fungal_Leaf_Spot/Fungal_Leaf_Spot00441.jpg,Fungal_Leaf_Spot,Fungal_Leaf_Spot,Correct,0.999990
datasets/test/Anthrax_Leaf/Anthrax_Leaf00010.jpg,Anthrax_Leaf,Anthrax_Leaf,Correct,0.962705
datasets/test/Fungal_Leaf_Spot/Fungal_Leaf_Spot00226.jpg,Fungal_Leaf_Spot,Fungal_Leaf_Spot,Correct,1.000000
datasets/test/Dry_Leaf/Dry_Leaf00059.jpg,Dry_Leaf,Dry_Leaf,Correct,1.000000
datasets/train/Dry_Leaf/Dry_Leaf00238.jpg,Dry_Leaf,Dry_Leaf,Correct,1.000000
datasets/test/Healthy_Leaf/Healthy_Leaf00526.jpg,Healthy_Leaf,Healthy_Leaf,Correct,0.999997
datasets/test/Healthy_Leaf/Healthy_Leaf00391.jpg,Healthy_Leaf,Healthy_Leaf,Correct,0.999993
datasets/test/Leaf_Gall/Leaf_Gall00327.jpg,Leaf_Gall,Leaf_Gall,Correct,1.000000
datasets/test/Healthy_Leaf/Healthy_Leaf00007.jpg,Healthy_Leaf,Healthy_Leaf,Correct,1.000000
datasets/test/Leaf_Blight/Leaf_Blight00231.jpg,Leaf_Blight,Leaf_Blight,Correct,0.999269
datasets/train/Fungal_Leaf_Spot/Fungal_Leaf_Spot00393.jpg,Fungal_Leaf_Spot,Fungal_Leaf_Spot,Correct,1.000000
datasets/test/Leaf_Blight/Leaf_Blight00413.jpg,Leaf_Blight,Fungal_Leaf_Spot,Incorrect,0.668393
datasets/test/Healthy_Leaf/Healthy_Leaf00487.jpg,Healthy_Leaf,Healthy_Leaf,Correct,0.997739
datasets/test/Leaf_Gall/Leaf_Gall00400.jpg,Leaf_Gall,Leaf_Gall,Correct,0.999766
datasets/test/Dry_Leaf/Dry_Leaf00068.jpg,Dry_Leaf,Dry_Leaf,Correct,1.000000
datasets/test/Fungal_Leaf_Spot/Fungal_Leaf_Spot00556.jpg,Fungal_Leaf_Spot,Fungal_Leaf_Spot,Correct,0.999977
datasets/test/Healthy_Leaf/Healthy_Leaf00211.jpg,Healthy_Leaf,Healthy_Leaf,Correct,1.000000
datasets/test/Healthy_Leaf/Healthy_Leaf00576.jpg,Healthy_Leaf,Healthy_Leaf,Correct,1.000000
datasets/train/Felt_Leaf/Felt_Leaf00159.jpg,Felt_Leaf,Felt_Leaf,Correct,0.996691
datasets/train/Leaf_Blight/Leaf_Blight00203.jpg,Leaf_Blight,Leaf_Blight,Correct,0.999327
datasets/test/Healthy_Leaf/Healthy_Leaf00260.jpg,Healthy_Leaf,Healthy_Leaf,Correct,0.979191
datasets/test/Healthy_Leaf/Healthy_Leaf00124.jpg,Healthy_Leaf,Healthy_Leaf,Correct,1.000000
datasets/test/Leaf_Blight/Leaf_Blight00319.jpg,Leaf_Blight,Leaf_Blight,Correct,1.000000
datasets/test/Fungal_Leaf_Spot/Fungal_Leaf_Spot00540.jpg,Fungal_Leaf_Spot,Fungal_Leaf_Spot,Correct,1.000000
datasets/test/Healthy_Leaf/Healthy_Leaf00562.jpg,Healthy_Leaf,Healthy_Leaf,Correct,1.000000
datasets/test/Leaf_Blight/Leaf_Blight00586.jpg,Leaf_Blight,Leaf_Blight,Correct,0.999813
datasets/train/Fungal_Leaf_Spot/Fungal_Leaf_Spot00330.jpg,Fungal_Leaf_Spot,Fungal_Leaf_Spot,Correct,1.000000
datasets/test/Leaf_Blight/Leaf_Blight00570.jpg,Leaf_Blight,Leaf_Blight,Correct,0.999996
datasets/test/Fungal_Leaf_Spot/Fungal_Leaf_Spot00095.jpg,Fungal_Leaf_Spot,Fungal_Leaf_Spot,Correct,1.000000
datasets/test/Leaf_Gall/Leaf_Gall00304.jpg,Leaf_Gall,Leaf_Gall,Correct,1.000000
datasets/test/Bituminous_Leaf/Bituminous_Leaf00089.jpg,Bituminous_Leaf,Bituminous_Leaf,Correct,0.995899
datasets/test/Felt_Leaf/Felt_Leaf00027.jpg,Felt_Leaf,Felt_Leaf,Correct,0.995751
datasets/train/Dry_Leaf/Dry_Leaf00290.jpg,Dry_Leaf,Dry_Leaf,Correct,1.000000
datasets/test/Deficiency_Leaf/Deficiency_Leaf00061.jpg,Deficiency_Leaf,Deficiency_Leaf,Correct,0.999615
datasets/test/Leaf_Blight/Leaf_Blight00140.jpg,Leaf_Blight,Leaf_Blight,Correct,0.999625
datasets/test/Healthy_Leaf/Healthy_Leaf00521.jpg,Healthy_Leaf,Healthy_Leaf,Correct,0.999962
datasets/test/Curl_Leaf/Curl_Leaf00147.jpg,Curl_Leaf,Curl_Leaf,Correct,1.000000
datasets/train/Anthrax_Leaf/Anthrax_Leaf00094.jpg,Anthrax_Leaf,Anthrax_Leaf,Correct,0.999991
datasets/test/Felt_Leaf/Felt_Leaf00369.jpg,Felt_Leaf,Felt_Leaf,Correct,0.999993
datasets/test/Deficiency_Leaf/Deficiency_Leaf00104.jpg,Deficiency_Leaf,Deficiency_Leaf,Correct,0.999685
datasets/test/Fungal_Leaf_Spot/Fungal_Leaf_Spot00539.jpg,Fungal_Leaf_Spot,Fungal_Leaf_Spot,Correct,0.999896
datasets/test/Dry_Leaf/Dry_Leaf00124.jpg,Dry_Leaf,Dry_Leaf,Correct,1.000000
datasets/test/Healthy_Leaf/Healthy_Leaf00019.jpg,Healthy_Leaf,Healthy_Leaf,Correct,1.000000
datasets/train/Leaf_Blight/Leaf_Blight00251.jpg,Leaf_Blight,Leaf_Blight,Correct,0.999995
datasets/train/Deficiency_Leaf/Deficiency_Leaf00030.jpg,Deficiency_Leaf,Deficiency_Leaf,Correct,0.711620
datasets/test/Felt_Leaf/Felt_Leaf00010.jpg,Felt_Leaf,Leaf_Gall,Incorrect,0.995735
datasets/train/Leaf_Blight/Leaf_Blight00068.jpg,Leaf_Blight,Leaf_Blight,Correct,0.994373
datasets/test/Fungal_Leaf_Spot/Fungal_Leaf_Spot00342.jpg,Fungal_Leaf_Spot,Fungal_Leaf_Spot,Correct,1.000000
datasets/test/Anthrax_Leaf/Anthrax_Leaf00111.jpg,Anthrax_Leaf,Anthrax_Leaf,Correct,0.999996
datasets/test/Fungal_Leaf_Spot/Fungal_Leaf_Spot00481.jpg,Fungal_Leaf_Spot,Fungal_Leaf_Spot,Correct,1.000000
datasets/train/Leaf_Gall/Leaf_Gall00360.jpg,Leaf_Gall,Leaf_Gall,Correct,0.951883
datasets/train/Healthy_Leaf/Healthy_Leaf00108.jpg,Healthy_Leaf,Healthy_Leaf,Correct,1.000000
datasets/train/Leaf_Blight/Leaf_Blight00165.jpg,Leaf_Blight,Leaf_Blight,Correct,0.999999
datasets/train/Felt_Leaf/Felt_Leaf00243.jpg,Felt_Leaf,Felt_Leaf,Correct,0.999414
datasets/test/Felt_Leaf/Felt_Leaf00050.jpg,Felt_Leaf,Felt_Leaf,Correct,0.996292
datasets/train/Felt_Leaf/Felt_Leaf00193.jpg,Felt_Leaf,Felt_Leaf,Correct,1.000000
datasets/test/Felt_Leaf/Felt_Leaf00065.jpg,Felt_Leaf,Felt_Leaf,Correct,0.999999
datasets/test/Fungal_Leaf_Spot/Fungal_Leaf_Spot00203.jpg,Fungal_Leaf_Spot,Fungal_Leaf_Spot,Correct,0.999999
datasets/test/Leaf_Gall/Leaf_Gall00382.jpg,Leaf_Gall,Leaf_Gall,Correct,0.999997
datasets/train/Felt_Leaf/Felt_Leaf00317.jpg,Felt_Leaf,Felt_Leaf,Correct,0.999989
datasets/test/Leaf_Gall/Leaf_Gall00200.jpg,Leaf_Gall,Leaf_Gall,Correct,1.000000
datasets/test/Healthy_Leaf/Healthy_Leaf00326.jpg,Healthy_Leaf,Healthy_Leaf,Correct,1.000000
datasets/test/Fungal_Leaf_Spot/Fungal_Leaf_Spot00290.jpg,Fungal_Leaf_Spot,Fungal_Leaf_Spot,Correct,0.999983
datasets/train/Leaf_Gall/Leaf_Gall00071.jpg,Leaf_Gall,Leaf_Gall,Correct,1.000000
datasets/train/Healthy_Leaf/Healthy_Leaf00379.jpg,Healthy_Leaf,Healthy_Leaf,Correct,0.999999
datasets/train/Dry_Leaf/Dry_Leaf00209.jpg,Dry_Leaf,Dry_Leaf,Correct,0.999998
datasets/train/Anthrax_Leaf/Anthrax_Leaf00142.jpg,Anthrax_Leaf,Anthrax_Leaf,Correct,0.999994
datasets/test/Leaf_Blight/Leaf_Blight00205.jpg,Leaf_Blight,Leaf_Blight,Correct,0.999987
datasets/train/Leaf_Blight/Leaf_Blight00481.jpg,Leaf_Blight,Leaf_Blight,Correct,1.000000
datasets/test/Leaf_Blight/Leaf_Blight00480.jpg,Leaf_Blight,Leaf_Blight,Correct,1.000000
datasets/train/Dry_Leaf/Dry_Leaf00172.jpg,Dry_Leaf,Dry_Leaf,Correct,1.000000
datasets/train/Felt_Leaf/Felt_Leaf00030.jpg,Felt_Leaf,Felt_Leaf,Correct,1.000000
datasets/test/Leaf_Blight/Leaf_Blight00084.jpg,Leaf_Blight,Leaf_Blight,Correct,0.998365
datasets/test/Healthy_Leaf/Healthy_Leaf00513.jpg,Healthy_Leaf,Healthy_Leaf,Correct,0.999936
datasets/test/Leaf_Blight/Leaf_Blight00213.jpg,Leaf_Blight,Leaf_Blight,Correct,0.999955
datasets/test/Curl_Leaf/Curl_Leaf00101.jpg,Curl_Leaf,Curl_Leaf,Correct,1.000000
datasets/train/Curl_Leaf/Curl_Leaf00067.jpg,Curl_Leaf,Curl_Leaf,Correct,1.000000
datasets/train/Dry_Leaf/Dry_Leaf00224.jpg,Dry_Leaf,Dry_Leaf,Correct,0.999993
datasets/train/Fungal_Leaf_Spot/Fungal_Leaf_Spot00286.jpg,Fungal_Leaf_Spot,Fungal_Leaf_Spot,Correct,1.000000
datasets/test/Fungal_Leaf_Spot/Fungal_Leaf_Spot00444.jpg,Fungal_Leaf_Spot,Fungal_Leaf_Spot,Correct,1.000000
datasets/train/Dry_Leaf/Dry_Leaf00175.jpg,Dry_Leaf,Dry_Leaf,Correct,0.999964
datasets/train/Deficiency_Leaf/Deficiency_Leaf00007.jpg,Deficiency_Leaf,Deficiency_Leaf,Correct,0.999089
datasets/test/Fungal_Leaf_Spot/Fungal_Leaf_Spot00148.jpg,Fungal_Leaf_Spot,Fungal_Leaf_Spot,Correct,1.000000
datasets/train/Healthy_Leaf/Healthy_Leaf00097.jpg,Healthy_Leaf,Healthy_Leaf,Correct,1.000000
datasets/test/Leaf_Blight/Leaf_Blight00549.jpg,Leaf_Blight,Leaf_Blight,Correct,1.000000
datasets/train/Leaf_Gall/Leaf_Gall00115.jpg,Leaf_Gall,Leaf_Gall,Correct,0.999998
datasets/test/Fungal_Leaf_Spot/Fungal_Leaf_Spot00308.jpg,Fungal_Leaf_Spot,Fungal_Leaf_Spot,Correct,0.999999
datasets/train/Curl_Leaf/Curl_Leaf00105.jpg,Curl_Leaf,Curl_Leaf,Correct,1.000000
datasets/test/Anthrax_Leaf/Anthrax_Leaf00097.jpg,Anthrax_Leaf,Anthrax_Leaf,Correct,1.000000
datasets/test/Leaf_Blight/Leaf_Blight00099.jpg,Leaf_Blight,Leaf_Blight,Correct,0.999958
datasets/train/Fungal_Leaf_Spot/Fungal_Leaf_Spot00182.jpg,Fungal_Leaf_Spot,Fungal_Leaf_Spot,Correct,1.000000
datasets/train/Healthy_Leaf/Healthy_Leaf00421.jpg,Healthy_Leaf,Healthy_Leaf,Correct,0.999080
datasets/test/Leaf_Blight/Leaf_Blight00078.jpg,Leaf_Blight,Leaf_Blight,Correct,0.982390
datasets/train/Anthrax_Leaf/Anthrax_Leaf00014.jpg,Anthrax_Leaf,Anthrax_Leaf,Correct,0.979884
datasets/test/Curl_Leaf/Curl_Leaf00022.jpg,Curl_Leaf,Curl_Leaf,Correct,0.999978
datasets/test/Fungal_Leaf_Spot/Fungal_Leaf_Spot00015.jpg,Fungal_Leaf_Spot,Fungal_Leaf_Spot,Correct,1.000000
datasets/train/Fungal_Leaf_Spot/Fungal_Leaf_Spot00352.jpg,Fungal_Leaf_Spot,Fungal_Leaf_Spot,Correct,1.000000
datasets/train/Healthy_Leaf/Healthy_Leaf00272.jpg,Healthy_Leaf,Healthy_Leaf,Correct,0.999837
datasets/train/Leaf_Blight/Leaf_Blight00134.jpg,Leaf_Blight,Leaf_Blight,Correct,1.000000
datasets/test/Fungal_Leaf_Spot/Fungal_Leaf_Spot00177.jpg,Fungal_Leaf_Spot,Fungal_Leaf_Spot,Correct,1.000000
datasets/train/Leaf_Blight/Leaf_Blight00507.jpg,Leaf_Blight,Leaf_Blight,Correct,0.999989
datasets/test/Felt_Leaf/Felt_Leaf00375.jpg,Felt_Leaf,Felt_Leaf,Correct,0.996473
datasets/test/Leaf_Gall/Leaf_Gall00201.jpg,Leaf_Gall,Leaf_Gall,Correct,1.000000
datasets/train/Leaf_Gall/Leaf_Gall00265.jpg,Leaf_Gall,Leaf_Gall,Correct,1.000000
datasets/test/Leaf_Gall/Leaf_Gall00591.jpg,Leaf_Gall,Leaf_Gall,Correct,0.995343
datasets/test/Leaf_Blight/Leaf_Blight00587.jpg,Leaf_Blight,Leaf_Blight,Correct,0.999998
datasets/test/Fungal_Leaf_Spot/Fungal_Leaf_Spot00406.jpg,Fungal_Leaf_Spot,Fungal_Leaf_Spot,Correct,1.000000
datasets/test/Healthy_Leaf/Healthy_Leaf00392.jpg,Healthy_Leaf,Healthy_Leaf,Correct,0.999996
datasets/test/Leaf_Gall/Leaf_Gall00596.jpg,Leaf_Gall,Leaf_Gall,Correct,1.000000
datasets/train/Fungal_Leaf_Spot/Fungal_Leaf_Spot00489.jpg,Fungal_Leaf_Spot,Fungal_Leaf_Spot,Correct,0.999996
datasets/train/Fungal_Leaf_Spot/Fungal_Leaf_Spot00383.jpg,Fungal_Leaf_Spot,Fungal_Leaf_Spot,Correct,0.999949
datasets/train/Dry_Leaf/Dry_Leaf00083.jpg,Dry_Leaf,Dry_Leaf,Correct,1.000000
datasets/test/Felt_Leaf/Felt_Leaf00349.jpg,Felt_Leaf,Felt_Leaf,Correct,0.999190
datasets/test/Fungal_Leaf_Spot/Fungal_Leaf_Spot00325.jpg,Fungal_Leaf_Spot,Fungal_Leaf_Spot,Correct,1.000000
datasets/train/Healthy_Leaf/Healthy_Leaf00090.jpg,Healthy_Leaf,Healthy_Leaf,Correct,1.000000
datasets/test/Fungal_Leaf_Spot/Fungal_Leaf_Spot00088.jpg,Fungal_Leaf_Spot,Fungal_Leaf_Spot,Correct,1.000000
datasets/test/Dry_Leaf/Dry_Leaf00142.jpg,Dry_Leaf,Dry_Leaf,Correct,1.000000
datasets/test/Fungal_Leaf_Spot/Fungal_Leaf_Spot00116.jpg,Fungal_Leaf_Spot,Fungal_Leaf_Spot,Correct,1.000000
datasets/test/Dry_Leaf/Dry_Leaf00314.jpg,Dry_Leaf,Dry_Leaf,Correct,1.000000
datasets/test/Bituminous_Leaf/Bituminous_Leaf00072.jpg,Bituminous_Leaf,Bituminous_Leaf,Correct,0.999948
datasets/train/Fungal_Leaf_Spot/Fungal_Leaf_Spot00070.jpg,Fungal_Leaf_Spot,Fungal_Leaf_Spot,Correct,1.000000
datasets/test/Healthy_Leaf/Healthy_Leaf00169.jpg,Healthy_Leaf,Healthy_Leaf,Correct,1.000000
datasets/test/Leaf_Gall/Leaf_Gall00565.jpg,Leaf_Gall,Leaf_Gall,Correct,1.000000
datasets/test/Felt_Leaf/Felt_Leaf00122.jpg,Felt_Leaf,Felt_Leaf,Correct,0.999982
datasets/test/Dry_Leaf/Dry_Leaf00267.jpg,Dry_Leaf,Dry_Leaf,Correct,1.000000
datasets/test/Fungal_Leaf_Spot/Fungal_Leaf_Spot00411.jpg,Fungal_Leaf_Spot,Fungal_Leaf_Spot,Correct,1.000000
datasets/train/Leaf_Gall/Leaf_Gall00519.jpg,Leaf_Gall,Leaf_Gall,Correct,0.982411
datasets/train/Dry_Leaf/Dry_Leaf00008.jpg,Dry_Leaf,Dry_Leaf,Correct,1.000000
datasets/train/Curl_Leaf/Curl_Leaf00152.jpg,Curl_Leaf,Curl_Leaf,Correct,0.999835
datasets/train/Bituminous_Leaf/Bituminous_Leaf00096.jpg,Bituminous_Leaf,Bituminous_Leaf,Correct,0.994188
datasets/test/Deficiency_Leaf/Deficiency_Leaf00079.jpg,Deficiency_Leaf,Deficiency_Leaf,Correct,0.887366
datasets/test/Healthy_Leaf/Healthy_Leaf00465.jpg,Healthy_Leaf,Healthy_Leaf,Correct,0.999970
datasets/test/Leaf_Gall/Leaf_Gall00482.jpg,Leaf_Gall,Leaf_Gall,Correct,1.000000
datasets/test/Healthy_Leaf/Healthy_Leaf00075.jpg,Healthy_Leaf,Healthy_Leaf,Correct,1.000000
datasets/test/Felt_Leaf/Felt_Leaf00339.jpg,Felt_Leaf,Felt_Leaf,Correct,0.999297
datasets/test/Healthy_Leaf/Healthy_Leaf00302.jpg,Healthy_Leaf,Healthy_Leaf,Correct,1.000000
datasets/test/Felt_Leaf/Felt_Leaf00155.jpg,Felt_Leaf,Fungal_Leaf_Spot,Incorrect,0.965013
datasets/test/Healthy_Leaf/Healthy_Leaf00565.jpg,Healthy_Leaf,Healthy_Leaf,Correct,1.000000
datasets/train/Leaf_Blight/Leaf_Blight00477.jpg,Leaf_Blight,Leaf_Blight,Correct,1.000000
datasets/train/Felt_Leaf/Felt_Leaf00103.jpg,Felt_Leaf,Felt_Leaf,Correct,0.999134
datasets/test/Leaf_Gall/Leaf_Gall00045.jpg,Leaf_Gall,Leaf_Gall,Correct,0.999987
datasets/test/Healthy_Leaf/Healthy_Leaf00368.jpg,Healthy_Leaf,Healthy_Leaf,Correct,1.000000
datasets/test/Leaf_Blight/Leaf_Blight00097.jpg,Leaf_Blight,Leaf_Blight,Correct,0.999542
datasets/train/Leaf_Gall/Leaf_Gall00197.jpg,Leaf_Gall,Leaf_Gall,Correct,1.000000
datasets/test/Leaf_Gall/Leaf_Gall00294.jpg,Leaf_Gall,Leaf_Gall,Correct,1.000000
datasets/train/Dry_Leaf/Dry_Leaf00009.jpg,Dry_Leaf,Dry_Leaf,Correct,1.000000
datasets/train/Fungal_Leaf_Spot/Fungal_Leaf_Spot00270.jpg,Fungal_Leaf_Spot,Fungal_Leaf_Spot,Correct,1.000000
datasets/train/Fungal_Leaf_Spot/Fungal_Leaf_Spot00403.jpg,Fungal_Leaf_Spot,Fungal_Leaf_Spot,Correct,0.999999
datasets/test/Healthy_Leaf/Healthy_Leaf00583.jpg,Healthy_Leaf,Healthy_Leaf,Correct,1.000000
datasets/test/Dry_Leaf/Dry_Leaf00324.jpg,Dry_Leaf,Dry_Leaf,Correct,1.000000
datasets/train/Felt_Leaf/Felt_Leaf00194.jpg,Felt_Leaf,Felt_Leaf,Correct,0.999951
datasets/test/Curl_Leaf/Curl_Leaf00114.jpg,Curl_Leaf,Curl_Leaf,Correct,1.000000
datasets/test/Healthy_Leaf/Healthy_Leaf00152.jpg,Healthy_Leaf,Healthy_Leaf,Correct,1.000000
datasets/train/Deficiency_Leaf/Deficiency_Leaf00103.jpg,Deficiency_Leaf,Deficiency_Leaf,Correct,0.998340
datasets/train/Anthrax_Leaf/Anthrax_Leaf00041.jpg,Anthrax_Leaf,Anthrax_Leaf,Correct,1.000000
datasets/test/Leaf_Gall/Leaf_Gall00403.jpg,Leaf_Gall,Leaf_Gall,Correct,0.999565
datasets/train/Leaf_Blight/Leaf_Blight00402.jpg,Leaf_Blight,Leaf_Blight,Correct,0.999981
datasets/test/Fungal_Leaf_Spot/Fungal_Leaf_Spot00104.jpg,Fungal_Leaf_Spot,Fungal_Leaf_Spot,Correct,0.999907
datasets/train/Leaf_Gall/Leaf_Gall00006.jpg,Leaf_Gall,Leaf_Gall,Correct,0.999972
datasets/train/Leaf_Gall/Leaf_Gall00322.jpg,Leaf_Gall,Leaf_Gall,Correct,1.000000
datasets/train/Leaf_Gall/Leaf_Gall00177.jpg,Leaf_Gall,Leaf_Gall,Correct,0.999697
datasets/test/Dry_Leaf/Dry_Leaf00058.jpg,Dry_Leaf,Dry_Leaf,Correct,1.000000
datasets/train/Curl_Leaf/Curl_Leaf00004.jpg,Curl_Leaf,Curl_Leaf,Correct,1.000000
datasets/test/Dry_Leaf/Dry_Leaf00086.jpg,Dry_Leaf,Dry_Leaf,Correct,0.999425
datasets/test/Fungal_Leaf_Spot/Fungal_Leaf_Spot00030.jpg,Fungal_Leaf_Spot,Fungal_Leaf_Spot,Correct,1.000000
datasets/train/Leaf_Blight/Leaf_Blight00541.jpg,Leaf_Blight,Leaf_Blight,Correct,1.000000
datasets/train/Bituminous_Leaf/Bituminous_Leaf00064.jpg,Bituminous_Leaf,Bituminous_Leaf,Correct,0.999965
datasets/test/Curl_Leaf/Curl_Leaf00169.jpg,Curl_Leaf,Curl_Leaf,Correct,1.000000
datasets/test/Fungal_Leaf_Spot/Fungal_Leaf_Spot00033.jpg,Fungal_Leaf_Spot,Fungal_Leaf_Spot,Correct,1.000000
datasets/test/Felt_Leaf/Felt_Leaf00251.jpg,Felt_Leaf,Felt_Leaf,Correct,0.999665
datasets/test/Fungal_Leaf_Spot/Fungal_Leaf_Spot00404.jpg,Fungal_Leaf_Spot,Fungal_Leaf_Spot,Correct,1.000000
datasets/train/Dry_Leaf/Dry_Leaf00269.jpg,Dry_Leaf,Dry_Leaf,Correct,1.000000
datasets/test/Leaf_Gall/Leaf_Gall00524.jpg,Leaf_Gall,Leaf_Gall,Correct,0.900780
datasets/train/Leaf_Gall/Leaf_Gall00216.jpg,Leaf_Gall,Leaf_Gall,Correct,1.000000
datasets/train/Fungal_Leaf_Spot/Fungal_Leaf_Spot00475.jpg,Fungal_Leaf_Spot,Fungal_Leaf_Spot,Correct,1.000000
datasets/train/Leaf_Blight/Leaf_Blight00295.jpg,Leaf_Blight,Leaf_Blight,Correct,1.000000
datasets/test/Leaf_Blight/Leaf_Blight00308.jpg,Leaf_Blight,Leaf_Blight,Correct,1.000000
datasets/test/Fungal_Leaf_Spot/Fungal_Leaf_Spot00485.jpg,Fungal_Leaf_Spot,Fungal_Leaf_Spot,Correct,0.999999
datasets/test/Leaf_Blight/Leaf_Blight00281.jpg,Leaf_Blight,Leaf_Blight,Correct,0.999998
datasets/test/Healthy_Leaf/Healthy_Leaf00355.jpg,Healthy_Leaf,Healthy_Leaf,Correct,1.000000
datasets/test/Healthy_Leaf/Healthy_Leaf00029.jpg,Healthy_Leaf,Healthy_Leaf,Correct,0.999999
datasets/test/Felt_Leaf/Felt_Leaf00051.jpg,Felt_Leaf,Felt_Leaf,Correct,0.999964
datasets/test/Curl_Leaf/Curl_Leaf00086.jpg,Curl_Leaf,Curl_Leaf,Correct,0.999979
datasets/test/Healthy_Leaf/Healthy_Leaf00109.jpg,Healthy_Leaf,Healthy_Leaf,Correct,1.000000
datasets/train/Fungal_Leaf_Spot/Fungal_Leaf_Spot00435.jpg,Fungal_Leaf_Spot,Fungal_Leaf_Spot,Correct,1.000000
datasets/train/Fungal_Leaf_Spot/Fungal_Leaf_Spot00179.jpg,Fungal_Leaf_Spot,Fungal_Leaf_Spot,Correct,0.999999
datasets/test/Leaf_Blight/Leaf_Blight00020.jpg,Leaf_Blight,Leaf_Blight,Correct,0.999999
datasets/test/Leaf_Blight/Leaf_Blight00529.jpg,Leaf_Blight,Leaf_Blight,Correct,1.000000
datasets/test/Leaf_Blight/Leaf_Blight00410.jpg,Leaf_Blight,Leaf_Blight,Correct,0.951813
datasets/test/Healthy_Leaf/Healthy_Leaf00112.jpg,Healthy_Leaf,Healthy_Leaf,Correct,1.000000
datasets/test/Felt_Leaf/Felt_Leaf00238.jpg,Felt_Leaf,Felt_Leaf,Correct,0.999671
datasets/train/Anthrax_Leaf/Anthrax_Leaf00124.jpg,Anthrax_Leaf,Anthrax_Leaf,Correct,1.000000
datasets/test/Leaf_Gall/Leaf_Gall00582.jpg,Leaf_Gall,Leaf_Gall,Correct,1.000000
datasets/train/Leaf_Gall/Leaf_Gall00384.jpg,Leaf_Gall,Leaf_Gall,Correct,0.999986
datasets/test/Bituminous_Leaf/Bituminous_Leaf00102.jpg,Bituminous_Leaf,Bituminous_Leaf,Correct,0.999111
datasets/train/Felt_Leaf/Felt_Leaf00185.jpg,Felt_Leaf,Felt_Leaf,Correct,0.999975
datasets/test/Healthy_Leaf/Healthy_Leaf00347.jpg,Healthy_Leaf,Healthy_Leaf,Correct,0.999998
datasets/train/Leaf_Blight/Leaf_Blight00377.jpg,Leaf_Blight,Leaf_Blight,Correct,1.000000
datasets/test/Dry_Leaf/Dry_Leaf00272.jpg,Dry_Leaf,Dry_Leaf,Correct,1.000000
datasets/train/Curl_Leaf/Curl_Leaf00171.jpg,Curl_Leaf,Curl_Leaf,Correct,1.000000
datasets/train/Leaf_Gall/Leaf_Gall00082.jpg,Leaf_Gall,Leaf_Gall,Correct,1.000000
datasets/test/Felt_Leaf/Felt_Leaf00173.jpg,Felt_Leaf,Felt_Leaf,Correct,1.000000
datasets/train/Dry_Leaf/Dry_Leaf00120.jpg,Dry_Leaf,Dry_Leaf,Correct,0.999998
datasets/train/Fungal_Leaf_Spot/Fungal_Leaf_Spot00499.jpg,Fungal_Leaf_Spot,Fungal_Leaf_Spot,Correct,1.000000
datasets/test/Leaf_Blight/Leaf_Blight00343.jpg,Leaf_Blight,Leaf_Blight,Correct,0.999996
datasets/test/Fungal_Leaf_Spot/Fungal_Leaf_Spot00452.jpg,Fungal_Leaf_Spot,Fungal_Leaf_Spot,Correct,0.997661
datasets/train/Healthy_Leaf/Healthy_Leaf00009.jpg,Healthy_Leaf,Healthy_Leaf,Correct,1.000000
datasets/train/Fungal_Leaf_Spot/Fungal_Leaf_Spot00542.jpg,Fungal_Leaf_Spot,Fungal_Leaf_Spot,Correct,1.000000
datasets/train/Fungal_Leaf_Spot/Fungal_Leaf_Spot00135.jpg,Fungal_Leaf_Spot,Fungal_Leaf_Spot,Correct,1.000000
datasets/train/Leaf_Blight/Leaf_Blight00259.jpg,Leaf_Blight,Leaf_Blight,Correct,1.000000
datasets/train/Leaf_Gall/Leaf_Gall00287.jpg,Leaf_Gall,Leaf_Gall,Correct,0.999999
datasets/train/Leaf_Gall/Leaf_Gall00508.jpg,Leaf_Gall,Leaf_Gall,Correct,0.999992
datasets/test/Leaf_Gall/Leaf_Gall00234.jpg,Leaf_Gall,Leaf_Gall,Correct,1.000000
datasets/train/Curl_Leaf/Curl_Leaf00150.jpg,Curl_Leaf,Curl_Leaf,Correct,0.843678
datasets/test/Dry_Leaf/Dry_Leaf00169.jpg,Dry_Leaf,Dry_Leaf,Correct,1.000000
datasets/train/Healthy_Leaf/Healthy_Leaf00571.jpg,Healthy_Leaf,Healthy_Leaf,Correct,1.000000
datasets/test/Fungal_Leaf_Spot/Fungal_Leaf_Spot00504.jpg,Fungal_Leaf_Spot,Fungal_Leaf_Spot,Correct,1.000000
datasets/test/Felt_Leaf/Felt_Leaf00330.jpg,Felt_Leaf,Felt_Leaf,Correct,0.999999
datasets/train/Dry_Leaf/Dry_Leaf00234.jpg,Dry_Leaf,Dry_Leaf,Correct,1.000000
datasets/test/Healthy_Leaf/Healthy_Leaf00230.jpg,Healthy_Leaf,Healthy_Leaf,Correct,1.000000
datasets/train/Leaf_Blight/Leaf_Blight00535.jpg,Leaf_Blight,Leaf_Blight,Correct,0.999999
datasets/train/Felt_Leaf/Felt_Leaf00192.jpg,Felt_Leaf,Felt_Leaf,Correct,0.999995
datasets/train/Leaf_Blight/Leaf_Blight00093.jpg,Leaf_Blight,Leaf_Blight,Correct,0.999735
datasets/train/Dry_Leaf/Dry_Leaf00163.jpg,Dry_Leaf,Dry_Leaf,Correct,1.000000
datasets/test/Fungal_Leaf_Spot/Fungal_Leaf_Spot00128.jpg,Fungal_Leaf_Spot,Fungal_Leaf_Spot,Correct,0.999986
datasets/test/Leaf_Blight/Leaf_Blight00334.jpg,Leaf_Blight,Leaf_Blight,Correct,1.000000
datasets/test/Fungal_Leaf_Spot/Fungal_Leaf_Spot00229.jpg,Fungal_Leaf_Spot,Fungal_Leaf_Spot,Correct,1.000000
datasets/test/Leaf_Gall/Leaf_Gall00081.jpg,Leaf_Gall,Leaf_Gall,Correct,1.000000
datasets/train/Felt_Leaf/Felt_Leaf00280.jpg,Felt_Leaf,Felt_Leaf,Correct,0.988518
datasets/test/Bituminous_Leaf/Bituminous_Leaf00119.jpg,Bituminous_Leaf,Bituminous_Leaf,Correct,0.984148
datasets/test/Leaf_Blight/Leaf_Blight00289.jpg,Leaf_Blight,Leaf_Blight,Correct,0.999997
datasets/test/Fungal_Leaf_Spot/Fungal_Leaf_Spot00353.jpg,Fungal_Leaf_Spot,Fungal_Leaf_Spot,Correct,1.000000
datasets/test/Fungal_Leaf_Spot/Fungal_Leaf_Spot00433.jpg,Fungal_Leaf_Spot,Fungal_Leaf_Spot,Correct,1.000000
datasets/train/Felt_Leaf/Felt_Leaf00148.jpg,Felt_Leaf,Felt_Leaf,Correct,0.999986
datasets/test/Healthy_Leaf/Healthy_Leaf00159.jpg,Healthy_Leaf,Healthy_Leaf,Correct,1.000000
datasets/test/Dry_Leaf/Dry_Leaf00026.jpg,Dry_Leaf,Dry_Leaf,Correct,1.000000
datasets/train/Healthy_Leaf/Healthy_Leaf00217.jpg,Healthy_Leaf,Healthy_Leaf,Correct,0.999992
datasets/test/Leaf_Gall/Leaf_Gall00038.jpg,Leaf_Gall,Leaf_Gall,Correct,0.999727
datasets/test/Dry_Leaf/Dry_Leaf00024.jpg,Dry_Leaf,Dry_Leaf,Correct,1.000000
datasets/test/Curl_Leaf/Curl_Leaf00046.jpg,Curl_Leaf,Curl_Leaf,Correct,0.999999
datasets/test/Felt_Leaf/Felt_Leaf00123.jpg,Felt_Leaf,Felt_Leaf,Correct,0.998047
datasets/train/Healthy_Leaf/Healthy_Leaf00319.jpg,Healthy_Leaf,Healthy_Leaf,Correct,1.000000
datasets/train/Healthy_Leaf/Healthy_Leaf00399.jpg,Healthy_Leaf,Healthy_Leaf,Correct,0.999977
datasets/test/Fungal_Leaf_Spot/Fungal_Leaf_Spot00017.jpg,Fungal_Leaf_Spot,Fungal_Leaf_Spot,Correct,0.999991
datasets/test/Leaf_Blight/Leaf_Blight00346.jpg,Leaf_Blight,Leaf_Blight,Correct,0.999999
datasets/test/Fungal_Leaf_Spot/Fungal_Leaf_Spot00168.jpg,Fungal_Leaf_Spot,Fungal_Leaf_Spot,Correct,1.000000
datasets/test/Fungal_Leaf_Spot/Fungal_Leaf_Spot00332.jpg,Fungal_Leaf_Spot,Fungal_Leaf_Spot,Correct,0.999991
datasets/train/Fungal_Leaf_Spot/Fungal_Leaf_Spot00345.jpg,Fungal_Leaf_Spot,Fungal_Leaf_Spot,Correct,1.000000
datasets/test/Anthrax_Leaf/Anthrax_Leaf00089.jpg,Anthrax_Leaf,Anthrax_Leaf,Correct,1.000000
datasets/test/Leaf_Blight/Leaf_Blight00444.jpg,Leaf_Blight,Leaf_Blight,Correct,0.999994
datasets/test/Dry_Leaf/Dry_Leaf00005.jpg,Dry_Leaf,Dry_Leaf,Correct,1.000000
datasets/test/Leaf_Gall/Leaf_Gall00192.jpg,Leaf_Gall,Leaf_Gall,Correct,0.999997
datasets/test/Felt_Leaf/Felt_Leaf00113.jpg,Felt_Leaf,Felt_Leaf,Correct,1.000000
datasets/test/Anthrax_Leaf/Anthrax_Leaf00065.jpg,Anthrax_Leaf,Anthrax_Leaf,Correct,0.999997
datasets/test/Fungal_Leaf_Spot/Fungal_Leaf_Spot00530.jpg,Fungal_Leaf_Spot,Fungal_Leaf_Spot,Correct,1.000000
datasets/test/Leaf_Gall/Leaf_Gall00040.jpg,Leaf_Gall,Leaf_Gall,Correct,1.000000
datasets/train/Leaf_Blight/Leaf_Blight00237.jpg,Leaf_Blight,Leaf_Blight,Correct,0.999825
datasets/train/Leaf_Gall/Leaf_Gall00340.jpg,Leaf_Gall,Leaf_Gall,Correct,0.821671
datasets/train/Leaf_Gall/Leaf_Gall00147.jpg,Leaf_Gall,Felt_Leaf,Incorrect,0.538875
datasets/test/Fungal_Leaf_Spot/Fungal_Leaf_Spot00263.jpg,Fungal_Leaf_Spot,Fungal_Leaf_Spot,Correct,1.000000
datasets/test/Leaf_Gall/Leaf_Gall00107.jpg,Leaf_Gall,Leaf_Gall,Correct,1.000000
datasets/train/Leaf_Gall/Leaf_Gall00190.jpg,Leaf_Gall,Leaf_Gall,Correct,0.999999
datasets/test/Felt_Leaf/Felt_Leaf00114.jpg,Felt_Leaf,Felt_Leaf,Correct,0.996217
datasets/test/Fungal_Leaf_Spot/Fungal_Leaf_Spot00034.jpg,Fungal_Leaf_Spot,Fungal_Leaf_Spot,Correct,1.000000
datasets/train/Healthy_Leaf/Healthy_Leaf00115.jpg,Healthy_Leaf,Healthy_Leaf,Correct,1.000000
datasets/test/Deficiency_Leaf/Deficiency_Leaf00037.jpg,Deficiency_Leaf,Deficiency_Leaf,Correct,0.722955
datasets/test/Fungal_Leaf_Spot/Fungal_Leaf_Spot00124.jpg,Fungal_Leaf_Spot,Fungal_Leaf_Spot,Correct,0.999821
datasets/train/Leaf_Gall/Leaf_Gall00572.jpg,Leaf_Gall,Leaf_Gall,Correct,1.000000
datasets/test/Anthrax_Leaf/Anthrax_Leaf00135.jpg,Anthrax_Leaf,Anthrax_Leaf,Correct,1.000000
datasets/test/Healthy_Leaf/Healthy_Leaf00488.jpg,Healthy_Leaf,Healthy_Leaf,Correct,0.999750
datasets/test/Leaf_Blight/Leaf_Blight00120.jpg,Leaf_Blight,Leaf_Blight,Correct,1.000000
datasets/test/Leaf_Gall/Leaf_Gall00438.jpg,Leaf_Gall,Leaf_Gall,Correct,0.999974
datasets/train/Curl_Leaf/Curl_Leaf00038.jpg,Curl_Leaf,Curl_Leaf,Correct,0.999862
datasets/test/Felt_Leaf/Felt_Leaf00241.jpg,Felt_Leaf,Felt_Leaf,Correct,0.999907
datasets/train/Leaf_Blight/Leaf_Blight00380.jpg,Leaf_Blight,Leaf_Blight,Correct,1.000000
datasets/train/Healthy_Leaf/Healthy_Leaf00265.jpg,Healthy_Leaf,Healthy_Leaf,Correct,0.999998
datasets/test/Felt_Leaf/Felt_Leaf00043.jpg,Felt_Leaf,Felt_Leaf,Correct,0.999999
datasets/test/Leaf_Blight/Leaf_Blight00558.jpg,Leaf_Blight,Leaf_Blight,Correct,1.000000
datasets/test/Fungal_Leaf_Spot/Fungal_Leaf_Spot00068.jpg,Fungal_Leaf_Spot,Fungal_Leaf_Spot,Correct,1.000000
datasets/train/Leaf_Gall/Leaf_Gall00492.jpg,Leaf_Gall,Leaf_Gall,Correct,1.000000
datasets/test/Anthrax_Leaf/Anthrax_Leaf00012.jpg,Anthrax_Leaf,Anthrax_Leaf,Correct,0.777677
datasets/test/Leaf_Gall/Leaf_Gall00074.jpg,Leaf_Gall,Leaf_Gall,Correct,0.817758
datasets/train/Fungal_Leaf_Spot/Fungal_Leaf_Spot00299.jpg,Fungal_Leaf_Spot,Fungal_Leaf_Spot,Correct,0.999957
datasets/train/Fungal_Leaf_Spot/Fungal_Leaf_Spot00212.jpg,Fungal_Leaf_Spot,Fungal_Leaf_Spot,Correct,1.000000
datasets/test/Leaf_Blight/Leaf_Blight00076.jpg,Leaf_Blight,Leaf_Gall,Incorrect,0.531880
datasets/train/Healthy_Leaf/Healthy_Leaf00235.jpg,Healthy_Leaf,Healthy_Leaf,Correct,1.000000
datasets/train/Felt_Leaf/Felt_Leaf00070.jpg,Felt_Leaf,Felt_Leaf,Correct,0.999999
datasets/test/Leaf_Gall/Leaf_Gall00306.jpg,Leaf_Gall,Leaf_Gall,Correct,1.000000
datasets/test/Fungal_Leaf_Spot/Fungal_Leaf_Spot00362.jpg,Fungal_Leaf_Spot,Fungal_Leaf_Spot,Correct,0.999982
datasets/test/Leaf_Blight/Leaf_Blight00517.jpg,Leaf_Blight,Leaf_Blight,Correct,0.999999
datasets/test/Curl_Leaf/Curl_Leaf00034.jpg,Curl_Leaf,Curl_Leaf,Correct,0.999988
datasets/test/Leaf_Gall/Leaf_Gall00298.jpg,Leaf_Gall,Leaf_Gall,Correct,1.000000
datasets/test/Fungal_Leaf_Spot/Fungal_Leaf_Spot00348.jpg,Fungal_Leaf_Spot,Fungal_Leaf_Spot,Correct,0.999993
datasets/train/Leaf_Gall/Leaf_Gall00526.jpg,Leaf_Gall,Leaf_Gall,Correct,0.999999
datasets/test/Felt_Leaf/Felt_Leaf00175.jpg,Felt_Leaf,Felt_Leaf,Correct,0.999997
datasets/train/Healthy_Leaf/Healthy_Leaf00058.jpg,Healthy_Leaf,Healthy_Leaf,Correct,1.000000
datasets/test/Leaf_Blight/Leaf_Blight00560.jpg,Leaf_Blight,Leaf_Blight,Correct,1.000000
datasets/train/Deficiency_Leaf/Deficiency_Leaf00087.jpg,Deficiency_Leaf,Deficiency_Leaf,Correct,0.999966
datasets/train/Deficiency_Leaf/Deficiency_Leaf00013.jpg,Deficiency_Leaf,Deficiency_Leaf,Correct,0.999516
datasets/test/Bituminous_Leaf/Bituminous_Leaf00094.jpg,Bituminous_Leaf,Bituminous_Leaf,Correct,0.997530
datasets/test/Leaf_Blight/Leaf_Blight00434.jpg,Leaf_Blight,Leaf_Blight,Correct,0.999999
datasets/test/Curl_Leaf/Curl_Leaf00112.jpg,Curl_Leaf,Curl_Leaf,Correct,1.000000
datasets/test/Leaf_Gall/Leaf_Gall00050.jpg,Leaf_Gall,Leaf_Gall,Correct,1.000000
datasets/train/Healthy_Leaf/Healthy_Leaf00102.jpg,Healthy_Leaf,Healthy_Leaf,Correct,1.000000
datasets/train/Felt_Leaf/Felt_Leaf00247.jpg,Felt_Leaf,Felt_Leaf,Correct,0.999148
datasets/train/Felt_Leaf/Felt_Leaf00242.jpg,Felt_Leaf,Felt_Leaf,Correct,0.999983
datasets/test/Leaf_Gall/Leaf_Gall00284.jpg,Leaf_Gall,Leaf_Gall,Correct,0.999973
datasets/train/Leaf_Gall/Leaf_Gall00272.jpg,Leaf_Gall,Leaf_Gall,Correct,1.000000
datasets/train/Curl_Leaf/Curl_Leaf00178.jpg,Curl_Leaf,Curl_Leaf,Correct,1.000000
datasets/test/Healthy_Leaf/Healthy_Leaf00067.jpg,Healthy_Leaf,Healthy_Leaf,Correct,1.000000
datasets/test/Dry_Leaf/Dry_Leaf00022.jpg,Dry_Leaf,Dry_Leaf,Correct,1.000000
datasets/test/Fungal_Leaf_Spot/Fungal_Leaf_Spot00118.jpg,Fungal_Leaf_Spot,Fungal_Leaf_Spot,Correct,1.000000
datasets/test/Leaf_Blight/Leaf_Blight00296.jpg,Leaf_Blight,Leaf_Blight,Correct,1.000000
datasets/test/Leaf_Gall/Leaf_Gall00228.jpg,Leaf_Gall,Leaf_Gall,Correct,1.000000
datasets/test/Fungal_Leaf_Spot/Fungal_Leaf_Spot00379.jpg,Fungal_Leaf_Spot,Fungal_Leaf_Spot,Correct,0.999942
datasets/test/Leaf_Blight/Leaf_Blight00018.jpg,Leaf_Blight,Leaf_Blight,Correct,1.000000
datasets/test/Leaf_Blight/Leaf_Blight00415.jpg,Leaf_Blight,Leaf_Blight,Correct,0.999518
datasets/test/Leaf_Blight/Leaf_Blight00386.jpg,Leaf_Blight,Leaf_Blight,Correct,1.000000
datasets/train/Fungal_Leaf_Spot/Fungal_Leaf_Spot00184.jpg,Fungal_Leaf_Spot,Fungal_Leaf_Spot,Correct,1.000000
datasets/test/Anthrax_Leaf/Anthrax_Leaf00082.jpg,Anthrax_Leaf,Anthrax_Leaf,Correct,1.000000
datasets/test/Leaf_Blight/Leaf_Blight00411.jpg,Leaf_Blight,Leaf_Blight,Correct,0.553390
datasets/test/Fungal_Leaf_Spot/Fungal_Leaf_Spot00329.jpg,Fungal_Leaf_Spot,Fungal_Leaf_Spot,Correct,1.000000
datasets/test/Fungal_Leaf_Spot/Fungal_Leaf_Spot00402.jpg,Fungal_Leaf_Spot,Fungal_Leaf_Spot,Correct,1.000000
datasets/test/Bituminous_Leaf/Bituminous_Leaf00022.jpg,Bituminous_Leaf,Bituminous_Leaf,Correct,0.999552
datasets/test/Leaf_Blight/Leaf_Blight00313.jpg,Leaf_Blight,Leaf_Blight,Correct,1.000000
datasets/train/Leaf_Gall/Leaf_Gall00338.jpg,Leaf_Gall,Leaf_Gall,Correct,0.761807
datasets/train/Leaf_Gall/Leaf_Gall00532.jpg,Leaf_Gall,Leaf_Gall,Correct,0.993772
datasets/train/Dry_Leaf/Dry_Leaf00248.jpg,Dry_Leaf,Dry_Leaf,Correct,0.999999
datasets/train/Leaf_Blight/Leaf_Blight00579.jpg,Leaf_Blight,Leaf_Blight,Correct,0.999986
datasets/train/Healthy_Leaf/Healthy_Leaf00197.jpg,Healthy_Leaf,Healthy_Leaf,Correct,0.999998
datasets/test/Leaf_Gall/Leaf_Gall00004.jpg,Leaf_Gall,Leaf_Gall,Correct,0.999975
datasets/train/Fungal_Leaf_Spot/Fungal_Leaf_Spot00384.jpg,Fungal_Leaf_Spot,Fungal_Leaf_Spot,Correct,0.962476
datasets/test/Leaf_Gall/Leaf_Gall00154.jpg,Leaf_Gall,Leaf_Gall,Correct,0.999140
datasets/train/Fungal_Leaf_Spot/Fungal_Leaf_Spot00271.jpg,Fungal_Leaf_Spot,Fungal_Leaf_Spot,Correct,0.999997
datasets/test/Bituminous_Leaf/Bituminous_Leaf00085.jpg,Bituminous_Leaf,Bituminous_Leaf,Correct,0.999983
datasets/test/Leaf_Gall/Leaf_Gall00277.jpg,Leaf_Gall,Leaf_Gall,Correct,1.000000
datasets/test/Felt_Leaf/Felt_Leaf00212.jpg,Felt_Leaf,Felt_Leaf,Correct,0.999975
datasets/test/Fungal_Leaf_Spot/Fungal_Leaf_Spot00161.jpg,Fungal_Leaf_Spot,Fungal_Leaf_Spot,Correct,1.000000
datasets/train/Bituminous_Leaf/Bituminous_Leaf00019.jpg,Bituminous_Leaf,Bituminous_Leaf,Correct,0.999973
datasets/test/Dry_Leaf/Dry_Leaf00200.jpg,Dry_Leaf,Dry_Leaf,Correct,1.000000
datasets/test/Leaf_Blight/Leaf_Blight00322.jpg,Leaf_Blight,Leaf_Blight,Correct,1.000000
datasets/test/Healthy_Leaf/Healthy_Leaf00433.jpg,Healthy_Leaf,Healthy_Leaf,Correct,0.999998
datasets/test/Felt_Leaf/Felt_Leaf00210.jpg,Felt_Leaf,Felt_Leaf,Correct,0.999943
datasets/train/Leaf_Blight/Leaf_Blight00326.jpg,Leaf_Blight,Leaf_Blight,Correct,1.000000
datasets/test/Curl_Leaf/Curl_Leaf00108.jpg,Curl_Leaf,Curl_Leaf,Correct,0.999992
datasets/test/Leaf_Blight/Leaf_Blight00425.jpg,Leaf_Blight,Leaf_Blight,Correct,1.000000
datasets/train/Leaf_Blight/Leaf_Blight00029.jpg,Leaf_Blight,Leaf_Blight,Correct,0.999994
datasets/test/Dry_Leaf/Dry_Leaf00304.jpg,Dry_Leaf,Dry_Leaf,Correct,1.000000
datasets/train/Leaf_Gall/Leaf_Gall00196.jpg,Leaf_Gall,Leaf_Gall,Correct,1.000000
datasets/test/Leaf_Blight/Leaf_Blight00007.jpg,Leaf_Blight,Leaf_Blight,Correct,1.000000
datasets/test/Healthy_Leaf/Healthy_Leaf00592.jpg,Healthy_Leaf,Healthy_Leaf,Correct,1.000000
datasets/test/Felt_Leaf/Felt_Leaf00052.jpg,Felt_Leaf,Felt_Leaf,Correct,1.000000
datasets/test/Anthrax_Leaf/Anthrax_Leaf00112.jpg,Anthrax_Leaf,Anthrax_Leaf,Correct,0.999961
datasets/test/Dry_Leaf/Dry_Leaf00232.jpg,Dry_Leaf,Dry_Leaf,Correct,1.000000
datasets/train/Dry_Leaf/Dry_Leaf00217.jpg,Dry_Leaf,Dry_Leaf,Correct,0.999824
datasets/test/Bituminous_Leaf/Bituminous_Leaf00014.jpg,Bituminous_Leaf,Bituminous_Leaf,Correct,0.938736
datasets/test/Dry_Leaf/Dry_Leaf00139.jpg,Dry_Leaf,Dry_Leaf,Correct,0.999975
datasets/test/Dry_Leaf/Dry_Leaf00155.jpg,Dry_Leaf,Dry_Leaf,Correct,1.000000
datasets/test/Leaf_Blight/Leaf_Blight00075.jpg,Leaf_Blight,Leaf_Blight,Correct,0.988248
datasets/train/Felt_Leaf/Felt_Leaf00207.jpg,Felt_Leaf,Fungal_Leaf_Spot,Incorrect,0.713601
datasets/test/Leaf_Gall/Leaf_Gall00463.jpg,Leaf_Gall,Felt_Leaf,Incorrect,0.931562
datasets/train/Healthy_Leaf/Healthy_Leaf00040.jpg,Healthy_Leaf,Healthy_Leaf,Correct,1.000000
datasets/test/Fungal_Leaf_Spot/Fungal_Leaf_Spot00343.jpg,Fungal_Leaf_Spot,Fungal_Leaf_Spot,Correct,1.000000
datasets/train/Leaf_Blight/Leaf_Blight00392.jpg,Leaf_Blight,Leaf_Blight,Correct,1.000000
datasets/train/Dry_Leaf/Dry_Leaf00031.jpg,Dry_Leaf,Dry_Leaf,Correct,0.999996
datasets/train/Felt_Leaf/Felt_Leaf00252.jpg,Felt_Leaf,Felt_Leaf,Correct,0.902395
datasets/test/Fungal_Leaf_Spot/Fungal_Leaf_Spot00296.jpg,Fungal_Leaf_Spot,Fungal_Leaf_Spot,Correct,0.999924
datasets/train/Healthy_Leaf/Healthy_Leaf00551.jpg,Healthy_Leaf,Healthy_Leaf,Correct,0.999998
datasets/test/Healthy_Leaf/Healthy_Leaf00385.jpg,Healthy_Leaf,Healthy_Leaf,Correct,0.999989
datasets/test/Curl_Leaf/Curl_Leaf00154.jpg,Curl_Leaf,Curl_Leaf,Correct,1.000000
datasets/test/Deficiency_Leaf/Deficiency_Leaf00045.jpg,Deficiency_Leaf,Bituminous_Leaf,Incorrect,0.990493
datasets/test/Curl_Leaf/Curl_Leaf00110.jpg,Curl_Leaf,Curl_Leaf,Correct,1.000000
datasets/test/Healthy_Leaf/Healthy_Leaf00232.jpg,Healthy_Leaf,Healthy_Leaf,Correct,1.000000
datasets/test/Healthy_Leaf/Healthy_Leaf00428.jpg,Healthy_Leaf,Healthy_Leaf,Correct,0.999991
datasets/test/Fungal_Leaf_Spot/Fungal_Leaf_Spot00570.jpg,Fungal_Leaf_Spot,Fungal_Leaf_Spot,Correct,1.000000
datasets/train/Leaf_Blight/Leaf_Blight00491.jpg,Leaf_Blight,Leaf_Blight,Correct,1.000000
datasets/test/Anthrax_Leaf/Anthrax_Leaf00018.jpg,Anthrax_Leaf,Anthrax_Leaf,Correct,0.893968
datasets/test/Healthy_Leaf/Healthy_Leaf00581.jpg,Healthy_Leaf,Healthy_Leaf,Correct,0.999971
datasets/test/Fungal_Leaf_Spot/Fungal_Leaf_Spot00520.jpg,Fungal_Leaf_Spot,Fungal_Leaf_Spot,Correct,1.000000
datasets/test/Leaf_Gall/Leaf_Gall00175.jpg,Leaf_Gall,Leaf_Gall,Correct,1.000000
datasets/test/Fungal_Leaf_Spot/Fungal_Leaf_Spot00430.jpg,Fungal_Leaf_Spot,Fungal_Leaf_Spot,Correct,1.000000
datasets/train/Fungal_Leaf_Spot/Fungal_Leaf_Spot00373.jpg,Fungal_Leaf_Spot,Fungal_Leaf_Spot,Correct,1.000000
datasets/test/Dry_Leaf/Dry_Leaf00029.jpg,Dry_Leaf,Dry_Leaf,Correct,0.999999
datasets/test/Fungal_Leaf_Spot/Fungal_Leaf_Spot00170.jpg,Fungal_Leaf_Spot,Fungal_Leaf_Spot,Correct,0.999999
datasets/train/Deficiency_Leaf/Deficiency_Leaf00012.jpg,Deficiency_Leaf,Deficiency_Leaf,Correct,0.999882
datasets/train/Fungal_Leaf_Spot/Fungal_Leaf_Spot00375.jpg,Fungal_Leaf_Spot,Fungal_Leaf_Spot,Correct,0.999999
datasets/test/Felt_Leaf/Felt_Leaf00156.jpg,Felt_Leaf,Felt_Leaf,Correct,0.993844
datasets/train/Leaf_Gall/Leaf_Gall00563.jpg,Leaf_Gall,Leaf_Gall,Correct,0.999984
datasets/test/Leaf_Blight/Leaf_Blight00037.jpg,Leaf_Blight,Leaf_Blight,Correct,1.000000
datasets/test/Felt_Leaf/Felt_Leaf00029.jpg,Felt_Leaf,Felt_Leaf,Correct,1.000000
datasets/train/Fungal_Leaf_Spot/Fungal_Leaf_Spot00105.jpg,Fungal_Leaf_Spot,Fungal_Leaf_Spot,Correct,0.999999
datasets/test/Dry_Leaf/Dry_Leaf00091.jpg,Dry_Leaf,Dry_Leaf,Correct,0.999988
datasets/test/Leaf_Gall/Leaf_Gall00007.jpg,Leaf_Gall,Leaf_Gall,Correct,0.999999
datasets/train/Fungal_Leaf_Spot/Fungal_Leaf_Spot00363.jpg,Fungal_Leaf_Spot,Fungal_Leaf_Spot,Correct,0.999787
datasets/test/Dry_Leaf/Dry_Leaf00343.jpg,Dry_Leaf,Dry_Leaf,Correct,1.000000
datasets/test/Leaf_Blight/Leaf_Blight00332.jpg,Leaf_Blight,Leaf_Blight,Correct,1.000000
datasets/test/Felt_Leaf/Felt_Leaf00368.jpg,Felt_Leaf,Felt_Leaf,Correct,0.999999
datasets/train/Healthy_Leaf/Healthy_Leaf00353.jpg,Healthy_Leaf,Healthy_Leaf,Correct,1.000000
datasets/train/Healthy_Leaf/Healthy_Leaf00137.jpg,Healthy_Leaf,Healthy_Leaf,Correct,1.000000
datasets/test/Fungal_Leaf_Spot/Fungal_Leaf_Spot00453.jpg,Fungal_Leaf_Spot,Fungal_Leaf_Spot,Correct,0.999654
datasets/test/Healthy_Leaf/Healthy_Leaf00081.jpg,Healthy_Leaf,Healthy_Leaf,Correct,1.000000
datasets/test/Curl_Leaf/Curl_Leaf00115.jpg,Curl_Leaf,Curl_Leaf,Correct,0.999996
datasets/test/Dry_Leaf/Dry_Leaf00025.jpg,Dry_Leaf,Dry_Leaf,Correct,1.000000
datasets/train/Leaf_Gall/Leaf_Gall00106.jpg,Leaf_Gall,Leaf_Gall,Correct,0.999997
datasets/test/Felt_Leaf/Felt_Leaf00182.jpg,Felt_Leaf,Felt_Leaf,Correct,0.999421
datasets/train/Leaf_Gall/Leaf_Gall00380.jpg,Leaf_Gall,Leaf_Gall,Correct,1.000000
datasets/test/Healthy_Leaf/Healthy_Leaf00612.jpg,Healthy_Leaf,Healthy_Leaf,Correct,0.999973
datasets/test/Leaf_Blight/Leaf_Blight00142.jpg,Leaf_Blight,Leaf_Blight,Correct,0.999976
datasets/test/Dry_Leaf/Dry_Leaf00112.jpg,Dry_Leaf,Dry_Leaf,Correct,1.000000
datasets/test/Leaf_Gall/Leaf_Gall00031.jpg,Leaf_Gall,Leaf_Gall,Correct,0.999913
datasets/test/Leaf_Blight/Leaf_Blight00550.jpg,Leaf_Blight,Leaf_Blight,Correct,1.000000
datasets/test/Dry_Leaf/Dry_Leaf00280.jpg,Dry_Leaf,Dry_Leaf,Correct,1.000000
datasets/test/Leaf_Gall/Leaf_Gall00213.jpg,Leaf_Gall,Leaf_Gall,Correct,1.000000
datasets/test/Leaf_Gall/Leaf_Gall00539.jpg,Leaf_Gall,Leaf_Gall,Correct,0.999976
datasets/test/Felt_Leaf/Felt_Leaf00235.jpg,Felt_Leaf,Felt_Leaf,Correct,0.999952
datasets/train/Fungal_Leaf_Spot/Fungal_Leaf_Spot00524.jpg,Fungal_Leaf_Spot,Fungal_Leaf_Spot,Correct,1.000000
datasets/train/Leaf_Gall/Leaf_Gall00162.jpg,Leaf_Gall,Leaf_Gall,Correct,0.999998
datasets/test/Healthy_Leaf/Healthy_Leaf00246.jpg,Healthy_Leaf,Healthy_Leaf,Correct,0.999995
datasets/test/Leaf_Blight/Leaf_Blight00445.jpg,Leaf_Blight,Leaf_Blight,Correct,0.999977
datasets/test/Leaf_Gall/Leaf_Gall00377.jpg,Leaf_Gall,Leaf_Gall,Correct,0.999974
datasets/test/Healthy_Leaf/Healthy_Leaf00297.jpg,Healthy_Leaf,Healthy_Leaf,Correct,1.000000
datasets/train/Leaf_Gall/Leaf_Gall00281.jpg,Leaf_Gall,Leaf_Gall,Correct,0.999951
datasets/test/Leaf_Blight/Leaf_Blight00079.jpg,Leaf_Blight,Leaf_Blight,Correct,0.994612
datasets/test/Leaf_Gall/Leaf_Gall00011.jpg,Leaf_Gall,Leaf_Gall,Correct,0.999962
datasets/train/Fungal_Leaf_Spot/Fungal_Leaf_Spot00188.jpg,Fungal_Leaf_Spot,Fungal_Leaf_Spot,Correct,1.000000
datasets/train/Fungal_Leaf_Spot/Fungal_Leaf_Spot00359.jpg,Fungal_Leaf_Spot,Fungal_Leaf_Spot,Correct,1.000000
datasets/test/Leaf_Gall/Leaf_Gall00402.jpg,Leaf_Gall,Leaf_Gall,Correct,0.997246
datasets/train/Fungal_Leaf_Spot/Fungal_Leaf_Spot00428.jpg,Fungal_Leaf_Spot,Fungal_Leaf_Spot,Correct,1.000000
datasets/test/Leaf_Blight/Leaf_Blight00241.jpg,Leaf_Blight,Leaf_Blight,Correct,1.000000
datasets/test/Leaf_Gall/Leaf_Gall00250.jpg,Leaf_Gall,Leaf_Gall,Correct,1.000000
datasets/train/Curl_Leaf/Curl_Leaf00018.jpg,Curl_Leaf,Curl_Leaf,Correct,0.968725
datasets/test/Felt_Leaf/Felt_Leaf00079.jpg,Felt_Leaf,Felt_Leaf,Correct,0.999302
datasets/test/Leaf_Blight/Leaf_Blight00441.jpg,Leaf_Blight,Leaf_Blight,Correct,0.999796
datasets/test/Felt_Leaf/Felt_Leaf00248.jpg,Felt_Leaf,Felt_Leaf,Correct,0.999994
datasets/test/Deficiency_Leaf/Deficiency_Leaf00068.jpg,Deficiency_Leaf,Deficiency_Leaf,Correct,0.999381
datasets/test/Dry_Leaf/Dry_Leaf00001.jpg,Dry_Leaf,Dry_Leaf,Correct,1.000000
datasets/train/Leaf_Blight/Leaf_Blight00447.jpg,Leaf_Blight,Leaf_Blight,Correct,1.000000
datasets/train/Leaf_Blight/Leaf_Blight00211.jpg,Leaf_Blight,Leaf_Blight,Correct,0.997787
datasets/train/Bituminous_Leaf/Bituminous_Leaf00009.jpg,Bituminous_Leaf,Bituminous_Leaf,Correct,0.995888
datasets/train/Leaf_Blight/Leaf_Blight00109.jpg,Leaf_Blight,Leaf_Blight,Correct,0.999996
datasets/train/Healthy_Leaf/Healthy_Leaf00041.jpg,Healthy_Leaf,Healthy_Leaf,Correct,1.000000
datasets/train/Anthrax_Leaf/Anthrax_Leaf00114.jpg,Anthrax_Leaf,Anthrax_Leaf,Correct,0.997842
datasets/train/Leaf_Blight/Leaf_Blight00113.jpg,Leaf_Blight,Leaf_Blight,Correct,1.000000
datasets/test/Leaf_Blight/Leaf_Blight00339.jpg,Leaf_Blight,Leaf_Blight,Correct,1.000000
datasets/train/Leaf_Gall/Leaf_Gall00427.jpg,Leaf_Gall,Leaf_Gall,Correct,0.999944
datasets/test/Fungal_Leaf_Spot/Fungal_Leaf_Spot00173.jpg,Fungal_Leaf_Spot,Fungal_Leaf_Spot,Correct,1.000000
datasets/train/Leaf_Blight/Leaf_Blight00407.jpg,Leaf_Blight,Leaf_Blight,Correct,0.999913
datasets/test/Healthy_Leaf/Healthy_Leaf00281.jpg,Healthy_Leaf,Healthy_Leaf,Correct,0.999993
datasets/test/Leaf_Blight/Leaf_Blight00387.jpg,Leaf_Blight,Leaf_Blight,Correct,0.999964
datasets/train/Dry_Leaf/Dry_Leaf00064.jpg,Dry_Leaf,Dry_Leaf,Correct,1.000000
datasets/train/Leaf_Gall/Leaf_Gall00599.jpg,Leaf_Gall,Leaf_Gall,Correct,0.997422
datasets/test/Leaf_Blight/Leaf_Blight00255.jpg,Leaf_Blight,Leaf_Blight,Correct,0.999997
datasets/train/Fungal_Leaf_Spot/Fungal_Leaf_Spot00205.jpg,Fungal_Leaf_Spot,Fungal_Leaf_Spot,Correct,0.999997
datasets/test/Curl_Leaf/Curl_Leaf00035.jpg,Curl_Leaf,Curl_Leaf,Correct,0.913755
datasets/test/Leaf_Gall/Leaf_Gall00409.jpg,Leaf_Gall,Leaf_Gall,Correct,0.992843
datasets/train/Fungal_Leaf_Spot/Fungal_Leaf_Spot00049.jpg,Fungal_Leaf_Spot,Fungal_Leaf_Spot,Correct,1.000000
datasets/test/Healthy_Leaf/Healthy_Leaf00008.jpg,Healthy_Leaf,Healthy_Leaf,Correct,1.000000
datasets/test/Healthy_Leaf/Healthy_Leaf00054.jpg,Healthy_Leaf,Healthy_Leaf,Correct,1.000000
datasets/test/Leaf_Blight/Leaf_Blight00314.jpg,Leaf_Blight,Leaf_Blight,Correct,1.000000
datasets/train/Curl_Leaf/Curl_Leaf00123.jpg,Curl_Leaf,Curl_Leaf,Correct,0.789460
datasets/test/Leaf_Blight/Leaf_Blight00524.jpg,Leaf_Blight,Leaf_Blight,Correct,0.999992
datasets/test/Felt_Leaf/Felt_Leaf00100.jpg,Felt_Leaf,Felt_Leaf,Correct,0.999981
datasets/test/Felt_Leaf/Felt_Leaf00334.jpg,Felt_Leaf,Felt_Leaf,Correct,0.999626
datasets/train/Leaf_Gall/Leaf_Gall00230.jpg,Leaf_Gall,Leaf_Gall,Correct,1.000000
datasets/train/Felt_Leaf/Felt_Leaf00237.jpg,Felt_Leaf,Felt_Leaf,Correct,0.994313
datasets/test/Leaf_Blight/Leaf_Blight00260.jpg,Leaf_Blight,Leaf_Blight,Correct,0.999996
datasets/train/Leaf_Blight/Leaf_Blight00514.jpg,Leaf_Blight,Leaf_Blight,Correct,0.999992
datasets/train/Leaf_Gall/Leaf_Gall00111.jpg,Leaf_Gall,Leaf_Gall,Correct,1.000000
datasets/train/Leaf_Gall/Leaf_Gall00592.jpg,Leaf_Gall,Leaf_Gall,Correct,0.999804
datasets/train/Leaf_Blight/Leaf_Blight00227.jpg,Leaf_Blight,Leaf_Blight,Correct,0.999967
datasets/test/Fungal_Leaf_Spot/Fungal_Leaf_Spot00301.jpg,Fungal_Leaf_Spot,Fungal_Leaf_Spot,Correct,1.000000
datasets/test/Healthy_Leaf/Healthy_Leaf00085.jpg,Healthy_Leaf,Healthy_Leaf,Correct,1.000000
datasets/train/Felt_Leaf/Felt_Leaf00311.jpg,Felt_Leaf,Felt_Leaf,Correct,0.999999
datasets/test/Healthy_Leaf/Healthy_Leaf00140.jpg,Healthy_Leaf,Healthy_Leaf,Correct,1.000000
datasets/test/Anthrax_Leaf/Anthrax_Leaf00103.jpg,Anthrax_Leaf,Anthrax_Leaf,Correct,0.990336
datasets/test/Dry_Leaf/Dry_Leaf00148.jpg,Dry_Leaf,Dry_Leaf,Correct,1.000000
datasets/test/Bituminous_Leaf/Bituminous_Leaf00081.jpg,Bituminous_Leaf,Bituminous_Leaf,Correct,0.999999
datasets/train/Leaf_Gall/Leaf_Gall00571.jpg,Leaf_Gall,Leaf_Gall,Correct,1.000000
datasets/train/Anthrax_Leaf/Anthrax_Leaf00038.jpg,Anthrax_Leaf,Anthrax_Leaf,Correct,0.999998
datasets/test/Felt_Leaf/Felt_Leaf00076.jpg,Felt_Leaf,Felt_Leaf,Correct,0.999947
datasets/train/Healthy_Leaf/Healthy_Leaf00123.jpg,Healthy_Leaf,Healthy_Leaf,Correct,1.000000
datasets/test/Healthy_Leaf/Healthy_Leaf00555.jpg,Healthy_Leaf,Healthy_Leaf,Correct,0.999998
datasets/test/Healthy_Leaf/Healthy_Leaf00394.jpg,Healthy_Leaf,Healthy_Leaf,Correct,1.000000
datasets/test/Leaf_Gall/Leaf_Gall00446.jpg,Leaf_Gall,Leaf_Gall,Correct,0.999981
datasets/test/Leaf_Blight/Leaf_Blight00297.jpg,Leaf_Blight,Leaf_Blight,Correct,1.000000
datasets/train/Leaf_Gall/Leaf_Gall00578.jpg,Leaf_Gall,Leaf_Gall,Correct,1.000000
datasets/test/Leaf_Blight/Leaf_Blight00303.jpg,Leaf_Blight,Leaf_Blight,Correct,0.999972
datasets/train/Leaf_Blight/Leaf_Blight00129.jpg,Leaf_Blight,Leaf_Blight,Correct,1.000000
datasets/train/Fungal_Leaf_Spot/Fungal_Leaf_Spot00012.jpg,Fungal_Leaf_Spot,Fungal_Leaf_Spot,Correct,1.000000
datasets/test/Curl_Leaf/Curl_Leaf00012.jpg,Curl_Leaf,Curl_Leaf,Correct,1.000000
datasets/test/Leaf_Gall/Leaf_Gall00428.jpg,Leaf_Gall,Leaf_Gall,Correct,0.999997
datasets/test/Anthrax_Leaf/Anthrax_Leaf00025.jpg,Anthrax_Leaf,Anthrax_Leaf,Correct,0.998556
datasets/train/Felt_Leaf/Felt_Leaf00288.jpg,Felt_Leaf,Felt_Leaf,Correct,0.700725
datasets/test/Leaf_Gall/Leaf_Gall00295.jpg,Leaf_Gall,Leaf_Gall,Correct,1.000000
datasets/test/Leaf_Gall/Leaf_Gall00366.jpg,Leaf_Gall,Leaf_Gall,Correct,0.999999
datasets/train/Fungal_Leaf_Spot/Fungal_Leaf_Spot00349.jpg,Fungal_Leaf_Spot,Fungal_Leaf_Spot,Correct,1.000000
datasets/test/Curl_Leaf/Curl_Leaf00016.jpg,Curl_Leaf,Curl_Leaf,Correct,0.999991
datasets/test/Felt_Leaf/Felt_Leaf00045.jpg,Felt_Leaf,Felt_Leaf,Correct,1.000000
datasets/test/Leaf_Gall/Leaf_Gall00399.jpg,Leaf_Gall,Leaf_Gall,Correct,0.997979
datasets/train/Felt_Leaf/Felt_Leaf00228.jpg,Felt_Leaf,Felt_Leaf,Correct,0.999913
datasets/test/Healthy_Leaf/Healthy_Leaf00358.jpg,Healthy_Leaf,Healthy_Leaf,Correct,1.000000
datasets/train/Fungal_Leaf_Spot/Fungal_Leaf_Spot00513.jpg,Fungal_Leaf_Spot,Fungal_Leaf_Spot,Correct,0.999449
datasets/train/Healthy_Leaf/Healthy_Leaf00056.jpg,Healthy_Leaf,Healthy_Leaf,Correct,1.000000
datasets/test/Deficiency_Leaf/Deficiency_Leaf00083.jpg,Deficiency_Leaf,Curl_Leaf,Incorrect,0.983321
datasets/test/Fungal_Leaf_Spot/Fungal_Leaf_Spot00557.jpg,Fungal_Leaf_Spot,Fungal_Leaf_Spot,Correct,0.999999
datasets/train/Leaf_Blight/Leaf_Blight00267.jpg,Leaf_Blight,Leaf_Blight,Correct,0.999998
datasets/test/Dry_Leaf/Dry_Leaf00312.jpg,Dry_Leaf,Dry_Leaf,Correct,1.000000
datasets/test/Leaf_Blight/Leaf_Blight00450.jpg,Leaf_Blight,Leaf_Blight,Correct,1.000000
datasets/train/Leaf_Blight/Leaf_Blight00385.jpg,Leaf_Blight,Leaf_Blight,Correct,1.000000
datasets/test/Fungal_Leaf_Spot/Fungal_Leaf_Spot00136.jpg,Fungal_Leaf_Spot,Fungal_Leaf_Spot,Correct,1.000000
datasets/test/Anthrax_Leaf/Anthrax_Leaf00052.jpg,Anthrax_Leaf,Anthrax_Leaf,Correct,1.000000
datasets/train/Healthy_Leaf/Healthy_Leaf00609.jpg,Healthy_Leaf,Healthy_Leaf,Correct,0.999693
datasets/test/Dry_Leaf/Dry_Leaf00270.jpg,Dry_Leaf,Dry_Leaf,Correct,1.000000
datasets/train/Healthy_Leaf/Healthy_Leaf00546.jpg,Healthy_Leaf,Healthy_Leaf,Correct,1.000000
datasets/test/Bituminous_Leaf/Bituminous_Leaf00130.jpg,Bituminous_Leaf,Bituminous_Leaf,Correct,0.999974
datasets/train/Fungal_Leaf_Spot/Fungal_Leaf_Spot00165.jpg,Fungal_Leaf_Spot,Fungal_Leaf_Spot,Correct,1.000000
datasets/test/Felt_Leaf/Felt_Leaf00196.jpg,Felt_Leaf,Felt_Leaf,Correct,0.999653
datasets/train/Leaf_Gall/Leaf_Gall00296.jpg,Leaf_Gall,Leaf_Gall,Correct,1.000000
datasets/train/Leaf_Blight/Leaf_Blight00359.jpg,Leaf_Blight,Leaf_Blight,Correct,0.999989
datasets/train/Leaf_Gall/Leaf_Gall00027.jpg,Leaf_Gall,Leaf_Gall,Correct,0.999998
datasets/train/Fungal_Leaf_Spot/Fungal_Leaf_Spot00449.jpg,Fungal_Leaf_Spot,Fungal_Leaf_Spot,Correct,0.999996
datasets/train/Leaf_Blight/Leaf_Blight00088.jpg,Leaf_Blight,Leaf_Blight,Correct,0.999838
datasets/train/Fungal_Leaf_Spot/Fungal_Leaf_Spot00092.jpg,Fungal_Leaf_Spot,Fungal_Leaf_Spot,Correct,1.000000
datasets/test/Healthy_Leaf/Healthy_Leaf00470.jpg,Healthy_Leaf,Healthy_Leaf,Correct,0.999999
datasets/train/Fungal_Leaf_Spot/Fungal_Leaf_Spot00167.jpg,Fungal_Leaf_Spot,Fungal_Leaf_Spot,Correct,1.000000
datasets/test/Healthy_Leaf/Healthy_Leaf00210.jpg,Healthy_Leaf,Healthy_Leaf,Correct,1.000000
datasets/test/Leaf_Blight/Leaf_Blight00266.jpg,Leaf_Blight,Leaf_Blight,Correct,0.999959
datasets/train/Dry_Leaf/Dry_Leaf00110.jpg,Dry_Leaf,Dry_Leaf,Correct,1.000000
datasets/train/Leaf_Blight/Leaf_Blight00074.jpg,Leaf_Blight,Leaf_Blight,Correct,0.998173
datasets/test/Healthy_Leaf/Healthy_Leaf00103.jpg,Healthy_Leaf,Healthy_Leaf,Correct,1.000000
datasets/test/Fungal_Leaf_Spot/Fungal_Leaf_Spot00266.jpg,Fungal_Leaf_Spot,Fungal_Leaf_Spot,Correct,1.000000
datasets/test/Leaf_Blight/Leaf_Blight00423.jpg,Leaf_Blight,Leaf_Blight,Correct,0.999966
datasets/test/Leaf_Blight/Leaf_Blight00574.jpg,Leaf_Blight,Leaf_Blight,Correct,0.983099
datasets/train/Leaf_Blight/Leaf_Blight00534.jpg,Leaf_Blight,Leaf_Blight,Correct,0.999997
datasets/train/Deficiency_Leaf/Deficiency_Leaf00054.jpg,Deficiency_Leaf,Bituminous_Leaf,Incorrect,0.303829
datasets/train/Healthy_Leaf/Healthy_Leaf00352.jpg,Healthy_Leaf,Healthy_Leaf,Correct,1.000000
datasets/train/Bituminous_Leaf/Bituminous_Leaf00135.jpg,Bituminous_Leaf,Bituminous_Leaf,Correct,0.995690
datasets/train/Dry_Leaf/Dry_Leaf00055.jpg,Dry_Leaf,Dry_Leaf,Correct,1.000000
datasets/test/Felt_Leaf/Felt_Leaf00143.jpg,Felt_Leaf,Felt_Leaf,Correct,0.999996
datasets/test/Fungal_Leaf_Spot/Fungal_Leaf_Spot00474.jpg,Fungal_Leaf_Spot,Fungal_Leaf_Spot,Correct,1.000000
datasets/train/Felt_Leaf/Felt_Leaf00347.jpg,Felt_Leaf,Felt_Leaf,Correct,0.999998
datasets/test/Felt_Leaf/Felt_Leaf00012.jpg,Felt_Leaf,Felt_Leaf,Correct,0.989411
datasets/test/Leaf_Blight/Leaf_Blight00547.jpg,Leaf_Blight,Leaf_Blight,Correct,1.000000
datasets/train/Bituminous_Leaf/Bituminous_Leaf00039.jpg,Bituminous_Leaf,Bituminous_Leaf,Correct,0.999984
datasets/test/Leaf_Gall/Leaf_Gall00567.jpg,Leaf_Gall,Leaf_Gall,Correct,1.000000
datasets/train/Dry_Leaf/Dry_Leaf00233.jpg,Dry_Leaf,Dry_Leaf,Correct,1.000000
datasets/test/Leaf_Blight/Leaf_Blight00028.jpg,Leaf_Blight,Leaf_Blight,Correct,0.999999
datasets/train/Fungal_Leaf_Spot/Fungal_Leaf_Spot00519.jpg,Fungal_Leaf_Spot,Fungal_Leaf_Spot,Correct,0.999987
datasets/test/Healthy_Leaf/Healthy_Leaf00437.jpg,Healthy_Leaf,Healthy_Leaf,Correct,0.999997
datasets/test/Bituminous_Leaf/Bituminous_Leaf00011.jpg,Bituminous_Leaf,Bituminous_Leaf,Correct,0.999197
datasets/train/Fungal_Leaf_Spot/Fungal_Leaf_Spot00544.jpg,Fungal_Leaf_Spot,Fungal_Leaf_Spot,Correct,1.000000
datasets/test/Healthy_Leaf/Healthy_Leaf00589.jpg,Healthy_Leaf,Healthy_Leaf,Correct,1.000000
datasets/train/Healthy_Leaf/Healthy_Leaf00022.jpg,Healthy_Leaf,Healthy_Leaf,Correct,1.000000
datasets/test/Healthy_Leaf/Healthy_Leaf00185.jpg,Healthy_Leaf,Healthy_Leaf,Correct,0.999990
datasets/test/Fungal_Leaf_Spot/Fungal_Leaf_Spot00110.jpg,Fungal_Leaf_Spot,Fungal_Leaf_Spot,Correct,1.000000
datasets/train/Fungal_Leaf_Spot/Fungal_Leaf_Spot00522.jpg,Fungal_Leaf_Spot,Fungal_Leaf_Spot,Correct,1.000000
datasets/test/Healthy_Leaf/Healthy_Leaf00627.jpg,Healthy_Leaf,Healthy_Leaf,Correct,0.999999
datasets/train/Healthy_Leaf/Healthy_Leaf00317.jpg,Healthy_Leaf,Healthy_Leaf,Correct,1.000000
datasets/test/Felt_Leaf/Felt_Leaf00172.jpg,Felt_Leaf,Felt_Leaf,Correct,1.000000
datasets/test/Dry_Leaf/Dry_Leaf00273.jpg,Dry_Leaf,Dry_Leaf,Correct,1.000000
datasets/train/Leaf_Blight/Leaf_Blight00035.jpg,Leaf_Blight,Leaf_Blight,Correct,1.000000
datasets/train/Fungal_Leaf_Spot/Fungal_Leaf_Spot00227.jpg,Fungal_Leaf_Spot,Fungal_Leaf_Spot,Correct,1.000000
datasets/test/Leaf_Gall/Leaf_Gall00254.jpg,Leaf_Gall,Leaf_Gall,Correct,1.000000
datasets/train/Leaf_Gall/Leaf_Gall00263.jpg,Leaf_Gall,Leaf_Gall,Correct,1.000000
datasets/test/Healthy_Leaf/Healthy_Leaf00330.jpg,Healthy_Leaf,Healthy_Leaf,Correct,1.000000
datasets/train/Curl_Leaf/Curl_Leaf00025.jpg,Curl_Leaf,Curl_Leaf,Correct,1.000000
datasets/test/Leaf_Gall/Leaf_Gall00001.jpg,Leaf_Gall,Leaf_Gall,Correct,0.999977
datasets/train/Healthy_Leaf/Healthy_Leaf00162.jpg,Healthy_Leaf,Healthy_Leaf,Correct,1.000000
datasets/train/Deficiency_Leaf/Deficiency_Leaf00056.jpg,Deficiency_Leaf,Deficiency_Leaf,Correct,0.926697
datasets/test/Leaf_Blight/Leaf_Blight00317.jpg,Leaf_Blight,Leaf_Blight,Correct,1.000000
datasets/test/Fungal_Leaf_Spot/Fungal_Leaf_Spot00084.jpg,Fungal_Leaf_Spot,Fungal_Leaf_Spot,Correct,1.000000
datasets/train/Fungal_Leaf_Spot/Fungal_Leaf_Spot00256.jpg,Fungal_Leaf_Spot,Fungal_Leaf_Spot,Correct,1.000000
datasets/test/Leaf_Gall/Leaf_Gall00615.jpg,Leaf_Gall,Leaf_Gall,Correct,0.994942
datasets/test/Felt_Leaf/Felt_Leaf00265.jpg,Felt_Leaf,Fungal_Leaf_Spot,Incorrect,0.996133
datasets/test/Felt_Leaf/Felt_Leaf00106.jpg,Felt_Leaf,Felt_Leaf,Correct,0.999974
datasets/test/Leaf_Gall/Leaf_Gall00297.jpg,Leaf_Gall,Leaf_Gall,Correct,1.000000
datasets/train/Dry_Leaf/Dry_Leaf00298.jpg,Dry_Leaf,Dry_Leaf,Correct,1.000000
datasets/train/Anthrax_Leaf/Anthrax_Leaf00022.jpg,Anthrax_Leaf,Anthrax_Leaf,Correct,0.999924
datasets/test/Leaf_Gall/Leaf_Gall00280.jpg,Leaf_Gall,Leaf_Gall,Correct,0.999963
datasets/train/Leaf_Blight/Leaf_Blight00395.jpg,Leaf_Blight,Leaf_Blight,Correct,0.999993
datasets/train/Felt_Leaf/Felt_Leaf00168.jpg,Felt_Leaf,Fungal_Leaf_Spot,Incorrect,0.769523
datasets/train/Anthrax_Leaf/Anthrax_Leaf00049.jpg,Anthrax_Leaf,Anthrax_Leaf,Correct,0.999994
datasets/test/Healthy_Leaf/Healthy_Leaf00573.jpg,Healthy_Leaf,Healthy_Leaf,Correct,1.000000
datasets/train/Leaf_Blight/Leaf_Blight00490.jpg,Leaf_Blight,Leaf_Blight,Correct,0.999995
datasets/test/Healthy_Leaf/Healthy_Leaf00351.jpg,Healthy_Leaf,Healthy_Leaf,Correct,0.999542
datasets/test/Felt_Leaf/Felt_Leaf00277.jpg,Felt_Leaf,Felt_Leaf,Correct,0.999420
datasets/test/Dry_Leaf/Dry_Leaf00048.jpg,Dry_Leaf,Dry_Leaf,Correct,0.999999
datasets/test/Leaf_Gall/Leaf_Gall00088.jpg,Leaf_Gall,Leaf_Gall,Correct,1.000000
datasets/test/Bituminous_Leaf/Bituminous_Leaf00113.jpg,Bituminous_Leaf,Bituminous_Leaf,Correct,0.999986
datasets/train/Fungal_Leaf_Spot/Fungal_Leaf_Spot00113.jpg,Fungal_Leaf_Spot,Fungal_Leaf_Spot,Correct,0.999999
datasets/train/Healthy_Leaf/Healthy_Leaf00258.jpg,Healthy_Leaf,Healthy_Leaf,Correct,0.999976
datasets/train/Leaf_Blight/Leaf_Blight00426.jpg,Leaf_Blight,Leaf_Blight,Correct,1.000000
datasets/train/Anthrax_Leaf/Anthrax_Leaf00064.jpg,Anthrax_Leaf,Anthrax_Leaf,Correct,1.000000
datasets/test/Leaf_Blight/Leaf_Blight00119.jpg,Leaf_Blight,Leaf_Blight,Correct,1.000000
datasets/train/Fungal_Leaf_Spot/Fungal_Leaf_Spot00407.jpg,Fungal_Leaf_Spot,Fungal_Leaf_Spot,Correct,1.000000
datasets/test/Curl_Leaf/Curl_Leaf00133.jpg,Curl_Leaf,Curl_Leaf,Correct,0.999995
datasets/train/Bituminous_Leaf/Bituminous_Leaf00073.jpg,Bituminous_Leaf,Bituminous_Leaf,Correct,0.999696
datasets/train/Bituminous_Leaf/Bituminous_Leaf00029.jpg,Bituminous_Leaf,Bituminous_Leaf,Correct,1.000000
datasets/train/Leaf_Blight/Leaf_Blight00242.jpg,Leaf_Blight,Leaf_Blight,Correct,0.999729
datasets/test/Leaf_Gall/Leaf_Gall00414.jpg,Leaf_Gall,Leaf_Gall,Correct,0.999564
datasets/train/Leaf_Gall/Leaf_Gall00136.jpg,Leaf_Gall,Leaf_Gall,Correct,1.000000
datasets/test/Deficiency_Leaf/Deficiency_Leaf00072.jpg,Deficiency_Leaf,Deficiency_Leaf,Correct,0.999927
datasets/test/Leaf_Gall/Leaf_Gall00555.jpg,Leaf_Gall,Leaf_Gall,Correct,1.000000
datasets/test/Leaf_Gall/Leaf_Gall00279.jpg,Leaf_Gall,Leaf_Gall,Correct,0.999994
datasets/test/Bituminous_Leaf/Bituminous_Leaf00091.jpg,Bituminous_Leaf,Bituminous_Leaf,Correct,0.999970
datasets/test/Dry_Leaf/Dry_Leaf00193.jpg,Dry_Leaf,Dry_Leaf,Correct,1.000000
datasets/train/Felt_Leaf/Felt_Leaf00002.jpg,Felt_Leaf,Felt_Leaf,Correct,0.999656
datasets/test/Fungal_Leaf_Spot/Fungal_Leaf_Spot00511.jpg,Fungal_Leaf_Spot,Fungal_Leaf_Spot,Correct,1.000000
datasets/test/Bituminous_Leaf/Bituminous_Leaf00133.jpg,Bituminous_Leaf,Bituminous_Leaf,Correct,0.999999
datasets/test/Dry_Leaf/Dry_Leaf00283.jpg,Dry_Leaf,Dry_Leaf,Correct,1.000000
datasets/test/Leaf_Gall/Leaf_Gall00022.jpg,Leaf_Gall,Leaf_Gall,Correct,1.000000
datasets/test/Anthrax_Leaf/Anthrax_Leaf00063.jpg,Anthrax_Leaf,Anthrax_Leaf,Correct,1.000000
datasets/train/Healthy_Leaf/Healthy_Leaf00168.jpg,Healthy_Leaf,Healthy_Leaf,Correct,1.000000
datasets/test/Dry_Leaf/Dry_Leaf00222.jpg,Dry_Leaf,Dry_Leaf,Correct,1.000000
datasets/test/Felt_Leaf/Felt_Leaf00080.jpg,Felt_Leaf,Felt_Leaf,Correct,0.872520
datasets/test/Healthy_Leaf/Healthy_Leaf00386.jpg,Healthy_Leaf,Healthy_Leaf,Correct,0.998402
datasets/test/Felt_Leaf/Felt_Leaf00011.jpg,Felt_Leaf,Anthrax_Leaf,Incorrect,0.931546
datasets/train/Fungal_Leaf_Spot/Fungal_Leaf_Spot00277.jpg,Fungal_Leaf_Spot,Fungal_Leaf_Spot,Correct,0.999998
datasets/train/Leaf_Gall/Leaf_Gall00324.jpg,Leaf_Gall,Leaf_Gall,Correct,1.000000
datasets/train/Dry_Leaf/Dry_Leaf00303.jpg,Dry_Leaf,Dry_Leaf,Correct,1.000000
datasets/test/Leaf_Blight/Leaf_Blight00440.jpg,Leaf_Blight,Leaf_Blight,Correct,0.999965
datasets/test/Felt_Leaf/Felt_Leaf00319.jpg,Felt_Leaf,Felt_Leaf,Correct,0.996934
datasets/test/Felt_Leaf/Felt_Leaf00291.jpg,Felt_Leaf,Felt_Leaf,Correct,1.000000
datasets/train/Felt_Leaf/Felt_Leaf00382.jpg,Felt_Leaf,Felt_Leaf,Correct,0.999894
datasets/test/Leaf_Blight/Leaf_Blight00438.jpg,Leaf_Blight,Leaf_Blight,Correct,0.999999
datasets/test/Healthy_Leaf/Healthy_Leaf00481.jpg,Healthy_Leaf,Healthy_Leaf,Correct,0.999864
datasets/train/Healthy_Leaf/Healthy_Leaf00548.jpg,Healthy_Leaf,Healthy_Leaf,Correct,0.999368
datasets/test/Curl_Leaf/Curl_Leaf00013.jpg,Curl_Leaf,Curl_Leaf,Correct,1.000000
datasets/test/Leaf_Gall/Leaf_Gall00445.jpg,Leaf_Gall,Leaf_Gall,Correct,0.724298
datasets/test/Dry_Leaf/Dry_Leaf00338.jpg,Dry_Leaf,Dry_Leaf,Correct,1.000000
datasets/train/Healthy_Leaf/Healthy_Leaf00617.jpg,Healthy_Leaf,Healthy_Leaf,Correct,0.999989
datasets/train/Leaf_Blight/Leaf_Blight00047.jpg,Leaf_Blight,Leaf_Blight,Correct,0.999518
datasets/test/Fungal_Leaf_Spot/Fungal_Leaf_Spot00486.jpg,Fungal_Leaf_Spot,Fungal_Leaf_Spot,Correct,1.000000
datasets/test/Curl_Leaf/Curl_Leaf00104.jpg,Curl_Leaf,Curl_Leaf,Correct,0.999997
datasets/test/Leaf_Blight/Leaf_Blight00388.jpg,Leaf_Blight,Leaf_Blight,Correct,0.999763
datasets/test/Bituminous_Leaf/Bituminous_Leaf00003.jpg,Bituminous_Leaf,Bituminous_Leaf,Correct,0.990378
datasets/test/Dry_Leaf/Dry_Leaf00323.jpg,Dry_Leaf,Dry_Leaf,Correct,1.000000
datasets/train/Leaf_Blight/Leaf_Blight00488.jpg,Leaf_Blight,Leaf_Blight,Correct,0.999964
datasets/test/Leaf_Blight/Leaf_Blight00117.jpg,Leaf_Blight,Leaf_Blight,Correct,0.999992
datasets/test/Felt_Leaf/Felt_Leaf00139.jpg,Felt_Leaf,Felt_Leaf,Correct,0.999663
datasets/test/Fungal_Leaf_Spot/Fungal_Leaf_Spot00517.jpg,Fungal_Leaf_Spot,Fungal_Leaf_Spot,Correct,1.000000
datasets/test/Leaf_Blight/Leaf_Blight00429.jpg,Leaf_Blight,Leaf_Blight,Correct,0.999994
datasets/train/Leaf_Gall/Leaf_Gall00013.jpg,Leaf_Gall,Leaf_Gall,Correct,0.999995
datasets/test/Healthy_Leaf/Healthy_Leaf00014.jpg,Healthy_Leaf,Healthy_Leaf,Correct,0.999551
datasets/test/Leaf_Gall/Leaf_Gall00484.jpg,Leaf_Gall,Leaf_Gall,Correct,1.000000
datasets/test/Bituminous_Leaf/Bituminous_Leaf00051.jpg,Bituminous_Leaf,Bituminous_Leaf,Correct,0.999805
datasets/test/Leaf_Blight/Leaf_Blight00536.jpg,Leaf_Blight,Leaf_Blight,Correct,1.000000
datasets/test/Leaf_Blight/Leaf_Blight00350.jpg,Leaf_Blight,Leaf_Blight,Correct,0.999986
datasets/train/Leaf_Blight/Leaf_Blight00474.jpg,Leaf_Blight,Leaf_Blight,Correct,1.000000
datasets/test/Bituminous_Leaf/Bituminous_Leaf00114.jpg,Bituminous_Leaf,Bituminous_Leaf,Correct,0.999999
datasets/test/Leaf_Gall/Leaf_Gall00391.jpg,Leaf_Gall,Leaf_Gall,Correct,0.999960
datasets/train/Dry_Leaf/Dry_Leaf00032.jpg,Dry_Leaf,Dry_Leaf,Correct,0.999998
datasets/test/Anthrax_Leaf/Anthrax_Leaf00085.jpg,Anthrax_Leaf,Anthrax_Leaf,Correct,1.000000
datasets/train/Dry_Leaf/Dry_Leaf00315.jpg,Dry_Leaf,Dry_Leaf,Correct,1.000000
datasets/train/Deficiency_Leaf/Deficiency_Leaf00122.jpg,Deficiency_Leaf,Deficiency_Leaf,Correct,0.943512
datasets/train/Leaf_Gall/Leaf_Gall00326.jpg,Leaf_Gall,Leaf_Gall,Correct,1.000000
datasets/train/Fungal_Leaf_Spot/Fungal_Leaf_Spot00563.jpg,Fungal_Leaf_Spot,Fungal_Leaf_Spot,Correct,0.999928
datasets/test/Leaf_Blight/Leaf_Blight00067.jpg,Leaf_Blight,Leaf_Blight,Correct,0.998456
datasets/test/Bituminous_Leaf/Bituminous_Leaf00076.jpg,Bituminous_Leaf,Bituminous_Leaf,Correct,0.999999
datasets/test/Leaf_Blight/Leaf_Blight00369.jpg,Leaf_Blight,Leaf_Blight,Correct,0.996630
datasets/train/Leaf_Blight/Leaf_Blight00352.jpg,Leaf_Blight,Leaf_Blight,Correct,0.993350
datasets/train/Felt_Leaf/Felt_Leaf00218.jpg,Felt_Leaf,Felt_Leaf,Correct,0.971591
datasets/test/Dry_Leaf/Dry_Leaf00180.jpg,Dry_Leaf,Dry_Leaf,Correct,1.000000
datasets/test/Leaf_Blight/Leaf_Blight00311.jpg,Leaf_Blight,Leaf_Blight,Correct,1.000000
datasets/test/Deficiency_Leaf/Deficiency_Leaf00019.jpg,Deficiency_Leaf,Deficiency_Leaf,Correct,0.999999
datasets/train/Fungal_Leaf_Spot/Fungal_Leaf_Spot00202.jpg,Fungal_Leaf_Spot,Fungal_Leaf_Spot,Correct,0.999978
datasets/test/Fungal_Leaf_Spot/Fungal_Leaf_Spot00251.jpg,Fungal_Leaf_Spot,Fungal_Leaf_Spot,Correct,1.000000
datasets/test/Leaf_Blight/Leaf_Blight00038.jpg,Leaf_Blight,Leaf_Blight,Correct,1.000000
datasets/train/Fungal_Leaf_Spot/Fungal_Leaf_Spot00302.jpg,Fungal_Leaf_Spot,Fungal_Leaf_Spot,Correct,1.000000
datasets/test/Fungal_Leaf_Spot/Fungal_Leaf_Spot00546.jpg,Fungal_Leaf_Spot,Fungal_Leaf_Spot,Correct,0.999913
datasets/test/Fungal_Leaf_Spot/Fungal_Leaf_Spot00058.jpg,Fungal_Leaf_Spot,Fungal_Leaf_Spot,Correct,1.000000
datasets/test/Felt_Leaf/Felt_Leaf00289.jpg,Felt_Leaf,Fungal_Leaf_Spot,Incorrect,0.725557
datasets/test/Leaf_Blight/Leaf_Blight00058.jpg,Leaf_Blight,Leaf_Blight,Correct,0.923780
datasets/train/Leaf_Gall/Leaf_Gall00046.jpg,Leaf_Gall,Leaf_Gall,Correct,0.999928
datasets/train/Leaf_Blight/Leaf_Blight00133.jpg,Leaf_Blight,Leaf_Blight,Correct,0.999991
datasets/train/Fungal_Leaf_Spot/Fungal_Leaf_Spot00555.jpg,Fungal_Leaf_Spot,Fungal_Leaf_Spot,Correct,1.000000
datasets/test/Leaf_Gall/Leaf_Gall00413.jpg,Leaf_Gall,Leaf_Gall,Correct,0.995485
datasets/train/Curl_Leaf/Curl_Leaf00082.jpg,Curl_Leaf,Curl_Leaf,Correct,1.000000
datasets/test/Leaf_Blight/Leaf_Blight00379.jpg,Leaf_Blight,Leaf_Blight,Correct,1.000000
datasets/test/Bituminous_Leaf/Bituminous_Leaf00121.jpg,Bituminous_Leaf,Bituminous_Leaf,Correct,0.971143
datasets/train/Fungal_Leaf_Spot/Fungal_Leaf_Spot00423.jpg,Fungal_Leaf_Spot,Fungal_Leaf_Spot,Correct,0.999998
datasets/train/Leaf_Blight/Leaf_Blight00302.jpg,Leaf_Blight,Leaf_Blight,Correct,0.999996
datasets/test/Curl_Leaf/Curl_Leaf00068.jpg,Curl_Leaf,Curl_Leaf,Correct,1.000000
datasets/test/Healthy_Leaf/Healthy_Leaf00018.jpg,Healthy_Leaf,Healthy_Leaf,Correct,0.999999
datasets/test/Leaf_Blight/Leaf_Blight00561.jpg,Leaf_Blight,Leaf_Blight,Correct,1.000000
datasets/test/Leaf_Gall/Leaf_Gall00095.jpg,Leaf_Gall,Leaf_Gall,Correct,1.000000
datasets/test/Deficiency_Leaf/Deficiency_Leaf00071.jpg,Deficiency_Leaf,Deficiency_Leaf,Correct,0.999497
datasets/train/Felt_Leaf/Felt_Leaf00071.jpg,Felt_Leaf,Felt_Leaf,Correct,1.000000
datasets/test/Leaf_Gall/Leaf_Gall00432.jpg,Leaf_Gall,Leaf_Gall,Correct,0.999980
datasets/test/Felt_Leaf/Felt_Leaf00133.jpg,Felt_Leaf,Felt_Leaf,Correct,0.996766
datasets/train/Fungal_Leaf_Spot/Fungal_Leaf_Spot00099.jpg,Fungal_Leaf_Spot,Fungal_Leaf_Spot,Correct,1.000000
datasets/train/Healthy_Leaf/Healthy_Leaf00005.jpg,Healthy_Leaf,Healthy_Leaf,Correct,1.000000
datasets/test/Felt_Leaf/Felt_Leaf00109.jpg,Felt_Leaf,Felt_Leaf,Correct,0.999421
datasets/train/Leaf_Gall/Leaf_Gall00062.jpg,Leaf_Gall,Leaf_Gall,Correct,1.000000
datasets/test/Leaf_Blight/Leaf_Blight00187.jpg,Leaf_Blight,Leaf_Blight,Correct,0.999997
datasets/test/Leaf_Gall/Leaf_Gall00411.jpg,Leaf_Gall,Leaf_Gall,Correct,1.000000
datasets/train/Leaf_Blight/Leaf_Blight00025.jpg,Leaf_Blight,Leaf_Blight,Correct,0.999997
datasets/train/Fungal_Leaf_Spot/Fungal_Leaf_Spot00086.jpg,Fungal_Leaf_Spot,Fungal_Leaf_Spot,Correct,1.000000
datasets/train/Dry_Leaf/Dry_Leaf00131.jpg,Dry_Leaf,Dry_Leaf,Correct,1.000000
datasets/train/Dry_Leaf/Dry_Leaf00251.jpg,Dry_Leaf,Dry_Leaf,Correct,0.999971
datasets/test/Dry_Leaf/Dry_Leaf00230.jpg,Dry_Leaf,Dry_Leaf,Correct,1.000000
datasets/train/Dry_Leaf/Dry_Leaf00316.jpg,Dry_Leaf,Dry_Leaf,Correct,0.999989
datasets/train/Dry_Leaf/Dry_Leaf00054.jpg,Dry_Leaf,Dry_Leaf,Correct,1.000000
datasets/test/Felt_Leaf/Felt_Leaf00057.jpg,Felt_Leaf,Felt_Leaf,Correct,0.999951
datasets/test/Fungal_Leaf_Spot/Fungal_Leaf_Spot00191.jpg,Fungal_Leaf_Spot,Fungal_Leaf_Spot,Correct,0.999998
datasets/train/Felt_Leaf/Felt_Leaf00068.jpg,Felt_Leaf,Felt_Leaf,Correct,0.999999
datasets/train/Leaf_Gall/Leaf_Gall00522.jpg,Leaf_Gall,Leaf_Gall,Correct,0.999999
datasets/test/Leaf_Gall/Leaf_Gall00185.jpg,Leaf_Gall,Leaf_Gall,Correct,1.000000
datasets/test/Leaf_Blight/Leaf_Blight00098.jpg,Leaf_Blight,Leaf_Blight,Correct,0.998766
datasets/train/Leaf_Gall/Leaf_Gall00606.jpg,Leaf_Gall,Leaf_Gall,Correct,0.999927
datasets/test/Bituminous_Leaf/Bituminous_Leaf00021.jpg,Bituminous_Leaf,Bituminous_Leaf,Correct,0.871358
datasets/test/Leaf_Gall/Leaf_Gall00540.jpg,Leaf_Gall,Leaf_Gall,Correct,0.717538
datasets/train/Healthy_Leaf/Healthy_Leaf00026.jpg,Healthy_Leaf,Healthy_Leaf,Correct,0.999997
datasets/test/Dry_Leaf/Dry_Leaf00358.jpg,Dry_Leaf,Dry_Leaf,Correct,0.999994
datasets/test/Healthy_Leaf/Healthy_Leaf00332.jpg,Healthy_Leaf,Healthy_Leaf,Correct,1.000000
datasets/train/Leaf_Blight/Leaf_Blight00498.jpg,Leaf_Blight,Leaf_Blight,Correct,0.999993
datasets/test/Leaf_Gall/Leaf_Gall00462.jpg,Leaf_Gall,Leaf_Gall,Correct,0.999989
datasets/train/Dry_Leaf/Dry_Leaf00123.jpg,Dry_Leaf,Dry_Leaf,Correct,1.000000
datasets/test/Healthy_Leaf/Healthy_Leaf00257.jpg,Healthy_Leaf,Healthy_Leaf,Correct,0.999997
datasets/train/Anthrax_Leaf/Anthrax_Leaf00009.jpg,Anthrax_Leaf,Anthrax_Leaf,Correct,0.882638
datasets/test/Healthy_Leaf/Healthy_Leaf00300.jpg,Healthy_Leaf,Healthy_Leaf,Correct,1.000000
datasets/test/Fungal_Leaf_Spot/Fungal_Leaf_Spot00262.jpg,Fungal_Leaf_Spot,Fungal_Leaf_Spot,Correct,1.000000
datasets/train/Leaf_Gall/Leaf_Gall00355.jpg,Leaf_Gall,Leaf_Gall,Correct,0.964885
datasets/test/Healthy_Leaf/Healthy_Leaf00419.jpg,Healthy_Leaf,Healthy_Leaf,Correct,0.996400
datasets/train/Leaf_Gall/Leaf_Gall00063.jpg,Leaf_Gall,Leaf_Gall,Correct,0.999998
datasets/train/Dry_Leaf/Dry_Leaf00003.jpg,Dry_Leaf,Dry_Leaf,Correct,1.000000
datasets/train/Fungal_Leaf_Spot/Fungal_Leaf_Spot00562.jpg,Fungal_Leaf_Spot,Fungal_Leaf_Spot,Correct,0.999999
datasets/test/Leaf_Gall/Leaf_Gall00054.jpg,Leaf_Gall,Leaf_Gall,Correct,1.000000
datasets/train/Healthy_Leaf/Healthy_Leaf00234.jpg,Healthy_Leaf,Healthy_Leaf,Correct,1.000000
datasets/train/Curl_Leaf/Curl_Leaf00007.jpg,Curl_Leaf,Curl_Leaf,Correct,1.000000
datasets/test/Felt_Leaf/Felt_Leaf00167.jpg,Felt_Leaf,Fungal_Leaf_Spot,Incorrect,0.874308
datasets/test/Leaf_Gall/Leaf_Gall00420.jpg,Leaf_Gall,Leaf_Gall,Correct,0.992878
datasets/train/Leaf_Blight/Leaf_Blight00250.jpg,Leaf_Blight,Leaf_Blight,Correct,0.999941
datasets/test/Leaf_Blight/Leaf_Blight00264.jpg,Leaf_Blight,Leaf_Blight,Correct,0.999728
datasets/train/Leaf_Blight/Leaf_Blight00233.jpg,Leaf_Blight,Leaf_Blight,Correct,0.999992
datasets/test/Dry_Leaf/Dry_Leaf00190.jpg,Dry_Leaf,Dry_Leaf,Correct,1.000000
datasets/train/Leaf_Gall/Leaf_Gall00407.jpg,Leaf_Gall,Leaf_Gall,Correct,0.957540
datasets/train/Felt_Leaf/Felt_Leaf00101.jpg,Felt_Leaf,Felt_Leaf,Correct,0.999925
datasets/train/Leaf_Blight/Leaf_Blight00130.jpg,Leaf_Blight,Leaf_Blight,Correct,1.000000
datasets/test/Dry_Leaf/Dry_Leaf00144.jpg,Dry_Leaf,Dry_Leaf,Correct,0.999989
datasets/test/Dry_Leaf/Dry_Leaf00171.jpg,Dry_Leaf,Dry_Leaf,Correct,1.000000
datasets/test/Anthrax_Leaf/Anthrax_Leaf00107.jpg,Anthrax_Leaf,Anthrax_Leaf,Correct,0.999999
datasets/train/Leaf_Gall/Leaf_Gall00506.jpg,Leaf_Gall,Leaf_Gall,Correct,1.000000
datasets/test/Leaf_Gall/Leaf_Gall00242.jpg,Leaf_Gall,Leaf_Gall,Correct,0.999885
datasets/train/Felt_Leaf/Felt_Leaf00358.jpg,Felt_Leaf,Felt_Leaf,Correct,0.999999
datasets/test/Felt_Leaf/Felt_Leaf00329.jpg,Felt_Leaf,Felt_Leaf,Correct,0.999989
datasets/test/Felt_Leaf/Felt_Leaf00018.jpg,Felt_Leaf,Felt_Leaf,Correct,0.999988
datasets/test/Leaf_Gall/Leaf_Gall00551.jpg,Leaf_Gall,Leaf_Gall,Correct,1.000000
datasets/test/Healthy_Leaf/Healthy_Leaf00600.jpg,Healthy_Leaf,Healthy_Leaf,Correct,1.000000
datasets/train/Dry_Leaf/Dry_Leaf00138.jpg,Dry_Leaf,Dry_Leaf,Correct,1.000000
datasets/test/Leaf_Gall/Leaf_Gall00573.jpg,Leaf_Gall,Leaf_Gall,Correct,0.999999
datasets/test/Healthy_Leaf/Healthy_Leaf00080.jpg,Healthy_Leaf,Healthy_Leaf,Correct,1.000000
datasets/test/Fungal_Leaf_Spot/Fungal_Leaf_Spot00193.jpg,Fungal_Leaf_Spot,Fungal_Leaf_Spot,Correct,0.999997
datasets/test/Dry_Leaf/Dry_Leaf00274.jpg,Dry_Leaf,Dry_Leaf,Correct,1.000000
datasets/test/Bituminous_Leaf/Bituminous_Leaf00082.jpg,Bituminous_Leaf,Bituminous_Leaf,Correct,0.999975
datasets/train/Leaf_Gall/Leaf_Gall00374.jpg,Leaf_Gall,Leaf_Gall,Correct,0.999902
datasets/test/Healthy_Leaf/Healthy_Leaf00076.jpg,Healthy_Leaf,Healthy_Leaf,Correct,1.000000
datasets/test/Healthy_Leaf/Healthy_Leaf00484.jpg,Healthy_Leaf,Healthy_Leaf,Correct,0.999912
datasets/test/Dry_Leaf/Dry_Leaf00173.jpg,Dry_Leaf,Dry_Leaf,Correct,1.000000
datasets/train/Healthy_Leaf/Healthy_Leaf00442.jpg,Healthy_Leaf,Healthy_Leaf,Correct,1.000000
datasets/test/Leaf_Gall/Leaf_Gall00622.jpg,Leaf_Gall,Leaf_Gall,Correct,0.998337
datasets/test/Curl_Leaf/Curl_Leaf00090.jpg,Curl_Leaf,Curl_Leaf,Correct,1.000000
datasets/test/Healthy_Leaf/Healthy_Leaf00410.jpg,Healthy_Leaf,Healthy_Leaf,Correct,0.999968
datasets/test/Curl_Leaf/Curl_Leaf00121.jpg,Curl_Leaf,Curl_Leaf,Correct,1.000000
datasets/test/Leaf_Gall/Leaf_Gall00179.jpg,Leaf_Gall,Leaf_Gall,Correct,0.999996
datasets/train/Leaf_Gall/Leaf_Gall00342.jpg,Leaf_Gall,Leaf_Gall,Correct,0.997535
datasets/test/Curl_Leaf/Curl_Leaf00088.jpg,Curl_Leaf,Curl_Leaf,Correct,1.000000
datasets/test/Leaf_Gall/Leaf_Gall00566.jpg,Leaf_Gall,Leaf_Gall,Correct,1.000000
datasets/train/Felt_Leaf/Felt_Leaf00034.jpg,Felt_Leaf,Felt_Leaf,Correct,0.992854
datasets/test/Dry_Leaf/Dry_Leaf00351.jpg,Dry_Leaf,Dry_Leaf,Correct,1.000000
datasets/train/Curl_Leaf/Curl_Leaf00164.jpg,Curl_Leaf,Curl_Leaf,Correct,0.999977
datasets/train/Healthy_Leaf/Healthy_Leaf00507.jpg,Healthy_Leaf,Healthy_Leaf,Correct,0.999996
datasets/test/Leaf_Blight/Leaf_Blight00344.jpg,Leaf_Blight,Leaf_Blight,Correct,0.999997
datasets/test/Anthrax_Leaf/Anthrax_Leaf00115.jpg,Anthrax_Leaf,Anthrax_Leaf,Correct,0.999999
datasets/test/Healthy_Leaf/Healthy_Leaf00069.jpg,Healthy_Leaf,Healthy_Leaf,Correct,1.000000
datasets/train/Fungal_Leaf_Spot/Fungal_Leaf_Spot00258.jpg,Fungal_Leaf_Spot,Fungal_Leaf_Spot,Correct,1.000000
datasets/test/Dry_Leaf/Dry_Leaf00160.jpg,Dry_Leaf,Dry_Leaf,Correct,1.000000
datasets/train/Leaf_Gall/Leaf_Gall00619.jpg,Leaf_Gall,Leaf_Gall,Correct,0.999506
datasets/test/Healthy_Leaf/Healthy_Leaf00601.jpg,Healthy_Leaf,Healthy_Leaf,Correct,0.999987
datasets/test/Healthy_Leaf/Healthy_Leaf00395.jpg,Healthy_Leaf,Healthy_Leaf,Correct,0.999999
datasets/train/Healthy_Leaf/Healthy_Leaf00429.jpg,Healthy_Leaf,Healthy_Leaf,Correct,1.000000
datasets/test/Leaf_Gall/Leaf_Gall00466.jpg,Leaf_Gall,Leaf_Gall,Correct,0.998259
datasets/test/Leaf_Gall/Leaf_Gall00507.jpg,Leaf_Gall,Leaf_Gall,Correct,0.996605
datasets/train/Anthrax_Leaf/Anthrax_Leaf00044.jpg,Anthrax_Leaf,Anthrax_Leaf,Correct,1.000000
datasets/test/Dry_Leaf/Dry_Leaf00201.jpg,Dry_Leaf,Dry_Leaf,Correct,1.000000
datasets/train/Leaf_Gall/Leaf_Gall00153.jpg,Leaf_Gall,Leaf_Gall,Correct,0.999412
datasets/train/Deficiency_Leaf/Deficiency_Leaf00060.jpg,Deficiency_Leaf,Deficiency_Leaf,Correct,0.984458
datasets/test/Felt_Leaf/Felt_Leaf00151.jpg,Felt_Leaf,Felt_Leaf,Correct,0.999971
datasets/test/Healthy_Leaf/Healthy_Leaf00537.jpg,Healthy_Leaf,Healthy_Leaf,Correct,0.999997
datasets/test/Healthy_Leaf/Healthy_Leaf00158.jpg,Healthy_Leaf,Healthy_Leaf,Correct,1.000000
datasets/test/Fungal_Leaf_Spot/Fungal_Leaf_Spot00358.jpg,Fungal_Leaf_Spot,Fungal_Leaf_Spot,Correct,1.000000
datasets/train/Curl_Leaf/Curl_Leaf00051.jpg,Curl_Leaf,Curl_Leaf,Correct,1.000000
datasets/test/Felt_Leaf/Felt_Leaf00031.jpg,Felt_Leaf,Felt_Leaf,Correct,1.000000
datasets/train/Fungal_Leaf_Spot/Fungal_Leaf_Spot00066.jpg,Fungal_Leaf_Spot,Fungal_Leaf_Spot,Correct,1.000000
datasets/test/Fungal_Leaf_Spot/Fungal_Leaf_Spot00063.jpg,Fungal_Leaf_Spot,Fungal_Leaf_Spot,Correct,1.000000
datasets/train/Leaf_Gall/Leaf_Gall00476.jpg,Leaf_Gall,Leaf_Gall,Correct,1.000000
datasets/test/Dry_Leaf/Dry_Leaf00334.jpg,Dry_Leaf,Dry_Leaf,Correct,1.000000
datasets/train/Fungal_Leaf_Spot/Fungal_Leaf_Spot00550.jpg,Fungal_Leaf_Spot,Fungal_Leaf_Spot,Correct,1.000000
datasets/test/Leaf_Gall/Leaf_Gall00112.jpg,Leaf_Gall,Leaf_Gall,Correct,0.999999
datasets/test/Fungal_Leaf_Spot/Fungal_Leaf_Spot00236.jpg,Fungal_Leaf_Spot,Fungal_Leaf_Spot,Correct,1.000000
datasets/test/Leaf_Blight/Leaf_Blight00342.jpg,Leaf_Blight,Leaf_Blight,Correct,0.999695
datasets/test/Healthy_Leaf/Healthy_Leaf00262.jpg,Healthy_Leaf,Healthy_Leaf,Correct,0.999920
datasets/train/Felt_Leaf/Felt_Leaf00326.jpg,Felt_Leaf,Felt_Leaf,Correct,0.998838
datasets/train/Leaf_Gall/Leaf_Gall00085.jpg,Leaf_Gall,Leaf_Gall,Correct,1.000000
datasets/train/Fungal_Leaf_Spot/Fungal_Leaf_Spot00108.jpg,Fungal_Leaf_Spot,Fungal_Leaf_Spot,Correct,1.000000
datasets/test/Fungal_Leaf_Spot/Fungal_Leaf_Spot00293.jpg,Fungal_Leaf_Spot,Fungal_Leaf_Spot,Correct,0.999764
datasets/test/Fungal_Leaf_Spot/Fungal_Leaf_Spot00122.jpg,Fungal_Leaf_Spot,Fungal_Leaf_Spot,Correct,1.000000
datasets/test/Leaf_Gall/Leaf_Gall00217.jpg,Leaf_Gall,Leaf_Gall,Correct,1.000000
datasets/test/Dry_Leaf/Dry_Leaf00043.jpg,Dry_Leaf,Dry_Leaf,Correct,1.000000
datasets/test/Healthy_Leaf/Healthy_Leaf00038.jpg,Healthy_Leaf,Healthy_Leaf,Correct,1.000000
datasets/train/Fungal_Leaf_Spot/Fungal_Leaf_Spot00217.jpg,Fungal_Leaf_Spot,Fungal_Leaf_Spot,Correct,1.000000
datasets/test/Bituminous_Leaf/Bituminous_Leaf00132.jpg,Bituminous_Leaf,Bituminous_Leaf,Correct,0.999998
datasets/test/Leaf_Blight/Leaf_Blight00463.jpg,Leaf_Blight,Leaf_Blight,Correct,1.000000
datasets/test/Dry_Leaf/Dry_Leaf00206.jpg,Dry_Leaf,Dry_Leaf,Correct,1.000000
datasets/test/Leaf_Blight/Leaf_Blight00108.jpg,Leaf_Blight,Leaf_Blight,Correct,0.999985
datasets/test/Leaf_Gall/Leaf_Gall00127.jpg,Leaf_Gall,Leaf_Gall,Correct,0.999907
datasets/test/Anthrax_Leaf/Anthrax_Leaf00008.jpg,Anthrax_Leaf,Anthrax_Leaf,Correct,0.995808
datasets/test/Curl_Leaf/Curl_Leaf00177.jpg,Curl_Leaf,Curl_Leaf,Correct,0.999994
datasets/test/Anthrax_Leaf/Anthrax_Leaf00108.jpg,Anthrax_Leaf,Anthrax_Leaf,Correct,0.999998
datasets/train/Healthy_Leaf/Healthy_Leaf00579.jpg,Healthy_Leaf,Healthy_Leaf,Correct,0.999997
datasets/test/Anthrax_Leaf/Anthrax_Leaf00077.jpg,Anthrax_Leaf,Anthrax_Leaf,Correct,0.999999
datasets/train/Curl_Leaf/Curl_Leaf00141.jpg,Curl_Leaf,Curl_Leaf,Correct,0.986923
datasets/test/Fungal_Leaf_Spot/Fungal_Leaf_Spot00174.jpg,Fungal_Leaf_Spot,Fungal_Leaf_Spot,Correct,0.999999
datasets/train/Leaf_Gall/Leaf_Gall00017.jpg,Leaf_Gall,Leaf_Gall,Correct,0.689140
datasets/test/Leaf_Gall/Leaf_Gall00448.jpg,Leaf_Gall,Leaf_Gall,Correct,0.999996
datasets/test/Leaf_Blight/Leaf_Blight00472.jpg,Leaf_Blight,Leaf_Blight,Correct,1.000000
datasets/test/Anthrax_Leaf/Anthrax_Leaf00078.jpg,Anthrax_Leaf,Anthrax_Leaf,Correct,1.000000
datasets/train/Dry_Leaf/Dry_Leaf00078.jpg,Dry_Leaf,Dry_Leaf,Correct,1.000000
datasets/train/Leaf_Blight/Leaf_Blight00516.jpg,Leaf_Blight,Leaf_Blight,Correct,0.999968
datasets/train/Leaf_Gall/Leaf_Gall00241.jpg,Leaf_Gall,Leaf_Gall,Correct,1.000000
datasets/test/Leaf_Blight/Leaf_Blight00202.jpg,Leaf_Blight,Leaf_Blight,Correct,0.999808
datasets/test/Felt_Leaf/Felt_Leaf00282.jpg,Felt_Leaf,Felt_Leaf,Correct,0.998919
datasets/test/Felt_Leaf/Felt_Leaf00041.jpg,Felt_Leaf,Felt_Leaf,Correct,1.000000
datasets/test/Leaf_Blight/Leaf_Blight00054.jpg,Leaf_Blight,Leaf_Blight,Correct,1.000000
datasets/test/Leaf_Blight/Leaf_Blight00167.jpg,Leaf_Blight,Leaf_Blight,Correct,0.999987
datasets/train/Dry_Leaf/Dry_Leaf00363.jpg,Dry_Leaf,Dry_Leaf,Correct,0.911392
datasets/test/Leaf_Gall/Leaf_Gall00390.jpg,Leaf_Gall,Leaf_Gall,Correct,0.999995
datasets/test/Fungal_Leaf_Spot/Fungal_Leaf_Spot00317.jpg,Fungal_Leaf_Spot,Fungal_Leaf_Spot,Correct,1.000000
datasets/train/Fungal_Leaf_Spot/Fungal_Leaf_Spot00547.jpg,Fungal_Leaf_Spot,Fungal_Leaf_Spot,Correct,0.999923
datasets/test/Leaf_Gall/Leaf_Gall00037.jpg,Leaf_Gall,Leaf_Gall,Correct,1.000000
datasets/test/Fungal_Leaf_Spot/Fungal_Leaf_Spot00011.jpg,Fungal_Leaf_Spot,Fungal_Leaf_Spot,Correct,1.000000
datasets/test/Felt_Leaf/Felt_Leaf00063.jpg,Felt_Leaf,Felt_Leaf,Correct,0.999985
datasets/train/Fungal_Leaf_Spot/Fungal_Leaf_Spot00259.jpg,Fungal_Leaf_Spot,Fungal_Leaf_Spot,Correct,1.000000
datasets/test/Fungal_Leaf_Spot/Fungal_Leaf_Spot00064.jpg,Fungal_Leaf_Spot,Fungal_Leaf_Spot,Correct,1.000000
datasets/test/Fungal_Leaf_Spot/Fungal_Leaf_Spot00119.jpg,Fungal_Leaf_Spot,Fungal_Leaf_Spot,Correct,1.000000
datasets/train/Leaf_Gall/Leaf_Gall00036.jpg,Leaf_Gall,Leaf_Gall,Correct,0.999999
datasets/test/Leaf_Blight/Leaf_Blight00015.jpg,Leaf_Blight,Leaf_Blight,Correct,1.000000
datasets/test/Healthy_Leaf/Healthy_Leaf00598.jpg,Healthy_Leaf,Healthy_Leaf,Correct,1.000000
datasets/test/Fungal_Leaf_Spot/Fungal_Leaf_Spot00560.jpg,Fungal_Leaf_Spot,Fungal_Leaf_Spot,Correct,1.000000
datasets/test/Fungal_Leaf_Spot/Fungal_Leaf_Spot00146.jpg,Fungal_Leaf_Spot,Fungal_Leaf_Spot,Correct,1.000000
datasets/test/Curl_Leaf/Curl_Leaf00135.jpg,Curl_Leaf,Curl_Leaf,Correct,0.999959
datasets/train/Leaf_Gall/Leaf_Gall00474.jpg,Leaf_Gall,Leaf_Gall,Correct,0.999816
datasets/test/Felt_Leaf/Felt_Leaf00351.jpg,Felt_Leaf,Felt_Leaf,Correct,0.999726
datasets/test/Leaf_Blight/Leaf_Blight00496.jpg,Leaf_Blight,Leaf_Blight,Correct,1.000000
datasets/train/Dry_Leaf/Dry_Leaf00105.jpg,Dry_Leaf,Dry_Leaf,Correct,1.000000
datasets/test/Fungal_Leaf_Spot/Fungal_Leaf_Spot00484.jpg,Fungal_Leaf_Spot,Fungal_Leaf_Spot,Correct,0.999996
datasets/train/Felt_Leaf/Felt_Leaf00324.jpg,Felt_Leaf,Felt_Leaf,Correct,0.990960
datasets/test/Felt_Leaf/Felt_Leaf00215.jpg,Felt_Leaf,Felt_Leaf,Correct,0.999859
datasets/train/Leaf_Gall/Leaf_Gall00237.jpg,Leaf_Gall,Leaf_Gall,Correct,1.000000
datasets/test/Leaf_Blight/Leaf_Blight00145.jpg,Leaf_Blight,Leaf_Blight,Correct,0.977287
datasets/train/Leaf_Gall/Leaf_Gall00014.jpg,Leaf_Gall,Leaf_Gall,Correct,0.999910
datasets/test/Leaf_Blight/Leaf_Blight00254.jpg,Leaf_Blight,Leaf_Blight,Correct,0.999701
datasets/test/Healthy_Leaf/Healthy_Leaf00626.jpg,Healthy_Leaf,Healthy_Leaf,Correct,0.999979
datasets/test/Leaf_Blight/Leaf_Blight00572.jpg,Leaf_Blight,Leaf_Blight,Correct,0.999998
datasets/test/Leaf_Gall/Leaf_Gall00129.jpg,Leaf_Gall,Leaf_Gall,Correct,1.000000
datasets/train/Felt_Leaf/Felt_Leaf00073.jpg,Felt_Leaf,Felt_Leaf,Correct,1.000000
datasets/test/Felt_Leaf/Felt_Leaf00169.jpg,Felt_Leaf,Felt_Leaf,Correct,1.000000
datasets/train/Leaf_Blight/Leaf_Blight00518.jpg,Leaf_Blight,Leaf_Blight,Correct,1.000000
datasets/train/Healthy_Leaf/Healthy_Leaf00556.jpg,Healthy_Leaf,Healthy_Leaf,Correct,0.999987
datasets/train/Healthy_Leaf/Healthy_Leaf00557.jpg,Healthy_Leaf,Healthy_Leaf,Correct,0.999983
datasets/train/Fungal_Leaf_Spot/Fungal_Leaf_Spot00101.jpg,Fungal_Leaf_Spot,Fungal_Leaf_Spot,Correct,1.000000
datasets/test/Leaf_Blight/Leaf_Blight00364.jpg,Leaf_Blight,Leaf_Blight,Correct,1.000000
datasets/test/Deficiency_Leaf/Deficiency_Leaf00105.jpg,Deficiency_Leaf,Deficiency_Leaf,Correct,0.994392
datasets/test/Leaf_Blight/Leaf_Blight00112.jpg,Leaf_Blight,Leaf_Blight,Correct,1.000000
datasets/train/Healthy_Leaf/Healthy_Leaf00065.jpg,Healthy_Leaf,Healthy_Leaf,Correct,1.000000
datasets/test/Curl_Leaf/Curl_Leaf00122.jpg,Curl_Leaf,Curl_Leaf,Correct,1.000000
datasets/test/Leaf_Blight/Leaf_Blight00085.jpg,Leaf_Blight,Leaf_Blight,Correct,0.999956
datasets/train/Anthrax_Leaf/Anthrax_Leaf00105.jpg,Anthrax_Leaf,Anthrax_Leaf,Correct,1.000000
datasets/test/Healthy_Leaf/Healthy_Leaf00359.jpg,Healthy_Leaf,Healthy_Leaf,Correct,1.000000
datasets/test/Healthy_Leaf/Healthy_Leaf00165.jpg,Healthy_Leaf,Healthy_Leaf,Correct,1.000000
datasets/train/Healthy_Leaf/Healthy_Leaf00461.jpg,Healthy_Leaf,Healthy_Leaf,Correct,1.000000
datasets/test/Leaf_Gall/Leaf_Gall00489.jpg,Leaf_Gall,Leaf_Gall,Correct,1.000000
datasets/train/Curl_Leaf/Curl_Leaf00093.jpg,Curl_Leaf,Curl_Leaf,Correct,0.999998
datasets/test/Felt_Leaf/Felt_Leaf00350.jpg,Felt_Leaf,Felt_Leaf,Correct,0.999994
datasets/test/Leaf_Blight/Leaf_Blight00470.jpg,Leaf_Blight,Leaf_Blight,Correct,0.999986
datasets/test/Leaf_Blight/Leaf_Blight00451.jpg,Leaf_Blight,Leaf_Blight,Correct,0.999999
datasets/train/Healthy_Leaf/Healthy_Leaf00089.jpg,Healthy_Leaf,Healthy_Leaf,Correct,1.000000
datasets/train/Fungal_Leaf_Spot/Fungal_Leaf_Spot00215.jpg,Fungal_Leaf_Spot,Fungal_Leaf_Spot,Correct,1.000000
datasets/train/Fungal_Leaf_Spot/Fungal_Leaf_Spot00335.jpg,Fungal_Leaf_Spot,Fungal_Leaf_Spot,Correct,1.000000
datasets/test/Dry_Leaf/Dry_Leaf00100.jpg,Dry_Leaf,Dry_Leaf,Correct,0.994531
datasets/train/Healthy_Leaf/Healthy_Leaf00449.jpg,Healthy_Leaf,Healthy_Leaf,Correct,0.999997
datasets/test/Healthy_Leaf/Healthy_Leaf00615.jpg,Healthy_Leaf,Healthy_Leaf,Correct,0.999999
datasets/train/Healthy_Leaf/Healthy_Leaf00500.jpg,Healthy_Leaf,Healthy_Leaf,Correct,0.639617
datasets/train/Leaf_Gall/Leaf_Gall00274.jpg,Leaf_Gall,Leaf_Gall,Correct,1.000000
datasets/test/Leaf_Gall/Leaf_Gall00406.jpg,Leaf_Gall,Leaf_Gall,Correct,0.938154
datasets/test/Anthrax_Leaf/Anthrax_Leaf00141.jpg,Anthrax_Leaf,Anthrax_Leaf,Correct,1.000000
datasets/test/Fungal_Leaf_Spot/Fungal_Leaf_Spot00374.jpg,Fungal_Leaf_Spot,Fungal_Leaf_Spot,Correct,0.999998
datasets/train/Felt_Leaf/Felt_Leaf00305.jpg,Felt_Leaf,Felt_Leaf,Correct,1.000000
datasets/train/Leaf_Gall/Leaf_Gall00602.jpg,Leaf_Gall,Leaf_Gall,Correct,0.999466
datasets/train/Fungal_Leaf_Spot/Fungal_Leaf_Spot00416.jpg,Fungal_Leaf_Spot,Fungal_Leaf_Spot,Correct,1.000000
datasets/test/Healthy_Leaf/Healthy_Leaf00529.jpg,Healthy_Leaf,Healthy_Leaf,Correct,0.999729
datasets/train/Fungal_Leaf_Spot/Fungal_Leaf_Spot00230.jpg,Fungal_Leaf_Spot,Fungal_Leaf_Spot,Correct,1.000000
datasets/train/Leaf_Gall/Leaf_Gall00588.jpg,Leaf_Gall,Leaf_Gall,Correct,0.999957
datasets/test/Fungal_Leaf_Spot/Fungal_Leaf_Spot00564.jpg,Fungal_Leaf_Spot,Fungal_Leaf_Spot,Correct,1.000000
datasets/train/Deficiency_Leaf/Deficiency_Leaf00110.jpg,Deficiency_Leaf,Bituminous_Leaf,Incorrect,0.972267
datasets/test/Fungal_Leaf_Spot/Fungal_Leaf_Spot00014.jpg,Fungal_Leaf_Spot,Fungal_Leaf_Spot,Correct,1.000000
datasets/train/Healthy_Leaf/Healthy_Leaf00444.jpg,Healthy_Leaf,Healthy_Leaf,Correct,1.000000
datasets/test/Dry_Leaf/Dry_Leaf00229.jpg,Dry_Leaf,Dry_Leaf,Correct,1.000000
datasets/train/Leaf_Gall/Leaf_Gall00584.jpg,Leaf_Gall,Leaf_Gall,Correct,0.999401
datasets/test/Fungal_Leaf_Spot/Fungal_Leaf_Spot00185.jpg,Fungal_Leaf_Spot,Fungal_Leaf_Spot,Correct,0.999966
datasets/test/Fungal_Leaf_Spot/Fungal_Leaf_Spot00137.jpg,Fungal_Leaf_Spot,Fungal_Leaf_Spot,Correct,1.000000
datasets/train/Leaf_Blight/Leaf_Blight00354.jpg,Leaf_Blight,Leaf_Blight,Correct,0.999998
datasets/test/Leaf_Gall/Leaf_Gall00523.jpg,Leaf_Gall,Leaf_Gall,Correct,0.999950
datasets/test/Leaf_Gall/Leaf_Gall00311.jpg,Leaf_Gall,Leaf_Gall,Correct,1.000000
datasets/test/Fungal_Leaf_Spot/Fungal_Leaf_Spot00112.jpg,Fungal_Leaf_Spot,Fungal_Leaf_Spot,Correct,1.000000
datasets/train/Felt_Leaf/Felt_Leaf00042.jpg,Felt_Leaf,Felt_Leaf,Correct,1.000000
datasets/test/Felt_Leaf/Felt_Leaf00318.jpg,Felt_Leaf,Felt_Leaf,Correct,0.996533
datasets/train/Healthy_Leaf/Healthy_Leaf00148.jpg,Healthy_Leaf,Healthy_Leaf,Correct,1.000000
datasets/test/Leaf_Blight/Leaf_Blight00331.jpg,Leaf_Blight,Leaf_Blight,Correct,1.000000
datasets/test/Leaf_Blight/Leaf_Blight00190.jpg,Leaf_Blight,Leaf_Blight,Correct,0.999985
datasets/train/Dry_Leaf/Dry_Leaf00052.jpg,Dry_Leaf,Dry_Leaf,Correct,0.999996
datasets/train/Leaf_Gall/Leaf_Gall00397.jpg,Leaf_Gall,Leaf_Gall,Correct,0.999995
datasets/test/Fungal_Leaf_Spot/Fungal_Leaf_Spot00510.jpg,Fungal_Leaf_Spot,Fungal_Leaf_Spot,Correct,1.000000
datasets/test/Curl_Leaf/Curl_Leaf00118.jpg,Curl_Leaf,Curl_Leaf,Correct,0.999755
datasets/train/Dry_Leaf/Dry_Leaf00021.jpg,Dry_Leaf,Dry_Leaf,Correct,1.000000
datasets/test/Healthy_Leaf/Healthy_Leaf00402.jpg,Healthy_Leaf,Healthy_Leaf,Correct,0.999998
datasets/test/Healthy_Leaf/Healthy_Leaf00451.jpg,Healthy_Leaf,Healthy_Leaf,Correct,1.000000
datasets/test/Leaf_Gall/Leaf_Gall00583.jpg,Leaf_Gall,Leaf_Gall,Correct,0.999630
datasets/test/Fungal_Leaf_Spot/Fungal_Leaf_Spot00559.jpg,Fungal_Leaf_Spot,Fungal_Leaf_Spot,Correct,1.000000
datasets/test/Fungal_Leaf_Spot/Fungal_Leaf_Spot00156.jpg,Fungal_Leaf_Spot,Fungal_Leaf_Spot,Correct,1.000000
datasets/test/Leaf_Gall/Leaf_Gall00256.jpg,Leaf_Gall,Leaf_Gall,Correct,0.999913
datasets/train/Anthrax_Leaf/Anthrax_Leaf00119.jpg,Anthrax_Leaf,Anthrax_Leaf,Correct,0.978878
datasets/train/Leaf_Gall/Leaf_Gall00249.jpg,Leaf_Gall,Leaf_Gall,Correct,1.000000
datasets/test/Dry_Leaf/Dry_Leaf00336.jpg,Dry_Leaf,Dry_Leaf,Correct,1.000000
datasets/test/Healthy_Leaf/Healthy_Leaf00398.jpg,Healthy_Leaf,Healthy_Leaf,Correct,1.000000
datasets/test/Healthy_Leaf/Healthy_Leaf00145.jpg,Healthy_Leaf,Healthy_Leaf,Correct,1.000000
datasets/train/Leaf_Gall/Leaf_Gall00086.jpg,Leaf_Gall,Leaf_Gall,Correct,1.000000
datasets/test/Fungal_Leaf_Spot/Fungal_Leaf_Spot00300.jpg,Fungal_Leaf_Spot,Fungal_Leaf_Spot,Correct,1.000000
datasets/train/Healthy_Leaf/Healthy_Leaf00425.jpg,Healthy_Leaf,Healthy_Leaf,Correct,0.999947
datasets/test/Leaf_Blight/Leaf_Blight00446.jpg,Leaf_Blight,Leaf_Blight,Correct,0.999994
datasets/test/Leaf_Gall/Leaf_Gall00271.jpg,Leaf_Gall,Leaf_Gall,Correct,1.000000
datasets/train/Felt_Leaf/Felt_Leaf00255.jpg,Felt_Leaf,Felt_Leaf,Correct,0.936600
datasets/train/Bituminous_Leaf/Bituminous_Leaf00066.jpg,Bituminous_Leaf,Bituminous_Leaf,Correct,0.984569
datasets/train/Leaf_Blight/Leaf_Blight00527.jpg,Leaf_Blight,Leaf_Blight,Correct,1.000000
datasets/test/Curl_Leaf/Curl_Leaf00049.jpg,Curl_Leaf,Curl_Leaf,Correct,1.000000
datasets/test/Leaf_Blight/Leaf_Blight00155.jpg,Leaf_Blight,Leaf_Blight,Correct,0.999998
datasets/test/Healthy_Leaf/Healthy_Leaf00046.jpg,Healthy_Leaf,Healthy_Leaf,Correct,0.999999
datasets/train/Curl_Leaf/Curl_Leaf00120.jpg,Curl_Leaf,Curl_Leaf,Correct,0.999998
datasets/test/Leaf_Gall/Leaf_Gall00188.jpg,Leaf_Gall,Leaf_Gall,Correct,0.999999
datasets/test/Felt_Leaf/Felt_Leaf00267.jpg,Felt_Leaf,Felt_Leaf,Correct,0.999332
datasets/train/Leaf_Blight/Leaf_Blight00511.jpg,Leaf_Blight,Leaf_Blight,Correct,0.999997
datasets/train/Bituminous_Leaf/Bituminous_Leaf00098.jpg,Bituminous_Leaf,Bituminous_Leaf,Correct,0.933392
datasets/test/Leaf_Gall/Leaf_Gall00501.jpg,Leaf_Gall,Leaf_Gall,Correct,0.999999
datasets/test/Leaf_Gall/Leaf_Gall00164.jpg,Leaf_Gall,Leaf_Gall,Correct,0.999999
datasets/test/Leaf_Blight/Leaf_Blight00522.jpg,Leaf_Blight,Leaf_Blight,Correct,0.999934
datasets/test/Felt_Leaf/Felt_Leaf00097.jpg,Felt_Leaf,Felt_Leaf,Correct,0.999994
datasets/train/Healthy_Leaf/Healthy_Leaf00363.jpg,Healthy_Leaf,Healthy_Leaf,Correct,0.999368
datasets/train/Felt_Leaf/Felt_Leaf00371.jpg,Felt_Leaf,Felt_Leaf,Correct,0.998750
datasets/train/Leaf_Blight/Leaf_Blight00584.jpg,Leaf_Blight,Leaf_Blight,Correct,0.950130
datasets/train/Leaf_Blight/Leaf_Blight00152.jpg,Leaf_Blight,Leaf_Blight,Correct,0.999995
datasets/train/Dry_Leaf/Dry_Leaf00249.jpg,Dry_Leaf,Dry_Leaf,Correct,1.000000
datasets/test/Leaf_Blight/Leaf_Blight00116.jpg,Leaf_Blight,Leaf_Blight,Correct,0.879468
datasets/train/Bituminous_Leaf/Bituminous_Leaf00107.jpg,Bituminous_Leaf,Bituminous_Leaf,Correct,0.985223
datasets/train/Leaf_Gall/Leaf_Gall00165.jpg,Leaf_Gall,Leaf_Gall,Correct,0.999987
datasets/test/Leaf_Gall/Leaf_Gall00561.jpg,Leaf_Gall,Leaf_Gall,Correct,1.000000
datasets/train/Leaf_Blight/Leaf_Blight00180.jpg,Leaf_Blight,Leaf_Blight,Correct,0.999893
datasets/train/Fungal_Leaf_Spot/Fungal_Leaf_Spot00331.jpg,Fungal_Leaf_Spot,Fungal_Leaf_Spot,Correct,0.999998
datasets/train/Leaf_Gall/Leaf_Gall00083.jpg,Leaf_Gall,Leaf_Gall,Correct,1.000000
datasets/test/Felt_Leaf/Felt_Leaf00322.jpg,Felt_Leaf,Felt_Leaf,Correct,0.999999
datasets/test/Leaf_Gall/Leaf_Gall00193.jpg,Leaf_Gall,Leaf_Gall,Correct,1.000000
datasets/test/Healthy_Leaf/Healthy_Leaf00222.jpg,Healthy_Leaf,Healthy_Leaf,Correct,1.000000
datasets/test/Leaf_Gall/Leaf_Gall00329.jpg,Leaf_Gall,Leaf_Gall,Correct,0.999992
datasets/train/Fungal_Leaf_Spot/Fungal_Leaf_Spot00294.jpg,Fungal_Leaf_Spot,Fungal_Leaf_Spot,Correct,1.000000
datasets/train/Felt_Leaf/Felt_Leaf00342.jpg,Felt_Leaf,Felt_Leaf,Correct,0.999629
datasets/test/Deficiency_Leaf/Deficiency_Leaf00041.jpg,Deficiency_Leaf,Deficiency_Leaf,Correct,0.952285
datasets/test/Healthy_Leaf/Healthy_Leaf00328.jpg,Healthy_Leaf,Healthy_Leaf,Correct,0.999999
datasets/test/Bituminous_Leaf/Bituminous_Leaf00034.jpg,Bituminous_Leaf,Bituminous_Leaf,Correct,0.992103
datasets/test/Felt_Leaf/Felt_Leaf00198.jpg,Felt_Leaf,Felt_Leaf,Correct,0.999992
datasets/train/Healthy_Leaf/Healthy_Leaf00064.jpg,Healthy_Leaf,Healthy_Leaf,Correct,1.000000
datasets/train/Leaf_Gall/Leaf_Gall00189.jpg,Leaf_Gall,Leaf_Gall,Correct,1.000000
datasets/test/Fungal_Leaf_Spot/Fungal_Leaf_Spot00420.jpg,Fungal_Leaf_Spot,Fungal_Leaf_Spot,Correct,1.000000
datasets/test/Leaf_Gall/Leaf_Gall00600.jpg,Leaf_Gall,Leaf_Gall,Correct,0.999825
datasets/train/Leaf_Gall/Leaf_Gall00079.jpg,Leaf_Gall,Leaf_Gall,Correct,1.000000
datasets/test/Curl_Leaf/Curl_Leaf00063.jpg,Curl_Leaf,Curl_Leaf,Correct,0.999938
datasets/test/Fungal_Leaf_Spot/Fungal_Leaf_Spot00391.jpg,Fungal_Leaf_Spot,Fungal_Leaf_Spot,Correct,0.999926
datasets/test/Healthy_Leaf/Healthy_Leaf00107.jpg,Healthy_Leaf,Healthy_Leaf,Correct,1.000000
datasets/test/Fungal_Leaf_Spot/Fungal_Leaf_Spot00023.jpg,Fungal_Leaf_Spot,Fungal_Leaf_Spot,Correct,1.000000
datasets/train/Dry_Leaf/Dry_Leaf00050.jpg,Dry_Leaf,Dry_Leaf,Correct,1.000000
datasets/train/Leaf_Blight/Leaf_Blight00115.jpg,Leaf_Blight,Leaf_Blight,Correct,0.999999
datasets/train/Felt_Leaf/Felt_Leaf00183.jpg,Felt_Leaf,Felt_Leaf,Correct,0.999991
datasets/train/Fungal_Leaf_Spot/Fungal_Leaf_Spot00502.jpg,Fungal_Leaf_Spot,Fungal_Leaf_Spot,Correct,1.000000
datasets/test/Healthy_Leaf/Healthy_Leaf00608.jpg,Healthy_Leaf,Healthy_Leaf,Correct,0.999970
datasets/train/Felt_Leaf/Felt_Leaf00244.jpg,Felt_Leaf,Felt_Leaf,Correct,0.999448
datasets/train/Leaf_Blight/Leaf_Blight00011.jpg,Leaf_Blight,Leaf_Blight,Correct,1.000000
datasets/train/Felt_Leaf/Felt_Leaf00211.jpg,Felt_Leaf,Felt_Leaf,Correct,0.999992
datasets/test/Dry_Leaf/Dry_Leaf00265.jpg,Dry_Leaf,Dry_Leaf,Correct,1.000000
datasets/train/Leaf_Gall/Leaf_Gall00594.jpg,Leaf_Gall,Leaf_Gall,Correct,1.000000
datasets/test/Anthrax_Leaf/Anthrax_Leaf00023.jpg,Anthrax_Leaf,Anthrax_Leaf,Correct,0.999994
datasets/test/Deficiency_Leaf/Deficiency_Leaf00089.jpg,Deficiency_Leaf,Deficiency_Leaf,Correct,0.687880
datasets/test/Anthrax_Leaf/Anthrax_Leaf00098.jpg,Anthrax_Leaf,Anthrax_Leaf,Correct,0.999910
datasets/test/Leaf_Blight/Leaf_Blight00500.jpg,Leaf_Blight,Leaf_Blight,Correct,0.999999
datasets/train/Felt_Leaf/Felt_Leaf00376.jpg,Felt_Leaf,Fungal_Leaf_Spot,Incorrect,0.926876
datasets/train/Fungal_Leaf_Spot/Fungal_Leaf_Spot00529.jpg,Fungal_Leaf_Spot,Fungal_Leaf_Spot,Correct,1.000000
datasets/test/Healthy_Leaf/Healthy_Leaf00325.jpg,Healthy_Leaf,Healthy_Leaf,Correct,1.000000
datasets/test/Dry_Leaf/Dry_Leaf00141.jpg,Dry_Leaf,Dry_Leaf,Correct,1.000000
datasets/test/Leaf_Blight/Leaf_Blight00100.jpg,Leaf_Blight,Leaf_Blight,Correct,0.999950
datasets/test/Dry_Leaf/Dry_Leaf00322.jpg,Dry_Leaf,Dry_Leaf,Correct,1.000000
datasets/train/Fungal_Leaf_Spot/Fungal_Leaf_Spot00249.jpg,Fungal_Leaf_Spot,Fungal_Leaf_Spot,Correct,0.999024
datasets/test/Dry_Leaf/Dry_Leaf00356.jpg,Dry_Leaf,Dry_Leaf,Correct,0.999673
datasets/train/Healthy_Leaf/Healthy_Leaf00209.jpg,Healthy_Leaf,Healthy_Leaf,Correct,0.999999
datasets/train/Leaf_Gall/Leaf_Gall00362.jpg,Leaf_Gall,Leaf_Gall,Correct,0.999814
datasets/test/Leaf_Blight/Leaf_Blight00393.jpg,Leaf_Blight,Leaf_Blight,Correct,0.903594
datasets/test/Curl_Leaf/Curl_Leaf00033.jpg,Curl_Leaf,Curl_Leaf,Correct,0.999998
datasets/train/Healthy_Leaf/Healthy_Leaf00174.jpg,Healthy_Leaf,Healthy_Leaf,Correct,1.000000
datasets/train/Bituminous_Leaf/Bituminous_Leaf00083.jpg,Bituminous_Leaf,Bituminous_Leaf,Correct,0.999583
datasets/train/Deficiency_Leaf/Deficiency_Leaf00006.jpg,Deficiency_Leaf,Deficiency_Leaf,Correct,0.999870
datasets/test/Leaf_Blight/Leaf_Blight00328.jpg,Leaf_Blight,Leaf_Blight,Correct,1.000000
datasets/train/Anthrax_Leaf/Anthrax_Leaf00081.jpg,Anthrax_Leaf,Anthrax_Leaf,Correct,0.999977
datasets/test/Leaf_Gall/Leaf_Gall00444.jpg,Leaf_Gall,Leaf_Gall,Correct,0.998310
datasets/test/Felt_Leaf/Felt_Leaf00105.jpg,Felt_Leaf,Felt_Leaf,Correct,0.999980
datasets/train/Dry_Leaf/Dry_Leaf00215.jpg,Dry_Leaf,Dry_Leaf,Correct,0.999992
datasets/train/Healthy_Leaf/Healthy_Leaf00345.jpg,Healthy_Leaf,Healthy_Leaf,Correct,1.000000
datasets/train/Leaf_Gall/Leaf_Gall00024.jpg,Leaf_Gall,Leaf_Gall,Correct,1.000000
datasets/train/Leaf_Blight/Leaf_Blight00091.jpg,Leaf_Blight,Leaf_Blight,Correct,0.999320
datasets/train/Felt_Leaf/Felt_Leaf00044.jpg,Felt_Leaf,Felt_Leaf,Correct,1.000000
datasets/test/Healthy_Leaf/Healthy_Leaf00213.jpg,Healthy_Leaf,Healthy_Leaf,Correct,1.000000
datasets/train/Dry_Leaf/Dry_Leaf00195.jpg,Dry_Leaf,Dry_Leaf,Correct,1.000000
datasets/train/Fungal_Leaf_Spot/Fungal_Leaf_Spot00281.jpg,Fungal_Leaf_Spot,Fungal_Leaf_Spot,Correct,1.000000
datasets/test/Fungal_Leaf_Spot/Fungal_Leaf_Spot00426.jpg,Fungal_Leaf_Spot,Fungal_Leaf_Spot,Correct,1.000000
datasets/test/Healthy_Leaf/Healthy_Leaf00370.jpg,Healthy_Leaf,Healthy_Leaf,Correct,0.999999
datasets/train/Leaf_Gall/Leaf_Gall00148.jpg,Leaf_Gall,Leaf_Gall,Correct,0.984923
datasets/test/Healthy_Leaf/Healthy_Leaf00611.jpg,Healthy_Leaf,Healthy_Leaf,Correct,0.999998
datasets/train/Dry_Leaf/Dry_Leaf00012.jpg,Dry_Leaf,Dry_Leaf,Correct,0.999996
datasets/test/Deficiency_Leaf/Deficiency_Leaf00093.jpg,Deficiency_Leaf,Anthrax_Leaf,Incorrect,0.999915
datasets/test/Leaf_Blight/Leaf_Blight00186.jpg,Leaf_Blight,Leaf_Blight,Correct,0.999948
datasets/test/Fungal_Leaf_Spot/Fungal_Leaf_Spot00237.jpg,Fungal_Leaf_Spot,Fungal_Leaf_Spot,Correct,1.000000
datasets/test/Dry_Leaf/Dry_Leaf00360.jpg,Dry_Leaf,Dry_Leaf,Correct,0.910303
datasets/train/Curl_Leaf/Curl_Leaf00137.jpg,Curl_Leaf,Curl_Leaf,Correct,0.999627
datasets/test/Healthy_Leaf/Healthy_Leaf00590.jpg,Healthy_Leaf,Healthy_Leaf,Correct,1.000000
datasets/test/Healthy_Leaf/Healthy_Leaf00415.jpg,Healthy_Leaf,Healthy_Leaf,Correct,0.999964
datasets/test/Leaf_Gall/Leaf_Gall00181.jpg,Leaf_Gall,Leaf_Gall,Correct,1.000000
datasets/train/Leaf_Blight/Leaf_Blight00090.jpg,Leaf_Blight,Leaf_Blight,Correct,0.995754
datasets/test/Leaf_Gall/Leaf_Gall00158.jpg,Leaf_Gall,Leaf_Gall,Correct,0.987147
datasets/test/Felt_Leaf/Felt_Leaf00221.jpg,Felt_Leaf,Felt_Leaf,Correct,1.000000
datasets/train/Curl_Leaf/Curl_Leaf00010.jpg,Curl_Leaf,Curl_Leaf,Correct,1.000000
datasets/test/Healthy_Leaf/Healthy_Leaf00610.jpg,Healthy_Leaf,Healthy_Leaf,Correct,0.999997
datasets/train/Fungal_Leaf_Spot/Fungal_Leaf_Spot00467.jpg,Fungal_Leaf_Spot,Fungal_Leaf_Spot,Correct,0.993800
datasets/train/Healthy_Leaf/Healthy_Leaf00043.jpg,Healthy_Leaf,Healthy_Leaf,Correct,1.000000
datasets/test/Deficiency_Leaf/Deficiency_Leaf00113.jpg,Deficiency_Leaf,Deficiency_Leaf,Correct,0.995027
datasets/train/Anthrax_Leaf/Anthrax_Leaf00117.jpg,Anthrax_Leaf,Anthrax_Leaf,Correct,1.000000
datasets/test/Healthy_Leaf/Healthy_Leaf00383.jpg,Healthy_Leaf,Healthy_Leaf,Correct,0.999912
datasets/train/Healthy_Leaf/Healthy_Leaf00593.jpg,Healthy_Leaf,Healthy_Leaf,Correct,1.000000
datasets/test/Fungal_Leaf_Spot/Fungal_Leaf_Spot00163.jpg,Fungal_Leaf_Spot,Fungal_Leaf_Spot,Correct,1.000000
datasets/train/Curl_Leaf/Curl_Leaf00143.jpg,Curl_Leaf,Curl_Leaf,Correct,0.999999
datasets/test/Dry_Leaf/Dry_Leaf00042.jpg,Dry_Leaf,Dry_Leaf,Correct,1.000000
datasets/test/Leaf_Blight/Leaf_Blight00456.jpg,Leaf_Blight,Leaf_Blight,Correct,0.999971
datasets/test/Leaf_Blight/Leaf_Blight00338.jpg,Leaf_Blight,Leaf_Blight,Correct,1.000000
datasets/train/Leaf_Gall/Leaf_Gall00456.jpg,Leaf_Gall,Leaf_Gall,Correct,1.000000
datasets/test/Fungal_Leaf_Spot/Fungal_Leaf_Spot00078.jpg,Fungal_Leaf_Spot,Fungal_Leaf_Spot,Correct,1.000000
datasets/test/Healthy_Leaf/Healthy_Leaf00122.jpg,Healthy_Leaf,Healthy_Leaf,Correct,1.000000
datasets/test/Leaf_Gall/Leaf_Gall00459.jpg,Leaf_Gall,Leaf_Gall,Correct,0.999992
datasets/test/Fungal_Leaf_Spot/Fungal_Leaf_Spot00003.jpg,Fungal_Leaf_Spot,Fungal_Leaf_Spot,Correct,1.000000
datasets/test/Deficiency_Leaf/Deficiency_Leaf00070.jpg,Deficiency_Leaf,Deficiency_Leaf,Correct,0.761557
datasets/train/Fungal_Leaf_Spot/Fungal_Leaf_Spot00462.jpg,Fungal_Leaf_Spot,Fungal_Leaf_Spot,Correct,0.999404
datasets/train/Bituminous_Leaf/Bituminous_Leaf00045.jpg,Bituminous_Leaf,Bituminous_Leaf,Correct,0.999909
datasets/test/Leaf_Blight/Leaf_Blight00494.jpg,Leaf_Blight,Leaf_Blight,Correct,1.000000
datasets/train/Healthy_Leaf/Healthy_Leaf00334.jpg,Healthy_Leaf,Healthy_Leaf,Correct,1.000000
datasets/test/Anthrax_Leaf/Anthrax_Leaf00133.jpg,Anthrax_Leaf,Anthrax_Leaf,Correct,1.000000
datasets/test/Dry_Leaf/Dry_Leaf00311.jpg,Dry_Leaf,Dry_Leaf,Correct,1.000000
datasets/test/Curl_Leaf/Curl_Leaf00140.jpg,Curl_Leaf,Curl_Leaf,Correct,0.993329
datasets/test/Fungal_Leaf_Spot/Fungal_Leaf_Spot00001.jpg,Fungal_Leaf_Spot,Fungal_Leaf_Spot,Correct,1.000000
datasets/test/Dry_Leaf/Dry_Leaf00192.jpg,Dry_Leaf,Dry_Leaf,Correct,1.000000
datasets/test/Anthrax_Leaf/Anthrax_Leaf00095.jpg,Anthrax_Leaf,Anthrax_Leaf,Correct,0.880190
datasets/test/Leaf_Gall/Leaf_Gall00379.jpg,Leaf_Gall,Leaf_Gall,Correct,0.999855
datasets/test/Healthy_Leaf/Healthy_Leaf00225.jpg,Healthy_Leaf,Healthy_Leaf,Correct,1.000000
datasets/test/Dry_Leaf/Dry_Leaf00161.jpg,Dry_Leaf,Dry_Leaf,Correct,1.000000
datasets/train/Healthy_Leaf/Healthy_Leaf00375.jpg,Healthy_Leaf,Healthy_Leaf,Correct,0.999992
datasets/train/Leaf_Gall/Leaf_Gall00221.jpg,Leaf_Gall,Leaf_Gall,Correct,1.000000
datasets/test/Leaf_Blight/Leaf_Blight00509.jpg,Leaf_Blight,Leaf_Blight,Correct,0.999974
datasets/test/Felt_Leaf/Felt_Leaf00202.jpg,Felt_Leaf,Felt_Leaf,Correct,1.000000
datasets/train/Healthy_Leaf/Healthy_Leaf00110.jpg,Healthy_Leaf,Healthy_Leaf,Correct,1.000000
datasets/test/Deficiency_Leaf/Deficiency_Leaf00040.jpg,Deficiency_Leaf,Deficiency_Leaf,Correct,0.982992
datasets/test/Healthy_Leaf/Healthy_Leaf00505.jpg,Healthy_Leaf,Healthy_Leaf,Correct,0.999999
datasets/test/Leaf_Gall/Leaf_Gall00490.jpg,Leaf_Gall,Leaf_Gall,Correct,1.000000
datasets/train/Leaf_Gall/Leaf_Gall00356.jpg,Leaf_Gall,Leaf_Gall,Correct,1.000000
datasets/test/Fungal_Leaf_Spot/Fungal_Leaf_Spot00098.jpg,Fungal_Leaf_Spot,Fungal_Leaf_Spot,Correct,1.000000
datasets/test/Deficiency_Leaf/Deficiency_Leaf00011.jpg,Deficiency_Leaf,Deficiency_Leaf,Correct,0.999920
datasets/train/Felt_Leaf/Felt_Leaf00275.jpg,Felt_Leaf,Felt_Leaf,Correct,0.961215
datasets/test/Leaf_Gall/Leaf_Gall00097.jpg,Leaf_Gall,Leaf_Gall,Correct,1.000000
datasets/train/Leaf_Blight/Leaf_Blight00161.jpg,Leaf_Blight,Leaf_Blight,Correct,0.999926
datasets/test/Felt_Leaf/Felt_Leaf00333.jpg,Felt_Leaf,Felt_Leaf,Correct,0.965230
datasets/train/Dry_Leaf/Dry_Leaf00241.jpg,Dry_Leaf,Dry_Leaf,Correct,1.000000
datasets/test/Felt_Leaf/Felt_Leaf00077.jpg,Felt_Leaf,Felt_Leaf,Correct,0.998253
datasets/test/Healthy_Leaf/Healthy_Leaf00582.jpg,Healthy_Leaf,Healthy_Leaf,Correct,1.000000
datasets/test/Leaf_Gall/Leaf_Gall00163.jpg,Leaf_Gall,Leaf_Gall,Correct,1.000000
datasets/test/Fungal_Leaf_Spot/Fungal_Leaf_Spot00326.jpg,Fungal_Leaf_Spot,Fungal_Leaf_Spot,Correct,1.000000
datasets/test/Leaf_Blight/Leaf_Blight00278.jpg,Leaf_Blight,Leaf_Blight,Correct,1.000000
datasets/train/Healthy_Leaf/Healthy_Leaf00468.jpg,Healthy_Leaf,Healthy_Leaf,Correct,0.999986
datasets/train/Leaf_Gall/Leaf_Gall00015.jpg,Leaf_Gall,Leaf_Gall,Correct,0.999996
datasets/test/Anthrax_Leaf/Anthrax_Leaf00093.jpg,Anthrax_Leaf,Anthrax_Leaf,Correct,1.000000
datasets/test/Deficiency_Leaf/Deficiency_Leaf00066.jpg,Deficiency_Leaf,Deficiency_Leaf,Correct,0.961003
datasets/test/Dry_Leaf/Dry_Leaf00297.jpg,Dry_Leaf,Dry_Leaf,Correct,1.000000
datasets/train/Leaf_Blight/Leaf_Blight00249.jpg,Leaf_Blight,Leaf_Blight,Correct,1.000000
datasets/train/Curl_Leaf/Curl_Leaf00153.jpg,Curl_Leaf,Curl_Leaf,Correct,0.999993
datasets/test/Dry_Leaf/Dry_Leaf00321.jpg,Dry_Leaf,Dry_Leaf,Correct,1.000000
datasets/test/Anthrax_Leaf/Anthrax_Leaf00060.jpg,Anthrax_Leaf,Anthrax_Leaf,Correct,1.000000
datasets/train/Leaf_Blight/Leaf_Blight00143.jpg,Leaf_Blight,Leaf_Blight,Correct,0.999916
datasets/test/Leaf_Gall/Leaf_Gall00056.jpg,Leaf_Gall,Leaf_Gall,Correct,0.999717
datasets/test/Felt_Leaf/Felt_Leaf00348.jpg,Felt_Leaf,Felt_Leaf,Correct,0.999829
datasets/test/Bituminous_Leaf/Bituminous_Leaf00137.jpg,Bituminous_Leaf,Bituminous_Leaf,Correct,0.998814
datasets/test/Deficiency_Leaf/Deficiency_Leaf00080.jpg,Deficiency_Leaf,Deficiency_Leaf,Correct,0.999877
datasets/train/Fungal_Leaf_Spot/Fungal_Leaf_Spot00558.jpg,Fungal_Leaf_Spot,Fungal_Leaf_Spot,Correct,0.999999
datasets/train/Healthy_Leaf/Healthy_Leaf00172.jpg,Healthy_Leaf,Healthy_Leaf,Correct,1.000000
datasets/test/Healthy_Leaf/Healthy_Leaf00387.jpg,Healthy_Leaf,Healthy_Leaf,Correct,1.000000
datasets/test/Fungal_Leaf_Spot/Fungal_Leaf_Spot00160.jpg,Fungal_Leaf_Spot,Fungal_Leaf_Spot,Correct,1.000000
datasets/train/Leaf_Blight/Leaf_Blight00183.jpg,Leaf_Blight,Leaf_Blight,Correct,0.999989
datasets/test/Leaf_Gall/Leaf_Gall00261.jpg,Leaf_Gall,Leaf_Gall,Correct,0.999999
datasets/train/Leaf_Blight/Leaf_Blight00022.jpg,Leaf_Blight,Leaf_Blight,Correct,0.999999
datasets/test/Leaf_Blight/Leaf_Blight00437.jpg,Leaf_Blight,Leaf_Blight,Correct,0.999997
datasets/train/Leaf_Blight/Leaf_Blight00589.jpg,Leaf_Blight,Leaf_Blight,Correct,0.999812
datasets/test/Leaf_Blight/Leaf_Blight00014.jpg,Leaf_Blight,Leaf_Blight,Correct,1.000000
datasets/test/Dry_Leaf/Dry_Leaf00291.jpg,Dry_Leaf,Dry_Leaf,Correct,1.000000
datasets/train/Leaf_Gall/Leaf_Gall00493.jpg,Leaf_Gall,Leaf_Gall,Correct,1.000000
datasets/test/Healthy_Leaf/Healthy_Leaf00477.jpg,Healthy_Leaf,Healthy_Leaf,Correct,0.999998
datasets/test/Deficiency_Leaf/Deficiency_Leaf00077.jpg,Deficiency_Leaf,Deficiency_Leaf,Correct,0.945007
datasets/train/Bituminous_Leaf/Bituminous_Leaf00043.jpg,Bituminous_Leaf,Bituminous_Leaf,Correct,0.999995
datasets/train/Leaf_Gall/Leaf_Gall00257.jpg,Leaf_Gall,Leaf_Gall,Correct,0.999977
datasets/test/Felt_Leaf/Felt_Leaf00149.jpg,Felt_Leaf,Felt_Leaf,Correct,0.999979
datasets/train/Felt_Leaf/Felt_Leaf00258.jpg,Felt_Leaf,Felt_Leaf,Correct,0.999962
datasets/train/Deficiency_Leaf/Deficiency_Leaf00119.jpg,Deficiency_Leaf,Deficiency_Leaf,Correct,0.935282
datasets/train/Fungal_Leaf_Spot/Fungal_Leaf_Spot00141.jpg,Fungal_Leaf_Spot,Fungal_Leaf_Spot,Correct,1.000000
datasets/test/Anthrax_Leaf/Anthrax_Leaf00079.jpg,Anthrax_Leaf,Anthrax_Leaf,Correct,0.999999
datasets/train/Fungal_Leaf_Spot/Fungal_Leaf_Spot00228.jpg,Fungal_Leaf_Spot,Fungal_Leaf_Spot,Correct,1.000000
datasets/test/Leaf_Gall/Leaf_Gall00018.jpg,Leaf_Gall,Leaf_Gall,Correct,0.999917
datasets/train/Leaf_Gall/Leaf_Gall00282.jpg,Leaf_Gall,Leaf_Gall,Correct,0.999982
datasets/test/Healthy_Leaf/Healthy_Leaf00292.jpg,Healthy_Leaf,Healthy_Leaf,Correct,1.000000
datasets/test/Fungal_Leaf_Spot/Fungal_Leaf_Spot00052.jpg,Fungal_Leaf_Spot,Fungal_Leaf_Spot,Correct,1.000000
datasets/test/Healthy_Leaf/Healthy_Leaf00131.jpg,Healthy_Leaf,Healthy_Leaf,Correct,1.000000
datasets/test/Leaf_Blight/Leaf_Blight00042.jpg,Leaf_Blight,Leaf_Blight,Correct,1.000000
datasets/test/Leaf_Gall/Leaf_Gall00535.jpg,Leaf_Gall,Leaf_Gall,Correct,0.999997
datasets/test/Leaf_Gall/Leaf_Gall00569.jpg,Leaf_Gall,Leaf_Gall,Correct,0.999997
datasets/test/Felt_Leaf/Felt_Leaf00058.jpg,Felt_Leaf,Felt_Leaf,Correct,0.999843
datasets/train/Leaf_Gall/Leaf_Gall00528.jpg,Leaf_Gall,Leaf_Gall,Correct,0.999998
datasets/test/Felt_Leaf/Felt_Leaf00088.jpg,Felt_Leaf,Felt_Leaf,Correct,0.995747
datasets/test/Fungal_Leaf_Spot/Fungal_Leaf_Spot00477.jpg,Fungal_Leaf_Spot,Fungal_Leaf_Spot,Correct,1.000000
datasets/train/Fungal_Leaf_Spot/Fungal_Leaf_Spot00006.jpg,Fungal_Leaf_Spot,Fungal_Leaf_Spot,Correct,1.000000
datasets/test/Deficiency_Leaf/Deficiency_Leaf00050.jpg,Deficiency_Leaf,Deficiency_Leaf,Correct,0.725307
datasets/test/Leaf_Gall/Leaf_Gall00405.jpg,Leaf_Gall,Leaf_Gall,Correct,0.997521
datasets/test/Healthy_Leaf/Healthy_Leaf00248.jpg,Healthy_Leaf,Healthy_Leaf,Correct,0.999986
datasets/train/Felt_Leaf/Felt_Leaf00095.jpg,Felt_Leaf,Felt_Leaf,Correct,0.999999
datasets/train/Healthy_Leaf/Healthy_Leaf00479.jpg,Healthy_Leaf,Healthy_Leaf,Correct,1.000000
datasets/test/Leaf_Gall/Leaf_Gall00077.jpg,Leaf_Gall,Leaf_Gall,Correct,1.000000
datasets/train/Leaf_Blight/Leaf_Blight00478.jpg,Leaf_Blight,Leaf_Blight,Correct,0.999999
datasets/train/Leaf_Gall/Leaf_Gall00303.jpg,Leaf_Gall,Leaf_Gall,Correct,0.999997
datasets/test/Curl_Leaf/Curl_Leaf00030.jpg,Curl_Leaf,Curl_Leaf,Correct,1.000000
datasets/test/Curl_Leaf/Curl_Leaf00149.jpg,Curl_Leaf,Curl_Leaf,Correct,0.999993
datasets/train/Anthrax_Leaf/Anthrax_Leaf00043.jpg,Anthrax_Leaf,Anthrax_Leaf,Correct,1.000000
datasets/train/Leaf_Gall/Leaf_Gall00486.jpg,Leaf_Gall,Leaf_Gall,Correct,1.000000
datasets/train/Leaf_Gall/Leaf_Gall00620.jpg,Leaf_Gall,Leaf_Gall,Correct,0.838966
datasets/test/Bituminous_Leaf/Bituminous_Leaf00028.jpg,Bituminous_Leaf,Bituminous_Leaf,Correct,0.999998
datasets/train/Felt_Leaf/Felt_Leaf00262.jpg,Felt_Leaf,Fungal_Leaf_Spot,Incorrect,0.989554
datasets/test/Dry_Leaf/Dry_Leaf00292.jpg,Dry_Leaf,Dry_Leaf,Correct,1.000000
datasets/test/Healthy_Leaf/Healthy_Leaf00176.jpg,Healthy_Leaf,Healthy_Leaf,Correct,1.000000
datasets/train/Anthrax_Leaf/Anthrax_Leaf00016.jpg,Anthrax_Leaf,Anthrax_Leaf,Correct,0.997768
datasets/test/Bituminous_Leaf/Bituminous_Leaf00013.jpg,Bituminous_Leaf,Bituminous_Leaf,Correct,0.964291
datasets/train/Leaf_Gall/Leaf_Gall00240.jpg,Leaf_Gall,Leaf_Gall,Correct,1.000000
datasets/test/Dry_Leaf/Dry_Leaf00244.jpg,Dry_Leaf,Dry_Leaf,Correct,1.000000
datasets/train/Healthy_Leaf/Healthy_Leaf00305.jpg,Healthy_Leaf,Healthy_Leaf,Correct,0.999999
datasets/test/Leaf_Blight/Leaf_Blight00562.jpg,Leaf_Blight,Leaf_Blight,Correct,1.000000
datasets/test/Leaf_Gall/Leaf_Gall00589.jpg,Leaf_Gall,Leaf_Gall,Correct,1.000000
datasets/test/Healthy_Leaf/Healthy_Leaf00106.jpg,Healthy_Leaf,Healthy_Leaf,Correct,1.000000
datasets/test/Curl_Leaf/Curl_Leaf00077.jpg,Curl_Leaf,Curl_Leaf,Correct,0.999990
datasets/train/Anthrax_Leaf/Anthrax_Leaf00042.jpg,Anthrax_Leaf,Anthrax_Leaf,Correct,0.768530
datasets/test/Leaf_Blight/Leaf_Blight00565.jpg,Leaf_Blight,Leaf_Blight,Correct,1.000000
datasets/test/Healthy_Leaf/Healthy_Leaf00403.jpg,Healthy_Leaf,Healthy_Leaf,Correct,1.000000
datasets/test/Felt_Leaf/Felt_Leaf00093.jpg,Felt_Leaf,Felt_Leaf,Correct,0.999878
datasets/train/Fungal_Leaf_Spot/Fungal_Leaf_Spot00194.jpg,Fungal_Leaf_Spot,Fungal_Leaf_Spot,Correct,0.999999
datasets/test/Healthy_Leaf/Healthy_Leaf00491.jpg,Healthy_Leaf,Healthy_Leaf,Correct,0.999999
datasets/test/Anthrax_Leaf/Anthrax_Leaf00148.jpg,Anthrax_Leaf,Anthrax_Leaf,Correct,1.000000
datasets/train/Fungal_Leaf_Spot/Fungal_Leaf_Spot00459.jpg,Fungal_Leaf_Spot,Fungal_Leaf_Spot,Correct,0.995999
datasets/test/Dry_Leaf/Dry_Leaf00194.jpg,Dry_Leaf,Dry_Leaf,Correct,1.000000
datasets/train/Healthy_Leaf/Healthy_Leaf00243.jpg,Healthy_Leaf,Healthy_Leaf,Correct,1.000000
datasets/train/Healthy_Leaf/Healthy_Leaf00016.jpg,Healthy_Leaf,Healthy_Leaf,Correct,1.000000
datasets/test/Fungal_Leaf_Spot/Fungal_Leaf_Spot00093.jpg,Fungal_Leaf_Spot,Fungal_Leaf_Spot,Correct,1.000000
datasets/test/Leaf_Blight/Leaf_Blight00234.jpg,Leaf_Blight,Leaf_Blight,Correct,0.999991
datasets/train/Healthy_Leaf/Healthy_Leaf00431.jpg,Healthy_Leaf,Healthy_Leaf,Correct,0.999999
datasets/test/Healthy_Leaf/Healthy_Leaf00274.jpg,Healthy_Leaf,Healthy_Leaf,Correct,0.999872
datasets/test/Curl_Leaf/Curl_Leaf00027.jpg,Curl_Leaf,Curl_Leaf,Correct,0.999998
datasets/test/Leaf_Blight/Leaf_Blight00487.jpg,Leaf_Blight,Leaf_Blight,Correct,0.999998
datasets/train/Deficiency_Leaf/Deficiency_Leaf00021.jpg,Deficiency_Leaf,Deficiency_Leaf,Correct,0.874127
datasets/train/Healthy_Leaf/Healthy_Leaf00224.jpg,Healthy_Leaf,Healthy_Leaf,Correct,1.000000
datasets/test/Deficiency_Leaf/Deficiency_Leaf00085.jpg,Deficiency_Leaf,Deficiency_Leaf,Correct,0.998844
datasets/train/Bituminous_Leaf/Bituminous_Leaf00008.jpg,Bituminous_Leaf,Bituminous_Leaf,Correct,0.903547
datasets/train/Leaf_Blight/Leaf_Blight00171.jpg,Leaf_Blight,Leaf_Blight,Correct,0.999999
datasets/test/Deficiency_Leaf/Deficiency_Leaf00086.jpg,Deficiency_Leaf,Deficiency_Leaf,Correct,0.998808
datasets/test/Fungal_Leaf_Spot/Fungal_Leaf_Spot00157.jpg,Fungal_Leaf_Spot,Fungal_Leaf_Spot,Correct,1.000000
datasets/test/Leaf_Gall/Leaf_Gall00451.jpg,Leaf_Gall,Leaf_Gall,Correct,0.999999
datasets/test/Dry_Leaf/Dry_Leaf00278.jpg,Dry_Leaf,Dry_Leaf,Correct,1.000000
datasets/train/Fungal_Leaf_Spot/Fungal_Leaf_Spot00264.jpg,Fungal_Leaf_Spot,Fungal_Leaf_Spot,Correct,1.000000
datasets/train/Leaf_Blight/Leaf_Blight00040.jpg,Leaf_Blight,Leaf_Blight,Correct,1.000000
datasets/test/Leaf_Gall/Leaf_Gall00243.jpg,Leaf_Gall,Leaf_Gall,Correct,1.000000
datasets/test/Healthy_Leaf/Healthy_Leaf00339.jpg,Healthy_Leaf,Healthy_Leaf,Correct,0.999829
datasets/test/Bituminous_Leaf/Bituminous_Leaf00052.jpg,Bituminous_Leaf,Bituminous_Leaf,Correct,0.999991
datasets/test/Leaf_Gall/Leaf_Gall00350.jpg,Leaf_Gall,Leaf_Gall,Correct,0.999997
datasets/test/Leaf_Blight/Leaf_Blight00510.jpg,Leaf_Blight,Leaf_Blight,Correct,0.999950
datasets/test/Dry_Leaf/Dry_Leaf00033.jpg,Dry_Leaf,Dry_Leaf,Correct,0.999916
datasets/test/Fungal_Leaf_Spot/Fungal_Leaf_Spot00127.jpg,Fungal_Leaf_Spot,Fungal_Leaf_Spot,Correct,0.999846
datasets/test/Leaf_Blight/Leaf_Blight00191.jpg,Leaf_Blight,Leaf_Blight,Correct,0.999225
datasets/train/Dry_Leaf/Dry_Leaf00018.jpg,Dry_Leaf,Dry_Leaf,Correct,1.000000
datasets/test/Felt_Leaf/Felt_Leaf00233.jpg,Felt_Leaf,Felt_Leaf,Correct,0.999973
datasets/train/Felt_Leaf/Felt_Leaf00321.jpg,Felt_Leaf,Felt_Leaf,Correct,0.989894
datasets/test/Bituminous_Leaf/Bituminous_Leaf00026.jpg,Bituminous_Leaf,Bituminous_Leaf,Correct,0.999999
datasets/test/Fungal_Leaf_Spot/Fungal_Leaf_Spot00134.jpg,Fungal_Leaf_Spot,Fungal_Leaf_Spot,Correct,1.000000
datasets/test/Leaf_Gall/Leaf_Gall00032.jpg,Leaf_Gall,Leaf_Gall,Correct,1.000000
datasets/train/Dry_Leaf/Dry_Leaf00187.jpg,Dry_Leaf,Dry_Leaf,Correct,1.000000
datasets/train/Leaf_Gall/Leaf_Gall00223.jpg,Leaf_Gall,Leaf_Gall,Correct,1.000000
datasets/test/Fungal_Leaf_Spot/Fungal_Leaf_Spot00526.jpg,Fungal_Leaf_Spot,Fungal_Leaf_Spot,Correct,1.000000
datasets/train/Leaf_Gall/Leaf_Gall00373.jpg,Leaf_Gall,Leaf_Gall,Correct,0.999963
datasets/train/Healthy_Leaf/Healthy_Leaf00267.jpg,Healthy_Leaf,Healthy_Leaf,Correct,0.999999
datasets/test/Healthy_Leaf/Healthy_Leaf00154.jpg,Healthy_Leaf,Healthy_Leaf,Correct,0.999999
datasets/test/Leaf_Gall/Leaf_Gall00098.jpg,Leaf_Gall,Leaf_Gall,Correct,1.000000
datasets/test/Leaf_Gall/Leaf_Gall00358.jpg,Leaf_Gall,Leaf_Gall,Correct,0.998746
datasets/test/Curl_Leaf/Curl_Leaf00097.jpg,Curl_Leaf,Curl_Leaf,Correct,0.986169
datasets/test/Leaf_Gall/Leaf_Gall00425.jpg,Leaf_Gall,Leaf_Gall,Correct,1.000000
datasets/train/Bituminous_Leaf/Bituminous_Leaf00104.jpg,Bituminous_Leaf,Bituminous_Leaf,Correct,0.999937
datasets/test/Bituminous_Leaf/Bituminous_Leaf00095.jpg,Bituminous_Leaf,Bituminous_Leaf,Correct,0.999742
datasets/test/Dry_Leaf/Dry_Leaf00337.jpg,Dry_Leaf,Dry_Leaf,Correct,1.000000
datasets/train/Leaf_Gall/Leaf_Gall00534.jpg,Leaf_Gall,Leaf_Gall,Correct,0.999672
datasets/test/Anthrax_Leaf/Anthrax_Leaf00013.jpg,Anthrax_Leaf,Anthrax_Leaf,Correct,0.999985
datasets/train/Leaf_Gall/Leaf_Gall00586.jpg,Leaf_Gall,Leaf_Gall,Correct,1.000000
datasets/train/Deficiency_Leaf/Deficiency_Leaf00069.jpg,Deficiency_Leaf,Deficiency_Leaf,Correct,0.999936
datasets/train/Curl_Leaf/Curl_Leaf00125.jpg,Curl_Leaf,Curl_Leaf,Correct,1.000000
datasets/test/Healthy_Leaf/Healthy_Leaf00463.jpg,Healthy_Leaf,Healthy_Leaf,Correct,0.999997
datasets/test/Fungal_Leaf_Spot/Fungal_Leaf_Spot00218.jpg,Fungal_Leaf_Spot,Fungal_Leaf_Spot,Correct,1.000000
datasets/train/Bituminous_Leaf/Bituminous_Leaf00097.jpg,Bituminous_Leaf,Bituminous_Leaf,Correct,0.981702
datasets/train/Dry_Leaf/Dry_Leaf00027.jpg,Dry_Leaf,Dry_Leaf,Correct,1.000000
datasets/train/Healthy_Leaf/Healthy_Leaf00066.jpg,Healthy_Leaf,Healthy_Leaf,Correct,1.000000
datasets/test/Leaf_Gall/Leaf_Gall00415.jpg,Leaf_Gall,Leaf_Gall,Correct,0.997548
datasets/train/Curl_Leaf/Curl_Leaf00070.jpg,Curl_Leaf,Curl_Leaf,Correct,0.999984
datasets/train/Fungal_Leaf_Spot/Fungal_Leaf_Spot00059.jpg,Fungal_Leaf_Spot,Fungal_Leaf_Spot,Correct,1.000000
datasets/test/Fungal_Leaf_Spot/Fungal_Leaf_Spot00388.jpg,Fungal_Leaf_Spot,Fungal_Leaf_Spot,Correct,0.999999
datasets/test/Leaf_Gall/Leaf_Gall00134.jpg,Leaf_Gall,Leaf_Gall,Correct,1.000000
datasets/train/Healthy_Leaf/Healthy_Leaf00050.jpg,Healthy_Leaf,Healthy_Leaf,Correct,1.000000
datasets/test/Dry_Leaf/Dry_Leaf00327.jpg,Dry_Leaf,Dry_Leaf,Correct,1.000000
datasets/train/Anthrax_Leaf/Anthrax_Leaf00050.jpg,Anthrax_Leaf,Anthrax_Leaf,Correct,1.000000
datasets/test/Fungal_Leaf_Spot/Fungal_Leaf_Spot00082.jpg,Fungal_Leaf_Spot,Fungal_Leaf_Spot,Correct,1.000000
datasets/test/Healthy_Leaf/Healthy_Leaf00161.jpg,Healthy_Leaf,Healthy_Leaf,Correct,1.000000
datasets/test/Fungal_Leaf_Spot/Fungal_Leaf_Spot00240.jpg,Fungal_Leaf_Spot,Fungal_Leaf_Spot,Correct,1.000000
datasets/test/Leaf_Gall/Leaf_Gall00142.jpg,Leaf_Gall,Leaf_Gall,Correct,0.487429
datasets/train/Anthrax_Leaf/Anthrax_Leaf00004.jpg,Anthrax_Leaf,Anthrax_Leaf,Correct,0.999998
datasets/test/Healthy_Leaf/Healthy_Leaf00125.jpg,Healthy_Leaf,Healthy_Leaf,Correct,1.000000
datasets/test/Healthy_Leaf/Healthy_Leaf00458.jpg,Healthy_Leaf,Healthy_Leaf,Correct,1.000000
datasets/train/Healthy_Leaf/Healthy_Leaf00424.jpg,Healthy_Leaf,Healthy_Leaf,Correct,0.999888
datasets/test/Healthy_Leaf/Healthy_Leaf00466.jpg,Healthy_Leaf,Healthy_Leaf,Correct,0.999989
datasets/train/Leaf_Blight/Leaf_Blight00010.jpg,Leaf_Blight,Leaf_Blight,Correct,1.000000
datasets/test/Leaf_Blight/Leaf_Blight00056.jpg,Leaf_Blight,Leaf_Blight,Correct,0.992316
datasets/train/Dry_Leaf/Dry_Leaf00077.jpg,Dry_Leaf,Dry_Leaf,Correct,1.000000
datasets/test/Fungal_Leaf_Spot/Fungal_Leaf_Spot00450.jpg,Fungal_Leaf_Spot,Fungal_Leaf_Spot,Correct,0.999867
datasets/test/Dry_Leaf/Dry_Leaf00066.jpg,Dry_Leaf,Dry_Leaf,Correct,0.999999
datasets/test/Fungal_Leaf_Spot/Fungal_Leaf_Spot00201.jpg,Fungal_Leaf_Spot,Fungal_Leaf_Spot,Correct,0.999999
datasets/test/Healthy_Leaf/Healthy_Leaf00560.jpg,Healthy_Leaf,Healthy_Leaf,Correct,0.999999
datasets/train/Leaf_Blight/Leaf_Blight00236.jpg,Leaf_Blight,Leaf_Blight,Correct,0.999634
datasets/test/Healthy_Leaf/Healthy_Leaf00568.jpg,Healthy_Leaf,Healthy_Leaf,Correct,1.000000
datasets/train/Bituminous_Leaf/Bituminous_Leaf00115.jpg,Bituminous_Leaf,Bituminous_Leaf,Correct,1.000000
datasets/test/Healthy_Leaf/Healthy_Leaf00030.jpg,Healthy_Leaf,Healthy_Leaf,Correct,0.999999
datasets/train/Felt_Leaf/Felt_Leaf00140.jpg,Felt_Leaf,Felt_Leaf,Correct,0.866313
datasets/test/Anthrax_Leaf/Anthrax_Leaf00092.jpg,Anthrax_Leaf,Anthrax_Leaf,Correct,0.999999
datasets/train/Leaf_Gall/Leaf_Gall00203.jpg,Leaf_Gall,Leaf_Gall,Correct,1.000000
datasets/train/Leaf_Blight/Leaf_Blight00543.jpg,Leaf_Blight,Leaf_Blight,Correct,1.000000
datasets/test/Leaf_Blight/Leaf_Blight00223.jpg,Leaf_Blight,Leaf_Blight,Correct,0.999105
datasets/test/Leaf_Blight/Leaf_Blight00177.jpg,Leaf_Blight,Leaf_Blight,Correct,0.999994
datasets/train/Leaf_Gall/Leaf_Gall00598.jpg,Leaf_Gall,Leaf_Gall,Correct,1.000000
datasets/test/Fungal_Leaf_Spot/Fungal_Leaf_Spot00464.jpg,Fungal_Leaf_Spot,Fungal_Leaf_Spot,Correct,0.749186
datasets/train/Dry_Leaf/Dry_Leaf00225.jpg,Dry_Leaf,Dry_Leaf,Correct,1.000000
datasets/train/Curl_Leaf/Curl_Leaf00179.jpg,Curl_Leaf,Curl_Leaf,Correct,0.996907
datasets/test/Leaf_Gall/Leaf_Gall00229.jpg,Leaf_Gall,Leaf_Gall,Correct,1.000000
datasets/test/Fungal_Leaf_Spot/Fungal_Leaf_Spot00497.jpg,Fungal_Leaf_Spot,Fungal_Leaf_Spot,Correct,1.000000
datasets/train/Fungal_Leaf_Spot/Fungal_Leaf_Spot00355.jpg,Fungal_Leaf_Spot,Fungal_Leaf_Spot,Correct,0.999999
datasets/train/Healthy_Leaf/Healthy_Leaf00602.jpg,Healthy_Leaf,Healthy_Leaf,Correct,0.999999
datasets/test/Bituminous_Leaf/Bituminous_Leaf00053.jpg,Bituminous_Leaf,Bituminous_Leaf,Correct,1.000000
datasets/test/Leaf_Blight/Leaf_Blight00394.jpg,Leaf_Blight,Leaf_Blight,Correct,0.982543
datasets/train/Bituminous_Leaf/Bituminous_Leaf00092.jpg,Bituminous_Leaf,Bituminous_Leaf,Correct,0.999971
datasets/test/Felt_Leaf/Felt_Leaf00213.jpg,Felt_Leaf,Felt_Leaf,Correct,0.999981
datasets/test/Leaf_Blight/Leaf_Blight00051.jpg,Leaf_Blight,Leaf_Blight,Correct,0.955015
datasets/test/Fungal_Leaf_Spot/Fungal_Leaf_Spot00386.jpg,Fungal_Leaf_Spot,Fungal_Leaf_Spot,Correct,0.547713
datasets/test/Felt_Leaf/Felt_Leaf00178.jpg,Felt_Leaf,Felt_Leaf,Correct,1.000000
datasets/test/Dry_Leaf/Dry_Leaf00037.jpg,Dry_Leaf,Dry_Leaf,Correct,0.999997
datasets/train/Leaf_Gall/Leaf_Gall00072.jpg,Leaf_Gall,Leaf_Gall,Correct,0.999987
datasets/test/Leaf_Gall/Leaf_Gall00130.jpg,Leaf_Gall,Leaf_Gall,Correct,1.000000
datasets/train/Leaf_Blight/Leaf_Blight00086.jpg,Leaf_Blight,Leaf_Blight,Correct,0.999353
datasets/train/Fungal_Leaf_Spot/Fungal_Leaf_Spot00254.jpg,Fungal_Leaf_Spot,Fungal_Leaf_Spot,Correct,1.000000
datasets/train/Felt_Leaf/Felt_Leaf00343.jpg,Felt_Leaf,Felt_Leaf,Correct,0.999929
datasets/test/Fungal_Leaf_Spot/Fungal_Leaf_Spot00447.jpg,Fungal_Leaf_Spot,Fungal_Leaf_Spot,Correct,1.000000
datasets/test/Healthy_Leaf/Healthy_Leaf00266.jpg,Healthy_Leaf,Healthy_Leaf,Correct,0.999998
datasets/test/Fungal_Leaf_Spot/Fungal_Leaf_Spot00537.jpg,Fungal_Leaf_Spot,Fungal_Leaf_Spot,Correct,0.995814
datasets/test/Bituminous_Leaf/Bituminous_Leaf00120.jpg,Bituminous_Leaf,Bituminous_Leaf,Correct,0.999989
datasets/test/Leaf_Blight/Leaf_Blight00159.jpg,Leaf_Blight,Leaf_Blight,Correct,0.999999
datasets/train/Leaf_Gall/Leaf_Gall00536.jpg,Leaf_Gall,Leaf_Gall,Correct,0.999996
datasets/test/Leaf_Gall/Leaf_Gall00608.jpg,Leaf_Gall,Leaf_Gall,Correct,0.999792
datasets/test/Leaf_Gall/Leaf_Gall00171.jpg,Leaf_Gall,Leaf_Gall,Correct,1.000000
datasets/train/Leaf_Blight/Leaf_Blight00464.jpg,Leaf_Blight,Leaf_Blight,Correct,0.999999
datasets/test/Leaf_Blight/Leaf_Blight00189.jpg,Leaf_Blight,Leaf_Blight,Correct,0.999931
datasets/test/Healthy_Leaf/Healthy_Leaf00068.jpg,Healthy_Leaf,Healthy_Leaf,Correct,1.000000
datasets/train/Fungal_Leaf_Spot/Fungal_Leaf_Spot00552.jpg,Fungal_Leaf_Spot,Fungal_Leaf_Spot,Correct,1.000000
datasets/test/Deficiency_Leaf/Deficiency_Leaf00046.jpg,Deficiency_Leaf,Deficiency_Leaf,Correct,0.968898
datasets/test/Dry_Leaf/Dry_Leaf00119.jpg,Dry_Leaf,Dry_Leaf,Correct,1.000000
datasets/train/Dry_Leaf/Dry_Leaf00299.jpg,Dry_Leaf,Dry_Leaf,Correct,1.000000
datasets/train/Felt_Leaf/Felt_Leaf00120.jpg,Felt_Leaf,Felt_Leaf,Correct,1.000000
datasets/test/Anthrax_Leaf/Anthrax_Leaf00017.jpg,Anthrax_Leaf,Anthrax_Leaf,Correct,0.999314
datasets/test/Fungal_Leaf_Spot/Fungal_Leaf_Spot00528.jpg,Fungal_Leaf_Spot,Fungal_Leaf_Spot,Correct,1.000000
datasets/test/Healthy_Leaf/Healthy_Leaf00416.jpg,Healthy_Leaf,Healthy_Leaf,Correct,1.000000
datasets/test/Fungal_Leaf_Spot/Fungal_Leaf_Spot00369.jpg,Fungal_Leaf_Spot,Fungal_Leaf_Spot,Correct,1.000000
datasets/test/Dry_Leaf/Dry_Leaf00166.jpg,Dry_Leaf,Dry_Leaf,Correct,1.000000
datasets/train/Felt_Leaf/Felt_Leaf00363.jpg,Felt_Leaf,Felt_Leaf,Correct,0.999999
datasets/test/Leaf_Gall/Leaf_Gall00579.jpg,Leaf_Gall,Leaf_Gall,Correct,1.000000
datasets/test/Anthrax_Leaf/Anthrax_Leaf00053.jpg,Anthrax_Leaf,Anthrax_Leaf,Correct,1.000000
datasets/train/Anthrax_Leaf/Anthrax_Leaf00067.jpg,Anthrax_Leaf,Anthrax_Leaf,Correct,1.000000
datasets/test/Leaf_Gall/Leaf_Gall00422.jpg,Leaf_Gall,Leaf_Gall,Correct,0.999974
datasets/train/Curl_Leaf/Curl_Leaf00054.jpg,Curl_Leaf,Curl_Leaf,Correct,0.999922
datasets/train/Felt_Leaf/Felt_Leaf00098.jpg,Felt_Leaf,Felt_Leaf,Correct,0.999519
datasets/train/Healthy_Leaf/Healthy_Leaf00512.jpg,Healthy_Leaf,Healthy_Leaf,Correct,0.999900
datasets/test/Dry_Leaf/Dry_Leaf00082.jpg,Dry_Leaf,Dry_Leaf,Correct,1.000000
datasets/test/Healthy_Leaf/Healthy_Leaf00418.jpg,Healthy_Leaf,Healthy_Leaf,Correct,0.989580
datasets/train/Healthy_Leaf/Healthy_Leaf00310.jpg,Healthy_Leaf,Healthy_Leaf,Correct,1.000000
datasets/train/Healthy_Leaf/Healthy_Leaf00493.jpg,Healthy_Leaf,Healthy_Leaf,Correct,0.845892
datasets/train/Felt_Leaf/Felt_Leaf00381.jpg,Felt_Leaf,Felt_Leaf,Correct,0.999635
datasets/test/Healthy_Leaf/Healthy_Leaf00062.jpg,Healthy_Leaf,Healthy_Leaf,Correct,1.000000
datasets/train/Deficiency_Leaf/Deficiency_Leaf00074.jpg,Deficiency_Leaf,Deficiency_Leaf,Correct,0.614601
datasets/train/Dry_Leaf/Dry_Leaf00128.jpg,Dry_Leaf,Dry_Leaf,Correct,1.000000
datasets/test/Felt_Leaf/Felt_Leaf00174.jpg,Felt_Leaf,Felt_Leaf,Correct,0.999998
datasets/test/Healthy_Leaf/Healthy_Leaf00289.jpg,Healthy_Leaf,Healthy_Leaf,Correct,0.999749
datasets/test/Curl_Leaf/Curl_Leaf00053.jpg,Curl_Leaf,Curl_Leaf,Correct,1.000000
datasets/test/Felt_Leaf/Felt_Leaf00249.jpg,Felt_Leaf,Felt_Leaf,Correct,0.999972
datasets/train/Leaf_Gall/Leaf_Gall00470.jpg,Leaf_Gall,Leaf_Gall,Correct,0.835311
datasets/train/Leaf_Gall/Leaf_Gall00352.jpg,Leaf_Gall,Leaf_Gall,Correct,0.999998
datasets/test/Felt_Leaf/Felt_Leaf00059.jpg,Felt_Leaf,Felt_Leaf,Correct,1.000000
datasets/test/Leaf_Gall/Leaf_Gall00387.jpg,Leaf_Gall,Leaf_Gall,Correct,0.999984
datasets/test/Dry_Leaf/Dry_Leaf00235.jpg,Dry_Leaf,Dry_Leaf,Correct,0.999999
datasets/test/Leaf_Blight/Leaf_Blight00373.jpg,Leaf_Blight,Leaf_Blight,Correct,0.999527
datasets/train/Fungal_Leaf_Spot/Fungal_Leaf_Spot00081.jpg,Fungal_Leaf_Spot,Fungal_Leaf_Spot,Correct,1.000000
datasets/test/Fungal_Leaf_Spot/Fungal_Leaf_Spot00503.jpg,Fungal_Leaf_Spot,Fungal_Leaf_Spot,Correct,1.000000
datasets/test/Fungal_Leaf_Spot/Fungal_Leaf_Spot00009.jpg,Fungal_Leaf_Spot,Fungal_Leaf_Spot,Correct,1.000000
datasets/train/Curl_Leaf/Curl_Leaf00160.jpg,Curl_Leaf,Curl_Leaf,Correct,0.999997
datasets/train/Fungal_Leaf_Spot/Fungal_Leaf_Spot00306.jpg,Fungal_Leaf_Spot,Fungal_Leaf_Spot,Correct,0.999998
datasets/test/Healthy_Leaf/Healthy_Leaf00095.jpg,Healthy_Leaf,Healthy_Leaf,Correct,1.000000
datasets/test/Anthrax_Leaf/Anthrax_Leaf00140.jpg,Anthrax_Leaf,Anthrax_Leaf,Correct,1.000000
datasets/train/Deficiency_Leaf/Deficiency_Leaf00064.jpg,Deficiency_Leaf,Deficiency_Leaf,Correct,0.999686
datasets/train/Healthy_Leaf/Healthy_Leaf00472.jpg,Healthy_Leaf,Healthy_Leaf,Correct,0.999999
datasets/train/Dry_Leaf/Dry_Leaf00038.jpg,Dry_Leaf,Dry_Leaf,Correct,1.000000
datasets/test/Healthy_Leaf/Healthy_Leaf00220.jpg,Healthy_Leaf,Healthy_Leaf,Correct,1.000000
datasets/test/Healthy_Leaf/Healthy_Leaf00566.jpg,Healthy_Leaf,Healthy_Leaf,Correct,1.000000
datasets/train/Dry_Leaf/Dry_Leaf00094.jpg,Dry_Leaf,Dry_Leaf,Correct,0.999997
datasets/train/Leaf_Gall/Leaf_Gall00070.jpg,Leaf_Gall,Leaf_Gall,Correct,0.999920
datasets/test/Bituminous_Leaf/Bituminous_Leaf00105.jpg,Bituminous_Leaf,Bituminous_Leaf,Correct,0.997768
datasets/test/Leaf_Blight/Leaf_Blight00590.jpg,Leaf_Blight,Leaf_Blight,Correct,0.998389
datasets/train/Leaf_Blight/Leaf_Blight00110.jpg,Leaf_Blight,Leaf_Blight,Correct,0.997393
datasets/test/Leaf_Gall/Leaf_Gall00194.jpg,Leaf_Gall,Leaf_Gall,Correct,0.999999
datasets/test/Leaf_Gall/Leaf_Gall00317.jpg,Leaf_Gall,Leaf_Gall,Correct,1.000000
datasets/test/Fungal_Leaf_Spot/Fungal_Leaf_Spot00482.jpg,Fungal_Leaf_Spot,Fungal_Leaf_Spot,Correct,1.000000
datasets/test/Leaf_Blight/Leaf_Blight00101.jpg,Leaf_Blight,Leaf_Blight,Correct,1.000000
datasets/test/Leaf_Gall/Leaf_Gall00285.jpg,Leaf_Gall,Leaf_Gall,Correct,1.000000
datasets/train/Curl_Leaf/Curl_Leaf00065.jpg,Curl_Leaf,Curl_Leaf,Correct,1.000000
datasets/train/Healthy_Leaf/Healthy_Leaf00261.jpg,Healthy_Leaf,Healthy_Leaf,Correct,0.999288
datasets/test/Deficiency_Leaf/Deficiency_Leaf00010.jpg,Deficiency_Leaf,Deficiency_Leaf,Correct,0.998940
datasets/train/Healthy_Leaf/Healthy_Leaf00214.jpg,Healthy_Leaf,Healthy_Leaf,Correct,1.000000
datasets/train/Leaf_Blight/Leaf_Blight00452.jpg,Leaf_Blight,Leaf_Blight,Correct,0.999998
datasets/train/Leaf_Gall/Leaf_Gall00454.jpg,Leaf_Gall,Leaf_Gall,Correct,1.000000
datasets/test/Felt_Leaf/Felt_Leaf00271.jpg,Felt_Leaf,Felt_Leaf,Correct,0.972203
datasets/test/Leaf_Gall/Leaf_Gall00593.jpg,Leaf_Gall,Leaf_Gall,Correct,0.999979
datasets/train/Dry_Leaf/Dry_Leaf00302.jpg,Dry_Leaf,Dry_Leaf,Correct,1.000000
datasets/train/Felt_Leaf/Felt_Leaf00231.jpg,Felt_Leaf,Felt_Leaf,Correct,0.999932
datasets/test/Leaf_Blight/Leaf_Blight00146.jpg,Leaf_Blight,Leaf_Blight,Correct,0.799385
datasets/test/Healthy_Leaf/Healthy_Leaf00454.jpg,Healthy_Leaf,Healthy_Leaf,Correct,1.000000
datasets/test/Felt_Leaf/Felt_Leaf00164.jpg,Felt_Leaf,Felt_Leaf,Correct,0.990644
datasets/train/Anthrax_Leaf/Anthrax_Leaf00127.jpg,Anthrax_Leaf,Anthrax_Leaf,Correct,1.000000
datasets/train/Deficiency_Leaf/Deficiency_Leaf00102.jpg,Deficiency_Leaf,Deficiency_Leaf,Correct,0.863935
datasets/test/Leaf_Gall/Leaf_Gall00269.jpg,Leaf_Gall,Leaf_Gall,Correct,1.000000
datasets/train/Dry_Leaf/Dry_Leaf00153.jpg,Dry_Leaf,Dry_Leaf,Correct,1.000000
datasets/test/Dry_Leaf/Dry_Leaf00196.jpg,Dry_Leaf,Dry_Leaf,Correct,1.000000
datasets/test/Healthy_Leaf/Healthy_Leaf00388.jpg,Healthy_Leaf,Healthy_Leaf,Correct,0.999968
datasets/test/Healthy_Leaf/Healthy_Leaf00286.jpg,Healthy_Leaf,Healthy_Leaf,Correct,0.576740
datasets/test/Leaf_Gall/Leaf_Gall00010.jpg,Leaf_Gall,Leaf_Gall,Correct,1.000000
datasets/test/Healthy_Leaf/Healthy_Leaf00401.jpg,Healthy_Leaf,Healthy_Leaf,Correct,0.999998
datasets/test/Bituminous_Leaf/Bituminous_Leaf00031.jpg,Bituminous_Leaf,Bituminous_Leaf,Correct,1.000000
datasets/test/Healthy_Leaf/Healthy_Leaf00503.jpg,Healthy_Leaf,Healthy_Leaf,Correct,0.999981
datasets/test/Leaf_Gall/Leaf_Gall00104.jpg,Leaf_Gall,Leaf_Gall,Correct,1.000000
datasets/test/Deficiency_Leaf/Deficiency_Leaf00022.jpg,Deficiency_Leaf,Leaf_Gall,Incorrect,0.918903
datasets/test/Fungal_Leaf_Spot/Fungal_Leaf_Spot00508.jpg,Fungal_Leaf_Spot,Fungal_Leaf_Spot,Correct,1.000000
datasets/test/Leaf_Blight/Leaf_Blight00170.jpg,Leaf_Blight,Leaf_Blight,Correct,0.999997
datasets/test/Healthy_Leaf/Healthy_Leaf00432.jpg,Healthy_Leaf,Healthy_Leaf,Correct,0.999981
datasets/test/Fungal_Leaf_Spot/Fungal_Leaf_Spot00311.jpg,Fungal_Leaf_Spot,Fungal_Leaf_Spot,Correct,1.000000
datasets/train/Fungal_Leaf_Spot/Fungal_Leaf_Spot00408.jpg,Fungal_Leaf_Spot,Fungal_Leaf_Spot,Correct,1.000000
datasets/train/Fungal_Leaf_Spot/Fungal_Leaf_Spot00069.jpg,Fungal_Leaf_Spot,Fungal_Leaf_Spot,Correct,1.000000
datasets/train/Curl_Leaf/Curl_Leaf00175.jpg,Curl_Leaf,Curl_Leaf,Correct,0.974838
datasets/train/Dry_Leaf/Dry_Leaf00176.jpg,Dry_Leaf,Dry_Leaf,Correct,0.999992
datasets/train/Leaf_Gall/Leaf_Gall00344.jpg,Leaf_Gall,Leaf_Gall,Correct,0.825103
datasets/train/Leaf_Blight/Leaf_Blight00345.jpg,Leaf_Blight,Leaf_Blight,Correct,1.000000
datasets/test/Leaf_Blight/Leaf_Blight00005.jpg,Leaf_Blight,Leaf_Blight,Correct,0.999788
datasets/train/Leaf_Blight/Leaf_Blight00017.jpg,Leaf_Blight,Leaf_Blight,Correct,0.999984
datasets/test/Felt_Leaf/Felt_Leaf00264.jpg,Felt_Leaf,Fungal_Leaf_Spot,Incorrect,0.994463
datasets/test/Deficiency_Leaf/Deficiency_Leaf00017.jpg,Deficiency_Leaf,Deficiency_Leaf,Correct,0.999116
datasets/test/Fungal_Leaf_Spot/Fungal_Leaf_Spot00239.jpg,Fungal_Leaf_Spot,Fungal_Leaf_Spot,Correct,1.000000
datasets/train/Leaf_Blight/Leaf_Blight00238.jpg,Leaf_Blight,Leaf_Blight,Correct,0.999999
datasets/test/Dry_Leaf/Dry_Leaf00221.jpg,Dry_Leaf,Dry_Leaf,Correct,1.000000
datasets/test/Leaf_Blight/Leaf_Blight00107.jpg,Leaf_Blight,Leaf_Blight,Correct,0.812320
datasets/train/Healthy_Leaf/Healthy_Leaf00071.jpg,Healthy_Leaf,Healthy_Leaf,Correct,1.000000
datasets/train/Leaf_Gall/Leaf_Gall00073.jpg,Leaf_Gall,Leaf_Gall,Correct,0.986685
datasets/test/Leaf_Gall/Leaf_Gall00318.jpg,Leaf_Gall,Leaf_Gall,Correct,1.000000
datasets/test/Felt_Leaf/Felt_Leaf00203.jpg,Felt_Leaf,Felt_Leaf,Correct,1.000000
datasets/train/Leaf_Gall/Leaf_Gall00468.jpg,Leaf_Gall,Leaf_Gall,Correct,0.999746
datasets/train/Dry_Leaf/Dry_Leaf00345.jpg,Dry_Leaf,Dry_Leaf,Correct,1.000000
datasets/train/Dry_Leaf/Dry_Leaf00308.jpg,Dry_Leaf,Dry_Leaf,Correct,1.000000
datasets/test/Healthy_Leaf/Healthy_Leaf00357.jpg,Healthy_Leaf,Healthy_Leaf,Correct,0.999984
datasets/test/Felt_Leaf/Felt_Leaf00236.jpg,Felt_Leaf,Felt_Leaf,Correct,0.999978
datasets/test/Dry_Leaf/Dry_Leaf00231.jpg,Dry_Leaf,Dry_Leaf,Correct,1.000000
datasets/train/Fungal_Leaf_Spot/Fungal_Leaf_Spot00344.jpg,Fungal_Leaf_Spot,Fungal_Leaf_Spot,Correct,1.000000
datasets/train/Dry_Leaf/Dry_Leaf00099.jpg,Dry_Leaf,Dry_Leaf,Correct,0.998877
datasets/train/Leaf_Blight/Leaf_Blight00057.jpg,Leaf_Blight,Leaf_Blight,Correct,0.996411
datasets/train/Leaf_Gall/Leaf_Gall00215.jpg,Leaf_Gall,Leaf_Gall,Correct,1.000000
datasets/test/Leaf_Gall/Leaf_Gall00212.jpg,Leaf_Gall,Leaf_Gall,Correct,0.999997
datasets/test/Healthy_Leaf/Healthy_Leaf00439.jpg,Healthy_Leaf,Healthy_Leaf,Correct,0.999996
datasets/test/Leaf_Blight/Leaf_Blight00368.jpg,Leaf_Blight,Leaf_Blight,Correct,0.999994
datasets/train/Leaf_Blight/Leaf_Blight00592.jpg,Leaf_Blight,Leaf_Blight,Correct,0.999810
datasets/train/Healthy_Leaf/Healthy_Leaf00408.jpg,Healthy_Leaf,Healthy_Leaf,Correct,0.999999
datasets/test/Anthrax_Leaf/Anthrax_Leaf00128.jpg,Anthrax_Leaf,Anthrax_Leaf,Correct,1.000000
datasets/train/Dry_Leaf/Dry_Leaf00374.jpg,Dry_Leaf,Dry_Leaf,Correct,1.000000
datasets/train/Fungal_Leaf_Spot/Fungal_Leaf_Spot00473.jpg,Fungal_Leaf_Spot,Fungal_Leaf_Spot,Correct,0.999998
datasets/test/Fungal_Leaf_Spot/Fungal_Leaf_Spot00309.jpg,Fungal_Leaf_Spot,Fungal_Leaf_Spot,Correct,1.000000
datasets/train/Leaf_Blight/Leaf_Blight00360.jpg,Leaf_Blight,Leaf_Blight,Correct,0.999999
datasets/train/Felt_Leaf/Felt_Leaf00188.jpg,Felt_Leaf,Felt_Leaf,Correct,0.999995
datasets/test/Leaf_Blight/Leaf_Blight00226.jpg,Leaf_Blight,Leaf_Blight,Correct,0.987753
datasets/test/Leaf_Blight/Leaf_Blight00530.jpg,Leaf_Blight,Leaf_Blight,Correct,1.000000
datasets/test/Felt_Leaf/Felt_Leaf00124.jpg,Felt_Leaf,Felt_Leaf,Correct,1.000000
datasets/test/Leaf_Gall/Leaf_Gall00307.jpg,Leaf_Gall,Leaf_Gall,Correct,0.999689
datasets/train/Fungal_Leaf_Spot/Fungal_Leaf_Spot00364.jpg,Fungal_Leaf_Spot,Fungal_Leaf_Spot,Correct,0.999999
datasets/test/Healthy_Leaf/Healthy_Leaf00051.jpg,Healthy_Leaf,Healthy_Leaf,Correct,1.000000
datasets/train/Leaf_Gall/Leaf_Gall00302.jpg,Leaf_Gall,Leaf_Gall,Correct,1.000000
datasets/test/Leaf_Blight/Leaf_Blight00147.jpg,Leaf_Blight,Leaf_Blight,Correct,0.988088
datasets/test/Leaf_Gall/Leaf_Gall00209.jpg,Leaf_Gall,Leaf_Gall,Correct,1.000000
datasets/train/Leaf_Blight/Leaf_Blight00026.jpg,Leaf_Blight,Leaf_Blight,Correct,0.999990
datasets/train/Leaf_Gall/Leaf_Gall00058.jpg,Leaf_Gall,Leaf_Gall,Correct,1.000000
datasets/train/Deficiency_Leaf/Deficiency_Leaf00028.jpg,Deficiency_Leaf,Deficiency_Leaf,Correct,0.993802
datasets/test/Deficiency_Leaf/Deficiency_Leaf00073.jpg,Deficiency_Leaf,Leaf_Gall,Incorrect,0.970909
datasets/train/Healthy_Leaf/Healthy_Leaf00130.jpg,Healthy_Leaf,Healthy_Leaf,Correct,1.000000
datasets/test/Leaf_Gall/Leaf_Gall00510.jpg,Leaf_Gall,Leaf_Gall,Correct,0.999999
datasets/train/Felt_Leaf/Felt_Leaf00024.jpg,Felt_Leaf,Felt_Leaf,Correct,0.987554
datasets/train/Leaf_Blight/Leaf_Blight00178.jpg,Leaf_Blight,Leaf_Blight,Correct,0.999999
datasets/train/Healthy_Leaf/Healthy_Leaf00603.jpg,Healthy_Leaf,Healthy_Leaf,Correct,1.000000
datasets/train/Leaf_Gall/Leaf_Gall00121.jpg,Leaf_Gall,Leaf_Gall,Correct,1.000000
datasets/train/Leaf_Blight/Leaf_Blight00576.jpg,Leaf_Blight,Leaf_Blight,Correct,0.803742
datasets/train/Felt_Leaf/Felt_Leaf00135.jpg,Felt_Leaf,Felt_Leaf,Correct,1.000000
datasets/test/Felt_Leaf/Felt_Leaf00008.jpg,Felt_Leaf,Fungal_Leaf_Spot,Incorrect,0.532968
datasets/test/Deficiency_Leaf/Deficiency_Leaf00048.jpg,Deficiency_Leaf,Deficiency_Leaf,Correct,0.999998
datasets/test/Anthrax_Leaf/Anthrax_Leaf00131.jpg,Anthrax_Leaf,Anthrax_Leaf,Correct,1.000000
datasets/train/Dry_Leaf/Dry_Leaf00346.jpg,Dry_Leaf,Dry_Leaf,Correct,0.999996
datasets/test/Dry_Leaf/Dry_Leaf00162.jpg,Dry_Leaf,Dry_Leaf,Correct,1.000000
datasets/test/Felt_Leaf/Felt_Leaf00049.jpg,Felt_Leaf,Felt_Leaf,Correct,0.999980
datasets/train/Deficiency_Leaf/Deficiency_Leaf00024.jpg,Deficiency_Leaf,Deficiency_Leaf,Correct,0.954635
datasets/test/Curl_Leaf/Curl_Leaf00117.jpg,Curl_Leaf,Curl_Leaf,Correct,1.000000
datasets/test/Leaf_Gall/Leaf_Gall00138.jpg,Leaf_Gall,Leaf_Gall,Correct,1.000000
datasets/test/Leaf_Blight/Leaf_Blight00245.jpg,Leaf_Blight,Leaf_Blight,Correct,0.999917
datasets/train/Healthy_Leaf/Healthy_Leaf00299.jpg,Healthy_Leaf,Healthy_Leaf,Correct,0.999998
datasets/train/Fungal_Leaf_Spot/Fungal_Leaf_Spot00392.jpg,Fungal_Leaf_Spot,Fungal_Leaf_Spot,Correct,1.000000
datasets/test/Dry_Leaf/Dry_Leaf00074.jpg,Dry_Leaf,Dry_Leaf,Correct,1.000000
datasets/train/Leaf_Gall/Leaf_Gall00030.jpg,Leaf_Gall,Leaf_Gall,Correct,0.999970
datasets/train/Leaf_Blight/Leaf_Blight00012.jpg,Leaf_Blight,Leaf_Blight,Correct,0.999997
datasets/test/Leaf_Blight/Leaf_Blight00384.jpg,Leaf_Blight,Leaf_Blight,Correct,1.000000
datasets/train/Leaf_Blight/Leaf_Blight00196.jpg,Leaf_Blight,Leaf_Blight,Correct,0.977895
datasets/test/Leaf_Blight/Leaf_Blight00538.jpg,Leaf_Blight,Leaf_Blight,Correct,1.000000
datasets/test/Dry_Leaf/Dry_Leaf00204.jpg,Dry_Leaf,Dry_Leaf,Correct,1.000000
datasets/train/Leaf_Blight/Leaf_Blight00246.jpg,Leaf_Blight,Leaf_Blight,Correct,0.999894
datasets/test/Deficiency_Leaf/Deficiency_Leaf00055.jpg,Deficiency_Leaf,Curl_Leaf,Incorrect,0.993647
datasets/test/Leaf_Blight/Leaf_Blight00363.jpg,Leaf_Blight,Leaf_Blight,Correct,0.999266
datasets/train/Deficiency_Leaf/Deficiency_Leaf00091.jpg,Deficiency_Leaf,Anthrax_Leaf,Incorrect,0.523442
datasets/train/Leaf_Gall/Leaf_Gall00151.jpg,Leaf_Gall,Leaf_Gall,Correct,0.999888
datasets/train/Healthy_Leaf/Healthy_Leaf00143.jpg,Healthy_Leaf,Healthy_Leaf,Correct,1.000000
datasets/train/Healthy_Leaf/Healthy_Leaf00407.jpg,Healthy_Leaf,Healthy_Leaf,Correct,0.999999
datasets/test/Leaf_Blight/Leaf_Blight00175.jpg,Leaf_Blight,Leaf_Blight,Correct,0.999926
datasets/test/Healthy_Leaf/Healthy_Leaf00073.jpg,Healthy_Leaf,Healthy_Leaf,Correct,1.000000
datasets/test/Leaf_Blight/Leaf_Blight00158.jpg,Leaf_Blight,Leaf_Blight,Correct,0.999256
datasets/test/Dry_Leaf/Dry_Leaf00236.jpg,Dry_Leaf,Dry_Leaf,Correct,1.000000
datasets/test/Anthrax_Leaf/Anthrax_Leaf00143.jpg,Anthrax_Leaf,Anthrax_Leaf,Correct,0.868850
datasets/test/Fungal_Leaf_Spot/Fungal_Leaf_Spot00164.jpg,Fungal_Leaf_Spot,Fungal_Leaf_Spot,Correct,1.000000
datasets/test/Dry_Leaf/Dry_Leaf00061.jpg,Dry_Leaf,Dry_Leaf,Correct,1.000000
datasets/train/Felt_Leaf/Felt_Leaf00304.jpg,Felt_Leaf,Felt_Leaf,Correct,1.000000
datasets/test/Anthrax_Leaf/Anthrax_Leaf00059.jpg,Anthrax_Leaf,Anthrax_Leaf,Correct,1.000000
datasets/test/Fungal_Leaf_Spot/Fungal_Leaf_Spot00206.jpg,Fungal_Leaf_Spot,Fungal_Leaf_Spot,Correct,1.000000
datasets/test/Anthrax_Leaf/Anthrax_Leaf00106.jpg,Anthrax_Leaf,Anthrax_Leaf,Correct,0.999893
datasets/train/Leaf_Blight/Leaf_Blight00008.jpg,Leaf_Blight,Leaf_Blight,Correct,1.000000
datasets/train/Healthy_Leaf/Healthy_Leaf00155.jpg,Healthy_Leaf,Healthy_Leaf,Correct,1.000000
datasets/train/Curl_Leaf/Curl_Leaf00009.jpg,Curl_Leaf,Curl_Leaf,Correct,0.999982
datasets/test/Dry_Leaf/Dry_Leaf00090.jpg,Dry_Leaf,Dry_Leaf,Correct,0.999401
datasets/train/Bituminous_Leaf/Bituminous_Leaf00037.jpg,Bituminous_Leaf,Bituminous_Leaf,Correct,0.997686
datasets/test/Curl_Leaf/Curl_Leaf00044.jpg,Curl_Leaf,Curl_Leaf,Correct,0.999167
datasets/train/Deficiency_Leaf/Deficiency_Leaf00062.jpg,Deficiency_Leaf,Deficiency_Leaf,Correct,0.880873
datasets/train/Curl_Leaf/Curl_Leaf00144.jpg,Curl_Leaf,Curl_Leaf,Correct,0.999998
datasets/test/Leaf_Gall/Leaf_Gall00012.jpg,Leaf_Gall,Leaf_Gall,Correct,0.999999
datasets/train/Leaf_Gall/Leaf_Gall00051.jpg,Leaf_Gall,Leaf_Gall,Correct,1.000000
datasets/test/Felt_Leaf/Felt_Leaf00246.jpg,Felt_Leaf,Felt_Leaf,Correct,0.996272
datasets/train/Leaf_Blight/Leaf_Blight00043.jpg,Leaf_Blight,Leaf_Blight,Correct,0.999827
datasets/train/Fungal_Leaf_Spot/Fungal_Leaf_Spot00255.jpg,Fungal_Leaf_Spot,Fungal_Leaf_Spot,Correct,1.000000
datasets/test/Leaf_Gall/Leaf_Gall00089.jpg,Leaf_Gall,Leaf_Gall,Correct,1.000000
datasets/test/Leaf_Gall/Leaf_Gall00331.jpg,Leaf_Gall,Leaf_Gall,Correct,0.999999
datasets/test/Leaf_Blight/Leaf_Blight00258.jpg,Leaf_Blight,Leaf_Blight,Correct,0.999982
datasets/test/Leaf_Gall/Leaf_Gall00161.jpg,Leaf_Gall,Leaf_Gall,Correct,0.999996
datasets/train/Leaf_Blight/Leaf_Blight00275.jpg,Leaf_Blight,Leaf_Blight,Correct,1.000000
datasets/test/Leaf_Blight/Leaf_Blight00049.jpg,Leaf_Blight,Leaf_Blight,Correct,0.990460
datasets/train/Leaf_Blight/Leaf_Blight00430.jpg,Leaf_Blight,Leaf_Blight,Correct,0.999974
datasets/test/Healthy_Leaf/Healthy_Leaf00200.jpg,Healthy_Leaf,Healthy_Leaf,Correct,0.997701
datasets/test/Leaf_Gall/Leaf_Gall00597.jpg,Leaf_Gall,Leaf_Gall,Correct,1.000000
datasets/train/Felt_Leaf/Felt_Leaf00121.jpg,Felt_Leaf,Felt_Leaf,Correct,0.999998
datasets/train/Fungal_Leaf_Spot/Fungal_Leaf_Spot00250.jpg,Fungal_Leaf_Spot,Fungal_Leaf_Spot,Correct,0.999999
datasets/train/Leaf_Blight/Leaf_Blight00422.jpg,Leaf_Blight,Leaf_Blight,Correct,0.560881
datasets/train/Healthy_Leaf/Healthy_Leaf00502.jpg,Healthy_Leaf,Healthy_Leaf,Correct,0.999996
datasets/train/Leaf_Gall/Leaf_Gall00183.jpg,Leaf_Gall,Leaf_Gall,Correct,0.999650
datasets/train/Deficiency_Leaf/Deficiency_Leaf00025.jpg,Deficiency_Leaf,Deficiency_Leaf,Correct,0.999101
datasets/test/Leaf_Gall/Leaf_Gall00437.jpg,Leaf_Gall,Leaf_Gall,Correct,0.999999
datasets/test/Bituminous_Leaf/Bituminous_Leaf00103.jpg,Bituminous_Leaf,Bituminous_Leaf,Correct,0.998726
datasets/test/Fungal_Leaf_Spot/Fungal_Leaf_Spot00545.jpg,Fungal_Leaf_Spot,Fungal_Leaf_Spot,Correct,0.999966
datasets/train/Healthy_Leaf/Healthy_Leaf00231.jpg,Healthy_Leaf,Healthy_Leaf,Correct,0.999999
datasets/test/Healthy_Leaf/Healthy_Leaf00196.jpg,Healthy_Leaf,Healthy_Leaf,Correct,1.000000
datasets/test/Leaf_Gall/Leaf_Gall00503.jpg,Leaf_Gall,Leaf_Gall,Correct,1.000000
datasets/test/Leaf_Gall/Leaf_Gall00247.jpg,Leaf_Gall,Leaf_Gall,Correct,1.000000
datasets/test/Anthrax_Leaf/Anthrax_Leaf00020.jpg,Anthrax_Leaf,Anthrax_Leaf,Correct,1.000000
datasets/test/Healthy_Leaf/Healthy_Leaf00411.jpg,Healthy_Leaf,Healthy_Leaf,Correct,0.999987
datasets/test/Dry_Leaf/Dry_Leaf00184.jpg,Dry_Leaf,Dry_Leaf,Correct,1.000000
datasets/test/Dry_Leaf/Dry_Leaf00261.jpg,Dry_Leaf,Dry_Leaf,Correct,1.000000
datasets/train/Fungal_Leaf_Spot/Fungal_Leaf_Spot00062.jpg,Fungal_Leaf_Spot,Fungal_Leaf_Spot,Correct,1.000000
datasets/train/Deficiency_Leaf/Deficiency_Leaf00114.jpg,Deficiency_Leaf,Bituminous_Leaf,Incorrect,0.546199
datasets/test/Leaf_Blight/Leaf_Blight00305.jpg,Leaf_Blight,Leaf_Blight,Correct,1.000000
datasets/test/Leaf_Blight/Leaf_Blight00400.jpg,Leaf_Blight,Leaf_Blight,Correct,0.999928
datasets/train/Dry_Leaf/Dry_Leaf00207.jpg,Dry_Leaf,Dry_Leaf,Correct,1.000000
datasets/train/Bituminous_Leaf/Bituminous_Leaf00005.jpg,Bituminous_Leaf,Bituminous_Leaf,Correct,0.999266
datasets/test/Leaf_Blight/Leaf_Blight00263.jpg,Leaf_Blight,Leaf_Blight,Correct,0.999875
datasets/test/Leaf_Blight/Leaf_Blight00021.jpg,Leaf_Blight,Leaf_Blight,Correct,0.999996
datasets/test/Healthy_Leaf/Healthy_Leaf00365.jpg,Healthy_Leaf,Healthy_Leaf,Correct,0.999994
datasets/train/Felt_Leaf/Felt_Leaf00091.jpg,Felt_Leaf,Felt_Leaf,Correct,0.998686
datasets/test/Fungal_Leaf_Spot/Fungal_Leaf_Spot00145.jpg,Fungal_Leaf_Spot,Fungal_Leaf_Spot,Correct,1.000000
datasets/test/Fungal_Leaf_Spot/Fungal_Leaf_Spot00276.jpg,Fungal_Leaf_Spot,Fungal_Leaf_Spot,Correct,0.999980
datasets/test/Leaf_Blight/Leaf_Blight00416.jpg,Leaf_Blight,Leaf_Blight,Correct,0.998791
datasets/train/Fungal_Leaf_Spot/Fungal_Leaf_Spot00472.jpg,Fungal_Leaf_Spot,Fungal_Leaf_Spot,Correct,1.000000
datasets/test/Dry_Leaf/Dry_Leaf00362.jpg,Dry_Leaf,Leaf_Blight,Incorrect,0.478221
datasets/train/Leaf_Gall/Leaf_Gall00049.jpg,Leaf_Gall,Leaf_Gall,Correct,0.999995
datasets/test/Leaf_Gall/Leaf_Gall00310.jpg,Leaf_Gall,Leaf_Gall,Correct,1.000000
datasets/train/Leaf_Gall/Leaf_Gall00577.jpg,Leaf_Gall,Leaf_Gall,Correct,1.000000
datasets/train/Healthy_Leaf/Healthy_Leaf00476.jpg,Healthy_Leaf,Healthy_Leaf,Correct,0.999994
datasets/test/Leaf_Gall/Leaf_Gall00044.jpg,Leaf_Gall,Leaf_Gall,Correct,1.000000
datasets/train/Leaf_Blight/Leaf_Blight00539.jpg,Leaf_Blight,Leaf_Blight,Correct,1.000000
datasets/test/Leaf_Gall/Leaf_Gall00494.jpg,Leaf_Gall,Leaf_Gall,Correct,0.976305
datasets/test/Leaf_Blight/Leaf_Blight00337.jpg,Leaf_Blight,Leaf_Blight,Correct,1.000000
datasets/test/Dry_Leaf/Dry_Leaf00182.jpg,Dry_Leaf,Dry_Leaf,Correct,0.999997
datasets/train/Healthy_Leaf/Healthy_Leaf00276.jpg,Healthy_Leaf,Healthy_Leaf,Correct,0.999997
datasets/train/Leaf_Blight/Leaf_Blight00310.jpg,Leaf_Blight,Leaf_Blight,Correct,0.999999
datasets/train/Deficiency_Leaf/Deficiency_Leaf00047.jpg,Deficiency_Leaf,Deficiency_Leaf,Correct,0.997754
datasets/test/Leaf_Gall/Leaf_Gall00048.jpg,Leaf_Gall,Leaf_Gall,Correct,0.999647
datasets/train/Bituminous_Leaf/Bituminous_Leaf00018.jpg,Bituminous_Leaf,Bituminous_Leaf,Correct,0.872604
datasets/train/Leaf_Gall/Leaf_Gall00108.jpg,Leaf_Gall,Leaf_Gall,Correct,0.999998
datasets/test/Leaf_Gall/Leaf_Gall00235.jpg,Leaf_Gall,Leaf_Gall,Correct,1.000000
datasets/train/Bituminous_Leaf/Bituminous_Leaf00108.jpg,Bituminous_Leaf,Bituminous_Leaf,Correct,0.999976
datasets/train/Leaf_Gall/Leaf_Gall00005.jpg,Leaf_Gall,Leaf_Gall,Correct,0.999737
datasets/test/Fungal_Leaf_Spot/Fungal_Leaf_Spot00389.jpg,Fungal_Leaf_Spot,Fungal_Leaf_Spot,Correct,0.999984
datasets/test/Fungal_Leaf_Spot/Fungal_Leaf_Spot00210.jpg,Fungal_Leaf_Spot,Fungal_Leaf_Spot,Correct,1.000000
datasets/train/Dry_Leaf/Dry_Leaf00035.jpg,Dry_Leaf,Dry_Leaf,Correct,0.999999
datasets/test/Healthy_Leaf/Healthy_Leaf00205.jpg,Healthy_Leaf,Healthy_Leaf,Correct,0.989939
datasets/test/Felt_Leaf/Felt_Leaf00001.jpg,Felt_Leaf,Felt_Leaf,Correct,0.999270
datasets/test/Curl_Leaf/Curl_Leaf00095.jpg,Curl_Leaf,Curl_Leaf,Correct,0.999977
datasets/test/Leaf_Blight/Leaf_Blight00467.jpg,Leaf_Blight,Leaf_Blight,Correct,0.987981
datasets/train/Healthy_Leaf/Healthy_Leaf00263.jpg,Healthy_Leaf,Healthy_Leaf,Correct,0.999853
datasets/test/Leaf_Gall/Leaf_Gall00418.jpg,Leaf_Gall,Leaf_Gall,Correct,0.931445
datasets/test/Healthy_Leaf/Healthy_Leaf00249.jpg,Healthy_Leaf,Healthy_Leaf,Correct,0.999999
datasets/train/Healthy_Leaf/Healthy_Leaf00285.jpg,Healthy_Leaf,Healthy_Leaf,Correct,0.999513
datasets/train/Dry_Leaf/Dry_Leaf00183.jpg,Dry_Leaf,Dry_Leaf,Correct,0.999999
datasets/test/Healthy_Leaf/Healthy_Leaf00133.jpg,Healthy_Leaf,Healthy_Leaf,Correct,1.000000
datasets/train/Healthy_Leaf/Healthy_Leaf00215.jpg,Healthy_Leaf,Healthy_Leaf,Correct,0.999998
datasets/test/Curl_Leaf/Curl_Leaf00096.jpg,Curl_Leaf,Curl_Leaf,Correct,0.999455
datasets/train/Felt_Leaf/Felt_Leaf00323.jpg,Felt_Leaf,Felt_Leaf,Correct,0.999998
datasets/test/Healthy_Leaf/Healthy_Leaf00239.jpg,Healthy_Leaf,Healthy_Leaf,Correct,1.000000
datasets/test/Healthy_Leaf/Healthy_Leaf00348.jpg,Healthy_Leaf,Healthy_Leaf,Correct,1.000000
datasets/train/Fungal_Leaf_Spot/Fungal_Leaf_Spot00036.jpg,Fungal_Leaf_Spot,Fungal_Leaf_Spot,Correct,1.000000
datasets/train/Fungal_Leaf_Spot/Fungal_Leaf_Spot00568.jpg,Fungal_Leaf_Spot,Fungal_Leaf_Spot,Correct,1.000000
datasets/test/Healthy_Leaf/Healthy_Leaf00422.jpg,Healthy_Leaf,Healthy_Leaf,Correct,1.000000
datasets/train/Leaf_Gall/Leaf_Gall00525.jpg,Leaf_Gall,Leaf_Gall,Correct,0.998261
datasets/test/Dry_Leaf/Dry_Leaf00030.jpg,Dry_Leaf,Dry_Leaf,Correct,0.999988
datasets/test/Healthy_Leaf/Healthy_Leaf00452.jpg,Healthy_Leaf,Healthy_Leaf,Correct,1.000000
datasets/train/Leaf_Gall/Leaf_Gall00556.jpg,Leaf_Gall,Leaf_Gall,Correct,0.988345
datasets/train/Deficiency_Leaf/Deficiency_Leaf00002.jpg,Deficiency_Leaf,Anthrax_Leaf,Incorrect,0.523120
datasets/test/Healthy_Leaf/Healthy_Leaf00191.jpg,Healthy_Leaf,Healthy_Leaf,Correct,1.000000
datasets/test/Felt_Leaf/Felt_Leaf00266.jpg,Felt_Leaf,Fungal_Leaf_Spot,Incorrect,0.974537
datasets/test/Fungal_Leaf_Spot/Fungal_Leaf_Spot00536.jpg,Fungal_Leaf_Spot,Fungal_Leaf_Spot,Correct,0.999995
datasets/test/Healthy_Leaf/Healthy_Leaf00088.jpg,Healthy_Leaf,Healthy_Leaf,Correct,1.000000
datasets/train/Healthy_Leaf/Healthy_Leaf00228.jpg,Healthy_Leaf,Healthy_Leaf,Correct,0.999999
datasets/train/Dry_Leaf/Dry_Leaf00186.jpg,Dry_Leaf,Dry_Leaf,Correct,0.999996
datasets/test/Fungal_Leaf_Spot/Fungal_Leaf_Spot00541.jpg,Fungal_Leaf_Spot,Fungal_Leaf_Spot,Correct,1.000000
datasets/test/Dry_Leaf/Dry_Leaf00252.jpg,Dry_Leaf,Dry_Leaf,Correct,0.999999
datasets/test/Leaf_Gall/Leaf_Gall00559.jpg,Leaf_Gall,Leaf_Gall,Correct,1.000000
datasets/train/Felt_Leaf/Felt_Leaf00355.jpg,Felt_Leaf,Felt_Leaf,Correct,0.997838
datasets/test/Leaf_Gall/Leaf_Gall00069.jpg,Leaf_Gall,Leaf_Gall,Correct,0.999990
datasets/train/Fungal_Leaf_Spot/Fungal_Leaf_Spot00313.jpg,Fungal_Leaf_Spot,Fungal_Leaf_Spot,Correct,0.999990
datasets/train/Leaf_Blight/Leaf_Blight00089.jpg,Leaf_Blight,Leaf_Blight,Correct,0.997724
datasets/train/Felt_Leaf/Felt_Leaf00314.jpg,Felt_Leaf,Felt_Leaf,Correct,0.999995
datasets/test/Healthy_Leaf/Healthy_Leaf00092.jpg,Healthy_Leaf,Healthy_Leaf,Correct,1.000000
datasets/test/Fungal_Leaf_Spot/Fungal_Leaf_Spot00333.jpg,Fungal_Leaf_Spot,Fungal_Leaf_Spot,Correct,1.000000
datasets/test/Fungal_Leaf_Spot/Fungal_Leaf_Spot00385.jpg,Fungal_Leaf_Spot,Fungal_Leaf_Spot,Correct,0.982453
datasets/train/Healthy_Leaf/Healthy_Leaf00270.jpg,Healthy_Leaf,Healthy_Leaf,Correct,0.999854
datasets/train/Curl_Leaf/Curl_Leaf00099.jpg,Curl_Leaf,Curl_Leaf,Correct,0.947338
datasets/test/Fungal_Leaf_Spot/Fungal_Leaf_Spot00319.jpg,Fungal_Leaf_Spot,Fungal_Leaf_Spot,Correct,1.000000
datasets/test/Leaf_Gall/Leaf_Gall00335.jpg,Leaf_Gall,Leaf_Gall,Correct,0.998913
datasets/test/Healthy_Leaf/Healthy_Leaf00506.jpg,Healthy_Leaf,Healthy_Leaf,Correct,0.999991
datasets/test/Felt_Leaf/Felt_Leaf00128.jpg,Felt_Leaf,Felt_Leaf,Correct,1.000000
datasets/train/Leaf_Blight/Leaf_Blight00513.jpg,Leaf_Blight,Leaf_Blight,Correct,0.999998
datasets/train/Dry_Leaf/Dry_Leaf00057.jpg,Dry_Leaf,Dry_Leaf,Correct,1.000000
datasets/test/Leaf_Gall/Leaf_Gall00347.jpg,Leaf_Gall,Leaf_Gall,Correct,0.992420
datasets/test/Curl_Leaf/Curl_Leaf00047.jpg,Curl_Leaf,Curl_Leaf,Correct,1.000000
datasets/train/Felt_Leaf/Felt_Leaf00153.jpg,Felt_Leaf,Felt_Leaf,Correct,0.999961
datasets/train/Healthy_Leaf/Healthy_Leaf00203.jpg,Healthy_Leaf,Healthy_Leaf,Correct,0.999870
datasets/train/Curl_Leaf/Curl_Leaf00014.jpg,Curl_Leaf,Curl_Leaf,Correct,0.998368
datasets/test/Anthrax_Leaf/Anthrax_Leaf00138.jpg,Anthrax_Leaf,Anthrax_Leaf,Correct,1.000000
datasets/train/Dry_Leaf/Dry_Leaf00205.jpg,Dry_Leaf,Dry_Leaf,Correct,1.000000
datasets/test/Curl_Leaf/Curl_Leaf00020.jpg,Curl_Leaf,Curl_Leaf,Correct,0.999967
datasets/test/Healthy_Leaf/Healthy_Leaf00628.jpg,Healthy_Leaf,Healthy_Leaf,Correct,0.999993
datasets/train/Felt_Leaf/Felt_Leaf00014.jpg,Felt_Leaf,Felt_Leaf,Correct,0.713134
datasets/test/Leaf_Gall/Leaf_Gall00100.jpg,Leaf_Gall,Leaf_Gall,Correct,1.000000
datasets/test/Fungal_Leaf_Spot/Fungal_Leaf_Spot00442.jpg,Fungal_Leaf_Spot,Fungal_Leaf_Spot,Correct,1.000000
datasets/test/Fungal_Leaf_Spot/Fungal_Leaf_Spot00181.jpg,Fungal_Leaf_Spot,Fungal_Leaf_Spot,Correct,1.000000
datasets/test/Healthy_Leaf/Healthy_Leaf00585.jpg,Healthy_Leaf,Healthy_Leaf,Correct,1.000000
datasets/train/Leaf_Blight/Leaf_Blight00309.jpg,Leaf_Blight,Leaf_Blight,Correct,1.000000
datasets/test/Healthy_Leaf/Healthy_Leaf00268.jpg,Healthy_Leaf,Healthy_Leaf,Correct,0.999930
datasets/train/Leaf_Blight/Leaf_Blight00016.jpg,Leaf_Blight,Leaf_Blight,Correct,0.999990
datasets/train/Felt_Leaf/Felt_Leaf00270.jpg,Felt_Leaf,Felt_Leaf,Correct,0.992447
datasets/test/Dry_Leaf/Dry_Leaf00213.jpg,Dry_Leaf,Dry_Leaf,Correct,0.999804
datasets/test/Healthy_Leaf/Healthy_Leaf00253.jpg,Healthy_Leaf,Healthy_Leaf,Correct,0.999922
datasets/test/Leaf_Gall/Leaf_Gall00564.jpg,Leaf_Gall,Leaf_Gall,Correct,0.999999
datasets/train/Fungal_Leaf_Spot/Fungal_Leaf_Spot00274.jpg,Fungal_Leaf_Spot,Fungal_Leaf_Spot,Correct,1.000000
datasets/train/Leaf_Blight/Leaf_Blight00336.jpg,Leaf_Blight,Leaf_Blight,Correct,1.000000
datasets/test/Leaf_Blight/Leaf_Blight00399.jpg,Leaf_Blight,Leaf_Blight,Correct,0.998244
datasets/train/Bituminous_Leaf/Bituminous_Leaf00010.jpg,Bituminous_Leaf,Bituminous_Leaf,Correct,0.999467
datasets/train/Curl_Leaf/Curl_Leaf00041.jpg,Curl_Leaf,Curl_Leaf,Correct,0.982924
datasets/train/Dry_Leaf/Dry_Leaf00256.jpg,Dry_Leaf,Dry_Leaf,Correct,0.999995
datasets/test/Anthrax_Leaf/Anthrax_Leaf00061.jpg,Anthrax_Leaf,Anthrax_Leaf,Correct,1.000000
datasets/test/Fungal_Leaf_Spot/Fungal_Leaf_Spot00288.jpg,Fungal_Leaf_Spot,Fungal_Leaf_Spot,Correct,1.000000
datasets/train/Leaf_Blight/Leaf_Blight00224.jpg,Leaf_Blight,Leaf_Blight,Correct,0.985594
datasets/test/Curl_Leaf/Curl_Leaf00019.jpg,Curl_Leaf,Curl_Leaf,Correct,1.000000
datasets/train/Deficiency_Leaf/Deficiency_Leaf00023.jpg,Deficiency_Leaf,Deficiency_Leaf,Correct,0.999753
datasets/test/Leaf_Blight/Leaf_Blight00390.jpg,Leaf_Blight,Leaf_Blight,Correct,0.999562
datasets/train/Fungal_Leaf_Spot/Fungal_Leaf_Spot00476.jpg,Fungal_Leaf_Spot,Fungal_Leaf_Spot,Correct,1.000000
datasets/test/Leaf_Gall/Leaf_Gall00109.jpg,Leaf_Gall,Leaf_Gall,Correct,0.997660
datasets/test/Leaf_Blight/Leaf_Blight00521.jpg,Leaf_Blight,Leaf_Blight,Correct,0.999983
datasets/test/Leaf_Blight/Leaf_Blight00148.jpg,Leaf_Blight,Leaf_Blight,Correct,0.999776
datasets/train/Bituminous_Leaf/Bituminous_Leaf00035.jpg,Bituminous_Leaf,Bituminous_Leaf,Correct,0.999999
datasets/test/Felt_Leaf/Felt_Leaf00205.jpg,Felt_Leaf,Felt_Leaf,Correct,0.999999
datasets/test/Healthy_Leaf/Healthy_Leaf00298.jpg,Healthy_Leaf,Healthy_Leaf,Correct,1.000000
datasets/train/Leaf_Blight/Leaf_Blight00330.jpg,Leaf_Blight,Leaf_Blight,Correct,1.000000
datasets/train/Leaf_Gall/Leaf_Gall00376.jpg,Leaf_Gall,Leaf_Gall,Correct,0.999990
datasets/test/Leaf_Gall/Leaf_Gall00174.jpg,Leaf_Gall,Leaf_Gall,Correct,1.000000
datasets/test/Felt_Leaf/Felt_Leaf00219.jpg,Felt_Leaf,Felt_Leaf,Correct,0.722354
datasets/train/Dry_Leaf/Dry_Leaf00380.jpg,Dry_Leaf,Dry_Leaf,Correct,1.000000
datasets/test/Felt_Leaf/Felt_Leaf00274.jpg,Felt_Leaf,Felt_Leaf,Correct,0.999965
datasets/train/Healthy_Leaf/Healthy_Leaf00316.jpg,Healthy_Leaf,Healthy_Leaf,Correct,1.000000
datasets/train/Dry_Leaf/Dry_Leaf00046.jpg,Dry_Leaf,Dry_Leaf,Correct,0.999995
datasets/train/Healthy_Leaf/Healthy_Leaf00570.jpg,Healthy_Leaf,Healthy_Leaf,Correct,1.000000
datasets/test/Healthy_Leaf/Healthy_Leaf00156.jpg,Healthy_Leaf,Healthy_Leaf,Correct,1.000000
datasets/test/Dry_Leaf/Dry_Leaf00069.jpg,Dry_Leaf,Dry_Leaf,Correct,1.000000
datasets/test/Anthrax_Leaf/Anthrax_Leaf00091.jpg,Anthrax_Leaf,Anthrax_Leaf,Correct,0.999983
datasets/test/Leaf_Gall/Leaf_Gall00255.jpg,Leaf_Gall,Leaf_Gall,Correct,1.000000
datasets/train/Fungal_Leaf_Spot/Fungal_Leaf_Spot00469.jpg,Fungal_Leaf_Spot,Fungal_Leaf_Spot,Correct,0.999997
datasets/test/Leaf_Blight/Leaf_Blight00103.jpg,Leaf_Blight,Leaf_Blight,Correct,0.948369
datasets/test/Fungal_Leaf_Spot/Fungal_Leaf_Spot00176.jpg,Fungal_Leaf_Spot,Fungal_Leaf_Spot,Correct,1.000000
datasets/test/Dry_Leaf/Dry_Leaf00266.jpg,Dry_Leaf,Dry_Leaf,Correct,1.000000
datasets/train/Leaf_Blight/Leaf_Blight00439.jpg,Leaf_Blight,Leaf_Blight,Correct,1.000000
datasets/train/Leaf_Blight/Leaf_Blight00569.jpg,Leaf_Blight,Leaf_Blight,Correct,1.000000
datasets/test/Healthy_Leaf/Healthy_Leaf00271.jpg,Healthy_Leaf,Healthy_Leaf,Correct,0.999995
datasets/train/Bituminous_Leaf/Bituminous_Leaf00054.jpg,Bituminous_Leaf,Bituminous_Leaf,Correct,0.999995
datasets/test/Bituminous_Leaf/Bituminous_Leaf00004.jpg,Bituminous_Leaf,Leaf_Gall,Incorrect,0.989433
datasets/train/Healthy_Leaf/Healthy_Leaf00104.jpg,Healthy_Leaf,Healthy_Leaf,Correct,1.000000
datasets/train/Leaf_Gall/Leaf_Gall00258.jpg,Leaf_Gall,Leaf_Gall,Correct,0.999972
datasets/train/Fungal_Leaf_Spot/Fungal_Leaf_Spot00072.jpg,Fungal_Leaf_Spot,Fungal_Leaf_Spot,Correct,1.000000
datasets/test/Leaf_Gall/Leaf_Gall00116.jpg,Leaf_Gall,Leaf_Gall,Correct,1.000000
datasets/test/Leaf_Gall/Leaf_Gall00283.jpg,Leaf_Gall,Leaf_Gall,Correct,0.999997
datasets/test/Dry_Leaf/Dry_Leaf00339.jpg,Dry_Leaf,Dry_Leaf,Correct,0.999995
datasets/test/Anthrax_Leaf/Anthrax_Leaf00102.jpg,Anthrax_Leaf,Anthrax_Leaf,Correct,0.999998
datasets/train/Curl_Leaf/Curl_Leaf00023.jpg,Curl_Leaf,Curl_Leaf,Correct,1.000000
datasets/train/Fungal_Leaf_Spot/Fungal_Leaf_Spot00451.jpg,Fungal_Leaf_Spot,Fungal_Leaf_Spot,Correct,0.999803
datasets/test/Healthy_Leaf/Healthy_Leaf00575.jpg,Healthy_Leaf,Healthy_Leaf,Correct,0.999996
datasets/test/Fungal_Leaf_Spot/Fungal_Leaf_Spot00238.jpg,Fungal_Leaf_Spot,Fungal_Leaf_Spot,Correct,1.000000
datasets/test/Leaf_Gall/Leaf_Gall00275.jpg,Leaf_Gall,Leaf_Gall,Correct,0.999969
datasets/train/Healthy_Leaf/Healthy_Leaf00423.jpg,Healthy_Leaf,Healthy_Leaf,Correct,0.999869
datasets/test/Curl_Leaf/Curl_Leaf00094.jpg,Curl_Leaf,Curl_Leaf,Correct,0.999995
datasets/train/Fungal_Leaf_Spot/Fungal_Leaf_Spot00008.jpg,Fungal_Leaf_Spot,Fungal_Leaf_Spot,Correct,1.000000
datasets/test/Fungal_Leaf_Spot/Fungal_Leaf_Spot00346.jpg,Fungal_Leaf_Spot,Fungal_Leaf_Spot,Correct,0.999999
datasets/train/Fungal_Leaf_Spot/Fungal_Leaf_Spot00454.jpg,Fungal_Leaf_Spot,Fungal_Leaf_Spot,Correct,0.999689
datasets/test/Felt_Leaf/Felt_Leaf00108.jpg,Felt_Leaf,Felt_Leaf,Correct,0.998182
datasets/train/Healthy_Leaf/Healthy_Leaf00553.jpg,Healthy_Leaf,Healthy_Leaf,Correct,1.000000
datasets/train/Dry_Leaf/Dry_Leaf00331.jpg,Dry_Leaf,Dry_Leaf,Correct,1.000000
datasets/train/Leaf_Gall/Leaf_Gall00545.jpg,Leaf_Gall,Leaf_Gall,Correct,0.999999
datasets/test/Deficiency_Leaf/Deficiency_Leaf00018.jpg,Deficiency_Leaf,Deficiency_Leaf,Correct,0.986742
datasets/train/Healthy_Leaf/Healthy_Leaf00599.jpg,Healthy_Leaf,Healthy_Leaf,Correct,1.000000
datasets/test/Bituminous_Leaf/Bituminous_Leaf00041.jpg,Bituminous_Leaf,Bituminous_Leaf,Correct,0.999995
datasets/train/Fungal_Leaf_Spot/Fungal_Leaf_Spot00525.jpg,Fungal_Leaf_Spot,Fungal_Leaf_Spot,Correct,1.000000
datasets/test/Felt_Leaf/Felt_Leaf00131.jpg,Felt_Leaf,Felt_Leaf,Correct,0.998340
datasets/test/Leaf_Gall/Leaf_Gall00019.jpg,Leaf_Gall,Leaf_Gall,Correct,0.999949
datasets/train/Healthy_Leaf/Healthy_Leaf00170.jpg,Healthy_Leaf,Healthy_Leaf,Correct,1.000000
datasets/train/Leaf_Blight/Leaf_Blight00298.jpg,Leaf_Blight,Leaf_Blight,Correct,1.000000
datasets/test/Felt_Leaf/Felt_Leaf00356.jpg,Felt_Leaf,Felt_Leaf,Correct,0.999999
datasets/test/Fungal_Leaf_Spot/Fungal_Leaf_Spot00166.jpg,Fungal_Leaf_Spot,Fungal_Leaf_Spot,Correct,1.000000
datasets/test/Healthy_Leaf/Healthy_Leaf00538.jpg,Healthy_Leaf,Healthy_Leaf,Correct,0.999970
datasets/test/Fungal_Leaf_Spot/Fungal_Leaf_Spot00419.jpg,Fungal_Leaf_Spot,Fungal_Leaf_Spot,Correct,1.000000
datasets/train/Leaf_Gall/Leaf_Gall00481.jpg,Leaf_Gall,Leaf_Gall,Correct,0.999956
datasets/test/Leaf_Gall/Leaf_Gall00202.jpg,Leaf_Gall,Leaf_Gall,Correct,1.000000
datasets/test/Felt_Leaf/Felt_Leaf00062.jpg,Felt_Leaf,Felt_Leaf,Correct,0.999995
datasets/train/Leaf_Blight/Leaf_Blight00581.jpg,Leaf_Blight,Leaf_Blight,Correct,0.995674
datasets/test/Leaf_Gall/Leaf_Gall00433.jpg,Leaf_Gall,Leaf_Gall,Correct,0.999983
datasets/train/Healthy_Leaf/Healthy_Leaf00060.jpg,Healthy_Leaf,Healthy_Leaf,Correct,1.000000
datasets/train/Felt_Leaf/Felt_Leaf00229.jpg,Felt_Leaf,Felt_Leaf,Correct,0.999134
datasets/test/Leaf_Gall/Leaf_Gall00290.jpg,Leaf_Gall,Leaf_Gall,Correct,1.000000
datasets/train/Leaf_Gall/Leaf_Gall00511.jpg,Leaf_Gall,Leaf_Gall,Correct,0.999928
datasets/test/Leaf_Gall/Leaf_Gall00611.jpg,Leaf_Gall,Leaf_Gall,Correct,0.991994
datasets/test/Deficiency_Leaf/Deficiency_Leaf00106.jpg,Deficiency_Leaf,Deficiency_Leaf,Correct,0.991298
datasets/train/Curl_Leaf/Curl_Leaf00043.jpg,Curl_Leaf,Curl_Leaf,Correct,1.000000
datasets/test/Leaf_Gall/Leaf_Gall00496.jpg,Leaf_Gall,Leaf_Gall,Correct,0.999828
datasets/test/Healthy_Leaf/Healthy_Leaf00373.jpg,Healthy_Leaf,Healthy_Leaf,Correct,1.000000
datasets/train/Felt_Leaf/Felt_Leaf00086.jpg,Felt_Leaf,Felt_Leaf,Correct,0.998959
datasets/test/Healthy_Leaf/Healthy_Leaf00042.jpg,Healthy_Leaf,Healthy_Leaf,Correct,1.000000
datasets/train/Dry_Leaf/Dry_Leaf00247.jpg,Dry_Leaf,Dry_Leaf,Correct,1.000000
datasets/train/Fungal_Leaf_Spot/Fungal_Leaf_Spot00074.jpg,Fungal_Leaf_Spot,Fungal_Leaf_Spot,Correct,1.000000
datasets/train/Fungal_Leaf_Spot/Fungal_Leaf_Spot00138.jpg,Fungal_Leaf_Spot,Fungal_Leaf_Spot,Correct,1.000000
datasets/test/Leaf_Blight/Leaf_Blight00055.jpg,Leaf_Blight,Leaf_Blight,Correct,0.999949
datasets/test/Fungal_Leaf_Spot/Fungal_Leaf_Spot00323.jpg,Fungal_Leaf_Spot,Fungal_Leaf_Spot,Correct,1.000000
datasets/test/Dry_Leaf/Dry_Leaf00348.jpg,Dry_Leaf,Dry_Leaf,Correct,0.999695
datasets/train/Fungal_Leaf_Spot/Fungal_Leaf_Spot00396.jpg,Fungal_Leaf_Spot,Fungal_Leaf_Spot,Correct,1.000000
datasets/test/Curl_Leaf/Curl_Leaf00172.jpg,Curl_Leaf,Curl_Leaf,Correct,1.000000
datasets/train/Felt_Leaf/Felt_Leaf00269.jpg,Felt_Leaf,Felt_Leaf,Correct,0.997078
datasets/test/Leaf_Blight/Leaf_Blight00290.jpg,Leaf_Blight,Leaf_Blight,Correct,1.000000
datasets/train/Healthy_Leaf/Healthy_Leaf00366.jpg,Healthy_Leaf,Healthy_Leaf,Correct,0.999999
datasets/test/Felt_Leaf/Felt_Leaf00189.jpg,Felt_Leaf,Felt_Leaf,Correct,0.999995
datasets/test/Curl_Leaf/Curl_Leaf00029.jpg,Curl_Leaf,Curl_Leaf,Correct,0.999991
datasets/train/Healthy_Leaf/Healthy_Leaf00146.jpg,Healthy_Leaf,Healthy_Leaf,Correct,1.000000
datasets/test/Fungal_Leaf_Spot/Fungal_Leaf_Spot00162.jpg,Fungal_Leaf_Spot,Fungal_Leaf_Spot,Correct,1.000000
datasets/train/Leaf_Blight/Leaf_Blight00279.jpg,Leaf_Blight,Leaf_Blight,Correct,0.999989
datasets/train/Leaf_Gall/Leaf_Gall00426.jpg,Leaf_Gall,Leaf_Gall,Correct,1.000000
datasets/test/Curl_Leaf/Curl_Leaf00074.jpg,Curl_Leaf,Curl_Leaf,Correct,1.000000
datasets/train/Healthy_Leaf/Healthy_Leaf00105.jpg,Healthy_Leaf,Healthy_Leaf,Correct,1.000000
datasets/test/Leaf_Gall/Leaf_Gall00025.jpg,Leaf_Gall,Leaf_Gall,Correct,0.976723
datasets/test/Fungal_Leaf_Spot/Fungal_Leaf_Spot00152.jpg,Fungal_Leaf_Spot,Fungal_Leaf_Spot,Correct,1.000000
datasets/test/Dry_Leaf/Dry_Leaf00354.jpg,Dry_Leaf,Dry_Leaf,Correct,1.000000
datasets/train/Fungal_Leaf_Spot/Fungal_Leaf_Spot00534.jpg,Fungal_Leaf_Spot,Fungal_Leaf_Spot,Correct,0.999999
datasets/test/Leaf_Gall/Leaf_Gall00292.jpg,Leaf_Gall,Leaf_Gall,Correct,1.000000
datasets/test/Fungal_Leaf_Spot/Fungal_Leaf_Spot00429.jpg,Fungal_Leaf_Spot,Fungal_Leaf_Spot,Correct,1.000000
datasets/test/Felt_Leaf/Felt_Leaf00154.jpg,Felt_Leaf,Felt_Leaf,Correct,0.999994
datasets/test/Curl_Leaf/Curl_Leaf00008.jpg,Curl_Leaf,Curl_Leaf,Correct,0.999998
datasets/test/Curl_Leaf/Curl_Leaf00001.jpg,Curl_Leaf,Curl_Leaf,Correct,0.999974
datasets/test/Felt_Leaf/Felt_Leaf00137.jpg,Felt_Leaf,Felt_Leaf,Correct,0.998944
datasets/train/Healthy_Leaf/Healthy_Leaf00417.jpg,Healthy_Leaf,Healthy_Leaf,Correct,0.999800
datasets/train/Fungal_Leaf_Spot/Fungal_Leaf_Spot00180.jpg,Fungal_Leaf_Spot,Fungal_Leaf_Spot,Correct,1.000000
datasets/train/Fungal_Leaf_Spot/Fungal_Leaf_Spot00209.jpg,Fungal_Leaf_Spot,Fungal_Leaf_Spot,Correct,0.999999
datasets/test/Anthrax_Leaf/Anthrax_Leaf00051.jpg,Anthrax_Leaf,Anthrax_Leaf,Correct,1.000000
datasets/train/Leaf_Blight/Leaf_Blight00001.jpg,Leaf_Blight,Leaf_Blight,Correct,0.999996
datasets/test/Anthrax_Leaf/Anthrax_Leaf00086.jpg,Anthrax_Leaf,Anthrax_Leaf,Correct,1.000000
datasets/test/Leaf_Gall/Leaf_Gall00375.jpg,Leaf_Gall,Leaf_Gall,Correct,0.999974
datasets/train/Fungal_Leaf_Spot/Fungal_Leaf_Spot00440.jpg,Fungal_Leaf_Spot,Fungal_Leaf_Spot,Correct,0.999996
datasets/test/Curl_Leaf/Curl_Leaf00017.jpg,Curl_Leaf,Curl_Leaf,Correct,0.999953
datasets/test/Bituminous_Leaf/Bituminous_Leaf00025.jpg,Bituminous_Leaf,Bituminous_Leaf,Correct,0.999999
datasets/train/Leaf_Gall/Leaf_Gall00491.jpg,Leaf_Gall,Leaf_Gall,Correct,0.999990
datasets/test/Fungal_Leaf_Spot/Fungal_Leaf_Spot00117.jpg,Fungal_Leaf_Spot,Fungal_Leaf_Spot,Correct,1.000000
datasets/test/Leaf_Blight/Leaf_Blight00531.jpg,Leaf_Blight,Leaf_Blight,Correct,1.000000
datasets/test/Dry_Leaf/Dry_Leaf00228.jpg,Dry_Leaf,Dry_Leaf,Correct,1.000000
datasets/test/Leaf_Blight/Leaf_Blight00545.jpg,Leaf_Blight,Leaf_Blight,Correct,0.999998
datasets/test/Leaf_Gall/Leaf_Gall00514.jpg,Leaf_Gall,Leaf_Gall,Correct,1.000000
datasets/test/Healthy_Leaf/Healthy_Leaf00129.jpg,Healthy_Leaf,Healthy_Leaf,Correct,1.000000
datasets/train/Fungal_Leaf_Spot/Fungal_Leaf_Spot00518.jpg,Fungal_Leaf_Spot,Fungal_Leaf_Spot,Correct,0.999999
datasets/test/Bituminous_Leaf/Bituminous_Leaf00138.jpg,Bituminous_Leaf,Bituminous_Leaf,Correct,0.992983
datasets/test/Fungal_Leaf_Spot/Fungal_Leaf_Spot00247.jpg,Fungal_Leaf_Spot,Fungal_Leaf_Spot,Correct,0.999745
datasets/train/Healthy_Leaf/Healthy_Leaf00523.jpg,Healthy_Leaf,Healthy_Leaf,Correct,0.999995
datasets/test/Felt_Leaf/Felt_Leaf00307.jpg,Felt_Leaf,Felt_Leaf,Correct,0.999996
datasets/test/Curl_Leaf/Curl_Leaf00098.jpg,Curl_Leaf,Curl_Leaf,Correct,0.999938
datasets/train/Dry_Leaf/Dry_Leaf00220.jpg,Dry_Leaf,Dry_Leaf,Correct,0.999997
datasets/test/Healthy_Leaf/Healthy_Leaf00138.jpg,Healthy_Leaf,Healthy_Leaf,Correct,1.000000
datasets/train/Leaf_Gall/Leaf_Gall00557.jpg,Leaf_Gall,Leaf_Gall,Correct,1.000000
datasets/test/Leaf_Blight/Leaf_Blight00179.jpg,Leaf_Blight,Leaf_Blight,Correct,0.990300
datasets/test/Healthy_Leaf/Healthy_Leaf00558.jpg,Healthy_Leaf,Healthy_Leaf,Correct,0.999994
datasets/train/Healthy_Leaf/Healthy_Leaf00278.jpg,Healthy_Leaf,Healthy_Leaf,Correct,0.999975
datasets/train/Healthy_Leaf/Healthy_Leaf00166.jpg,Healthy_Leaf,Healthy_Leaf,Correct,1.000000
datasets/train/Leaf_Blight/Leaf_Blight00465.jpg,Leaf_Blight,Leaf_Blight,Correct,0.999988
datasets/test/Healthy_Leaf/Healthy_Leaf00296.jpg,Healthy_Leaf,Healthy_Leaf,Correct,1.000000
datasets/train/Fungal_Leaf_Spot/Fungal_Leaf_Spot00443.jpg,Fungal_Leaf_Spot,Fungal_Leaf_Spot,Correct,1.000000
datasets/test/Fungal_Leaf_Spot/Fungal_Leaf_Spot00380.jpg,Fungal_Leaf_Spot,Fungal_Leaf_Spot,Correct,0.999999
datasets/test/Dry_Leaf/Dry_Leaf00147.jpg,Dry_Leaf,Dry_Leaf,Correct,1.000000
datasets/test/Fungal_Leaf_Spot/Fungal_Leaf_Spot00139.jpg,Fungal_Leaf_Spot,Fungal_Leaf_Spot,Correct,1.000000
datasets/train/Felt_Leaf/Felt_Leaf00225.jpg,Felt_Leaf,Felt_Leaf,Correct,0.999760
datasets/test/Leaf_Gall/Leaf_Gall00205.jpg,Leaf_Gall,Leaf_Gall,Correct,1.000000
datasets/test/Deficiency_Leaf/Deficiency_Leaf00094.jpg,Deficiency_Leaf,Deficiency_Leaf,Correct,0.996956
datasets/train/Healthy_Leaf/Healthy_Leaf00094.jpg,Healthy_Leaf,Healthy_Leaf,Correct,1.000000
datasets/test/Fungal_Leaf_Spot/Fungal_Leaf_Spot00192.jpg,Fungal_Leaf_Spot,Fungal_Leaf_Spot,Correct,0.999998
datasets/test/Healthy_Leaf/Healthy_Leaf00369.jpg,Healthy_Leaf,Healthy_Leaf,Correct,0.999999
datasets/train/Fungal_Leaf_Spot/Fungal_Leaf_Spot00287.jpg,Fungal_Leaf_Spot,Fungal_Leaf_Spot,Correct,1.000000
datasets/train/Deficiency_Leaf/Deficiency_Leaf00118.jpg,Deficiency_Leaf,Deficiency_Leaf,Correct,0.810827
datasets/train/Healthy_Leaf/Healthy_Leaf00233.jpg,Healthy_Leaf,Healthy_Leaf,Correct,1.000000
datasets/train/Leaf_Blight/Leaf_Blight00160.jpg,Leaf_Blight,Leaf_Blight,Correct,1.000000
datasets/test/Healthy_Leaf/Healthy_Leaf00153.jpg,Healthy_Leaf,Healthy_Leaf,Correct,0.999999
datasets/train/Leaf_Gall/Leaf_Gall00119.jpg,Leaf_Gall,Leaf_Gall,Correct,0.999999
datasets/test/Healthy_Leaf/Healthy_Leaf00144.jpg,Healthy_Leaf,Healthy_Leaf,Correct,1.000000
datasets/test/Leaf_Blight/Leaf_Blight00247.jpg,Leaf_Blight,Leaf_Blight,Correct,0.999986
datasets/test/Felt_Leaf/Felt_Leaf00145.jpg,Felt_Leaf,Felt_Leaf,Correct,0.999795
datasets/test/Bituminous_Leaf/Bituminous_Leaf00116.jpg,Bituminous_Leaf,Bituminous_Leaf,Correct,1.000000
datasets/test/Leaf_Gall/Leaf_Gall00386.jpg,Leaf_Gall,Leaf_Gall,Correct,0.995824
datasets/train/Leaf_Gall/Leaf_Gall00614.jpg,Leaf_Gall,Leaf_Gall,Correct,0.999620
datasets/train/Leaf_Blight/Leaf_Blight00355.jpg,Leaf_Blight,Leaf_Blight,Correct,0.999999
datasets/train/Bituminous_Leaf/Bituminous_Leaf00129.jpg,Bituminous_Leaf,Bituminous_Leaf,Correct,0.999743
datasets/train/Fungal_Leaf_Spot/Fungal_Leaf_Spot00387.jpg,Fungal_Leaf_Spot,Fungal_Leaf_Spot,Correct,0.999863
datasets/test/Leaf_Gall/Leaf_Gall00443.jpg,Leaf_Gall,Leaf_Gall,Correct,0.999924
datasets/test/Leaf_Blight/Leaf_Blight00479.jpg,Leaf_Blight,Leaf_Blight,Correct,1.000000
datasets/train/Leaf_Gall/Leaf_Gall00568.jpg,Leaf_Gall,Leaf_Gall,Correct,1.000000
datasets/test/Dry_Leaf/Dry_Leaf00145.jpg,Dry_Leaf,Dry_Leaf,Correct,1.000000
datasets/train/Dry_Leaf/Dry_Leaf00355.jpg,Dry_Leaf,Dry_Leaf,Correct,0.999999
datasets/test/Leaf_Blight/Leaf_Blight00210.jpg,Leaf_Blight,Leaf_Blight,Correct,0.999246
datasets/test/Fungal_Leaf_Spot/Fungal_Leaf_Spot00456.jpg,Fungal_Leaf_Spot,Fungal_Leaf_Spot,Correct,0.997117
datasets/train/Leaf_Blight/Leaf_Blight00123.jpg,Leaf_Blight,Leaf_Blight,Correct,1.000000
datasets/test/Healthy_Leaf/Healthy_Leaf00430.jpg,Healthy_Leaf,Healthy_Leaf,Correct,0.999968
datasets/test/Healthy_Leaf/Healthy_Leaf00119.jpg,Healthy_Leaf,Healthy_Leaf,Correct,0.999999
datasets/train/Felt_Leaf/Felt_Leaf00096.jpg,Felt_Leaf,Felt_Leaf,Correct,0.999998
datasets/test/Leaf_Gall/Leaf_Gall00264.jpg,Leaf_Gall,Leaf_Gall,Correct,0.999998
datasets/train/Felt_Leaf/Felt_Leaf00186.jpg,Felt_Leaf,Felt_Leaf,Correct,0.999870
datasets/train/Leaf_Gall/Leaf_Gall00361.jpg,Leaf_Gall,Leaf_Gall,Correct,0.996334
datasets/train/Healthy_Leaf/Healthy_Leaf00522.jpg,Healthy_Leaf,Healthy_Leaf,Correct,0.998066
datasets/train/Felt_Leaf/Felt_Leaf00019.jpg,Felt_Leaf,Felt_Leaf,Correct,0.999999
datasets/train/Anthrax_Leaf/Anthrax_Leaf00123.jpg,Anthrax_Leaf,Anthrax_Leaf,Correct,1.000000
datasets/test/Felt_Leaf/Felt_Leaf00092.jpg,Felt_Leaf,Felt_Leaf,Correct,0.999402
datasets/train/Healthy_Leaf/Healthy_Leaf00327.jpg,Healthy_Leaf,Healthy_Leaf,Correct,1.000000
datasets/test/Leaf_Gall/Leaf_Gall00439.jpg,Leaf_Gall,Leaf_Gall,Correct,1.000000
datasets/test/Healthy_Leaf/Healthy_Leaf00413.jpg,Healthy_Leaf,Healthy_Leaf,Correct,0.999999
datasets/test/Dry_Leaf/Dry_Leaf00185.jpg,Dry_Leaf,Dry_Leaf,Correct,1.000000
datasets/test/Leaf_Blight/Leaf_Blight00200.jpg,Leaf_Blight,Leaf_Blight,Correct,1.000000
datasets/test/Curl_Leaf/Curl_Leaf00076.jpg,Curl_Leaf,Curl_Leaf,Correct,0.999984
datasets/train/Felt_Leaf/Felt_Leaf00364.jpg,Felt_Leaf,Felt_Leaf,Correct,0.999984
datasets/test/Deficiency_Leaf/Deficiency_Leaf00027.jpg,Deficiency_Leaf,Deficiency_Leaf,Correct,0.999985
datasets/train/Dry_Leaf/Dry_Leaf00335.jpg,Dry_Leaf,Dry_Leaf,Correct,0.999998
datasets/test/Curl_Leaf/Curl_Leaf00073.jpg,Curl_Leaf,Curl_Leaf,Correct,1.000000
datasets/test/Dry_Leaf/Dry_Leaf00016.jpg,Dry_Leaf,Dry_Leaf,Correct,1.000000
datasets/train/Healthy_Leaf/Healthy_Leaf00356.jpg,Healthy_Leaf,Healthy_Leaf,Correct,1.000000
datasets/test/Leaf_Gall/Leaf_Gall00122.jpg,Leaf_Gall,Leaf_Gall,Correct,1.000000
datasets/test/Fungal_Leaf_Spot/Fungal_Leaf_Spot00360.jpg,Fungal_Leaf_Spot,Fungal_Leaf_Spot,Correct,1.000000
datasets/test/Deficiency_Leaf/Deficiency_Leaf00058.jpg,Deficiency_Leaf,Deficiency_Leaf,Correct,0.999996
datasets/test/Felt_Leaf/Felt_Leaf00067.jpg,Felt_Leaf,Felt_Leaf,Correct,0.999949
datasets/train/Fungal_Leaf_Spot/Fungal_Leaf_Spot00155.jpg,Fungal_Leaf_Spot,Fungal_Leaf_Spot,Correct,1.000000
datasets/train/Bituminous_Leaf/Bituminous_Leaf00055.jpg,Bituminous_Leaf,Bituminous_Leaf,Correct,0.999923
datasets/train/Leaf_Blight/Leaf_Blight00471.jpg,Leaf_Blight,Leaf_Blight,Correct,1.000000
datasets/train/Leaf_Gall/Leaf_Gall00464.jpg,Leaf_Gall,Felt_Leaf,Incorrect,0.736852
datasets/test/Bituminous_Leaf/Bituminous_Leaf00067.jpg,Bituminous_Leaf,Bituminous_Leaf,Correct,0.999970
datasets/train/Leaf_Blight/Leaf_Blight00503.jpg,Leaf_Blight,Leaf_Blight,Correct,0.999994
datasets/test/Deficiency_Leaf/Deficiency_Leaf00036.jpg,Deficiency_Leaf,Deficiency_Leaf,Correct,0.796939
datasets/test/Anthrax_Leaf/Anthrax_Leaf00147.jpg,Anthrax_Leaf,Anthrax_Leaf,Correct,1.000000
datasets/test/Curl_Leaf/Curl_Leaf00040.jpg,Curl_Leaf,Curl_Leaf,Correct,0.706288
datasets/train/Dry_Leaf/Dry_Leaf00136.jpg,Dry_Leaf,Dry_Leaf,Correct,1.000000
datasets/train/Curl_Leaf/Curl_Leaf00165.jpg,Curl_Leaf,Curl_Leaf,Correct,1.000000
datasets/test/Dry_Leaf/Dry_Leaf00096.jpg,Dry_Leaf,Leaf_Gall,Incorrect,0.996309
datasets/test/Healthy_Leaf/Healthy_Leaf00446.jpg,Healthy_Leaf,Healthy_Leaf,Correct,1.000000
datasets/train/Bituminous_Leaf/Bituminous_Leaf00111.jpg,Bituminous_Leaf,Bituminous_Leaf,Correct,0.976679
datasets/train/Leaf_Gall/Leaf_Gall00328.jpg,Leaf_Gall,Leaf_Gall,Correct,1.000000
datasets/test/Bituminous_Leaf/Bituminous_Leaf00012.jpg,Bituminous_Leaf,Bituminous_Leaf,Correct,0.998230
datasets/test/Fungal_Leaf_Spot/Fungal_Leaf_Spot00130.jpg,Fungal_Leaf_Spot,Fungal_Leaf_Spot,Correct,1.000000
datasets/train/Leaf_Blight/Leaf_Blight00193.jpg,Leaf_Blight,Leaf_Blight,Correct,0.999991
datasets/train/Anthrax_Leaf/Anthrax_Leaf00072.jpg,Anthrax_Leaf,Anthrax_Leaf,Correct,1.000000
datasets/test/Felt_Leaf/Felt_Leaf00025.jpg,Felt_Leaf,Felt_Leaf,Correct,0.916563
datasets/train/Healthy_Leaf/Healthy_Leaf00623.jpg,Healthy_Leaf,Healthy_Leaf,Correct,0.999995
datasets/test/Healthy_Leaf/Healthy_Leaf00079.jpg,Healthy_Leaf,Healthy_Leaf,Correct,1.000000
datasets/train/Dry_Leaf/Dry_Leaf00177.jpg,Dry_Leaf,Dry_Leaf,Correct,1.000000
datasets/test/Leaf_Gall/Leaf_Gall00429.jpg,Leaf_Gall,Leaf_Gall,Correct,1.000000
datasets/test/Healthy_Leaf/Healthy_Leaf00195.jpg,Healthy_Leaf,Healthy_Leaf,Correct,0.999869
datasets/train/Bituminous_Leaf/Bituminous_Leaf00023.jpg,Bituminous_Leaf,Bituminous_Leaf,Correct,1.000000
datasets/test/Leaf_Gall/Leaf_Gall00369.jpg,Leaf_Gall,Leaf_Gall,Correct,0.999764
datasets/test/Healthy_Leaf/Healthy_Leaf00279.jpg,Healthy_Leaf,Healthy_Leaf,Correct,0.999999
datasets/test/Healthy_Leaf/Healthy_Leaf00372.jpg,Healthy_Leaf,Healthy_Leaf,Correct,0.999995
datasets/test/Leaf_Gall/Leaf_Gall00233.jpg,Leaf_Gall,Leaf_Gall,Correct,0.999999
datasets/test/Felt_Leaf/Felt_Leaf00272.jpg,Felt_Leaf,Felt_Leaf,Correct,0.999736
datasets/train/Anthrax_Leaf/Anthrax_Leaf00030.jpg,Anthrax_Leaf,Anthrax_Leaf,Correct,1.000000
datasets/test/Healthy_Leaf/Healthy_Leaf00283.jpg,Healthy_Leaf,Healthy_Leaf,Correct,0.999976
datasets/test/Felt_Leaf/Felt_Leaf00006.jpg,Felt_Leaf,Felt_Leaf,Correct,0.966251
datasets/test/Healthy_Leaf/Healthy_Leaf00564.jpg,Healthy_Leaf,Healthy_Leaf,Correct,1.000000
datasets/test/Fungal_Leaf_Spot/Fungal_Leaf_Spot00041.jpg,Fungal_Leaf_Spot,Fungal_Leaf_Spot,Correct,1.000000
datasets/train/Dry_Leaf/Dry_Leaf00246.jpg,Dry_Leaf,Dry_Leaf,Correct,1.000000
datasets/test/Healthy_Leaf/Healthy_Leaf00547.jpg,Healthy_Leaf,Healthy_Leaf,Correct,0.999994
datasets/train/Anthrax_Leaf/Anthrax_Leaf00070.jpg,Anthrax_Leaf,Anthrax_Leaf,Correct,1.000000
datasets/test/Leaf_Gall/Leaf_Gall00430.jpg,Leaf_Gall,Leaf_Gall,Correct,0.999999
datasets/test/Leaf_Gall/Leaf_Gall00477.jpg,Leaf_Gall,Leaf_Gall,Correct,1.000000
datasets/test/Leaf_Gall/Leaf_Gall00166.jpg,Leaf_Gall,Leaf_Gall,Correct,0.973189
datasets/test/Bituminous_Leaf/Bituminous_Leaf00070.jpg,Bituminous_Leaf,Bituminous_Leaf,Correct,1.000000
datasets/train/Felt_Leaf/Felt_Leaf00138.jpg,Felt_Leaf,Felt_Leaf,Correct,0.985831
datasets/test/Leaf_Gall/Leaf_Gall00452.jpg,Leaf_Gall,Leaf_Gall,Correct,0.999518
datasets/test/Curl_Leaf/Curl_Leaf00132.jpg,Curl_Leaf,Curl_Leaf,Correct,1.000000
datasets/train/Leaf_Blight/Leaf_Blight00280.jpg,Leaf_Blight,Leaf_Blight,Correct,0.999999
datasets/test/Healthy_Leaf/Healthy_Leaf00559.jpg,Healthy_Leaf,Healthy_Leaf,Correct,0.999999
datasets/test/Fungal_Leaf_Spot/Fungal_Leaf_Spot00140.jpg,Fungal_Leaf_Spot,Fungal_Leaf_Spot,Correct,1.000000
datasets/train/Fungal_Leaf_Spot/Fungal_Leaf_Spot00019.jpg,Fungal_Leaf_Spot,Fungal_Leaf_Spot,Correct,0.999925
datasets/test/Leaf_Blight/Leaf_Blight00192.jpg,Leaf_Blight,Leaf_Blight,Correct,0.999991
datasets/test/Leaf_Blight/Leaf_Blight00489.jpg,Leaf_Blight,Leaf_Blight,Correct,0.999996
datasets/train/Felt_Leaf/Felt_Leaf00040.jpg,Felt_Leaf,Felt_Leaf,Correct,0.999998
datasets/test/Leaf_Gall/Leaf_Gall00210.jpg,Leaf_Gall,Leaf_Gall,Correct,1.000000
datasets/test/Leaf_Gall/Leaf_Gall00300.jpg,Leaf_Gall,Leaf_Gall,Correct,1.000000
datasets/test/Healthy_Leaf/Healthy_Leaf00111.jpg,Healthy_Leaf,Healthy_Leaf,Correct,1.000000
datasets/test/Deficiency_Leaf/Deficiency_Leaf00029.jpg,Deficiency_Leaf,Deficiency_Leaf,Correct,0.999939
datasets/test/Fungal_Leaf_Spot/Fungal_Leaf_Spot00445.jpg,Fungal_Leaf_Spot,Fungal_Leaf_Spot,Correct,0.999999
datasets/test/Leaf_Blight/Leaf_Blight00540.jpg,Leaf_Blight,Leaf_Blight,Correct,1.000000
datasets/test/Leaf_Gall/Leaf_Gall00084.jpg,Leaf_Gall,Leaf_Gall,Correct,1.000000
datasets/test/Felt_Leaf/Felt_Leaf00016.jpg,Felt_Leaf,Felt_Leaf,Correct,0.999653
datasets/train/Felt_Leaf/Felt_Leaf00078.jpg,Felt_Leaf,Felt_Leaf,Correct,0.995957
datasets/test/Felt_Leaf/Felt_Leaf00360.jpg,Felt_Leaf,Felt_Leaf,Correct,1.000000
datasets/test/Fungal_Leaf_Spot/Fungal_Leaf_Spot00190.jpg,Fungal_Leaf_Spot,Fungal_Leaf_Spot,Correct,1.000000
datasets/test/Dry_Leaf/Dry_Leaf00023.jpg,Dry_Leaf,Dry_Leaf,Correct,1.000000
datasets/train/Fungal_Leaf_Spot/Fungal_Leaf_Spot00351.jpg,Fungal_Leaf_Spot,Fungal_Leaf_Spot,Correct,1.000000
datasets/test/Bituminous_Leaf/Bituminous_Leaf00040.jpg,Bituminous_Leaf,Bituminous_Leaf,Correct,1.000000
datasets/test/Dry_Leaf/Dry_Leaf00237.jpg,Dry_Leaf,Dry_Leaf,Correct,1.000000
datasets/test/Leaf_Blight/Leaf_Blight00232.jpg,Leaf_Blight,Leaf_Blight,Correct,0.999401
datasets/test/Leaf_Blight/Leaf_Blight00229.jpg,Leaf_Blight,Leaf_Blight,Correct,0.999992
datasets/test/Fungal_Leaf_Spot/Fungal_Leaf_Spot00222.jpg,Fungal_Leaf_Spot,Fungal_Leaf_Spot,Correct,1.000000
datasets/test/Dry_Leaf/Dry_Leaf00310.jpg,Dry_Leaf,Dry_Leaf,Correct,1.000000
datasets/test/Leaf_Blight/Leaf_Blight00023.jpg,Leaf_Blight,Leaf_Blight,Correct,0.999991
datasets/test/Felt_Leaf/Felt_Leaf00163.jpg,Felt_Leaf,Felt_Leaf,Correct,0.995889
datasets/test/Healthy_Leaf/Healthy_Leaf00091.jpg,Healthy_Leaf,Healthy_Leaf,Correct,1.000000
datasets/train/Leaf_Blight/Leaf_Blight00325.jpg,Leaf_Blight,Leaf_Blight,Correct,1.000000
datasets/train/Leaf_Gall/Leaf_Gall00621.jpg,Leaf_Gall,Fungal_Leaf_Spot,Incorrect,0.897297
datasets/test/Leaf_Blight/Leaf_Blight00351.jpg,Leaf_Blight,Leaf_Blight,Correct,0.996657
datasets/train/Healthy_Leaf/Healthy_Leaf00207.jpg,Healthy_Leaf,Healthy_Leaf,Correct,1.000000
datasets/test/Leaf_Gall/Leaf_Gall00020.jpg,Leaf_Gall,Leaf_Gall,Correct,1.000000
datasets/test/Dry_Leaf/Dry_Leaf00134.jpg,Dry_Leaf,Dry_Leaf,Correct,1.000000
datasets/test/Deficiency_Leaf/Deficiency_Leaf00075.jpg,Deficiency_Leaf,Deficiency_Leaf,Correct,0.998206
datasets/test/Leaf_Blight/Leaf_Blight00285.jpg,Leaf_Blight,Leaf_Blight,Correct,0.999996
datasets/train/Bituminous_Leaf/Bituminous_Leaf00007.jpg,Bituminous_Leaf,Bituminous_Leaf,Correct,0.982450
datasets/train/Deficiency_Leaf/Deficiency_Leaf00063.jpg,Deficiency_Leaf,Deficiency_Leaf,Correct,0.999041
datasets/test/Dry_Leaf/Dry_Leaf00034.jpg,Dry_Leaf,Dry_Leaf,Correct,0.999998
datasets/test/Healthy_Leaf/Healthy_Leaf00277.jpg,Healthy_Leaf,Healthy_Leaf,Correct,0.999993
datasets/train/Leaf_Blight/Leaf_Blight00591.jpg,Leaf_Blight,Leaf_Blight,Correct,0.999705
datasets/test/Leaf_Gall/Leaf_Gall00126.jpg,Leaf_Gall,Leaf_Gall,Correct,0.999999
datasets/train/Leaf_Blight/Leaf_Blight00114.jpg,Leaf_Blight,Leaf_Blight,Correct,0.999999
datasets/train/Healthy_Leaf/Healthy_Leaf00390.jpg,Healthy_Leaf,Healthy_Leaf,Correct,1.000000
datasets/test/Leaf_Gall/Leaf_Gall00533.jpg,Leaf_Gall,Leaf_Gall,Correct,0.999982
datasets/test/Fungal_Leaf_Spot/Fungal_Leaf_Spot00307.jpg,Fungal_Leaf_Spot,Fungal_Leaf_Spot,Correct,0.999998
datasets/train/Leaf_Gall/Leaf_Gall00043.jpg,Leaf_Gall,Leaf_Gall,Correct,0.999870
datasets/test/Fungal_Leaf_Spot/Fungal_Leaf_Spot00381.jpg,Fungal_Leaf_Spot,Fungal_Leaf_Spot,Correct,0.997104
datasets/test/Fungal_Leaf_Spot/Fungal_Leaf_Spot00292.jpg,Fungal_Leaf_Spot,Fungal_Leaf_Spot,Correct,1.000000
datasets/test/Leaf_Blight/Leaf_Blight00283.jpg,Leaf_Blight,Leaf_Blight,Correct,1.000000
datasets/train/Healthy_Leaf/Healthy_Leaf00201.jpg,Healthy_Leaf,Healthy_Leaf,Correct,0.999954
datasets/test/Leaf_Blight/Leaf_Blight00458.jpg,Leaf_Blight,Leaf_Blight,Correct,0.999967
datasets/test/Felt_Leaf/Felt_Leaf00089.jpg,Felt_Leaf,Felt_Leaf,Correct,0.994941
datasets/test/Healthy_Leaf/Healthy_Leaf00012.jpg,Healthy_Leaf,Healthy_Leaf,Correct,0.999999
datasets/test/Felt_Leaf/Felt_Leaf00037.jpg,Felt_Leaf,Felt_Leaf,Correct,1.000000
datasets/train/Leaf_Gall/Leaf_Gall00516.jpg,Leaf_Gall,Leaf_Gall,Correct,0.999828
datasets/test/Leaf_Gall/Leaf_Gall00395.jpg,Leaf_Gall,Leaf_Gall,Correct,0.992865
datasets/train/Curl_Leaf/Curl_Leaf00111.jpg,Curl_Leaf,Curl_Leaf,Correct,1.000000
datasets/train/Leaf_Blight/Leaf_Blight00341.jpg,Leaf_Blight,Leaf_Blight,Correct,0.999990
datasets/train/Leaf_Blight/Leaf_Blight00381.jpg,Leaf_Blight,Leaf_Blight,Correct,0.999993
datasets/test/Healthy_Leaf/Healthy_Leaf00336.jpg,Healthy_Leaf,Healthy_Leaf,Correct,0.999999
datasets/test/Felt_Leaf/Felt_Leaf00279.jpg,Felt_Leaf,Felt_Leaf,Correct,0.994435
datasets/train/Dry_Leaf/Dry_Leaf00007.jpg,Dry_Leaf,Dry_Leaf,Correct,0.999996
datasets/test/Felt_Leaf/Felt_Leaf00199.jpg,Felt_Leaf,Felt_Leaf,Correct,0.999918
datasets/train/Felt_Leaf/Felt_Leaf00115.jpg,Felt_Leaf,Felt_Leaf,Correct,0.999924
datasets/train/Leaf_Blight/Leaf_Blight00173.jpg,Leaf_Blight,Leaf_Blight,Correct,0.999995
datasets/train/Curl_Leaf/Curl_Leaf00026.jpg,Curl_Leaf,Curl_Leaf,Correct,1.000000
datasets/test/Fungal_Leaf_Spot/Fungal_Leaf_Spot00283.jpg,Fungal_Leaf_Spot,Fungal_Leaf_Spot,Correct,1.000000
datasets/train/Healthy_Leaf/Healthy_Leaf00519.jpg,Healthy_Leaf,Healthy_Leaf,Correct,0.999147
datasets/test/Leaf_Blight/Leaf_Blight00083.jpg,Leaf_Blight,Leaf_Blight,Correct,0.999994
datasets/train/Bituminous_Leaf/Bituminous_Leaf00044.jpg,Bituminous_Leaf,Bituminous_Leaf,Correct,0.999994
datasets/test/Curl_Leaf/Curl_Leaf00124.jpg,Curl_Leaf,Curl_Leaf,Correct,0.999996
datasets/test/Healthy_Leaf/Healthy_Leaf00404.jpg,Healthy_Leaf,Healthy_Leaf,Correct,1.000000
datasets/train/Leaf_Gall/Leaf_Gall00419.jpg,Leaf_Gall,Leaf_Gall,Correct,0.996733
datasets/test/Leaf_Gall/Leaf_Gall00513.jpg,Leaf_Gall,Leaf_Gall,Correct,1.000000
datasets/train/Fungal_Leaf_Spot/Fungal_Leaf_Spot00282.jpg,Fungal_Leaf_Spot,Fungal_Leaf_Spot,Correct,1.000000
datasets/train/Healthy_Leaf/Healthy_Leaf00511.jpg,Healthy_Leaf,Healthy_Leaf,Correct,0.999978
datasets/train/Fungal_Leaf_Spot/Fungal_Leaf_Spot00133.jpg,Fungal_Leaf_Spot,Fungal_Leaf_Spot,Correct,1.000000
datasets/test/Fungal_Leaf_Spot/Fungal_Leaf_Spot00378.jpg,Fungal_Leaf_Spot,Fungal_Leaf_Spot,Correct,1.000000
datasets/train/Dry_Leaf/Dry_Leaf00087.jpg,Dry_Leaf,Dry_Leaf,Correct,0.999629
datasets/test/Curl_Leaf/Curl_Leaf00131.jpg,Curl_Leaf,Curl_Leaf,Correct,1.000000
datasets/train/Healthy_Leaf/Healthy_Leaf00023.jpg,Healthy_Leaf,Healthy_Leaf,Correct,1.000000
datasets/train/Felt_Leaf/Felt_Leaf00090.jpg,Felt_Leaf,Felt_Leaf,Correct,0.990047
datasets/test/Leaf_Blight/Leaf_Blight00320.jpg,Leaf_Blight,Leaf_Blight,Correct,0.999999
datasets/train/Fungal_Leaf_Spot/Fungal_Leaf_Spot00412.jpg,Fungal_Leaf_Spot,Fungal_Leaf_Spot,Correct,1.000000
datasets/train/Anthrax_Leaf/Anthrax_Leaf00084.jpg,Anthrax_Leaf,Anthrax_Leaf,Correct,0.999994
datasets/train/Felt_Leaf/Felt_Leaf00021.jpg,Felt_Leaf,Felt_Leaf,Correct,0.999985
datasets/test/Healthy_Leaf/Healthy_Leaf00436.jpg,Healthy_Leaf,Healthy_Leaf,Correct,0.999999
datasets/test/Leaf_Blight/Leaf_Blight00195.jpg,Leaf_Blight,Leaf_Blight,Correct,0.999955
datasets/test/Dry_Leaf/Dry_Leaf00143.jpg,Dry_Leaf,Dry_Leaf,Correct,1.000000
datasets/train/Bituminous_Leaf/Bituminous_Leaf00015.jpg,Bituminous_Leaf,Bituminous_Leaf,Correct,0.678457
datasets/test/Anthrax_Leaf/Anthrax_Leaf00019.jpg,Anthrax_Leaf,Curl_Leaf,Incorrect,0.989921
datasets/train/Felt_Leaf/Felt_Leaf00292.jpg,Felt_Leaf,Felt_Leaf,Correct,0.999990
datasets/test/Leaf_Gall/Leaf_Gall00485.jpg,Leaf_Gall,Leaf_Gall,Correct,1.000000
datasets/test/Leaf_Blight/Leaf_Blight00030.jpg,Leaf_Blight,Leaf_Blight,Correct,1.000000
datasets/train/Leaf_Gall/Leaf_Gall00495.jpg,Leaf_Gall,Leaf_Gall,Correct,1.000000
datasets/test/Fungal_Leaf_Spot/Fungal_Leaf_Spot00169.jpg,Fungal_Leaf_Spot,Fungal_Leaf_Spot,Correct,0.999997
datasets/test/Felt_Leaf/Felt_Leaf00294.jpg,Felt_Leaf,Felt_Leaf,Correct,0.999994
datasets/test/Leaf_Blight/Leaf_Blight00382.jpg,Leaf_Blight,Leaf_Blight,Correct,1.000000
datasets/train/Leaf_Blight/Leaf_Blight00044.jpg,Leaf_Blight,Leaf_Blight,Correct,0.996561
datasets/test/Fungal_Leaf_Spot/Fungal_Leaf_Spot00125.jpg,Fungal_Leaf_Spot,Fungal_Leaf_Spot,Correct,0.999978
datasets/test/Dry_Leaf/Dry_Leaf00282.jpg,Dry_Leaf,Dry_Leaf,Correct,1.000000
datasets/test/Fungal_Leaf_Spot/Fungal_Leaf_Spot00455.jpg,Fungal_Leaf_Spot,Fungal_Leaf_Spot,Correct,0.958165
datasets/test/Healthy_Leaf/Healthy_Leaf00078.jpg,Healthy_Leaf,Healthy_Leaf,Correct,1.000000
datasets/train/Dry_Leaf/Dry_Leaf00101.jpg,Dry_Leaf,Dry_Leaf,Correct,0.999064
datasets/train/Anthrax_Leaf/Anthrax_Leaf00121.jpg,Anthrax_Leaf,Anthrax_Leaf,Correct,0.999942
datasets/test/Deficiency_Leaf/Deficiency_Leaf00038.jpg,Deficiency_Leaf,Deficiency_Leaf,Correct,0.997443
datasets/train/Dry_Leaf/Dry_Leaf00080.jpg,Dry_Leaf,Dry_Leaf,Correct,1.000000
datasets/test/Felt_Leaf/Felt_Leaf00082.jpg,Felt_Leaf,Felt_Leaf,Correct,0.999982
datasets/train/Leaf_Gall/Leaf_Gall00417.jpg,Leaf_Gall,Leaf_Gall,Correct,0.998776
datasets/train/Bituminous_Leaf/Bituminous_Leaf00058.jpg,Bituminous_Leaf,Bituminous_Leaf,Correct,0.999999
datasets/test/Leaf_Gall/Leaf_Gall00146.jpg,Leaf_Gall,Leaf_Gall,Correct,0.780230
datasets/test/Felt_Leaf/Felt_Leaf00232.jpg,Felt_Leaf,Felt_Leaf,Correct,0.997787
datasets/train/Fungal_Leaf_Spot/Fungal_Leaf_Spot00458.jpg,Fungal_Leaf_Spot,Fungal_Leaf_Spot,Correct,0.996881
datasets/test/Healthy_Leaf/Healthy_Leaf00275.jpg,Healthy_Leaf,Healthy_Leaf,Correct,0.999991
datasets/test/Felt_Leaf/Felt_Leaf00005.jpg,Felt_Leaf,Felt_Leaf,Correct,0.999766
datasets/test/Healthy_Leaf/Healthy_Leaf00530.jpg,Healthy_Leaf,Healthy_Leaf,Correct,1.000000
datasets/train/Dry_Leaf/Dry_Leaf00352.jpg,Dry_Leaf,Dry_Leaf,Correct,1.000000
datasets/test/Curl_Leaf/Curl_Leaf00146.jpg,Curl_Leaf,Curl_Leaf,Correct,0.999861
datasets/train/Dry_Leaf/Dry_Leaf00189.jpg,Dry_Leaf,Dry_Leaf,Correct,0.999999
datasets/test/Bituminous_Leaf/Bituminous_Leaf00038.jpg,Bituminous_Leaf,Bituminous_Leaf,Correct,1.000000
datasets/train/Healthy_Leaf/Healthy_Leaf00490.jpg,Healthy_Leaf,Healthy_Leaf,Correct,0.999979
datasets/test/Leaf_Blight/Leaf_Blight00557.jpg,Leaf_Blight,Leaf_Blight,Correct,1.000000
datasets/test/Dry_Leaf/Dry_Leaf00318.jpg,Dry_Leaf,Dry_Leaf,Correct,1.000000
datasets/train/Fungal_Leaf_Spot/Fungal_Leaf_Spot00336.jpg,Fungal_Leaf_Spot,Fungal_Leaf_Spot,Correct,1.000000
datasets/test/Leaf_Gall/Leaf_Gall00102.jpg,Leaf_Gall,Leaf_Gall,Correct,1.000000
datasets/test/Felt_Leaf/Felt_Leaf00187.jpg,Felt_Leaf,Felt_Leaf,Correct,0.999999
datasets/train/Felt_Leaf/Felt_Leaf00332.jpg,Felt_Leaf,Felt_Leaf,Correct,0.989813
datasets/test/Felt_Leaf/Felt_Leaf00341.jpg,Felt_Leaf,Felt_Leaf,Correct,0.999505
datasets/test/Dry_Leaf/Dry_Leaf00342.jpg,Dry_Leaf,Dry_Leaf,Correct,1.000000
datasets/test/Leaf_Blight/Leaf_Blight00169.jpg,Leaf_Blight,Leaf_Blight,Correct,0.999983
datasets/train/Leaf_Blight/Leaf_Blight00435.jpg,Leaf_Blight,Leaf_Blight,Correct,1.000000
datasets/test/Felt_Leaf/Felt_Leaf00287.jpg,Felt_Leaf,Felt_Leaf,Correct,0.941175
datasets/train/Leaf_Gall/Leaf_Gall00094.jpg,Leaf_Gall,Leaf_Gall,Correct,1.000000
datasets/test/Leaf_Gall/Leaf_Gall00139.jpg,Leaf_Gall,Leaf_Gall,Correct,1.000000
datasets/test/Fungal_Leaf_Spot/Fungal_Leaf_Spot00253.jpg,Fungal_Leaf_Spot,Fungal_Leaf_Spot,Correct,1.000000
datasets/test/Leaf_Blight/Leaf_Blight00111.jpg,Leaf_Blight,Leaf_Blight,Correct,0.999945
datasets/train/Dry_Leaf/Dry_Leaf00188.jpg,Dry_Leaf,Dry_Leaf,Correct,1.000000
datasets/test/Leaf_Gall/Leaf_Gall00236.jpg,Leaf_Gall,Leaf_Gall,Correct,1.000000
datasets/train/Deficiency_Leaf/Deficiency_Leaf00090.jpg,Deficiency_Leaf,Deficiency_Leaf,Correct,0.934300
datasets/train/Healthy_Leaf/Healthy_Leaf00597.jpg,Healthy_Leaf,Healthy_Leaf,Correct,1.000000
datasets/test/Healthy_Leaf/Healthy_Leaf00554.jpg,Healthy_Leaf,Healthy_Leaf,Correct,1.000000
datasets/test/Fungal_Leaf_Spot/Fungal_Leaf_Spot00043.jpg,Fungal_Leaf_Spot,Fungal_Leaf_Spot,Correct,1.000000
datasets/train/Healthy_Leaf/Healthy_Leaf00244.jpg,Healthy_Leaf,Healthy_Leaf,Correct,1.000000
