image_path,true_label,predicted_label,status,confidence
datasets/test/Leaf_Gall/Leaf_Gall00222.jpg,Leaf_Gall,Leaf_Gall,Correct,0.984438
datasets/test/Healthy_Leaf/Healthy_Leaf00477.jpg,Healthy_Leaf,Leaf_Blight,Incorrect,0.442514
datasets/test/Healthy_Leaf/Healthy_Leaf00075.jpg,Healthy_Leaf,Healthy_Leaf,Correct,0.885524
datasets/test/Fungal_Leaf_Spot/Fungal_Leaf_Spot00210.jpg,Fungal_Leaf_Spot,Fungal_Leaf_Spot,Correct,0.719348
datasets/test/Healthy_Leaf/Healthy_Leaf00246.jpg,Healthy_Leaf,Healthy_Leaf,Correct,0.837455
datasets/test/Leaf_Blight/Leaf_Blight00560.jpg,Leaf_Blight,Felt_Leaf,Incorrect,0.557949
datasets/train/Dry_Leaf/Dry_Leaf00038.jpg,Dry_Leaf,Dry_Leaf,Correct,0.683031
datasets/train/Leaf_Blight/Leaf_Blight00465.jpg,Leaf_Blight,Leaf_Blight,Correct,0.871833
datasets/train/Felt_Leaf/Felt_Leaf00033.jpg,Felt_Leaf,Felt_Leaf,Correct,0.565285
datasets/train/Leaf_Blight/Leaf_Blight00464.jpg,Leaf_Blight,Leaf_Blight,Correct,0.585385
datasets/train/Leaf_Gall/Leaf_Gall00469.jpg,Leaf_Gall,Leaf_Gall,Correct,0.927215
datasets/test/Dry_Leaf/Dry_Leaf00091.jpg,Dry_Leaf,Dry_Leaf,Correct,0.991545
datasets/test/Healthy_Leaf/Healthy_Leaf00211.jpg,Healthy_Leaf,Healthy_Leaf,Correct,0.967857
datasets/train/Healthy_Leaf/Healthy_Leaf00502.jpg,Healthy_Leaf,Healthy_Leaf,Correct,0.637240
datasets/test/Anthrax_Leaf/Anthrax_Leaf00082.jpg,Anthrax_Leaf,Healthy_Leaf,Incorrect,0.633484
datasets/test/Healthy_Leaf/Healthy_Leaf00283.jpg,Healthy_Leaf,Healthy_Leaf,Correct,0.933937
datasets/test/Fungal_Leaf_Spot/Fungal_Leaf_Spot00304.jpg,Fungal_Leaf_Spot,Fungal_Leaf_Spot,Correct,0.777949
datasets/train/Leaf_Blight/Leaf_Blight00114.jpg,Leaf_Blight,Leaf_Blight,Correct,0.852489
datasets/test/Leaf_Gall/Leaf_Gall00347.jpg,Leaf_Gall,Leaf_Gall,Correct,0.432954
datasets/test/Leaf_Gall/Leaf_Gall00288.jpg,Leaf_Gall,Leaf_Gall,Correct,0.719862
datasets/train/Leaf_Gall/Leaf_Gall00157.jpg,Leaf_Gall,Leaf_Blight,Incorrect,0.392796
datasets/test/Healthy_Leaf/Healthy_Leaf00439.jpg,Healthy_Leaf,Healthy_Leaf,Correct,0.985750
datasets/test/Curl_Leaf/Curl_Leaf00132.jpg,Curl_Leaf,Leaf_Gall,Incorrect,0.339740
datasets/test/Fungal_Leaf_Spot/Fungal_Leaf_Spot00309.jpg,Fungal_Leaf_Spot,Fungal_Leaf_Spot,Correct,0.579671
datasets/test/Healthy_Leaf/Healthy_Leaf00474.jpg,Healthy_Leaf,Healthy_Leaf,Correct,0.892558
datasets/train/Leaf_Blight/Leaf_Blight00422.jpg,Leaf_Blight,Leaf_Gall,Incorrect,0.382536
datasets/test/Leaf_Blight/Leaf_Blight00463.jpg,Leaf_Blight,Leaf_Blight,Correct,0.363268
datasets/train/Healthy_Leaf/Healthy_Leaf00459.jpg,Healthy_Leaf,Healthy_Leaf,Correct,0.788541
datasets/test/Fungal_Leaf_Spot/Fungal_Leaf_Spot00073.jpg,Fungal_Leaf_Spot,Fungal_Leaf_Spot,Correct,0.488285
datasets/train/Deficiency_Leaf/Deficiency_Leaf00102.jpg,Deficiency_Leaf,Anthrax_Leaf,Incorrect,0.609455
datasets/test/Leaf_Gall/Leaf_Gall00615.jpg,Leaf_Gall,Leaf_Gall,Correct,0.291063
datasets/test/Dry_Leaf/Dry_Leaf00322.jpg,Dry_Leaf,Dry_Leaf,Correct,0.888489
datasets/test/Healthy_Leaf/Healthy_Leaf00437.jpg,Healthy_Leaf,Healthy_Leaf,Correct,0.957273
datasets/test/Dry_Leaf/Dry_Leaf00273.jpg,Dry_Leaf,Dry_Leaf,Correct,0.667585
datasets/test/Leaf_Blight/Leaf_Blight00210.jpg,Leaf_Blight,Leaf_Blight,Correct,0.896652
datasets/train/Fungal_Leaf_Spot/Fungal_Leaf_Spot00108.jpg,Fungal_Leaf_Spot,Fungal_Leaf_Spot,Correct,0.589306
datasets/train/Fungal_Leaf_Spot/Fungal_Leaf_Spot00524.jpg,Fungal_Leaf_Spot,Fungal_Leaf_Spot,Correct,0.634889
datasets/train/Fungal_Leaf_Spot/Fungal_Leaf_Spot00267.jpg,Fungal_Leaf_Spot,Fungal_Leaf_Spot,Correct,0.600779
datasets/test/Felt_Leaf/Felt_Leaf00173.jpg,Felt_Leaf,Felt_Leaf,Correct,0.617971
datasets/test/Healthy_Leaf/Healthy_Leaf00584.jpg,Healthy_Leaf,Dry_Leaf,Incorrect,0.349727
datasets/train/Fungal_Leaf_Spot/Fungal_Leaf_Spot00350.jpg,Fungal_Leaf_Spot,Fungal_Leaf_Spot,Correct,0.407258
datasets/test/Healthy_Leaf/Healthy_Leaf00448.jpg,Healthy_Leaf,Healthy_Leaf,Correct,0.998666
datasets/test/Dry_Leaf/Dry_Leaf00016.jpg,Dry_Leaf,Dry_Leaf,Correct,0.961246
datasets/train/Felt_Leaf/Felt_Leaf00181.jpg,Felt_Leaf,Felt_Leaf,Correct,0.938483
datasets/train/Deficiency_Leaf/Deficiency_Leaf00024.jpg,Deficiency_Leaf,Healthy_Leaf,Incorrect,0.703722
datasets/train/Felt_Leaf/Felt_Leaf00039.jpg,Felt_Leaf,Felt_Leaf,Correct,0.681797
datasets/test/Leaf_Blight/Leaf_Blight00058.jpg,Leaf_Blight,Leaf_Blight,Correct,0.550912
datasets/test/Anthrax_Leaf/Anthrax_Leaf00025.jpg,Anthrax_Leaf,Anthrax_Leaf,Correct,0.562814
datasets/test/Leaf_Blight/Leaf_Blight00289.jpg,Leaf_Blight,Healthy_Leaf,Incorrect,0.276783
datasets/train/Leaf_Blight/Leaf_Blight00004.jpg,Leaf_Blight,Leaf_Blight,Correct,0.909222
datasets/train/Healthy_Leaf/Healthy_Leaf00379.jpg,Healthy_Leaf,Healthy_Leaf,Correct,0.906896
datasets/train/Leaf_Blight/Leaf_Blight00591.jpg,Leaf_Blight,Healthy_Leaf,Incorrect,0.749409
datasets/test/Healthy_Leaf/Healthy_Leaf00304.jpg,Healthy_Leaf,Healthy_Leaf,Correct,0.498021
datasets/test/Leaf_Blight/Leaf_Blight00154.jpg,Leaf_Blight,Leaf_Blight,Correct,0.744305
datasets/train/Felt_Leaf/Felt_Leaf00211.jpg,Felt_Leaf,Felt_Leaf,Correct,0.508168
datasets/test/Fungal_Leaf_Spot/Fungal_Leaf_Spot00004.jpg,Fungal_Leaf_Spot,Fungal_Leaf_Spot,Correct,0.936009
datasets/test/Leaf_Blight/Leaf_Blight00103.jpg,Leaf_Blight,Leaf_Blight,Correct,0.450273
datasets/test/Bituminous_Leaf/Bituminous_Leaf00011.jpg,Bituminous_Leaf,Bituminous_Leaf,Correct,0.850657
datasets/train/Healthy_Leaf/Healthy_Leaf00234.jpg,Healthy_Leaf,Healthy_Leaf,Correct,0.893880
datasets/test/Felt_Leaf/Felt_Leaf00318.jpg,Felt_Leaf,Leaf_Blight,Incorrect,0.560150
datasets/train/Fungal_Leaf_Spot/Fungal_Leaf_Spot00019.jpg,Fungal_Leaf_Spot,Leaf_Gall,Incorrect,0.287884
datasets/test/Curl_Leaf/Curl_Leaf00149.jpg,Curl_Leaf,Leaf_Gall,Incorrect,0.753005
datasets/test/Anthrax_Leaf/Anthrax_Leaf00139.jpg,Anthrax_Leaf,Anthrax_Leaf,Correct,0.969535
datasets/test/Healthy_Leaf/Healthy_Leaf00286.jpg,Healthy_Leaf,Healthy_Leaf,Correct,0.626877
datasets/train/Curl_Leaf/Curl_Leaf00004.jpg,Curl_Leaf,Curl_Leaf,Correct,0.792051
datasets/train/Healthy_Leaf/Healthy_Leaf00221.jpg,Healthy_Leaf,Healthy_Leaf,Correct,0.631925
datasets/train/Fungal_Leaf_Spot/Fungal_Leaf_Spot00018.jpg,Fungal_Leaf_Spot,Fungal_Leaf_Spot,Correct,0.878991
datasets/test/Dry_Leaf/Dry_Leaf00127.jpg,Dry_Leaf,Dry_Leaf,Correct,0.974962
datasets/train/Curl_Leaf/Curl_Leaf00021.jpg,Curl_Leaf,Curl_Leaf,Correct,0.553356
datasets/test/Deficiency_Leaf/Deficiency_Leaf00068.jpg,Deficiency_Leaf,Healthy_Leaf,Incorrect,0.304389
datasets/train/Fungal_Leaf_Spot/Fungal_Leaf_Spot00408.jpg,Fungal_Leaf_Spot,Fungal_Leaf_Spot,Correct,0.572582
datasets/test/Leaf_Gall/Leaf_Gall00479.jpg,Leaf_Gall,Leaf_Gall,Correct,0.465907
datasets/test/Healthy_Leaf/Healthy_Leaf00018.jpg,Healthy_Leaf,Dry_Leaf,Incorrect,0.687048
datasets/train/Bituminous_Leaf/Bituminous_Leaf00098.jpg,Bituminous_Leaf,Healthy_Leaf,Incorrect,0.708880
datasets/test/Healthy_Leaf/Healthy_Leaf00010.jpg,Healthy_Leaf,Healthy_Leaf,Correct,0.744872
datasets/train/Dry_Leaf/Dry_Leaf00012.jpg,Dry_Leaf,Dry_Leaf,Correct,0.960527
datasets/test/Leaf_Gall/Leaf_Gall00596.jpg,Leaf_Gall,Fungal_Leaf_Spot,Incorrect,0.413152
datasets/test/Healthy_Leaf/Healthy_Leaf00351.jpg,Healthy_Leaf,Healthy_Leaf,Correct,0.984571
datasets/test/Leaf_Blight/Leaf_Blight00128.jpg,Leaf_Blight,Leaf_Blight,Correct,0.953928
datasets/test/Felt_Leaf/Felt_Leaf00163.jpg,Felt_Leaf,Felt_Leaf,Correct,0.358079
datasets/test/Fungal_Leaf_Spot/Fungal_Leaf_Spot00353.jpg,Fungal_Leaf_Spot,Felt_Leaf,Incorrect,0.338919
datasets/train/Bituminous_Leaf/Bituminous_Leaf00058.jpg,Bituminous_Leaf,Bituminous_Leaf,Correct,0.313546
datasets/train/Leaf_Gall/Leaf_Gall00314.jpg,Leaf_Gall,Leaf_Gall,Correct,0.670768
datasets/train/Leaf_Blight/Leaf_Blight00090.jpg,Leaf_Blight,Leaf_Gall,Incorrect,0.334831
datasets/test/Fungal_Leaf_Spot/Fungal_Leaf_Spot00521.jpg,Fungal_Leaf_Spot,Fungal_Leaf_Spot,Correct,0.716469
datasets/test/Healthy_Leaf/Healthy_Leaf00153.jpg,Healthy_Leaf,Healthy_Leaf,Correct,0.965536
datasets/test/Leaf_Gall/Leaf_Gall00158.jpg,Leaf_Gall,Leaf_Gall,Correct,0.802233
datasets/test/Leaf_Gall/Leaf_Gall00155.jpg,Leaf_Gall,Dry_Leaf,Incorrect,0.503256
datasets/train/Fungal_Leaf_Spot/Fungal_Leaf_Spot00341.jpg,Fungal_Leaf_Spot,Healthy_Leaf,Incorrect,0.231730
datasets/test/Felt_Leaf/Felt_Leaf00204.jpg,Felt_Leaf,Deficiency_Leaf,Incorrect,0.217037
datasets/test/Leaf_Blight/Leaf_Blight00583.jpg,Leaf_Blight,Felt_Leaf,Incorrect,0.625024
datasets/train/Leaf_Gall/Leaf_Gall00594.jpg,Leaf_Gall,Leaf_Blight,Incorrect,0.458006
datasets/test/Healthy_Leaf/Healthy_Leaf00302.jpg,Healthy_Leaf,Healthy_Leaf,Correct,0.610637
datasets/test/Fungal_Leaf_Spot/Fungal_Leaf_Spot00406.jpg,Fungal_Leaf_Spot,Fungal_Leaf_Spot,Correct,0.546578
datasets/test/Leaf_Gall/Leaf_Gall00040.jpg,Leaf_Gall,Leaf_Gall,Correct,0.585848
datasets/test/Fungal_Leaf_Spot/Fungal_Leaf_Spot00246.jpg,Fungal_Leaf_Spot,Fungal_Leaf_Spot,Correct,0.682138
datasets/train/Leaf_Blight/Leaf_Blight00160.jpg,Leaf_Blight,Leaf_Blight,Correct,0.962123
datasets/test/Leaf_Gall/Leaf_Gall00551.jpg,Leaf_Gall,Leaf_Gall,Correct,0.670790
datasets/train/Fungal_Leaf_Spot/Fungal_Leaf_Spot00488.jpg,Fungal_Leaf_Spot,Fungal_Leaf_Spot,Correct,0.351698
datasets/train/Leaf_Gall/Leaf_Gall00478.jpg,Leaf_Gall,Leaf_Gall,Correct,0.367873
datasets/train/Bituminous_Leaf/Bituminous_Leaf00118.jpg,Bituminous_Leaf,Bituminous_Leaf,Correct,0.806908
datasets/train/Felt_Leaf/Felt_Leaf00170.jpg,Felt_Leaf,Fungal_Leaf_Spot,Incorrect,0.615717
datasets/train/Fungal_Leaf_Spot/Fungal_Leaf_Spot00390.jpg,Fungal_Leaf_Spot,Fungal_Leaf_Spot,Correct,0.256520
datasets/test/Fungal_Leaf_Spot/Fungal_Leaf_Spot00253.jpg,Fungal_Leaf_Spot,Fungal_Leaf_Spot,Correct,0.398395
datasets/test/Leaf_Gall/Leaf_Gall00041.jpg,Leaf_Gall,Leaf_Gall,Correct,0.285728
datasets/train/Leaf_Blight/Leaf_Blight00233.jpg,Leaf_Blight,Felt_Leaf,Incorrect,0.770061
datasets/train/Deficiency_Leaf/Deficiency_Leaf00063.jpg,Deficiency_Leaf,Curl_Leaf,Incorrect,0.418240
datasets/test/Leaf_Gall/Leaf_Gall00138.jpg,Leaf_Gall,Anthrax_Leaf,Incorrect,0.702612
datasets/train/Dry_Leaf/Dry_Leaf00251.jpg,Dry_Leaf,Dry_Leaf,Correct,0.822625
datasets/test/Healthy_Leaf/Healthy_Leaf00328.jpg,Healthy_Leaf,Healthy_Leaf,Correct,0.910969
datasets/train/Felt_Leaf/Felt_Leaf00343.jpg,Felt_Leaf,Leaf_Blight,Incorrect,0.495283
datasets/test/Leaf_Gall/Leaf_Gall00309.jpg,Leaf_Gall,Leaf_Gall,Correct,0.635177
datasets/train/Fungal_Leaf_Spot/Fungal_Leaf_Spot00282.jpg,Fungal_Leaf_Spot,Fungal_Leaf_Spot,Correct,0.932244
datasets/test/Leaf_Blight/Leaf_Blight00202.jpg,Leaf_Blight,Leaf_Blight,Correct,0.520229
datasets/train/Dry_Leaf/Dry_Leaf00363.jpg,Dry_Leaf,Leaf_Blight,Incorrect,0.321878
datasets/test/Leaf_Gall/Leaf_Gall00555.jpg,Leaf_Gall,Leaf_Gall,Correct,0.688260
datasets/test/Leaf_Gall/Leaf_Gall00461.jpg,Leaf_Gall,Leaf_Gall,Correct,0.273158
datasets/train/Bituminous_Leaf/Bituminous_Leaf00023.jpg,Bituminous_Leaf,Fungal_Leaf_Spot,Incorrect,0.475494
datasets/train/Felt_Leaf/Felt_Leaf00030.jpg,Felt_Leaf,Leaf_Gall,Incorrect,0.701506
datasets/test/Fungal_Leaf_Spot/Fungal_Leaf_Spot00388.jpg,Fungal_Leaf_Spot,Fungal_Leaf_Spot,Correct,0.696627
datasets/train/Fungal_Leaf_Spot/Fungal_Leaf_Spot00171.jpg,Fungal_Leaf_Spot,Dry_Leaf,Incorrect,0.686497
datasets/test/Fungal_Leaf_Spot/Fungal_Leaf_Spot00262.jpg,Fungal_Leaf_Spot,Fungal_Leaf_Spot,Correct,0.686934
datasets/train/Leaf_Gall/Leaf_Gall00066.jpg,Leaf_Gall,Leaf_Gall,Correct,0.579814
datasets/test/Leaf_Blight/Leaf_Blight00167.jpg,Leaf_Blight,Leaf_Blight,Correct,0.915168
datasets/train/Leaf_Gall/Leaf_Gall00303.jpg,Leaf_Gall,Leaf_Gall,Correct,0.460391
datasets/train/Dry_Leaf/Dry_Leaf00073.jpg,Dry_Leaf,Dry_Leaf,Correct,0.651579
datasets/train/Healthy_Leaf/Healthy_Leaf00147.jpg,Healthy_Leaf,Healthy_Leaf,Correct,0.578527
datasets/train/Dry_Leaf/Dry_Leaf00309.jpg,Dry_Leaf,Dry_Leaf,Correct,0.680476
datasets/test/Healthy_Leaf/Healthy_Leaf00144.jpg,Healthy_Leaf,Healthy_Leaf,Correct,0.998518
datasets/train/Healthy_Leaf/Healthy_Leaf00350.jpg,Healthy_Leaf,Healthy_Leaf,Correct,0.778739
datasets/train/Bituminous_Leaf/Bituminous_Leaf00078.jpg,Bituminous_Leaf,Bituminous_Leaf,Correct,0.742930
datasets/train/Healthy_Leaf/Healthy_Leaf00264.jpg,Healthy_Leaf,Healthy_Leaf,Correct,0.872827
datasets/train/Healthy_Leaf/Healthy_Leaf00114.jpg,Healthy_Leaf,Healthy_Leaf,Correct,0.979313
datasets/train/Deficiency_Leaf/Deficiency_Leaf00013.jpg,Deficiency_Leaf,Deficiency_Leaf,Correct,0.380282
datasets/test/Leaf_Gall/Leaf_Gall00504.jpg,Leaf_Gall,Leaf_Blight,Incorrect,0.346084
datasets/train/Leaf_Blight/Leaf_Blight00219.jpg,Leaf_Blight,Leaf_Blight,Correct,0.841411
datasets/train/Leaf_Blight/Leaf_Blight00366.jpg,Leaf_Blight,Leaf_Blight,Correct,0.693678
datasets/test/Leaf_Gall/Leaf_Gall00089.jpg,Leaf_Gall,Leaf_Gall,Correct,0.808359
datasets/train/Dry_Leaf/Dry_Leaf00097.jpg,Dry_Leaf,Fungal_Leaf_Spot,Incorrect,0.396611
datasets/train/Fungal_Leaf_Spot/Fungal_Leaf_Spot00469.jpg,Fungal_Leaf_Spot,Fungal_Leaf_Spot,Correct,0.519436
datasets/train/Curl_Leaf/Curl_Leaf00018.jpg,Curl_Leaf,Felt_Leaf,Incorrect,0.633536
datasets/test/Bituminous_Leaf/Bituminous_Leaf00028.jpg,Bituminous_Leaf,Bituminous_Leaf,Correct,0.817761
datasets/test/Leaf_Gall/Leaf_Gall00292.jpg,Leaf_Gall,Leaf_Blight,Incorrect,0.611668
datasets/test/Healthy_Leaf/Healthy_Leaf00070.jpg,Healthy_Leaf,Dry_Leaf,Incorrect,0.514962
datasets/test/Leaf_Gall/Leaf_Gall00069.jpg,Leaf_Gall,Felt_Leaf,Incorrect,0.329371
datasets/train/Dry_Leaf/Dry_Leaf00295.jpg,Dry_Leaf,Dry_Leaf,Correct,0.930988
datasets/test/Healthy_Leaf/Healthy_Leaf00573.jpg,Healthy_Leaf,Healthy_Leaf,Correct,0.946462
datasets/train/Deficiency_Leaf/Deficiency_Leaf00049.jpg,Deficiency_Leaf,Curl_Leaf,Incorrect,0.263601
datasets/train/Fungal_Leaf_Spot/Fungal_Leaf_Spot00024.jpg,Fungal_Leaf_Spot,Fungal_Leaf_Spot,Correct,0.749999
datasets/train/Leaf_Gall/Leaf_Gall00211.jpg,Leaf_Gall,Leaf_Gall,Correct,0.873940
datasets/test/Felt_Leaf/Felt_Leaf00010.jpg,Felt_Leaf,Leaf_Gall,Incorrect,0.708631
datasets/train/Leaf_Gall/Leaf_Gall00348.jpg,Leaf_Gall,Leaf_Gall,Correct,0.320649
datasets/test/Curl_Leaf/Curl_Leaf00096.jpg,Curl_Leaf,Leaf_Blight,Incorrect,0.298237
datasets/test/Leaf_Gall/Leaf_Gall00050.jpg,Leaf_Gall,Leaf_Gall,Correct,0.758654
datasets/test/Leaf_Blight/Leaf_Blight00556.jpg,Leaf_Blight,Leaf_Blight,Correct,0.341030
datasets/test/Leaf_Gall/Leaf_Gall00603.jpg,Leaf_Gall,Leaf_Gall,Correct,0.924545
datasets/test/Fungal_Leaf_Spot/Fungal_Leaf_Spot00060.jpg,Fungal_Leaf_Spot,Fungal_Leaf_Spot,Correct,0.866483
datasets/test/Dry_Leaf/Dry_Leaf00071.jpg,Dry_Leaf,Dry_Leaf,Correct,0.538158
datasets/test/Leaf_Blight/Leaf_Blight00353.jpg,Leaf_Blight,Fungal_Leaf_Spot,Incorrect,0.405307
datasets/test/Anthrax_Leaf/Anthrax_Leaf00097.jpg,Anthrax_Leaf,Leaf_Blight,Incorrect,0.554304
datasets/train/Curl_Leaf/Curl_Leaf00070.jpg,Curl_Leaf,Curl_Leaf,Correct,0.774181
datasets/train/Fungal_Leaf_Spot/Fungal_Leaf_Spot00330.jpg,Fungal_Leaf_Spot,Leaf_Blight,Incorrect,0.507887
datasets/train/Leaf_Blight/Leaf_Blight00439.jpg,Leaf_Blight,Leaf_Blight,Correct,0.953738
datasets/train/Anthrax_Leaf/Anthrax_Leaf00145.jpg,Anthrax_Leaf,Fungal_Leaf_Spot,Incorrect,0.657740
datasets/test/Leaf_Gall/Leaf_Gall00182.jpg,Leaf_Gall,Leaf_Gall,Correct,0.283955
datasets/test/Healthy_Leaf/Healthy_Leaf00590.jpg,Healthy_Leaf,Healthy_Leaf,Correct,0.815363
datasets/test/Leaf_Gall/Leaf_Gall00542.jpg,Leaf_Gall,Fungal_Leaf_Spot,Incorrect,0.388024
datasets/train/Healthy_Leaf/Healthy_Leaf00546.jpg,Healthy_Leaf,Leaf_Gall,Incorrect,0.580559
datasets/test/Fungal_Leaf_Spot/Fungal_Leaf_Spot00234.jpg,Fungal_Leaf_Spot,Fungal_Leaf_Spot,Correct,0.725229
datasets/test/Curl_Leaf/Curl_Leaf00088.jpg,Curl_Leaf,Curl_Leaf,Correct,0.708613
datasets/train/Fungal_Leaf_Spot/Fungal_Leaf_Spot00568.jpg,Fungal_Leaf_Spot,Fungal_Leaf_Spot,Correct,0.497444
datasets/test/Leaf_Gall/Leaf_Gall00107.jpg,Leaf_Gall,Leaf_Gall,Correct,0.893527
datasets/train/Dry_Leaf/Dry_Leaf00331.jpg,Dry_Leaf,Dry_Leaf,Correct,0.344855
datasets/train/Bituminous_Leaf/Bituminous_Leaf00008.jpg,Bituminous_Leaf,Bituminous_Leaf,Correct,0.532674
datasets/test/Leaf_Blight/Leaf_Blight00493.jpg,Leaf_Blight,Leaf_Blight,Correct,0.805929
datasets/test/Leaf_Gall/Leaf_Gall00433.jpg,Leaf_Gall,Fungal_Leaf_Spot,Incorrect,0.277525
datasets/test/Fungal_Leaf_Spot/Fungal_Leaf_Spot00221.jpg,Fungal_Leaf_Spot,Fungal_Leaf_Spot,Correct,0.587516
datasets/test/Leaf_Gall/Leaf_Gall00065.jpg,Leaf_Gall,Leaf_Gall,Correct,0.662149
datasets/test/Leaf_Gall/Leaf_Gall00558.jpg,Leaf_Gall,Leaf_Gall,Correct,0.918811
datasets/test/Felt_Leaf/Felt_Leaf00152.jpg,Felt_Leaf,Felt_Leaf,Correct,0.691067
datasets/train/Anthrax_Leaf/Anthrax_Leaf00083.jpg,Anthrax_Leaf,Healthy_Leaf,Incorrect,0.707359
datasets/test/Deficiency_Leaf/Deficiency_Leaf00011.jpg,Deficiency_Leaf,Deficiency_Leaf,Correct,0.613993
datasets/test/Leaf_Blight/Leaf_Blight00184.jpg,Leaf_Blight,Leaf_Gall,Incorrect,0.282053
datasets/train/Dry_Leaf/Dry_Leaf00101.jpg,Dry_Leaf,Healthy_Leaf,Incorrect,0.738787
datasets/test/Bituminous_Leaf/Bituminous_Leaf00025.jpg,Bituminous_Leaf,Bituminous_Leaf,Correct,0.485941
datasets/train/Leaf_Gall/Leaf_Gall00599.jpg,Leaf_Gall,Leaf_Blight,Incorrect,0.445597
datasets/train/Healthy_Leaf/Healthy_Leaf00189.jpg,Healthy_Leaf,Healthy_Leaf,Correct,0.849842
datasets/train/Healthy_Leaf/Healthy_Leaf00525.jpg,Healthy_Leaf,Healthy_Leaf,Correct,0.858574
datasets/test/Dry_Leaf/Dry_Leaf00285.jpg,Dry_Leaf,Dry_Leaf,Correct,0.977610
datasets/test/Felt_Leaf/Felt_Leaf00180.jpg,Felt_Leaf,Felt_Leaf,Correct,0.649133
datasets/test/Anthrax_Leaf/Anthrax_Leaf00048.jpg,Anthrax_Leaf,Dry_Leaf,Incorrect,0.315662
datasets/train/Healthy_Leaf/Healthy_Leaf00377.jpg,Healthy_Leaf,Leaf_Gall,Incorrect,0.352195
datasets/test/Fungal_Leaf_Spot/Fungal_Leaf_Spot00124.jpg,Fungal_Leaf_Spot,Fungal_Leaf_Spot,Correct,0.792998
datasets/train/Leaf_Blight/Leaf_Blight00569.jpg,Leaf_Blight,Leaf_Blight,Correct,0.966146
datasets/test/Leaf_Gall/Leaf_Gall00323.jpg,Leaf_Gall,Leaf_Gall,Correct,0.713791
datasets/train/Bituminous_Leaf/Bituminous_Leaf00096.jpg,Bituminous_Leaf,Bituminous_Leaf,Correct,0.608265
datasets/test/Healthy_Leaf/Healthy_Leaf00194.jpg,Healthy_Leaf,Dry_Leaf,Incorrect,0.422807
datasets/test/Leaf_Blight/Leaf_Blight00042.jpg,Leaf_Blight,Leaf_Blight,Correct,0.682267
datasets/test/Leaf_Blight/Leaf_Blight00552.jpg,Leaf_Blight,Leaf_Blight,Correct,0.395614
datasets/train/Dry_Leaf/Dry_Leaf00133.jpg,Dry_Leaf,Dry_Leaf,Correct,0.669751
datasets/test/Healthy_Leaf/Healthy_Leaf00503.jpg,Healthy_Leaf,Healthy_Leaf,Correct,0.637370
datasets/test/Leaf_Blight/Leaf_Blight00500.jpg,Leaf_Blight,Leaf_Blight,Correct,0.688588
datasets/test/Healthy_Leaf/Healthy_Leaf00167.jpg,Healthy_Leaf,Healthy_Leaf,Correct,0.998793
datasets/test/Fungal_Leaf_Spot/Fungal_Leaf_Spot00541.jpg,Fungal_Leaf_Spot,Fungal_Leaf_Spot,Correct,0.976572
datasets/train/Leaf_Blight/Leaf_Blight00408.jpg,Leaf_Blight,Felt_Leaf,Incorrect,0.427565
datasets/train/Healthy_Leaf/Healthy_Leaf00009.jpg,Healthy_Leaf,Healthy_Leaf,Correct,0.637625
datasets/test/Dry_Leaf/Dry_Leaf00190.jpg,Dry_Leaf,Dry_Leaf,Correct,0.700351
datasets/test/Curl_Leaf/Curl_Leaf00049.jpg,Curl_Leaf,Leaf_Gall,Incorrect,0.347274
datasets/train/Leaf_Gall/Leaf_Gall00520.jpg,Leaf_Gall,Leaf_Gall,Correct,0.414382
datasets/test/Leaf_Gall/Leaf_Gall00178.jpg,Leaf_Gall,Leaf_Gall,Correct,0.751538
datasets/train/Deficiency_Leaf/Deficiency_Leaf00107.jpg,Deficiency_Leaf,Deficiency_Leaf,Correct,0.580478
datasets/test/Dry_Leaf/Dry_Leaf00304.jpg,Dry_Leaf,Dry_Leaf,Correct,0.587516
datasets/test/Leaf_Blight/Leaf_Blight00519.jpg,Leaf_Blight,Fungal_Leaf_Spot,Incorrect,0.379715
datasets/train/Healthy_Leaf/Healthy_Leaf00034.jpg,Healthy_Leaf,Healthy_Leaf,Correct,0.989059
datasets/test/Leaf_Blight/Leaf_Blight00137.jpg,Leaf_Blight,Healthy_Leaf,Incorrect,0.333825
datasets/test/Healthy_Leaf/Healthy_Leaf00222.jpg,Healthy_Leaf,Healthy_Leaf,Correct,0.753931
datasets/test/Bituminous_Leaf/Bituminous_Leaf00021.jpg,Bituminous_Leaf,Dry_Leaf,Incorrect,0.444719
datasets/test/Leaf_Blight/Leaf_Blight00554.jpg,Leaf_Blight,Leaf_Blight,Correct,0.345819
datasets/test/Healthy_Leaf/Healthy_Leaf00509.jpg,Healthy_Leaf,Healthy_Leaf,Correct,0.631674
datasets/test/Felt_Leaf/Felt_Leaf00203.jpg,Felt_Leaf,Felt_Leaf,Correct,0.718861
datasets/test/Fungal_Leaf_Spot/Fungal_Leaf_Spot00130.jpg,Fungal_Leaf_Spot,Fungal_Leaf_Spot,Correct,0.656732
datasets/test/Leaf_Gall/Leaf_Gall00088.jpg,Leaf_Gall,Leaf_Gall,Correct,0.933167
datasets/train/Leaf_Gall/Leaf_Gall00027.jpg,Leaf_Gall,Leaf_Gall,Correct,0.913796
datasets/train/Leaf_Gall/Leaf_Gall00586.jpg,Leaf_Gall,Leaf_Blight,Incorrect,0.859157
datasets/test/Felt_Leaf/Felt_Leaf00113.jpg,Felt_Leaf,Felt_Leaf,Correct,0.729904
datasets/train/Leaf_Blight/Leaf_Blight00577.jpg,Leaf_Blight,Leaf_Blight,Correct,0.658593
datasets/test/Fungal_Leaf_Spot/Fungal_Leaf_Spot00153.jpg,Fungal_Leaf_Spot,Fungal_Leaf_Spot,Correct,0.837628
datasets/train/Leaf_Gall/Leaf_Gall00186.jpg,Leaf_Gall,Leaf_Gall,Correct,0.670263
datasets/train/Deficiency_Leaf/Deficiency_Leaf00110.jpg,Deficiency_Leaf,Bituminous_Leaf,Incorrect,0.420678
datasets/train/Dry_Leaf/Dry_Leaf00054.jpg,Dry_Leaf,Dry_Leaf,Correct,0.588650
datasets/test/Leaf_Blight/Leaf_Blight00322.jpg,Leaf_Blight,Leaf_Blight,Correct,0.969185
datasets/test/Fungal_Leaf_Spot/Fungal_Leaf_Spot00279.jpg,Fungal_Leaf_Spot,Fungal_Leaf_Spot,Correct,0.952333
datasets/train/Fungal_Leaf_Spot/Fungal_Leaf_Spot00382.jpg,Fungal_Leaf_Spot,Fungal_Leaf_Spot,Correct,0.764952
datasets/test/Leaf_Gall/Leaf_Gall00074.jpg,Leaf_Gall,Dry_Leaf,Incorrect,0.391163
datasets/train/Leaf_Blight/Leaf_Blight00347.jpg,Leaf_Blight,Leaf_Blight,Correct,0.324655
datasets/test/Dry_Leaf/Dry_Leaf00289.jpg,Dry_Leaf,Dry_Leaf,Correct,0.998794
datasets/test/Leaf_Gall/Leaf_Gall00575.jpg,Leaf_Gall,Anthrax_Leaf,Incorrect,0.254773
datasets/train/Leaf_Blight/Leaf_Blight00543.jpg,Leaf_Blight,Leaf_Blight,Correct,0.432413
datasets/test/Felt_Leaf/Felt_Leaf00368.jpg,Felt_Leaf,Felt_Leaf,Correct,0.973295
datasets/train/Healthy_Leaf/Healthy_Leaf00048.jpg,Healthy_Leaf,Healthy_Leaf,Correct,0.986945
datasets/train/Dry_Leaf/Dry_Leaf00183.jpg,Dry_Leaf,Dry_Leaf,Correct,0.874864
datasets/test/Felt_Leaf/Felt_Leaf00196.jpg,Felt_Leaf,Healthy_Leaf,Incorrect,0.339373
datasets/train/Anthrax_Leaf/Anthrax_Leaf00129.jpg,Anthrax_Leaf,Leaf_Gall,Incorrect,0.644567
datasets/test/Healthy_Leaf/Healthy_Leaf00195.jpg,Healthy_Leaf,Healthy_Leaf,Correct,0.351083
datasets/test/Felt_Leaf/Felt_Leaf00065.jpg,Felt_Leaf,Healthy_Leaf,Incorrect,0.271035
datasets/train/Healthy_Leaf/Healthy_Leaf00299.jpg,Healthy_Leaf,Healthy_Leaf,Correct,0.656675
datasets/test/Healthy_Leaf/Healthy_Leaf00126.jpg,Healthy_Leaf,Healthy_Leaf,Correct,0.997704
datasets/test/Leaf_Gall/Leaf_Gall00164.jpg,Leaf_Gall,Felt_Leaf,Incorrect,0.366425
datasets/train/Felt_Leaf/Felt_Leaf00346.jpg,Felt_Leaf,Fungal_Leaf_Spot,Incorrect,0.256182
datasets/test/Healthy_Leaf/Healthy_Leaf00223.jpg,Healthy_Leaf,Healthy_Leaf,Correct,0.903839
datasets/test/Fungal_Leaf_Spot/Fungal_Leaf_Spot00307.jpg,Fungal_Leaf_Spot,Healthy_Leaf,Incorrect,0.728050
datasets/train/Anthrax_Leaf/Anthrax_Leaf00009.jpg,Anthrax_Leaf,Dry_Leaf,Incorrect,0.498226
datasets/test/Felt_Leaf/Felt_Leaf00079.jpg,Felt_Leaf,Felt_Leaf,Correct,0.405131
datasets/train/Fungal_Leaf_Spot/Fungal_Leaf_Spot00074.jpg,Fungal_Leaf_Spot,Fungal_Leaf_Spot,Correct,0.477956
datasets/train/Dry_Leaf/Dry_Leaf00083.jpg,Dry_Leaf,Leaf_Blight,Incorrect,0.395281
datasets/test/Dry_Leaf/Dry_Leaf00270.jpg,Dry_Leaf,Dry_Leaf,Correct,0.792775
datasets/train/Leaf_Gall/Leaf_Gall00092.jpg,Leaf_Gall,Leaf_Gall,Correct,0.888043
datasets/test/Leaf_Blight/Leaf_Blight00116.jpg,Leaf_Blight,Felt_Leaf,Incorrect,0.588280
datasets/test/Fungal_Leaf_Spot/Fungal_Leaf_Spot00268.jpg,Fungal_Leaf_Spot,Fungal_Leaf_Spot,Correct,0.945280
datasets/test/Leaf_Gall/Leaf_Gall00096.jpg,Leaf_Gall,Leaf_Gall,Correct,0.753332
datasets/train/Healthy_Leaf/Healthy_Leaf00155.jpg,Healthy_Leaf,Healthy_Leaf,Correct,0.961913
datasets/test/Leaf_Blight/Leaf_Blight00139.jpg,Leaf_Blight,Leaf_Blight,Correct,0.738140
datasets/test/Leaf_Blight/Leaf_Blight00186.jpg,Leaf_Blight,Leaf_Gall,Incorrect,0.418535
datasets/test/Fungal_Leaf_Spot/Fungal_Leaf_Spot00046.jpg,Fungal_Leaf_Spot,Fungal_Leaf_Spot,Correct,0.870454
datasets/test/Dry_Leaf/Dry_Leaf00193.jpg,Dry_Leaf,Dry_Leaf,Correct,0.960489
datasets/test/Felt_Leaf/Felt_Leaf00041.jpg,Felt_Leaf,Leaf_Gall,Incorrect,0.253204
datasets/train/Leaf_Blight/Leaf_Blight00414.jpg,Leaf_Blight,Leaf_Blight,Correct,0.948373
datasets/test/Felt_Leaf/Felt_Leaf00266.jpg,Felt_Leaf,Felt_Leaf,Correct,0.672540
datasets/test/Leaf_Gall/Leaf_Gall00238.jpg,Leaf_Gall,Leaf_Gall,Correct,0.981307
datasets/train/Curl_Leaf/Curl_Leaf00137.jpg,Curl_Leaf,Curl_Leaf,Correct,0.955950
datasets/test/Leaf_Gall/Leaf_Gall00385.jpg,Leaf_Gall,Leaf_Gall,Correct,0.552957
datasets/test/Felt_Leaf/Felt_Leaf00213.jpg,Felt_Leaf,Felt_Leaf,Correct,0.575716
datasets/test/Leaf_Gall/Leaf_Gall00501.jpg,Leaf_Gall,Leaf_Gall,Correct,0.866465
datasets/test/Dry_Leaf/Dry_Leaf00381.jpg,Dry_Leaf,Healthy_Leaf,Incorrect,0.735512
datasets/train/Leaf_Blight/Leaf_Blight00352.jpg,Leaf_Blight,Leaf_Blight,Correct,0.661178
datasets/test/Healthy_Leaf/Healthy_Leaf00365.jpg,Healthy_Leaf,Leaf_Blight,Incorrect,0.218390
datasets/train/Leaf_Blight/Leaf_Blight00443.jpg,Leaf_Blight,Leaf_Blight,Correct,0.968711
datasets/test/Felt_Leaf/Felt_Leaf00017.jpg,Felt_Leaf,Felt_Leaf,Correct,0.338283
datasets/test/Leaf_Blight/Leaf_Blight00276.jpg,Leaf_Blight,Leaf_Gall,Incorrect,0.373861
datasets/test/Healthy_Leaf/Healthy_Leaf00416.jpg,Healthy_Leaf,Healthy_Leaf,Correct,0.961709
datasets/test/Dry_Leaf/Dry_Leaf00360.jpg,Dry_Leaf,Healthy_Leaf,Incorrect,0.330417
datasets/test/Dry_Leaf/Dry_Leaf00022.jpg,Dry_Leaf,Healthy_Leaf,Incorrect,0.468216
datasets/test/Leaf_Gall/Leaf_Gall00604.jpg,Leaf_Gall,Leaf_Gall,Correct,0.441592
datasets/train/Dry_Leaf/Dry_Leaf00268.jpg,Dry_Leaf,Dry_Leaf,Correct,0.989511
datasets/train/Leaf_Gall/Leaf_Gall00352.jpg,Leaf_Gall,Leaf_Gall,Correct,0.745964
datasets/test/Curl_Leaf/Curl_Leaf00019.jpg,Curl_Leaf,Felt_Leaf,Incorrect,0.312308
datasets/test/Dry_Leaf/Dry_Leaf00079.jpg,Dry_Leaf,Dry_Leaf,Correct,0.910532
datasets/test/Dry_Leaf/Dry_Leaf00339.jpg,Dry_Leaf,Dry_Leaf,Correct,0.641849
datasets/train/Felt_Leaf/Felt_Leaf00313.jpg,Felt_Leaf,Felt_Leaf,Correct,0.887562
datasets/train/Deficiency_Leaf/Deficiency_Leaf00030.jpg,Deficiency_Leaf,Bituminous_Leaf,Incorrect,0.572175
datasets/train/Fungal_Leaf_Spot/Fungal_Leaf_Spot00370.jpg,Fungal_Leaf_Spot,Felt_Leaf,Incorrect,0.578888
datasets/train/Healthy_Leaf/Healthy_Leaf00065.jpg,Healthy_Leaf,Healthy_Leaf,Correct,0.934017
datasets/train/Fungal_Leaf_Spot/Fungal_Leaf_Spot00555.jpg,Fungal_Leaf_Spot,Fungal_Leaf_Spot,Correct,0.590246
datasets/test/Curl_Leaf/Curl_Leaf00103.jpg,Curl_Leaf,Curl_Leaf,Correct,0.469017
datasets/test/Fungal_Leaf_Spot/Fungal_Leaf_Spot00056.jpg,Fungal_Leaf_Spot,Fungal_Leaf_Spot,Correct,0.816411
datasets/test/Healthy_Leaf/Healthy_Leaf00340.jpg,Healthy_Leaf,Healthy_Leaf,Correct,0.878806
datasets/test/Leaf_Gall/Leaf_Gall00135.jpg,Leaf_Gall,Leaf_Gall,Correct,0.862993
datasets/test/Healthy_Leaf/Healthy_Leaf00165.jpg,Healthy_Leaf,Healthy_Leaf,Correct,0.997296
datasets/train/Felt_Leaf/Felt_Leaf00242.jpg,Felt_Leaf,Felt_Leaf,Correct,0.619043
datasets/test/Leaf_Gall/Leaf_Gall00600.jpg,Leaf_Gall,Leaf_Gall,Correct,0.735065
datasets/test/Dry_Leaf/Dry_Leaf00166.jpg,Dry_Leaf,Dry_Leaf,Correct,0.951039
datasets/train/Fungal_Leaf_Spot/Fungal_Leaf_Spot00031.jpg,Fungal_Leaf_Spot,Fungal_Leaf_Spot,Correct,0.963909
datasets/test/Healthy_Leaf/Healthy_Leaf00411.jpg,Healthy_Leaf,Leaf_Gall,Incorrect,0.657180
datasets/test/Fungal_Leaf_Spot/Fungal_Leaf_Spot00028.jpg,Fungal_Leaf_Spot,Fungal_Leaf_Spot,Correct,0.947037
datasets/train/Leaf_Blight/Leaf_Blight00048.jpg,Leaf_Blight,Leaf_Gall,Incorrect,0.383762
datasets/test/Healthy_Leaf/Healthy_Leaf00076.jpg,Healthy_Leaf,Healthy_Leaf,Correct,0.987160
datasets/test/Healthy_Leaf/Healthy_Leaf00035.jpg,Healthy_Leaf,Healthy_Leaf,Correct,0.736290
datasets/test/Fungal_Leaf_Spot/Fungal_Leaf_Spot00319.jpg,Fungal_Leaf_Spot,Fungal_Leaf_Spot,Correct,0.932573
datasets/test/Leaf_Blight/Leaf_Blight00104.jpg,Leaf_Blight,Dry_Leaf,Incorrect,0.365348
datasets/test/Curl_Leaf/Curl_Leaf00011.jpg,Curl_Leaf,Healthy_Leaf,Incorrect,0.431909
datasets/train/Fungal_Leaf_Spot/Fungal_Leaf_Spot00182.jpg,Fungal_Leaf_Spot,Fungal_Leaf_Spot,Correct,0.508361
datasets/test/Fungal_Leaf_Spot/Fungal_Leaf_Spot00520.jpg,Fungal_Leaf_Spot,Fungal_Leaf_Spot,Correct,0.743919
datasets/train/Felt_Leaf/Felt_Leaf00098.jpg,Felt_Leaf,Fungal_Leaf_Spot,Incorrect,0.372668
datasets/test/Felt_Leaf/Felt_Leaf00230.jpg,Felt_Leaf,Fungal_Leaf_Spot,Incorrect,0.416597
datasets/test/Leaf_Blight/Leaf_Blight00218.jpg,Leaf_Blight,Leaf_Blight,Correct,0.597410
datasets/train/Leaf_Blight/Leaf_Blight00455.jpg,Leaf_Blight,Bituminous_Leaf,Incorrect,0.161161
datasets/test/Leaf_Gall/Leaf_Gall00435.jpg,Leaf_Gall,Leaf_Gall,Correct,0.554848
datasets/test/Dry_Leaf/Dry_Leaf00156.jpg,Dry_Leaf,Dry_Leaf,Correct,0.951729
datasets/train/Bituminous_Leaf/Bituminous_Leaf00054.jpg,Bituminous_Leaf,Bituminous_Leaf,Correct,0.805544
datasets/test/Healthy_Leaf/Healthy_Leaf00384.jpg,Healthy_Leaf,Healthy_Leaf,Correct,0.390845
datasets/train/Leaf_Blight/Leaf_Blight00238.jpg,Leaf_Blight,Dry_Leaf,Incorrect,0.373482
datasets/train/Leaf_Blight/Leaf_Blight00040.jpg,Leaf_Blight,Leaf_Blight,Correct,0.602245
datasets/test/Anthrax_Leaf/Anthrax_Leaf00131.jpg,Anthrax_Leaf,Anthrax_Leaf,Correct,0.704621
datasets/test/Fungal_Leaf_Spot/Fungal_Leaf_Spot00052.jpg,Fungal_Leaf_Spot,Fungal_Leaf_Spot,Correct,0.674139
datasets/test/Fungal_Leaf_Spot/Fungal_Leaf_Spot00527.jpg,Fungal_Leaf_Spot,Dry_Leaf,Incorrect,0.326982
datasets/test/Fungal_Leaf_Spot/Fungal_Leaf_Spot00218.jpg,Fungal_Leaf_Spot,Fungal_Leaf_Spot,Correct,0.572761
datasets/train/Healthy_Leaf/Healthy_Leaf00461.jpg,Healthy_Leaf,Healthy_Leaf,Correct,0.452393
datasets/test/Bituminous_Leaf/Bituminous_Leaf00060.jpg,Bituminous_Leaf,Bituminous_Leaf,Correct,0.997166
datasets/test/Fungal_Leaf_Spot/Fungal_Leaf_Spot00193.jpg,Fungal_Leaf_Spot,Fungal_Leaf_Spot,Correct,0.767474
datasets/train/Dry_Leaf/Dry_Leaf00064.jpg,Dry_Leaf,Dry_Leaf,Correct,0.904717
datasets/test/Healthy_Leaf/Healthy_Leaf00324.jpg,Healthy_Leaf,Healthy_Leaf,Correct,0.956532
datasets/train/Leaf_Blight/Leaf_Blight00310.jpg,Leaf_Blight,Leaf_Blight,Correct,0.951486
datasets/test/Leaf_Gall/Leaf_Gall00375.jpg,Leaf_Gall,Felt_Leaf,Incorrect,0.217431
datasets/test/Leaf_Blight/Leaf_Blight00261.jpg,Leaf_Blight,Leaf_Blight,Correct,0.787238
datasets/test/Dry_Leaf/Dry_Leaf00033.jpg,Dry_Leaf,Dry_Leaf,Correct,0.942149
datasets/test/Fungal_Leaf_Spot/Fungal_Leaf_Spot00571.jpg,Fungal_Leaf_Spot,Fungal_Leaf_Spot,Correct,0.774924
datasets/train/Leaf_Gall/Leaf_Gall00492.jpg,Leaf_Gall,Leaf_Gall,Correct,0.443855
datasets/train/Fungal_Leaf_Spot/Fungal_Leaf_Spot00377.jpg,Fungal_Leaf_Spot,Felt_Leaf,Incorrect,0.321141
datasets/train/Leaf_Blight/Leaf_Blight00133.jpg,Leaf_Blight,Leaf_Blight,Correct,0.581508
datasets/test/Fungal_Leaf_Spot/Fungal_Leaf_Spot00085.jpg,Fungal_Leaf_Spot,Fungal_Leaf_Spot,Correct,0.570908
datasets/test/Leaf_Gall/Leaf_Gall00306.jpg,Leaf_Gall,Fungal_Leaf_Spot,Incorrect,0.499873
datasets/test/Leaf_Blight/Leaf_Blight00131.jpg,Leaf_Blight,Fungal_Leaf_Spot,Incorrect,0.329032
datasets/test/Fungal_Leaf_Spot/Fungal_Leaf_Spot00374.jpg,Fungal_Leaf_Spot,Leaf_Gall,Incorrect,0.149694
datasets/test/Dry_Leaf/Dry_Leaf00334.jpg,Dry_Leaf,Dry_Leaf,Correct,0.440662
datasets/train/Leaf_Blight/Leaf_Blight00478.jpg,Leaf_Blight,Leaf_Blight,Correct,0.969676
datasets/train/Bituminous_Leaf/Bituminous_Leaf00097.jpg,Bituminous_Leaf,Bituminous_Leaf,Correct,0.774351
datasets/test/Dry_Leaf/Dry_Leaf00169.jpg,Dry_Leaf,Dry_Leaf,Correct,0.411759
datasets/train/Leaf_Gall/Leaf_Gall00356.jpg,Leaf_Gall,Leaf_Gall,Correct,0.285012
datasets/train/Fungal_Leaf_Spot/Fungal_Leaf_Spot00312.jpg,Fungal_Leaf_Spot,Healthy_Leaf,Incorrect,0.677908
datasets/train/Healthy_Leaf/Healthy_Leaf00141.jpg,Healthy_Leaf,Healthy_Leaf,Correct,0.955553
datasets/test/Healthy_Leaf/Healthy_Leaf00535.jpg,Healthy_Leaf,Healthy_Leaf,Correct,0.644418
datasets/train/Felt_Leaf/Felt_Leaf00244.jpg,Felt_Leaf,Felt_Leaf,Correct,0.447405
datasets/train/Dry_Leaf/Dry_Leaf00186.jpg,Dry_Leaf,Dry_Leaf,Correct,0.996103
datasets/test/Leaf_Blight/Leaf_Blight00538.jpg,Leaf_Blight,Leaf_Blight,Correct,0.861197
datasets/train/Deficiency_Leaf/Deficiency_Leaf00119.jpg,Deficiency_Leaf,Leaf_Gall,Incorrect,0.275733
datasets/test/Deficiency_Leaf/Deficiency_Leaf00036.jpg,Deficiency_Leaf,Healthy_Leaf,Incorrect,0.363338
datasets/test/Anthrax_Leaf/Anthrax_Leaf00095.jpg,Anthrax_Leaf,Leaf_Gall,Incorrect,0.687135
datasets/test/Leaf_Gall/Leaf_Gall00102.jpg,Leaf_Gall,Leaf_Gall,Correct,0.434653
datasets/test/Felt_Leaf/Felt_Leaf00105.jpg,Felt_Leaf,Leaf_Gall,Incorrect,0.557937
datasets/test/Curl_Leaf/Curl_Leaf00024.jpg,Curl_Leaf,Curl_Leaf,Correct,0.978344
datasets/test/Deficiency_Leaf/Deficiency_Leaf00073.jpg,Deficiency_Leaf,Deficiency_Leaf,Correct,0.212570
datasets/test/Leaf_Blight/Leaf_Blight00575.jpg,Leaf_Blight,Leaf_Blight,Correct,0.297092
datasets/train/Fungal_Leaf_Spot/Fungal_Leaf_Spot00313.jpg,Fungal_Leaf_Spot,Fungal_Leaf_Spot,Correct,0.757847
datasets/train/Dry_Leaf/Dry_Leaf00099.jpg,Dry_Leaf,Leaf_Gall,Incorrect,0.381070
datasets/test/Dry_Leaf/Dry_Leaf00342.jpg,Dry_Leaf,Healthy_Leaf,Incorrect,0.456386
datasets/test/Leaf_Gall/Leaf_Gall00154.jpg,Leaf_Gall,Leaf_Gall,Correct,0.860542
datasets/test/Fungal_Leaf_Spot/Fungal_Leaf_Spot00191.jpg,Fungal_Leaf_Spot,Felt_Leaf,Incorrect,0.553557
datasets/test/Bituminous_Leaf/Bituminous_Leaf00116.jpg,Bituminous_Leaf,Bituminous_Leaf,Correct,0.821839
datasets/test/Dry_Leaf/Dry_Leaf00372.jpg,Dry_Leaf,Dry_Leaf,Correct,0.616261
datasets/test/Fungal_Leaf_Spot/Fungal_Leaf_Spot00320.jpg,Fungal_Leaf_Spot,Fungal_Leaf_Spot,Correct,0.671187
datasets/train/Leaf_Blight/Leaf_Blight00466.jpg,Leaf_Blight,Leaf_Blight,Correct,0.313262
datasets/test/Healthy_Leaf/Healthy_Leaf00092.jpg,Healthy_Leaf,Healthy_Leaf,Correct,0.690352
datasets/test/Dry_Leaf/Dry_Leaf00250.jpg,Dry_Leaf,Dry_Leaf,Correct,0.997467
datasets/train/Leaf_Gall/Leaf_Gall00296.jpg,Leaf_Gall,Leaf_Gall,Correct,0.948037
datasets/train/Healthy_Leaf/Healthy_Leaf00434.jpg,Healthy_Leaf,Healthy_Leaf,Correct,0.991112
datasets/train/Leaf_Gall/Leaf_Gall00505.jpg,Leaf_Gall,Bituminous_Leaf,Incorrect,0.357243
datasets/test/Curl_Leaf/Curl_Leaf00098.jpg,Curl_Leaf,Fungal_Leaf_Spot,Incorrect,0.271790
datasets/train/Leaf_Gall/Leaf_Gall00125.jpg,Leaf_Gall,Leaf_Gall,Correct,0.237073
datasets/test/Leaf_Gall/Leaf_Gall00388.jpg,Leaf_Gall,Leaf_Blight,Incorrect,0.420753
datasets/train/Dry_Leaf/Dry_Leaf00345.jpg,Dry_Leaf,Dry_Leaf,Correct,0.284607
datasets/test/Fungal_Leaf_Spot/Fungal_Leaf_Spot00318.jpg,Fungal_Leaf_Spot,Fungal_Leaf_Spot,Correct,0.536491
datasets/test/Fungal_Leaf_Spot/Fungal_Leaf_Spot00311.jpg,Fungal_Leaf_Spot,Healthy_Leaf,Incorrect,0.621436
datasets/test/Fungal_Leaf_Spot/Fungal_Leaf_Spot00485.jpg,Fungal_Leaf_Spot,Fungal_Leaf_Spot,Correct,0.568463
datasets/test/Curl_Leaf/Curl_Leaf00095.jpg,Curl_Leaf,Leaf_Blight,Incorrect,0.298232
datasets/test/Fungal_Leaf_Spot/Fungal_Leaf_Spot00346.jpg,Fungal_Leaf_Spot,Fungal_Leaf_Spot,Correct,0.573367
datasets/test/Fungal_Leaf_Spot/Fungal_Leaf_Spot00530.jpg,Fungal_Leaf_Spot,Fungal_Leaf_Spot,Correct,0.613148
datasets/test/Leaf_Blight/Leaf_Blight00087.jpg,Leaf_Blight,Felt_Leaf,Incorrect,0.646846
datasets/train/Dry_Leaf/Dry_Leaf00168.jpg,Dry_Leaf,Dry_Leaf,Correct,0.929483
datasets/train/Healthy_Leaf/Healthy_Leaf00047.jpg,Healthy_Leaf,Healthy_Leaf,Correct,0.952644
datasets/test/Bituminous_Leaf/Bituminous_Leaf00094.jpg,Bituminous_Leaf,Bituminous_Leaf,Correct,0.507903
datasets/train/Leaf_Blight/Leaf_Blight00009.jpg,Leaf_Blight,Leaf_Gall,Incorrect,0.304563
datasets/test/Dry_Leaf/Dry_Leaf00030.jpg,Dry_Leaf,Dry_Leaf,Correct,0.965634
datasets/train/Leaf_Blight/Leaf_Blight00006.jpg,Leaf_Blight,Leaf_Gall,Incorrect,0.339511
datasets/test/Healthy_Leaf/Healthy_Leaf00306.jpg,Healthy_Leaf,Healthy_Leaf,Correct,0.973148
datasets/test/Felt_Leaf/Felt_Leaf00125.jpg,Felt_Leaf,Fungal_Leaf_Spot,Incorrect,0.369385
datasets/test/Leaf_Gall/Leaf_Gall00139.jpg,Leaf_Gall,Leaf_Gall,Correct,0.450341
datasets/test/Leaf_Blight/Leaf_Blight00553.jpg,Leaf_Blight,Leaf_Gall,Incorrect,0.371792
datasets/test/Leaf_Blight/Leaf_Blight00403.jpg,Leaf_Blight,Leaf_Gall,Incorrect,0.449430
datasets/test/Leaf_Gall/Leaf_Gall00059.jpg,Leaf_Gall,Leaf_Blight,Incorrect,0.666586
datasets/train/Leaf_Blight/Leaf_Blight00542.jpg,Leaf_Blight,Leaf_Blight,Correct,0.865296
datasets/test/Leaf_Gall/Leaf_Gall00109.jpg,Leaf_Gall,Leaf_Gall,Correct,0.426830
datasets/train/Healthy_Leaf/Healthy_Leaf00089.jpg,Healthy_Leaf,Healthy_Leaf,Correct,0.850009
datasets/test/Leaf_Gall/Leaf_Gall00305.jpg,Leaf_Gall,Leaf_Gall,Correct,0.851233
datasets/test/Anthrax_Leaf/Anthrax_Leaf00099.jpg,Anthrax_Leaf,Anthrax_Leaf,Correct,0.820400
datasets/test/Healthy_Leaf/Healthy_Leaf00007.jpg,Healthy_Leaf,Healthy_Leaf,Correct,0.965065
datasets/train/Healthy_Leaf/Healthy_Leaf00082.jpg,Healthy_Leaf,Healthy_Leaf,Correct,0.868309
datasets/train/Curl_Leaf/Curl_Leaf00111.jpg,Curl_Leaf,Curl_Leaf,Correct,0.991556
datasets/train/Leaf_Blight/Leaf_Blight00251.jpg,Leaf_Blight,Leaf_Blight,Correct,0.474793
datasets/train/Fungal_Leaf_Spot/Fungal_Leaf_Spot00295.jpg,Fungal_Leaf_Spot,Fungal_Leaf_Spot,Correct,0.729671
datasets/train/Leaf_Blight/Leaf_Blight00244.jpg,Leaf_Blight,Healthy_Leaf,Incorrect,0.668826
datasets/test/Leaf_Gall/Leaf_Gall00112.jpg,Leaf_Gall,Leaf_Gall,Correct,0.553075
datasets/train/Dry_Leaf/Dry_Leaf00350.jpg,Dry_Leaf,Healthy_Leaf,Incorrect,0.305065
datasets/train/Healthy_Leaf/Healthy_Leaf00431.jpg,Healthy_Leaf,Leaf_Blight,Incorrect,0.201262
datasets/test/Dry_Leaf/Dry_Leaf00164.jpg,Dry_Leaf,Dry_Leaf,Correct,0.872906
datasets/train/Bituminous_Leaf/Bituminous_Leaf00062.jpg,Bituminous_Leaf,Bituminous_Leaf,Correct,0.741212
datasets/train/Dry_Leaf/Dry_Leaf00294.jpg,Dry_Leaf,Healthy_Leaf,Incorrect,0.471060
datasets/train/Deficiency_Leaf/Deficiency_Leaf00091.jpg,Deficiency_Leaf,Leaf_Gall,Incorrect,0.211688
datasets/test/Felt_Leaf/Felt_Leaf00129.jpg,Felt_Leaf,Felt_Leaf,Correct,0.550829
datasets/test/Leaf_Blight/Leaf_Blight00574.jpg,Leaf_Blight,Leaf_Gall,Incorrect,0.294696
datasets/test/Felt_Leaf/Felt_Leaf00061.jpg,Felt_Leaf,Healthy_Leaf,Incorrect,0.404156
datasets/train/Felt_Leaf/Felt_Leaf00141.jpg,Felt_Leaf,Felt_Leaf,Correct,0.373647
datasets/train/Felt_Leaf/Felt_Leaf00225.jpg,Felt_Leaf,Leaf_Blight,Incorrect,0.368641
datasets/test/Leaf_Blight/Leaf_Blight00590.jpg,Leaf_Blight,Healthy_Leaf,Incorrect,0.612325
datasets/train/Leaf_Blight/Leaf_Blight00077.jpg,Leaf_Blight,Fungal_Leaf_Spot,Incorrect,0.599788
datasets/test/Healthy_Leaf/Healthy_Leaf00145.jpg,Healthy_Leaf,Healthy_Leaf,Correct,0.985384
datasets/train/Bituminous_Leaf/Bituminous_Leaf00083.jpg,Bituminous_Leaf,Bituminous_Leaf,Correct,0.764508
datasets/test/Dry_Leaf/Dry_Leaf00344.jpg,Dry_Leaf,Dry_Leaf,Correct,0.422523
datasets/test/Dry_Leaf/Dry_Leaf00068.jpg,Dry_Leaf,Dry_Leaf,Correct,0.621066
datasets/test/Healthy_Leaf/Healthy_Leaf00418.jpg,Healthy_Leaf,Leaf_Gall,Incorrect,0.213040
datasets/train/Leaf_Gall/Leaf_Gall00029.jpg,Leaf_Gall,Dry_Leaf,Incorrect,0.262974
datasets/train/Curl_Leaf/Curl_Leaf00100.jpg,Curl_Leaf,Leaf_Blight,Incorrect,0.294348
datasets/test/Fungal_Leaf_Spot/Fungal_Leaf_Spot00559.jpg,Fungal_Leaf_Spot,Fungal_Leaf_Spot,Correct,0.500613
datasets/test/Leaf_Gall/Leaf_Gall00191.jpg,Leaf_Gall,Leaf_Gall,Correct,0.794461
datasets/test/Leaf_Gall/Leaf_Gall00217.jpg,Leaf_Gall,Leaf_Gall,Correct,0.519961
datasets/train/Leaf_Gall/Leaf_Gall00326.jpg,Leaf_Gall,Leaf_Gall,Correct,0.905946
datasets/train/Anthrax_Leaf/Anthrax_Leaf00029.jpg,Anthrax_Leaf,Felt_Leaf,Incorrect,0.312183
datasets/train/Leaf_Gall/Leaf_Gall00249.jpg,Leaf_Gall,Leaf_Blight,Incorrect,0.884929
datasets/train/Dry_Leaf/Dry_Leaf00027.jpg,Dry_Leaf,Dry_Leaf,Correct,0.932464
datasets/test/Leaf_Blight/Leaf_Blight00401.jpg,Leaf_Blight,Leaf_Gall,Incorrect,0.574948
datasets/test/Healthy_Leaf/Healthy_Leaf00183.jpg,Healthy_Leaf,Dry_Leaf,Incorrect,0.816122
datasets/test/Leaf_Gall/Leaf_Gall00458.jpg,Leaf_Gall,Leaf_Blight,Incorrect,0.472764
datasets/test/Leaf_Gall/Leaf_Gall00250.jpg,Leaf_Gall,Leaf_Gall,Correct,0.549478
datasets/test/Leaf_Gall/Leaf_Gall00430.jpg,Leaf_Gall,Leaf_Gall,Correct,0.805190
datasets/test/Bituminous_Leaf/Bituminous_Leaf00072.jpg,Bituminous_Leaf,Bituminous_Leaf,Correct,0.923597
datasets/test/Leaf_Gall/Leaf_Gall00254.jpg,Leaf_Gall,Leaf_Blight,Incorrect,0.346813
datasets/test/Felt_Leaf/Felt_Leaf00025.jpg,Felt_Leaf,Leaf_Blight,Incorrect,0.620871
datasets/test/Fungal_Leaf_Spot/Fungal_Leaf_Spot00536.jpg,Fungal_Leaf_Spot,Fungal_Leaf_Spot,Correct,0.870642
datasets/test/Fungal_Leaf_Spot/Fungal_Leaf_Spot00389.jpg,Fungal_Leaf_Spot,Fungal_Leaf_Spot,Correct,0.733025
datasets/test/Leaf_Blight/Leaf_Blight00499.jpg,Leaf_Blight,Leaf_Blight,Correct,0.666281
datasets/train/Anthrax_Leaf/Anthrax_Leaf00096.jpg,Anthrax_Leaf,Healthy_Leaf,Incorrect,0.401585
datasets/test/Fungal_Leaf_Spot/Fungal_Leaf_Spot00224.jpg,Fungal_Leaf_Spot,Fungal_Leaf_Spot,Correct,0.769344
datasets/train/Fungal_Leaf_Spot/Fungal_Leaf_Spot00349.jpg,Fungal_Leaf_Spot,Leaf_Gall,Incorrect,0.434087
datasets/test/Leaf_Blight/Leaf_Blight00586.jpg,Leaf_Blight,Leaf_Blight,Correct,0.385104
datasets/test/Felt_Leaf/Felt_Leaf00046.jpg,Felt_Leaf,Fungal_Leaf_Spot,Incorrect,0.432021
datasets/train/Fungal_Leaf_Spot/Fungal_Leaf_Spot00100.jpg,Fungal_Leaf_Spot,Fungal_Leaf_Spot,Correct,0.694375
datasets/test/Felt_Leaf/Felt_Leaf00226.jpg,Felt_Leaf,Felt_Leaf,Correct,0.618387
datasets/train/Healthy_Leaf/Healthy_Leaf00224.jpg,Healthy_Leaf,Healthy_Leaf,Correct,0.847286
datasets/train/Felt_Leaf/Felt_Leaf00035.jpg,Felt_Leaf,Felt_Leaf,Correct,0.386225
datasets/train/Healthy_Leaf/Healthy_Leaf00013.jpg,Healthy_Leaf,Dry_Leaf,Incorrect,0.414918
datasets/test/Fungal_Leaf_Spot/Fungal_Leaf_Spot00107.jpg,Fungal_Leaf_Spot,Fungal_Leaf_Spot,Correct,0.944643
datasets/test/Bituminous_Leaf/Bituminous_Leaf00031.jpg,Bituminous_Leaf,Fungal_Leaf_Spot,Incorrect,0.800639
datasets/test/Felt_Leaf/Felt_Leaf00077.jpg,Felt_Leaf,Leaf_Blight,Incorrect,0.366695
datasets/train/Healthy_Leaf/Healthy_Leaf00270.jpg,Healthy_Leaf,Healthy_Leaf,Correct,0.501346
datasets/test/Dry_Leaf/Dry_Leaf00114.jpg,Dry_Leaf,Dry_Leaf,Correct,0.940728
datasets/test/Healthy_Leaf/Healthy_Leaf00046.jpg,Healthy_Leaf,Healthy_Leaf,Correct,0.742799
datasets/test/Leaf_Gall/Leaf_Gall00317.jpg,Leaf_Gall,Dry_Leaf,Incorrect,0.755760
datasets/test/Leaf_Blight/Leaf_Blight00081.jpg,Leaf_Blight,Healthy_Leaf,Incorrect,0.668070
datasets/train/Felt_Leaf/Felt_Leaf00370.jpg,Felt_Leaf,Felt_Leaf,Correct,0.498040
datasets/test/Healthy_Leaf/Healthy_Leaf00466.jpg,Healthy_Leaf,Healthy_Leaf,Correct,0.750242
datasets/train/Curl_Leaf/Curl_Leaf00007.jpg,Curl_Leaf,Curl_Leaf,Correct,0.334963
datasets/test/Dry_Leaf/Dry_Leaf00232.jpg,Dry_Leaf,Dry_Leaf,Correct,0.950820
datasets/train/Healthy_Leaf/Healthy_Leaf00623.jpg,Healthy_Leaf,Healthy_Leaf,Correct,0.342617
datasets/train/Healthy_Leaf/Healthy_Leaf00285.jpg,Healthy_Leaf,Healthy_Leaf,Correct,0.856001
datasets/train/Leaf_Gall/Leaf_Gall00532.jpg,Leaf_Gall,Leaf_Blight,Incorrect,0.239608
datasets/test/Healthy_Leaf/Healthy_Leaf00569.jpg,Healthy_Leaf,Fungal_Leaf_Spot,Incorrect,0.582312
datasets/test/Curl_Leaf/Curl_Leaf00097.jpg,Curl_Leaf,Dry_Leaf,Incorrect,0.310463
datasets/test/Fungal_Leaf_Spot/Fungal_Leaf_Spot00301.jpg,Fungal_Leaf_Spot,Felt_Leaf,Incorrect,0.528241
datasets/train/Leaf_Gall/Leaf_Gall00063.jpg,Leaf_Gall,Leaf_Gall,Correct,0.377117
datasets/test/Leaf_Blight/Leaf_Blight00564.jpg,Leaf_Blight,Leaf_Blight,Correct,0.899685
datasets/test/Leaf_Blight/Leaf_Blight00320.jpg,Leaf_Blight,Leaf_Blight,Correct,0.682934
datasets/test/Leaf_Gall/Leaf_Gall00507.jpg,Leaf_Gall,Fungal_Leaf_Spot,Incorrect,0.442798
datasets/test/Felt_Leaf/Felt_Leaf00330.jpg,Felt_Leaf,Leaf_Blight,Incorrect,0.457409
datasets/test/Leaf_Blight/Leaf_Blight00323.jpg,Leaf_Blight,Leaf_Blight,Correct,0.682536
datasets/train/Healthy_Leaf/Healthy_Leaf00272.jpg,Healthy_Leaf,Healthy_Leaf,Correct,0.543400
datasets/test/Fungal_Leaf_Spot/Fungal_Leaf_Spot00366.jpg,Fungal_Leaf_Spot,Dry_Leaf,Incorrect,0.535255
datasets/test/Healthy_Leaf/Healthy_Leaf00103.jpg,Healthy_Leaf,Healthy_Leaf,Correct,0.971451
datasets/test/Healthy_Leaf/Healthy_Leaf00309.jpg,Healthy_Leaf,Healthy_Leaf,Correct,0.973775
datasets/train/Leaf_Gall/Leaf_Gall00108.jpg,Leaf_Gall,Leaf_Gall,Correct,0.901766
datasets/test/Curl_Leaf/Curl_Leaf00104.jpg,Curl_Leaf,Curl_Leaf,Correct,0.936938
datasets/test/Deficiency_Leaf/Deficiency_Leaf00112.jpg,Deficiency_Leaf,Bituminous_Leaf,Incorrect,0.809068
datasets/test/Leaf_Blight/Leaf_Blight00094.jpg,Leaf_Blight,Fungal_Leaf_Spot,Incorrect,0.536779
datasets/test/Healthy_Leaf/Healthy_Leaf00355.jpg,Healthy_Leaf,Fungal_Leaf_Spot,Incorrect,0.439584
datasets/train/Curl_Leaf/Curl_Leaf00059.jpg,Curl_Leaf,Felt_Leaf,Incorrect,0.657617
datasets/train/Bituminous_Leaf/Bituminous_Leaf00018.jpg,Bituminous_Leaf,Healthy_Leaf,Incorrect,0.598133
datasets/train/Deficiency_Leaf/Deficiency_Leaf00002.jpg,Deficiency_Leaf,Healthy_Leaf,Incorrect,0.654959
datasets/train/Leaf_Blight/Leaf_Blight00354.jpg,Leaf_Blight,Leaf_Blight,Correct,0.847325
datasets/test/Healthy_Leaf/Healthy_Leaf00386.jpg,Healthy_Leaf,Healthy_Leaf,Correct,0.432354
datasets/train/Fungal_Leaf_Spot/Fungal_Leaf_Spot00062.jpg,Fungal_Leaf_Spot,Fungal_Leaf_Spot,Correct,0.972868
datasets/test/Leaf_Blight/Leaf_Blight00545.jpg,Leaf_Blight,Leaf_Blight,Correct,0.974376
datasets/test/Fungal_Leaf_Spot/Fungal_Leaf_Spot00470.jpg,Fungal_Leaf_Spot,Fungal_Leaf_Spot,Correct,0.926426
datasets/test/Fungal_Leaf_Spot/Fungal_Leaf_Spot00054.jpg,Fungal_Leaf_Spot,Fungal_Leaf_Spot,Correct,0.896956
datasets/test/Felt_Leaf/Felt_Leaf00239.jpg,Felt_Leaf,Fungal_Leaf_Spot,Incorrect,0.764587
datasets/test/Dry_Leaf/Dry_Leaf00147.jpg,Dry_Leaf,Dry_Leaf,Correct,0.706258
datasets/test/Dry_Leaf/Dry_Leaf00146.jpg,Dry_Leaf,Dry_Leaf,Correct,0.925984
datasets/test/Felt_Leaf/Felt_Leaf00164.jpg,Felt_Leaf,Leaf_Blight,Incorrect,0.365771
datasets/test/Dry_Leaf/Dry_Leaf00370.jpg,Dry_Leaf,Dry_Leaf,Correct,0.661203
datasets/test/Healthy_Leaf/Healthy_Leaf00122.jpg,Healthy_Leaf,Healthy_Leaf,Correct,0.536595
datasets/test/Dry_Leaf/Dry_Leaf00126.jpg,Dry_Leaf,Dry_Leaf,Correct,0.799462
datasets/train/Fungal_Leaf_Spot/Fungal_Leaf_Spot00178.jpg,Fungal_Leaf_Spot,Fungal_Leaf_Spot,Correct,0.810666
datasets/test/Healthy_Leaf/Healthy_Leaf00012.jpg,Healthy_Leaf,Healthy_Leaf,Correct,0.628719
datasets/train/Leaf_Gall/Leaf_Gall00190.jpg,Leaf_Gall,Healthy_Leaf,Incorrect,0.673201
datasets/train/Felt_Leaf/Felt_Leaf00040.jpg,Felt_Leaf,Leaf_Blight,Incorrect,0.346666
datasets/test/Leaf_Gall/Leaf_Gall00448.jpg,Leaf_Gall,Leaf_Gall,Correct,0.482041
datasets/test/Leaf_Blight/Leaf_Blight00073.jpg,Leaf_Blight,Anthrax_Leaf,Incorrect,0.502885
datasets/train/Leaf_Gall/Leaf_Gall00602.jpg,Leaf_Gall,Leaf_Gall,Correct,0.821065
datasets/test/Fungal_Leaf_Spot/Fungal_Leaf_Spot00420.jpg,Fungal_Leaf_Spot,Dry_Leaf,Incorrect,0.370795
datasets/train/Dry_Leaf/Dry_Leaf00065.jpg,Dry_Leaf,Dry_Leaf,Correct,0.923746
datasets/train/Bituminous_Leaf/Bituminous_Leaf00127.jpg,Bituminous_Leaf,Bituminous_Leaf,Correct,0.344247
datasets/train/Deficiency_Leaf/Deficiency_Leaf00060.jpg,Deficiency_Leaf,Leaf_Gall,Incorrect,0.411265
datasets/test/Healthy_Leaf/Healthy_Leaf00088.jpg,Healthy_Leaf,Healthy_Leaf,Correct,0.761349
datasets/train/Leaf_Gall/Leaf_Gall00486.jpg,Leaf_Gall,Leaf_Gall,Correct,0.348337
datasets/train/Leaf_Gall/Leaf_Gall00362.jpg,Leaf_Gall,Curl_Leaf,Incorrect,0.378376
datasets/test/Leaf_Blight/Leaf_Blight00182.jpg,Leaf_Blight,Leaf_Gall,Incorrect,0.513697
datasets/test/Leaf_Blight/Leaf_Blight00358.jpg,Leaf_Blight,Leaf_Blight,Correct,0.640116
datasets/train/Dry_Leaf/Dry_Leaf00081.jpg,Dry_Leaf,Dry_Leaf,Correct,0.267585
datasets/test/Dry_Leaf/Dry_Leaf00103.jpg,Dry_Leaf,Dry_Leaf,Correct,0.632608
datasets/train/Dry_Leaf/Dry_Leaf00102.jpg,Dry_Leaf,Dry_Leaf,Correct,0.628259
datasets/train/Fungal_Leaf_Spot/Fungal_Leaf_Spot00513.jpg,Fungal_Leaf_Spot,Fungal_Leaf_Spot,Correct,0.477812
datasets/test/Felt_Leaf/Felt_Leaf00107.jpg,Felt_Leaf,Leaf_Blight,Incorrect,0.404105
datasets/train/Fungal_Leaf_Spot/Fungal_Leaf_Spot00035.jpg,Fungal_Leaf_Spot,Fungal_Leaf_Spot,Correct,0.376881
datasets/test/Felt_Leaf/Felt_Leaf00154.jpg,Felt_Leaf,Felt_Leaf,Correct,0.340964
datasets/test/Bituminous_Leaf/Bituminous_Leaf00103.jpg,Bituminous_Leaf,Bituminous_Leaf,Correct,0.393397
datasets/test/Leaf_Gall/Leaf_Gall00325.jpg,Leaf_Gall,Leaf_Gall,Correct,0.851474
datasets/train/Leaf_Blight/Leaf_Blight00002.jpg,Leaf_Blight,Fungal_Leaf_Spot,Incorrect,0.582592
datasets/test/Healthy_Leaf/Healthy_Leaf00109.jpg,Healthy_Leaf,Healthy_Leaf,Correct,0.975779
datasets/test/Fungal_Leaf_Spot/Fungal_Leaf_Spot00324.jpg,Fungal_Leaf_Spot,Leaf_Gall,Incorrect,0.254746
datasets/test/Dry_Leaf/Dry_Leaf00181.jpg,Dry_Leaf,Dry_Leaf,Correct,0.893301
datasets/train/Leaf_Gall/Leaf_Gall00511.jpg,Leaf_Gall,Leaf_Gall,Correct,0.274997
datasets/test/Leaf_Blight/Leaf_Blight00209.jpg,Leaf_Blight,Leaf_Gall,Incorrect,0.408414
datasets/test/Healthy_Leaf/Healthy_Leaf00068.jpg,Healthy_Leaf,Healthy_Leaf,Correct,0.993479
datasets/train/Healthy_Leaf/Healthy_Leaf00198.jpg,Healthy_Leaf,Healthy_Leaf,Correct,0.800465
datasets/train/Healthy_Leaf/Healthy_Leaf00591.jpg,Healthy_Leaf,Anthrax_Leaf,Incorrect,0.214495
datasets/train/Curl_Leaf/Curl_Leaf00107.jpg,Curl_Leaf,Curl_Leaf,Correct,0.928431
datasets/train/Healthy_Leaf/Healthy_Leaf00486.jpg,Healthy_Leaf,Healthy_Leaf,Correct,0.398523
datasets/train/Fungal_Leaf_Spot/Fungal_Leaf_Spot00211.jpg,Fungal_Leaf_Spot,Fungal_Leaf_Spot,Correct,0.753749
datasets/test/Leaf_Gall/Leaf_Gall00573.jpg,Leaf_Gall,Dry_Leaf,Incorrect,0.237248
datasets/test/Leaf_Blight/Leaf_Blight00532.jpg,Leaf_Blight,Leaf_Blight,Correct,0.369539
datasets/train/Fungal_Leaf_Spot/Fungal_Leaf_Spot00270.jpg,Fungal_Leaf_Spot,Fungal_Leaf_Spot,Correct,0.896880
datasets/test/Felt_Leaf/Felt_Leaf00333.jpg,Felt_Leaf,Fungal_Leaf_Spot,Incorrect,0.683467
datasets/test/Leaf_Gall/Leaf_Gall00369.jpg,Leaf_Gall,Healthy_Leaf,Incorrect,0.289767
datasets/test/Felt_Leaf/Felt_Leaf00259.jpg,Felt_Leaf,Felt_Leaf,Correct,0.446566
datasets/test/Healthy_Leaf/Healthy_Leaf00055.jpg,Healthy_Leaf,Healthy_Leaf,Correct,0.607329
datasets/train/Leaf_Gall/Leaf_Gall00553.jpg,Leaf_Gall,Leaf_Gall,Correct,0.743369
datasets/test/Leaf_Blight/Leaf_Blight00317.jpg,Leaf_Blight,Leaf_Blight,Correct,0.987887
datasets/test/Healthy_Leaf/Healthy_Leaf00260.jpg,Healthy_Leaf,Fungal_Leaf_Spot,Incorrect,0.311117
datasets/test/Healthy_Leaf/Healthy_Leaf00117.jpg,Healthy_Leaf,Healthy_Leaf,Correct,0.976528
datasets/train/Felt_Leaf/Felt_Leaf00293.jpg,Felt_Leaf,Felt_Leaf,Correct,0.454585
datasets/test/Curl_Leaf/Curl_Leaf00035.jpg,Curl_Leaf,Leaf_Gall,Incorrect,0.529379
datasets/test/Felt_Leaf/Felt_Leaf00341.jpg,Felt_Leaf,Leaf_Blight,Incorrect,0.499510
datasets/train/Felt_Leaf/Felt_Leaf00201.jpg,Felt_Leaf,Felt_Leaf,Correct,0.414053
datasets/test/Bituminous_Leaf/Bituminous_Leaf00041.jpg,Bituminous_Leaf,Bituminous_Leaf,Correct,0.887792
datasets/train/Healthy_Leaf/Healthy_Leaf00032.jpg,Healthy_Leaf,Healthy_Leaf,Correct,0.910556
datasets/test/Deficiency_Leaf/Deficiency_Leaf00105.jpg,Deficiency_Leaf,Healthy_Leaf,Incorrect,0.684503
datasets/train/Fungal_Leaf_Spot/Fungal_Leaf_Spot00006.jpg,Fungal_Leaf_Spot,Fungal_Leaf_Spot,Correct,0.319907
datasets/train/Healthy_Leaf/Healthy_Leaf00425.jpg,Healthy_Leaf,Healthy_Leaf,Correct,0.758732
datasets/train/Leaf_Blight/Leaf_Blight00428.jpg,Leaf_Blight,Leaf_Blight,Correct,0.954891
datasets/train/Fungal_Leaf_Spot/Fungal_Leaf_Spot00036.jpg,Fungal_Leaf_Spot,Leaf_Gall,Incorrect,0.516562
datasets/train/Leaf_Gall/Leaf_Gall00070.jpg,Leaf_Gall,Healthy_Leaf,Incorrect,0.284015
datasets/train/Leaf_Blight/Leaf_Blight00579.jpg,Leaf_Blight,Dry_Leaf,Incorrect,0.474260
datasets/test/Dry_Leaf/Dry_Leaf00325.jpg,Dry_Leaf,Dry_Leaf,Correct,0.948526
datasets/test/Anthrax_Leaf/Anthrax_Leaf00115.jpg,Anthrax_Leaf,Dry_Leaf,Incorrect,0.528373
datasets/train/Bituminous_Leaf/Bituminous_Leaf00111.jpg,Bituminous_Leaf,Healthy_Leaf,Incorrect,0.351380
datasets/train/Anthrax_Leaf/Anthrax_Leaf00035.jpg,Anthrax_Leaf,Dry_Leaf,Incorrect,0.586487
datasets/test/Fungal_Leaf_Spot/Fungal_Leaf_Spot00162.jpg,Fungal_Leaf_Spot,Fungal_Leaf_Spot,Correct,0.325765
datasets/train/Leaf_Gall/Leaf_Gall00220.jpg,Leaf_Gall,Leaf_Gall,Correct,0.922141
datasets/train/Leaf_Blight/Leaf_Blight00106.jpg,Leaf_Blight,Leaf_Blight,Correct,0.657878
datasets/test/Felt_Leaf/Felt_Leaf00074.jpg,Felt_Leaf,Fungal_Leaf_Spot,Incorrect,0.239871
datasets/test/Dry_Leaf/Dry_Leaf00088.jpg,Dry_Leaf,Dry_Leaf,Correct,0.690102
datasets/train/Healthy_Leaf/Healthy_Leaf00493.jpg,Healthy_Leaf,Healthy_Leaf,Correct,0.458303
datasets/test/Healthy_Leaf/Healthy_Leaf00491.jpg,Healthy_Leaf,Healthy_Leaf,Correct,0.512943
datasets/train/Anthrax_Leaf/Anthrax_Leaf00130.jpg,Anthrax_Leaf,Anthrax_Leaf,Correct,0.398800
datasets/test/Leaf_Gall/Leaf_Gall00057.jpg,Leaf_Gall,Leaf_Gall,Correct,0.868201
datasets/test/Bituminous_Leaf/Bituminous_Leaf00132.jpg,Bituminous_Leaf,Bituminous_Leaf,Correct,0.369831
datasets/test/Bituminous_Leaf/Bituminous_Leaf00014.jpg,Bituminous_Leaf,Fungal_Leaf_Spot,Incorrect,0.714440
datasets/test/Leaf_Gall/Leaf_Gall00123.jpg,Leaf_Gall,Felt_Leaf,Incorrect,0.609450
datasets/train/Dry_Leaf/Dry_Leaf00299.jpg,Dry_Leaf,Dry_Leaf,Correct,0.565263
datasets/train/Leaf_Blight/Leaf_Blight00333.jpg,Leaf_Blight,Leaf_Blight,Correct,0.558560
datasets/train/Fungal_Leaf_Spot/Fungal_Leaf_Spot00259.jpg,Fungal_Leaf_Spot,Fungal_Leaf_Spot,Correct,0.832509
datasets/test/Curl_Leaf/Curl_Leaf00027.jpg,Curl_Leaf,Curl_Leaf,Correct,0.654771
datasets/test/Leaf_Blight/Leaf_Blight00314.jpg,Leaf_Blight,Leaf_Blight,Correct,0.962690
datasets/train/Healthy_Leaf/Healthy_Leaf00406.jpg,Healthy_Leaf,Healthy_Leaf,Correct,0.897073
datasets/test/Leaf_Blight/Leaf_Blight00286.jpg,Leaf_Blight,Leaf_Blight,Correct,0.590991
datasets/train/Felt_Leaf/Felt_Leaf00095.jpg,Felt_Leaf,Fungal_Leaf_Spot,Incorrect,0.493040
datasets/train/Fungal_Leaf_Spot/Fungal_Leaf_Spot00398.jpg,Fungal_Leaf_Spot,Fungal_Leaf_Spot,Correct,0.518339
datasets/test/Leaf_Blight/Leaf_Blight00015.jpg,Leaf_Blight,Leaf_Gall,Incorrect,0.200311
datasets/train/Healthy_Leaf/Healthy_Leaf00619.jpg,Healthy_Leaf,Healthy_Leaf,Correct,0.402681
datasets/test/Leaf_Blight/Leaf_Blight00037.jpg,Leaf_Blight,Leaf_Blight,Correct,0.899488
datasets/train/Leaf_Blight/Leaf_Blight00161.jpg,Leaf_Blight,Leaf_Blight,Correct,0.500282
datasets/test/Leaf_Gall/Leaf_Gall00358.jpg,Leaf_Gall,Leaf_Blight,Incorrect,0.531951
datasets/test/Healthy_Leaf/Healthy_Leaf00281.jpg,Healthy_Leaf,Healthy_Leaf,Correct,0.869107
datasets/test/Healthy_Leaf/Healthy_Leaf00391.jpg,Healthy_Leaf,Dry_Leaf,Incorrect,0.818496
datasets/test/Leaf_Gall/Leaf_Gall00294.jpg,Leaf_Gall,Leaf_Gall,Correct,0.855123
datasets/train/Fungal_Leaf_Spot/Fungal_Leaf_Spot00355.jpg,Fungal_Leaf_Spot,Felt_Leaf,Incorrect,0.346559
datasets/test/Healthy_Leaf/Healthy_Leaf00606.jpg,Healthy_Leaf,Fungal_Leaf_Spot,Incorrect,0.580473
datasets/train/Leaf_Blight/Leaf_Blight00225.jpg,Leaf_Blight,Fungal_Leaf_Spot,Incorrect,0.324328
datasets/test/Fungal_Leaf_Spot/Fungal_Leaf_Spot00395.jpg,Fungal_Leaf_Spot,Fungal_Leaf_Spot,Correct,0.493132
datasets/test/Healthy_Leaf/Healthy_Leaf00339.jpg,Healthy_Leaf,Healthy_Leaf,Correct,0.841963
datasets/test/Healthy_Leaf/Healthy_Leaf00081.jpg,Healthy_Leaf,Healthy_Leaf,Correct,0.941703
datasets/test/Leaf_Blight/Leaf_Blight00301.jpg,Leaf_Blight,Leaf_Blight,Correct,0.931185
datasets/test/Anthrax_Leaf/Anthrax_Leaf00148.jpg,Anthrax_Leaf,Anthrax_Leaf,Correct,0.854182
datasets/train/Fungal_Leaf_Spot/Fungal_Leaf_Spot00384.jpg,Fungal_Leaf_Spot,Fungal_Leaf_Spot,Correct,0.316193
datasets/train/Dry_Leaf/Dry_Leaf00187.jpg,Dry_Leaf,Dry_Leaf,Correct,0.782201
datasets/test/Dry_Leaf/Dry_Leaf00361.jpg,Dry_Leaf,Leaf_Gall,Incorrect,0.250529
datasets/test/Leaf_Gall/Leaf_Gall00595.jpg,Leaf_Gall,Leaf_Blight,Incorrect,0.436287
datasets/test/Fungal_Leaf_Spot/Fungal_Leaf_Spot00439.jpg,Fungal_Leaf_Spot,Fungal_Leaf_Spot,Correct,0.694136
datasets/train/Anthrax_Leaf/Anthrax_Leaf00105.jpg,Anthrax_Leaf,Leaf_Blight,Incorrect,0.464291
datasets/test/Leaf_Blight/Leaf_Blight00484.jpg,Leaf_Blight,Leaf_Blight,Correct,0.630275
datasets/test/Anthrax_Leaf/Anthrax_Leaf00013.jpg,Anthrax_Leaf,Leaf_Gall,Incorrect,0.272377
datasets/train/Leaf_Blight/Leaf_Blight00539.jpg,Leaf_Blight,Leaf_Blight,Correct,0.419838
datasets/train/Healthy_Leaf/Healthy_Leaf00236.jpg,Healthy_Leaf,Healthy_Leaf,Correct,0.902041
datasets/train/Deficiency_Leaf/Deficiency_Leaf00006.jpg,Deficiency_Leaf,Healthy_Leaf,Incorrect,0.315092
datasets/test/Bituminous_Leaf/Bituminous_Leaf00095.jpg,Bituminous_Leaf,Bituminous_Leaf,Correct,0.184675
datasets/train/Fungal_Leaf_Spot/Fungal_Leaf_Spot00228.jpg,Fungal_Leaf_Spot,Fungal_Leaf_Spot,Correct,0.921350
datasets/train/Leaf_Blight/Leaf_Blight00216.jpg,Leaf_Blight,Leaf_Blight,Correct,0.665484
datasets/train/Leaf_Gall/Leaf_Gall00221.jpg,Leaf_Gall,Leaf_Gall,Correct,0.826109
datasets/train/Fungal_Leaf_Spot/Fungal_Leaf_Spot00487.jpg,Fungal_Leaf_Spot,Fungal_Leaf_Spot,Correct,0.423396
datasets/test/Dry_Leaf/Dry_Leaf00024.jpg,Dry_Leaf,Dry_Leaf,Correct,0.587211
datasets/test/Leaf_Gall/Leaf_Gall00605.jpg,Leaf_Gall,Fungal_Leaf_Spot,Incorrect,0.502628
datasets/test/Leaf_Blight/Leaf_Blight00384.jpg,Leaf_Blight,Leaf_Blight,Correct,0.658813
datasets/train/Leaf_Blight/Leaf_Blight00012.jpg,Leaf_Blight,Leaf_Blight,Correct,0.344220
datasets/train/Healthy_Leaf/Healthy_Leaf00202.jpg,Healthy_Leaf,Healthy_Leaf,Correct,0.554231
datasets/train/Fungal_Leaf_Spot/Fungal_Leaf_Spot00209.jpg,Fungal_Leaf_Spot,Healthy_Leaf,Incorrect,0.498060
datasets/train/Fungal_Leaf_Spot/Fungal_Leaf_Spot00551.jpg,Fungal_Leaf_Spot,Leaf_Blight,Incorrect,0.290336
datasets/test/Fungal_Leaf_Spot/Fungal_Leaf_Spot00247.jpg,Fungal_Leaf_Spot,Healthy_Leaf,Incorrect,0.645392
datasets/train/Healthy_Leaf/Healthy_Leaf00507.jpg,Healthy_Leaf,Healthy_Leaf,Correct,0.722852
datasets/test/Curl_Leaf/Curl_Leaf00112.jpg,Curl_Leaf,Curl_Leaf,Correct,0.869276
datasets/test/Bituminous_Leaf/Bituminous_Leaf00069.jpg,Bituminous_Leaf,Bituminous_Leaf,Correct,0.684712
datasets/test/Fungal_Leaf_Spot/Fungal_Leaf_Spot00014.jpg,Fungal_Leaf_Spot,Fungal_Leaf_Spot,Correct,0.464257
datasets/test/Healthy_Leaf/Healthy_Leaf00505.jpg,Healthy_Leaf,Healthy_Leaf,Correct,0.367851
datasets/test/Healthy_Leaf/Healthy_Leaf00607.jpg,Healthy_Leaf,Fungal_Leaf_Spot,Incorrect,0.435305
datasets/test/Healthy_Leaf/Healthy_Leaf00517.jpg,Healthy_Leaf,Leaf_Blight,Incorrect,0.523130
datasets/train/Healthy_Leaf/Healthy_Leaf00334.jpg,Healthy_Leaf,Healthy_Leaf,Correct,0.942259
datasets/test/Leaf_Gall/Leaf_Gall00593.jpg,Leaf_Gall,Leaf_Gall,Correct,0.586827
datasets/train/Leaf_Blight/Leaf_Blight00044.jpg,Leaf_Blight,Felt_Leaf,Incorrect,0.280991
datasets/test/Leaf_Gall/Leaf_Gall00616.jpg,Leaf_Gall,Fungal_Leaf_Spot,Incorrect,0.442182
datasets/train/Healthy_Leaf/Healthy_Leaf00407.jpg,Healthy_Leaf,Healthy_Leaf,Correct,0.454990
datasets/test/Bituminous_Leaf/Bituminous_Leaf00001.jpg,Bituminous_Leaf,Leaf_Gall,Incorrect,0.602790
datasets/test/Felt_Leaf/Felt_Leaf00143.jpg,Felt_Leaf,Dry_Leaf,Incorrect,0.254583
datasets/train/Felt_Leaf/Felt_Leaf00208.jpg,Felt_Leaf,Dry_Leaf,Incorrect,0.609193
datasets/test/Healthy_Leaf/Healthy_Leaf00410.jpg,Healthy_Leaf,Leaf_Blight,Incorrect,0.410117
datasets/test/Anthrax_Leaf/Anthrax_Leaf00010.jpg,Anthrax_Leaf,Leaf_Gall,Incorrect,0.398069
datasets/test/Leaf_Blight/Leaf_Blight00473.jpg,Leaf_Blight,Leaf_Blight,Correct,0.991189
datasets/train/Anthrax_Leaf/Anthrax_Leaf00142.jpg,Anthrax_Leaf,Healthy_Leaf,Incorrect,0.356331
datasets/train/Felt_Leaf/Felt_Leaf00091.jpg,Felt_Leaf,Felt_Leaf,Correct,0.278442
datasets/train/Healthy_Leaf/Healthy_Leaf00624.jpg,Healthy_Leaf,Healthy_Leaf,Correct,0.959600
datasets/test/Fungal_Leaf_Spot/Fungal_Leaf_Spot00201.jpg,Fungal_Leaf_Spot,Fungal_Leaf_Spot,Correct,0.316961
datasets/train/Deficiency_Leaf/Deficiency_Leaf00054.jpg,Deficiency_Leaf,Fungal_Leaf_Spot,Incorrect,0.443542
datasets/test/Felt_Leaf/Felt_Leaf00151.jpg,Felt_Leaf,Fungal_Leaf_Spot,Incorrect,0.726800
datasets/train/Curl_Leaf/Curl_Leaf00134.jpg,Curl_Leaf,Leaf_Gall,Incorrect,0.228238
datasets/test/Fungal_Leaf_Spot/Fungal_Leaf_Spot00512.jpg,Fungal_Leaf_Spot,Felt_Leaf,Incorrect,0.260309
datasets/train/Dry_Leaf/Dry_Leaf00044.jpg,Dry_Leaf,Dry_Leaf,Correct,0.994575
datasets/test/Fungal_Leaf_Spot/Fungal_Leaf_Spot00152.jpg,Fungal_Leaf_Spot,Fungal_Leaf_Spot,Correct,0.666397
datasets/train/Leaf_Gall/Leaf_Gall00572.jpg,Leaf_Gall,Healthy_Leaf,Incorrect,0.235523
datasets/test/Leaf_Gall/Leaf_Gall00496.jpg,Leaf_Gall,Leaf_Gall,Correct,0.511796
datasets/test/Leaf_Gall/Leaf_Gall00284.jpg,Leaf_Gall,Healthy_Leaf,Incorrect,0.339954
datasets/train/Fungal_Leaf_Spot/Fungal_Leaf_Spot00467.jpg,Fungal_Leaf_Spot,Leaf_Blight,Incorrect,0.526800
datasets/test/Leaf_Gall/Leaf_Gall00038.jpg,Leaf_Gall,Leaf_Blight,Incorrect,0.486590
datasets/train/Leaf_Blight/Leaf_Blight00157.jpg,Leaf_Blight,Leaf_Blight,Correct,0.689688
datasets/train/Leaf_Gall/Leaf_Gall00427.jpg,Leaf_Gall,Leaf_Gall,Correct,0.227949
datasets/test/Healthy_Leaf/Healthy_Leaf00313.jpg,Healthy_Leaf,Healthy_Leaf,Correct,0.926327
datasets/test/Healthy_Leaf/Healthy_Leaf00161.jpg,Healthy_Leaf,Healthy_Leaf,Correct,0.998023
datasets/test/Bituminous_Leaf/Bituminous_Leaf00026.jpg,Bituminous_Leaf,Healthy_Leaf,Incorrect,0.481297
datasets/train/Fungal_Leaf_Spot/Fungal_Leaf_Spot00465.jpg,Fungal_Leaf_Spot,Felt_Leaf,Incorrect,0.347661
datasets/train/Leaf_Blight/Leaf_Blight00121.jpg,Leaf_Blight,Leaf_Blight,Correct,0.933270
datasets/test/Leaf_Gall/Leaf_Gall00175.jpg,Leaf_Gall,Leaf_Gall,Correct,0.597893
datasets/test/Healthy_Leaf/Healthy_Leaf00545.jpg,Healthy_Leaf,Leaf_Gall,Incorrect,0.384593
datasets/train/Fungal_Leaf_Spot/Fungal_Leaf_Spot00184.jpg,Fungal_Leaf_Spot,Fungal_Leaf_Spot,Correct,0.361266
datasets/test/Dry_Leaf/Dry_Leaf00349.jpg,Dry_Leaf,Dry_Leaf,Correct,0.310807
datasets/test/Dry_Leaf/Dry_Leaf00242.jpg,Dry_Leaf,Felt_Leaf,Incorrect,0.280135
datasets/test/Dry_Leaf/Dry_Leaf00260.jpg,Dry_Leaf,Healthy_Leaf,Incorrect,0.382352
datasets/test/Leaf_Blight/Leaf_Blight00528.jpg,Leaf_Blight,Leaf_Blight,Correct,0.665248
datasets/train/Healthy_Leaf/Healthy_Leaf00444.jpg,Healthy_Leaf,Healthy_Leaf,Correct,0.570732
datasets/test/Bituminous_Leaf/Bituminous_Leaf00067.jpg,Bituminous_Leaf,Bituminous_Leaf,Correct,0.893882
datasets/test/Fungal_Leaf_Spot/Fungal_Leaf_Spot00192.jpg,Fungal_Leaf_Spot,Fungal_Leaf_Spot,Correct,0.843906
datasets/train/Leaf_Gall/Leaf_Gall00343.jpg,Leaf_Gall,Leaf_Gall,Correct,0.485659
datasets/test/Healthy_Leaf/Healthy_Leaf00542.jpg,Healthy_Leaf,Healthy_Leaf,Correct,0.980813
datasets/train/Anthrax_Leaf/Anthrax_Leaf00036.jpg,Anthrax_Leaf,Anthrax_Leaf,Correct,0.759017
datasets/train/Curl_Leaf/Curl_Leaf00056.jpg,Curl_Leaf,Leaf_Gall,Incorrect,0.471257
datasets/train/Leaf_Gall/Leaf_Gall00397.jpg,Leaf_Gall,Leaf_Gall,Correct,0.413417
datasets/test/Fungal_Leaf_Spot/Fungal_Leaf_Spot00280.jpg,Fungal_Leaf_Spot,Fungal_Leaf_Spot,Correct,0.768952
datasets/train/Deficiency_Leaf/Deficiency_Leaf00074.jpg,Deficiency_Leaf,Healthy_Leaf,Incorrect,0.579023
datasets/test/Leaf_Blight/Leaf_Blight00213.jpg,Leaf_Blight,Leaf_Blight,Correct,0.879508
datasets/train/Dry_Leaf/Dry_Leaf00009.jpg,Dry_Leaf,Dry_Leaf,Correct,0.994050
datasets/train/Fungal_Leaf_Spot/Fungal_Leaf_Spot00071.jpg,Fungal_Leaf_Spot,Fungal_Leaf_Spot,Correct,0.732820
datasets/test/Leaf_Blight/Leaf_Blight00508.jpg,Leaf_Blight,Leaf_Blight,Correct,0.911076
datasets/test/Healthy_Leaf/Healthy_Leaf00134.jpg,Healthy_Leaf,Healthy_Leaf,Correct,0.993320
datasets/test/Leaf_Gall/Leaf_Gall00562.jpg,Leaf_Gall,Leaf_Gall,Correct,0.569855
datasets/train/Deficiency_Leaf/Deficiency_Leaf00005.jpg,Deficiency_Leaf,Deficiency_Leaf,Correct,0.393796
datasets/test/Leaf_Gall/Leaf_Gall00275.jpg,Leaf_Gall,Leaf_Gall,Correct,0.447109
datasets/train/Leaf_Gall/Leaf_Gall00151.jpg,Leaf_Gall,Leaf_Gall,Correct,0.543592
datasets/test/Dry_Leaf/Dry_Leaf00278.jpg,Dry_Leaf,Dry_Leaf,Correct,0.591869
datasets/test/Fungal_Leaf_Spot/Fungal_Leaf_Spot00033.jpg,Fungal_Leaf_Spot,Fungal_Leaf_Spot,Correct,0.438701
datasets/test/Fungal_Leaf_Spot/Fungal_Leaf_Spot00283.jpg,Fungal_Leaf_Spot,Fungal_Leaf_Spot,Correct,0.960347
datasets/test/Leaf_Gall/Leaf_Gall00483.jpg,Leaf_Gall,Leaf_Gall,Correct,0.355824
datasets/train/Leaf_Gall/Leaf_Gall00302.jpg,Leaf_Gall,Leaf_Blight,Incorrect,0.668487
datasets/test/Bituminous_Leaf/Bituminous_Leaf00122.jpg,Bituminous_Leaf,Dry_Leaf,Incorrect,0.319933
datasets/test/Deficiency_Leaf/Deficiency_Leaf00095.jpg,Deficiency_Leaf,Healthy_Leaf,Incorrect,0.268954
datasets/test/Leaf_Blight/Leaf_Blight00053.jpg,Leaf_Blight,Felt_Leaf,Incorrect,0.430412
datasets/test/Leaf_Gall/Leaf_Gall00510.jpg,Leaf_Gall,Fungal_Leaf_Spot,Incorrect,0.436965
datasets/test/Dry_Leaf/Dry_Leaf00327.jpg,Dry_Leaf,Healthy_Leaf,Incorrect,0.459287
datasets/test/Dry_Leaf/Dry_Leaf00076.jpg,Dry_Leaf,Dry_Leaf,Correct,0.448636
datasets/test/Leaf_Gall/Leaf_Gall00535.jpg,Leaf_Gall,Dry_Leaf,Incorrect,0.290634
datasets/test/Leaf_Gall/Leaf_Gall00428.jpg,Leaf_Gall,Leaf_Gall,Correct,0.511022
datasets/test/Anthrax_Leaf/Anthrax_Leaf00039.jpg,Anthrax_Leaf,Dry_Leaf,Incorrect,0.588950
datasets/test/Leaf_Gall/Leaf_Gall00335.jpg,Leaf_Gall,Leaf_Gall,Correct,0.921293
datasets/test/Felt_Leaf/Felt_Leaf00205.jpg,Felt_Leaf,Felt_Leaf,Correct,0.358919
datasets/test/Healthy_Leaf/Healthy_Leaf00237.jpg,Healthy_Leaf,Healthy_Leaf,Correct,0.952360
datasets/train/Healthy_Leaf/Healthy_Leaf00115.jpg,Healthy_Leaf,Healthy_Leaf,Correct,0.986051
datasets/train/Felt_Leaf/Felt_Leaf00044.jpg,Felt_Leaf,Felt_Leaf,Correct,0.941620
datasets/train/Dry_Leaf/Dry_Leaf00223.jpg,Dry_Leaf,Dry_Leaf,Correct,0.983807
datasets/test/Anthrax_Leaf/Anthrax_Leaf00033.jpg,Anthrax_Leaf,Anthrax_Leaf,Correct,0.398692
datasets/train/Dry_Leaf/Dry_Leaf00377.jpg,Dry_Leaf,Healthy_Leaf,Incorrect,0.637715
datasets/test/Leaf_Blight/Leaf_Blight00101.jpg,Leaf_Blight,Leaf_Blight,Correct,0.865701
datasets/train/Bituminous_Leaf/Bituminous_Leaf00134.jpg,Bituminous_Leaf,Bituminous_Leaf,Correct,0.466382
datasets/test/Felt_Leaf/Felt_Leaf00108.jpg,Felt_Leaf,Fungal_Leaf_Spot,Incorrect,0.711826
datasets/train/Fungal_Leaf_Spot/Fungal_Leaf_Spot00099.jpg,Fungal_Leaf_Spot,Fungal_Leaf_Spot,Correct,0.428156
datasets/train/Dry_Leaf/Dry_Leaf00217.jpg,Dry_Leaf,Dry_Leaf,Correct,0.408170
datasets/train/Anthrax_Leaf/Anthrax_Leaf00080.jpg,Anthrax_Leaf,Anthrax_Leaf,Correct,0.334957
datasets/test/Healthy_Leaf/Healthy_Leaf00307.jpg,Healthy_Leaf,Healthy_Leaf,Correct,0.984825
datasets/train/Dry_Leaf/Dry_Leaf00057.jpg,Dry_Leaf,Dry_Leaf,Correct,0.998721
datasets/train/Leaf_Gall/Leaf_Gall00094.jpg,Leaf_Gall,Bituminous_Leaf,Incorrect,0.431857
datasets/test/Anthrax_Leaf/Anthrax_Leaf00001.jpg,Anthrax_Leaf,Leaf_Blight,Incorrect,0.817208
datasets/train/Healthy_Leaf/Healthy_Leaf00429.jpg,Healthy_Leaf,Dry_Leaf,Incorrect,0.494876
datasets/test/Leaf_Gall/Leaf_Gall00399.jpg,Leaf_Gall,Fungal_Leaf_Spot,Incorrect,0.348946
datasets/test/Anthrax_Leaf/Anthrax_Leaf00143.jpg,Anthrax_Leaf,Anthrax_Leaf,Correct,0.487098
datasets/train/Leaf_Gall/Leaf_Gall00187.jpg,Leaf_Gall,Felt_Leaf,Incorrect,0.315187
datasets/train/Leaf_Blight/Leaf_Blight00559.jpg,Leaf_Blight,Leaf_Blight,Correct,0.958831
datasets/test/Leaf_Gall/Leaf_Gall00390.jpg,Leaf_Gall,Leaf_Blight,Incorrect,0.447790
datasets/test/Curl_Leaf/Curl_Leaf00081.jpg,Curl_Leaf,Fungal_Leaf_Spot,Incorrect,0.348727
datasets/test/Curl_Leaf/Curl_Leaf00113.jpg,Curl_Leaf,Curl_Leaf,Correct,0.988561
datasets/test/Leaf_Blight/Leaf_Blight00062.jpg,Leaf_Blight,Leaf_Gall,Incorrect,0.375522
datasets/test/Leaf_Gall/Leaf_Gall00283.jpg,Leaf_Gall,Leaf_Gall,Correct,0.270218
datasets/test/Leaf_Gall/Leaf_Gall00055.jpg,Leaf_Gall,Leaf_Gall,Correct,0.314430
datasets/train/Leaf_Gall/Leaf_Gall00083.jpg,Leaf_Gall,Leaf_Gall,Correct,0.872429
datasets/train/Healthy_Leaf/Healthy_Leaf00305.jpg,Healthy_Leaf,Healthy_Leaf,Correct,0.940032
datasets/train/Deficiency_Leaf/Deficiency_Leaf00047.jpg,Deficiency_Leaf,Leaf_Blight,Incorrect,0.685618
datasets/train/Dry_Leaf/Dry_Leaf00004.jpg,Dry_Leaf,Dry_Leaf,Correct,0.994729
datasets/test/Felt_Leaf/Felt_Leaf00378.jpg,Felt_Leaf,Felt_Leaf,Correct,0.995823
datasets/train/Leaf_Gall/Leaf_Gall00060.jpg,Leaf_Gall,Felt_Leaf,Incorrect,0.451733
datasets/test/Felt_Leaf/Felt_Leaf00137.jpg,Felt_Leaf,Felt_Leaf,Correct,0.749366
datasets/train/Leaf_Blight/Leaf_Blight00589.jpg,Leaf_Blight,Felt_Leaf,Incorrect,0.310800
datasets/train/Fungal_Leaf_Spot/Fungal_Leaf_Spot00440.jpg,Fungal_Leaf_Spot,Healthy_Leaf,Incorrect,0.227702
datasets/train/Deficiency_Leaf/Deficiency_Leaf00044.jpg,Deficiency_Leaf,Dry_Leaf,Incorrect,0.206233
datasets/test/Dry_Leaf/Dry_Leaf00266.jpg,Dry_Leaf,Dry_Leaf,Correct,0.995596
datasets/train/Leaf_Blight/Leaf_Blight00065.jpg,Leaf_Blight,Healthy_Leaf,Incorrect,0.314072
datasets/train/Fungal_Leaf_Spot/Fungal_Leaf_Spot00451.jpg,Fungal_Leaf_Spot,Fungal_Leaf_Spot,Correct,0.714633
datasets/test/Leaf_Blight/Leaf_Blight00502.jpg,Leaf_Blight,Healthy_Leaf,Incorrect,0.457314
datasets/test/Fungal_Leaf_Spot/Fungal_Leaf_Spot00064.jpg,Fungal_Leaf_Spot,Fungal_Leaf_Spot,Correct,0.368090
datasets/test/Leaf_Gall/Leaf_Gall00387.jpg,Leaf_Gall,Leaf_Blight,Incorrect,0.245007
datasets/train/Leaf_Gall/Leaf_Gall00145.jpg,Leaf_Gall,Leaf_Gall,Correct,0.516244
datasets/test/Curl_Leaf/Curl_Leaf00173.jpg,Curl_Leaf,Healthy_Leaf,Incorrect,0.429639
datasets/train/Leaf_Blight/Leaf_Blight00249.jpg,Leaf_Blight,Leaf_Blight,Correct,0.971832
datasets/test/Bituminous_Leaf/Bituminous_Leaf00121.jpg,Bituminous_Leaf,Dry_Leaf,Incorrect,0.220346
datasets/test/Curl_Leaf/Curl_Leaf00151.jpg,Curl_Leaf,Felt_Leaf,Incorrect,0.232009
datasets/test/Leaf_Gall/Leaf_Gall00413.jpg,Leaf_Gall,Leaf_Gall,Correct,0.390074
datasets/test/Healthy_Leaf/Healthy_Leaf00330.jpg,Healthy_Leaf,Fungal_Leaf_Spot,Incorrect,0.391718
datasets/test/Healthy_Leaf/Healthy_Leaf00175.jpg,Healthy_Leaf,Healthy_Leaf,Correct,0.984386
datasets/test/Fungal_Leaf_Spot/Fungal_Leaf_Spot00238.jpg,Fungal_Leaf_Spot,Fungal_Leaf_Spot,Correct,0.878173
datasets/test/Dry_Leaf/Dry_Leaf00194.jpg,Dry_Leaf,Dry_Leaf,Correct,0.948578
datasets/test/Leaf_Gall/Leaf_Gall00446.jpg,Leaf_Gall,Leaf_Gall,Correct,0.527930
datasets/test/Bituminous_Leaf/Bituminous_Leaf00093.jpg,Bituminous_Leaf,Bituminous_Leaf,Correct,0.714369
datasets/test/Dry_Leaf/Dry_Leaf00144.jpg,Dry_Leaf,Dry_Leaf,Correct,0.976490
datasets/test/Leaf_Blight/Leaf_Blight00572.jpg,Leaf_Blight,Leaf_Blight,Correct,0.976109
datasets/test/Leaf_Gall/Leaf_Gall00431.jpg,Leaf_Gall,Leaf_Gall,Correct,0.749575
datasets/train/Curl_Leaf/Curl_Leaf00178.jpg,Curl_Leaf,Healthy_Leaf,Incorrect,0.661745
datasets/test/Dry_Leaf/Dry_Leaf00245.jpg,Dry_Leaf,Dry_Leaf,Correct,0.913752
datasets/test/Healthy_Leaf/Healthy_Leaf00460.jpg,Healthy_Leaf,Healthy_Leaf,Correct,0.953515
datasets/train/Felt_Leaf/Felt_Leaf00288.jpg,Felt_Leaf,Leaf_Gall,Incorrect,0.470232
datasets/train/Fungal_Leaf_Spot/Fungal_Leaf_Spot00550.jpg,Fungal_Leaf_Spot,Fungal_Leaf_Spot,Correct,0.629269
datasets/train/Anthrax_Leaf/Anthrax_Leaf00014.jpg,Anthrax_Leaf,Healthy_Leaf,Incorrect,0.145107
datasets/train/Fungal_Leaf_Spot/Fungal_Leaf_Spot00299.jpg,Fungal_Leaf_Spot,Fungal_Leaf_Spot,Correct,0.659977
datasets/test/Fungal_Leaf_Spot/Fungal_Leaf_Spot00077.jpg,Fungal_Leaf_Spot,Leaf_Blight,Incorrect,0.496622
datasets/train/Leaf_Gall/Leaf_Gall00512.jpg,Leaf_Gall,Leaf_Blight,Incorrect,0.633114
datasets/test/Healthy_Leaf/Healthy_Leaf00580.jpg,Healthy_Leaf,Healthy_Leaf,Correct,0.433527
datasets/train/Leaf_Blight/Leaf_Blight00164.jpg,Leaf_Blight,Leaf_Blight,Correct,0.940736
datasets/test/Leaf_Blight/Leaf_Blight00096.jpg,Leaf_Blight,Leaf_Blight,Correct,0.643360
datasets/test/Dry_Leaf/Dry_Leaf00119.jpg,Dry_Leaf,Dry_Leaf,Correct,0.984075
datasets/train/Fungal_Leaf_Spot/Fungal_Leaf_Spot00286.jpg,Fungal_Leaf_Spot,Fungal_Leaf_Spot,Correct,0.831623
datasets/train/Deficiency_Leaf/Deficiency_Leaf00114.jpg,Deficiency_Leaf,Leaf_Gall,Incorrect,0.211332
datasets/test/Felt_Leaf/Felt_Leaf00133.jpg,Felt_Leaf,Felt_Leaf,Correct,0.583576
datasets/test/Leaf_Gall/Leaf_Gall00560.jpg,Leaf_Gall,Dry_Leaf,Incorrect,0.653059
datasets/train/Leaf_Blight/Leaf_Blight00490.jpg,Leaf_Blight,Leaf_Blight,Correct,0.992413
datasets/test/Healthy_Leaf/Healthy_Leaf00480.jpg,Healthy_Leaf,Healthy_Leaf,Correct,0.323102
datasets/train/Leaf_Gall/Leaf_Gall00113.jpg,Leaf_Gall,Leaf_Gall,Correct,0.323843
datasets/test/Leaf_Blight/Leaf_Blight00363.jpg,Leaf_Blight,Leaf_Blight,Correct,0.576061
datasets/train/Felt_Leaf/Felt_Leaf00047.jpg,Felt_Leaf,Leaf_Gall,Incorrect,0.328212
datasets/train/Deficiency_Leaf/Deficiency_Leaf00065.jpg,Deficiency_Leaf,Leaf_Gall,Incorrect,0.445255
datasets/train/Healthy_Leaf/Healthy_Leaf00040.jpg,Healthy_Leaf,Healthy_Leaf,Correct,0.987447
datasets/test/Bituminous_Leaf/Bituminous_Leaf00075.jpg,Bituminous_Leaf,Bituminous_Leaf,Correct,0.957731
datasets/train/Healthy_Leaf/Healthy_Leaf00420.jpg,Healthy_Leaf,Healthy_Leaf,Correct,0.408470
datasets/train/Anthrax_Leaf/Anthrax_Leaf00021.jpg,Anthrax_Leaf,Dry_Leaf,Incorrect,0.681308
datasets/test/Deficiency_Leaf/Deficiency_Leaf00010.jpg,Deficiency_Leaf,Fungal_Leaf_Spot,Incorrect,0.365902
datasets/test/Fungal_Leaf_Spot/Fungal_Leaf_Spot00316.jpg,Fungal_Leaf_Spot,Fungal_Leaf_Spot,Correct,0.583467
datasets/test/Leaf_Blight/Leaf_Blight00312.jpg,Leaf_Blight,Leaf_Blight,Correct,0.689894
datasets/test/Curl_Leaf/Curl_Leaf00012.jpg,Curl_Leaf,Healthy_Leaf,Incorrect,0.429318
datasets/train/Fungal_Leaf_Spot/Fungal_Leaf_Spot00261.jpg,Fungal_Leaf_Spot,Fungal_Leaf_Spot,Correct,0.515510
datasets/train/Healthy_Leaf/Healthy_Leaf00327.jpg,Healthy_Leaf,Healthy_Leaf,Correct,0.955201
datasets/test/Healthy_Leaf/Healthy_Leaf00156.jpg,Healthy_Leaf,Healthy_Leaf,Correct,0.750025
datasets/test/Felt_Leaf/Felt_Leaf00281.jpg,Felt_Leaf,Fungal_Leaf_Spot,Incorrect,0.806911
datasets/train/Leaf_Blight/Leaf_Blight00185.jpg,Leaf_Blight,Fungal_Leaf_Spot,Incorrect,0.739012
datasets/train/Healthy_Leaf/Healthy_Leaf00061.jpg,Healthy_Leaf,Healthy_Leaf,Correct,0.988011
datasets/train/Felt_Leaf/Felt_Leaf00376.jpg,Felt_Leaf,Felt_Leaf,Correct,0.342838
datasets/train/Fungal_Leaf_Spot/Fungal_Leaf_Spot00376.jpg,Fungal_Leaf_Spot,Leaf_Gall,Incorrect,0.600577
datasets/train/Felt_Leaf/Felt_Leaf00019.jpg,Felt_Leaf,Felt_Leaf,Correct,0.855996
datasets/test/Leaf_Blight/Leaf_Blight00285.jpg,Leaf_Blight,Leaf_Blight,Correct,0.965966
datasets/test/Fungal_Leaf_Spot/Fungal_Leaf_Spot00300.jpg,Fungal_Leaf_Spot,Felt_Leaf,Incorrect,0.691467
datasets/train/Curl_Leaf/Curl_Leaf00062.jpg,Curl_Leaf,Curl_Leaf,Correct,0.269212
datasets/train/Felt_Leaf/Felt_Leaf00142.jpg,Felt_Leaf,Leaf_Blight,Incorrect,0.583195
datasets/test/Felt_Leaf/Felt_Leaf00272.jpg,Felt_Leaf,Fungal_Leaf_Spot,Incorrect,0.321590
datasets/test/Fungal_Leaf_Spot/Fungal_Leaf_Spot00498.jpg,Fungal_Leaf_Spot,Fungal_Leaf_Spot,Correct,0.634723
datasets/train/Leaf_Gall/Leaf_Gall00274.jpg,Leaf_Gall,Felt_Leaf,Incorrect,0.463561
datasets/test/Deficiency_Leaf/Deficiency_Leaf00045.jpg,Deficiency_Leaf,Leaf_Gall,Incorrect,0.572756
datasets/train/Healthy_Leaf/Healthy_Leaf00352.jpg,Healthy_Leaf,Healthy_Leaf,Correct,0.800077
datasets/train/Leaf_Gall/Leaf_Gall00053.jpg,Leaf_Gall,Leaf_Gall,Correct,0.242861
datasets/train/Healthy_Leaf/Healthy_Leaf00453.jpg,Healthy_Leaf,Healthy_Leaf,Correct,0.919900
datasets/train/Dry_Leaf/Dry_Leaf00264.jpg,Dry_Leaf,Dry_Leaf,Correct,0.526815
datasets/train/Felt_Leaf/Felt_Leaf00032.jpg,Felt_Leaf,Leaf_Gall,Incorrect,0.371675
datasets/train/Felt_Leaf/Felt_Leaf00132.jpg,Felt_Leaf,Dry_Leaf,Incorrect,0.614974
datasets/test/Healthy_Leaf/Healthy_Leaf00154.jpg,Healthy_Leaf,Healthy_Leaf,Correct,0.991594
datasets/test/Curl_Leaf/Curl_Leaf00064.jpg,Curl_Leaf,Dry_Leaf,Incorrect,0.284873
datasets/test/Leaf_Gall/Leaf_Gall00167.jpg,Leaf_Gall,Fungal_Leaf_Spot,Incorrect,0.378282
datasets/train/Bituminous_Leaf/Bituminous_Leaf00107.jpg,Bituminous_Leaf,Bituminous_Leaf,Correct,0.343287
datasets/test/Healthy_Leaf/Healthy_Leaf00605.jpg,Healthy_Leaf,Healthy_Leaf,Correct,0.356426
datasets/test/Anthrax_Leaf/Anthrax_Leaf00098.jpg,Anthrax_Leaf,Anthrax_Leaf,Correct,0.908887
datasets/test/Fungal_Leaf_Spot/Fungal_Leaf_Spot00565.jpg,Fungal_Leaf_Spot,Fungal_Leaf_Spot,Correct,0.628005
datasets/train/Felt_Leaf/Felt_Leaf00103.jpg,Felt_Leaf,Felt_Leaf,Correct,0.602630
datasets/train/Dry_Leaf/Dry_Leaf00140.jpg,Dry_Leaf,Dry_Leaf,Correct,0.997769
datasets/test/Fungal_Leaf_Spot/Fungal_Leaf_Spot00241.jpg,Fungal_Leaf_Spot,Fungal_Leaf_Spot,Correct,0.447887
datasets/train/Healthy_Leaf/Healthy_Leaf00044.jpg,Healthy_Leaf,Healthy_Leaf,Correct,0.949100
datasets/test/Felt_Leaf/Felt_Leaf00109.jpg,Felt_Leaf,Fungal_Leaf_Spot,Incorrect,0.595866
datasets/train/Healthy_Leaf/Healthy_Leaf00100.jpg,Healthy_Leaf,Healthy_Leaf,Correct,0.997573
datasets/test/Leaf_Blight/Leaf_Blight00207.jpg,Leaf_Blight,Leaf_Blight,Correct,0.341764
datasets/test/Fungal_Leaf_Spot/Fungal_Leaf_Spot00523.jpg,Fungal_Leaf_Spot,Fungal_Leaf_Spot,Correct,0.615459
datasets/train/Leaf_Gall/Leaf_Gall00370.jpg,Leaf_Gall,Leaf_Gall,Correct,0.331942
datasets/test/Bituminous_Leaf/Bituminous_Leaf00102.jpg,Bituminous_Leaf,Leaf_Gall,Incorrect,0.254212
datasets/test/Leaf_Gall/Leaf_Gall00199.jpg,Leaf_Gall,Leaf_Gall,Correct,0.913222
datasets/test/Bituminous_Leaf/Bituminous_Leaf00086.jpg,Bituminous_Leaf,Deficiency_Leaf,Incorrect,0.369916
datasets/train/Healthy_Leaf/Healthy_Leaf00489.jpg,Healthy_Leaf,Healthy_Leaf,Correct,0.697246
datasets/train/Leaf_Blight/Leaf_Blight00243.jpg,Leaf_Blight,Leaf_Blight,Correct,0.966079
datasets/test/Healthy_Leaf/Healthy_Leaf00127.jpg,Healthy_Leaf,Healthy_Leaf,Correct,0.973119
datasets/test/Leaf_Gall/Leaf_Gall00244.jpg,Leaf_Gall,Dry_Leaf,Incorrect,0.359981
datasets/train/Leaf_Blight/Leaf_Blight00345.jpg,Leaf_Blight,Leaf_Blight,Correct,0.323129
datasets/train/Anthrax_Leaf/Anthrax_Leaf00121.jpg,Anthrax_Leaf,Healthy_Leaf,Incorrect,0.455569
datasets/train/Fungal_Leaf_Spot/Fungal_Leaf_Spot00519.jpg,Fungal_Leaf_Spot,Fungal_Leaf_Spot,Correct,0.237858
datasets/test/Leaf_Blight/Leaf_Blight00470.jpg,Leaf_Blight,Leaf_Blight,Correct,0.966332
datasets/train/Anthrax_Leaf/Anthrax_Leaf00070.jpg,Anthrax_Leaf,Anthrax_Leaf,Correct,0.575374
datasets/test/Leaf_Gall/Leaf_Gall00246.jpg,Leaf_Gall,Leaf_Blight,Incorrect,0.759602
datasets/test/Bituminous_Leaf/Bituminous_Leaf00056.jpg,Bituminous_Leaf,Bituminous_Leaf,Correct,0.888483
datasets/test/Fungal_Leaf_Spot/Fungal_Leaf_Spot00327.jpg,Fungal_Leaf_Spot,Fungal_Leaf_Spot,Correct,0.737928
datasets/train/Leaf_Gall/Leaf_Gall00374.jpg,Leaf_Gall,Healthy_Leaf,Incorrect,0.178483
datasets/test/Dry_Leaf/Dry_Leaf00287.jpg,Dry_Leaf,Dry_Leaf,Correct,0.988264
datasets/train/Leaf_Gall/Leaf_Gall00312.jpg,Leaf_Gall,Leaf_Gall,Correct,0.974574
datasets/test/Fungal_Leaf_Spot/Fungal_Leaf_Spot00170.jpg,Fungal_Leaf_Spot,Fungal_Leaf_Spot,Correct,0.822751
datasets/test/Deficiency_Leaf/Deficiency_Leaf00031.jpg,Deficiency_Leaf,Leaf_Gall,Incorrect,0.431466
datasets/train/Dry_Leaf/Dry_Leaf00224.jpg,Dry_Leaf,Healthy_Leaf,Incorrect,0.676160
datasets/test/Anthrax_Leaf/Anthrax_Leaf00011.jpg,Anthrax_Leaf,Fungal_Leaf_Spot,Incorrect,0.908441
datasets/test/Healthy_Leaf/Healthy_Leaf00470.jpg,Healthy_Leaf,Healthy_Leaf,Correct,0.948010
datasets/test/Leaf_Blight/Leaf_Blight00563.jpg,Leaf_Blight,Leaf_Blight,Correct,0.853994
datasets/train/Fungal_Leaf_Spot/Fungal_Leaf_Spot00121.jpg,Fungal_Leaf_Spot,Fungal_Leaf_Spot,Correct,0.611103
datasets/test/Healthy_Leaf/Healthy_Leaf00451.jpg,Healthy_Leaf,Healthy_Leaf,Correct,0.563402
datasets/test/Anthrax_Leaf/Anthrax_Leaf00111.jpg,Anthrax_Leaf,Felt_Leaf,Incorrect,0.386154
datasets/test/Leaf_Gall/Leaf_Gall00210.jpg,Leaf_Gall,Leaf_Gall,Correct,0.809121
datasets/train/Fungal_Leaf_Spot/Fungal_Leaf_Spot00416.jpg,Fungal_Leaf_Spot,Fungal_Leaf_Spot,Correct,0.644606
datasets/test/Felt_Leaf/Felt_Leaf00189.jpg,Felt_Leaf,Leaf_Gall,Incorrect,0.511629
datasets/test/Anthrax_Leaf/Anthrax_Leaf00107.jpg,Anthrax_Leaf,Anthrax_Leaf,Correct,0.901432
datasets/train/Leaf_Blight/Leaf_Blight00360.jpg,Leaf_Blight,Fungal_Leaf_Spot,Incorrect,0.302144
datasets/train/Curl_Leaf/Curl_Leaf00123.jpg,Curl_Leaf,Healthy_Leaf,Incorrect,0.340849
datasets/train/Healthy_Leaf/Healthy_Leaf00212.jpg,Healthy_Leaf,Healthy_Leaf,Correct,0.931168
datasets/train/Dry_Leaf/Dry_Leaf00211.jpg,Dry_Leaf,Dry_Leaf,Correct,0.962965
datasets/test/Fungal_Leaf_Spot/Fungal_Leaf_Spot00058.jpg,Fungal_Leaf_Spot,Fungal_Leaf_Spot,Correct,0.964892
datasets/test/Leaf_Blight/Leaf_Blight00071.jpg,Leaf_Blight,Felt_Leaf,Incorrect,0.764810
datasets/test/Dry_Leaf/Dry_Leaf00368.jpg,Dry_Leaf,Dry_Leaf,Correct,0.293782
datasets/test/Leaf_Blight/Leaf_Blight00063.jpg,Leaf_Blight,Leaf_Blight,Correct,0.616301
datasets/train/Felt_Leaf/Felt_Leaf00068.jpg,Felt_Leaf,Felt_Leaf,Correct,0.774290
datasets/train/Healthy_Leaf/Healthy_Leaf00527.jpg,Healthy_Leaf,Healthy_Leaf,Correct,0.238637
datasets/train/Leaf_Gall/Leaf_Gall00176.jpg,Leaf_Gall,Fungal_Leaf_Spot,Incorrect,0.428289
datasets/test/Felt_Leaf/Felt_Leaf00335.jpg,Felt_Leaf,Fungal_Leaf_Spot,Incorrect,0.663365
datasets/test/Curl_Leaf/Curl_Leaf00005.jpg,Curl_Leaf,Curl_Leaf,Correct,0.643771
datasets/test/Dry_Leaf/Dry_Leaf00272.jpg,Dry_Leaf,Dry_Leaf,Correct,0.793904
datasets/train/Dry_Leaf/Dry_Leaf00175.jpg,Dry_Leaf,Dry_Leaf,Correct,0.992888
datasets/train/Healthy_Leaf/Healthy_Leaf00254.jpg,Healthy_Leaf,Healthy_Leaf,Correct,0.857826
datasets/train/Leaf_Gall/Leaf_Gall00043.jpg,Leaf_Gall,Leaf_Gall,Correct,0.498070
datasets/test/Fungal_Leaf_Spot/Fungal_Leaf_Spot00134.jpg,Fungal_Leaf_Spot,Fungal_Leaf_Spot,Correct,0.371898
datasets/test/Leaf_Gall/Leaf_Gall00268.jpg,Leaf_Gall,Leaf_Blight,Incorrect,0.790674
datasets/test/Fungal_Leaf_Spot/Fungal_Leaf_Spot00391.jpg,Fungal_Leaf_Spot,Felt_Leaf,Incorrect,0.264213
datasets/train/Leaf_Gall/Leaf_Gall00124.jpg,Leaf_Gall,Leaf_Gall,Correct,0.421881
datasets/train/Fungal_Leaf_Spot/Fungal_Leaf_Spot00340.jpg,Fungal_Leaf_Spot,Leaf_Blight,Incorrect,0.310392
datasets/test/Felt_Leaf/Felt_Leaf00124.jpg,Felt_Leaf,Felt_Leaf,Correct,0.561429
datasets/test/Leaf_Gall/Leaf_Gall00298.jpg,Leaf_Gall,Leaf_Blight,Incorrect,0.336800
datasets/test/Healthy_Leaf/Healthy_Leaf00427.jpg,Healthy_Leaf,Healthy_Leaf,Correct,0.988897
datasets/test/Healthy_Leaf/Healthy_Leaf00440.jpg,Healthy_Leaf,Dry_Leaf,Incorrect,0.743016
datasets/test/Curl_Leaf/Curl_Leaf00060.jpg,Curl_Leaf,Leaf_Blight,Incorrect,0.350080
datasets/test/Felt_Leaf/Felt_Leaf00012.jpg,Felt_Leaf,Leaf_Gall,Incorrect,0.308225
datasets/train/Healthy_Leaf/Healthy_Leaf00263.jpg,Healthy_Leaf,Fungal_Leaf_Spot,Incorrect,0.659825
datasets/test/Dry_Leaf/Dry_Leaf00330.jpg,Dry_Leaf,Dry_Leaf,Correct,0.245898
datasets/train/Fungal_Leaf_Spot/Fungal_Leaf_Spot00188.jpg,Fungal_Leaf_Spot,Fungal_Leaf_Spot,Correct,0.919864
datasets/train/Felt_Leaf/Felt_Leaf00101.jpg,Felt_Leaf,Felt_Leaf,Correct,0.663067
datasets/train/Healthy_Leaf/Healthy_Leaf00426.jpg,Healthy_Leaf,Healthy_Leaf,Correct,0.948263
datasets/train/Leaf_Blight/Leaf_Blight00503.jpg,Leaf_Blight,Leaf_Blight,Correct,0.543842
datasets/train/Dry_Leaf/Dry_Leaf00220.jpg,Dry_Leaf,Dry_Leaf,Correct,0.944685
datasets/train/Anthrax_Leaf/Anthrax_Leaf00044.jpg,Anthrax_Leaf,Leaf_Gall,Incorrect,0.349083
datasets/test/Anthrax_Leaf/Anthrax_Leaf00059.jpg,Anthrax_Leaf,Anthrax_Leaf,Correct,0.603329
datasets/test/Felt_Leaf/Felt_Leaf00352.jpg,Felt_Leaf,Fungal_Leaf_Spot,Incorrect,0.314650
datasets/test/Dry_Leaf/Dry_Leaf00047.jpg,Dry_Leaf,Dry_Leaf,Correct,0.993768
datasets/test/Healthy_Leaf/Healthy_Leaf00216.jpg,Healthy_Leaf,Fungal_Leaf_Spot,Incorrect,0.289477
datasets/test/Healthy_Leaf/Healthy_Leaf00021.jpg,Healthy_Leaf,Healthy_Leaf,Correct,0.972862
datasets/test/Leaf_Gall/Leaf_Gall00247.jpg,Leaf_Gall,Leaf_Gall,Correct,0.620721
datasets/test/Deficiency_Leaf/Deficiency_Leaf00113.jpg,Deficiency_Leaf,Healthy_Leaf,Incorrect,0.946309
datasets/test/Leaf_Blight/Leaf_Blight00132.jpg,Leaf_Blight,Leaf_Gall,Incorrect,0.515057
datasets/test/Curl_Leaf/Curl_Leaf00069.jpg,Curl_Leaf,Healthy_Leaf,Incorrect,0.386941
datasets/test/Fungal_Leaf_Spot/Fungal_Leaf_Spot00288.jpg,Fungal_Leaf_Spot,Fungal_Leaf_Spot,Correct,0.426659
datasets/train/Fungal_Leaf_Spot/Fungal_Leaf_Spot00475.jpg,Fungal_Leaf_Spot,Fungal_Leaf_Spot,Correct,0.787092
datasets/test/Fungal_Leaf_Spot/Fungal_Leaf_Spot00021.jpg,Fungal_Leaf_Spot,Dry_Leaf,Incorrect,0.303736
datasets/test/Dry_Leaf/Dry_Leaf00014.jpg,Dry_Leaf,Dry_Leaf,Correct,0.919014
datasets/test/Leaf_Gall/Leaf_Gall00032.jpg,Leaf_Gall,Leaf_Gall,Correct,0.567477
datasets/test/Curl_Leaf/Curl_Leaf00013.jpg,Curl_Leaf,Curl_Leaf,Correct,0.402120
datasets/train/Dry_Leaf/Dry_Leaf00075.jpg,Dry_Leaf,Dry_Leaf,Correct,0.688165
datasets/test/Deficiency_Leaf/Deficiency_Leaf00116.jpg,Deficiency_Leaf,Deficiency_Leaf,Correct,0.470651
datasets/train/Felt_Leaf/Felt_Leaf00127.jpg,Felt_Leaf,Felt_Leaf,Correct,0.412704
datasets/test/Leaf_Blight/Leaf_Blight00176.jpg,Leaf_Blight,Fungal_Leaf_Spot,Incorrect,0.367511
datasets/test/Leaf_Gall/Leaf_Gall00045.jpg,Leaf_Gall,Leaf_Blight,Incorrect,0.766916
datasets/test/Fungal_Leaf_Spot/Fungal_Leaf_Spot00308.jpg,Fungal_Leaf_Spot,Healthy_Leaf,Incorrect,0.561897
datasets/test/Healthy_Leaf/Healthy_Leaf00532.jpg,Healthy_Leaf,Healthy_Leaf,Correct,0.364153
datasets/test/Felt_Leaf/Felt_Leaf00380.jpg,Felt_Leaf,Felt_Leaf,Correct,0.987006
datasets/test/Leaf_Gall/Leaf_Gall00424.jpg,Leaf_Gall,Leaf_Gall,Correct,0.356310
datasets/test/Healthy_Leaf/Healthy_Leaf00171.jpg,Healthy_Leaf,Healthy_Leaf,Correct,0.517820
datasets/train/Leaf_Blight/Leaf_Blight00199.jpg,Leaf_Blight,Healthy_Leaf,Incorrect,0.666031
datasets/test/Leaf_Gall/Leaf_Gall00547.jpg,Leaf_Gall,Leaf_Gall,Correct,0.672309
datasets/test/Healthy_Leaf/Healthy_Leaf00526.jpg,Healthy_Leaf,Dry_Leaf,Incorrect,0.444733
datasets/train/Leaf_Blight/Leaf_Blight00377.jpg,Leaf_Blight,Leaf_Gall,Incorrect,0.338907
datasets/test/Fungal_Leaf_Spot/Fungal_Leaf_Spot00560.jpg,Fungal_Leaf_Spot,Fungal_Leaf_Spot,Correct,0.664120
datasets/test/Leaf_Blight/Leaf_Blight00269.jpg,Leaf_Blight,Leaf_Blight,Correct,0.388326
datasets/test/Bituminous_Leaf/Bituminous_Leaf00070.jpg,Bituminous_Leaf,Bituminous_Leaf,Correct,0.524735
datasets/test/Leaf_Blight/Leaf_Blight00188.jpg,Leaf_Blight,Leaf_Gall,Incorrect,0.369826
datasets/train/Felt_Leaf/Felt_Leaf00234.jpg,Felt_Leaf,Fungal_Leaf_Spot,Incorrect,0.328524
datasets/train/Healthy_Leaf/Healthy_Leaf00450.jpg,Healthy_Leaf,Fungal_Leaf_Spot,Incorrect,0.234434
datasets/test/Leaf_Gall/Leaf_Gall00590.jpg,Leaf_Gall,Leaf_Gall,Correct,0.450445
datasets/test/Anthrax_Leaf/Anthrax_Leaf00052.jpg,Anthrax_Leaf,Anthrax_Leaf,Correct,0.884176
datasets/test/Curl_Leaf/Curl_Leaf00029.jpg,Curl_Leaf,Healthy_Leaf,Incorrect,0.568710
datasets/test/Felt_Leaf/Felt_Leaf00344.jpg,Felt_Leaf,Fungal_Leaf_Spot,Incorrect,0.431436
datasets/test/Leaf_Blight/Leaf_Blight00331.jpg,Leaf_Blight,Leaf_Blight,Correct,0.452957
datasets/train/Fungal_Leaf_Spot/Fungal_Leaf_Spot00070.jpg,Fungal_Leaf_Spot,Fungal_Leaf_Spot,Correct,0.732213
datasets/train/Bituminous_Leaf/Bituminous_Leaf00030.jpg,Bituminous_Leaf,Bituminous_Leaf,Correct,0.333308
datasets/train/Bituminous_Leaf/Bituminous_Leaf00108.jpg,Bituminous_Leaf,Dry_Leaf,Incorrect,0.331701
datasets/train/Leaf_Gall/Leaf_Gall00407.jpg,Leaf_Gall,Leaf_Gall,Correct,0.433870
datasets/test/Healthy_Leaf/Healthy_Leaf00096.jpg,Healthy_Leaf,Healthy_Leaf,Correct,0.606460
datasets/test/Deficiency_Leaf/Deficiency_Leaf00029.jpg,Deficiency_Leaf,Anthrax_Leaf,Incorrect,0.464215
datasets/train/Fungal_Leaf_Spot/Fungal_Leaf_Spot00396.jpg,Fungal_Leaf_Spot,Fungal_Leaf_Spot,Correct,0.642480
datasets/train/Curl_Leaf/Curl_Leaf00170.jpg,Curl_Leaf,Curl_Leaf,Correct,0.734813
datasets/test/Deficiency_Leaf/Deficiency_Leaf00078.jpg,Deficiency_Leaf,Leaf_Gall,Incorrect,0.398848
datasets/train/Felt_Leaf/Felt_Leaf00278.jpg,Felt_Leaf,Felt_Leaf,Correct,0.472312
datasets/train/Leaf_Blight/Leaf_Blight00059.jpg,Leaf_Blight,Leaf_Blight,Correct,0.440583
datasets/train/Leaf_Blight/Leaf_Blight00504.jpg,Leaf_Blight,Leaf_Blight,Correct,0.414183
datasets/test/Dry_Leaf/Dry_Leaf00028.jpg,Dry_Leaf,Dry_Leaf,Correct,0.963560
datasets/train/Felt_Leaf/Felt_Leaf00381.jpg,Felt_Leaf,Felt_Leaf,Correct,0.993439
datasets/test/Bituminous_Leaf/Bituminous_Leaf00020.jpg,Bituminous_Leaf,Bituminous_Leaf,Correct,0.812249
datasets/train/Leaf_Gall/Leaf_Gall00376.jpg,Leaf_Gall,Felt_Leaf,Incorrect,0.662232
datasets/train/Fungal_Leaf_Spot/Fungal_Leaf_Spot00499.jpg,Fungal_Leaf_Spot,Felt_Leaf,Incorrect,0.335030
datasets/test/Dry_Leaf/Dry_Leaf00036.jpg,Dry_Leaf,Dry_Leaf,Correct,0.983912
datasets/train/Bituminous_Leaf/Bituminous_Leaf00010.jpg,Bituminous_Leaf,Bituminous_Leaf,Correct,0.988072
datasets/test/Healthy_Leaf/Healthy_Leaf00017.jpg,Healthy_Leaf,Leaf_Blight,Incorrect,0.505034
datasets/train/Leaf_Blight/Leaf_Blight00136.jpg,Leaf_Blight,Leaf_Gall,Incorrect,0.336542
datasets/test/Leaf_Blight/Leaf_Blight00229.jpg,Leaf_Blight,Leaf_Blight,Correct,0.515203
datasets/test/Leaf_Gall/Leaf_Gall00185.jpg,Leaf_Gall,Felt_Leaf,Incorrect,0.415856
datasets/test/Dry_Leaf/Dry_Leaf00109.jpg,Dry_Leaf,Leaf_Gall,Incorrect,0.237852
datasets/test/Felt_Leaf/Felt_Leaf00169.jpg,Felt_Leaf,Felt_Leaf,Correct,0.243418
datasets/test/Healthy_Leaf/Healthy_Leaf00360.jpg,Healthy_Leaf,Healthy_Leaf,Correct,0.994671
datasets/test/Healthy_Leaf/Healthy_Leaf00101.jpg,Healthy_Leaf,Healthy_Leaf,Correct,0.982517
datasets/train/Fungal_Leaf_Spot/Fungal_Leaf_Spot00094.jpg,Fungal_Leaf_Spot,Leaf_Blight,Incorrect,0.276561
datasets/test/Healthy_Leaf/Healthy_Leaf00521.jpg,Healthy_Leaf,Healthy_Leaf,Correct,0.404438
datasets/test/Felt_Leaf/Felt_Leaf00043.jpg,Felt_Leaf,Felt_Leaf,Correct,0.884282
datasets/test/Healthy_Leaf/Healthy_Leaf00581.jpg,Healthy_Leaf,Healthy_Leaf,Correct,0.785460
datasets/train/Fungal_Leaf_Spot/Fungal_Leaf_Spot00273.jpg,Fungal_Leaf_Spot,Fungal_Leaf_Spot,Correct,0.760722
datasets/train/Leaf_Blight/Leaf_Blight00026.jpg,Leaf_Blight,Leaf_Blight,Correct,0.607686
datasets/test/Leaf_Blight/Leaf_Blight00179.jpg,Leaf_Blight,Leaf_Gall,Incorrect,0.253839
datasets/test/Deficiency_Leaf/Deficiency_Leaf00009.jpg,Deficiency_Leaf,Leaf_Gall,Incorrect,0.474639
datasets/train/Leaf_Gall/Leaf_Gall00156.jpg,Leaf_Gall,Leaf_Blight,Incorrect,0.734570
datasets/test/Leaf_Gall/Leaf_Gall00377.jpg,Leaf_Gall,Leaf_Gall,Correct,0.607032
datasets/test/Fungal_Leaf_Spot/Fungal_Leaf_Spot00015.jpg,Fungal_Leaf_Spot,Fungal_Leaf_Spot,Correct,0.720525
datasets/train/Dry_Leaf/Dry_Leaf00234.jpg,Dry_Leaf,Dry_Leaf,Correct,0.785599
datasets/train/Healthy_Leaf/Healthy_Leaf00346.jpg,Healthy_Leaf,Healthy_Leaf,Correct,0.854788
datasets/train/Fungal_Leaf_Spot/Fungal_Leaf_Spot00522.jpg,Fungal_Leaf_Spot,Fungal_Leaf_Spot,Correct,0.892066
datasets/test/Healthy_Leaf/Healthy_Leaf00516.jpg,Healthy_Leaf,Healthy_Leaf,Correct,0.760374
datasets/train/Healthy_Leaf/Healthy_Leaf00284.jpg,Healthy_Leaf,Healthy_Leaf,Correct,0.838161
datasets/test/Leaf_Gall/Leaf_Gall00500.jpg,Leaf_Gall,Leaf_Blight,Incorrect,0.304194
datasets/train/Anthrax_Leaf/Anthrax_Leaf00117.jpg,Anthrax_Leaf,Anthrax_Leaf,Correct,0.680209
datasets/train/Curl_Leaf/Curl_Leaf00179.jpg,Curl_Leaf,Curl_Leaf,Correct,0.927764
datasets/test/Leaf_Blight/Leaf_Blight00472.jpg,Leaf_Blight,Leaf_Blight,Correct,0.882488
datasets/train/Fungal_Leaf_Spot/Fungal_Leaf_Spot00364.jpg,Fungal_Leaf_Spot,Felt_Leaf,Incorrect,0.828161
datasets/test/Curl_Leaf/Curl_Leaf00138.jpg,Curl_Leaf,Curl_Leaf,Correct,0.488074
datasets/train/Fungal_Leaf_Spot/Fungal_Leaf_Spot00500.jpg,Fungal_Leaf_Spot,Healthy_Leaf,Incorrect,0.324933
datasets/test/Fungal_Leaf_Spot/Fungal_Leaf_Spot00516.jpg,Fungal_Leaf_Spot,Fungal_Leaf_Spot,Correct,0.499398
datasets/train/Curl_Leaf/Curl_Leaf00082.jpg,Curl_Leaf,Curl_Leaf,Correct,0.913549
datasets/test/Fungal_Leaf_Spot/Fungal_Leaf_Spot00464.jpg,Fungal_Leaf_Spot,Healthy_Leaf,Incorrect,0.300544
datasets/train/Healthy_Leaf/Healthy_Leaf00510.jpg,Healthy_Leaf,Healthy_Leaf,Correct,0.899992
datasets/test/Healthy_Leaf/Healthy_Leaf00181.jpg,Healthy_Leaf,Healthy_Leaf,Correct,0.880317
datasets/test/Healthy_Leaf/Healthy_Leaf00093.jpg,Healthy_Leaf,Healthy_Leaf,Correct,0.926582
datasets/test/Leaf_Gall/Leaf_Gall00097.jpg,Leaf_Gall,Felt_Leaf,Incorrect,0.524638
datasets/test/Leaf_Gall/Leaf_Gall00415.jpg,Leaf_Gall,Leaf_Gall,Correct,0.356988
datasets/test/Healthy_Leaf/Healthy_Leaf00588.jpg,Healthy_Leaf,Healthy_Leaf,Correct,0.541451
datasets/test/Healthy_Leaf/Healthy_Leaf00565.jpg,Healthy_Leaf,Leaf_Gall,Incorrect,0.240357
datasets/test/Leaf_Gall/Leaf_Gall00351.jpg,Leaf_Gall,Leaf_Blight,Incorrect,0.554213
datasets/train/Leaf_Blight/Leaf_Blight00349.jpg,Leaf_Blight,Dry_Leaf,Incorrect,0.273337
datasets/test/Healthy_Leaf/Healthy_Leaf00025.jpg,Healthy_Leaf,Leaf_Blight,Incorrect,0.554731
datasets/test/Dry_Leaf/Dry_Leaf00216.jpg,Dry_Leaf,Dry_Leaf,Correct,0.538688
datasets/train/Leaf_Blight/Leaf_Blight00150.jpg,Leaf_Blight,Leaf_Blight,Correct,0.666030
datasets/test/Healthy_Leaf/Healthy_Leaf00398.jpg,Healthy_Leaf,Healthy_Leaf,Correct,0.681107
datasets/test/Felt_Leaf/Felt_Leaf00315.jpg,Felt_Leaf,Felt_Leaf,Correct,0.540600
datasets/train/Dry_Leaf/Dry_Leaf00018.jpg,Dry_Leaf,Dry_Leaf,Correct,0.899365
datasets/test/Anthrax_Leaf/Anthrax_Leaf00144.jpg,Anthrax_Leaf,Anthrax_Leaf,Correct,0.863935
datasets/test/Healthy_Leaf/Healthy_Leaf00266.jpg,Healthy_Leaf,Healthy_Leaf,Correct,0.682654
datasets/test/Leaf_Gall/Leaf_Gall00354.jpg,Leaf_Gall,Leaf_Gall,Correct,0.588571
datasets/train/Felt_Leaf/Felt_Leaf00009.jpg,Felt_Leaf,Leaf_Gall,Incorrect,0.860876
datasets/train/Felt_Leaf/Felt_Leaf00078.jpg,Felt_Leaf,Felt_Leaf,Correct,0.402650
datasets/test/Fungal_Leaf_Spot/Fungal_Leaf_Spot00207.jpg,Fungal_Leaf_Spot,Dry_Leaf,Incorrect,0.283442
datasets/train/Leaf_Blight/Leaf_Blight00262.jpg,Leaf_Blight,Leaf_Blight,Correct,0.595289
datasets/test/Dry_Leaf/Dry_Leaf00292.jpg,Dry_Leaf,Dry_Leaf,Correct,0.966917
datasets/train/Fungal_Leaf_Spot/Fungal_Leaf_Spot00135.jpg,Fungal_Leaf_Spot,Fungal_Leaf_Spot,Correct,0.650229
datasets/test/Leaf_Blight/Leaf_Blight00254.jpg,Leaf_Blight,Leaf_Blight,Correct,0.616248
datasets/test/Dry_Leaf/Dry_Leaf00318.jpg,Dry_Leaf,Dry_Leaf,Correct,0.623618
datasets/test/Dry_Leaf/Dry_Leaf00348.jpg,Dry_Leaf,Leaf_Blight,Incorrect,0.297781
datasets/test/Dry_Leaf/Dry_Leaf00333.jpg,Dry_Leaf,Dry_Leaf,Correct,0.908218
datasets/train/Leaf_Blight/Leaf_Blight00193.jpg,Leaf_Blight,Leaf_Gall,Incorrect,0.360445
datasets/train/Leaf_Blight/Leaf_Blight00359.jpg,Leaf_Blight,Leaf_Blight,Correct,0.526853
datasets/train/Healthy_Leaf/Healthy_Leaf00215.jpg,Healthy_Leaf,Healthy_Leaf,Correct,0.643606
datasets/test/Healthy_Leaf/Healthy_Leaf00558.jpg,Healthy_Leaf,Leaf_Blight,Incorrect,0.428649
datasets/test/Healthy_Leaf/Healthy_Leaf00394.jpg,Healthy_Leaf,Fungal_Leaf_Spot,Incorrect,0.639389
datasets/train/Leaf_Blight/Leaf_Blight00068.jpg,Leaf_Blight,Leaf_Blight,Correct,0.295479
datasets/test/Leaf_Gall/Leaf_Gall00198.jpg,Leaf_Gall,Fungal_Leaf_Spot,Incorrect,0.413052
datasets/test/Healthy_Leaf/Healthy_Leaf00300.jpg,Healthy_Leaf,Healthy_Leaf,Correct,0.631310
datasets/test/Leaf_Blight/Leaf_Blight00253.jpg,Leaf_Blight,Leaf_Blight,Correct,0.774800
datasets/train/Fungal_Leaf_Spot/Fungal_Leaf_Spot00297.jpg,Fungal_Leaf_Spot,Fungal_Leaf_Spot,Correct,0.337061
datasets/test/Felt_Leaf/Felt_Leaf00004.jpg,Felt_Leaf,Leaf_Blight,Incorrect,0.371378
datasets/train/Dry_Leaf/Dry_Leaf00209.jpg,Dry_Leaf,Dry_Leaf,Correct,0.989593
datasets/test/Bituminous_Leaf/Bituminous_Leaf00042.jpg,Bituminous_Leaf,Bituminous_Leaf,Correct,0.474675
datasets/train/Fungal_Leaf_Spot/Fungal_Leaf_Spot00027.jpg,Fungal_Leaf_Spot,Fungal_Leaf_Spot,Correct,0.863850
datasets/test/Healthy_Leaf/Healthy_Leaf00555.jpg,Healthy_Leaf,Healthy_Leaf,Correct,0.441908
datasets/test/Dry_Leaf/Dry_Leaf00263.jpg,Dry_Leaf,Dry_Leaf,Correct,0.629871
datasets/test/Leaf_Gall/Leaf_Gall00003.jpg,Leaf_Gall,Leaf_Blight,Incorrect,0.712192
datasets/test/Leaf_Blight/Leaf_Blight00192.jpg,Leaf_Blight,Felt_Leaf,Incorrect,0.357363
datasets/test/Fungal_Leaf_Spot/Fungal_Leaf_Spot00173.jpg,Fungal_Leaf_Spot,Dry_Leaf,Incorrect,0.425864
datasets/test/Healthy_Leaf/Healthy_Leaf00045.jpg,Healthy_Leaf,Healthy_Leaf,Correct,0.887075
datasets/test/Fungal_Leaf_Spot/Fungal_Leaf_Spot00528.jpg,Fungal_Leaf_Spot,Curl_Leaf,Incorrect,0.446800
datasets/test/Healthy_Leaf/Healthy_Leaf00177.jpg,Healthy_Leaf,Healthy_Leaf,Correct,0.804194
datasets/test/Anthrax_Leaf/Anthrax_Leaf00018.jpg,Anthrax_Leaf,Dry_Leaf,Incorrect,0.545918
datasets/test/Anthrax_Leaf/Anthrax_Leaf00023.jpg,Anthrax_Leaf,Anthrax_Leaf,Correct,0.770686
datasets/train/Dry_Leaf/Dry_Leaf00039.jpg,Dry_Leaf,Dry_Leaf,Correct,0.439913
datasets/test/Leaf_Blight/Leaf_Blight00122.jpg,Leaf_Blight,Leaf_Blight,Correct,0.424262
datasets/test/Leaf_Gall/Leaf_Gall00142.jpg,Leaf_Gall,Leaf_Gall,Correct,0.773927
datasets/train/Leaf_Blight/Leaf_Blight00001.jpg,Leaf_Blight,Leaf_Blight,Correct,0.927086
datasets/train/Leaf_Blight/Leaf_Blight00381.jpg,Leaf_Blight,Leaf_Gall,Incorrect,0.299844
datasets/train/Felt_Leaf/Felt_Leaf00119.jpg,Felt_Leaf,Felt_Leaf,Correct,0.902429
datasets/test/Anthrax_Leaf/Anthrax_Leaf00061.jpg,Anthrax_Leaf,Anthrax_Leaf,Correct,0.389881
datasets/test/Felt_Leaf/Felt_Leaf00187.jpg,Felt_Leaf,Leaf_Gall,Incorrect,0.642538
datasets/train/Leaf_Blight/Leaf_Blight00370.jpg,Leaf_Blight,Leaf_Blight,Correct,0.624861
datasets/train/Leaf_Blight/Leaf_Blight00544.jpg,Leaf_Blight,Leaf_Blight,Correct,0.362014
datasets/test/Leaf_Gall/Leaf_Gall00395.jpg,Leaf_Gall,Bituminous_Leaf,Incorrect,0.322358
datasets/test/Fungal_Leaf_Spot/Fungal_Leaf_Spot00367.jpg,Fungal_Leaf_Spot,Felt_Leaf,Incorrect,0.596173
datasets/test/Healthy_Leaf/Healthy_Leaf00443.jpg,Healthy_Leaf,Healthy_Leaf,Correct,0.602994
datasets/test/Felt_Leaf/Felt_Leaf00062.jpg,Felt_Leaf,Felt_Leaf,Correct,0.602455
datasets/train/Felt_Leaf/Felt_Leaf00314.jpg,Felt_Leaf,Felt_Leaf,Correct,0.580087
datasets/test/Leaf_Blight/Leaf_Blight00485.jpg,Leaf_Blight,Leaf_Blight,Correct,0.579793
datasets/train/Leaf_Blight/Leaf_Blight00109.jpg,Leaf_Blight,Fungal_Leaf_Spot,Incorrect,0.621062
datasets/train/Leaf_Blight/Leaf_Blight00240.jpg,Leaf_Blight,Leaf_Blight,Correct,0.570542
datasets/train/Leaf_Gall/Leaf_Gall00355.jpg,Leaf_Gall,Leaf_Gall,Correct,0.292002
datasets/test/Felt_Leaf/Felt_Leaf00199.jpg,Felt_Leaf,Felt_Leaf,Correct,0.390655
datasets/test/Healthy_Leaf/Healthy_Leaf00402.jpg,Healthy_Leaf,Healthy_Leaf,Correct,0.560312
datasets/test/Leaf_Blight/Leaf_Blight00375.jpg,Leaf_Blight,Leaf_Blight,Correct,0.852526
datasets/test/Fungal_Leaf_Spot/Fungal_Leaf_Spot00491.jpg,Fungal_Leaf_Spot,Felt_Leaf,Incorrect,0.474171
datasets/train/Felt_Leaf/Felt_Leaf00342.jpg,Felt_Leaf,Fungal_Leaf_Spot,Incorrect,0.401306
datasets/train/Fungal_Leaf_Spot/Fungal_Leaf_Spot00415.jpg,Fungal_Leaf_Spot,Fungal_Leaf_Spot,Correct,0.718787
datasets/test/Fungal_Leaf_Spot/Fungal_Leaf_Spot00482.jpg,Fungal_Leaf_Spot,Leaf_Blight,Incorrect,0.593142
datasets/test/Anthrax_Leaf/Anthrax_Leaf00069.jpg,Anthrax_Leaf,Anthrax_Leaf,Correct,0.928952
datasets/test/Healthy_Leaf/Healthy_Leaf00514.jpg,Healthy_Leaf,Healthy_Leaf,Correct,0.584998
datasets/test/Leaf_Blight/Leaf_Blight00379.jpg,Leaf_Blight,Leaf_Blight,Correct,0.905935
datasets/train/Fungal_Leaf_Spot/Fungal_Leaf_Spot00463.jpg,Fungal_Leaf_Spot,Fungal_Leaf_Spot,Correct,0.750577
datasets/test/Leaf_Blight/Leaf_Blight00399.jpg,Leaf_Blight,Leaf_Blight,Correct,0.943784
datasets/test/Dry_Leaf/Dry_Leaf00280.jpg,Dry_Leaf,Dry_Leaf,Correct,0.991261
datasets/train/Fungal_Leaf_Spot/Fungal_Leaf_Spot00002.jpg,Fungal_Leaf_Spot,Fungal_Leaf_Spot,Correct,0.704127
datasets/train/Healthy_Leaf/Healthy_Leaf00036.jpg,Healthy_Leaf,Healthy_Leaf,Correct,0.750671
datasets/test/Fungal_Leaf_Spot/Fungal_Leaf_Spot00515.jpg,Fungal_Leaf_Spot,Leaf_Blight,Incorrect,0.409933
datasets/train/Leaf_Blight/Leaf_Blight00105.jpg,Leaf_Blight,Leaf_Blight,Correct,0.496892
datasets/test/Deficiency_Leaf/Deficiency_Leaf00099.jpg,Deficiency_Leaf,Leaf_Gall,Incorrect,0.215490
datasets/train/Fungal_Leaf_Spot/Fungal_Leaf_Spot00489.jpg,Fungal_Leaf_Spot,Fungal_Leaf_Spot,Correct,0.622232
datasets/test/Felt_Leaf/Felt_Leaf00238.jpg,Felt_Leaf,Felt_Leaf,Correct,0.602589
datasets/test/Leaf_Blight/Leaf_Blight00305.jpg,Leaf_Blight,Leaf_Blight,Correct,0.489418
datasets/test/Leaf_Gall/Leaf_Gall00386.jpg,Leaf_Gall,Leaf_Gall,Correct,0.599208
datasets/train/Healthy_Leaf/Healthy_Leaf00621.jpg,Healthy_Leaf,Healthy_Leaf,Correct,0.785338
datasets/train/Healthy_Leaf/Healthy_Leaf00361.jpg,Healthy_Leaf,Healthy_Leaf,Correct,0.691640
datasets/test/Fungal_Leaf_Spot/Fungal_Leaf_Spot00495.jpg,Fungal_Leaf_Spot,Fungal_Leaf_Spot,Correct,0.714032
datasets/test/Healthy_Leaf/Healthy_Leaf00435.jpg,Healthy_Leaf,Healthy_Leaf,Correct,0.478001
datasets/test/Dry_Leaf/Dry_Leaf00154.jpg,Dry_Leaf,Dry_Leaf,Correct,0.967526
datasets/train/Healthy_Leaf/Healthy_Leaf00186.jpg,Healthy_Leaf,Healthy_Leaf,Correct,0.835497
datasets/test/Healthy_Leaf/Healthy_Leaf00080.jpg,Healthy_Leaf,Healthy_Leaf,Correct,0.919059
datasets/test/Leaf_Blight/Leaf_Blight00367.jpg,Leaf_Blight,Leaf_Blight,Correct,0.408338
datasets/train/Healthy_Leaf/Healthy_Leaf00099.jpg,Healthy_Leaf,Healthy_Leaf,Correct,0.980793
datasets/test/Dry_Leaf/Dry_Leaf00135.jpg,Dry_Leaf,Dry_Leaf,Correct,0.984463
datasets/test/Bituminous_Leaf/Bituminous_Leaf00114.jpg,Bituminous_Leaf,Bituminous_Leaf,Correct,0.911586
datasets/test/Leaf_Gall/Leaf_Gall00485.jpg,Leaf_Gall,Leaf_Gall,Correct,0.497088
datasets/test/Leaf_Blight/Leaf_Blight00371.jpg,Leaf_Blight,Leaf_Blight,Correct,0.813481
datasets/test/Healthy_Leaf/Healthy_Leaf00608.jpg,Healthy_Leaf,Fungal_Leaf_Spot,Incorrect,0.278486
datasets/test/Dry_Leaf/Dry_Leaf00227.jpg,Dry_Leaf,Dry_Leaf,Correct,0.374101
datasets/test/Leaf_Blight/Leaf_Blight00445.jpg,Leaf_Blight,Leaf_Blight,Correct,0.544551
datasets/train/Healthy_Leaf/Healthy_Leaf00005.jpg,Healthy_Leaf,Healthy_Leaf,Correct,0.973821
datasets/test/Leaf_Gall/Leaf_Gall00174.jpg,Leaf_Gall,Leaf_Gall,Correct,0.599735
datasets/test/Leaf_Gall/Leaf_Gall00047.jpg,Leaf_Gall,Leaf_Gall,Correct,0.723539
datasets/train/Felt_Leaf/Felt_Leaf00055.jpg,Felt_Leaf,Felt_Leaf,Correct,0.840169
datasets/train/Anthrax_Leaf/Anthrax_Leaf00050.jpg,Anthrax_Leaf,Dry_Leaf,Incorrect,0.355475
datasets/test/Bituminous_Leaf/Bituminous_Leaf00120.jpg,Bituminous_Leaf,Healthy_Leaf,Incorrect,0.539662
datasets/train/Leaf_Blight/Leaf_Blight00092.jpg,Leaf_Blight,Leaf_Gall,Incorrect,0.196643
datasets/train/Leaf_Gall/Leaf_Gall00073.jpg,Leaf_Gall,Leaf_Blight,Incorrect,0.347908
datasets/test/Healthy_Leaf/Healthy_Leaf00577.jpg,Healthy_Leaf,Dry_Leaf,Incorrect,0.435835
datasets/test/Fungal_Leaf_Spot/Fungal_Leaf_Spot00233.jpg,Fungal_Leaf_Spot,Fungal_Leaf_Spot,Correct,0.360412
datasets/test/Leaf_Blight/Leaf_Blight00299.jpg,Leaf_Blight,Leaf_Blight,Correct,0.624174
datasets/test/Leaf_Blight/Leaf_Blight00052.jpg,Leaf_Blight,Leaf_Blight,Correct,0.253258
datasets/train/Leaf_Blight/Leaf_Blight00378.jpg,Leaf_Blight,Leaf_Gall,Incorrect,0.501615
datasets/test/Felt_Leaf/Felt_Leaf00064.jpg,Felt_Leaf,Felt_Leaf,Correct,0.627306
datasets/test/Felt_Leaf/Felt_Leaf00356.jpg,Felt_Leaf,Felt_Leaf,Correct,0.959977
datasets/test/Healthy_Leaf/Healthy_Leaf00149.jpg,Healthy_Leaf,Healthy_Leaf,Correct,0.777759
datasets/test/Leaf_Gall/Leaf_Gall00076.jpg,Leaf_Gall,Leaf_Gall,Correct,0.618983
datasets/test/Felt_Leaf/Felt_Leaf00045.jpg,Felt_Leaf,Felt_Leaf,Correct,0.837182
datasets/test/Fungal_Leaf_Spot/Fungal_Leaf_Spot00417.jpg,Fungal_Leaf_Spot,Fungal_Leaf_Spot,Correct,0.806420
datasets/train/Curl_Leaf/Curl_Leaf00083.jpg,Curl_Leaf,Healthy_Leaf,Incorrect,0.815160
datasets/train/Leaf_Gall/Leaf_Gall00412.jpg,Leaf_Gall,Leaf_Gall,Correct,0.626823
datasets/train/Curl_Leaf/Curl_Leaf00057.jpg,Curl_Leaf,Felt_Leaf,Incorrect,0.208863
datasets/train/Leaf_Blight/Leaf_Blight00498.jpg,Leaf_Blight,Felt_Leaf,Incorrect,0.281035
datasets/train/Leaf_Blight/Leaf_Blight00395.jpg,Leaf_Blight,Leaf_Blight,Correct,0.687710
datasets/test/Bituminous_Leaf/Bituminous_Leaf00133.jpg,Bituminous_Leaf,Bituminous_Leaf,Correct,0.576973
datasets/test/Leaf_Blight/Leaf_Blight00170.jpg,Leaf_Blight,Healthy_Leaf,Incorrect,0.375839
datasets/train/Leaf_Blight/Leaf_Blight00029.jpg,Leaf_Blight,Healthy_Leaf,Incorrect,0.532092
datasets/train/Leaf_Gall/Leaf_Gall00263.jpg,Leaf_Gall,Leaf_Blight,Incorrect,0.809577
datasets/test/Bituminous_Leaf/Bituminous_Leaf00080.jpg,Bituminous_Leaf,Bituminous_Leaf,Correct,0.265043
datasets/test/Bituminous_Leaf/Bituminous_Leaf00109.jpg,Bituminous_Leaf,Dry_Leaf,Incorrect,0.246804
datasets/train/Felt_Leaf/Felt_Leaf00228.jpg,Felt_Leaf,Felt_Leaf,Correct,0.479637
datasets/test/Leaf_Gall/Leaf_Gall00329.jpg,Leaf_Gall,Leaf_Gall,Correct,0.530195
datasets/test/Curl_Leaf/Curl_Leaf00072.jpg,Curl_Leaf,Curl_Leaf,Correct,0.406722
datasets/train/Felt_Leaf/Felt_Leaf00206.jpg,Felt_Leaf,Fungal_Leaf_Spot,Incorrect,0.413353
datasets/train/Healthy_Leaf/Healthy_Leaf00310.jpg,Healthy_Leaf,Healthy_Leaf,Correct,0.966664
datasets/test/Healthy_Leaf/Healthy_Leaf00348.jpg,Healthy_Leaf,Dry_Leaf,Incorrect,0.715060
datasets/test/Dry_Leaf/Dry_Leaf00067.jpg,Dry_Leaf,Dry_Leaf,Correct,0.531684
datasets/train/Leaf_Blight/Leaf_Blight00236.jpg,Leaf_Blight,Felt_Leaf,Incorrect,0.553103
datasets/test/Healthy_Leaf/Healthy_Leaf00397.jpg,Healthy_Leaf,Healthy_Leaf,Correct,0.526461
datasets/test/Leaf_Blight/Leaf_Blight00373.jpg,Leaf_Blight,Fungal_Leaf_Spot,Incorrect,0.356860
datasets/test/Leaf_Blight/Leaf_Blight00382.jpg,Leaf_Blight,Leaf_Blight,Correct,0.756812
datasets/train/Curl_Leaf/Curl_Leaf00071.jpg,Curl_Leaf,Fungal_Leaf_Spot,Incorrect,0.844322
datasets/test/Healthy_Leaf/Healthy_Leaf00432.jpg,Healthy_Leaf,Healthy_Leaf,Correct,0.784603
datasets/train/Leaf_Gall/Leaf_Gall00497.jpg,Leaf_Gall,Leaf_Gall,Correct,0.286181
datasets/test/Dry_Leaf/Dry_Leaf00288.jpg,Dry_Leaf,Dry_Leaf,Correct,0.959118
datasets/train/Felt_Leaf/Felt_Leaf00153.jpg,Felt_Leaf,Healthy_Leaf,Incorrect,0.216949
datasets/train/Leaf_Blight/Leaf_Blight00271.jpg,Leaf_Blight,Leaf_Blight,Correct,0.760412
datasets/test/Fungal_Leaf_Spot/Fungal_Leaf_Spot00213.jpg,Fungal_Leaf_Spot,Fungal_Leaf_Spot,Correct,0.861480
datasets/train/Dry_Leaf/Dry_Leaf00017.jpg,Dry_Leaf,Dry_Leaf,Correct,0.963116
datasets/test/Leaf_Gall/Leaf_Gall00530.jpg,Leaf_Gall,Fungal_Leaf_Spot,Incorrect,0.302340
datasets/train/Leaf_Gall/Leaf_Gall00378.jpg,Leaf_Gall,Leaf_Gall,Correct,0.247970
datasets/test/Felt_Leaf/Felt_Leaf00250.jpg,Felt_Leaf,Fungal_Leaf_Spot,Incorrect,0.513266
datasets/train/Curl_Leaf/Curl_Leaf00175.jpg,Curl_Leaf,Curl_Leaf,Correct,0.486175
datasets/test/Healthy_Leaf/Healthy_Leaf00091.jpg,Healthy_Leaf,Healthy_Leaf,Correct,0.732959
datasets/test/Leaf_Blight/Leaf_Blight00303.jpg,Leaf_Blight,Healthy_Leaf,Incorrect,0.680731
datasets/train/Dry_Leaf/Dry_Leaf00352.jpg,Dry_Leaf,Dry_Leaf,Correct,0.442254
datasets/test/Healthy_Leaf/Healthy_Leaf00538.jpg,Healthy_Leaf,Leaf_Gall,Incorrect,0.492634
datasets/train/Leaf_Blight/Leaf_Blight00057.jpg,Leaf_Blight,Healthy_Leaf,Incorrect,0.733549
datasets/train/Leaf_Gall/Leaf_Gall00614.jpg,Leaf_Gall,Leaf_Gall,Correct,0.600462
datasets/train/Healthy_Leaf/Healthy_Leaf00457.jpg,Healthy_Leaf,Healthy_Leaf,Correct,0.463264
datasets/test/Dry_Leaf/Dry_Leaf00338.jpg,Dry_Leaf,Dry_Leaf,Correct,0.481393
datasets/test/Healthy_Leaf/Healthy_Leaf00567.jpg,Healthy_Leaf,Leaf_Gall,Incorrect,0.332909
datasets/test/Fungal_Leaf_Spot/Fungal_Leaf_Spot00102.jpg,Fungal_Leaf_Spot,Fungal_Leaf_Spot,Correct,0.827982
datasets/test/Dry_Leaf/Dry_Leaf00198.jpg,Dry_Leaf,Dry_Leaf,Correct,0.783045
datasets/test/Bituminous_Leaf/Bituminous_Leaf00128.jpg,Bituminous_Leaf,Healthy_Leaf,Incorrect,0.286009
datasets/train/Leaf_Blight/Leaf_Blight00152.jpg,Leaf_Blight,Leaf_Blight,Correct,0.409669
datasets/train/Bituminous_Leaf/Bituminous_Leaf00084.jpg,Bituminous_Leaf,Bituminous_Leaf,Correct,0.890031
datasets/test/Leaf_Gall/Leaf_Gall00228.jpg,Leaf_Gall,Leaf_Gall,Correct,0.360745
datasets/train/Curl_Leaf/Curl_Leaf00125.jpg,Curl_Leaf,Fungal_Leaf_Spot,Incorrect,0.318965
datasets/train/Leaf_Blight/Leaf_Blight00035.jpg,Leaf_Blight,Leaf_Blight,Correct,0.713296
datasets/train/Healthy_Leaf/Healthy_Leaf00083.jpg,Healthy_Leaf,Healthy_Leaf,Correct,0.923115
datasets/test/Dry_Leaf/Dry_Leaf00043.jpg,Dry_Leaf,Dry_Leaf,Correct,0.992391
datasets/train/Healthy_Leaf/Healthy_Leaf00574.jpg,Healthy_Leaf,Healthy_Leaf,Correct,0.917194
datasets/test/Healthy_Leaf/Healthy_Leaf00513.jpg,Healthy_Leaf,Healthy_Leaf,Correct,0.825905
datasets/train/Felt_Leaf/Felt_Leaf00013.jpg,Felt_Leaf,Curl_Leaf,Incorrect,0.633834
datasets/test/Leaf_Blight/Leaf_Blight00075.jpg,Leaf_Blight,Leaf_Blight,Correct,0.266577
datasets/train/Healthy_Leaf/Healthy_Leaf00390.jpg,Healthy_Leaf,Healthy_Leaf,Correct,0.716799
datasets/test/Felt_Leaf/Felt_Leaf00060.jpg,Felt_Leaf,Felt_Leaf,Correct,0.695485
datasets/test/Leaf_Gall/Leaf_Gall00304.jpg,Leaf_Gall,Fungal_Leaf_Spot,Incorrect,0.475866
datasets/test/Leaf_Gall/Leaf_Gall00261.jpg,Leaf_Gall,Leaf_Gall,Correct,0.650915
datasets/test/Leaf_Blight/Leaf_Blight00332.jpg,Leaf_Blight,Leaf_Blight,Correct,0.975598
datasets/test/Felt_Leaf/Felt_Leaf00373.jpg,Felt_Leaf,Felt_Leaf,Correct,0.579005
datasets/test/Healthy_Leaf/Healthy_Leaf00029.jpg,Healthy_Leaf,Healthy_Leaf,Correct,0.948762
datasets/test/Fungal_Leaf_Spot/Fungal_Leaf_Spot00284.jpg,Fungal_Leaf_Spot,Fungal_Leaf_Spot,Correct,0.626241
datasets/test/Deficiency_Leaf/Deficiency_Leaf00059.jpg,Deficiency_Leaf,Leaf_Gall,Incorrect,0.436312
datasets/train/Fungal_Leaf_Spot/Fungal_Leaf_Spot00558.jpg,Fungal_Leaf_Spot,Fungal_Leaf_Spot,Correct,0.602297
datasets/train/Leaf_Blight/Leaf_Blight00183.jpg,Leaf_Blight,Felt_Leaf,Incorrect,0.355600
datasets/test/Dry_Leaf/Dry_Leaf00201.jpg,Dry_Leaf,Dry_Leaf,Correct,0.972819
datasets/test/Curl_Leaf/Curl_Leaf00129.jpg,Curl_Leaf,Leaf_Gall,Incorrect,0.368222
datasets/test/Deficiency_Leaf/Deficiency_Leaf00077.jpg,Deficiency_Leaf,Leaf_Gall,Incorrect,0.412663
datasets/train/Dry_Leaf/Dry_Leaf00189.jpg,Dry_Leaf,Dry_Leaf,Correct,0.787689
datasets/test/Felt_Leaf/Felt_Leaf00131.jpg,Felt_Leaf,Felt_Leaf,Correct,0.478672
datasets/test/Healthy_Leaf/Healthy_Leaf00520.jpg,Healthy_Leaf,Dry_Leaf,Incorrect,0.396459
datasets/train/Fungal_Leaf_Spot/Fungal_Leaf_Spot00334.jpg,Fungal_Leaf_Spot,Fungal_Leaf_Spot,Correct,0.900158
datasets/test/Felt_Leaf/Felt_Leaf00016.jpg,Felt_Leaf,Leaf_Blight,Incorrect,0.398975
datasets/train/Bituminous_Leaf/Bituminous_Leaf00043.jpg,Bituminous_Leaf,Bituminous_Leaf,Correct,0.770650
datasets/train/Felt_Leaf/Felt_Leaf00285.jpg,Felt_Leaf,Fungal_Leaf_Spot,Incorrect,0.502011
datasets/train/Fungal_Leaf_Spot/Fungal_Leaf_Spot00298.jpg,Fungal_Leaf_Spot,Fungal_Leaf_Spot,Correct,0.870023
datasets/test/Leaf_Blight/Leaf_Blight00055.jpg,Leaf_Blight,Leaf_Blight,Correct,0.453718
datasets/test/Fungal_Leaf_Spot/Fungal_Leaf_Spot00151.jpg,Fungal_Leaf_Spot,Healthy_Leaf,Incorrect,0.467390
datasets/train/Leaf_Gall/Leaf_Gall00208.jpg,Leaf_Gall,Leaf_Gall,Correct,0.679150
datasets/train/Healthy_Leaf/Healthy_Leaf00515.jpg,Healthy_Leaf,Healthy_Leaf,Correct,0.404047
datasets/train/Fungal_Leaf_Spot/Fungal_Leaf_Spot00205.jpg,Fungal_Leaf_Spot,Fungal_Leaf_Spot,Correct,0.576476
datasets/train/Healthy_Leaf/Healthy_Leaf00375.jpg,Healthy_Leaf,Healthy_Leaf,Correct,0.729986
datasets/train/Dry_Leaf/Dry_Leaf00007.jpg,Dry_Leaf,Dry_Leaf,Correct,0.797245
datasets/train/Fungal_Leaf_Spot/Fungal_Leaf_Spot00255.jpg,Fungal_Leaf_Spot,Fungal_Leaf_Spot,Correct,0.419403
datasets/train/Dry_Leaf/Dry_Leaf00104.jpg,Dry_Leaf,Dry_Leaf,Correct,0.750180
datasets/train/Fungal_Leaf_Spot/Fungal_Leaf_Spot00542.jpg,Fungal_Leaf_Spot,Fungal_Leaf_Spot,Correct,0.583899
datasets/test/Fungal_Leaf_Spot/Fungal_Leaf_Spot00411.jpg,Fungal_Leaf_Spot,Fungal_Leaf_Spot,Correct,0.765877
datasets/test/Fungal_Leaf_Spot/Fungal_Leaf_Spot00118.jpg,Fungal_Leaf_Spot,Felt_Leaf,Incorrect,0.557622
datasets/test/Healthy_Leaf/Healthy_Leaf00252.jpg,Healthy_Leaf,Healthy_Leaf,Correct,0.846126
datasets/test/Felt_Leaf/Felt_Leaf00340.jpg,Felt_Leaf,Healthy_Leaf,Incorrect,0.547807
datasets/test/Healthy_Leaf/Healthy_Leaf00625.jpg,Healthy_Leaf,Healthy_Leaf,Correct,0.567351
datasets/test/Leaf_Blight/Leaf_Blight00365.jpg,Leaf_Blight,Leaf_Blight,Correct,0.599687
datasets/train/Healthy_Leaf/Healthy_Leaf00604.jpg,Healthy_Leaf,Healthy_Leaf,Correct,0.293945
datasets/test/Felt_Leaf/Felt_Leaf00094.jpg,Felt_Leaf,Felt_Leaf,Correct,0.517994
datasets/test/Bituminous_Leaf/Bituminous_Leaf00082.jpg,Bituminous_Leaf,Healthy_Leaf,Incorrect,0.482570
datasets/train/Fungal_Leaf_Spot/Fungal_Leaf_Spot00092.jpg,Fungal_Leaf_Spot,Fungal_Leaf_Spot,Correct,0.441415
datasets/train/Healthy_Leaf/Healthy_Leaf00293.jpg,Healthy_Leaf,Leaf_Blight,Incorrect,0.327934
datasets/train/Leaf_Gall/Leaf_Gall00373.jpg,Leaf_Gall,Fungal_Leaf_Spot,Incorrect,0.424283
datasets/test/Curl_Leaf/Curl_Leaf00094.jpg,Curl_Leaf,Curl_Leaf,Correct,0.526152
datasets/train/Healthy_Leaf/Healthy_Leaf00235.jpg,Healthy_Leaf,Healthy_Leaf,Correct,0.961188
datasets/test/Fungal_Leaf_Spot/Fungal_Leaf_Spot00265.jpg,Fungal_Leaf_Spot,Fungal_Leaf_Spot,Correct,0.889394
datasets/test/Fungal_Leaf_Spot/Fungal_Leaf_Spot00429.jpg,Fungal_Leaf_Spot,Leaf_Gall,Incorrect,0.354375
datasets/test/Dry_Leaf/Dry_Leaf00336.jpg,Dry_Leaf,Curl_Leaf,Incorrect,0.473939
datasets/train/Leaf_Gall/Leaf_Gall00105.jpg,Leaf_Gall,Leaf_Gall,Correct,0.626533
datasets/train/Bituminous_Leaf/Bituminous_Leaf00135.jpg,Bituminous_Leaf,Bituminous_Leaf,Correct,0.928220
datasets/test/Curl_Leaf/Curl_Leaf00022.jpg,Curl_Leaf,Curl_Leaf,Correct,0.684121
datasets/test/Fungal_Leaf_Spot/Fungal_Leaf_Spot00203.jpg,Fungal_Leaf_Spot,Healthy_Leaf,Incorrect,0.552160
datasets/train/Fungal_Leaf_Spot/Fungal_Leaf_Spot00022.jpg,Fungal_Leaf_Spot,Bituminous_Leaf,Incorrect,0.243782
datasets/test/Dry_Leaf/Dry_Leaf00150.jpg,Dry_Leaf,Dry_Leaf,Correct,0.990187
datasets/train/Healthy_Leaf/Healthy_Leaf00354.jpg,Healthy_Leaf,Healthy_Leaf,Correct,0.952550
datasets/test/Healthy_Leaf/Healthy_Leaf00436.jpg,Healthy_Leaf,Dry_Leaf,Incorrect,0.527441
datasets/train/Healthy_Leaf/Healthy_Leaf00238.jpg,Healthy_Leaf,Healthy_Leaf,Correct,0.990958
datasets/test/Leaf_Blight/Leaf_Blight00189.jpg,Leaf_Blight,Leaf_Blight,Correct,0.684387
datasets/test/Leaf_Blight/Leaf_Blight00117.jpg,Leaf_Blight,Anthrax_Leaf,Incorrect,0.671367
datasets/train/Leaf_Gall/Leaf_Gall00118.jpg,Leaf_Gall,Bituminous_Leaf,Incorrect,0.345872
datasets/test/Healthy_Leaf/Healthy_Leaf00038.jpg,Healthy_Leaf,Healthy_Leaf,Correct,0.960112
datasets/train/Bituminous_Leaf/Bituminous_Leaf00129.jpg,Bituminous_Leaf,Healthy_Leaf,Incorrect,0.389897
datasets/train/Felt_Leaf/Felt_Leaf00258.jpg,Felt_Leaf,Felt_Leaf,Correct,0.562995
datasets/train/Fungal_Leaf_Spot/Fungal_Leaf_Spot00061.jpg,Fungal_Leaf_Spot,Fungal_Leaf_Spot,Correct,0.954165
datasets/train/Anthrax_Leaf/Anthrax_Leaf00041.jpg,Anthrax_Leaf,Anthrax_Leaf,Correct,0.433286
datasets/test/Curl_Leaf/Curl_Leaf00174.jpg,Curl_Leaf,Curl_Leaf,Correct,0.480191
datasets/test/Healthy_Leaf/Healthy_Leaf00518.jpg,Healthy_Leaf,Healthy_Leaf,Correct,0.878995
datasets/test/Curl_Leaf/Curl_Leaf00127.jpg,Curl_Leaf,Curl_Leaf,Correct,0.930725
datasets/test/Fungal_Leaf_Spot/Fungal_Leaf_Spot00005.jpg,Fungal_Leaf_Spot,Fungal_Leaf_Spot,Correct,0.502085
datasets/train/Leaf_Gall/Leaf_Gall00239.jpg,Leaf_Gall,Leaf_Gall,Correct,0.929105
datasets/test/Fungal_Leaf_Spot/Fungal_Leaf_Spot00474.jpg,Fungal_Leaf_Spot,Fungal_Leaf_Spot,Correct,0.590263
datasets/train/Leaf_Blight/Leaf_Blight00576.jpg,Leaf_Blight,Leaf_Gall,Incorrect,0.389489
datasets/train/Leaf_Gall/Leaf_Gall00071.jpg,Leaf_Gall,Leaf_Gall,Correct,0.809206
datasets/test/Fungal_Leaf_Spot/Fungal_Leaf_Spot00266.jpg,Fungal_Leaf_Spot,Fungal_Leaf_Spot,Correct,0.923240
datasets/train/Leaf_Blight/Leaf_Blight00325.jpg,Leaf_Blight,Leaf_Blight,Correct,0.926529
datasets/test/Dry_Leaf/Dry_Leaf00212.jpg,Dry_Leaf,Dry_Leaf,Correct,0.993729
datasets/train/Leaf_Gall/Leaf_Gall00245.jpg,Leaf_Gall,Dry_Leaf,Incorrect,0.425190
datasets/test/Leaf_Blight/Leaf_Blight00297.jpg,Leaf_Blight,Leaf_Blight,Correct,0.736803
datasets/train/Dry_Leaf/Dry_Leaf00021.jpg,Dry_Leaf,Dry_Leaf,Correct,0.821014
datasets/test/Leaf_Gall/Leaf_Gall00521.jpg,Leaf_Gall,Leaf_Gall,Correct,0.285704
datasets/test/Fungal_Leaf_Spot/Fungal_Leaf_Spot00421.jpg,Fungal_Leaf_Spot,Fungal_Leaf_Spot,Correct,0.807881
datasets/train/Leaf_Blight/Leaf_Blight00130.jpg,Leaf_Blight,Leaf_Blight,Correct,0.549305
datasets/test/Leaf_Gall/Leaf_Gall00152.jpg,Leaf_Gall,Leaf_Gall,Correct,0.518828
datasets/test/Leaf_Blight/Leaf_Blight00307.jpg,Leaf_Blight,Leaf_Blight,Correct,0.906729
datasets/test/Leaf_Blight/Leaf_Blight00350.jpg,Leaf_Blight,Leaf_Blight,Correct,0.364812
datasets/train/Bituminous_Leaf/Bituminous_Leaf00035.jpg,Bituminous_Leaf,Bituminous_Leaf,Correct,0.226532
datasets/test/Leaf_Gall/Leaf_Gall00368.jpg,Leaf_Gall,Healthy_Leaf,Incorrect,0.418859
datasets/train/Felt_Leaf/Felt_Leaf00283.jpg,Felt_Leaf,Fungal_Leaf_Spot,Incorrect,0.376544
datasets/test/Leaf_Gall/Leaf_Gall00613.jpg,Leaf_Gall,Leaf_Blight,Incorrect,0.586009
datasets/test/Bituminous_Leaf/Bituminous_Leaf00130.jpg,Bituminous_Leaf,Bituminous_Leaf,Correct,0.801467
datasets/train/Fungal_Leaf_Spot/Fungal_Leaf_Spot00443.jpg,Fungal_Leaf_Spot,Leaf_Blight,Incorrect,0.353720
datasets/test/Leaf_Blight/Leaf_Blight00142.jpg,Leaf_Blight,Leaf_Blight,Correct,0.947605
datasets/train/Leaf_Gall/Leaf_Gall00546.jpg,Leaf_Gall,Leaf_Gall,Correct,0.415617
datasets/train/Anthrax_Leaf/Anthrax_Leaf00022.jpg,Anthrax_Leaf,Anthrax_Leaf,Correct,0.488907
datasets/test/Curl_Leaf/Curl_Leaf00110.jpg,Curl_Leaf,Leaf_Blight,Incorrect,0.386168
datasets/test/Leaf_Blight/Leaf_Blight00255.jpg,Leaf_Blight,Leaf_Gall,Incorrect,0.565263
datasets/test/Healthy_Leaf/Healthy_Leaf00227.jpg,Healthy_Leaf,Healthy_Leaf,Correct,0.284608
datasets/test/Felt_Leaf/Felt_Leaf00167.jpg,Felt_Leaf,Felt_Leaf,Correct,0.437752
datasets/test/Anthrax_Leaf/Anthrax_Leaf00133.jpg,Anthrax_Leaf,Anthrax_Leaf,Correct,0.412403
datasets/test/Deficiency_Leaf/Deficiency_Leaf00108.jpg,Deficiency_Leaf,Fungal_Leaf_Spot,Incorrect,0.185342
datasets/train/Curl_Leaf/Curl_Leaf00026.jpg,Curl_Leaf,Leaf_Gall,Incorrect,0.689620
datasets/test/Healthy_Leaf/Healthy_Leaf00199.jpg,Healthy_Leaf,Healthy_Leaf,Correct,0.779325
datasets/train/Leaf_Blight/Leaf_Blight00412.jpg,Leaf_Blight,Fungal_Leaf_Spot,Incorrect,0.514005
datasets/test/Curl_Leaf/Curl_Leaf00136.jpg,Curl_Leaf,Curl_Leaf,Correct,0.469835
datasets/train/Dry_Leaf/Dry_Leaf00296.jpg,Dry_Leaf,Dry_Leaf,Correct,0.833535
datasets/test/Dry_Leaf/Dry_Leaf00311.jpg,Dry_Leaf,Dry_Leaf,Correct,0.492078
datasets/test/Leaf_Gall/Leaf_Gall00010.jpg,Leaf_Gall,Leaf_Gall,Correct,0.890780
datasets/train/Healthy_Leaf/Healthy_Leaf00041.jpg,Healthy_Leaf,Healthy_Leaf,Correct,0.986527
datasets/test/Dry_Leaf/Dry_Leaf00125.jpg,Dry_Leaf,Dry_Leaf,Correct,0.939201
datasets/test/Deficiency_Leaf/Deficiency_Leaf00058.jpg,Deficiency_Leaf,Fungal_Leaf_Spot,Incorrect,0.524153
datasets/test/Leaf_Blight/Leaf_Blight00159.jpg,Leaf_Blight,Leaf_Blight,Correct,0.276188
datasets/test/Leaf_Gall/Leaf_Gall00341.jpg,Leaf_Gall,Felt_Leaf,Incorrect,0.324215
datasets/train/Felt_Leaf/Felt_Leaf00222.jpg,Felt_Leaf,Dry_Leaf,Incorrect,0.272978
datasets/train/Healthy_Leaf/Healthy_Leaf00146.jpg,Healthy_Leaf,Healthy_Leaf,Correct,0.892966
datasets/test/Felt_Leaf/Felt_Leaf00282.jpg,Felt_Leaf,Felt_Leaf,Correct,0.185932
datasets/test/Leaf_Gall/Leaf_Gall00583.jpg,Leaf_Gall,Leaf_Gall,Correct,0.430116
datasets/test/Bituminous_Leaf/Bituminous_Leaf00017.jpg,Bituminous_Leaf,Bituminous_Leaf,Correct,0.498859
datasets/test/Healthy_Leaf/Healthy_Leaf00210.jpg,Healthy_Leaf,Fungal_Leaf_Spot,Incorrect,0.419236
datasets/train/Healthy_Leaf/Healthy_Leaf00318.jpg,Healthy_Leaf,Healthy_Leaf,Correct,0.971289
datasets/test/Leaf_Gall/Leaf_Gall00513.jpg,Leaf_Gall,Leaf_Blight,Incorrect,0.476427
datasets/test/Leaf_Gall/Leaf_Gall00011.jpg,Leaf_Gall,Leaf_Gall,Correct,0.384689
datasets/test/Curl_Leaf/Curl_Leaf00124.jpg,Curl_Leaf,Leaf_Gall,Incorrect,0.289319
datasets/test/Healthy_Leaf/Healthy_Leaf00119.jpg,Healthy_Leaf,Healthy_Leaf,Correct,0.961532
datasets/train/Healthy_Leaf/Healthy_Leaf00495.jpg,Healthy_Leaf,Leaf_Gall,Incorrect,0.843962
datasets/train/Deficiency_Leaf/Deficiency_Leaf00007.jpg,Deficiency_Leaf,Deficiency_Leaf,Correct,0.263207
datasets/test/Leaf_Gall/Leaf_Gall00574.jpg,Leaf_Gall,Dry_Leaf,Incorrect,0.310890
datasets/train/Healthy_Leaf/Healthy_Leaf00043.jpg,Healthy_Leaf,Healthy_Leaf,Correct,0.951442
datasets/test/Leaf_Gall/Leaf_Gall00075.jpg,Leaf_Gall,Leaf_Gall,Correct,0.732223
datasets/train/Dry_Leaf/Dry_Leaf00248.jpg,Dry_Leaf,Dry_Leaf,Correct,0.890841
datasets/test/Felt_Leaf/Felt_Leaf00048.jpg,Felt_Leaf,Felt_Leaf,Correct,0.289954
datasets/test/Leaf_Blight/Leaf_Blight00509.jpg,Leaf_Blight,Leaf_Blight,Correct,0.532916
datasets/test/Leaf_Blight/Leaf_Blight00306.jpg,Leaf_Blight,Leaf_Blight,Correct,0.971465
datasets/train/Dry_Leaf/Dry_Leaf00118.jpg,Dry_Leaf,Dry_Leaf,Correct,0.994073
datasets/test/Anthrax_Leaf/Anthrax_Leaf00062.jpg,Anthrax_Leaf,Anthrax_Leaf,Correct,0.761316
datasets/test/Leaf_Blight/Leaf_Blight00501.jpg,Leaf_Blight,Fungal_Leaf_Spot,Incorrect,0.566821
datasets/test/Leaf_Gall/Leaf_Gall00031.jpg,Leaf_Gall,Fungal_Leaf_Spot,Incorrect,0.377491
datasets/train/Curl_Leaf/Curl_Leaf00152.jpg,Curl_Leaf,Fungal_Leaf_Spot,Incorrect,0.231064
datasets/test/Leaf_Blight/Leaf_Blight00125.jpg,Leaf_Blight,Leaf_Blight,Correct,0.699163
datasets/test/Deficiency_Leaf/Deficiency_Leaf00039.jpg,Deficiency_Leaf,Healthy_Leaf,Incorrect,0.678676
datasets/test/Leaf_Blight/Leaf_Blight00266.jpg,Leaf_Blight,Leaf_Blight,Correct,0.641173
datasets/test/Healthy_Leaf/Healthy_Leaf00368.jpg,Healthy_Leaf,Healthy_Leaf,Correct,0.954873
datasets/train/Fungal_Leaf_Spot/Fungal_Leaf_Spot00446.jpg,Fungal_Leaf_Spot,Fungal_Leaf_Spot,Correct,0.796161
datasets/train/Curl_Leaf/Curl_Leaf00145.jpg,Curl_Leaf,Felt_Leaf,Incorrect,0.288850
datasets/train/Fungal_Leaf_Spot/Fungal_Leaf_Spot00066.jpg,Fungal_Leaf_Spot,Healthy_Leaf,Incorrect,0.507274
datasets/train/Fungal_Leaf_Spot/Fungal_Leaf_Spot00089.jpg,Fungal_Leaf_Spot,Leaf_Gall,Incorrect,0.285351
datasets/train/Dry_Leaf/Dry_Leaf00177.jpg,Dry_Leaf,Dry_Leaf,Correct,0.998610
datasets/train/Leaf_Blight/Leaf_Blight00024.jpg,Leaf_Blight,Leaf_Blight,Correct,0.469671
datasets/test/Anthrax_Leaf/Anthrax_Leaf00138.jpg,Anthrax_Leaf,Anthrax_Leaf,Correct,0.254681
datasets/test/Leaf_Blight/Leaf_Blight00521.jpg,Leaf_Blight,Leaf_Blight,Correct,0.368456
datasets/test/Curl_Leaf/Curl_Leaf00016.jpg,Curl_Leaf,Curl_Leaf,Correct,0.349282
datasets/train/Healthy_Leaf/Healthy_Leaf00123.jpg,Healthy_Leaf,Healthy_Leaf,Correct,0.987140
datasets/train/Fungal_Leaf_Spot/Fungal_Leaf_Spot00081.jpg,Fungal_Leaf_Spot,Healthy_Leaf,Incorrect,0.623898
datasets/test/Healthy_Leaf/Healthy_Leaf00112.jpg,Healthy_Leaf,Healthy_Leaf,Correct,0.991025
datasets/test/Fungal_Leaf_Spot/Fungal_Leaf_Spot00496.jpg,Fungal_Leaf_Spot,Fungal_Leaf_Spot,Correct,0.592671
datasets/train/Leaf_Blight/Leaf_Blight00168.jpg,Leaf_Blight,Fungal_Leaf_Spot,Incorrect,0.476416
datasets/test/Anthrax_Leaf/Anthrax_Leaf00054.jpg,Anthrax_Leaf,Anthrax_Leaf,Correct,0.976909
datasets/test/Fungal_Leaf_Spot/Fungal_Leaf_Spot00007.jpg,Fungal_Leaf_Spot,Fungal_Leaf_Spot,Correct,0.750551
datasets/test/Fungal_Leaf_Spot/Fungal_Leaf_Spot00361.jpg,Fungal_Leaf_Spot,Fungal_Leaf_Spot,Correct,0.381108
datasets/train/Healthy_Leaf/Healthy_Leaf00337.jpg,Healthy_Leaf,Healthy_Leaf,Correct,0.913479
datasets/train/Fungal_Leaf_Spot/Fungal_Leaf_Spot00126.jpg,Fungal_Leaf_Spot,Leaf_Blight,Incorrect,0.732490
datasets/test/Dry_Leaf/Dry_Leaf00231.jpg,Dry_Leaf,Dry_Leaf,Correct,0.928230
datasets/train/Leaf_Blight/Leaf_Blight00280.jpg,Leaf_Blight,Leaf_Blight,Correct,0.479548
datasets/test/Healthy_Leaf/Healthy_Leaf00253.jpg,Healthy_Leaf,Fungal_Leaf_Spot,Incorrect,0.652696
datasets/test/Fungal_Leaf_Spot/Fungal_Leaf_Spot00478.jpg,Fungal_Leaf_Spot,Fungal_Leaf_Spot,Correct,0.878691
datasets/test/Leaf_Gall/Leaf_Gall00580.jpg,Leaf_Gall,Curl_Leaf,Incorrect,0.578807
datasets/test/Leaf_Blight/Leaf_Blight00172.jpg,Leaf_Blight,Healthy_Leaf,Incorrect,0.348341
datasets/train/Fungal_Leaf_Spot/Fungal_Leaf_Spot00138.jpg,Fungal_Leaf_Spot,Fungal_Leaf_Spot,Correct,0.539075
datasets/test/Leaf_Blight/Leaf_Blight00108.jpg,Leaf_Blight,Bituminous_Leaf,Incorrect,0.406475
datasets/test/Leaf_Gall/Leaf_Gall00449.jpg,Leaf_Gall,Leaf_Gall,Correct,0.280916
datasets/test/Leaf_Blight/Leaf_Blight00232.jpg,Leaf_Blight,Leaf_Gall,Incorrect,0.343008
datasets/train/Felt_Leaf/Felt_Leaf00084.jpg,Felt_Leaf,Healthy_Leaf,Incorrect,0.337854
datasets/train/Curl_Leaf/Curl_Leaf00006.jpg,Curl_Leaf,Curl_Leaf,Correct,0.970543
datasets/test/Fungal_Leaf_Spot/Fungal_Leaf_Spot00125.jpg,Fungal_Leaf_Spot,Leaf_Blight,Incorrect,0.774864
datasets/test/Anthrax_Leaf/Anthrax_Leaf00008.jpg,Anthrax_Leaf,Dry_Leaf,Incorrect,0.355547
datasets/train/Leaf_Blight/Leaf_Blight00215.jpg,Leaf_Blight,Leaf_Blight,Correct,0.862868
datasets/test/Leaf_Gall/Leaf_Gall00321.jpg,Leaf_Gall,Dry_Leaf,Incorrect,0.547675
datasets/train/Dry_Leaf/Dry_Leaf00128.jpg,Dry_Leaf,Dry_Leaf,Correct,0.639750
datasets/test/Dry_Leaf/Dry_Leaf00240.jpg,Dry_Leaf,Dry_Leaf,Correct,0.268459
datasets/test/Leaf_Blight/Leaf_Blight00272.jpg,Leaf_Blight,Leaf_Blight,Correct,0.931136
datasets/test/Curl_Leaf/Curl_Leaf00084.jpg,Curl_Leaf,Curl_Leaf,Correct,0.801609
datasets/test/Anthrax_Leaf/Anthrax_Leaf00045.jpg,Anthrax_Leaf,Leaf_Gall,Incorrect,0.207279
datasets/train/Healthy_Leaf/Healthy_Leaf00479.jpg,Healthy_Leaf,Healthy_Leaf,Correct,0.350731
datasets/test/Leaf_Blight/Leaf_Blight00030.jpg,Leaf_Blight,Leaf_Blight,Correct,0.715296
datasets/test/Felt_Leaf/Felt_Leaf00178.jpg,Felt_Leaf,Felt_Leaf,Correct,0.636334
datasets/test/Healthy_Leaf/Healthy_Leaf00275.jpg,Healthy_Leaf,Healthy_Leaf,Correct,0.572036
datasets/test/Dry_Leaf/Dry_Leaf00282.jpg,Dry_Leaf,Healthy_Leaf,Incorrect,0.669685
datasets/train/Healthy_Leaf/Healthy_Leaf00571.jpg,Healthy_Leaf,Healthy_Leaf,Correct,0.884649
datasets/test/Anthrax_Leaf/Anthrax_Leaf00071.jpg,Anthrax_Leaf,Anthrax_Leaf,Correct,0.787143
datasets/test/Healthy_Leaf/Healthy_Leaf00471.jpg,Healthy_Leaf,Fungal_Leaf_Spot,Incorrect,0.704841
datasets/test/Fungal_Leaf_Spot/Fungal_Leaf_Spot00441.jpg,Fungal_Leaf_Spot,Felt_Leaf,Incorrect,0.227572
datasets/train/Leaf_Gall/Leaf_Gall00349.jpg,Leaf_Gall,Leaf_Gall,Correct,0.742633
datasets/test/Dry_Leaf/Dry_Leaf00157.jpg,Dry_Leaf,Dry_Leaf,Correct,0.994624
datasets/train/Fungal_Leaf_Spot/Fungal_Leaf_Spot00075.jpg,Fungal_Leaf_Spot,Fungal_Leaf_Spot,Correct,0.629102
datasets/test/Healthy_Leaf/Healthy_Leaf00121.jpg,Healthy_Leaf,Healthy_Leaf,Correct,0.982117
datasets/test/Dry_Leaf/Dry_Leaf00148.jpg,Dry_Leaf,Dry_Leaf,Correct,0.975173
datasets/test/Dry_Leaf/Dry_Leaf00200.jpg,Dry_Leaf,Dry_Leaf,Correct,0.967361
datasets/train/Leaf_Gall/Leaf_Gall00051.jpg,Leaf_Gall,Felt_Leaf,Incorrect,0.337388
datasets/test/Fungal_Leaf_Spot/Fungal_Leaf_Spot00041.jpg,Fungal_Leaf_Spot,Fungal_Leaf_Spot,Correct,0.429922
datasets/train/Leaf_Blight/Leaf_Blight00180.jpg,Leaf_Blight,Felt_Leaf,Incorrect,0.373758
datasets/train/Deficiency_Leaf/Deficiency_Leaf00122.jpg,Deficiency_Leaf,Fungal_Leaf_Spot,Incorrect,0.324629
datasets/train/Fungal_Leaf_Spot/Fungal_Leaf_Spot00538.jpg,Fungal_Leaf_Spot,Fungal_Leaf_Spot,Correct,0.866398
datasets/test/Leaf_Blight/Leaf_Blight00429.jpg,Leaf_Blight,Leaf_Blight,Correct,0.377492
datasets/test/Healthy_Leaf/Healthy_Leaf00028.jpg,Healthy_Leaf,Healthy_Leaf,Correct,0.997665
datasets/test/Healthy_Leaf/Healthy_Leaf00412.jpg,Healthy_Leaf,Healthy_Leaf,Correct,0.720929
datasets/train/Anthrax_Leaf/Anthrax_Leaf00056.jpg,Anthrax_Leaf,Anthrax_Leaf,Correct,0.601059
datasets/test/Fungal_Leaf_Spot/Fungal_Leaf_Spot00079.jpg,Fungal_Leaf_Spot,Leaf_Gall,Incorrect,0.356161
datasets/train/Felt_Leaf/Felt_Leaf00345.jpg,Felt_Leaf,Dry_Leaf,Incorrect,0.286742
datasets/test/Fungal_Leaf_Spot/Fungal_Leaf_Spot00360.jpg,Fungal_Leaf_Spot,Fungal_Leaf_Spot,Correct,0.502729
datasets/train/Deficiency_Leaf/Deficiency_Leaf00012.jpg,Deficiency_Leaf,Deficiency_Leaf,Correct,0.231327
datasets/train/Curl_Leaf/Curl_Leaf00028.jpg,Curl_Leaf,Leaf_Blight,Incorrect,0.493333
datasets/train/Healthy_Leaf/Healthy_Leaf00064.jpg,Healthy_Leaf,Healthy_Leaf,Correct,0.994541
datasets/test/Leaf_Blight/Leaf_Blight00361.jpg,Leaf_Blight,Leaf_Blight,Correct,0.997129
datasets/test/Healthy_Leaf/Healthy_Leaf00530.jpg,Healthy_Leaf,Healthy_Leaf,Correct,0.887168
datasets/test/Leaf_Gall/Leaf_Gall00146.jpg,Leaf_Gall,Leaf_Gall,Correct,0.266112
datasets/train/Anthrax_Leaf/Anthrax_Leaf00064.jpg,Anthrax_Leaf,Anthrax_Leaf,Correct,0.895169
datasets/test/Deficiency_Leaf/Deficiency_Leaf00038.jpg,Deficiency_Leaf,Deficiency_Leaf,Correct,0.195779
datasets/train/Dry_Leaf/Dry_Leaf00077.jpg,Dry_Leaf,Dry_Leaf,Correct,0.577294
datasets/test/Leaf_Blight/Leaf_Blight00387.jpg,Leaf_Blight,Leaf_Blight,Correct,0.888221
datasets/train/Fungal_Leaf_Spot/Fungal_Leaf_Spot00225.jpg,Fungal_Leaf_Spot,Fungal_Leaf_Spot,Correct,0.447063
datasets/train/Leaf_Gall/Leaf_Gall00024.jpg,Leaf_Gall,Felt_Leaf,Incorrect,0.387425
datasets/train/Felt_Leaf/Felt_Leaf00262.jpg,Felt_Leaf,Felt_Leaf,Correct,0.387355
datasets/train/Leaf_Blight/Leaf_Blight00584.jpg,Leaf_Blight,Fungal_Leaf_Spot,Incorrect,0.433187
datasets/train/Healthy_Leaf/Healthy_Leaf00016.jpg,Healthy_Leaf,Healthy_Leaf,Correct,0.640301
datasets/train/Leaf_Gall/Leaf_Gall00476.jpg,Leaf_Gall,Leaf_Gall,Correct,0.462310
datasets/test/Leaf_Blight/Leaf_Blight00144.jpg,Leaf_Blight,Leaf_Blight,Correct,0.456405
datasets/test/Fungal_Leaf_Spot/Fungal_Leaf_Spot00371.jpg,Fungal_Leaf_Spot,Fungal_Leaf_Spot,Correct,0.379965
datasets/test/Fungal_Leaf_Spot/Fungal_Leaf_Spot00381.jpg,Fungal_Leaf_Spot,Fungal_Leaf_Spot,Correct,0.839154
datasets/test/Curl_Leaf/Curl_Leaf00063.jpg,Curl_Leaf,Dry_Leaf,Incorrect,0.249336
datasets/test/Dry_Leaf/Dry_Leaf00184.jpg,Dry_Leaf,Dry_Leaf,Correct,0.988813
datasets/test/Healthy_Leaf/Healthy_Leaf00560.jpg,Healthy_Leaf,Healthy_Leaf,Correct,0.731586
datasets/train/Fungal_Leaf_Spot/Fungal_Leaf_Spot00460.jpg,Fungal_Leaf_Spot,Fungal_Leaf_Spot,Correct,0.796491
datasets/train/Leaf_Blight/Leaf_Blight00315.jpg,Leaf_Blight,Leaf_Blight,Correct,0.746142
datasets/train/Leaf_Gall/Leaf_Gall00287.jpg,Leaf_Gall,Leaf_Gall,Correct,0.756455
datasets/test/Dry_Leaf/Dry_Leaf00267.jpg,Dry_Leaf,Dry_Leaf,Correct,0.978773
datasets/test/Fungal_Leaf_Spot/Fungal_Leaf_Spot00492.jpg,Fungal_Leaf_Spot,Felt_Leaf,Incorrect,0.428608
datasets/test/Felt_Leaf/Felt_Leaf00145.jpg,Felt_Leaf,Leaf_Gall,Incorrect,0.591005
datasets/test/Dry_Leaf/Dry_Leaf00265.jpg,Dry_Leaf,Dry_Leaf,Correct,0.965267
datasets/test/Healthy_Leaf/Healthy_Leaf00433.jpg,Healthy_Leaf,Healthy_Leaf,Correct,0.772784
datasets/test/Healthy_Leaf/Healthy_Leaf00536.jpg,Healthy_Leaf,Fungal_Leaf_Spot,Incorrect,0.419076
datasets/test/Felt_Leaf/Felt_Leaf00102.jpg,Felt_Leaf,Fungal_Leaf_Spot,Incorrect,0.454129
datasets/test/Leaf_Gall/Leaf_Gall00334.jpg,Leaf_Gall,Leaf_Blight,Incorrect,0.565346
datasets/test/Leaf_Blight/Leaf_Blight00039.jpg,Leaf_Blight,Leaf_Blight,Correct,0.869224
datasets/test/Fungal_Leaf_Spot/Fungal_Leaf_Spot00037.jpg,Fungal_Leaf_Spot,Fungal_Leaf_Spot,Correct,0.953557
datasets/test/Healthy_Leaf/Healthy_Leaf00142.jpg,Healthy_Leaf,Healthy_Leaf,Correct,0.807025
datasets/train/Leaf_Gall/Leaf_Gall00389.jpg,Leaf_Gall,Leaf_Gall,Correct,0.282857
datasets/train/Bituminous_Leaf/Bituminous_Leaf00036.jpg,Bituminous_Leaf,Bituminous_Leaf,Correct,0.618247
datasets/train/Leaf_Gall/Leaf_Gall00344.jpg,Leaf_Gall,Leaf_Blight,Incorrect,0.460287
datasets/test/Healthy_Leaf/Healthy_Leaf00230.jpg,Healthy_Leaf,Dry_Leaf,Incorrect,0.581662
datasets/test/Healthy_Leaf/Healthy_Leaf00257.jpg,Healthy_Leaf,Healthy_Leaf,Correct,0.757073
datasets/test/Deficiency_Leaf/Deficiency_Leaf00046.jpg,Deficiency_Leaf,Fungal_Leaf_Spot,Incorrect,0.347651
datasets/test/Felt_Leaf/Felt_Leaf00375.jpg,Felt_Leaf,Healthy_Leaf,Incorrect,0.701864
datasets/train/Healthy_Leaf/Healthy_Leaf00148.jpg,Healthy_Leaf,Healthy_Leaf,Correct,0.970775
datasets/test/Fungal_Leaf_Spot/Fungal_Leaf_Spot00111.jpg,Fungal_Leaf_Spot,Felt_Leaf,Incorrect,0.253237
datasets/test/Healthy_Leaf/Healthy_Leaf00539.jpg,Healthy_Leaf,Healthy_Leaf,Correct,0.714567
datasets/test/Dry_Leaf/Dry_Leaf00159.jpg,Dry_Leaf,Dry_Leaf,Correct,0.914461
datasets/train/Leaf_Gall/Leaf_Gall00606.jpg,Leaf_Gall,Leaf_Gall,Correct,0.435341
datasets/train/Curl_Leaf/Curl_Leaf00038.jpg,Curl_Leaf,Curl_Leaf,Correct,0.992841
datasets/test/Curl_Leaf/Curl_Leaf00077.jpg,Curl_Leaf,Fungal_Leaf_Spot,Incorrect,0.254662
datasets/test/Leaf_Blight/Leaf_Blight00264.jpg,Leaf_Blight,Leaf_Blight,Correct,0.514933
datasets/test/Healthy_Leaf/Healthy_Leaf00419.jpg,Healthy_Leaf,Healthy_Leaf,Correct,0.701020
datasets/test/Bituminous_Leaf/Bituminous_Leaf00123.jpg,Bituminous_Leaf,Bituminous_Leaf,Correct,0.962904
datasets/test/Healthy_Leaf/Healthy_Leaf00561.jpg,Healthy_Leaf,Healthy_Leaf,Correct,0.850614
datasets/train/Healthy_Leaf/Healthy_Leaf00408.jpg,Healthy_Leaf,Leaf_Gall,Incorrect,0.453939
datasets/test/Healthy_Leaf/Healthy_Leaf00262.jpg,Healthy_Leaf,Leaf_Gall,Incorrect,0.399766
datasets/train/Leaf_Gall/Leaf_Gall00286.jpg,Leaf_Gall,Leaf_Blight,Incorrect,0.442754
datasets/train/Dry_Leaf/Dry_Leaf00241.jpg,Dry_Leaf,Anthrax_Leaf,Incorrect,0.341199
datasets/train/Dry_Leaf/Dry_Leaf00247.jpg,Dry_Leaf,Dry_Leaf,Correct,0.952019
datasets/train/Leaf_Gall/Leaf_Gall00404.jpg,Leaf_Gall,Leaf_Gall,Correct,0.410047
datasets/train/Leaf_Blight/Leaf_Blight00008.jpg,Leaf_Blight,Leaf_Blight,Correct,0.485240
datasets/test/Anthrax_Leaf/Anthrax_Leaf00058.jpg,Anthrax_Leaf,Anthrax_Leaf,Correct,0.572054
datasets/test/Leaf_Gall/Leaf_Gall00042.jpg,Leaf_Gall,Leaf_Gall,Correct,0.296630
datasets/test/Fungal_Leaf_Spot/Fungal_Leaf_Spot00540.jpg,Fungal_Leaf_Spot,Fungal_Leaf_Spot,Correct,0.777524
datasets/test/Felt_Leaf/Felt_Leaf00057.jpg,Felt_Leaf,Leaf_Blight,Incorrect,0.314885
datasets/train/Curl_Leaf/Curl_Leaf00085.jpg,Curl_Leaf,Felt_Leaf,Incorrect,0.516669
datasets/test/Fungal_Leaf_Spot/Fungal_Leaf_Spot00419.jpg,Fungal_Leaf_Spot,Fungal_Leaf_Spot,Correct,0.327695
datasets/train/Fungal_Leaf_Spot/Fungal_Leaf_Spot00202.jpg,Fungal_Leaf_Spot,Fungal_Leaf_Spot,Correct,0.810884
datasets/test/Healthy_Leaf/Healthy_Leaf00073.jpg,Healthy_Leaf,Healthy_Leaf,Correct,0.989314
datasets/train/Fungal_Leaf_Spot/Fungal_Leaf_Spot00143.jpg,Fungal_Leaf_Spot,Fungal_Leaf_Spot,Correct,0.612221
datasets/test/Healthy_Leaf/Healthy_Leaf00559.jpg,Healthy_Leaf,Healthy_Leaf,Correct,0.662353
datasets/test/Fungal_Leaf_Spot/Fungal_Leaf_Spot00546.jpg,Fungal_Leaf_Spot,Healthy_Leaf,Incorrect,0.591939
datasets/train/Leaf_Blight/Leaf_Blight00477.jpg,Leaf_Blight,Leaf_Blight,Correct,0.854307
datasets/train/Dry_Leaf/Dry_Leaf00355.jpg,Dry_Leaf,Healthy_Leaf,Incorrect,0.300903
datasets/train/Fungal_Leaf_Spot/Fungal_Leaf_Spot00462.jpg,Fungal_Leaf_Spot,Fungal_Leaf_Spot,Correct,0.400712
datasets/train/Curl_Leaf/Curl_Leaf00141.jpg,Curl_Leaf,Leaf_Gall,Incorrect,0.506157
datasets/test/Curl_Leaf/Curl_Leaf00121.jpg,Curl_Leaf,Curl_Leaf,Correct,0.772214
datasets/test/Healthy_Leaf/Healthy_Leaf00332.jpg,Healthy_Leaf,Healthy_Leaf,Correct,0.939337
datasets/test/Leaf_Gall/Leaf_Gall00394.jpg,Leaf_Gall,Fungal_Leaf_Spot,Incorrect,0.403109
datasets/test/Fungal_Leaf_Spot/Fungal_Leaf_Spot00447.jpg,Fungal_Leaf_Spot,Fungal_Leaf_Spot,Correct,0.814590
datasets/train/Healthy_Leaf/Healthy_Leaf00022.jpg,Healthy_Leaf,Healthy_Leaf,Correct,0.946263
datasets/train/Leaf_Blight/Leaf_Blight00336.jpg,Leaf_Blight,Leaf_Blight,Correct,0.906767
datasets/train/Dry_Leaf/Dry_Leaf00269.jpg,Dry_Leaf,Dry_Leaf,Correct,0.997733
datasets/train/Fungal_Leaf_Spot/Fungal_Leaf_Spot00258.jpg,Fungal_Leaf_Spot,Healthy_Leaf,Incorrect,0.336800
datasets/test/Fungal_Leaf_Spot/Fungal_Leaf_Spot00122.jpg,Fungal_Leaf_Spot,Felt_Leaf,Incorrect,0.722319
datasets/train/Fungal_Leaf_Spot/Fungal_Leaf_Spot00459.jpg,Fungal_Leaf_Spot,Fungal_Leaf_Spot,Correct,0.631697
datasets/test/Leaf_Gall/Leaf_Gall00450.jpg,Leaf_Gall,Leaf_Blight,Incorrect,0.634740
datasets/train/Healthy_Leaf/Healthy_Leaf00417.jpg,Healthy_Leaf,Healthy_Leaf,Correct,0.390424
datasets/test/Anthrax_Leaf/Anthrax_Leaf00077.jpg,Anthrax_Leaf,Anthrax_Leaf,Correct,0.434448
datasets/test/Leaf_Gall/Leaf_Gall00114.jpg,Leaf_Gall,Dry_Leaf,Incorrect,0.403489
datasets/test/Fungal_Leaf_Spot/Fungal_Leaf_Spot00117.jpg,Fungal_Leaf_Spot,Fungal_Leaf_Spot,Correct,0.636805
datasets/test/Leaf_Blight/Leaf_Blight00374.jpg,Leaf_Blight,Leaf_Gall,Incorrect,0.330256
datasets/test/Leaf_Blight/Leaf_Blight00434.jpg,Leaf_Blight,Leaf_Blight,Correct,0.574519
datasets/test/Leaf_Gall/Leaf_Gall00159.jpg,Leaf_Gall,Leaf_Blight,Incorrect,0.500738
datasets/test/Leaf_Blight/Leaf_Blight00344.jpg,Leaf_Blight,Healthy_Leaf,Incorrect,0.255949
datasets/test/Leaf_Gall/Leaf_Gall00565.jpg,Leaf_Gall,Leaf_Gall,Correct,0.672132
datasets/train/Leaf_Gall/Leaf_Gall00110.jpg,Leaf_Gall,Deficiency_Leaf,Incorrect,0.526308
datasets/train/Fungal_Leaf_Spot/Fungal_Leaf_Spot00483.jpg,Fungal_Leaf_Spot,Leaf_Blight,Incorrect,0.297195
datasets/train/Fungal_Leaf_Spot/Fungal_Leaf_Spot00547.jpg,Fungal_Leaf_Spot,Fungal_Leaf_Spot,Correct,0.451508
datasets/test/Leaf_Blight/Leaf_Blight00308.jpg,Leaf_Blight,Leaf_Blight,Correct,0.949070
datasets/test/Leaf_Blight/Leaf_Blight00064.jpg,Leaf_Blight,Leaf_Gall,Incorrect,0.275156
datasets/test/Dry_Leaf/Dry_Leaf00317.jpg,Dry_Leaf,Dry_Leaf,Correct,0.982070
datasets/train/Anthrax_Leaf/Anthrax_Leaf00072.jpg,Anthrax_Leaf,Dry_Leaf,Incorrect,0.400516
datasets/test/Fungal_Leaf_Spot/Fungal_Leaf_Spot00430.jpg,Fungal_Leaf_Spot,Felt_Leaf,Incorrect,0.245936
datasets/test/Fungal_Leaf_Spot/Fungal_Leaf_Spot00132.jpg,Fungal_Leaf_Spot,Fungal_Leaf_Spot,Correct,0.398349
datasets/test/Healthy_Leaf/Healthy_Leaf00467.jpg,Healthy_Leaf,Leaf_Blight,Incorrect,0.506102
datasets/train/Leaf_Gall/Leaf_Gall00258.jpg,Leaf_Gall,Fungal_Leaf_Spot,Incorrect,0.460445
datasets/train/Felt_Leaf/Felt_Leaf00223.jpg,Felt_Leaf,Healthy_Leaf,Incorrect,0.463564
datasets/train/Healthy_Leaf/Healthy_Leaf00423.jpg,Healthy_Leaf,Healthy_Leaf,Correct,0.864020
datasets/train/Healthy_Leaf/Healthy_Leaf00482.jpg,Healthy_Leaf,Healthy_Leaf,Correct,0.861721
datasets/test/Healthy_Leaf/Healthy_Leaf00158.jpg,Healthy_Leaf,Healthy_Leaf,Correct,0.935405
datasets/test/Leaf_Blight/Leaf_Blight00100.jpg,Leaf_Blight,Leaf_Blight,Correct,0.708892
datasets/train/Leaf_Blight/Leaf_Blight00043.jpg,Leaf_Blight,Fungal_Leaf_Spot,Incorrect,0.491923
datasets/train/Leaf_Blight/Leaf_Blight00086.jpg,Leaf_Blight,Anthrax_Leaf,Incorrect,0.479104
datasets/test/Felt_Leaf/Felt_Leaf00175.jpg,Felt_Leaf,Fungal_Leaf_Spot,Incorrect,0.541934
datasets/test/Healthy_Leaf/Healthy_Leaf00364.jpg,Healthy_Leaf,Leaf_Gall,Incorrect,0.298189
datasets/test/Anthrax_Leaf/Anthrax_Leaf00110.jpg,Anthrax_Leaf,Anthrax_Leaf,Correct,0.636613
datasets/train/Leaf_Gall/Leaf_Gall00162.jpg,Leaf_Gall,Leaf_Gall,Correct,0.850087
datasets/test/Felt_Leaf/Felt_Leaf00001.jpg,Felt_Leaf,Leaf_Gall,Incorrect,0.529146
datasets/test/Leaf_Gall/Leaf_Gall00251.jpg,Leaf_Gall,Leaf_Gall,Correct,0.953589
datasets/test/Leaf_Gall/Leaf_Gall00012.jpg,Leaf_Gall,Leaf_Blight,Incorrect,0.636128
datasets/test/Anthrax_Leaf/Anthrax_Leaf00086.jpg,Anthrax_Leaf,Anthrax_Leaf,Correct,0.422960
datasets/test/Dry_Leaf/Dry_Leaf00048.jpg,Dry_Leaf,Dry_Leaf,Correct,0.979808
datasets/train/Leaf_Gall/Leaf_Gall00111.jpg,Leaf_Gall,Leaf_Gall,Correct,0.570071
datasets/test/Anthrax_Leaf/Anthrax_Leaf00024.jpg,Anthrax_Leaf,Anthrax_Leaf,Correct,0.362477
datasets/train/Leaf_Blight/Leaf_Blight00435.jpg,Leaf_Blight,Leaf_Blight,Correct,0.951918
datasets/test/Healthy_Leaf/Healthy_Leaf00279.jpg,Healthy_Leaf,Healthy_Leaf,Correct,0.930237
datasets/train/Curl_Leaf/Curl_Leaf00014.jpg,Curl_Leaf,Curl_Leaf,Correct,0.453341
datasets/train/Leaf_Blight/Leaf_Blight00259.jpg,Leaf_Blight,Fungal_Leaf_Spot,Incorrect,0.473414
datasets/test/Fungal_Leaf_Spot/Fungal_Leaf_Spot00158.jpg,Fungal_Leaf_Spot,Healthy_Leaf,Incorrect,0.398466
datasets/train/Dry_Leaf/Dry_Leaf00136.jpg,Dry_Leaf,Dry_Leaf,Correct,0.963512
datasets/test/Felt_Leaf/Felt_Leaf00202.jpg,Felt_Leaf,Felt_Leaf,Correct,0.265917
datasets/test/Leaf_Gall/Leaf_Gall00212.jpg,Leaf_Gall,Leaf_Gall,Correct,0.809132
datasets/test/Leaf_Gall/Leaf_Gall00437.jpg,Leaf_Gall,Leaf_Gall,Correct,0.324774
datasets/test/Leaf_Gall/Leaf_Gall00126.jpg,Leaf_Gall,Fungal_Leaf_Spot,Incorrect,0.508295
datasets/test/Felt_Leaf/Felt_Leaf00264.jpg,Felt_Leaf,Leaf_Blight,Incorrect,0.378318
datasets/test/Anthrax_Leaf/Anthrax_Leaf00040.jpg,Anthrax_Leaf,Anthrax_Leaf,Correct,0.358143
datasets/test/Healthy_Leaf/Healthy_Leaf00562.jpg,Healthy_Leaf,Leaf_Gall,Incorrect,0.536764
datasets/test/Leaf_Blight/Leaf_Blight00076.jpg,Leaf_Blight,Healthy_Leaf,Incorrect,0.581337
datasets/test/Leaf_Blight/Leaf_Blight00162.jpg,Leaf_Blight,Leaf_Blight,Correct,0.965866
datasets/train/Curl_Leaf/Curl_Leaf00003.jpg,Curl_Leaf,Curl_Leaf,Correct,0.342294
datasets/test/Curl_Leaf/Curl_Leaf00078.jpg,Curl_Leaf,Curl_Leaf,Correct,0.459080
datasets/train/Fungal_Leaf_Spot/Fungal_Leaf_Spot00394.jpg,Fungal_Leaf_Spot,Fungal_Leaf_Spot,Correct,0.364023
datasets/train/Fungal_Leaf_Spot/Fungal_Leaf_Spot00039.jpg,Fungal_Leaf_Spot,Fungal_Leaf_Spot,Correct,0.647814
datasets/train/Leaf_Gall/Leaf_Gall00034.jpg,Leaf_Gall,Fungal_Leaf_Spot,Incorrect,0.648712
datasets/train/Curl_Leaf/Curl_Leaf00105.jpg,Curl_Leaf,Curl_Leaf,Correct,0.627668
datasets/test/Leaf_Blight/Leaf_Blight00120.jpg,Leaf_Blight,Leaf_Blight,Correct,0.928987
datasets/train/Leaf_Blight/Leaf_Blight00407.jpg,Leaf_Blight,Fungal_Leaf_Spot,Incorrect,0.423992
datasets/train/Leaf_Gall/Leaf_Gall00587.jpg,Leaf_Gall,Leaf_Gall,Correct,0.599239
datasets/train/Felt_Leaf/Felt_Leaf00007.jpg,Felt_Leaf,Felt_Leaf,Correct,0.676717
datasets/test/Leaf_Blight/Leaf_Blight00357.jpg,Leaf_Blight,Leaf_Blight,Correct,0.397096
datasets/train/Leaf_Blight/Leaf_Blight00135.jpg,Leaf_Blight,Fungal_Leaf_Spot,Incorrect,0.247170
datasets/test/Felt_Leaf/Felt_Leaf00374.jpg,Felt_Leaf,Felt_Leaf,Correct,0.500875
datasets/test/Fungal_Leaf_Spot/Fungal_Leaf_Spot00174.jpg,Fungal_Leaf_Spot,Fungal_Leaf_Spot,Correct,0.819652
datasets/test/Felt_Leaf/Felt_Leaf00366.jpg,Felt_Leaf,Felt_Leaf,Correct,0.781286
datasets/test/Leaf_Blight/Leaf_Blight00111.jpg,Leaf_Blight,Leaf_Gall,Incorrect,0.384265
datasets/test/Leaf_Blight/Leaf_Blight00405.jpg,Leaf_Blight,Leaf_Blight,Correct,0.448517
datasets/test/Healthy_Leaf/Healthy_Leaf00220.jpg,Healthy_Leaf,Healthy_Leaf,Correct,0.932012
datasets/test/Leaf_Gall/Leaf_Gall00607.jpg,Leaf_Gall,Leaf_Gall,Correct,0.406939
datasets/test/Leaf_Gall/Leaf_Gall00601.jpg,Leaf_Gall,Leaf_Gall,Correct,0.885005
datasets/test/Felt_Leaf/Felt_Leaf00006.jpg,Felt_Leaf,Healthy_Leaf,Incorrect,0.430217
datasets/train/Leaf_Blight/Leaf_Blight00134.jpg,Leaf_Blight,Leaf_Blight,Correct,0.964667
datasets/train/Curl_Leaf/Curl_Leaf00143.jpg,Curl_Leaf,Curl_Leaf,Correct,0.638854
datasets/test/Bituminous_Leaf/Bituminous_Leaf00032.jpg,Bituminous_Leaf,Bituminous_Leaf,Correct,0.760478
datasets/train/Curl_Leaf/Curl_Leaf00099.jpg,Curl_Leaf,Leaf_Blight,Incorrect,0.310828
datasets/test/Fungal_Leaf_Spot/Fungal_Leaf_Spot00168.jpg,Fungal_Leaf_Spot,Fungal_Leaf_Spot,Correct,0.475304
datasets/test/Fungal_Leaf_Spot/Fungal_Leaf_Spot00348.jpg,Fungal_Leaf_Spot,Fungal_Leaf_Spot,Correct,0.314479
datasets/train/Healthy_Leaf/Healthy_Leaf00349.jpg,Healthy_Leaf,Healthy_Leaf,Correct,0.971616
datasets/test/Fungal_Leaf_Spot/Fungal_Leaf_Spot00103.jpg,Fungal_Leaf_Spot,Fungal_Leaf_Spot,Correct,0.299266
datasets/train/Fungal_Leaf_Spot/Fungal_Leaf_Spot00368.jpg,Fungal_Leaf_Spot,Felt_Leaf,Incorrect,0.384601
datasets/test/Fungal_Leaf_Spot/Fungal_Leaf_Spot00244.jpg,Fungal_Leaf_Spot,Healthy_Leaf,Incorrect,0.423349
datasets/train/Leaf_Gall/Leaf_Gall00338.jpg,Leaf_Gall,Leaf_Blight,Incorrect,0.526759
datasets/test/Leaf_Gall/Leaf_Gall00455.jpg,Leaf_Gall,Leaf_Gall,Correct,0.394674
datasets/train/Leaf_Blight/Leaf_Blight00127.jpg,Leaf_Blight,Leaf_Blight,Correct,0.286744
datasets/train/Felt_Leaf/Felt_Leaf00355.jpg,Felt_Leaf,Felt_Leaf,Correct,0.414678
datasets/train/Deficiency_Leaf/Deficiency_Leaf00043.jpg,Deficiency_Leaf,Healthy_Leaf,Incorrect,0.946916
datasets/test/Healthy_Leaf/Healthy_Leaf00496.jpg,Healthy_Leaf,Fungal_Leaf_Spot,Incorrect,0.598168
datasets/test/Fungal_Leaf_Spot/Fungal_Leaf_Spot00315.jpg,Fungal_Leaf_Spot,Fungal_Leaf_Spot,Correct,0.653471
datasets/test/Felt_Leaf/Felt_Leaf00149.jpg,Felt_Leaf,Felt_Leaf,Correct,0.366317
datasets/test/Leaf_Blight/Leaf_Blight00098.jpg,Leaf_Blight,Leaf_Blight,Correct,0.454798
datasets/test/Leaf_Gall/Leaf_Gall00466.jpg,Leaf_Gall,Leaf_Gall,Correct,0.371353
datasets/train/Felt_Leaf/Felt_Leaf00003.jpg,Felt_Leaf,Felt_Leaf,Correct,0.318916
datasets/train/Leaf_Gall/Leaf_Gall00588.jpg,Leaf_Gall,Leaf_Gall,Correct,0.228861
datasets/train/Leaf_Blight/Leaf_Blight00256.jpg,Leaf_Blight,Leaf_Blight,Correct,0.289657
datasets/test/Healthy_Leaf/Healthy_Leaf00582.jpg,Healthy_Leaf,Healthy_Leaf,Correct,0.334058
datasets/test/Curl_Leaf/Curl_Leaf00128.jpg,Curl_Leaf,Curl_Leaf,Correct,0.881761
datasets/test/Healthy_Leaf/Healthy_Leaf00187.jpg,Healthy_Leaf,Healthy_Leaf,Correct,0.513007
datasets/train/Leaf_Blight/Leaf_Blight00022.jpg,Leaf_Blight,Leaf_Blight,Correct,0.886153
datasets/test/Fungal_Leaf_Spot/Fungal_Leaf_Spot00362.jpg,Fungal_Leaf_Spot,Fungal_Leaf_Spot,Correct,0.728428
datasets/test/Curl_Leaf/Curl_Leaf00167.jpg,Curl_Leaf,Curl_Leaf,Correct,0.639488
datasets/train/Curl_Leaf/Curl_Leaf00061.jpg,Curl_Leaf,Leaf_Gall,Incorrect,0.278451
datasets/test/Healthy_Leaf/Healthy_Leaf00362.jpg,Healthy_Leaf,Leaf_Blight,Incorrect,0.180208
datasets/train/Leaf_Blight/Leaf_Blight00246.jpg,Leaf_Blight,Leaf_Blight,Correct,0.765116
datasets/train/Bituminous_Leaf/Bituminous_Leaf00029.jpg,Bituminous_Leaf,Curl_Leaf,Incorrect,0.337309
datasets/test/Felt_Leaf/Felt_Leaf00360.jpg,Felt_Leaf,Felt_Leaf,Correct,0.810870
datasets/test/Leaf_Gall/Leaf_Gall00408.jpg,Leaf_Gall,Curl_Leaf,Incorrect,0.274500
datasets/train/Leaf_Blight/Leaf_Blight00279.jpg,Leaf_Blight,Fungal_Leaf_Spot,Incorrect,0.513975
datasets/train/Curl_Leaf/Curl_Leaf00052.jpg,Curl_Leaf,Leaf_Gall,Incorrect,0.160016
datasets/test/Felt_Leaf/Felt_Leaf00232.jpg,Felt_Leaf,Leaf_Blight,Incorrect,0.512303
datasets/test/Leaf_Blight/Leaf_Blight00337.jpg,Leaf_Blight,Leaf_Blight,Correct,0.899187
datasets/test/Healthy_Leaf/Healthy_Leaf00492.jpg,Healthy_Leaf,Leaf_Gall,Incorrect,0.755563
datasets/train/Fungal_Leaf_Spot/Fungal_Leaf_Spot00150.jpg,Fungal_Leaf_Spot,Fungal_Leaf_Spot,Correct,0.561544
datasets/test/Dry_Leaf/Dry_Leaf00214.jpg,Dry_Leaf,Dry_Leaf,Correct,0.753679
datasets/train/Felt_Leaf/Felt_Leaf00371.jpg,Felt_Leaf,Healthy_Leaf,Incorrect,0.777603
datasets/train/Leaf_Gall/Leaf_Gall00090.jpg,Leaf_Gall,Leaf_Gall,Correct,0.469859
datasets/test/Felt_Leaf/Felt_Leaf00306.jpg,Felt_Leaf,Leaf_Gall,Incorrect,0.476176
datasets/test/Dry_Leaf/Dry_Leaf00204.jpg,Dry_Leaf,Dry_Leaf,Correct,0.988053
datasets/test/Leaf_Blight/Leaf_Blight00467.jpg,Leaf_Blight,Leaf_Blight,Correct,0.837595
datasets/test/Leaf_Gall/Leaf_Gall00231.jpg,Leaf_Gall,Leaf_Gall,Correct,0.532924
datasets/test/Leaf_Gall/Leaf_Gall00308.jpg,Leaf_Gall,Leaf_Gall,Correct,0.957434
datasets/train/Felt_Leaf/Felt_Leaf00096.jpg,Felt_Leaf,Felt_Leaf,Correct,0.734309
datasets/test/Dry_Leaf/Dry_Leaf00307.jpg,Dry_Leaf,Healthy_Leaf,Incorrect,0.694181
datasets/test/Deficiency_Leaf/Deficiency_Leaf00019.jpg,Deficiency_Leaf,Healthy_Leaf,Incorrect,0.790307
datasets/train/Healthy_Leaf/Healthy_Leaf00519.jpg,Healthy_Leaf,Healthy_Leaf,Correct,0.588175
datasets/test/Leaf_Blight/Leaf_Blight00223.jpg,Leaf_Blight,Dry_Leaf,Incorrect,0.366378
datasets/test/Leaf_Blight/Leaf_Blight00212.jpg,Leaf_Blight,Leaf_Gall,Incorrect,0.360319
datasets/train/Leaf_Blight/Leaf_Blight00211.jpg,Leaf_Blight,Leaf_Blight,Correct,0.853706
datasets/test/Healthy_Leaf/Healthy_Leaf00487.jpg,Healthy_Leaf,Healthy_Leaf,Correct,0.291968
datasets/test/Fungal_Leaf_Spot/Fungal_Leaf_Spot00317.jpg,Fungal_Leaf_Spot,Fungal_Leaf_Spot,Correct,0.528292
datasets/test/Anthrax_Leaf/Anthrax_Leaf00019.jpg,Anthrax_Leaf,Leaf_Gall,Incorrect,0.417169
datasets/test/Healthy_Leaf/Healthy_Leaf00277.jpg,Healthy_Leaf,Healthy_Leaf,Correct,0.430026
datasets/test/Felt_Leaf/Felt_Leaf00316.jpg,Felt_Leaf,Felt_Leaf,Correct,0.662121
datasets/test/Healthy_Leaf/Healthy_Leaf00229.jpg,Healthy_Leaf,Healthy_Leaf,Correct,0.820247
datasets/train/Felt_Leaf/Felt_Leaf00157.jpg,Felt_Leaf,Felt_Leaf,Correct,0.350459
datasets/test/Dry_Leaf/Dry_Leaf00058.jpg,Dry_Leaf,Dry_Leaf,Correct,0.794396
datasets/test/Anthrax_Leaf/Anthrax_Leaf00074.jpg,Anthrax_Leaf,Anthrax_Leaf,Correct,0.988431
datasets/test/Felt_Leaf/Felt_Leaf00063.jpg,Felt_Leaf,Felt_Leaf,Correct,0.327798
datasets/test/Felt_Leaf/Felt_Leaf00190.jpg,Felt_Leaf,Leaf_Gall,Incorrect,0.784812
datasets/train/Bituminous_Leaf/Bituminous_Leaf00112.jpg,Bituminous_Leaf,Bituminous_Leaf,Correct,0.963411
datasets/test/Healthy_Leaf/Healthy_Leaf00540.jpg,Healthy_Leaf,Healthy_Leaf,Correct,0.681543
datasets/test/Anthrax_Leaf/Anthrax_Leaf00085.jpg,Anthrax_Leaf,Anthrax_Leaf,Correct,0.712586
datasets/test/Healthy_Leaf/Healthy_Leaf00226.jpg,Healthy_Leaf,Healthy_Leaf,Correct,0.538920
datasets/test/Fungal_Leaf_Spot/Fungal_Leaf_Spot00356.jpg,Fungal_Leaf_Spot,Fungal_Leaf_Spot,Correct,0.485629
datasets/test/Leaf_Gall/Leaf_Gall00353.jpg,Leaf_Gall,Leaf_Blight,Incorrect,0.287419
datasets/test/Leaf_Gall/Leaf_Gall00365.jpg,Leaf_Gall,Leaf_Blight,Incorrect,0.319968
datasets/train/Fungal_Leaf_Spot/Fungal_Leaf_Spot00086.jpg,Fungal_Leaf_Spot,Fungal_Leaf_Spot,Correct,0.263120
datasets/test/Healthy_Leaf/Healthy_Leaf00129.jpg,Healthy_Leaf,Healthy_Leaf,Correct,0.559169
datasets/test/Leaf_Blight/Leaf_Blight00067.jpg,Leaf_Blight,Leaf_Gall,Incorrect,0.473949
datasets/test/Healthy_Leaf/Healthy_Leaf00178.jpg,Healthy_Leaf,Healthy_Leaf,Correct,0.987627
datasets/test/Fungal_Leaf_Spot/Fungal_Leaf_Spot00517.jpg,Fungal_Leaf_Spot,Fungal_Leaf_Spot,Correct,0.781078
datasets/train/Leaf_Blight/Leaf_Blight00537.jpg,Leaf_Blight,Leaf_Blight,Correct,0.949303
datasets/train/Dry_Leaf/Dry_Leaf00170.jpg,Dry_Leaf,Dry_Leaf,Correct,0.847271
datasets/train/Leaf_Gall/Leaf_Gall00610.jpg,Leaf_Gall,Leaf_Gall,Correct,0.668626
datasets/test/Leaf_Blight/Leaf_Blight00444.jpg,Leaf_Blight,Leaf_Blight,Correct,0.510071
datasets/test/Fungal_Leaf_Spot/Fungal_Leaf_Spot00226.jpg,Fungal_Leaf_Spot,Fungal_Leaf_Spot,Correct,0.647170
datasets/test/Fungal_Leaf_Spot/Fungal_Leaf_Spot00293.jpg,Fungal_Leaf_Spot,Fungal_Leaf_Spot,Correct,0.357726
datasets/train/Anthrax_Leaf/Anthrax_Leaf00087.jpg,Anthrax_Leaf,Leaf_Gall,Incorrect,0.336058
datasets/train/Leaf_Blight/Leaf_Blight00197.jpg,Leaf_Blight,Leaf_Blight,Correct,0.651791
datasets/train/Felt_Leaf/Felt_Leaf00085.jpg,Felt_Leaf,Leaf_Blight,Incorrect,0.350772
datasets/train/Felt_Leaf/Felt_Leaf00296.jpg,Felt_Leaf,Felt_Leaf,Correct,0.516156
datasets/train/Dry_Leaf/Dry_Leaf00346.jpg,Dry_Leaf,Dry_Leaf,Correct,0.522777
datasets/train/Healthy_Leaf/Healthy_Leaf00382.jpg,Healthy_Leaf,Dry_Leaf,Incorrect,0.947814
datasets/test/Dry_Leaf/Dry_Leaf00041.jpg,Dry_Leaf,Healthy_Leaf,Incorrect,0.453824
datasets/train/Leaf_Gall/Leaf_Gall00526.jpg,Leaf_Gall,Leaf_Gall,Correct,0.373403
datasets/test/Healthy_Leaf/Healthy_Leaf00400.jpg,Healthy_Leaf,Healthy_Leaf,Correct,0.858055
datasets/train/Healthy_Leaf/Healthy_Leaf00468.jpg,Healthy_Leaf,Leaf_Gall,Incorrect,0.426735
datasets/test/Felt_Leaf/Felt_Leaf00268.jpg,Felt_Leaf,Felt_Leaf,Correct,0.965140
datasets/train/Curl_Leaf/Curl_Leaf00161.jpg,Curl_Leaf,Curl_Leaf,Correct,0.891596
datasets/test/Bituminous_Leaf/Bituminous_Leaf00050.jpg,Bituminous_Leaf,Bituminous_Leaf,Correct,0.239250
datasets/train/Leaf_Blight/Leaf_Blight00113.jpg,Leaf_Blight,Leaf_Blight,Correct,0.835215
datasets/train/Healthy_Leaf/Healthy_Leaf00261.jpg,Healthy_Leaf,Fungal_Leaf_Spot,Incorrect,0.610497
datasets/test/Deficiency_Leaf/Deficiency_Leaf00071.jpg,Deficiency_Leaf,Anthrax_Leaf,Incorrect,0.361697
datasets/test/Fungal_Leaf_Spot/Fungal_Leaf_Spot00427.jpg,Fungal_Leaf_Spot,Fungal_Leaf_Spot,Correct,0.280951
datasets/train/Leaf_Blight/Leaf_Blight00115.jpg,Leaf_Blight,Felt_Leaf,Incorrect,0.344652
datasets/test/Deficiency_Leaf/Deficiency_Leaf00066.jpg,Deficiency_Leaf,Leaf_Gall,Incorrect,0.365161
datasets/test/Felt_Leaf/Felt_Leaf00325.jpg,Felt_Leaf,Leaf_Gall,Incorrect,0.554437
datasets/test/Dry_Leaf/Dry_Leaf00042.jpg,Dry_Leaf,Dry_Leaf,Correct,0.993858
datasets/test/Anthrax_Leaf/Anthrax_Leaf00134.jpg,Anthrax_Leaf,Leaf_Blight,Incorrect,0.263149
datasets/train/Healthy_Leaf/Healthy_Leaf00501.jpg,Healthy_Leaf,Healthy_Leaf,Correct,0.777370
datasets/train/Felt_Leaf/Felt_Leaf00194.jpg,Felt_Leaf,Fungal_Leaf_Spot,Incorrect,0.362619
datasets/train/Leaf_Gall/Leaf_Gall00119.jpg,Leaf_Gall,Deficiency_Leaf,Incorrect,0.634124
datasets/test/Deficiency_Leaf/Deficiency_Leaf00109.jpg,Deficiency_Leaf,Deficiency_Leaf,Correct,0.561860
datasets/test/Deficiency_Leaf/Deficiency_Leaf00055.jpg,Deficiency_Leaf,Healthy_Leaf,Incorrect,0.423293
datasets/test/Leaf_Blight/Leaf_Blight00158.jpg,Leaf_Blight,Leaf_Blight,Correct,0.886222
datasets/test/Healthy_Leaf/Healthy_Leaf00549.jpg,Healthy_Leaf,Anthrax_Leaf,Incorrect,0.258479
datasets/test/Felt_Leaf/Felt_Leaf00291.jpg,Felt_Leaf,Felt_Leaf,Correct,0.839041
datasets/train/Felt_Leaf/Felt_Leaf00269.jpg,Felt_Leaf,Felt_Leaf,Correct,0.497905
datasets/train/Felt_Leaf/Felt_Leaf00073.jpg,Felt_Leaf,Felt_Leaf,Correct,0.383016
datasets/train/Leaf_Gall/Leaf_Gall00082.jpg,Leaf_Gall,Bituminous_Leaf,Incorrect,0.275573
datasets/train/Healthy_Leaf/Healthy_Leaf00311.jpg,Healthy_Leaf,Healthy_Leaf,Correct,0.632342
datasets/train/Fungal_Leaf_Spot/Fungal_Leaf_Spot00473.jpg,Fungal_Leaf_Spot,Fungal_Leaf_Spot,Correct,0.460748
datasets/train/Leaf_Blight/Leaf_Blight00515.jpg,Leaf_Blight,Leaf_Blight,Correct,0.462385
datasets/test/Felt_Leaf/Felt_Leaf00298.jpg,Felt_Leaf,Leaf_Blight,Incorrect,0.468133
datasets/test/Fungal_Leaf_Spot/Fungal_Leaf_Spot00442.jpg,Fungal_Leaf_Spot,Fungal_Leaf_Spot,Correct,0.640466
datasets/train/Leaf_Gall/Leaf_Gall00436.jpg,Leaf_Gall,Leaf_Gall,Correct,0.440817
datasets/test/Curl_Leaf/Curl_Leaf00156.jpg,Curl_Leaf,Curl_Leaf,Correct,0.970047
datasets/test/Felt_Leaf/Felt_Leaf00166.jpg,Felt_Leaf,Leaf_Blight,Incorrect,0.447827
datasets/test/Healthy_Leaf/Healthy_Leaf00413.jpg,Healthy_Leaf,Healthy_Leaf,Correct,0.867395
datasets/train/Leaf_Gall/Leaf_Gall00072.jpg,Leaf_Gall,Leaf_Gall,Correct,0.829729
datasets/train/Bituminous_Leaf/Bituminous_Leaf00066.jpg,Bituminous_Leaf,Bituminous_Leaf,Correct,0.623972
datasets/test/Dry_Leaf/Dry_Leaf00328.jpg,Dry_Leaf,Healthy_Leaf,Incorrect,0.590493
datasets/test/Healthy_Leaf/Healthy_Leaf00128.jpg,Healthy_Leaf,Healthy_Leaf,Correct,0.977333
datasets/test/Leaf_Gall/Leaf_Gall00457.jpg,Leaf_Gall,Healthy_Leaf,Incorrect,0.218702
datasets/test/Healthy_Leaf/Healthy_Leaf00292.jpg,Healthy_Leaf,Healthy_Leaf,Correct,0.923010
datasets/test/Dry_Leaf/Dry_Leaf00171.jpg,Dry_Leaf,Dry_Leaf,Correct,0.979491
datasets/test/Fungal_Leaf_Spot/Fungal_Leaf_Spot00083.jpg,Fungal_Leaf_Spot,Fungal_Leaf_Spot,Correct,0.569866
datasets/test/Dry_Leaf/Dry_Leaf00096.jpg,Dry_Leaf,Healthy_Leaf,Incorrect,0.567880
datasets/test/Healthy_Leaf/Healthy_Leaf00534.jpg,Healthy_Leaf,Bituminous_Leaf,Incorrect,0.261852
datasets/train/Leaf_Blight/Leaf_Blight00460.jpg,Leaf_Blight,Leaf_Blight,Correct,0.886275
datasets/test/Fungal_Leaf_Spot/Fungal_Leaf_Spot00468.jpg,Fungal_Leaf_Spot,Healthy_Leaf,Incorrect,0.369922
datasets/test/Dry_Leaf/Dry_Leaf00208.jpg,Dry_Leaf,Dry_Leaf,Correct,0.997970
datasets/test/Fungal_Leaf_Spot/Fungal_Leaf_Spot00053.jpg,Fungal_Leaf_Spot,Fungal_Leaf_Spot,Correct,0.524252
datasets/test/Fungal_Leaf_Spot/Fungal_Leaf_Spot00337.jpg,Fungal_Leaf_Spot,Fungal_Leaf_Spot,Correct,0.529027
datasets/test/Leaf_Blight/Leaf_Blight00369.jpg,Leaf_Blight,Leaf_Blight,Correct,0.473668
datasets/train/Leaf_Gall/Leaf_Gall00621.jpg,Leaf_Gall,Dry_Leaf,Incorrect,0.461117
datasets/test/Deficiency_Leaf/Deficiency_Leaf00027.jpg,Deficiency_Leaf,Healthy_Leaf,Incorrect,0.500948
datasets/test/Healthy_Leaf/Healthy_Leaf00484.jpg,Healthy_Leaf,Leaf_Blight,Incorrect,0.216992
datasets/test/Bituminous_Leaf/Bituminous_Leaf00087.jpg,Bituminous_Leaf,Healthy_Leaf,Incorrect,0.518876
datasets/test/Leaf_Gall/Leaf_Gall00234.jpg,Leaf_Gall,Leaf_Gall,Correct,0.957976
datasets/test/Healthy_Leaf/Healthy_Leaf00314.jpg,Healthy_Leaf,Healthy_Leaf,Correct,0.625038
datasets/test/Leaf_Blight/Leaf_Blight00438.jpg,Leaf_Blight,Leaf_Blight,Correct,0.424697
datasets/train/Dry_Leaf/Dry_Leaf00316.jpg,Dry_Leaf,Dry_Leaf,Correct,0.766557
datasets/test/Fungal_Leaf_Spot/Fungal_Leaf_Spot00333.jpg,Fungal_Leaf_Spot,Fungal_Leaf_Spot,Correct,0.432672
datasets/test/Fungal_Leaf_Spot/Fungal_Leaf_Spot00409.jpg,Fungal_Leaf_Spot,Fungal_Leaf_Spot,Correct,0.536220
datasets/test/Healthy_Leaf/Healthy_Leaf00069.jpg,Healthy_Leaf,Healthy_Leaf,Correct,0.980231
datasets/test/Fungal_Leaf_Spot/Fungal_Leaf_Spot00098.jpg,Fungal_Leaf_Spot,Fungal_Leaf_Spot,Correct,0.474064
datasets/test/Felt_Leaf/Felt_Leaf00172.jpg,Felt_Leaf,Fungal_Leaf_Spot,Incorrect,0.660137
datasets/test/Dry_Leaf/Dry_Leaf00258.jpg,Dry_Leaf,Dry_Leaf,Correct,0.649054
datasets/train/Felt_Leaf/Felt_Leaf00311.jpg,Felt_Leaf,Anthrax_Leaf,Incorrect,0.332921
datasets/test/Healthy_Leaf/Healthy_Leaf00473.jpg,Healthy_Leaf,Healthy_Leaf,Correct,0.395291
datasets/test/Leaf_Blight/Leaf_Blight00206.jpg,Leaf_Blight,Leaf_Gall,Incorrect,0.205092
datasets/test/Leaf_Blight/Leaf_Blight00023.jpg,Leaf_Blight,Leaf_Blight,Correct,0.476769
datasets/train/Healthy_Leaf/Healthy_Leaf00118.jpg,Healthy_Leaf,Healthy_Leaf,Correct,0.996989
datasets/train/Fungal_Leaf_Spot/Fungal_Leaf_Spot00254.jpg,Fungal_Leaf_Spot,Fungal_Leaf_Spot,Correct,0.444784
datasets/test/Healthy_Leaf/Healthy_Leaf00326.jpg,Healthy_Leaf,Healthy_Leaf,Correct,0.768459
datasets/test/Leaf_Blight/Leaf_Blight00198.jpg,Leaf_Blight,Leaf_Blight,Correct,0.671382
datasets/test/Healthy_Leaf/Healthy_Leaf00358.jpg,Healthy_Leaf,Healthy_Leaf,Correct,0.739666
datasets/test/Deficiency_Leaf/Deficiency_Leaf00018.jpg,Deficiency_Leaf,Fungal_Leaf_Spot,Incorrect,0.247264
datasets/train/Curl_Leaf/Curl_Leaf00051.jpg,Curl_Leaf,Curl_Leaf,Correct,0.826985
datasets/train/Leaf_Blight/Leaf_Blight00273.jpg,Leaf_Blight,Leaf_Blight,Correct,0.402419
datasets/test/Leaf_Gall/Leaf_Gall00194.jpg,Leaf_Gall,Leaf_Gall,Correct,0.728978
datasets/train/Fungal_Leaf_Spot/Fungal_Leaf_Spot00294.jpg,Fungal_Leaf_Spot,Felt_Leaf,Incorrect,0.503198
datasets/train/Bituminous_Leaf/Bituminous_Leaf00045.jpg,Bituminous_Leaf,Fungal_Leaf_Spot,Incorrect,0.398467
datasets/train/Dry_Leaf/Dry_Leaf00078.jpg,Dry_Leaf,Dry_Leaf,Correct,0.775152
datasets/test/Curl_Leaf/Curl_Leaf00055.jpg,Curl_Leaf,Dry_Leaf,Incorrect,0.185651
datasets/train/Leaf_Gall/Leaf_Gall00103.jpg,Leaf_Gall,Anthrax_Leaf,Incorrect,0.561054
datasets/train/Fungal_Leaf_Spot/Fungal_Leaf_Spot00351.jpg,Fungal_Leaf_Spot,Fungal_Leaf_Spot,Correct,0.627343
datasets/test/Curl_Leaf/Curl_Leaf00115.jpg,Curl_Leaf,Curl_Leaf,Correct,0.510775
datasets/test/Leaf_Gall/Leaf_Gall00054.jpg,Leaf_Gall,Leaf_Blight,Incorrect,0.410186
datasets/test/Leaf_Blight/Leaf_Blight00437.jpg,Leaf_Blight,Leaf_Blight,Correct,0.880988
datasets/train/Healthy_Leaf/Healthy_Leaf00312.jpg,Healthy_Leaf,Healthy_Leaf,Correct,0.573931
datasets/train/Felt_Leaf/Felt_Leaf00192.jpg,Felt_Leaf,Fungal_Leaf_Spot,Incorrect,0.597429
datasets/test/Fungal_Leaf_Spot/Fungal_Leaf_Spot00426.jpg,Fungal_Leaf_Spot,Dry_Leaf,Incorrect,0.653513
datasets/test/Leaf_Blight/Leaf_Blight00343.jpg,Leaf_Blight,Fungal_Leaf_Spot,Incorrect,0.544874
datasets/test/Dry_Leaf/Dry_Leaf00255.jpg,Dry_Leaf,Dry_Leaf,Correct,0.926073
datasets/test/Leaf_Gall/Leaf_Gall00411.jpg,Leaf_Gall,Leaf_Gall,Correct,0.957363
datasets/test/Leaf_Gall/Leaf_Gall00130.jpg,Leaf_Gall,Leaf_Gall,Correct,0.444216
datasets/test/Healthy_Leaf/Healthy_Leaf00067.jpg,Healthy_Leaf,Healthy_Leaf,Correct,0.983753
datasets/test/Leaf_Gall/Leaf_Gall00067.jpg,Leaf_Gall,Leaf_Gall,Correct,0.427254
datasets/train/Fungal_Leaf_Spot/Fungal_Leaf_Spot00392.jpg,Fungal_Leaf_Spot,Fungal_Leaf_Spot,Correct,0.887184
datasets/test/Fungal_Leaf_Spot/Fungal_Leaf_Spot00055.jpg,Fungal_Leaf_Spot,Anthrax_Leaf,Incorrect,0.221506
datasets/train/Curl_Leaf/Curl_Leaf00119.jpg,Curl_Leaf,Leaf_Gall,Incorrect,0.434660
datasets/train/Healthy_Leaf/Healthy_Leaf00550.jpg,Healthy_Leaf,Fungal_Leaf_Spot,Incorrect,0.351161
datasets/train/Deficiency_Leaf/Deficiency_Leaf00056.jpg,Deficiency_Leaf,Curl_Leaf,Incorrect,0.668375
datasets/test/Curl_Leaf/Curl_Leaf00053.jpg,Curl_Leaf,Curl_Leaf,Correct,0.471543
datasets/train/Fungal_Leaf_Spot/Fungal_Leaf_Spot00399.jpg,Fungal_Leaf_Spot,Fungal_Leaf_Spot,Correct,0.507386
datasets/test/Felt_Leaf/Felt_Leaf00312.jpg,Felt_Leaf,Felt_Leaf,Correct,0.311046
datasets/test/Dry_Leaf/Dry_Leaf00221.jpg,Dry_Leaf,Dry_Leaf,Correct,0.976512
datasets/train/Fungal_Leaf_Spot/Fungal_Leaf_Spot00449.jpg,Fungal_Leaf_Spot,Fungal_Leaf_Spot,Correct,0.874262
datasets/train/Leaf_Blight/Leaf_Blight00518.jpg,Leaf_Blight,Leaf_Blight,Correct,0.396885
datasets/train/Felt_Leaf/Felt_Leaf00188.jpg,Felt_Leaf,Leaf_Gall,Incorrect,0.723336
datasets/test/Curl_Leaf/Curl_Leaf00114.jpg,Curl_Leaf,Anthrax_Leaf,Incorrect,0.169770
datasets/train/Leaf_Gall/Leaf_Gall00028.jpg,Leaf_Gall,Leaf_Gall,Correct,0.394843
datasets/train/Dry_Leaf/Dry_Leaf00115.jpg,Dry_Leaf,Healthy_Leaf,Incorrect,0.245251
datasets/test/Leaf_Gall/Leaf_Gall00078.jpg,Leaf_Gall,Leaf_Gall,Correct,0.489174
datasets/test/Deficiency_Leaf/Deficiency_Leaf00079.jpg,Deficiency_Leaf,Fungal_Leaf_Spot,Incorrect,0.178100
datasets/test/Leaf_Gall/Leaf_Gall00122.jpg,Leaf_Gall,Leaf_Gall,Correct,0.405786
datasets/test/Healthy_Leaf/Healthy_Leaf00271.jpg,Healthy_Leaf,Healthy_Leaf,Correct,0.505382
datasets/test/Fungal_Leaf_Spot/Fungal_Leaf_Spot00326.jpg,Fungal_Leaf_Spot,Fungal_Leaf_Spot,Correct,0.630999
datasets/train/Fungal_Leaf_Spot/Fungal_Leaf_Spot00428.jpg,Fungal_Leaf_Spot,Leaf_Blight,Incorrect,0.382425
datasets/test/Felt_Leaf/Felt_Leaf00023.jpg,Felt_Leaf,Healthy_Leaf,Incorrect,0.401816
datasets/train/Felt_Leaf/Felt_Leaf00326.jpg,Felt_Leaf,Felt_Leaf,Correct,0.363080
datasets/train/Healthy_Leaf/Healthy_Leaf00602.jpg,Healthy_Leaf,Healthy_Leaf,Correct,0.417455
datasets/test/Leaf_Gall/Leaf_Gall00463.jpg,Leaf_Gall,Healthy_Leaf,Incorrect,0.182348
datasets/test/Leaf_Blight/Leaf_Blight00536.jpg,Leaf_Blight,Leaf_Blight,Correct,0.931074
datasets/test/Fungal_Leaf_Spot/Fungal_Leaf_Spot00142.jpg,Fungal_Leaf_Spot,Healthy_Leaf,Incorrect,0.572425
datasets/test/Healthy_Leaf/Healthy_Leaf00241.jpg,Healthy_Leaf,Healthy_Leaf,Correct,0.750881
datasets/test/Dry_Leaf/Dry_Leaf00343.jpg,Dry_Leaf,Leaf_Blight,Incorrect,0.523615
datasets/test/Curl_Leaf/Curl_Leaf00109.jpg,Curl_Leaf,Curl_Leaf,Correct,0.773112
datasets/train/Deficiency_Leaf/Deficiency_Leaf00025.jpg,Deficiency_Leaf,Leaf_Blight,Incorrect,0.328383
datasets/test/Leaf_Blight/Leaf_Blight00427.jpg,Leaf_Blight,Leaf_Blight,Correct,0.990613
datasets/test/Fungal_Leaf_Spot/Fungal_Leaf_Spot00445.jpg,Fungal_Leaf_Spot,Leaf_Gall,Incorrect,0.383983
datasets/train/Leaf_Gall/Leaf_Gall00571.jpg,Leaf_Gall,Leaf_Gall,Correct,0.556051
datasets/test/Healthy_Leaf/Healthy_Leaf00376.jpg,Healthy_Leaf,Healthy_Leaf,Correct,0.360439
datasets/test/Felt_Leaf/Felt_Leaf00331.jpg,Felt_Leaf,Leaf_Blight,Incorrect,0.441522
datasets/train/Dry_Leaf/Dry_Leaf00008.jpg,Dry_Leaf,Leaf_Gall,Incorrect,0.281021
datasets/test/Fungal_Leaf_Spot/Fungal_Leaf_Spot00236.jpg,Fungal_Leaf_Spot,Dry_Leaf,Incorrect,0.484529
datasets/test/Bituminous_Leaf/Bituminous_Leaf00006.jpg,Bituminous_Leaf,Healthy_Leaf,Incorrect,0.202525
datasets/test/Leaf_Blight/Leaf_Blight00281.jpg,Leaf_Blight,Leaf_Blight,Correct,0.997454
datasets/test/Dry_Leaf/Dry_Leaf00213.jpg,Dry_Leaf,Dry_Leaf,Correct,0.998504
datasets/test/Leaf_Gall/Leaf_Gall00291.jpg,Leaf_Gall,Leaf_Gall,Correct,0.892468
datasets/test/Dry_Leaf/Dry_Leaf00364.jpg,Dry_Leaf,Leaf_Gall,Incorrect,0.241347
datasets/test/Dry_Leaf/Dry_Leaf00059.jpg,Dry_Leaf,Dry_Leaf,Correct,0.865246
datasets/train/Fungal_Leaf_Spot/Fungal_Leaf_Spot00189.jpg,Fungal_Leaf_Spot,Fungal_Leaf_Spot,Correct,0.670455
datasets/train/Dry_Leaf/Dry_Leaf00015.jpg,Dry_Leaf,Dry_Leaf,Correct,0.955687
datasets/test/Dry_Leaf/Dry_Leaf00025.jpg,Dry_Leaf,Dry_Leaf,Correct,0.992178
datasets/test/Fungal_Leaf_Spot/Fungal_Leaf_Spot00078.jpg,Fungal_Leaf_Spot,Leaf_Gall,Incorrect,0.357010
datasets/train/Dry_Leaf/Dry_Leaf00106.jpg,Dry_Leaf,Dry_Leaf,Correct,0.803311
datasets/test/Leaf_Gall/Leaf_Gall00095.jpg,Leaf_Gall,Leaf_Gall,Correct,0.347325
datasets/test/Leaf_Gall/Leaf_Gall00243.jpg,Leaf_Gall,Leaf_Gall,Correct,0.759554
datasets/test/Leaf_Gall/Leaf_Gall00531.jpg,Leaf_Gall,Healthy_Leaf,Incorrect,0.332857
datasets/test/Felt_Leaf/Felt_Leaf00319.jpg,Felt_Leaf,Fungal_Leaf_Spot,Incorrect,0.387887
datasets/test/Felt_Leaf/Felt_Leaf00106.jpg,Felt_Leaf,Felt_Leaf,Correct,0.566241
datasets/test/Leaf_Gall/Leaf_Gall00260.jpg,Leaf_Gall,Leaf_Blight,Incorrect,0.426670
datasets/test/Healthy_Leaf/Healthy_Leaf00428.jpg,Healthy_Leaf,Healthy_Leaf,Correct,0.938920
datasets/train/Fungal_Leaf_Spot/Fungal_Leaf_Spot00106.jpg,Fungal_Leaf_Spot,Leaf_Gall,Incorrect,0.349126
datasets/test/Dry_Leaf/Dry_Leaf00185.jpg,Dry_Leaf,Dry_Leaf,Correct,0.998373
datasets/test/Leaf_Gall/Leaf_Gall00438.jpg,Leaf_Gall,Healthy_Leaf,Incorrect,0.334598
datasets/train/Anthrax_Leaf/Anthrax_Leaf00042.jpg,Anthrax_Leaf,Leaf_Gall,Incorrect,0.754596
datasets/test/Fungal_Leaf_Spot/Fungal_Leaf_Spot00119.jpg,Fungal_Leaf_Spot,Leaf_Blight,Incorrect,0.675970
datasets/test/Fungal_Leaf_Spot/Fungal_Leaf_Spot00380.jpg,Fungal_Leaf_Spot,Leaf_Blight,Incorrect,0.280099
datasets/train/Felt_Leaf/Felt_Leaf00275.jpg,Felt_Leaf,Fungal_Leaf_Spot,Incorrect,0.455994
datasets/train/Felt_Leaf/Felt_Leaf00361.jpg,Felt_Leaf,Felt_Leaf,Correct,0.870848
datasets/train/Deficiency_Leaf/Deficiency_Leaf00121.jpg,Deficiency_Leaf,Healthy_Leaf,Incorrect,0.688742
datasets/train/Leaf_Blight/Leaf_Blight00355.jpg,Leaf_Blight,Leaf_Blight,Correct,0.710944
datasets/test/Bituminous_Leaf/Bituminous_Leaf00061.jpg,Bituminous_Leaf,Bituminous_Leaf,Correct,0.634774
datasets/test/Leaf_Blight/Leaf_Blight00342.jpg,Leaf_Blight,Leaf_Blight,Correct,0.391455
datasets/test/Fungal_Leaf_Spot/Fungal_Leaf_Spot00183.jpg,Fungal_Leaf_Spot,Fungal_Leaf_Spot,Correct,0.452943
datasets/test/Healthy_Leaf/Healthy_Leaf00078.jpg,Healthy_Leaf,Healthy_Leaf,Correct,0.981134
datasets/test/Felt_Leaf/Felt_Leaf00099.jpg,Felt_Leaf,Felt_Leaf,Correct,0.305207
datasets/test/Dry_Leaf/Dry_Leaf00252.jpg,Dry_Leaf,Dry_Leaf,Correct,0.706588
datasets/test/Leaf_Gall/Leaf_Gall00188.jpg,Leaf_Gall,Healthy_Leaf,Incorrect,0.322809
datasets/test/Fungal_Leaf_Spot/Fungal_Leaf_Spot00497.jpg,Fungal_Leaf_Spot,Fungal_Leaf_Spot,Correct,0.630945
datasets/train/Leaf_Gall/Leaf_Gall00189.jpg,Leaf_Gall,Fungal_Leaf_Spot,Incorrect,0.273419
datasets/test/Felt_Leaf/Felt_Leaf00287.jpg,Felt_Leaf,Leaf_Gall,Incorrect,0.428039
datasets/test/Dry_Leaf/Dry_Leaf00023.jpg,Dry_Leaf,Dry_Leaf,Correct,0.966398
datasets/test/Leaf_Gall/Leaf_Gall00502.jpg,Leaf_Gall,Dry_Leaf,Incorrect,0.386039
datasets/test/Leaf_Gall/Leaf_Gall00169.jpg,Leaf_Gall,Fungal_Leaf_Spot,Incorrect,0.522134
datasets/train/Leaf_Gall/Leaf_Gall00545.jpg,Leaf_Gall,Felt_Leaf,Incorrect,0.334931
datasets/test/Healthy_Leaf/Healthy_Leaf00251.jpg,Healthy_Leaf,Healthy_Leaf,Correct,0.884781
datasets/test/Dry_Leaf/Dry_Leaf00161.jpg,Dry_Leaf,Dry_Leaf,Correct,0.988849
datasets/test/Leaf_Blight/Leaf_Blight00069.jpg,Leaf_Blight,Leaf_Blight,Correct,0.317067
datasets/test/Leaf_Gall/Leaf_Gall00617.jpg,Leaf_Gall,Felt_Leaf,Incorrect,0.403112
datasets/train/Leaf_Gall/Leaf_Gall00447.jpg,Leaf_Gall,Leaf_Gall,Correct,0.390407
datasets/test/Leaf_Blight/Leaf_Blight00283.jpg,Leaf_Blight,Leaf_Blight,Correct,0.992794
datasets/test/Fungal_Leaf_Spot/Fungal_Leaf_Spot00020.jpg,Fungal_Leaf_Spot,Fungal_Leaf_Spot,Correct,0.329516
datasets/train/Leaf_Blight/Leaf_Blight00592.jpg,Leaf_Blight,Felt_Leaf,Incorrect,0.483091
datasets/train/Fungal_Leaf_Spot/Fungal_Leaf_Spot00141.jpg,Fungal_Leaf_Spot,Fungal_Leaf_Spot,Correct,0.501776
datasets/test/Leaf_Blight/Leaf_Blight00531.jpg,Leaf_Blight,Leaf_Blight,Correct,0.938844
datasets/test/Leaf_Gall/Leaf_Gall00192.jpg,Leaf_Gall,Leaf_Blight,Incorrect,0.503689
datasets/train/Felt_Leaf/Felt_Leaf00263.jpg,Felt_Leaf,Fungal_Leaf_Spot,Incorrect,0.274175
datasets/test/Bituminous_Leaf/Bituminous_Leaf00085.jpg,Bituminous_Leaf,Bituminous_Leaf,Correct,0.855738
datasets/test/Anthrax_Leaf/Anthrax_Leaf00007.jpg,Anthrax_Leaf,Felt_Leaf,Incorrect,0.408395
datasets/train/Fungal_Leaf_Spot/Fungal_Leaf_Spot00179.jpg,Fungal_Leaf_Spot,Fungal_Leaf_Spot,Correct,0.478735
datasets/test/Leaf_Blight/Leaf_Blight00459.jpg,Leaf_Blight,Leaf_Blight,Correct,0.655489
datasets/train/Anthrax_Leaf/Anthrax_Leaf00049.jpg,Anthrax_Leaf,Healthy_Leaf,Incorrect,0.406483
datasets/test/Dry_Leaf/Dry_Leaf00005.jpg,Dry_Leaf,Dry_Leaf,Correct,0.997227
datasets/test/Fungal_Leaf_Spot/Fungal_Leaf_Spot00480.jpg,Fungal_Leaf_Spot,Felt_Leaf,Incorrect,0.352399
datasets/train/Fungal_Leaf_Spot/Fungal_Leaf_Spot00572.jpg,Fungal_Leaf_Spot,Healthy_Leaf,Incorrect,0.372095
datasets/test/Leaf_Gall/Leaf_Gall00327.jpg,Leaf_Gall,Leaf_Gall,Correct,0.752828
datasets/test/Deficiency_Leaf/Deficiency_Leaf00084.jpg,Deficiency_Leaf,Leaf_Blight,Incorrect,0.317216
datasets/test/Dry_Leaf/Dry_Leaf00130.jpg,Dry_Leaf,Dry_Leaf,Correct,0.894851
datasets/train/Bituminous_Leaf/Bituminous_Leaf00024.jpg,Bituminous_Leaf,Healthy_Leaf,Incorrect,0.386781
datasets/train/Curl_Leaf/Curl_Leaf00041.jpg,Curl_Leaf,Healthy_Leaf,Incorrect,0.953847
datasets/train/Leaf_Blight/Leaf_Blight00348.jpg,Leaf_Blight,Leaf_Blight,Correct,0.314143
datasets/test/Anthrax_Leaf/Anthrax_Leaf00031.jpg,Anthrax_Leaf,Anthrax_Leaf,Correct,0.380744
datasets/train/Leaf_Gall/Leaf_Gall00342.jpg,Leaf_Gall,Leaf_Gall,Correct,0.331853
datasets/train/Fungal_Leaf_Spot/Fungal_Leaf_Spot00245.jpg,Fungal_Leaf_Spot,Healthy_Leaf,Incorrect,0.407825
datasets/test/Healthy_Leaf/Healthy_Leaf00583.jpg,Healthy_Leaf,Healthy_Leaf,Correct,0.291335
datasets/test/Leaf_Gall/Leaf_Gall00622.jpg,Leaf_Gall,Fungal_Leaf_Spot,Incorrect,0.276414
datasets/train/Dry_Leaf/Dry_Leaf00279.jpg,Dry_Leaf,Dry_Leaf,Correct,0.933615
datasets/train/Leaf_Gall/Leaf_Gall00529.jpg,Leaf_Gall,Leaf_Gall,Correct,0.235035
datasets/train/Fungal_Leaf_Spot/Fungal_Leaf_Spot00413.jpg,Fungal_Leaf_Spot,Fungal_Leaf_Spot,Correct,0.785411
datasets/train/Fungal_Leaf_Spot/Fungal_Leaf_Spot00072.jpg,Fungal_Leaf_Spot,Fungal_Leaf_Spot,Correct,0.782766
datasets/train/Leaf_Blight/Leaf_Blight00230.jpg,Leaf_Blight,Leaf_Blight,Correct,0.478956
datasets/test/Curl_Leaf/Curl_Leaf00116.jpg,Curl_Leaf,Curl_Leaf,Correct,0.915485
datasets/test/Fungal_Leaf_Spot/Fungal_Leaf_Spot00025.jpg,Fungal_Leaf_Spot,Leaf_Blight,Incorrect,0.246348
datasets/test/Fungal_Leaf_Spot/Fungal_Leaf_Spot00097.jpg,Fungal_Leaf_Spot,Fungal_Leaf_Spot,Correct,0.483871
datasets/test/Felt_Leaf/Felt_Leaf00134.jpg,Felt_Leaf,Healthy_Leaf,Incorrect,0.409178
datasets/test/Fungal_Leaf_Spot/Fungal_Leaf_Spot00131.jpg,Fungal_Leaf_Spot,Fungal_Leaf_Spot,Correct,0.425984
datasets/test/Dry_Leaf/Dry_Leaf00286.jpg,Dry_Leaf,Dry_Leaf,Correct,0.603078
datasets/train/Leaf_Gall/Leaf_Gall00328.jpg,Leaf_Gall,Leaf_Gall,Correct,0.471007
datasets/test/Felt_Leaf/Felt_Leaf00036.jpg,Felt_Leaf,Leaf_Gall,Incorrect,0.671520
datasets/train/Fungal_Leaf_Spot/Fungal_Leaf_Spot00167.jpg,Fungal_Leaf_Spot,Fungal_Leaf_Spot,Correct,0.485888
datasets/test/Deficiency_Leaf/Deficiency_Leaf00076.jpg,Deficiency_Leaf,Curl_Leaf,Incorrect,0.368000
datasets/test/Deficiency_Leaf/Deficiency_Leaf00001.jpg,Deficiency_Leaf,Felt_Leaf,Incorrect,0.335435
datasets/test/Leaf_Blight/Leaf_Blight00313.jpg,Leaf_Blight,Leaf_Blight,Correct,0.401061
datasets/test/Fungal_Leaf_Spot/Fungal_Leaf_Spot00196.jpg,Fungal_Leaf_Spot,Fungal_Leaf_Spot,Correct,0.686171
datasets/test/Deficiency_Leaf/Deficiency_Leaf00081.jpg,Deficiency_Leaf,Fungal_Leaf_Spot,Incorrect,0.372239
datasets/test/Leaf_Blight/Leaf_Blight00550.jpg,Leaf_Blight,Leaf_Blight,Correct,0.270394
datasets/train/Anthrax_Leaf/Anthrax_Leaf00075.jpg,Anthrax_Leaf,Anthrax_Leaf,Correct,0.635997
datasets/train/Felt_Leaf/Felt_Leaf00054.jpg,Felt_Leaf,Felt_Leaf,Correct,0.427289
datasets/test/Felt_Leaf/Felt_Leaf00197.jpg,Felt_Leaf,Felt_Leaf,Correct,0.348681
datasets/train/Leaf_Gall/Leaf_Gall00454.jpg,Leaf_Gall,Felt_Leaf,Incorrect,0.283391
datasets/test/Bituminous_Leaf/Bituminous_Leaf00074.jpg,Bituminous_Leaf,Bituminous_Leaf,Correct,0.890975
datasets/train/Healthy_Leaf/Healthy_Leaf00052.jpg,Healthy_Leaf,Healthy_Leaf,Correct,0.986775
datasets/test/Fungal_Leaf_Spot/Fungal_Leaf_Spot00323.jpg,Fungal_Leaf_Spot,Fungal_Leaf_Spot,Correct,0.431836
datasets/train/Dry_Leaf/Dry_Leaf00326.jpg,Dry_Leaf,Healthy_Leaf,Incorrect,0.459730
datasets/train/Anthrax_Leaf/Anthrax_Leaf00055.jpg,Anthrax_Leaf,Anthrax_Leaf,Correct,0.644839
datasets/train/Dry_Leaf/Dry_Leaf00153.jpg,Dry_Leaf,Dry_Leaf,Correct,0.987119
datasets/test/Healthy_Leaf/Healthy_Leaf00498.jpg,Healthy_Leaf,Healthy_Leaf,Correct,0.269955
datasets/train/Healthy_Leaf/Healthy_Leaf00033.jpg,Healthy_Leaf,Healthy_Leaf,Correct,0.991365
datasets/test/Healthy_Leaf/Healthy_Leaf00196.jpg,Healthy_Leaf,Healthy_Leaf,Correct,0.535389
datasets/train/Curl_Leaf/Curl_Leaf00130.jpg,Curl_Leaf,Curl_Leaf,Correct,0.577868
datasets/test/Fungal_Leaf_Spot/Fungal_Leaf_Spot00137.jpg,Fungal_Leaf_Spot,Fungal_Leaf_Spot,Correct,0.564560
datasets/test/Dry_Leaf/Dry_Leaf00320.jpg,Dry_Leaf,Dry_Leaf,Correct,0.911426
datasets/test/Anthrax_Leaf/Anthrax_Leaf00047.jpg,Anthrax_Leaf,Leaf_Gall,Incorrect,0.767136
datasets/test/Fungal_Leaf_Spot/Fungal_Leaf_Spot00329.jpg,Fungal_Leaf_Spot,Fungal_Leaf_Spot,Correct,0.345894
datasets/test/Leaf_Blight/Leaf_Blight00393.jpg,Leaf_Blight,Leaf_Blight,Correct,0.416623
datasets/train/Leaf_Blight/Leaf_Blight00204.jpg,Leaf_Blight,Fungal_Leaf_Spot,Incorrect,0.370926
datasets/test/Healthy_Leaf/Healthy_Leaf00497.jpg,Healthy_Leaf,Leaf_Gall,Incorrect,0.801704
datasets/test/Leaf_Gall/Leaf_Gall00549.jpg,Leaf_Gall,Leaf_Gall,Correct,0.433032
datasets/train/Healthy_Leaf/Healthy_Leaf00217.jpg,Healthy_Leaf,Leaf_Blight,Incorrect,0.202495
datasets/train/Leaf_Gall/Leaf_Gall00474.jpg,Leaf_Gall,Leaf_Gall,Correct,0.295507
datasets/test/Leaf_Blight/Leaf_Blight00530.jpg,Leaf_Blight,Felt_Leaf,Incorrect,0.281424
datasets/test/Leaf_Blight/Leaf_Blight00263.jpg,Leaf_Blight,Leaf_Blight,Correct,0.708561
datasets/test/Deficiency_Leaf/Deficiency_Leaf00117.jpg,Deficiency_Leaf,Healthy_Leaf,Incorrect,0.326072
datasets/test/Dry_Leaf/Dry_Leaf00254.jpg,Dry_Leaf,Dry_Leaf,Correct,0.600591
datasets/train/Healthy_Leaf/Healthy_Leaf00579.jpg,Healthy_Leaf,Healthy_Leaf,Correct,0.661122
datasets/test/Healthy_Leaf/Healthy_Leaf00600.jpg,Healthy_Leaf,Healthy_Leaf,Correct,0.474202
datasets/test/Leaf_Blight/Leaf_Blight00496.jpg,Leaf_Blight,Leaf_Blight,Correct,0.935419
datasets/train/Leaf_Blight/Leaf_Blight00047.jpg,Leaf_Blight,Dry_Leaf,Incorrect,0.264320
datasets/test/Curl_Leaf/Curl_Leaf00180.jpg,Curl_Leaf,Fungal_Leaf_Spot,Incorrect,0.665898
datasets/train/Leaf_Gall/Leaf_Gall00262.jpg,Leaf_Gall,Felt_Leaf,Incorrect,0.303663
datasets/train/Felt_Leaf/Felt_Leaf00321.jpg,Felt_Leaf,Leaf_Blight,Incorrect,0.531567
datasets/train/Leaf_Blight/Leaf_Blight00275.jpg,Leaf_Blight,Leaf_Gall,Incorrect,0.335316
datasets/test/Leaf_Blight/Leaf_Blight00423.jpg,Leaf_Blight,Healthy_Leaf,Incorrect,0.508298
datasets/test/Fungal_Leaf_Spot/Fungal_Leaf_Spot00321.jpg,Fungal_Leaf_Spot,Fungal_Leaf_Spot,Correct,0.506660
datasets/test/Leaf_Blight/Leaf_Blight00416.jpg,Leaf_Blight,Leaf_Blight,Correct,0.686653
datasets/train/Curl_Leaf/Curl_Leaf00066.jpg,Curl_Leaf,Curl_Leaf,Correct,0.210771
datasets/test/Healthy_Leaf/Healthy_Leaf00610.jpg,Healthy_Leaf,Healthy_Leaf,Correct,0.905700
datasets/train/Leaf_Gall/Leaf_Gall00282.jpg,Leaf_Gall,Leaf_Blight,Incorrect,0.385008
datasets/train/Anthrax_Leaf/Anthrax_Leaf00067.jpg,Anthrax_Leaf,Anthrax_Leaf,Correct,0.847124
datasets/test/Fungal_Leaf_Spot/Fungal_Leaf_Spot00240.jpg,Fungal_Leaf_Spot,Fungal_Leaf_Spot,Correct,0.732504
datasets/test/Fungal_Leaf_Spot/Fungal_Leaf_Spot00526.jpg,Fungal_Leaf_Spot,Fungal_Leaf_Spot,Correct,0.530952
datasets/train/Dry_Leaf/Dry_Leaf00300.jpg,Dry_Leaf,Dry_Leaf,Correct,0.930380
datasets/train/Leaf_Gall/Leaf_Gall00557.jpg,Leaf_Gall,Leaf_Gall,Correct,0.650153
datasets/train/Deficiency_Leaf/Deficiency_Leaf00042.jpg,Deficiency_Leaf,Healthy_Leaf,Incorrect,0.312564
datasets/train/Dry_Leaf/Dry_Leaf00249.jpg,Dry_Leaf,Dry_Leaf,Correct,0.990738
datasets/train/Leaf_Blight/Leaf_Blight00426.jpg,Leaf_Blight,Leaf_Blight,Correct,0.656427
datasets/train/Felt_Leaf/Felt_Leaf00364.jpg,Felt_Leaf,Felt_Leaf,Correct,0.865127
datasets/test/Felt_Leaf/Felt_Leaf00005.jpg,Felt_Leaf,Leaf_Gall,Incorrect,0.291487
datasets/test/Fungal_Leaf_Spot/Fungal_Leaf_Spot00493.jpg,Fungal_Leaf_Spot,Fungal_Leaf_Spot,Correct,0.430539
datasets/test/Curl_Leaf/Curl_Leaf00089.jpg,Curl_Leaf,Curl_Leaf,Correct,0.820951
datasets/test/Bituminous_Leaf/Bituminous_Leaf00101.jpg,Bituminous_Leaf,Bituminous_Leaf,Correct,0.860784
datasets/train/Fungal_Leaf_Spot/Fungal_Leaf_Spot00105.jpg,Fungal_Leaf_Spot,Leaf_Blight,Incorrect,0.369735
datasets/test/Healthy_Leaf/Healthy_Leaf00452.jpg,Healthy_Leaf,Leaf_Blight,Incorrect,0.326544
datasets/train/Fungal_Leaf_Spot/Fungal_Leaf_Spot00518.jpg,Fungal_Leaf_Spot,Fungal_Leaf_Spot,Correct,0.603875
datasets/train/Leaf_Blight/Leaf_Blight00326.jpg,Leaf_Blight,Leaf_Blight,Correct,0.947968
datasets/test/Felt_Leaf/Felt_Leaf00191.jpg,Felt_Leaf,Leaf_Blight,Incorrect,0.349388
datasets/test/Healthy_Leaf/Healthy_Leaf00164.jpg,Healthy_Leaf,Healthy_Leaf,Correct,0.983751
datasets/train/Dry_Leaf/Dry_Leaf00284.jpg,Dry_Leaf,Dry_Leaf,Correct,0.995914
datasets/test/Bituminous_Leaf/Bituminous_Leaf00076.jpg,Bituminous_Leaf,Deficiency_Leaf,Incorrect,0.452632
datasets/train/Leaf_Blight/Leaf_Blight00093.jpg,Leaf_Blight,Leaf_Gall,Incorrect,0.186884
datasets/test/Dry_Leaf/Dry_Leaf00069.jpg,Dry_Leaf,Healthy_Leaf,Incorrect,0.540628
datasets/train/Healthy_Leaf/Healthy_Leaf00553.jpg,Healthy_Leaf,Healthy_Leaf,Correct,0.980281
datasets/test/Fungal_Leaf_Spot/Fungal_Leaf_Spot00477.jpg,Fungal_Leaf_Spot,Fungal_Leaf_Spot,Correct,0.959971
datasets/test/Leaf_Gall/Leaf_Gall00488.jpg,Leaf_Gall,Leaf_Gall,Correct,0.596261
datasets/test/Leaf_Blight/Leaf_Blight00195.jpg,Leaf_Blight,Felt_Leaf,Incorrect,0.737077
datasets/test/Deficiency_Leaf/Deficiency_Leaf00050.jpg,Deficiency_Leaf,Fungal_Leaf_Spot,Incorrect,0.305509
datasets/test/Healthy_Leaf/Healthy_Leaf00338.jpg,Healthy_Leaf,Healthy_Leaf,Correct,0.801102
datasets/train/Fungal_Leaf_Spot/Fungal_Leaf_Spot00113.jpg,Fungal_Leaf_Spot,Fungal_Leaf_Spot,Correct,0.767539
datasets/train/Felt_Leaf/Felt_Leaf00193.jpg,Felt_Leaf,Leaf_Blight,Incorrect,0.868249
datasets/test/Leaf_Blight/Leaf_Blight00239.jpg,Leaf_Blight,Leaf_Blight,Correct,0.694425
datasets/test/Leaf_Gall/Leaf_Gall00357.jpg,Leaf_Gall,Leaf_Blight,Incorrect,0.330702
datasets/train/Leaf_Gall/Leaf_Gall00013.jpg,Leaf_Gall,Leaf_Gall,Correct,0.478096
datasets/test/Felt_Leaf/Felt_Leaf00354.jpg,Felt_Leaf,Felt_Leaf,Correct,0.387493
datasets/test/Leaf_Blight/Leaf_Blight00475.jpg,Leaf_Blight,Leaf_Blight,Correct,0.839927
datasets/train/Leaf_Gall/Leaf_Gall00121.jpg,Leaf_Gall,Leaf_Gall,Correct,0.811046
datasets/test/Curl_Leaf/Curl_Leaf00020.jpg,Curl_Leaf,Curl_Leaf,Correct,0.537161
datasets/train/Healthy_Leaf/Healthy_Leaf00456.jpg,Healthy_Leaf,Healthy_Leaf,Correct,0.823595
datasets/train/Healthy_Leaf/Healthy_Leaf00500.jpg,Healthy_Leaf,Bituminous_Leaf,Incorrect,0.269732
datasets/train/Healthy_Leaf/Healthy_Leaf00108.jpg,Healthy_Leaf,Healthy_Leaf,Correct,0.703849
datasets/test/Leaf_Gall/Leaf_Gall00290.jpg,Leaf_Gall,Leaf_Gall,Correct,0.857834
datasets/test/Felt_Leaf/Felt_Leaf00011.jpg,Felt_Leaf,Leaf_Gall,Incorrect,0.449715
datasets/test/Bituminous_Leaf/Bituminous_Leaf00049.jpg,Bituminous_Leaf,Healthy_Leaf,Incorrect,0.352587
datasets/test/Leaf_Gall/Leaf_Gall00445.jpg,Leaf_Gall,Felt_Leaf,Incorrect,0.439892
datasets/train/Leaf_Blight/Leaf_Blight00523.jpg,Leaf_Blight,Leaf_Blight,Correct,0.602268
datasets/train/Fungal_Leaf_Spot/Fungal_Leaf_Spot00466.jpg,Fungal_Leaf_Spot,Healthy_Leaf,Incorrect,0.752279
datasets/test/Anthrax_Leaf/Anthrax_Leaf00088.jpg,Anthrax_Leaf,Fungal_Leaf_Spot,Incorrect,0.281513
datasets/train/Fungal_Leaf_Spot/Fungal_Leaf_Spot00187.jpg,Fungal_Leaf_Spot,Fungal_Leaf_Spot,Correct,0.537324
datasets/test/Fungal_Leaf_Spot/Fungal_Leaf_Spot00145.jpg,Fungal_Leaf_Spot,Fungal_Leaf_Spot,Correct,0.251662
datasets/test/Felt_Leaf/Felt_Leaf00116.jpg,Felt_Leaf,Felt_Leaf,Correct,0.330576
datasets/test/Bituminous_Leaf/Bituminous_Leaf00113.jpg,Bituminous_Leaf,Healthy_Leaf,Incorrect,0.316525
datasets/test/Dry_Leaf/Dry_Leaf00132.jpg,Dry_Leaf,Curl_Leaf,Incorrect,0.357055
datasets/test/Curl_Leaf/Curl_Leaf00106.jpg,Curl_Leaf,Leaf_Blight,Incorrect,0.347643
datasets/test/Curl_Leaf/Curl_Leaf00050.jpg,Curl_Leaf,Bituminous_Leaf,Incorrect,0.212068
datasets/test/Felt_Leaf/Felt_Leaf00050.jpg,Felt_Leaf,Felt_Leaf,Correct,0.519433
datasets/test/Healthy_Leaf/Healthy_Leaf00359.jpg,Healthy_Leaf,Healthy_Leaf,Correct,0.993347
datasets/train/Leaf_Gall/Leaf_Gall00197.jpg,Leaf_Gall,Leaf_Gall,Correct,0.503217
datasets/test/Leaf_Blight/Leaf_Blight00324.jpg,Leaf_Blight,Leaf_Blight,Correct,0.979651
datasets/test/Deficiency_Leaf/Deficiency_Leaf00040.jpg,Deficiency_Leaf,Dry_Leaf,Incorrect,0.253256
datasets/train/Bituminous_Leaf/Bituminous_Leaf00005.jpg,Bituminous_Leaf,Bituminous_Leaf,Correct,0.604873
datasets/test/Felt_Leaf/Felt_Leaf00248.jpg,Felt_Leaf,Felt_Leaf,Correct,0.755142
datasets/test/Fungal_Leaf_Spot/Fungal_Leaf_Spot00139.jpg,Fungal_Leaf_Spot,Fungal_Leaf_Spot,Correct,0.486263
datasets/train/Fungal_Leaf_Spot/Fungal_Leaf_Spot00354.jpg,Fungal_Leaf_Spot,Fungal_Leaf_Spot,Correct,0.378681
datasets/test/Leaf_Blight/Leaf_Blight00421.jpg,Leaf_Blight,Leaf_Gall,Incorrect,0.336431
datasets/test/Leaf_Blight/Leaf_Blight00456.jpg,Leaf_Blight,Leaf_Blight,Correct,0.498895
datasets/test/Leaf_Blight/Leaf_Blight00294.jpg,Leaf_Blight,Leaf_Blight,Correct,0.553190
datasets/train/Leaf_Gall/Leaf_Gall00203.jpg,Leaf_Gall,Leaf_Gall,Correct,0.557458
datasets/test/Fungal_Leaf_Spot/Fungal_Leaf_Spot00509.jpg,Fungal_Leaf_Spot,Leaf_Blight,Incorrect,0.317574
datasets/test/Anthrax_Leaf/Anthrax_Leaf00100.jpg,Anthrax_Leaf,Leaf_Blight,Incorrect,0.427075
datasets/train/Leaf_Blight/Leaf_Blight00123.jpg,Leaf_Blight,Leaf_Blight,Correct,0.962718
datasets/test/Leaf_Gall/Leaf_Gall00301.jpg,Leaf_Gall,Leaf_Gall,Correct,0.588411
datasets/test/Fungal_Leaf_Spot/Fungal_Leaf_Spot00164.jpg,Fungal_Leaf_Spot,Fungal_Leaf_Spot,Correct,0.479535
datasets/test/Felt_Leaf/Felt_Leaf00076.jpg,Felt_Leaf,Fungal_Leaf_Spot,Incorrect,0.505284
datasets/train/Leaf_Gall/Leaf_Gall00319.jpg,Leaf_Gall,Leaf_Gall,Correct,0.818617
datasets/train/Curl_Leaf/Curl_Leaf00010.jpg,Curl_Leaf,Curl_Leaf,Correct,0.876725
datasets/test/Fungal_Leaf_Spot/Fungal_Leaf_Spot00328.jpg,Fungal_Leaf_Spot,Leaf_Gall,Incorrect,0.424486
datasets/train/Leaf_Gall/Leaf_Gall00115.jpg,Leaf_Gall,Leaf_Gall,Correct,0.514994
datasets/test/Dry_Leaf/Dry_Leaf00226.jpg,Dry_Leaf,Dry_Leaf,Correct,0.727873
datasets/test/Anthrax_Leaf/Anthrax_Leaf00028.jpg,Anthrax_Leaf,Anthrax_Leaf,Correct,0.756569
datasets/test/Felt_Leaf/Felt_Leaf00066.jpg,Felt_Leaf,Felt_Leaf,Correct,0.461373
datasets/train/Dry_Leaf/Dry_Leaf00293.jpg,Dry_Leaf,Felt_Leaf,Incorrect,0.351781
datasets/train/Anthrax_Leaf/Anthrax_Leaf00126.jpg,Anthrax_Leaf,Anthrax_Leaf,Correct,0.659536
datasets/train/Felt_Leaf/Felt_Leaf00207.jpg,Felt_Leaf,Dry_Leaf,Incorrect,0.387834
datasets/test/Fungal_Leaf_Spot/Fungal_Leaf_Spot00088.jpg,Fungal_Leaf_Spot,Felt_Leaf,Incorrect,0.341324
datasets/train/Healthy_Leaf/Healthy_Leaf00031.jpg,Healthy_Leaf,Healthy_Leaf,Correct,0.803746
datasets/test/Fungal_Leaf_Spot/Fungal_Leaf_Spot00433.jpg,Fungal_Leaf_Spot,Fungal_Leaf_Spot,Correct,0.921754
datasets/test/Anthrax_Leaf/Anthrax_Leaf00006.jpg,Anthrax_Leaf,Healthy_Leaf,Incorrect,0.413278
datasets/test/Healthy_Leaf/Healthy_Leaf00389.jpg,Healthy_Leaf,Healthy_Leaf,Correct,0.744337
datasets/test/Fungal_Leaf_Spot/Fungal_Leaf_Spot00169.jpg,Fungal_Leaf_Spot,Fungal_Leaf_Spot,Correct,0.562091
datasets/test/Healthy_Leaf/Healthy_Leaf00024.jpg,Healthy_Leaf,Healthy_Leaf,Correct,0.821120
datasets/test/Fungal_Leaf_Spot/Fungal_Leaf_Spot00484.jpg,Fungal_Leaf_Spot,Fungal_Leaf_Spot,Correct,0.543779
datasets/test/Fungal_Leaf_Spot/Fungal_Leaf_Spot00154.jpg,Fungal_Leaf_Spot,Healthy_Leaf,Incorrect,0.754820
datasets/test/Leaf_Blight/Leaf_Blight00107.jpg,Leaf_Blight,Leaf_Blight,Correct,0.313127
datasets/train/Healthy_Leaf/Healthy_Leaf00597.jpg,Healthy_Leaf,Healthy_Leaf,Correct,0.967441
datasets/train/Leaf_Gall/Leaf_Gall00061.jpg,Leaf_Gall,Leaf_Gall,Correct,0.399877
datasets/test/Curl_Leaf/Curl_Leaf00092.jpg,Curl_Leaf,Leaf_Blight,Incorrect,0.344248
datasets/test/Healthy_Leaf/Healthy_Leaf00626.jpg,Healthy_Leaf,Healthy_Leaf,Correct,0.585242
datasets/train/Healthy_Leaf/Healthy_Leaf00522.jpg,Healthy_Leaf,Healthy_Leaf,Correct,0.784331
datasets/test/Leaf_Gall/Leaf_Gall00471.jpg,Leaf_Gall,Curl_Leaf,Incorrect,0.466155
datasets/test/Leaf_Gall/Leaf_Gall00037.jpg,Leaf_Gall,Leaf_Gall,Correct,0.439963
datasets/test/Leaf_Blight/Leaf_Blight00288.jpg,Leaf_Blight,Leaf_Blight,Correct,0.963423
datasets/train/Leaf_Blight/Leaf_Blight00178.jpg,Leaf_Blight,Healthy_Leaf,Incorrect,0.377386
datasets/test/Leaf_Blight/Leaf_Blight00462.jpg,Leaf_Blight,Felt_Leaf,Incorrect,0.375924
datasets/test/Dry_Leaf/Dry_Leaf00228.jpg,Dry_Leaf,Dry_Leaf,Correct,0.777388
datasets/test/Leaf_Blight/Leaf_Blight00200.jpg,Leaf_Blight,Leaf_Blight,Correct,0.850842
datasets/test/Leaf_Gall/Leaf_Gall00270.jpg,Leaf_Gall,Leaf_Gall,Correct,0.490853
datasets/test/Anthrax_Leaf/Anthrax_Leaf00104.jpg,Anthrax_Leaf,Anthrax_Leaf,Correct,0.503485
datasets/train/Healthy_Leaf/Healthy_Leaf00074.jpg,Healthy_Leaf,Healthy_Leaf,Correct,0.984719
datasets/test/Leaf_Blight/Leaf_Blight00479.jpg,Leaf_Blight,Leaf_Blight,Correct,0.440682
datasets/test/Felt_Leaf/Felt_Leaf00027.jpg,Felt_Leaf,Dry_Leaf,Incorrect,0.318104
datasets/train/Leaf_Gall/Leaf_Gall00079.jpg,Leaf_Gall,Dry_Leaf,Incorrect,0.284864
datasets/test/Healthy_Leaf/Healthy_Leaf00248.jpg,Healthy_Leaf,Healthy_Leaf,Correct,0.732655
datasets/train/Leaf_Blight/Leaf_Blight00535.jpg,Leaf_Blight,Leaf_Blight,Correct,0.972810
datasets/test/Leaf_Gall/Leaf_Gall00271.jpg,Leaf_Gall,Leaf_Gall,Correct,0.592275
datasets/test/Leaf_Blight/Leaf_Blight00268.jpg,Leaf_Blight,Leaf_Gall,Incorrect,0.464403
datasets/train/Fungal_Leaf_Spot/Fungal_Leaf_Spot00215.jpg,Fungal_Leaf_Spot,Fungal_Leaf_Spot,Correct,0.392906
datasets/test/Fungal_Leaf_Spot/Fungal_Leaf_Spot00199.jpg,Fungal_Leaf_Spot,Felt_Leaf,Incorrect,0.326677
datasets/train/Leaf_Gall/Leaf_Gall00180.jpg,Leaf_Gall,Leaf_Gall,Correct,0.793986
datasets/train/Healthy_Leaf/Healthy_Leaf00265.jpg,Healthy_Leaf,Healthy_Leaf,Correct,0.957308
datasets/train/Leaf_Gall/Leaf_Gall00117.jpg,Leaf_Gall,Leaf_Gall,Correct,0.565856
datasets/train/Fungal_Leaf_Spot/Fungal_Leaf_Spot00507.jpg,Fungal_Leaf_Spot,Leaf_Blight,Incorrect,0.312526
datasets/train/Fungal_Leaf_Spot/Fungal_Leaf_Spot00049.jpg,Fungal_Leaf_Spot,Fungal_Leaf_Spot,Correct,0.841444
datasets/test/Fungal_Leaf_Spot/Fungal_Leaf_Spot00198.jpg,Fungal_Leaf_Spot,Fungal_Leaf_Spot,Correct,0.798004
datasets/test/Healthy_Leaf/Healthy_Leaf00598.jpg,Healthy_Leaf,Healthy_Leaf,Correct,0.386874
datasets/test/Leaf_Gall/Leaf_Gall00204.jpg,Leaf_Gall,Leaf_Gall,Correct,0.836749
datasets/test/Felt_Leaf/Felt_Leaf00267.jpg,Felt_Leaf,Fungal_Leaf_Spot,Incorrect,0.521637
datasets/test/Dry_Leaf/Dry_Leaf00196.jpg,Dry_Leaf,Dry_Leaf,Correct,0.798243
datasets/train/Leaf_Blight/Leaf_Blight00208.jpg,Leaf_Blight,Leaf_Blight,Correct,0.914953
datasets/test/Leaf_Blight/Leaf_Blight00487.jpg,Leaf_Blight,Leaf_Blight,Correct,0.347788
datasets/test/Curl_Leaf/Curl_Leaf00131.jpg,Curl_Leaf,Felt_Leaf,Incorrect,0.277089
datasets/train/Felt_Leaf/Felt_Leaf00253.jpg,Felt_Leaf,Felt_Leaf,Correct,0.424307
datasets/train/Healthy_Leaf/Healthy_Leaf00027.jpg,Healthy_Leaf,Healthy_Leaf,Correct,0.686964
datasets/test/Deficiency_Leaf/Deficiency_Leaf00003.jpg,Deficiency_Leaf,Anthrax_Leaf,Incorrect,0.895965
datasets/test/Leaf_Gall/Leaf_Gall00518.jpg,Leaf_Gall,Leaf_Gall,Correct,0.505437
datasets/test/Felt_Leaf/Felt_Leaf00161.jpg,Felt_Leaf,Leaf_Gall,Incorrect,0.408338
datasets/train/Felt_Leaf/Felt_Leaf00186.jpg,Felt_Leaf,Leaf_Gall,Incorrect,0.674704
datasets/train/Leaf_Gall/Leaf_Gall00068.jpg,Leaf_Gall,Leaf_Gall,Correct,0.514977
datasets/test/Leaf_Gall/Leaf_Gall00100.jpg,Leaf_Gall,Leaf_Gall,Correct,0.963852
datasets/train/Fungal_Leaf_Spot/Fungal_Leaf_Spot00403.jpg,Fungal_Leaf_Spot,Fungal_Leaf_Spot,Correct,0.784928
datasets/train/Dry_Leaf/Dry_Leaf00063.jpg,Dry_Leaf,Healthy_Leaf,Incorrect,0.594242
datasets/train/Dry_Leaf/Dry_Leaf00032.jpg,Dry_Leaf,Dry_Leaf,Correct,0.996580
datasets/train/Leaf_Blight/Leaf_Blight00011.jpg,Leaf_Blight,Fungal_Leaf_Spot,Incorrect,0.328215
datasets/train/Healthy_Leaf/Healthy_Leaf00331.jpg,Healthy_Leaf,Leaf_Blight,Incorrect,0.359217
datasets/test/Leaf_Blight/Leaf_Blight00222.jpg,Leaf_Blight,Curl_Leaf,Incorrect,0.269266
datasets/train/Deficiency_Leaf/Deficiency_Leaf00035.jpg,Deficiency_Leaf,Leaf_Blight,Incorrect,0.509594
datasets/test/Leaf_Blight/Leaf_Blight00340.jpg,Leaf_Blight,Leaf_Blight,Correct,0.285847
datasets/test/Leaf_Gall/Leaf_Gall00181.jpg,Leaf_Gall,Leaf_Gall,Correct,0.371353
datasets/train/Anthrax_Leaf/Anthrax_Leaf00005.jpg,Anthrax_Leaf,Anthrax_Leaf,Correct,0.353835
datasets/test/Fungal_Leaf_Spot/Fungal_Leaf_Spot00239.jpg,Fungal_Leaf_Spot,Fungal_Leaf_Spot,Correct,0.830944
datasets/test/Felt_Leaf/Felt_Leaf00067.jpg,Felt_Leaf,Felt_Leaf,Correct,0.916613
datasets/test/Leaf_Blight/Leaf_Blight00148.jpg,Leaf_Blight,Leaf_Blight,Correct,0.676091
datasets/train/Fungal_Leaf_Spot/Fungal_Leaf_Spot00165.jpg,Fungal_Leaf_Spot,Fungal_Leaf_Spot,Correct,0.428322
datasets/test/Anthrax_Leaf/Anthrax_Leaf00092.jpg,Anthrax_Leaf,Bituminous_Leaf,Incorrect,0.711647
datasets/test/Fungal_Leaf_Spot/Fungal_Leaf_Spot00535.jpg,Fungal_Leaf_Spot,Fungal_Leaf_Spot,Correct,0.618980
datasets/test/Leaf_Blight/Leaf_Blight00461.jpg,Leaf_Blight,Fungal_Leaf_Spot,Incorrect,0.735173
datasets/test/Anthrax_Leaf/Anthrax_Leaf00015.jpg,Anthrax_Leaf,Fungal_Leaf_Spot,Incorrect,0.364631
datasets/test/Leaf_Blight/Leaf_Blight00247.jpg,Leaf_Blight,Leaf_Blight,Correct,0.766051
datasets/train/Bituminous_Leaf/Bituminous_Leaf00064.jpg,Bituminous_Leaf,Dry_Leaf,Incorrect,0.306042
datasets/test/Leaf_Blight/Leaf_Blight00155.jpg,Leaf_Blight,Leaf_Blight,Correct,0.620045
datasets/test/Leaf_Gall/Leaf_Gall00104.jpg,Leaf_Gall,Anthrax_Leaf,Incorrect,0.384621
datasets/train/Healthy_Leaf/Healthy_Leaf00060.jpg,Healthy_Leaf,Healthy_Leaf,Correct,0.838345
datasets/train/Healthy_Leaf/Healthy_Leaf00319.jpg,Healthy_Leaf,Healthy_Leaf,Correct,0.676700
datasets/test/Fungal_Leaf_Spot/Fungal_Leaf_Spot00402.jpg,Fungal_Leaf_Spot,Fungal_Leaf_Spot,Correct,0.537676
datasets/test/Felt_Leaf/Felt_Leaf00286.jpg,Felt_Leaf,Fungal_Leaf_Spot,Incorrect,0.586484
datasets/test/Leaf_Blight/Leaf_Blight00248.jpg,Leaf_Blight,Leaf_Blight,Correct,0.883232
datasets/train/Felt_Leaf/Felt_Leaf00332.jpg,Felt_Leaf,Fungal_Leaf_Spot,Incorrect,0.310091
datasets/train/Felt_Leaf/Felt_Leaf00382.jpg,Felt_Leaf,Felt_Leaf,Correct,0.808404
datasets/train/Fungal_Leaf_Spot/Fungal_Leaf_Spot00305.jpg,Fungal_Leaf_Spot,Healthy_Leaf,Incorrect,0.384232
datasets/test/Leaf_Gall/Leaf_Gall00166.jpg,Leaf_Gall,Leaf_Blight,Incorrect,0.525100
datasets/test/Leaf_Blight/Leaf_Blight00450.jpg,Leaf_Blight,Leaf_Blight,Correct,0.586721
datasets/train/Fungal_Leaf_Spot/Fungal_Leaf_Spot00335.jpg,Fungal_Leaf_Spot,Fungal_Leaf_Spot,Correct,0.618575
datasets/train/Leaf_Blight/Leaf_Blight00391.jpg,Leaf_Blight,Leaf_Blight,Correct,0.664044
datasets/test/Fungal_Leaf_Spot/Fungal_Leaf_Spot00444.jpg,Fungal_Leaf_Spot,Dry_Leaf,Incorrect,0.257485
datasets/test/Fungal_Leaf_Spot/Fungal_Leaf_Spot00511.jpg,Fungal_Leaf_Spot,Fungal_Leaf_Spot,Correct,0.794928
datasets/test/Leaf_Gall/Leaf_Gall00405.jpg,Leaf_Gall,Leaf_Blight,Incorrect,0.355097
datasets/test/Dry_Leaf/Dry_Leaf00107.jpg,Dry_Leaf,Dry_Leaf,Correct,0.904136
datasets/train/Fungal_Leaf_Spot/Fungal_Leaf_Spot00338.jpg,Fungal_Leaf_Spot,Fungal_Leaf_Spot,Correct,0.374484
datasets/test/Leaf_Gall/Leaf_Gall00414.jpg,Leaf_Gall,Felt_Leaf,Incorrect,0.529387
datasets/train/Healthy_Leaf/Healthy_Leaf00094.jpg,Healthy_Leaf,Healthy_Leaf,Correct,0.973666
datasets/test/Dry_Leaf/Dry_Leaf00134.jpg,Dry_Leaf,Dry_Leaf,Correct,0.991807
datasets/test/Leaf_Gall/Leaf_Gall00400.jpg,Leaf_Gall,Leaf_Gall,Correct,0.581829
datasets/test/Deficiency_Leaf/Deficiency_Leaf00017.jpg,Deficiency_Leaf,Felt_Leaf,Incorrect,0.384157
datasets/test/Healthy_Leaf/Healthy_Leaf00079.jpg,Healthy_Leaf,Healthy_Leaf,Correct,0.997034
datasets/test/Healthy_Leaf/Healthy_Leaf00483.jpg,Healthy_Leaf,Dry_Leaf,Incorrect,0.414087
datasets/train/Fungal_Leaf_Spot/Fungal_Leaf_Spot00543.jpg,Fungal_Leaf_Spot,Fungal_Leaf_Spot,Correct,0.564514
datasets/test/Deficiency_Leaf/Deficiency_Leaf00111.jpg,Deficiency_Leaf,Bituminous_Leaf,Incorrect,0.992411
datasets/test/Healthy_Leaf/Healthy_Leaf00051.jpg,Healthy_Leaf,Healthy_Leaf,Correct,0.850514
datasets/test/Leaf_Blight/Leaf_Blight00290.jpg,Leaf_Blight,Dry_Leaf,Incorrect,0.937663
datasets/test/Leaf_Gall/Leaf_Gall00425.jpg,Leaf_Gall,Leaf_Gall,Correct,0.415897
datasets/test/Felt_Leaf/Felt_Leaf00139.jpg,Felt_Leaf,Felt_Leaf,Correct,0.678015
datasets/test/Felt_Leaf/Felt_Leaf00038.jpg,Felt_Leaf,Leaf_Gall,Incorrect,0.428068
datasets/train/Leaf_Blight/Leaf_Blight00511.jpg,Leaf_Blight,Leaf_Blight,Correct,0.907494
datasets/test/Felt_Leaf/Felt_Leaf00322.jpg,Felt_Leaf,Fungal_Leaf_Spot,Incorrect,0.523001
datasets/test/Deficiency_Leaf/Deficiency_Leaf00033.jpg,Deficiency_Leaf,Felt_Leaf,Incorrect,0.345265
datasets/test/Deficiency_Leaf/Deficiency_Leaf00120.jpg,Deficiency_Leaf,Leaf_Gall,Incorrect,0.251501
datasets/train/Felt_Leaf/Felt_Leaf00220.jpg,Felt_Leaf,Felt_Leaf,Correct,0.874422
datasets/test/Curl_Leaf/Curl_Leaf00033.jpg,Curl_Leaf,Curl_Leaf,Correct,0.442200
datasets/test/Fungal_Leaf_Spot/Fungal_Leaf_Spot00068.jpg,Fungal_Leaf_Spot,Fungal_Leaf_Spot,Correct,0.402199
datasets/train/Curl_Leaf/Curl_Leaf00093.jpg,Curl_Leaf,Curl_Leaf,Correct,0.457651
datasets/test/Bituminous_Leaf/Bituminous_Leaf00059.jpg,Bituminous_Leaf,Fungal_Leaf_Spot,Incorrect,0.503571
datasets/test/Fungal_Leaf_Spot/Fungal_Leaf_Spot00456.jpg,Fungal_Leaf_Spot,Fungal_Leaf_Spot,Correct,0.654892
datasets/test/Curl_Leaf/Curl_Leaf00146.jpg,Curl_Leaf,Leaf_Blight,Incorrect,0.588352
datasets/test/Fungal_Leaf_Spot/Fungal_Leaf_Spot00357.jpg,Fungal_Leaf_Spot,Felt_Leaf,Incorrect,0.663621
datasets/test/Healthy_Leaf/Healthy_Leaf00218.jpg,Healthy_Leaf,Dry_Leaf,Incorrect,0.492069
datasets/test/Leaf_Blight/Leaf_Blight00005.jpg,Leaf_Blight,Leaf_Gall,Incorrect,0.242086
datasets/test/Curl_Leaf/Curl_Leaf00142.jpg,Curl_Leaf,Dry_Leaf,Incorrect,0.741561
datasets/test/Healthy_Leaf/Healthy_Leaf00383.jpg,Healthy_Leaf,Healthy_Leaf,Correct,0.411966
datasets/train/Leaf_Gall/Leaf_Gall00563.jpg,Leaf_Gall,Leaf_Blight,Incorrect,0.623187
datasets/train/Healthy_Leaf/Healthy_Leaf00345.jpg,Healthy_Leaf,Dry_Leaf,Incorrect,0.500041
datasets/train/Felt_Leaf/Felt_Leaf00146.jpg,Felt_Leaf,Leaf_Gall,Incorrect,0.426614
datasets/train/Anthrax_Leaf/Anthrax_Leaf00026.jpg,Anthrax_Leaf,Anthrax_Leaf,Correct,0.296810
datasets/test/Curl_Leaf/Curl_Leaf00139.jpg,Curl_Leaf,Curl_Leaf,Correct,0.658090
datasets/train/Felt_Leaf/Felt_Leaf00255.jpg,Felt_Leaf,Curl_Leaf,Incorrect,0.322705
datasets/test/Fungal_Leaf_Spot/Fungal_Leaf_Spot00042.jpg,Fungal_Leaf_Spot,Fungal_Leaf_Spot,Correct,0.426664
datasets/test/Bituminous_Leaf/Bituminous_Leaf00081.jpg,Bituminous_Leaf,Bituminous_Leaf,Correct,0.774488
datasets/train/Felt_Leaf/Felt_Leaf00177.jpg,Felt_Leaf,Healthy_Leaf,Incorrect,0.547188
datasets/test/Healthy_Leaf/Healthy_Leaf00084.jpg,Healthy_Leaf,Healthy_Leaf,Correct,0.595042
datasets/train/Healthy_Leaf/Healthy_Leaf00541.jpg,Healthy_Leaf,Healthy_Leaf,Correct,0.816774
datasets/test/Bituminous_Leaf/Bituminous_Leaf00046.jpg,Bituminous_Leaf,Healthy_Leaf,Incorrect,0.199080
datasets/test/Deficiency_Leaf/Deficiency_Leaf00037.jpg,Deficiency_Leaf,Leaf_Gall,Incorrect,0.353614
datasets/test/Felt_Leaf/Felt_Leaf00008.jpg,Felt_Leaf,Leaf_Gall,Incorrect,0.738904
datasets/train/Healthy_Leaf/Healthy_Leaf00269.jpg,Healthy_Leaf,Healthy_Leaf,Correct,0.858312
datasets/test/Deficiency_Leaf/Deficiency_Leaf00123.jpg,Deficiency_Leaf,Healthy_Leaf,Incorrect,0.730032
datasets/test/Felt_Leaf/Felt_Leaf00327.jpg,Felt_Leaf,Fungal_Leaf_Spot,Incorrect,0.307171
datasets/train/Bituminous_Leaf/Bituminous_Leaf00125.jpg,Bituminous_Leaf,Bituminous_Leaf,Correct,0.584499
datasets/test/Leaf_Blight/Leaf_Blight00140.jpg,Leaf_Blight,Curl_Leaf,Incorrect,0.454598
datasets/train/Dry_Leaf/Dry_Leaf00129.jpg,Dry_Leaf,Healthy_Leaf,Incorrect,0.532095
datasets/train/Bituminous_Leaf/Bituminous_Leaf00092.jpg,Bituminous_Leaf,Bituminous_Leaf,Correct,0.920690
datasets/test/Curl_Leaf/Curl_Leaf00133.jpg,Curl_Leaf,Fungal_Leaf_Spot,Incorrect,0.493100
datasets/test/Leaf_Gall/Leaf_Gall00134.jpg,Leaf_Gall,Leaf_Gall,Correct,0.476157
datasets/train/Leaf_Gall/Leaf_Gall00214.jpg,Leaf_Gall,Fungal_Leaf_Spot,Incorrect,0.251464
datasets/test/Leaf_Gall/Leaf_Gall00477.jpg,Leaf_Gall,Leaf_Blight,Incorrect,0.196306
datasets/train/Fungal_Leaf_Spot/Fungal_Leaf_Spot00375.jpg,Fungal_Leaf_Spot,Felt_Leaf,Incorrect,0.355627
datasets/test/Healthy_Leaf/Healthy_Leaf00188.jpg,Healthy_Leaf,Healthy_Leaf,Correct,0.469784
datasets/test/Fungal_Leaf_Spot/Fungal_Leaf_Spot00303.jpg,Fungal_Leaf_Spot,Felt_Leaf,Incorrect,0.693263
datasets/test/Fungal_Leaf_Spot/Fungal_Leaf_Spot00216.jpg,Fungal_Leaf_Spot,Healthy_Leaf,Incorrect,0.457752
datasets/test/Dry_Leaf/Dry_Leaf00297.jpg,Dry_Leaf,Dry_Leaf,Correct,0.760249
datasets/train/Healthy_Leaf/Healthy_Leaf00219.jpg,Healthy_Leaf,Dry_Leaf,Incorrect,0.638584
datasets/test/Leaf_Gall/Leaf_Gall00025.jpg,Leaf_Gall,Anthrax_Leaf,Incorrect,0.381264
datasets/test/Leaf_Gall/Leaf_Gall00420.jpg,Leaf_Gall,Leaf_Gall,Correct,0.375093
datasets/train/Healthy_Leaf/Healthy_Leaf00228.jpg,Healthy_Leaf,Healthy_Leaf,Correct,0.465477
datasets/train/Curl_Leaf/Curl_Leaf00165.jpg,Curl_Leaf,Healthy_Leaf,Incorrect,0.285527
datasets/train/Leaf_Blight/Leaf_Blight00580.jpg,Leaf_Blight,Healthy_Leaf,Incorrect,0.596909
datasets/test/Leaf_Blight/Leaf_Blight00177.jpg,Leaf_Blight,Leaf_Blight,Correct,0.727273
datasets/test/Fungal_Leaf_Spot/Fungal_Leaf_Spot00084.jpg,Fungal_Leaf_Spot,Healthy_Leaf,Incorrect,0.912112
datasets/test/Leaf_Blight/Leaf_Blight00418.jpg,Leaf_Blight,Leaf_Blight,Correct,0.978510
datasets/test/Dry_Leaf/Dry_Leaf00149.jpg,Dry_Leaf,Dry_Leaf,Correct,0.992554
datasets/train/Healthy_Leaf/Healthy_Leaf00366.jpg,Healthy_Leaf,Healthy_Leaf,Correct,0.542331
datasets/train/Leaf_Gall/Leaf_Gall00498.jpg,Leaf_Gall,Leaf_Gall,Correct,0.334466
datasets/test/Anthrax_Leaf/Anthrax_Leaf00065.jpg,Anthrax_Leaf,Dry_Leaf,Incorrect,0.523654
datasets/train/Healthy_Leaf/Healthy_Leaf00449.jpg,Healthy_Leaf,Healthy_Leaf,Correct,0.218784
datasets/test/Fungal_Leaf_Spot/Fungal_Leaf_Spot00424.jpg,Fungal_Leaf_Spot,Fungal_Leaf_Spot,Correct,0.465543
datasets/train/Leaf_Blight/Leaf_Blight00433.jpg,Leaf_Blight,Leaf_Blight,Correct,0.521922
datasets/test/Fungal_Leaf_Spot/Fungal_Leaf_Spot00030.jpg,Fungal_Leaf_Spot,Fungal_Leaf_Spot,Correct,0.997615
datasets/test/Healthy_Leaf/Healthy_Leaf00554.jpg,Healthy_Leaf,Dry_Leaf,Incorrect,0.420045
datasets/test/Leaf_Gall/Leaf_Gall00465.jpg,Leaf_Gall,Leaf_Blight,Incorrect,0.291662
datasets/train/Leaf_Gall/Leaf_Gall00495.jpg,Leaf_Gall,Leaf_Gall,Correct,0.949796
datasets/test/Curl_Leaf/Curl_Leaf00155.jpg,Curl_Leaf,Curl_Leaf,Correct,0.568735
datasets/test/Dry_Leaf/Dry_Leaf00112.jpg,Dry_Leaf,Dry_Leaf,Correct,0.822677
datasets/train/Fungal_Leaf_Spot/Fungal_Leaf_Spot00432.jpg,Fungal_Leaf_Spot,Fungal_Leaf_Spot,Correct,0.614034
datasets/train/Healthy_Leaf/Healthy_Leaf00049.jpg,Healthy_Leaf,Healthy_Leaf,Correct,0.982492
datasets/test/Fungal_Leaf_Spot/Fungal_Leaf_Spot00342.jpg,Fungal_Leaf_Spot,Fungal_Leaf_Spot,Correct,0.696761
datasets/test/Fungal_Leaf_Spot/Fungal_Leaf_Spot00332.jpg,Fungal_Leaf_Spot,Leaf_Blight,Incorrect,0.293634
datasets/train/Dry_Leaf/Dry_Leaf00353.jpg,Dry_Leaf,Healthy_Leaf,Incorrect,0.537451
datasets/train/Felt_Leaf/Felt_Leaf00280.jpg,Felt_Leaf,Fungal_Leaf_Spot,Incorrect,0.397788
datasets/train/Healthy_Leaf/Healthy_Leaf00250.jpg,Healthy_Leaf,Healthy_Leaf,Correct,0.574784
datasets/test/Fungal_Leaf_Spot/Fungal_Leaf_Spot00490.jpg,Fungal_Leaf_Spot,Felt_Leaf,Incorrect,0.587130
datasets/test/Healthy_Leaf/Healthy_Leaf00163.jpg,Healthy_Leaf,Healthy_Leaf,Correct,0.997870
datasets/test/Healthy_Leaf/Healthy_Leaf00325.jpg,Healthy_Leaf,Healthy_Leaf,Correct,0.774906
datasets/train/Bituminous_Leaf/Bituminous_Leaf00019.jpg,Bituminous_Leaf,Bituminous_Leaf,Correct,0.393747
datasets/test/Felt_Leaf/Felt_Leaf00215.jpg,Felt_Leaf,Felt_Leaf,Correct,0.489683
datasets/train/Leaf_Blight/Leaf_Blight00237.jpg,Leaf_Blight,Fungal_Leaf_Spot,Incorrect,0.365975
datasets/train/Fungal_Leaf_Spot/Fungal_Leaf_Spot00065.jpg,Fungal_Leaf_Spot,Fungal_Leaf_Spot,Correct,0.977002
datasets/test/Healthy_Leaf/Healthy_Leaf00298.jpg,Healthy_Leaf,Healthy_Leaf,Correct,0.915129
datasets/test/Anthrax_Leaf/Anthrax_Leaf00093.jpg,Anthrax_Leaf,Anthrax_Leaf,Correct,0.534535
datasets/test/Felt_Leaf/Felt_Leaf00022.jpg,Felt_Leaf,Felt_Leaf,Correct,0.481184
datasets/test/Healthy_Leaf/Healthy_Leaf00120.jpg,Healthy_Leaf,Healthy_Leaf,Correct,0.992669
datasets/test/Leaf_Gall/Leaf_Gall00256.jpg,Leaf_Gall,Leaf_Blight,Incorrect,0.501332
datasets/train/Leaf_Gall/Leaf_Gall00380.jpg,Leaf_Gall,Leaf_Gall,Correct,0.922063
datasets/test/Leaf_Gall/Leaf_Gall00242.jpg,Leaf_Gall,Fungal_Leaf_Spot,Incorrect,0.616322
datasets/train/Healthy_Leaf/Healthy_Leaf00586.jpg,Healthy_Leaf,Healthy_Leaf,Correct,0.646224
datasets/test/Dry_Leaf/Dry_Leaf00261.jpg,Dry_Leaf,Dry_Leaf,Correct,0.996025
datasets/test/Deficiency_Leaf/Deficiency_Leaf00085.jpg,Deficiency_Leaf,Leaf_Gall,Incorrect,0.378329
datasets/train/Leaf_Gall/Leaf_Gall00543.jpg,Leaf_Gall,Leaf_Gall,Correct,0.596254
datasets/train/Dry_Leaf/Dry_Leaf00262.jpg,Dry_Leaf,Dry_Leaf,Correct,0.963762
datasets/test/Fungal_Leaf_Spot/Fungal_Leaf_Spot00214.jpg,Fungal_Leaf_Spot,Fungal_Leaf_Spot,Correct,0.822886
datasets/test/Curl_Leaf/Curl_Leaf00068.jpg,Curl_Leaf,Leaf_Blight,Incorrect,0.320645
datasets/test/Leaf_Gall/Leaf_Gall00171.jpg,Leaf_Gall,Leaf_Gall,Correct,0.488914
datasets/train/Leaf_Blight/Leaf_Blight00491.jpg,Leaf_Blight,Leaf_Blight,Correct,0.963292
datasets/test/Deficiency_Leaf/Deficiency_Leaf00016.jpg,Deficiency_Leaf,Anthrax_Leaf,Incorrect,0.171308
datasets/train/Leaf_Gall/Leaf_Gall00177.jpg,Leaf_Gall,Fungal_Leaf_Spot,Incorrect,0.520834
datasets/test/Dry_Leaf/Dry_Leaf00019.jpg,Dry_Leaf,Dry_Leaf,Correct,0.996548
datasets/test/Felt_Leaf/Felt_Leaf00353.jpg,Felt_Leaf,Fungal_Leaf_Spot,Incorrect,0.534729
datasets/train/Leaf_Blight/Leaf_Blight00419.jpg,Leaf_Blight,Leaf_Gall,Incorrect,0.365810
datasets/train/Leaf_Blight/Leaf_Blight00417.jpg,Leaf_Blight,Leaf_Gall,Incorrect,0.460836
datasets/test/Dry_Leaf/Dry_Leaf00095.jpg,Dry_Leaf,Dry_Leaf,Correct,0.645297
datasets/test/Healthy_Leaf/Healthy_Leaf00322.jpg,Healthy_Leaf,Healthy_Leaf,Correct,0.973091
datasets/test/Leaf_Gall/Leaf_Gall00597.jpg,Leaf_Gall,Fungal_Leaf_Spot,Incorrect,0.475170
datasets/train/Anthrax_Leaf/Anthrax_Leaf00116.jpg,Anthrax_Leaf,Anthrax_Leaf,Correct,0.816005
datasets/test/Felt_Leaf/Felt_Leaf00350.jpg,Felt_Leaf,Leaf_Blight,Incorrect,0.476286
datasets/test/Healthy_Leaf/Healthy_Leaf00014.jpg,Healthy_Leaf,Leaf_Blight,Incorrect,0.269837
datasets/test/Dry_Leaf/Dry_Leaf00158.jpg,Dry_Leaf,Dry_Leaf,Correct,0.960907
datasets/test/Leaf_Blight/Leaf_Blight00083.jpg,Leaf_Blight,Fungal_Leaf_Spot,Incorrect,0.530163
datasets/train/Leaf_Gall/Leaf_Gall00570.jpg,Leaf_Gall,Leaf_Gall,Correct,0.814783
datasets/test/Anthrax_Leaf/Anthrax_Leaf00079.jpg,Anthrax_Leaf,Anthrax_Leaf,Correct,0.666312
datasets/train/Fungal_Leaf_Spot/Fungal_Leaf_Spot00271.jpg,Fungal_Leaf_Spot,Fungal_Leaf_Spot,Correct,0.919587
datasets/train/Healthy_Leaf/Healthy_Leaf00594.jpg,Healthy_Leaf,Healthy_Leaf,Correct,0.736438
datasets/test/Felt_Leaf/Felt_Leaf00241.jpg,Felt_Leaf,Felt_Leaf,Correct,0.524214
datasets/test/Deficiency_Leaf/Deficiency_Leaf00088.jpg,Deficiency_Leaf,Fungal_Leaf_Spot,Incorrect,0.272317
datasets/test/Felt_Leaf/Felt_Leaf00028.jpg,Felt_Leaf,Felt_Leaf,Correct,0.390230
datasets/train/Leaf_Blight/Leaf_Blight00471.jpg,Leaf_Blight,Leaf_Blight,Correct,0.915335
datasets/test/Fungal_Leaf_Spot/Fungal_Leaf_Spot00047.jpg,Fungal_Leaf_Spot,Fungal_Leaf_Spot,Correct,0.674038
datasets/train/Felt_Leaf/Felt_Leaf00224.jpg,Felt_Leaf,Healthy_Leaf,Incorrect,0.420643
datasets/train/Fungal_Leaf_Spot/Fungal_Leaf_Spot00393.jpg,Fungal_Leaf_Spot,Fungal_Leaf_Spot,Correct,0.915639
datasets/train/Healthy_Leaf/Healthy_Leaf00523.jpg,Healthy_Leaf,Healthy_Leaf,Correct,0.661246
datasets/test/Felt_Leaf/Felt_Leaf00144.jpg,Felt_Leaf,Leaf_Blight,Incorrect,0.733064
datasets/test/Dry_Leaf/Dry_Leaf00070.jpg,Dry_Leaf,Dry_Leaf,Correct,0.524815
datasets/test/Leaf_Gall/Leaf_Gall00264.jpg,Leaf_Gall,Leaf_Blight,Incorrect,0.486907
datasets/test/Bituminous_Leaf/Bituminous_Leaf00088.jpg,Bituminous_Leaf,Fungal_Leaf_Spot,Incorrect,0.242050
datasets/test/Dry_Leaf/Dry_Leaf00151.jpg,Dry_Leaf,Dry_Leaf,Correct,0.988195
datasets/test/Fungal_Leaf_Spot/Fungal_Leaf_Spot00276.jpg,Fungal_Leaf_Spot,Fungal_Leaf_Spot,Correct,0.899109
datasets/train/Fungal_Leaf_Spot/Fungal_Leaf_Spot00285.jpg,Fungal_Leaf_Spot,Fungal_Leaf_Spot,Correct,0.837967
datasets/test/Leaf_Blight/Leaf_Blight00397.jpg,Leaf_Blight,Dry_Leaf,Incorrect,0.384044
datasets/test/Healthy_Leaf/Healthy_Leaf00297.jpg,Healthy_Leaf,Healthy_Leaf,Correct,0.989449
datasets/train/Felt_Leaf/Felt_Leaf00362.jpg,Felt_Leaf,Leaf_Gall,Incorrect,0.347027
datasets/test/Leaf_Blight/Leaf_Blight00056.jpg,Leaf_Blight,Healthy_Leaf,Incorrect,0.755306
datasets/test/Deficiency_Leaf/Deficiency_Leaf00080.jpg,Deficiency_Leaf,Fungal_Leaf_Spot,Incorrect,0.642898
datasets/train/Leaf_Blight/Leaf_Blight00385.jpg,Leaf_Blight,Leaf_Blight,Correct,0.820776
datasets/train/Felt_Leaf/Felt_Leaf00358.jpg,Felt_Leaf,Felt_Leaf,Correct,0.403374
datasets/train/Leaf_Blight/Leaf_Blight00404.jpg,Leaf_Blight,Leaf_Blight,Correct,0.828460
datasets/train/Felt_Leaf/Felt_Leaf00308.jpg,Felt_Leaf,Felt_Leaf,Correct,0.613845
datasets/test/Healthy_Leaf/Healthy_Leaf00612.jpg,Healthy_Leaf,Healthy_Leaf,Correct,0.672983
datasets/train/Healthy_Leaf/Healthy_Leaf00233.jpg,Healthy_Leaf,Healthy_Leaf,Correct,0.499330
datasets/train/Felt_Leaf/Felt_Leaf00020.jpg,Felt_Leaf,Felt_Leaf,Correct,0.799705
datasets/test/Dry_Leaf/Dry_Leaf00002.jpg,Dry_Leaf,Dry_Leaf,Correct,0.811406
datasets/train/Anthrax_Leaf/Anthrax_Leaf00043.jpg,Anthrax_Leaf,Anthrax_Leaf,Correct,0.961830
datasets/train/Healthy_Leaf/Healthy_Leaf00499.jpg,Healthy_Leaf,Dry_Leaf,Incorrect,0.506030
datasets/test/Leaf_Blight/Leaf_Blight00525.jpg,Leaf_Blight,Leaf_Blight,Correct,0.586879
datasets/train/Felt_Leaf/Felt_Leaf00014.jpg,Felt_Leaf,Leaf_Gall,Incorrect,0.433126
datasets/test/Dry_Leaf/Dry_Leaf00236.jpg,Dry_Leaf,Dry_Leaf,Correct,0.440856
datasets/test/Healthy_Leaf/Healthy_Leaf00622.jpg,Healthy_Leaf,Healthy_Leaf,Correct,0.603445
datasets/test/Leaf_Gall/Leaf_Gall00143.jpg,Leaf_Gall,Leaf_Gall,Correct,0.873370
datasets/train/Leaf_Gall/Leaf_Gall00550.jpg,Leaf_Gall,Leaf_Gall,Correct,0.385163
datasets/test/Leaf_Blight/Leaf_Blight00510.jpg,Leaf_Blight,Leaf_Blight,Correct,0.702671
datasets/test/Fungal_Leaf_Spot/Fungal_Leaf_Spot00461.jpg,Fungal_Leaf_Spot,Fungal_Leaf_Spot,Correct,0.397455
datasets/test/Leaf_Blight/Leaf_Blight00260.jpg,Leaf_Blight,Leaf_Blight,Correct,0.707039
datasets/test/Leaf_Blight/Leaf_Blight00420.jpg,Leaf_Blight,Leaf_Gall,Incorrect,0.455979
datasets/test/Curl_Leaf/Curl_Leaf00090.jpg,Curl_Leaf,Leaf_Blight,Incorrect,0.488990
datasets/test/Leaf_Blight/Leaf_Blight00274.jpg,Leaf_Blight,Fungal_Leaf_Spot,Incorrect,0.429529
datasets/train/Bituminous_Leaf/Bituminous_Leaf00073.jpg,Bituminous_Leaf,Bituminous_Leaf,Correct,0.728658
datasets/train/Leaf_Gall/Leaf_Gall00049.jpg,Leaf_Gall,Felt_Leaf,Incorrect,0.443679
datasets/test/Fungal_Leaf_Spot/Fungal_Leaf_Spot00144.jpg,Fungal_Leaf_Spot,Fungal_Leaf_Spot,Correct,0.758927
datasets/train/Leaf_Gall/Leaf_Gall00030.jpg,Leaf_Gall,Healthy_Leaf,Incorrect,0.608159
datasets/test/Fungal_Leaf_Spot/Fungal_Leaf_Spot00263.jpg,Fungal_Leaf_Spot,Fungal_Leaf_Spot,Correct,0.849953
datasets/test/Healthy_Leaf/Healthy_Leaf00180.jpg,Healthy_Leaf,Healthy_Leaf,Correct,0.686174
datasets/test/Leaf_Blight/Leaf_Blight00226.jpg,Leaf_Blight,Fungal_Leaf_Spot,Incorrect,0.244964
datasets/test/Felt_Leaf/Felt_Leaf00294.jpg,Felt_Leaf,Felt_Leaf,Correct,0.589620
datasets/train/Healthy_Leaf/Healthy_Leaf00508.jpg,Healthy_Leaf,Healthy_Leaf,Correct,0.750810
datasets/test/Anthrax_Leaf/Anthrax_Leaf00125.jpg,Anthrax_Leaf,Leaf_Blight,Incorrect,0.382526
datasets/test/Dry_Leaf/Dry_Leaf00243.jpg,Dry_Leaf,Dry_Leaf,Correct,0.727637
datasets/train/Leaf_Blight/Leaf_Blight00074.jpg,Leaf_Blight,Leaf_Gall,Incorrect,0.284322
datasets/train/Felt_Leaf/Felt_Leaf00126.jpg,Felt_Leaf,Fungal_Leaf_Spot,Incorrect,0.400136
datasets/test/Anthrax_Leaf/Anthrax_Leaf00108.jpg,Anthrax_Leaf,Anthrax_Leaf,Correct,0.497228
datasets/train/Healthy_Leaf/Healthy_Leaf00609.jpg,Healthy_Leaf,Healthy_Leaf,Correct,0.461367
datasets/test/Leaf_Blight/Leaf_Blight00394.jpg,Leaf_Blight,Leaf_Blight,Correct,0.626764
datasets/test/Leaf_Blight/Leaf_Blight00060.jpg,Leaf_Blight,Leaf_Gall,Incorrect,0.366715
datasets/test/Fungal_Leaf_Spot/Fungal_Leaf_Spot00223.jpg,Fungal_Leaf_Spot,Fungal_Leaf_Spot,Correct,0.524117
datasets/test/Deficiency_Leaf/Deficiency_Leaf00089.jpg,Deficiency_Leaf,Healthy_Leaf,Incorrect,0.402033
datasets/train/Dry_Leaf/Dry_Leaf00108.jpg,Dry_Leaf,Dry_Leaf,Correct,0.593751
datasets/train/Anthrax_Leaf/Anthrax_Leaf00084.jpg,Anthrax_Leaf,Leaf_Gall,Incorrect,0.530093
datasets/train/Leaf_Gall/Leaf_Gall00470.jpg,Leaf_Gall,Leaf_Gall,Correct,0.581554
datasets/test/Bituminous_Leaf/Bituminous_Leaf00004.jpg,Bituminous_Leaf,Leaf_Gall,Incorrect,0.800075
datasets/test/Dry_Leaf/Dry_Leaf00359.jpg,Dry_Leaf,Dry_Leaf,Correct,0.943531
datasets/test/Anthrax_Leaf/Anthrax_Leaf00017.jpg,Anthrax_Leaf,Anthrax_Leaf,Correct,0.550369
datasets/train/Fungal_Leaf_Spot/Fungal_Leaf_Spot00040.jpg,Fungal_Leaf_Spot,Healthy_Leaf,Incorrect,0.467011
datasets/train/Dry_Leaf/Dry_Leaf00121.jpg,Dry_Leaf,Dry_Leaf,Correct,0.999432
datasets/test/Healthy_Leaf/Healthy_Leaf00125.jpg,Healthy_Leaf,Healthy_Leaf,Correct,0.844857
datasets/test/Fungal_Leaf_Spot/Fungal_Leaf_Spot00372.jpg,Fungal_Leaf_Spot,Healthy_Leaf,Incorrect,0.711274
datasets/train/Healthy_Leaf/Healthy_Leaf00130.jpg,Healthy_Leaf,Healthy_Leaf,Correct,0.849601
datasets/test/Healthy_Leaf/Healthy_Leaf00116.jpg,Healthy_Leaf,Healthy_Leaf,Correct,0.961005
datasets/train/Deficiency_Leaf/Deficiency_Leaf00090.jpg,Deficiency_Leaf,Fungal_Leaf_Spot,Incorrect,0.257979
datasets/train/Fungal_Leaf_Spot/Fungal_Leaf_Spot00363.jpg,Fungal_Leaf_Spot,Felt_Leaf,Incorrect,0.364500
datasets/test/Dry_Leaf/Dry_Leaf00314.jpg,Dry_Leaf,Dry_Leaf,Correct,0.688759
datasets/test/Dry_Leaf/Dry_Leaf00373.jpg,Dry_Leaf,Dry_Leaf,Correct,0.510316
datasets/test/Curl_Leaf/Curl_Leaf00034.jpg,Curl_Leaf,Curl_Leaf,Correct,0.536572
datasets/train/Dry_Leaf/Dry_Leaf00093.jpg,Dry_Leaf,Dry_Leaf,Correct,0.457366
datasets/train/Healthy_Leaf/Healthy_Leaf00077.jpg,Healthy_Leaf,Healthy_Leaf,Correct,0.942111
datasets/test/Fungal_Leaf_Spot/Fungal_Leaf_Spot00505.jpg,Fungal_Leaf_Spot,Fungal_Leaf_Spot,Correct,0.603152
datasets/train/Leaf_Gall/Leaf_Gall00525.jpg,Leaf_Gall,Fungal_Leaf_Spot,Incorrect,0.319079
datasets/train/Fungal_Leaf_Spot/Fungal_Leaf_Spot00554.jpg,Fungal_Leaf_Spot,Healthy_Leaf,Incorrect,0.251822
datasets/test/Fungal_Leaf_Spot/Fungal_Leaf_Spot00032.jpg,Fungal_Leaf_Spot,Fungal_Leaf_Spot,Correct,0.939361
datasets/test/Leaf_Blight/Leaf_Blight00388.jpg,Leaf_Blight,Leaf_Blight,Correct,0.397464
datasets/test/Felt_Leaf/Felt_Leaf00209.jpg,Felt_Leaf,Fungal_Leaf_Spot,Incorrect,0.459838
datasets/test/Healthy_Leaf/Healthy_Leaf00392.jpg,Healthy_Leaf,Healthy_Leaf,Correct,0.848449
datasets/test/Leaf_Blight/Leaf_Blight00549.jpg,Leaf_Blight,Leaf_Blight,Correct,0.823157
datasets/train/Leaf_Blight/Leaf_Blight00506.jpg,Leaf_Blight,Leaf_Blight,Correct,0.646879
datasets/test/Felt_Leaf/Felt_Leaf00289.jpg,Felt_Leaf,Leaf_Gall,Incorrect,0.395138
datasets/test/Leaf_Blight/Leaf_Blight00156.jpg,Leaf_Blight,Felt_Leaf,Incorrect,0.394039
datasets/train/Leaf_Blight/Leaf_Blight00527.jpg,Leaf_Blight,Leaf_Blight,Correct,0.817751
datasets/test/Dry_Leaf/Dry_Leaf00305.jpg,Dry_Leaf,Healthy_Leaf,Incorrect,0.452205
datasets/test/Felt_Leaf/Felt_Leaf00348.jpg,Felt_Leaf,Fungal_Leaf_Spot,Incorrect,0.428790
datasets/train/Healthy_Leaf/Healthy_Leaf00090.jpg,Healthy_Leaf,Healthy_Leaf,Correct,0.420657
datasets/test/Healthy_Leaf/Healthy_Leaf00378.jpg,Healthy_Leaf,Healthy_Leaf,Correct,0.892520
datasets/test/Leaf_Gall/Leaf_Gall00129.jpg,Leaf_Gall,Leaf_Gall,Correct,0.844510
datasets/test/Leaf_Gall/Leaf_Gall00004.jpg,Leaf_Gall,Leaf_Blight,Incorrect,0.422769
datasets/train/Dry_Leaf/Dry_Leaf00013.jpg,Dry_Leaf,Dry_Leaf,Correct,0.788866
datasets/train/Fungal_Leaf_Spot/Fungal_Leaf_Spot00090.jpg,Fungal_Leaf_Spot,Fungal_Leaf_Spot,Correct,0.455312
datasets/test/Leaf_Gall/Leaf_Gall00440.jpg,Leaf_Gall,Leaf_Gall,Correct,0.902858
datasets/train/Leaf_Blight/Leaf_Blight00010.jpg,Leaf_Blight,Leaf_Blight,Correct,0.613437
datasets/train/Felt_Leaf/Felt_Leaf00185.jpg,Felt_Leaf,Leaf_Gall,Incorrect,0.597612
datasets/train/Fungal_Leaf_Spot/Fungal_Leaf_Spot00574.jpg,Fungal_Leaf_Spot,Fungal_Leaf_Spot,Correct,0.642163
datasets/train/Healthy_Leaf/Healthy_Leaf00003.jpg,Healthy_Leaf,Dry_Leaf,Incorrect,0.327745
datasets/train/Anthrax_Leaf/Anthrax_Leaf00090.jpg,Anthrax_Leaf,Anthrax_Leaf,Correct,0.442767
datasets/test/Fungal_Leaf_Spot/Fungal_Leaf_Spot00438.jpg,Fungal_Leaf_Spot,Fungal_Leaf_Spot,Correct,0.396153
datasets/train/Leaf_Blight/Leaf_Blight00267.jpg,Leaf_Blight,Leaf_Gall,Incorrect,0.483042
datasets/train/Healthy_Leaf/Healthy_Leaf00405.jpg,Healthy_Leaf,Healthy_Leaf,Correct,0.954538
datasets/train/Leaf_Gall/Leaf_Gall00278.jpg,Leaf_Gall,Fungal_Leaf_Spot,Incorrect,0.347524
datasets/test/Leaf_Gall/Leaf_Gall00007.jpg,Leaf_Gall,Leaf_Gall,Correct,0.370528
datasets/train/Healthy_Leaf/Healthy_Leaf00399.jpg,Healthy_Leaf,Healthy_Leaf,Correct,0.513952
datasets/train/Fungal_Leaf_Spot/Fungal_Leaf_Spot00563.jpg,Fungal_Leaf_Spot,Fungal_Leaf_Spot,Correct,0.502081
datasets/test/Fungal_Leaf_Spot/Fungal_Leaf_Spot00397.jpg,Fungal_Leaf_Spot,Fungal_Leaf_Spot,Correct,0.512413
datasets/train/Dry_Leaf/Dry_Leaf00225.jpg,Dry_Leaf,Dry_Leaf,Correct,0.842611
datasets/test/Leaf_Gall/Leaf_Gall00285.jpg,Leaf_Gall,Leaf_Gall,Correct,0.499819
datasets/train/Anthrax_Leaf/Anthrax_Leaf00120.jpg,Anthrax_Leaf,Leaf_Gall,Incorrect,0.273850
datasets/test/Leaf_Blight/Leaf_Blight00319.jpg,Leaf_Blight,Leaf_Blight,Correct,0.917096
datasets/test/Fungal_Leaf_Spot/Fungal_Leaf_Spot00494.jpg,Fungal_Leaf_Spot,Fungal_Leaf_Spot,Correct,0.619474
datasets/test/Dry_Leaf/Dry_Leaf00179.jpg,Dry_Leaf,Dry_Leaf,Correct,0.933661
datasets/train/Leaf_Gall/Leaf_Gall00516.jpg,Leaf_Gall,Leaf_Gall,Correct,0.758797
datasets/train/Healthy_Leaf/Healthy_Leaf00066.jpg,Healthy_Leaf,Healthy_Leaf,Correct,0.992667
datasets/test/Leaf_Blight/Leaf_Blight00489.jpg,Leaf_Blight,Leaf_Blight,Correct,0.964573
datasets/train/Fungal_Leaf_Spot/Fungal_Leaf_Spot00534.jpg,Fungal_Leaf_Spot,Fungal_Leaf_Spot,Correct,0.655738
datasets/train/Healthy_Leaf/Healthy_Leaf00039.jpg,Healthy_Leaf,Healthy_Leaf,Correct,0.969895
datasets/train/Curl_Leaf/Curl_Leaf00023.jpg,Curl_Leaf,Curl_Leaf,Correct,0.792182
datasets/test/Felt_Leaf/Felt_Leaf00256.jpg,Felt_Leaf,Felt_Leaf,Correct,0.658258
datasets/test/Leaf_Blight/Leaf_Blight00270.jpg,Leaf_Blight,Leaf_Blight,Correct,0.483578
datasets/test/Leaf_Blight/Leaf_Blight00425.jpg,Leaf_Blight,Leaf_Blight,Correct,0.978235
datasets/train/Leaf_Gall/Leaf_Gall00144.jpg,Leaf_Gall,Fungal_Leaf_Spot,Incorrect,0.413070
datasets/test/Fungal_Leaf_Spot/Fungal_Leaf_Spot00450.jpg,Fungal_Leaf_Spot,Healthy_Leaf,Incorrect,0.393482
datasets/train/Leaf_Gall/Leaf_Gall00401.jpg,Leaf_Gall,Leaf_Gall,Correct,0.679939
datasets/test/Leaf_Gall/Leaf_Gall00372.jpg,Leaf_Gall,Leaf_Blight,Incorrect,0.568510
datasets/test/Healthy_Leaf/Healthy_Leaf00289.jpg,Healthy_Leaf,Healthy_Leaf,Correct,0.286097
datasets/train/Leaf_Gall/Leaf_Gall00340.jpg,Leaf_Gall,Felt_Leaf,Incorrect,0.210529
datasets/train/Healthy_Leaf/Healthy_Leaf00462.jpg,Healthy_Leaf,Fungal_Leaf_Spot,Incorrect,0.333119
datasets/test/Dry_Leaf/Dry_Leaf00060.jpg,Dry_Leaf,Dry_Leaf,Correct,0.996918
datasets/train/Leaf_Blight/Leaf_Blight00171.jpg,Leaf_Blight,Healthy_Leaf,Incorrect,0.568361
datasets/test/Dry_Leaf/Dry_Leaf00090.jpg,Dry_Leaf,Dry_Leaf,Correct,0.268786
datasets/test/Leaf_Blight/Leaf_Blight00383.jpg,Leaf_Blight,Leaf_Blight,Correct,0.811873
datasets/train/Leaf_Gall/Leaf_Gall00165.jpg,Leaf_Gall,Fungal_Leaf_Spot,Incorrect,0.300433
datasets/test/Fungal_Leaf_Spot/Fungal_Leaf_Spot00292.jpg,Fungal_Leaf_Spot,Fungal_Leaf_Spot,Correct,0.977270
datasets/test/Leaf_Blight/Leaf_Blight00049.jpg,Leaf_Blight,Leaf_Blight,Correct,0.395841
datasets/test/Healthy_Leaf/Healthy_Leaf00206.jpg,Healthy_Leaf,Healthy_Leaf,Correct,0.537865
datasets/test/Healthy_Leaf/Healthy_Leaf00151.jpg,Healthy_Leaf,Healthy_Leaf,Correct,0.985256
datasets/test/Leaf_Gall/Leaf_Gall00409.jpg,Leaf_Gall,Leaf_Gall,Correct,0.486718
datasets/test/Fungal_Leaf_Spot/Fungal_Leaf_Spot00252.jpg,Fungal_Leaf_Spot,Fungal_Leaf_Spot,Correct,0.768449
datasets/test/Bituminous_Leaf/Bituminous_Leaf00063.jpg,Bituminous_Leaf,Bituminous_Leaf,Correct,0.740244
datasets/test/Anthrax_Leaf/Anthrax_Leaf00051.jpg,Anthrax_Leaf,Anthrax_Leaf,Correct,0.821377
datasets/test/Leaf_Blight/Leaf_Blight00356.jpg,Leaf_Blight,Leaf_Blight,Correct,0.431435
datasets/test/Leaf_Gall/Leaf_Gall00173.jpg,Leaf_Gall,Leaf_Blight,Incorrect,0.376425
datasets/train/Leaf_Gall/Leaf_Gall00281.jpg,Leaf_Gall,Fungal_Leaf_Spot,Incorrect,0.486260
datasets/test/Dry_Leaf/Dry_Leaf00347.jpg,Dry_Leaf,Leaf_Blight,Incorrect,0.385095
datasets/train/Healthy_Leaf/Healthy_Leaf00240.jpg,Healthy_Leaf,Healthy_Leaf,Correct,0.816820
datasets/train/Fungal_Leaf_Spot/Fungal_Leaf_Spot00080.jpg,Fungal_Leaf_Spot,Fungal_Leaf_Spot,Correct,0.623020
datasets/train/Felt_Leaf/Felt_Leaf00070.jpg,Felt_Leaf,Felt_Leaf,Correct,0.508842
datasets/train/Leaf_Blight/Leaf_Blight00302.jpg,Leaf_Blight,Leaf_Blight,Correct,0.971824
datasets/test/Fungal_Leaf_Spot/Fungal_Leaf_Spot00176.jpg,Fungal_Leaf_Spot,Fungal_Leaf_Spot,Correct,0.623395
datasets/test/Healthy_Leaf/Healthy_Leaf00592.jpg,Healthy_Leaf,Healthy_Leaf,Correct,0.975587
datasets/test/Curl_Leaf/Curl_Leaf00073.jpg,Curl_Leaf,Curl_Leaf,Correct,0.327793
datasets/train/Dry_Leaf/Dry_Leaf00020.jpg,Dry_Leaf,Leaf_Blight,Incorrect,0.203833
datasets/train/Felt_Leaf/Felt_Leaf00056.jpg,Felt_Leaf,Felt_Leaf,Correct,0.934707
datasets/train/Deficiency_Leaf/Deficiency_Leaf00098.jpg,Deficiency_Leaf,Leaf_Gall,Incorrect,0.821723
datasets/test/Curl_Leaf/Curl_Leaf00032.jpg,Curl_Leaf,Curl_Leaf,Correct,0.552890
datasets/train/Leaf_Gall/Leaf_Gall00052.jpg,Leaf_Gall,Leaf_Gall,Correct,0.717076
datasets/test/Leaf_Gall/Leaf_Gall00300.jpg,Leaf_Gall,Leaf_Gall,Correct,0.685021
datasets/test/Anthrax_Leaf/Anthrax_Leaf00012.jpg,Anthrax_Leaf,Leaf_Blight,Incorrect,0.450591
datasets/test/Bituminous_Leaf/Bituminous_Leaf00051.jpg,Bituminous_Leaf,Bituminous_Leaf,Correct,0.794144
datasets/train/Leaf_Gall/Leaf_Gall00556.jpg,Leaf_Gall,Leaf_Gall,Correct,0.273590
datasets/train/Healthy_Leaf/Healthy_Leaf00193.jpg,Healthy_Leaf,Healthy_Leaf,Correct,0.390032
datasets/train/Curl_Leaf/Curl_Leaf00171.jpg,Curl_Leaf,Curl_Leaf,Correct,0.926340
datasets/test/Deficiency_Leaf/Deficiency_Leaf00097.jpg,Deficiency_Leaf,Bituminous_Leaf,Incorrect,0.587381
datasets/test/Deficiency_Leaf/Deficiency_Leaf00072.jpg,Deficiency_Leaf,Deficiency_Leaf,Correct,0.345353
datasets/test/Healthy_Leaf/Healthy_Leaf00225.jpg,Healthy_Leaf,Fungal_Leaf_Spot,Incorrect,0.517168
datasets/train/Dry_Leaf/Dry_Leaf00335.jpg,Dry_Leaf,Dry_Leaf,Correct,0.645564
datasets/train/Leaf_Gall/Leaf_Gall00620.jpg,Leaf_Gall,Healthy_Leaf,Incorrect,0.421873
datasets/test/Leaf_Blight/Leaf_Blight00520.jpg,Leaf_Blight,Leaf_Blight,Correct,0.403551
datasets/train/Leaf_Blight/Leaf_Blight00203.jpg,Leaf_Blight,Leaf_Blight,Correct,0.563038
datasets/test/Leaf_Blight/Leaf_Blight00364.jpg,Leaf_Blight,Leaf_Blight,Correct,0.657887
datasets/test/Dry_Leaf/Dry_Leaf00253.jpg,Dry_Leaf,Fungal_Leaf_Spot,Incorrect,0.470587
datasets/train/Anthrax_Leaf/Anthrax_Leaf00038.jpg,Anthrax_Leaf,Anthrax_Leaf,Correct,0.925759
datasets/train/Leaf_Gall/Leaf_Gall00241.jpg,Leaf_Gall,Leaf_Gall,Correct,0.932642
datasets/test/Dry_Leaf/Dry_Leaf00049.jpg,Dry_Leaf,Dry_Leaf,Correct,0.894003
datasets/train/Healthy_Leaf/Healthy_Leaf00371.jpg,Healthy_Leaf,Healthy_Leaf,Correct,0.878312
datasets/train/Healthy_Leaf/Healthy_Leaf00557.jpg,Healthy_Leaf,Healthy_Leaf,Correct,0.888022
datasets/test/Leaf_Gall/Leaf_Gall00541.jpg,Leaf_Gall,Dry_Leaf,Incorrect,0.664736
datasets/test/Leaf_Gall/Leaf_Gall00207.jpg,Leaf_Gall,Felt_Leaf,Incorrect,0.404326
datasets/test/Fungal_Leaf_Spot/Fungal_Leaf_Spot00104.jpg,Fungal_Leaf_Spot,Leaf_Blight,Incorrect,0.340835
datasets/test/Healthy_Leaf/Healthy_Leaf00401.jpg,Healthy_Leaf,Healthy_Leaf,Correct,0.495193
datasets/train/Fungal_Leaf_Spot/Fungal_Leaf_Spot00418.jpg,Fungal_Leaf_Spot,Fungal_Leaf_Spot,Correct,0.950350
datasets/test/Healthy_Leaf/Healthy_Leaf00315.jpg,Healthy_Leaf,Healthy_Leaf,Correct,0.551548
datasets/test/Fungal_Leaf_Spot/Fungal_Leaf_Spot00237.jpg,Fungal_Leaf_Spot,Fungal_Leaf_Spot,Correct,0.336872
datasets/test/Fungal_Leaf_Spot/Fungal_Leaf_Spot00128.jpg,Fungal_Leaf_Spot,Leaf_Blight,Incorrect,0.412982
datasets/train/Fungal_Leaf_Spot/Fungal_Leaf_Spot00172.jpg,Fungal_Leaf_Spot,Fungal_Leaf_Spot,Correct,0.648800
datasets/test/Fungal_Leaf_Spot/Fungal_Leaf_Spot00044.jpg,Fungal_Leaf_Spot,Fungal_Leaf_Spot,Correct,0.991191
datasets/test/Felt_Leaf/Felt_Leaf00212.jpg,Felt_Leaf,Felt_Leaf,Correct,0.555751
datasets/test/Fungal_Leaf_Spot/Fungal_Leaf_Spot00051.jpg,Fungal_Leaf_Spot,Fungal_Leaf_Spot,Correct,0.625297
datasets/train/Dry_Leaf/Dry_Leaf00340.jpg,Dry_Leaf,Felt_Leaf,Incorrect,0.317600
datasets/test/Curl_Leaf/Curl_Leaf00169.jpg,Curl_Leaf,Healthy_Leaf,Incorrect,0.387843
datasets/train/Curl_Leaf/Curl_Leaf00075.jpg,Curl_Leaf,Curl_Leaf,Correct,0.938252
datasets/train/Healthy_Leaf/Healthy_Leaf00323.jpg,Healthy_Leaf,Healthy_Leaf,Correct,0.824845
datasets/test/Leaf_Gall/Leaf_Gall00444.jpg,Leaf_Gall,Healthy_Leaf,Incorrect,0.308611
datasets/test/Healthy_Leaf/Healthy_Leaf00059.jpg,Healthy_Leaf,Healthy_Leaf,Correct,0.933055
datasets/train/Fungal_Leaf_Spot/Fungal_Leaf_Spot00476.jpg,Fungal_Leaf_Spot,Fungal_Leaf_Spot,Correct,0.905735
datasets/train/Leaf_Blight/Leaf_Blight00070.jpg,Leaf_Blight,Leaf_Gall,Incorrect,0.254998
datasets/test/Dry_Leaf/Dry_Leaf00085.jpg,Dry_Leaf,Dry_Leaf,Correct,0.970090
datasets/test/Healthy_Leaf/Healthy_Leaf00329.jpg,Healthy_Leaf,Healthy_Leaf,Correct,0.383047
datasets/train/Leaf_Blight/Leaf_Blight00396.jpg,Leaf_Blight,Fungal_Leaf_Spot,Incorrect,0.531888
datasets/test/Leaf_Gall/Leaf_Gall00382.jpg,Leaf_Gall,Leaf_Gall,Correct,0.356224
datasets/test/Leaf_Blight/Leaf_Blight00540.jpg,Leaf_Blight,Leaf_Blight,Correct,0.956932
datasets/test/Healthy_Leaf/Healthy_Leaf00208.jpg,Healthy_Leaf,Healthy_Leaf,Correct,0.714826
datasets/test/Healthy_Leaf/Healthy_Leaf00572.jpg,Healthy_Leaf,Healthy_Leaf,Correct,0.801294
datasets/test/Leaf_Blight/Leaf_Blight00585.jpg,Leaf_Blight,Leaf_Blight,Correct,0.465969
datasets/train/Fungal_Leaf_Spot/Fungal_Leaf_Spot00383.jpg,Fungal_Leaf_Spot,Felt_Leaf,Incorrect,0.295927
datasets/test/Fungal_Leaf_Spot/Fungal_Leaf_Spot00537.jpg,Fungal_Leaf_Spot,Fungal_Leaf_Spot,Correct,0.786907
datasets/test/Leaf_Blight/Leaf_Blight00494.jpg,Leaf_Blight,Leaf_Gall,Incorrect,0.622897
datasets/test/Dry_Leaf/Dry_Leaf00257.jpg,Dry_Leaf,Dry_Leaf,Correct,0.558245
datasets/test/Leaf_Gall/Leaf_Gall00490.jpg,Leaf_Gall,Leaf_Gall,Correct,0.718475
datasets/test/Leaf_Gall/Leaf_Gall00269.jpg,Leaf_Gall,Leaf_Gall,Correct,0.810026
datasets/test/Leaf_Blight/Leaf_Blight00277.jpg,Leaf_Blight,Leaf_Blight,Correct,0.824938
datasets/train/Felt_Leaf/Felt_Leaf00270.jpg,Felt_Leaf,Fungal_Leaf_Spot,Incorrect,0.460280
datasets/test/Fungal_Leaf_Spot/Fungal_Leaf_Spot00093.jpg,Fungal_Leaf_Spot,Fungal_Leaf_Spot,Correct,0.405855
datasets/test/Dry_Leaf/Dry_Leaf00034.jpg,Dry_Leaf,Dry_Leaf,Correct,0.992508
datasets/test/Healthy_Leaf/Healthy_Leaf00274.jpg,Healthy_Leaf,Fungal_Leaf_Spot,Incorrect,0.219805
datasets/train/Anthrax_Leaf/Anthrax_Leaf00068.jpg,Anthrax_Leaf,Anthrax_Leaf,Correct,0.860483
datasets/train/Fungal_Leaf_Spot/Fungal_Leaf_Spot00414.jpg,Fungal_Leaf_Spot,Fungal_Leaf_Spot,Correct,0.642952
datasets/test/Leaf_Blight/Leaf_Blight00085.jpg,Leaf_Blight,Fungal_Leaf_Spot,Incorrect,0.285856
datasets/test/Leaf_Blight/Leaf_Blight00390.jpg,Leaf_Blight,Leaf_Blight,Correct,0.615561
datasets/test/Leaf_Gall/Leaf_Gall00332.jpg,Leaf_Gall,Leaf_Gall,Correct,0.926072
datasets/train/Fungal_Leaf_Spot/Fungal_Leaf_Spot00552.jpg,Fungal_Leaf_Spot,Leaf_Gall,Incorrect,0.266271
datasets/test/Fungal_Leaf_Spot/Fungal_Leaf_Spot00510.jpg,Fungal_Leaf_Spot,Fungal_Leaf_Spot,Correct,0.879367
datasets/test/Felt_Leaf/Felt_Leaf00198.jpg,Felt_Leaf,Leaf_Blight,Incorrect,0.606792
datasets/test/Fungal_Leaf_Spot/Fungal_Leaf_Spot00404.jpg,Fungal_Leaf_Spot,Fungal_Leaf_Spot,Correct,0.815282
datasets/train/Healthy_Leaf/Healthy_Leaf00143.jpg,Healthy_Leaf,Healthy_Leaf,Correct,0.997941
datasets/test/Leaf_Blight/Leaf_Blight00469.jpg,Leaf_Blight,Leaf_Blight,Correct,0.710633
datasets/test/Leaf_Blight/Leaf_Blight00517.jpg,Leaf_Blight,Leaf_Blight,Correct,0.858172
datasets/test/Felt_Leaf/Felt_Leaf00351.jpg,Felt_Leaf,Healthy_Leaf,Incorrect,0.401386
datasets/train/Felt_Leaf/Felt_Leaf00090.jpg,Felt_Leaf,Curl_Leaf,Incorrect,0.165692
datasets/test/Curl_Leaf/Curl_Leaf00039.jpg,Curl_Leaf,Curl_Leaf,Correct,0.990723
datasets/test/Dry_Leaf/Dry_Leaf00051.jpg,Dry_Leaf,Dry_Leaf,Correct,0.988881
datasets/train/Deficiency_Leaf/Deficiency_Leaf00028.jpg,Deficiency_Leaf,Healthy_Leaf,Incorrect,0.273525
datasets/test/Healthy_Leaf/Healthy_Leaf00414.jpg,Healthy_Leaf,Healthy_Leaf,Correct,0.848952
datasets/train/Bituminous_Leaf/Bituminous_Leaf00055.jpg,Bituminous_Leaf,Fungal_Leaf_Spot,Incorrect,0.254816
datasets/test/Leaf_Gall/Leaf_Gall00299.jpg,Leaf_Gall,Leaf_Gall,Correct,0.826774
datasets/test/Leaf_Gall/Leaf_Gall00048.jpg,Leaf_Gall,Leaf_Gall,Correct,0.324977
datasets/test/Felt_Leaf/Felt_Leaf00271.jpg,Felt_Leaf,Felt_Leaf,Correct,0.509320
datasets/train/Fungal_Leaf_Spot/Fungal_Leaf_Spot00147.jpg,Fungal_Leaf_Spot,Fungal_Leaf_Spot,Correct,0.425383
datasets/test/Healthy_Leaf/Healthy_Leaf00601.jpg,Healthy_Leaf,Healthy_Leaf,Correct,0.808163
datasets/train/Leaf_Blight/Leaf_Blight00034.jpg,Leaf_Blight,Leaf_Blight,Correct,0.834665
datasets/test/Leaf_Gall/Leaf_Gall00320.jpg,Leaf_Gall,Leaf_Gall,Correct,0.420092
datasets/train/Leaf_Gall/Leaf_Gall00272.jpg,Leaf_Gall,Leaf_Gall,Correct,0.818712
datasets/test/Dry_Leaf/Dry_Leaf00182.jpg,Dry_Leaf,Dry_Leaf,Correct,0.996638
datasets/train/Leaf_Gall/Leaf_Gall00453.jpg,Leaf_Gall,Leaf_Gall,Correct,0.667764
datasets/train/Healthy_Leaf/Healthy_Leaf00150.jpg,Healthy_Leaf,Healthy_Leaf,Correct,0.991927
datasets/test/Dry_Leaf/Dry_Leaf00357.jpg,Dry_Leaf,Dry_Leaf,Correct,0.998144
datasets/test/Leaf_Blight/Leaf_Blight00548.jpg,Leaf_Blight,Leaf_Blight,Correct,0.959446
datasets/train/Healthy_Leaf/Healthy_Leaf00139.jpg,Healthy_Leaf,Dry_Leaf,Incorrect,0.447694
datasets/train/Leaf_Blight/Leaf_Blight00295.jpg,Leaf_Blight,Leaf_Blight,Correct,0.704770
datasets/test/Dry_Leaf/Dry_Leaf00202.jpg,Dry_Leaf,Dry_Leaf,Correct,0.998074
datasets/test/Felt_Leaf/Felt_Leaf00049.jpg,Felt_Leaf,Felt_Leaf,Correct,0.575897
datasets/test/Healthy_Leaf/Healthy_Leaf00589.jpg,Healthy_Leaf,Healthy_Leaf,Correct,0.940690
datasets/test/Healthy_Leaf/Healthy_Leaf00245.jpg,Healthy_Leaf,Healthy_Leaf,Correct,0.962213
datasets/test/Leaf_Gall/Leaf_Gall00499.jpg,Leaf_Gall,Leaf_Gall,Correct,0.538166
datasets/test/Felt_Leaf/Felt_Leaf00257.jpg,Felt_Leaf,Felt_Leaf,Correct,0.548325
datasets/test/Fungal_Leaf_Spot/Fungal_Leaf_Spot00148.jpg,Fungal_Leaf_Spot,Fungal_Leaf_Spot,Correct,0.810154
datasets/train/Deficiency_Leaf/Deficiency_Leaf00064.jpg,Deficiency_Leaf,Deficiency_Leaf,Correct,0.253207
datasets/test/Felt_Leaf/Felt_Leaf00279.jpg,Felt_Leaf,Felt_Leaf,Correct,0.393876
datasets/test/Leaf_Gall/Leaf_Gall00434.jpg,Leaf_Gall,Leaf_Gall,Correct,0.543298
datasets/train/Dry_Leaf/Dry_Leaf00087.jpg,Dry_Leaf,Dry_Leaf,Correct,0.526430
datasets/test/Leaf_Gall/Leaf_Gall00201.jpg,Leaf_Gall,Leaf_Gall,Correct,0.986503
datasets/test/Dry_Leaf/Dry_Leaf00203.jpg,Dry_Leaf,Dry_Leaf,Correct,0.855149
datasets/test/Healthy_Leaf/Healthy_Leaf00255.jpg,Healthy_Leaf,Healthy_Leaf,Correct,0.964532
datasets/train/Fungal_Leaf_Spot/Fungal_Leaf_Spot00277.jpg,Fungal_Leaf_Spot,Fungal_Leaf_Spot,Correct,0.984012
datasets/test/Leaf_Blight/Leaf_Blight00126.jpg,Leaf_Blight,Leaf_Blight,Correct,0.523782
datasets/test/Fungal_Leaf_Spot/Fungal_Leaf_Spot00549.jpg,Fungal_Leaf_Spot,Healthy_Leaf,Incorrect,0.790270
datasets/test/Fungal_Leaf_Spot/Fungal_Leaf_Spot00310.jpg,Fungal_Leaf_Spot,Healthy_Leaf,Incorrect,0.575718
datasets/train/Healthy_Leaf/Healthy_Leaf00026.jpg,Healthy_Leaf,Curl_Leaf,Incorrect,0.408418
datasets/test/Felt_Leaf/Felt_Leaf00072.jpg,Felt_Leaf,Leaf_Blight,Incorrect,0.578598
datasets/train/Healthy_Leaf/Healthy_Leaf00438.jpg,Healthy_Leaf,Healthy_Leaf,Correct,0.862506
datasets/test/Leaf_Gall/Leaf_Gall00611.jpg,Leaf_Gall,Leaf_Gall,Correct,0.425759
datasets/test/Dry_Leaf/Dry_Leaf00239.jpg,Dry_Leaf,Dry_Leaf,Correct,0.983840
datasets/test/Leaf_Blight/Leaf_Blight00190.jpg,Leaf_Blight,Fungal_Leaf_Spot,Incorrect,0.417736
datasets/train/Fungal_Leaf_Spot/Fungal_Leaf_Spot00242.jpg,Fungal_Leaf_Spot,Leaf_Blight,Incorrect,0.271723
datasets/train/Leaf_Gall/Leaf_Gall00584.jpg,Leaf_Gall,Leaf_Gall,Correct,0.372191
datasets/test/Leaf_Blight/Leaf_Blight00558.jpg,Leaf_Blight,Healthy_Leaf,Incorrect,0.339805
datasets/test/Fungal_Leaf_Spot/Fungal_Leaf_Spot00048.jpg,Fungal_Leaf_Spot,Fungal_Leaf_Spot,Correct,0.879463
datasets/train/Felt_Leaf/Felt_Leaf00140.jpg,Felt_Leaf,Felt_Leaf,Correct,0.916895
datasets/train/Felt_Leaf/Felt_Leaf00118.jpg,Felt_Leaf,Dry_Leaf,Incorrect,0.381402
datasets/train/Leaf_Gall/Leaf_Gall00473.jpg,Leaf_Gall,Fungal_Leaf_Spot,Incorrect,0.541693
datasets/test/Dry_Leaf/Dry_Leaf00376.jpg,Dry_Leaf,Dry_Leaf,Correct,0.963633
datasets/train/Felt_Leaf/Felt_Leaf00292.jpg,Felt_Leaf,Fungal_Leaf_Spot,Incorrect,0.287120
datasets/test/Leaf_Gall/Leaf_Gall00213.jpg,Leaf_Gall,Dry_Leaf,Incorrect,0.291568
datasets/train/Fungal_Leaf_Spot/Fungal_Leaf_Spot00435.jpg,Fungal_Leaf_Spot,Fungal_Leaf_Spot,Correct,0.620147
datasets/test/Fungal_Leaf_Spot/Fungal_Leaf_Spot00116.jpg,Fungal_Leaf_Spot,Leaf_Blight,Incorrect,0.286703
datasets/test/Deficiency_Leaf/Deficiency_Leaf00093.jpg,Deficiency_Leaf,Leaf_Gall,Incorrect,0.631879
datasets/test/Leaf_Gall/Leaf_Gall00503.jpg,Leaf_Gall,Leaf_Gall,Correct,0.663174
datasets/test/Healthy_Leaf/Healthy_Leaf00531.jpg,Healthy_Leaf,Fungal_Leaf_Spot,Incorrect,0.275797
datasets/test/Leaf_Blight/Leaf_Blight00441.jpg,Leaf_Blight,Leaf_Blight,Correct,0.730141
datasets/train/Anthrax_Leaf/Anthrax_Leaf00034.jpg,Anthrax_Leaf,Healthy_Leaf,Incorrect,0.242502
datasets/test/Anthrax_Leaf/Anthrax_Leaf00118.jpg,Anthrax_Leaf,Anthrax_Leaf,Correct,0.934585
datasets/test/Fungal_Leaf_Spot/Fungal_Leaf_Spot00504.jpg,Fungal_Leaf_Spot,Fungal_Leaf_Spot,Correct,0.754940
datasets/test/Healthy_Leaf/Healthy_Leaf00020.jpg,Healthy_Leaf,Healthy_Leaf,Correct,0.989874
datasets/test/Leaf_Blight/Leaf_Blight00078.jpg,Leaf_Blight,Fungal_Leaf_Spot,Incorrect,0.833540
datasets/train/Dry_Leaf/Dry_Leaf00052.jpg,Dry_Leaf,Dry_Leaf,Correct,0.854950
datasets/test/Healthy_Leaf/Healthy_Leaf00387.jpg,Healthy_Leaf,Healthy_Leaf,Correct,0.703592
datasets/test/Dry_Leaf/Dry_Leaf00306.jpg,Dry_Leaf,Leaf_Gall,Incorrect,0.503616
datasets/train/Healthy_Leaf/Healthy_Leaf00356.jpg,Healthy_Leaf,Fungal_Leaf_Spot,Incorrect,0.670761
datasets/train/Fungal_Leaf_Spot/Fungal_Leaf_Spot00230.jpg,Fungal_Leaf_Spot,Healthy_Leaf,Incorrect,0.798573
datasets/train/Leaf_Gall/Leaf_Gall00481.jpg,Leaf_Gall,Leaf_Gall,Correct,0.469391
datasets/test/Bituminous_Leaf/Bituminous_Leaf00013.jpg,Bituminous_Leaf,Bituminous_Leaf,Correct,0.538405
datasets/test/Leaf_Gall/Leaf_Gall00232.jpg,Leaf_Gall,Leaf_Gall,Correct,0.963496
datasets/train/Healthy_Leaf/Healthy_Leaf00174.jpg,Healthy_Leaf,Healthy_Leaf,Correct,0.972096
datasets/train/Healthy_Leaf/Healthy_Leaf00599.jpg,Healthy_Leaf,Healthy_Leaf,Correct,0.997159
datasets/test/Leaf_Gall/Leaf_Gall00116.jpg,Leaf_Gall,Leaf_Gall,Correct,0.619458
datasets/train/Bituminous_Leaf/Bituminous_Leaf00115.jpg,Bituminous_Leaf,Bituminous_Leaf,Correct,0.728628
datasets/train/Dry_Leaf/Dry_Leaf00329.jpg,Dry_Leaf,Dry_Leaf,Correct,0.894021
datasets/train/Leaf_Gall/Leaf_Gall00150.jpg,Leaf_Gall,Leaf_Gall,Correct,0.622798
datasets/train/Felt_Leaf/Felt_Leaf00184.jpg,Felt_Leaf,Leaf_Gall,Incorrect,0.525064
datasets/test/Healthy_Leaf/Healthy_Leaf00072.jpg,Healthy_Leaf,Healthy_Leaf,Correct,0.991729
datasets/train/Fungal_Leaf_Spot/Fungal_Leaf_Spot00472.jpg,Fungal_Leaf_Spot,Fungal_Leaf_Spot,Correct,0.507927
datasets/test/Leaf_Gall/Leaf_Gall00429.jpg,Leaf_Gall,Leaf_Gall,Correct,0.853273
datasets/test/Dry_Leaf/Dry_Leaf00210.jpg,Dry_Leaf,Dry_Leaf,Correct,0.994138
datasets/train/Healthy_Leaf/Healthy_Leaf00472.jpg,Healthy_Leaf,Leaf_Blight,Incorrect,0.295375
datasets/test/Fungal_Leaf_Spot/Fungal_Leaf_Spot00235.jpg,Fungal_Leaf_Spot,Fungal_Leaf_Spot,Correct,0.512577
datasets/test/Leaf_Gall/Leaf_Gall00487.jpg,Leaf_Gall,Leaf_Gall,Correct,0.552916
datasets/test/Healthy_Leaf/Healthy_Leaf00615.jpg,Healthy_Leaf,Leaf_Blight,Incorrect,0.282713
datasets/train/Fungal_Leaf_Spot/Fungal_Leaf_Spot00529.jpg,Fungal_Leaf_Spot,Fungal_Leaf_Spot,Correct,0.530079
datasets/test/Leaf_Blight/Leaf_Blight00119.jpg,Leaf_Blight,Leaf_Blight,Correct,0.703094
datasets/test/Fungal_Leaf_Spot/Fungal_Leaf_Spot00347.jpg,Fungal_Leaf_Spot,Felt_Leaf,Incorrect,0.193292
datasets/train/Leaf_Blight/Leaf_Blight00138.jpg,Leaf_Blight,Felt_Leaf,Incorrect,0.324271
datasets/train/Bituminous_Leaf/Bituminous_Leaf00057.jpg,Bituminous_Leaf,Bituminous_Leaf,Correct,0.380614
datasets/test/Leaf_Gall/Leaf_Gall00432.jpg,Leaf_Gall,Leaf_Gall,Correct,0.375483
datasets/train/Leaf_Blight/Leaf_Blight00335.jpg,Leaf_Blight,Leaf_Gall,Incorrect,0.467450
datasets/train/Leaf_Blight/Leaf_Blight00003.jpg,Leaf_Blight,Fungal_Leaf_Spot,Incorrect,0.471475
datasets/train/Healthy_Leaf/Healthy_Leaf00396.jpg,Healthy_Leaf,Healthy_Leaf,Correct,0.538001
datasets/train/Curl_Leaf/Curl_Leaf00025.jpg,Curl_Leaf,Felt_Leaf,Incorrect,0.260098
datasets/train/Dry_Leaf/Dry_Leaf00207.jpg,Dry_Leaf,Dry_Leaf,Correct,0.899034
datasets/test/Leaf_Blight/Leaf_Blight00451.jpg,Leaf_Blight,Dry_Leaf,Incorrect,0.260308
datasets/test/Dry_Leaf/Dry_Leaf00167.jpg,Dry_Leaf,Dry_Leaf,Correct,0.994108
datasets/test/Fungal_Leaf_Spot/Fungal_Leaf_Spot00050.jpg,Fungal_Leaf_Spot,Fungal_Leaf_Spot,Correct,0.969736
datasets/test/Leaf_Gall/Leaf_Gall00561.jpg,Leaf_Gall,Leaf_Gall,Correct,0.244851
datasets/train/Felt_Leaf/Felt_Leaf00087.jpg,Felt_Leaf,Leaf_Gall,Incorrect,0.316964
datasets/test/Felt_Leaf/Felt_Leaf00359.jpg,Felt_Leaf,Leaf_Blight,Incorrect,0.351629
datasets/test/Felt_Leaf/Felt_Leaf00339.jpg,Felt_Leaf,Fungal_Leaf_Spot,Incorrect,0.544415
datasets/test/Leaf_Blight/Leaf_Blight00061.jpg,Leaf_Blight,Leaf_Blight,Correct,0.322281
datasets/train/Fungal_Leaf_Spot/Fungal_Leaf_Spot00302.jpg,Fungal_Leaf_Spot,Fungal_Leaf_Spot,Correct,0.404419
datasets/train/Felt_Leaf/Felt_Leaf00231.jpg,Felt_Leaf,Leaf_Gall,Incorrect,0.621942
datasets/train/Felt_Leaf/Felt_Leaf00138.jpg,Felt_Leaf,Felt_Leaf,Correct,0.947987
datasets/test/Felt_Leaf/Felt_Leaf00290.jpg,Felt_Leaf,Fungal_Leaf_Spot,Incorrect,0.444543
datasets/train/Leaf_Gall/Leaf_Gall00230.jpg,Leaf_Gall,Leaf_Gall,Correct,0.933932
datasets/train/Felt_Leaf/Felt_Leaf00367.jpg,Felt_Leaf,Felt_Leaf,Correct,0.713818
datasets/test/Dry_Leaf/Dry_Leaf00237.jpg,Dry_Leaf,Fungal_Leaf_Spot,Incorrect,0.491603
datasets/test/Fungal_Leaf_Spot/Fungal_Leaf_Spot00269.jpg,Fungal_Leaf_Spot,Fungal_Leaf_Spot,Correct,0.825278
datasets/train/Leaf_Blight/Leaf_Blight00432.jpg,Leaf_Blight,Leaf_Blight,Correct,0.366416
datasets/test/Felt_Leaf/Felt_Leaf00233.jpg,Felt_Leaf,Leaf_Blight,Incorrect,0.471749
datasets/test/Fungal_Leaf_Spot/Fungal_Leaf_Spot00506.jpg,Fungal_Leaf_Spot,Fungal_Leaf_Spot,Correct,0.505188
datasets/test/Fungal_Leaf_Spot/Fungal_Leaf_Spot00508.jpg,Fungal_Leaf_Spot,Fungal_Leaf_Spot,Correct,0.852421
datasets/test/Healthy_Leaf/Healthy_Leaf00458.jpg,Healthy_Leaf,Fungal_Leaf_Spot,Incorrect,0.221920
datasets/test/Dry_Leaf/Dry_Leaf00351.jpg,Dry_Leaf,Dry_Leaf,Correct,0.954641
datasets/train/Leaf_Gall/Leaf_Gall00257.jpg,Leaf_Gall,Leaf_Gall,Correct,0.322921
datasets/test/Curl_Leaf/Curl_Leaf00046.jpg,Curl_Leaf,Leaf_Gall,Incorrect,0.556386
datasets/train/Fungal_Leaf_Spot/Fungal_Leaf_Spot00101.jpg,Fungal_Leaf_Spot,Fungal_Leaf_Spot,Correct,0.646228
datasets/train/Healthy_Leaf/Healthy_Leaf00056.jpg,Healthy_Leaf,Healthy_Leaf,Correct,0.832276
datasets/test/Deficiency_Leaf/Deficiency_Leaf00100.jpg,Deficiency_Leaf,Bituminous_Leaf,Incorrect,0.396912
datasets/test/Fungal_Leaf_Spot/Fungal_Leaf_Spot00029.jpg,Fungal_Leaf_Spot,Fungal_Leaf_Spot,Correct,0.552987
datasets/test/Felt_Leaf/Felt_Leaf00165.jpg,Felt_Leaf,Leaf_Gall,Incorrect,0.322835
datasets/test/Leaf_Blight/Leaf_Blight00497.jpg,Leaf_Blight,Leaf_Blight,Correct,0.938514
datasets/train/Anthrax_Leaf/Anthrax_Leaf00032.jpg,Anthrax_Leaf,Fungal_Leaf_Spot,Incorrect,0.394377
datasets/test/Leaf_Gall/Leaf_Gall00209.jpg,Leaf_Gall,Leaf_Gall,Correct,0.471679
datasets/test/Leaf_Blight/Leaf_Blight00551.jpg,Leaf_Blight,Leaf_Blight,Correct,0.894230
datasets/test/Leaf_Blight/Leaf_Blight00046.jpg,Leaf_Blight,Felt_Leaf,Incorrect,0.299964
datasets/train/Healthy_Leaf/Healthy_Leaf00015.jpg,Healthy_Leaf,Felt_Leaf,Incorrect,0.277224
datasets/test/Leaf_Blight/Leaf_Blight00221.jpg,Leaf_Blight,Leaf_Blight,Correct,0.492352
datasets/test/Leaf_Blight/Leaf_Blight00546.jpg,Leaf_Blight,Leaf_Blight,Correct,0.977673
datasets/train/Felt_Leaf/Felt_Leaf00104.jpg,Felt_Leaf,Leaf_Gall,Incorrect,0.336395
datasets/train/Leaf_Blight/Leaf_Blight00118.jpg,Leaf_Blight,Leaf_Blight,Correct,0.204726
datasets/train/Healthy_Leaf/Healthy_Leaf00424.jpg,Healthy_Leaf,Dry_Leaf,Incorrect,0.481586
datasets/test/Curl_Leaf/Curl_Leaf00044.jpg,Curl_Leaf,Leaf_Gall,Incorrect,0.813818
datasets/train/Felt_Leaf/Felt_Leaf00363.jpg,Felt_Leaf,Felt_Leaf,Correct,0.733353
datasets/train/Dry_Leaf/Dry_Leaf00277.jpg,Dry_Leaf,Dry_Leaf,Correct,0.984415
datasets/train/Leaf_Blight/Leaf_Blight00292.jpg,Leaf_Blight,Leaf_Blight,Correct,0.551322
datasets/test/Anthrax_Leaf/Anthrax_Leaf00060.jpg,Anthrax_Leaf,Leaf_Gall,Incorrect,0.504027
datasets/test/Leaf_Gall/Leaf_Gall00226.jpg,Leaf_Gall,Leaf_Gall,Correct,0.619930
datasets/test/Healthy_Leaf/Healthy_Leaf00247.jpg,Healthy_Leaf,Healthy_Leaf,Correct,0.856714
datasets/test/Healthy_Leaf/Healthy_Leaf00341.jpg,Healthy_Leaf,Healthy_Leaf,Correct,0.828926
datasets/train/Fungal_Leaf_Spot/Fungal_Leaf_Spot00248.jpg,Fungal_Leaf_Spot,Healthy_Leaf,Incorrect,0.807650
datasets/train/Felt_Leaf/Felt_Leaf00183.jpg,Felt_Leaf,Leaf_Gall,Incorrect,0.523079
datasets/train/Leaf_Blight/Leaf_Blight00430.jpg,Leaf_Blight,Leaf_Blight,Correct,0.795659
datasets/train/Leaf_Gall/Leaf_Gall00062.jpg,Leaf_Gall,Leaf_Gall,Correct,0.308673
datasets/test/Healthy_Leaf/Healthy_Leaf00291.jpg,Healthy_Leaf,Healthy_Leaf,Correct,0.671204
datasets/test/Healthy_Leaf/Healthy_Leaf00613.jpg,Healthy_Leaf,Healthy_Leaf,Correct,0.413031
datasets/test/Felt_Leaf/Felt_Leaf00100.jpg,Felt_Leaf,Felt_Leaf,Correct,0.499111
datasets/test/Leaf_Blight/Leaf_Blight00045.jpg,Leaf_Blight,Fungal_Leaf_Spot,Incorrect,0.433925
datasets/test/Leaf_Gall/Leaf_Gall00459.jpg,Leaf_Gall,Leaf_Gall,Correct,0.637927
datasets/train/Leaf_Blight/Leaf_Blight00110.jpg,Leaf_Blight,Leaf_Blight,Correct,0.368178
datasets/test/Leaf_Gall/Leaf_Gall00099.jpg,Leaf_Gall,Leaf_Gall,Correct,0.603558
datasets/test/Dry_Leaf/Dry_Leaf00082.jpg,Dry_Leaf,Healthy_Leaf,Incorrect,0.337454
datasets/test/Fungal_Leaf_Spot/Fungal_Leaf_Spot00481.jpg,Fungal_Leaf_Spot,Fungal_Leaf_Spot,Correct,0.493425
datasets/test/Fungal_Leaf_Spot/Fungal_Leaf_Spot00177.jpg,Fungal_Leaf_Spot,Fungal_Leaf_Spot,Correct,0.682053
datasets/test/Leaf_Gall/Leaf_Gall00514.jpg,Leaf_Gall,Fungal_Leaf_Spot,Incorrect,0.323412
datasets/test/Curl_Leaf/Curl_Leaf00148.jpg,Curl_Leaf,Curl_Leaf,Correct,0.665583
datasets/test/Leaf_Gall/Leaf_Gall00392.jpg,Leaf_Gall,Healthy_Leaf,Incorrect,0.622454
datasets/train/Leaf_Blight/Leaf_Blight00031.jpg,Leaf_Blight,Leaf_Blight,Correct,0.899388
datasets/test/Leaf_Gall/Leaf_Gall00559.jpg,Leaf_Gall,Leaf_Gall,Correct,0.743683
datasets/test/Healthy_Leaf/Healthy_Leaf00124.jpg,Healthy_Leaf,Healthy_Leaf,Correct,0.888415
datasets/test/Dry_Leaf/Dry_Leaf00010.jpg,Dry_Leaf,Dry_Leaf,Correct,0.977464
datasets/test/Felt_Leaf/Felt_Leaf00277.jpg,Felt_Leaf,Felt_Leaf,Correct,0.750689
datasets/test/Anthrax_Leaf/Anthrax_Leaf00046.jpg,Anthrax_Leaf,Healthy_Leaf,Incorrect,0.524880
datasets/train/Leaf_Gall/Leaf_Gall00006.jpg,Leaf_Gall,Fungal_Leaf_Spot,Incorrect,0.613122
datasets/test/Healthy_Leaf/Healthy_Leaf00485.jpg,Healthy_Leaf,Healthy_Leaf,Correct,0.549456
datasets/test/Leaf_Blight/Leaf_Blight00018.jpg,Leaf_Blight,Leaf_Blight,Correct,0.954282
datasets/train/Felt_Leaf/Felt_Leaf00304.jpg,Felt_Leaf,Felt_Leaf,Correct,0.662502
datasets/train/Leaf_Gall/Leaf_Gall00410.jpg,Leaf_Gall,Leaf_Gall,Correct,0.890077
datasets/train/Felt_Leaf/Felt_Leaf00300.jpg,Felt_Leaf,Felt_Leaf,Correct,0.633507
datasets/test/Fungal_Leaf_Spot/Fungal_Leaf_Spot00452.jpg,Fungal_Leaf_Spot,Healthy_Leaf,Incorrect,0.428282
datasets/test/Fungal_Leaf_Spot/Fungal_Leaf_Spot00275.jpg,Fungal_Leaf_Spot,Fungal_Leaf_Spot,Correct,0.930314
datasets/train/Fungal_Leaf_Spot/Fungal_Leaf_Spot00458.jpg,Fungal_Leaf_Spot,Leaf_Gall,Incorrect,0.439123
datasets/train/Leaf_Gall/Leaf_Gall00585.jpg,Leaf_Gall,Fungal_Leaf_Spot,Incorrect,0.276839
datasets/test/Leaf_Blight/Leaf_Blight00007.jpg,Leaf_Blight,Leaf_Blight,Correct,0.285599
datasets/test/Fungal_Leaf_Spot/Fungal_Leaf_Spot00539.jpg,Fungal_Leaf_Spot,Fungal_Leaf_Spot,Correct,0.427329
datasets/train/Leaf_Gall/Leaf_Gall00577.jpg,Leaf_Gall,Leaf_Gall,Correct,0.553360
datasets/test/Curl_Leaf/Curl_Leaf00001.jpg,Curl_Leaf,Curl_Leaf,Correct,0.944117
datasets/train/Leaf_Blight/Leaf_Blight00329.jpg,Leaf_Blight,Leaf_Blight,Correct,0.829198
datasets/test/Anthrax_Leaf/Anthrax_Leaf00135.jpg,Anthrax_Leaf,Anthrax_Leaf,Correct,0.914340
datasets/test/Leaf_Gall/Leaf_Gall00018.jpg,Leaf_Gall,Felt_Leaf,Incorrect,0.515925
datasets/train/Felt_Leaf/Felt_Leaf00243.jpg,Felt_Leaf,Leaf_Blight,Incorrect,0.487576
datasets/train/Leaf_Gall/Leaf_Gall00491.jpg,Leaf_Gall,Leaf_Gall,Correct,0.258703
datasets/test/Leaf_Blight/Leaf_Blight00533.jpg,Leaf_Blight,Leaf_Blight,Correct,0.796115
datasets/test/Healthy_Leaf/Healthy_Leaf00152.jpg,Healthy_Leaf,Healthy_Leaf,Correct,0.993400
datasets/test/Fungal_Leaf_Spot/Fungal_Leaf_Spot00232.jpg,Fungal_Leaf_Spot,Fungal_Leaf_Spot,Correct,0.887264
datasets/train/Healthy_Leaf/Healthy_Leaf00548.jpg,Healthy_Leaf,Fungal_Leaf_Spot,Incorrect,0.247505
datasets/test/Fungal_Leaf_Spot/Fungal_Leaf_Spot00146.jpg,Fungal_Leaf_Spot,Leaf_Gall,Incorrect,0.266023
datasets/train/Curl_Leaf/Curl_Leaf00102.jpg,Curl_Leaf,Leaf_Gall,Incorrect,0.318454
datasets/train/Leaf_Blight/Leaf_Blight00492.jpg,Leaf_Blight,Leaf_Blight,Correct,0.310110
datasets/train/Anthrax_Leaf/Anthrax_Leaf00123.jpg,Anthrax_Leaf,Anthrax_Leaf,Correct,0.537802
datasets/train/Felt_Leaf/Felt_Leaf00302.jpg,Felt_Leaf,Leaf_Gall,Incorrect,0.363810
datasets/train/Fungal_Leaf_Spot/Fungal_Leaf_Spot00256.jpg,Fungal_Leaf_Spot,Leaf_Gall,Incorrect,0.423065
datasets/test/Bituminous_Leaf/Bituminous_Leaf00034.jpg,Bituminous_Leaf,Bituminous_Leaf,Correct,0.631581
datasets/test/Dry_Leaf/Dry_Leaf00029.jpg,Dry_Leaf,Dry_Leaf,Correct,0.730081
datasets/test/Leaf_Gall/Leaf_Gall00452.jpg,Leaf_Gall,Leaf_Gall,Correct,0.276750
datasets/test/Felt_Leaf/Felt_Leaf00018.jpg,Felt_Leaf,Felt_Leaf,Correct,0.559941
datasets/test/Leaf_Gall/Leaf_Gall00033.jpg,Leaf_Gall,Leaf_Gall,Correct,0.786164
datasets/test/Leaf_Gall/Leaf_Gall00179.jpg,Leaf_Gall,Felt_Leaf,Incorrect,0.368702
datasets/test/Leaf_Gall/Leaf_Gall00523.jpg,Leaf_Gall,Leaf_Gall,Correct,0.855078
datasets/test/Bituminous_Leaf/Bituminous_Leaf00099.jpg,Bituminous_Leaf,Fungal_Leaf_Spot,Incorrect,0.365684
datasets/train/Felt_Leaf/Felt_Leaf00075.jpg,Felt_Leaf,Leaf_Gall,Incorrect,0.268820
datasets/test/Fungal_Leaf_Spot/Fungal_Leaf_Spot00343.jpg,Fungal_Leaf_Spot,Fungal_Leaf_Spot,Correct,0.616217
datasets/test/Leaf_Gall/Leaf_Gall00567.jpg,Leaf_Gall,Leaf_Gall,Correct,0.649740
datasets/test/Felt_Leaf/Felt_Leaf00216.jpg,Felt_Leaf,Leaf_Gall,Incorrect,0.261289
datasets/train/Leaf_Blight/Leaf_Blight00483.jpg,Leaf_Blight,Leaf_Blight,Correct,0.867709
datasets/test/Healthy_Leaf/Healthy_Leaf00441.jpg,Healthy_Leaf,Healthy_Leaf,Correct,0.242033
datasets/test/Healthy_Leaf/Healthy_Leaf00002.jpg,Healthy_Leaf,Leaf_Gall,Incorrect,0.347492
datasets/train/Leaf_Blight/Leaf_Blight00505.jpg,Leaf_Blight,Leaf_Blight,Correct,0.662725
datasets/train/Dry_Leaf/Dry_Leaf00031.jpg,Dry_Leaf,Dry_Leaf,Correct,0.864609
datasets/test/Curl_Leaf/Curl_Leaf00037.jpg,Curl_Leaf,Leaf_Gall,Incorrect,0.749103
datasets/train/Leaf_Gall/Leaf_Gall00136.jpg,Leaf_Gall,Leaf_Gall,Correct,0.338353
datasets/train/Fungal_Leaf_Spot/Fungal_Leaf_Spot00155.jpg,Fungal_Leaf_Spot,Felt_Leaf,Incorrect,0.389042
datasets/test/Leaf_Gall/Leaf_Gall00022.jpg,Leaf_Gall,Leaf_Gall,Correct,0.477085
datasets/test/Leaf_Gall/Leaf_Gall00019.jpg,Leaf_Gall,Leaf_Gall,Correct,0.726290
datasets/test/Healthy_Leaf/Healthy_Leaf00524.jpg,Healthy_Leaf,Healthy_Leaf,Correct,0.331198
datasets/test/Healthy_Leaf/Healthy_Leaf00301.jpg,Healthy_Leaf,Healthy_Leaf,Correct,0.483393
datasets/test/Bituminous_Leaf/Bituminous_Leaf00124.jpg,Bituminous_Leaf,Leaf_Gall,Incorrect,0.913752
datasets/train/Leaf_Gall/Leaf_Gall00215.jpg,Leaf_Gall,Fungal_Leaf_Spot,Incorrect,0.708391
datasets/train/Curl_Leaf/Curl_Leaf00144.jpg,Curl_Leaf,Curl_Leaf,Correct,0.543714
datasets/test/Fungal_Leaf_Spot/Fungal_Leaf_Spot00082.jpg,Fungal_Leaf_Spot,Healthy_Leaf,Incorrect,0.675940
datasets/test/Felt_Leaf/Felt_Leaf00299.jpg,Felt_Leaf,Felt_Leaf,Correct,0.421723
datasets/train/Felt_Leaf/Felt_Leaf00071.jpg,Felt_Leaf,Leaf_Gall,Incorrect,0.258554
datasets/test/Curl_Leaf/Curl_Leaf00076.jpg,Curl_Leaf,Leaf_Gall,Incorrect,0.419993
datasets/train/Curl_Leaf/Curl_Leaf00045.jpg,Curl_Leaf,Fungal_Leaf_Spot,Incorrect,0.203167
datasets/train/Healthy_Leaf/Healthy_Leaf00552.jpg,Healthy_Leaf,Healthy_Leaf,Correct,0.699168
datasets/train/Leaf_Gall/Leaf_Gall00218.jpg,Leaf_Gall,Leaf_Gall,Correct,0.925393
datasets/train/Healthy_Leaf/Healthy_Leaf00614.jpg,Healthy_Leaf,Healthy_Leaf,Correct,0.748649
datasets/train/Dry_Leaf/Dry_Leaf00308.jpg,Dry_Leaf,Dry_Leaf,Correct,0.749823
datasets/test/Deficiency_Leaf/Deficiency_Leaf00070.jpg,Deficiency_Leaf,Deficiency_Leaf,Correct,0.434869
datasets/test/Anthrax_Leaf/Anthrax_Leaf00003.jpg,Anthrax_Leaf,Dry_Leaf,Incorrect,0.200360
datasets/train/Leaf_Blight/Leaf_Blight00457.jpg,Leaf_Blight,Leaf_Gall,Incorrect,0.479466
datasets/train/Healthy_Leaf/Healthy_Leaf00280.jpg,Healthy_Leaf,Healthy_Leaf,Correct,0.955867
datasets/test/Dry_Leaf/Dry_Leaf00124.jpg,Dry_Leaf,Dry_Leaf,Correct,0.970411
datasets/test/Bituminous_Leaf/Bituminous_Leaf00119.jpg,Bituminous_Leaf,Bituminous_Leaf,Correct,0.525832
datasets/train/Leaf_Blight/Leaf_Blight00224.jpg,Leaf_Blight,Leaf_Blight,Correct,0.382313
datasets/train/Leaf_Gall/Leaf_Gall00361.jpg,Leaf_Gall,Leaf_Gall,Correct,0.458881
datasets/test/Fungal_Leaf_Spot/Fungal_Leaf_Spot00289.jpg,Fungal_Leaf_Spot,Fungal_Leaf_Spot,Correct,0.512217
datasets/test/Healthy_Leaf/Healthy_Leaf00273.jpg,Healthy_Leaf,Fungal_Leaf_Spot,Incorrect,0.301814
datasets/test/Leaf_Gall/Leaf_Gall00021.jpg,Leaf_Gall,Felt_Leaf,Incorrect,0.524920
datasets/train/Felt_Leaf/Felt_Leaf00229.jpg,Felt_Leaf,Felt_Leaf,Correct,0.238760
datasets/train/Deficiency_Leaf/Deficiency_Leaf00087.jpg,Deficiency_Leaf,Deficiency_Leaf,Correct,0.503204
datasets/test/Dry_Leaf/Dry_Leaf00180.jpg,Dry_Leaf,Dry_Leaf,Correct,0.999354
datasets/train/Healthy_Leaf/Healthy_Leaf00058.jpg,Healthy_Leaf,Healthy_Leaf,Correct,0.876258
datasets/train/Leaf_Blight/Leaf_Blight00181.jpg,Leaf_Blight,Leaf_Gall,Incorrect,0.264643
datasets/train/Dry_Leaf/Dry_Leaf00303.jpg,Dry_Leaf,Dry_Leaf,Correct,0.714587
datasets/test/Leaf_Blight/Leaf_Blight00220.jpg,Leaf_Blight,Leaf_Blight,Correct,0.781776
datasets/test/Dry_Leaf/Dry_Leaf00086.jpg,Dry_Leaf,Healthy_Leaf,Incorrect,0.551552
datasets/test/Healthy_Leaf/Healthy_Leaf00335.jpg,Healthy_Leaf,Healthy_Leaf,Correct,0.960082
datasets/test/Fungal_Leaf_Spot/Fungal_Leaf_Spot00123.jpg,Fungal_Leaf_Spot,Fungal_Leaf_Spot,Correct,0.815468
datasets/train/Leaf_Gall/Leaf_Gall00456.jpg,Leaf_Gall,Felt_Leaf,Incorrect,0.205166
datasets/train/Fungal_Leaf_Spot/Fungal_Leaf_Spot00287.jpg,Fungal_Leaf_Spot,Fungal_Leaf_Spot,Correct,0.820050
datasets/test/Felt_Leaf/Felt_Leaf00274.jpg,Felt_Leaf,Leaf_Gall,Incorrect,0.303482
datasets/test/Healthy_Leaf/Healthy_Leaf00357.jpg,Healthy_Leaf,Healthy_Leaf,Correct,0.937673
datasets/test/Leaf_Gall/Leaf_Gall00475.jpg,Leaf_Gall,Leaf_Gall,Correct,0.452012
datasets/train/Leaf_Gall/Leaf_Gall00592.jpg,Leaf_Gall,Leaf_Blight,Incorrect,0.622559
datasets/test/Fungal_Leaf_Spot/Fungal_Leaf_Spot00410.jpg,Fungal_Leaf_Spot,Fungal_Leaf_Spot,Correct,0.421017
datasets/test/Dry_Leaf/Dry_Leaf00061.jpg,Dry_Leaf,Dry_Leaf,Correct,0.777409
datasets/test/Healthy_Leaf/Healthy_Leaf00537.jpg,Healthy_Leaf,Deficiency_Leaf,Incorrect,0.204721
datasets/test/Leaf_Gall/Leaf_Gall00044.jpg,Leaf_Gall,Leaf_Gall,Correct,0.367928
datasets/train/Leaf_Gall/Leaf_Gall00015.jpg,Leaf_Gall,Leaf_Gall,Correct,0.429882
datasets/test/Healthy_Leaf/Healthy_Leaf00169.jpg,Healthy_Leaf,Healthy_Leaf,Correct,0.888459
datasets/test/Felt_Leaf/Felt_Leaf00082.jpg,Felt_Leaf,Fungal_Leaf_Spot,Incorrect,0.334203
datasets/test/Healthy_Leaf/Healthy_Leaf00544.jpg,Healthy_Leaf,Healthy_Leaf,Correct,0.668959
datasets/test/Fungal_Leaf_Spot/Fungal_Leaf_Spot00557.jpg,Fungal_Leaf_Spot,Healthy_Leaf,Incorrect,0.206847
datasets/test/Leaf_Gall/Leaf_Gall00280.jpg,Leaf_Gall,Fungal_Leaf_Spot,Incorrect,0.775086
datasets/train/Fungal_Leaf_Spot/Fungal_Leaf_Spot00069.jpg,Fungal_Leaf_Spot,Fungal_Leaf_Spot,Correct,0.391854
datasets/test/Leaf_Gall/Leaf_Gall00172.jpg,Leaf_Gall,Fungal_Leaf_Spot,Incorrect,0.397054
datasets/test/Healthy_Leaf/Healthy_Leaf00268.jpg,Healthy_Leaf,Healthy_Leaf,Correct,0.958081
datasets/train/Leaf_Gall/Leaf_Gall00618.jpg,Leaf_Gall,Healthy_Leaf,Incorrect,0.437367
datasets/test/Felt_Leaf/Felt_Leaf00372.jpg,Felt_Leaf,Felt_Leaf,Correct,0.655268
datasets/test/Felt_Leaf/Felt_Leaf00089.jpg,Felt_Leaf,Leaf_Gall,Incorrect,0.320193
datasets/train/Leaf_Gall/Leaf_Gall00252.jpg,Leaf_Gall,Leaf_Gall,Correct,0.730958
datasets/test/Leaf_Blight/Leaf_Blight00014.jpg,Leaf_Blight,Healthy_Leaf,Incorrect,0.294560
datasets/test/Healthy_Leaf/Healthy_Leaf00232.jpg,Healthy_Leaf,Healthy_Leaf,Correct,0.906565
datasets/test/Dry_Leaf/Dry_Leaf00040.jpg,Dry_Leaf,Dry_Leaf,Correct,0.370775
datasets/test/Deficiency_Leaf/Deficiency_Leaf00061.jpg,Deficiency_Leaf,Leaf_Gall,Incorrect,0.183664
datasets/test/Leaf_Blight/Leaf_Blight00082.jpg,Leaf_Blight,Healthy_Leaf,Incorrect,0.570855
datasets/test/Healthy_Leaf/Healthy_Leaf00249.jpg,Healthy_Leaf,Fungal_Leaf_Spot,Incorrect,0.384170
datasets/test/Fungal_Leaf_Spot/Fungal_Leaf_Spot00222.jpg,Fungal_Leaf_Spot,Fungal_Leaf_Spot,Correct,0.642060
datasets/test/Felt_Leaf/Felt_Leaf00338.jpg,Felt_Leaf,Fungal_Leaf_Spot,Incorrect,0.368926
datasets/train/Leaf_Blight/Leaf_Blight00514.jpg,Leaf_Blight,Leaf_Blight,Correct,0.588856
datasets/test/Fungal_Leaf_Spot/Fungal_Leaf_Spot00358.jpg,Fungal_Leaf_Spot,Fungal_Leaf_Spot,Correct,0.492880
datasets/test/Leaf_Blight/Leaf_Blight00235.jpg,Leaf_Blight,Leaf_Blight,Correct,0.675606
datasets/test/Leaf_Gall/Leaf_Gall00227.jpg,Leaf_Gall,Leaf_Gall,Correct,0.308000
datasets/test/Dry_Leaf/Dry_Leaf00116.jpg,Dry_Leaf,Dry_Leaf,Correct,0.996617
datasets/test/Leaf_Gall/Leaf_Gall00533.jpg,Leaf_Gall,Deficiency_Leaf,Incorrect,0.375192
datasets/train/Leaf_Gall/Leaf_Gall00527.jpg,Leaf_Gall,Leaf_Blight,Incorrect,0.623886
datasets/test/Anthrax_Leaf/Anthrax_Leaf00020.jpg,Anthrax_Leaf,Healthy_Leaf,Incorrect,0.295837
datasets/train/Anthrax_Leaf/Anthrax_Leaf00076.jpg,Anthrax_Leaf,Dry_Leaf,Incorrect,0.540097
datasets/test/Felt_Leaf/Felt_Leaf00219.jpg,Felt_Leaf,Felt_Leaf,Correct,0.793000
datasets/test/Felt_Leaf/Felt_Leaf00155.jpg,Felt_Leaf,Felt_Leaf,Correct,0.292911
datasets/test/Healthy_Leaf/Healthy_Leaf00422.jpg,Healthy_Leaf,Healthy_Leaf,Correct,0.933293
datasets/test/Leaf_Gall/Leaf_Gall00489.jpg,Leaf_Gall,Dry_Leaf,Incorrect,0.277052
datasets/train/Leaf_Gall/Leaf_Gall00506.jpg,Leaf_Gall,Leaf_Gall,Correct,0.298417
datasets/test/Fungal_Leaf_Spot/Fungal_Leaf_Spot00386.jpg,Fungal_Leaf_Spot,Fungal_Leaf_Spot,Correct,0.590601
datasets/train/Curl_Leaf/Curl_Leaf00058.jpg,Curl_Leaf,Curl_Leaf,Correct,0.479010
datasets/test/Felt_Leaf/Felt_Leaf00200.jpg,Felt_Leaf,Felt_Leaf,Correct,0.650655
datasets/train/Healthy_Leaf/Healthy_Leaf00316.jpg,Healthy_Leaf,Healthy_Leaf,Correct,0.618856
datasets/test/Felt_Leaf/Felt_Leaf00301.jpg,Felt_Leaf,Felt_Leaf,Correct,0.461578
datasets/test/Leaf_Blight/Leaf_Blight00257.jpg,Leaf_Blight,Leaf_Blight,Correct,0.733921
datasets/test/Healthy_Leaf/Healthy_Leaf00367.jpg,Healthy_Leaf,Healthy_Leaf,Correct,0.985161
datasets/test/Deficiency_Leaf/Deficiency_Leaf00086.jpg,Deficiency_Leaf,Bituminous_Leaf,Incorrect,0.418169
datasets/test/Leaf_Gall/Leaf_Gall00132.jpg,Leaf_Gall,Leaf_Gall,Correct,0.853744
datasets/test/Leaf_Gall/Leaf_Gall00403.jpg,Leaf_Gall,Leaf_Gall,Correct,0.308283
datasets/test/Fungal_Leaf_Spot/Fungal_Leaf_Spot00556.jpg,Fungal_Leaf_Spot,Leaf_Gall,Incorrect,0.407875
datasets/test/Healthy_Leaf/Healthy_Leaf00192.jpg,Healthy_Leaf,Healthy_Leaf,Correct,0.498459
datasets/test/Leaf_Blight/Leaf_Blight00339.jpg,Leaf_Blight,Leaf_Blight,Correct,0.769760
datasets/test/Felt_Leaf/Felt_Leaf00284.jpg,Felt_Leaf,Fungal_Leaf_Spot,Incorrect,0.611859
datasets/train/Healthy_Leaf/Healthy_Leaf00570.jpg,Healthy_Leaf,Healthy_Leaf,Correct,0.962310
datasets/test/Leaf_Gall/Leaf_Gall00235.jpg,Leaf_Gall,Leaf_Gall,Correct,0.555462
datasets/test/Bituminous_Leaf/Bituminous_Leaf00091.jpg,Bituminous_Leaf,Bituminous_Leaf,Correct,0.773437
datasets/test/Fungal_Leaf_Spot/Fungal_Leaf_Spot00569.jpg,Fungal_Leaf_Spot,Fungal_Leaf_Spot,Correct,0.812368
datasets/train/Healthy_Leaf/Healthy_Leaf00203.jpg,Healthy_Leaf,Healthy_Leaf,Correct,0.727993
datasets/test/Leaf_Gall/Leaf_Gall00581.jpg,Leaf_Gall,Leaf_Gall,Correct,0.491560
datasets/train/Healthy_Leaf/Healthy_Leaf00321.jpg,Healthy_Leaf,Healthy_Leaf,Correct,0.979885
datasets/train/Leaf_Blight/Leaf_Blight00571.jpg,Leaf_Blight,Leaf_Blight,Correct,0.862383
datasets/test/Leaf_Blight/Leaf_Blight00547.jpg,Leaf_Blight,Leaf_Blight,Correct,0.959306
datasets/test/Anthrax_Leaf/Anthrax_Leaf00102.jpg,Anthrax_Leaf,Anthrax_Leaf,Correct,0.802625
datasets/train/Leaf_Gall/Leaf_Gall00619.jpg,Leaf_Gall,Healthy_Leaf,Incorrect,0.725429
datasets/train/Leaf_Gall/Leaf_Gall00384.jpg,Leaf_Gall,Fungal_Leaf_Spot,Incorrect,0.269694
datasets/test/Dry_Leaf/Dry_Leaf00230.jpg,Dry_Leaf,Dry_Leaf,Correct,0.993438
datasets/test/Leaf_Blight/Leaf_Blight00291.jpg,Leaf_Blight,Leaf_Blight,Correct,0.449692
datasets/train/Healthy_Leaf/Healthy_Leaf00603.jpg,Healthy_Leaf,Healthy_Leaf,Correct,0.808083
datasets/train/Deficiency_Leaf/Deficiency_Leaf00053.jpg,Deficiency_Leaf,Anthrax_Leaf,Incorrect,0.439590
datasets/train/Dry_Leaf/Dry_Leaf00120.jpg,Dry_Leaf,Dry_Leaf,Correct,0.992402
datasets/test/Leaf_Gall/Leaf_Gall00379.jpg,Leaf_Gall,Felt_Leaf,Incorrect,0.325295
datasets/test/Leaf_Gall/Leaf_Gall00441.jpg,Leaf_Gall,Felt_Leaf,Incorrect,0.256140
datasets/test/Bituminous_Leaf/Bituminous_Leaf00126.jpg,Bituminous_Leaf,Bituminous_Leaf,Correct,0.641183
datasets/train/Leaf_Gall/Leaf_Gall00237.jpg,Leaf_Gall,Felt_Leaf,Incorrect,0.528770
datasets/test/Leaf_Gall/Leaf_Gall00564.jpg,Leaf_Gall,Leaf_Blight,Incorrect,0.499646
datasets/train/Healthy_Leaf/Healthy_Leaf00136.jpg,Healthy_Leaf,Healthy_Leaf,Correct,0.716399
datasets/train/Dry_Leaf/Dry_Leaf00276.jpg,Dry_Leaf,Dry_Leaf,Correct,0.966851
datasets/test/Deficiency_Leaf/Deficiency_Leaf00051.jpg,Deficiency_Leaf,Deficiency_Leaf,Correct,0.274189
datasets/test/Leaf_Gall/Leaf_Gall00202.jpg,Leaf_Gall,Leaf_Gall,Correct,0.921331
datasets/train/Dry_Leaf/Dry_Leaf00378.jpg,Dry_Leaf,Dry_Leaf,Correct,0.269483
datasets/train/Healthy_Leaf/Healthy_Leaf00317.jpg,Healthy_Leaf,Healthy_Leaf,Correct,0.594494
datasets/test/Leaf_Blight/Leaf_Blight00468.jpg,Leaf_Blight,Leaf_Blight,Correct,0.886346
datasets/train/Leaf_Gall/Leaf_Gall00468.jpg,Leaf_Gall,Dry_Leaf,Incorrect,0.273438
datasets/train/Leaf_Gall/Leaf_Gall00398.jpg,Leaf_Gall,Leaf_Blight,Incorrect,0.253160
datasets/train/Felt_Leaf/Felt_Leaf00112.jpg,Felt_Leaf,Felt_Leaf,Correct,0.872519
datasets/train/Anthrax_Leaf/Anthrax_Leaf00101.jpg,Anthrax_Leaf,Anthrax_Leaf,Correct,0.474072
datasets/test/Deficiency_Leaf/Deficiency_Leaf00075.jpg,Deficiency_Leaf,Leaf_Gall,Incorrect,0.548469
datasets/test/Dry_Leaf/Dry_Leaf00143.jpg,Dry_Leaf,Dry_Leaf,Correct,0.993860
datasets/test/Healthy_Leaf/Healthy_Leaf00506.jpg,Healthy_Leaf,Healthy_Leaf,Correct,0.346306
datasets/test/Healthy_Leaf/Healthy_Leaf00098.jpg,Healthy_Leaf,Healthy_Leaf,Correct,0.987144
datasets/train/Felt_Leaf/Felt_Leaf00121.jpg,Felt_Leaf,Felt_Leaf,Correct,0.534142
datasets/test/Curl_Leaf/Curl_Leaf00158.jpg,Curl_Leaf,Curl_Leaf,Correct,0.871593
datasets/train/Leaf_Blight/Leaf_Blight00309.jpg,Leaf_Blight,Leaf_Blight,Correct,0.464856
datasets/test/Leaf_Gall/Leaf_Gall00131.jpg,Leaf_Gall,Leaf_Gall,Correct,0.676279
datasets/train/Healthy_Leaf/Healthy_Leaf00475.jpg,Healthy_Leaf,Healthy_Leaf,Correct,0.837939
datasets/test/Fungal_Leaf_Spot/Fungal_Leaf_Spot00076.jpg,Fungal_Leaf_Spot,Fungal_Leaf_Spot,Correct,0.577693
datasets/test/Leaf_Blight/Leaf_Blight00495.jpg,Leaf_Blight,Leaf_Blight,Correct,0.988316
datasets/test/Dry_Leaf/Dry_Leaf00162.jpg,Dry_Leaf,Dry_Leaf,Correct,0.972708
datasets/train/Fungal_Leaf_Spot/Fungal_Leaf_Spot00133.jpg,Fungal_Leaf_Spot,Fungal_Leaf_Spot,Correct,0.410576
datasets/train/Leaf_Gall/Leaf_Gall00064.jpg,Leaf_Gall,Leaf_Blight,Incorrect,0.685717
datasets/test/Leaf_Blight/Leaf_Blight00147.jpg,Leaf_Blight,Leaf_Blight,Correct,0.976774
datasets/test/Leaf_Blight/Leaf_Blight00453.jpg,Leaf_Blight,Leaf_Blight,Correct,0.562646
datasets/test/Dry_Leaf/Dry_Leaf00206.jpg,Dry_Leaf,Fungal_Leaf_Spot,Incorrect,0.267516
datasets/train/Leaf_Gall/Leaf_Gall00460.jpg,Leaf_Gall,Leaf_Gall,Correct,0.501991
datasets/test/Dry_Leaf/Dry_Leaf00337.jpg,Dry_Leaf,Leaf_Blight,Incorrect,0.576100
datasets/test/Leaf_Gall/Leaf_Gall00236.jpg,Leaf_Gall,Leaf_Gall,Correct,0.551304
datasets/test/Healthy_Leaf/Healthy_Leaf00344.jpg,Healthy_Leaf,Healthy_Leaf,Correct,0.949741
datasets/test/Felt_Leaf/Felt_Leaf00310.jpg,Felt_Leaf,Fungal_Leaf_Spot,Incorrect,0.483482
datasets/test/Dry_Leaf/Dry_Leaf00152.jpg,Dry_Leaf,Dry_Leaf,Correct,0.915113
datasets/test/Leaf_Blight/Leaf_Blight00169.jpg,Leaf_Blight,Leaf_Blight,Correct,0.423401
datasets/train/Healthy_Leaf/Healthy_Leaf00162.jpg,Healthy_Leaf,Healthy_Leaf,Correct,0.993456
datasets/train/Leaf_Blight/Leaf_Blight00481.jpg,Leaf_Blight,Leaf_Blight,Correct,0.916955
datasets/test/Healthy_Leaf/Healthy_Leaf00157.jpg,Healthy_Leaf,Healthy_Leaf,Correct,0.998474
datasets/train/Felt_Leaf/Felt_Leaf00323.jpg,Felt_Leaf,Fungal_Leaf_Spot,Incorrect,0.777773
datasets/train/Curl_Leaf/Curl_Leaf00150.jpg,Curl_Leaf,Healthy_Leaf,Incorrect,0.472771
datasets/train/Fungal_Leaf_Spot/Fungal_Leaf_Spot00306.jpg,Fungal_Leaf_Spot,Fungal_Leaf_Spot,Correct,0.683080
datasets/train/Leaf_Blight/Leaf_Blight00089.jpg,Leaf_Blight,Fungal_Leaf_Spot,Incorrect,0.504724
datasets/test/Leaf_Blight/Leaf_Blight00191.jpg,Leaf_Blight,Leaf_Gall,Incorrect,0.662907
datasets/test/Leaf_Blight/Leaf_Blight00318.jpg,Leaf_Blight,Leaf_Blight,Correct,0.969061
datasets/train/Leaf_Gall/Leaf_Gall00416.jpg,Leaf_Gall,Leaf_Gall,Correct,0.503639
datasets/test/Leaf_Gall/Leaf_Gall00039.jpg,Leaf_Gall,Deficiency_Leaf,Incorrect,0.259446
datasets/train/Healthy_Leaf/Healthy_Leaf00190.jpg,Healthy_Leaf,Healthy_Leaf,Correct,0.803668
datasets/test/Leaf_Blight/Leaf_Blight00570.jpg,Leaf_Blight,Leaf_Blight,Correct,0.868520
datasets/test/Dry_Leaf/Dry_Leaf00145.jpg,Dry_Leaf,Dry_Leaf,Correct,0.996523
datasets/train/Felt_Leaf/Felt_Leaf00158.jpg,Felt_Leaf,Fungal_Leaf_Spot,Incorrect,0.433833
datasets/test/Dry_Leaf/Dry_Leaf00191.jpg,Dry_Leaf,Dry_Leaf,Correct,0.807289
datasets/test/Curl_Leaf/Curl_Leaf00135.jpg,Curl_Leaf,Curl_Leaf,Correct,0.962330
datasets/test/Dry_Leaf/Dry_Leaf00053.jpg,Dry_Leaf,Dry_Leaf,Correct,0.980248
datasets/test/Leaf_Gall/Leaf_Gall00267.jpg,Leaf_Gall,Leaf_Gall,Correct,0.593044
datasets/test/Bituminous_Leaf/Bituminous_Leaf00053.jpg,Bituminous_Leaf,Bituminous_Leaf,Correct,0.292187
datasets/test/Leaf_Gall/Leaf_Gall00307.jpg,Leaf_Gall,Leaf_Gall,Correct,0.359077
datasets/test/Leaf_Blight/Leaf_Blight00555.jpg,Leaf_Blight,Healthy_Leaf,Incorrect,0.415047
datasets/test/Dry_Leaf/Dry_Leaf00117.jpg,Dry_Leaf,Dry_Leaf,Correct,0.890909
datasets/train/Dry_Leaf/Dry_Leaf00315.jpg,Dry_Leaf,Dry_Leaf,Correct,0.670762
datasets/test/Leaf_Gall/Leaf_Gall00168.jpg,Leaf_Gall,Felt_Leaf,Incorrect,0.366398
datasets/train/Leaf_Gall/Leaf_Gall00058.jpg,Leaf_Gall,Leaf_Gall,Correct,0.388159
datasets/test/Dry_Leaf/Dry_Leaf00379.jpg,Dry_Leaf,Dry_Leaf,Correct,0.344910
datasets/train/Bituminous_Leaf/Bituminous_Leaf00117.jpg,Bituminous_Leaf,Bituminous_Leaf,Correct,0.949340
datasets/train/Felt_Leaf/Felt_Leaf00130.jpg,Felt_Leaf,Felt_Leaf,Correct,0.425595
datasets/train/Anthrax_Leaf/Anthrax_Leaf00030.jpg,Anthrax_Leaf,Felt_Leaf,Incorrect,0.364514
datasets/test/Healthy_Leaf/Healthy_Leaf00087.jpg,Healthy_Leaf,Healthy_Leaf,Correct,0.927579
datasets/test/Leaf_Blight/Leaf_Blight00446.jpg,Leaf_Blight,Leaf_Blight,Correct,0.495921
datasets/train/Dry_Leaf/Dry_Leaf00281.jpg,Dry_Leaf,Dry_Leaf,Correct,0.977518
datasets/train/Leaf_Gall/Leaf_Gall00322.jpg,Leaf_Gall,Leaf_Gall,Correct,0.438183
datasets/train/Felt_Leaf/Felt_Leaf00295.jpg,Felt_Leaf,Fungal_Leaf_Spot,Incorrect,0.801077
datasets/test/Healthy_Leaf/Healthy_Leaf00628.jpg,Healthy_Leaf,Healthy_Leaf,Correct,0.910526
datasets/train/Healthy_Leaf/Healthy_Leaf00168.jpg,Healthy_Leaf,Healthy_Leaf,Correct,0.791981
datasets/train/Leaf_Blight/Leaf_Blight00091.jpg,Leaf_Blight,Leaf_Blight,Correct,0.489940
datasets/train/Healthy_Leaf/Healthy_Leaf00258.jpg,Healthy_Leaf,Healthy_Leaf,Correct,0.676482
datasets/train/Deficiency_Leaf/Deficiency_Leaf00020.jpg,Deficiency_Leaf,Healthy_Leaf,Incorrect,0.898332
datasets/test/Fungal_Leaf_Spot/Fungal_Leaf_Spot00479.jpg,Fungal_Leaf_Spot,Fungal_Leaf_Spot,Correct,0.897404
datasets/train/Healthy_Leaf/Healthy_Leaf00282.jpg,Healthy_Leaf,Healthy_Leaf,Correct,0.757936
datasets/train/Felt_Leaf/Felt_Leaf00120.jpg,Felt_Leaf,Felt_Leaf,Correct,0.725358
datasets/test/Leaf_Blight/Leaf_Blight00054.jpg,Leaf_Blight,Leaf_Blight,Correct,0.612739
datasets/test/Dry_Leaf/Dry_Leaf00141.jpg,Dry_Leaf,Dry_Leaf,Correct,0.997813
datasets/train/Leaf_Gall/Leaf_Gall00364.jpg,Leaf_Gall,Leaf_Gall,Correct,0.355573
datasets/test/Fungal_Leaf_Spot/Fungal_Leaf_Spot00166.jpg,Fungal_Leaf_Spot,Fungal_Leaf_Spot,Correct,0.294607
datasets/train/Dry_Leaf/Dry_Leaf00380.jpg,Dry_Leaf,Dry_Leaf,Correct,0.813321
datasets/train/Dry_Leaf/Dry_Leaf00205.jpg,Dry_Leaf,Healthy_Leaf,Incorrect,0.421355
datasets/train/Dry_Leaf/Dry_Leaf00089.jpg,Dry_Leaf,Healthy_Leaf,Incorrect,0.589369
datasets/test/Felt_Leaf/Felt_Leaf00227.jpg,Felt_Leaf,Felt_Leaf,Correct,0.494310
datasets/test/Fungal_Leaf_Spot/Fungal_Leaf_Spot00185.jpg,Fungal_Leaf_Spot,Fungal_Leaf_Spot,Correct,0.520882
datasets/test/Leaf_Blight/Leaf_Blight00234.jpg,Leaf_Blight,Felt_Leaf,Incorrect,0.604387
datasets/train/Leaf_Gall/Leaf_Gall00137.jpg,Leaf_Gall,Leaf_Gall,Correct,0.856732
datasets/test/Curl_Leaf/Curl_Leaf00118.jpg,Curl_Leaf,Curl_Leaf,Correct,0.943569
datasets/test/Felt_Leaf/Felt_Leaf00349.jpg,Felt_Leaf,Felt_Leaf,Correct,0.485647
datasets/train/Dry_Leaf/Dry_Leaf00215.jpg,Dry_Leaf,Healthy_Leaf,Incorrect,0.911866
datasets/train/Healthy_Leaf/Healthy_Leaf00267.jpg,Healthy_Leaf,Healthy_Leaf,Correct,0.721702
datasets/test/Dry_Leaf/Dry_Leaf00155.jpg,Dry_Leaf,Dry_Leaf,Correct,0.981835
datasets/test/Leaf_Gall/Leaf_Gall00579.jpg,Leaf_Gall,Leaf_Blight,Incorrect,0.302720
datasets/test/Anthrax_Leaf/Anthrax_Leaf00109.jpg,Anthrax_Leaf,Anthrax_Leaf,Correct,0.961186
datasets/test/Leaf_Gall/Leaf_Gall00266.jpg,Leaf_Gall,Leaf_Gall,Correct,0.286223
datasets/train/Healthy_Leaf/Healthy_Leaf00063.jpg,Healthy_Leaf,Healthy_Leaf,Correct,0.920083
datasets/train/Leaf_Blight/Leaf_Blight00406.jpg,Leaf_Blight,Leaf_Blight,Correct,0.896857
datasets/test/Fungal_Leaf_Spot/Fungal_Leaf_Spot00567.jpg,Fungal_Leaf_Spot,Healthy_Leaf,Incorrect,0.256375
datasets/test/Fungal_Leaf_Spot/Fungal_Leaf_Spot00378.jpg,Fungal_Leaf_Spot,Felt_Leaf,Incorrect,0.378875
datasets/train/Healthy_Leaf/Healthy_Leaf00551.jpg,Healthy_Leaf,Anthrax_Leaf,Incorrect,0.356088
datasets/train/Leaf_Gall/Leaf_Gall00206.jpg,Leaf_Gall,Leaf_Blight,Incorrect,0.438923
datasets/test/Felt_Leaf/Felt_Leaf00337.jpg,Felt_Leaf,Felt_Leaf,Correct,0.296359
datasets/test/Healthy_Leaf/Healthy_Leaf00578.jpg,Healthy_Leaf,Dry_Leaf,Incorrect,0.502594
datasets/test/Felt_Leaf/Felt_Leaf00029.jpg,Felt_Leaf,Felt_Leaf,Correct,0.695687
datasets/test/Leaf_Gall/Leaf_Gall00253.jpg,Leaf_Gall,Leaf_Gall,Correct,0.594677
datasets/test/Curl_Leaf/Curl_Leaf00002.jpg,Curl_Leaf,Curl_Leaf,Correct,0.651087
datasets/test/Leaf_Blight/Leaf_Blight00411.jpg,Leaf_Blight,Leaf_Blight,Correct,0.968497
datasets/test/Leaf_Gall/Leaf_Gall00451.jpg,Leaf_Gall,Healthy_Leaf,Incorrect,0.364908
datasets/test/Fungal_Leaf_Spot/Fungal_Leaf_Spot00400.jpg,Fungal_Leaf_Spot,Dry_Leaf,Incorrect,0.274649
datasets/test/Healthy_Leaf/Healthy_Leaf00380.jpg,Healthy_Leaf,Healthy_Leaf,Correct,0.800356
datasets/train/Leaf_Blight/Leaf_Blight00380.jpg,Leaf_Blight,Leaf_Blight,Correct,0.851171
datasets/test/Healthy_Leaf/Healthy_Leaf00200.jpg,Healthy_Leaf,Healthy_Leaf,Correct,0.475154
datasets/test/Dry_Leaf/Dry_Leaf00356.jpg,Dry_Leaf,Dry_Leaf,Correct,0.972320
datasets/test/Leaf_Gall/Leaf_Gall00472.jpg,Leaf_Gall,Leaf_Gall,Correct,0.941321
datasets/test/Leaf_Gall/Leaf_Gall00467.jpg,Leaf_Gall,Felt_Leaf,Incorrect,0.346638
datasets/train/Leaf_Gall/Leaf_Gall00017.jpg,Leaf_Gall,Felt_Leaf,Incorrect,0.409599
datasets/test/Leaf_Blight/Leaf_Blight00084.jpg,Leaf_Blight,Fungal_Leaf_Spot,Incorrect,0.500694
datasets/test/Fungal_Leaf_Spot/Fungal_Leaf_Spot00038.jpg,Fungal_Leaf_Spot,Fungal_Leaf_Spot,Correct,0.744582
datasets/test/Leaf_Blight/Leaf_Blight00020.jpg,Leaf_Blight,Leaf_Blight,Correct,0.632049
datasets/train/Leaf_Gall/Leaf_Gall00120.jpg,Leaf_Gall,Anthrax_Leaf,Incorrect,0.358843
datasets/train/Leaf_Blight/Leaf_Blight00452.jpg,Leaf_Blight,Felt_Leaf,Incorrect,0.336946
datasets/test/Deficiency_Leaf/Deficiency_Leaf00032.jpg,Deficiency_Leaf,Curl_Leaf,Incorrect,0.470779
datasets/train/Fungal_Leaf_Spot/Fungal_Leaf_Spot00407.jpg,Fungal_Leaf_Spot,Fungal_Leaf_Spot,Correct,0.783227
datasets/train/Leaf_Blight/Leaf_Blight00066.jpg,Leaf_Blight,Dry_Leaf,Incorrect,0.578829
datasets/test/Bituminous_Leaf/Bituminous_Leaf00077.jpg,Bituminous_Leaf,Bituminous_Leaf,Correct,0.509903
datasets/train/Bituminous_Leaf/Bituminous_Leaf00068.jpg,Bituminous_Leaf,Bituminous_Leaf,Correct,0.849369
datasets/train/Healthy_Leaf/Healthy_Leaf00455.jpg,Healthy_Leaf,Healthy_Leaf,Correct,0.892812
datasets/test/Healthy_Leaf/Healthy_Leaf00062.jpg,Healthy_Leaf,Healthy_Leaf,Correct,0.996044
datasets/test/Healthy_Leaf/Healthy_Leaf00620.jpg,Healthy_Leaf,Healthy_Leaf,Correct,0.688133
datasets/test/Fungal_Leaf_Spot/Fungal_Leaf_Spot00067.jpg,Fungal_Leaf_Spot,Fungal_Leaf_Spot,Correct,0.621122
datasets/train/Leaf_Gall/Leaf_Gall00421.jpg,Leaf_Gall,Leaf_Gall,Correct,0.596572
datasets/train/Felt_Leaf/Felt_Leaf00147.jpg,Felt_Leaf,Leaf_Gall,Incorrect,0.483678
datasets/test/Leaf_Blight/Leaf_Blight00389.jpg,Leaf_Blight,Leaf_Blight,Correct,0.913841
datasets/train/Bituminous_Leaf/Bituminous_Leaf00104.jpg,Bituminous_Leaf,Dry_Leaf,Incorrect,0.465076
datasets/test/Felt_Leaf/Felt_Leaf00329.jpg,Felt_Leaf,Felt_Leaf,Correct,0.256619
datasets/test/Fungal_Leaf_Spot/Fungal_Leaf_Spot00112.jpg,Fungal_Leaf_Spot,Anthrax_Leaf,Incorrect,0.234727
datasets/test/Fungal_Leaf_Spot/Fungal_Leaf_Spot00017.jpg,Fungal_Leaf_Spot,Fungal_Leaf_Spot,Correct,0.498697
datasets/test/Curl_Leaf/Curl_Leaf00122.jpg,Curl_Leaf,Curl_Leaf,Correct,0.978047
datasets/test/Felt_Leaf/Felt_Leaf00176.jpg,Felt_Leaf,Healthy_Leaf,Incorrect,0.413638
datasets/test/Healthy_Leaf/Healthy_Leaf00182.jpg,Healthy_Leaf,Healthy_Leaf,Correct,0.774135
datasets/train/Felt_Leaf/Felt_Leaf00135.jpg,Felt_Leaf,Felt_Leaf,Correct,0.660355
datasets/test/Bituminous_Leaf/Bituminous_Leaf00052.jpg,Bituminous_Leaf,Bituminous_Leaf,Correct,0.713109
datasets/train/Leaf_Blight/Leaf_Blight00124.jpg,Leaf_Blight,Leaf_Blight,Correct,0.879991
datasets/train/Healthy_Leaf/Healthy_Leaf00528.jpg,Healthy_Leaf,Fungal_Leaf_Spot,Incorrect,0.333049
datasets/train/Dry_Leaf/Dry_Leaf00371.jpg,Dry_Leaf,Dry_Leaf,Correct,0.554883
datasets/train/Leaf_Blight/Leaf_Blight00088.jpg,Leaf_Blight,Leaf_Blight,Correct,0.543874
datasets/test/Leaf_Gall/Leaf_Gall00363.jpg,Leaf_Gall,Curl_Leaf,Incorrect,0.517615
datasets/train/Leaf_Gall/Leaf_Gall00141.jpg,Leaf_Gall,Leaf_Gall,Correct,0.918333
datasets/test/Dry_Leaf/Dry_Leaf00192.jpg,Dry_Leaf,Dry_Leaf,Correct,0.773428
datasets/test/Dry_Leaf/Dry_Leaf00319.jpg,Dry_Leaf,Dry_Leaf,Correct,0.480260
datasets/train/Healthy_Leaf/Healthy_Leaf00231.jpg,Healthy_Leaf,Healthy_Leaf,Correct,0.763599
datasets/train/Dry_Leaf/Dry_Leaf00290.jpg,Dry_Leaf,Dry_Leaf,Correct,0.938173
datasets/test/Leaf_Gall/Leaf_Gall00084.jpg,Leaf_Gall,Leaf_Gall,Correct,0.968969
datasets/train/Dry_Leaf/Dry_Leaf00131.jpg,Dry_Leaf,Healthy_Leaf,Incorrect,0.582301
datasets/test/Leaf_Blight/Leaf_Blight00051.jpg,Leaf_Blight,Leaf_Blight,Correct,0.282309
datasets/train/Leaf_Gall/Leaf_Gall00534.jpg,Leaf_Gall,Anthrax_Leaf,Incorrect,0.509362
datasets/test/Felt_Leaf/Felt_Leaf00128.jpg,Felt_Leaf,Felt_Leaf,Correct,0.763180
datasets/train/Leaf_Blight/Leaf_Blight00486.jpg,Leaf_Blight,Leaf_Blight,Correct,0.601590
datasets/train/Anthrax_Leaf/Anthrax_Leaf00127.jpg,Anthrax_Leaf,Anthrax_Leaf,Correct,0.935865
datasets/test/Leaf_Gall/Leaf_Gall00402.jpg,Leaf_Gall,Leaf_Gall,Correct,0.273011
datasets/test/Fungal_Leaf_Spot/Fungal_Leaf_Spot00197.jpg,Fungal_Leaf_Spot,Fungal_Leaf_Spot,Correct,0.501219
datasets/train/Healthy_Leaf/Healthy_Leaf00511.jpg,Healthy_Leaf,Healthy_Leaf,Correct,0.323589
datasets/test/Deficiency_Leaf/Deficiency_Leaf00004.jpg,Deficiency_Leaf,Deficiency_Leaf,Correct,0.208050
datasets/test/Leaf_Gall/Leaf_Gall00295.jpg,Leaf_Gall,Leaf_Gall,Correct,0.943774
datasets/test/Leaf_Gall/Leaf_Gall00297.jpg,Leaf_Gall,Leaf_Blight,Incorrect,0.408019
datasets/test/Healthy_Leaf/Healthy_Leaf00138.jpg,Healthy_Leaf,Healthy_Leaf,Correct,0.995028
datasets/test/Dry_Leaf/Dry_Leaf00274.jpg,Dry_Leaf,Dry_Leaf,Correct,0.970903
datasets/train/Fungal_Leaf_Spot/Fungal_Leaf_Spot00423.jpg,Fungal_Leaf_Spot,Fungal_Leaf_Spot,Correct,0.919718
datasets/train/Leaf_Gall/Leaf_Gall00035.jpg,Leaf_Gall,Leaf_Gall,Correct,0.387764
datasets/test/Felt_Leaf/Felt_Leaf00031.jpg,Felt_Leaf,Felt_Leaf,Correct,0.337787
datasets/test/Healthy_Leaf/Healthy_Leaf00547.jpg,Healthy_Leaf,Leaf_Blight,Incorrect,0.204223
datasets/test/Fungal_Leaf_Spot/Fungal_Leaf_Spot00023.jpg,Fungal_Leaf_Spot,Bituminous_Leaf,Incorrect,0.285231
datasets/train/Dry_Leaf/Dry_Leaf00113.jpg,Dry_Leaf,Dry_Leaf,Correct,0.969510
datasets/train/Leaf_Blight/Leaf_Blight00376.jpg,Leaf_Blight,Leaf_Blight,Correct,0.442200
datasets/train/Healthy_Leaf/Healthy_Leaf00197.jpg,Healthy_Leaf,Healthy_Leaf,Correct,0.433595
datasets/test/Leaf_Gall/Leaf_Gall00161.jpg,Leaf_Gall,Leaf_Blight,Incorrect,0.682810
datasets/train/Leaf_Gall/Leaf_Gall00360.jpg,Leaf_Gall,Leaf_Blight,Incorrect,0.303486
datasets/test/Felt_Leaf/Felt_Leaf00214.jpg,Felt_Leaf,Felt_Leaf,Correct,0.309171
datasets/train/Leaf_Blight/Leaf_Blight00165.jpg,Leaf_Blight,Leaf_Blight,Correct,0.736948
datasets/test/Bituminous_Leaf/Bituminous_Leaf00105.jpg,Bituminous_Leaf,Bituminous_Leaf,Correct,0.527069
datasets/test/Felt_Leaf/Felt_Leaf00160.jpg,Felt_Leaf,Fungal_Leaf_Spot,Incorrect,0.327731
datasets/test/Leaf_Gall/Leaf_Gall00002.jpg,Leaf_Gall,Healthy_Leaf,Incorrect,0.514443
datasets/test/Healthy_Leaf/Healthy_Leaf00454.jpg,Healthy_Leaf,Leaf_Blight,Incorrect,0.517419
datasets/test/Leaf_Gall/Leaf_Gall00225.jpg,Leaf_Gall,Leaf_Gall,Correct,0.576058
datasets/test/Leaf_Gall/Leaf_Gall00219.jpg,Leaf_Gall,Leaf_Gall,Correct,0.506505
datasets/test/Bituminous_Leaf/Bituminous_Leaf00110.jpg,Bituminous_Leaf,Bituminous_Leaf,Correct,0.467659
datasets/train/Leaf_Blight/Leaf_Blight00341.jpg,Leaf_Blight,Leaf_Gall,Incorrect,0.357184
datasets/test/Leaf_Gall/Leaf_Gall00163.jpg,Leaf_Gall,Leaf_Blight,Incorrect,0.438783
datasets/test/Anthrax_Leaf/Anthrax_Leaf00078.jpg,Anthrax_Leaf,Anthrax_Leaf,Correct,0.780729
datasets/test/Curl_Leaf/Curl_Leaf00030.jpg,Curl_Leaf,Leaf_Blight,Incorrect,0.747354
datasets/test/Leaf_Blight/Leaf_Blight00587.jpg,Leaf_Blight,Leaf_Blight,Correct,0.649299
datasets/test/Curl_Leaf/Curl_Leaf00017.jpg,Curl_Leaf,Leaf_Blight,Incorrect,0.278765
datasets/test/Leaf_Blight/Leaf_Blight00245.jpg,Leaf_Blight,Leaf_Blight,Correct,0.914981
datasets/test/Felt_Leaf/Felt_Leaf00235.jpg,Felt_Leaf,Felt_Leaf,Correct,0.639966
datasets/train/Felt_Leaf/Felt_Leaf00254.jpg,Felt_Leaf,Leaf_Gall,Incorrect,0.457709
datasets/test/Leaf_Gall/Leaf_Gall00462.jpg,Leaf_Gall,Leaf_Gall,Correct,0.496540
datasets/test/Dry_Leaf/Dry_Leaf00244.jpg,Dry_Leaf,Leaf_Gall,Incorrect,0.370013
datasets/train/Fungal_Leaf_Spot/Fungal_Leaf_Spot00525.jpg,Fungal_Leaf_Spot,Fungal_Leaf_Spot,Correct,0.804115
datasets/test/Curl_Leaf/Curl_Leaf00108.jpg,Curl_Leaf,Curl_Leaf,Correct,0.493517
datasets/train/Leaf_Gall/Leaf_Gall00578.jpg,Leaf_Gall,Leaf_Gall,Correct,0.706575
datasets/test/Leaf_Blight/Leaf_Blight00175.jpg,Leaf_Blight,Fungal_Leaf_Spot,Incorrect,0.413833
datasets/train/Dry_Leaf/Dry_Leaf00138.jpg,Dry_Leaf,Dry_Leaf,Correct,0.910722
datasets/train/Deficiency_Leaf/Deficiency_Leaf00057.jpg,Deficiency_Leaf,Deficiency_Leaf,Correct,0.760431
datasets/train/Leaf_Gall/Leaf_Gall00147.jpg,Leaf_Gall,Felt_Leaf,Incorrect,0.376831
datasets/test/Healthy_Leaf/Healthy_Leaf00085.jpg,Healthy_Leaf,Healthy_Leaf,Correct,0.856627
datasets/train/Fungal_Leaf_Spot/Fungal_Leaf_Spot00344.jpg,Fungal_Leaf_Spot,Fungal_Leaf_Spot,Correct,0.578782
datasets/test/Fungal_Leaf_Spot/Fungal_Leaf_Spot00087.jpg,Fungal_Leaf_Spot,Curl_Leaf,Incorrect,0.294235
