image_path,true_label,predicted_label,status,confidence
datasets/test/Leaf_Gall/Leaf_Gall00002.jpg,Leaf_Gall,Healthy_Leaf,Incorrect,0.369207
datasets/train/Leaf_Blight/Leaf_Blight00121.jpg,Leaf_Blight,Leaf_Blight,Correct,0.915825
datasets/test/Healthy_Leaf/Healthy_Leaf00448.jpg,Healthy_Leaf,Healthy_Leaf,Correct,0.993028
datasets/test/Fungal_Leaf_Spot/Fungal_Leaf_Spot00154.jpg,Fungal_Leaf_Spot,Healthy_Leaf,Incorrect,0.405841
datasets/test/Leaf_Gall/Leaf_Gall00351.jpg,Leaf_Gall,Leaf_Blight,Incorrect,0.421818
datasets/test/Dry_Leaf/Dry_Leaf00056.jpg,Dry_Leaf,Dry_Leaf,Correct,0.577527
datasets/test/Dry_Leaf/Dry_Leaf00344.jpg,Dry_Leaf,Fungal_Leaf_Spot,Incorrect,0.362802
datasets/test/Fungal_Leaf_Spot/Fungal_Leaf_Spot00436.jpg,Fungal_Leaf_Spot,Felt_Leaf,Incorrect,0.373558
datasets/test/Leaf_Blight/Leaf_Blight00174.jpg,Leaf_Blight,Leaf_Blight,Correct,0.436708
datasets/train/Dry_Leaf/Dry_Leaf00075.jpg,Dry_Leaf,Healthy_Leaf,Incorrect,0.426671
datasets/test/Leaf_Blight/Leaf_Blight00401.jpg,Leaf_Blight,Leaf_Blight,Correct,0.464338
datasets/test/Leaf_Gall/Leaf_Gall00003.jpg,Leaf_Gall,Leaf_Gall,Correct,0.480058
datasets/test/Leaf_Gall/Leaf_Gall00441.jpg,Leaf_Gall,Fungal_Leaf_Spot,Incorrect,0.444235
datasets/test/Anthrax_Leaf/Anthrax_Leaf00069.jpg,Anthrax_Leaf,Anthrax_Leaf,Correct,0.981019
datasets/train/Fungal_Leaf_Spot/Fungal_Leaf_Spot00285.jpg,Fungal_Leaf_Spot,Fungal_Leaf_Spot,Correct,0.747544
datasets/train/Deficiency_Leaf/Deficiency_Leaf00107.jpg,Deficiency_Leaf,Deficiency_Leaf,Correct,0.304351
datasets/train/Leaf_Gall/Leaf_Gall00176.jpg,Leaf_Gall,Leaf_Blight,Incorrect,0.602174
datasets/train/Felt_Leaf/Felt_Leaf00130.jpg,Felt_Leaf,Felt_Leaf,Correct,0.411545
datasets/test/Fungal_Leaf_Spot/Fungal_Leaf_Spot00275.jpg,Fungal_Leaf_Spot,Felt_Leaf,Incorrect,0.654689
datasets/test/Anthrax_Leaf/Anthrax_Leaf00031.jpg,Anthrax_Leaf,Anthrax_Leaf,Correct,0.248080
datasets/train/Felt_Leaf/Felt_Leaf00053.jpg,Felt_Leaf,Leaf_Gall,Incorrect,0.403213
datasets/train/Leaf_Blight/Leaf_Blight00265.jpg,Leaf_Blight,Felt_Leaf,Incorrect,0.414742
datasets/train/Leaf_Gall/Leaf_Gall00498.jpg,Leaf_Gall,Leaf_Gall,Correct,0.430086
datasets/test/Leaf_Gall/Leaf_Gall00016.jpg,Leaf_Gall,Leaf_Gall,Correct,0.373963
datasets/test/Leaf_Blight/Leaf_Blight00039.jpg,Leaf_Blight,Leaf_Blight,Correct,0.788354
datasets/test/Leaf_Gall/Leaf_Gall00530.jpg,Leaf_Gall,Leaf_Gall,Correct,0.686320
datasets/train/Leaf_Gall/Leaf_Gall00404.jpg,Leaf_Gall,Leaf_Gall,Correct,0.419509
datasets/train/Leaf_Blight/Leaf_Blight00199.jpg,Leaf_Blight,Healthy_Leaf,Incorrect,0.270215
datasets/train/Fungal_Leaf_Spot/Fungal_Leaf_Spot00398.jpg,Fungal_Leaf_Spot,Fungal_Leaf_Spot,Correct,0.373845
datasets/train/Deficiency_Leaf/Deficiency_Leaf00057.jpg,Deficiency_Leaf,Leaf_Gall,Incorrect,0.268537
datasets/test/Leaf_Gall/Leaf_Gall00455.jpg,Leaf_Gall,Dry_Leaf,Incorrect,0.338328
datasets/train/Felt_Leaf/Felt_Leaf00208.jpg,Felt_Leaf,Leaf_Blight,Incorrect,0.366284
datasets/test/Fungal_Leaf_Spot/Fungal_Leaf_Spot00314.jpg,Fungal_Leaf_Spot,Fungal_Leaf_Spot,Correct,0.754228
datasets/train/Curl_Leaf/Curl_Leaf00006.jpg,Curl_Leaf,Curl_Leaf,Correct,0.643439
datasets/test/Leaf_Blight/Leaf_Blight00288.jpg,Leaf_Blight,Leaf_Blight,Correct,0.924446
datasets/test/Anthrax_Leaf/Anthrax_Leaf00001.jpg,Anthrax_Leaf,Leaf_Blight,Incorrect,0.643307
datasets/test/Leaf_Blight/Leaf_Blight00060.jpg,Leaf_Blight,Leaf_Blight,Correct,0.357910
datasets/test/Leaf_Gall/Leaf_Gall00065.jpg,Leaf_Gall,Leaf_Gall,Correct,0.452672
datasets/test/Leaf_Blight/Leaf_Blight00261.jpg,Leaf_Blight,Leaf_Blight,Correct,0.524245
datasets/train/Leaf_Gall/Leaf_Gall00170.jpg,Leaf_Gall,Leaf_Gall,Correct,0.638638
datasets/train/Healthy_Leaf/Healthy_Leaf00036.jpg,Healthy_Leaf,Healthy_Leaf,Correct,0.985001
datasets/train/Leaf_Blight/Leaf_Blight00002.jpg,Leaf_Blight,Leaf_Blight,Correct,0.496649
datasets/train/Leaf_Blight/Leaf_Blight00433.jpg,Leaf_Blight,Leaf_Blight,Correct,0.491785
datasets/train/Healthy_Leaf/Healthy_Leaf00464.jpg,Healthy_Leaf,Dry_Leaf,Incorrect,0.218637
datasets/test/Healthy_Leaf/Healthy_Leaf00625.jpg,Healthy_Leaf,Healthy_Leaf,Correct,0.387535
datasets/test/Healthy_Leaf/Healthy_Leaf00584.jpg,Healthy_Leaf,Healthy_Leaf,Correct,0.324694
datasets/test/Leaf_Blight/Leaf_Blight00383.jpg,Leaf_Blight,Leaf_Blight,Correct,0.815146
datasets/train/Leaf_Gall/Leaf_Gall00187.jpg,Leaf_Gall,Felt_Leaf,Incorrect,0.257712
datasets/test/Felt_Leaf/Felt_Leaf00312.jpg,Felt_Leaf,Felt_Leaf,Correct,0.669054
datasets/train/Anthrax_Leaf/Anthrax_Leaf00035.jpg,Anthrax_Leaf,Healthy_Leaf,Incorrect,0.453934
datasets/test/Fungal_Leaf_Spot/Fungal_Leaf_Spot00438.jpg,Fungal_Leaf_Spot,Fungal_Leaf_Spot,Correct,0.534339
datasets/train/Healthy_Leaf/Healthy_Leaf00269.jpg,Healthy_Leaf,Healthy_Leaf,Correct,0.739017
datasets/train/Curl_Leaf/Curl_Leaf00126.jpg,Curl_Leaf,Curl_Leaf,Correct,0.784180
datasets/train/Fungal_Leaf_Spot/Fungal_Leaf_Spot00457.jpg,Fungal_Leaf_Spot,Fungal_Leaf_Spot,Correct,0.423634
datasets/train/Fungal_Leaf_Spot/Fungal_Leaf_Spot00100.jpg,Fungal_Leaf_Spot,Fungal_Leaf_Spot,Correct,0.503348
datasets/test/Dry_Leaf/Dry_Leaf00250.jpg,Dry_Leaf,Dry_Leaf,Correct,0.992886
datasets/test/Leaf_Gall/Leaf_Gall00542.jpg,Leaf_Gall,Fungal_Leaf_Spot,Incorrect,0.367346
datasets/test/Fungal_Leaf_Spot/Fungal_Leaf_Spot00269.jpg,Fungal_Leaf_Spot,Fungal_Leaf_Spot,Correct,0.802394
datasets/train/Fungal_Leaf_Spot/Fungal_Leaf_Spot00339.jpg,Fungal_Leaf_Spot,Fungal_Leaf_Spot,Correct,0.472314
datasets/test/Fungal_Leaf_Spot/Fungal_Leaf_Spot00032.jpg,Fungal_Leaf_Spot,Fungal_Leaf_Spot,Correct,0.882602
datasets/test/Dry_Leaf/Dry_Leaf00076.jpg,Dry_Leaf,Leaf_Gall,Incorrect,0.250258
datasets/test/Fungal_Leaf_Spot/Fungal_Leaf_Spot00337.jpg,Fungal_Leaf_Spot,Felt_Leaf,Incorrect,0.553664
datasets/test/Leaf_Blight/Leaf_Blight00427.jpg,Leaf_Blight,Leaf_Blight,Correct,0.944294
datasets/test/Fungal_Leaf_Spot/Fungal_Leaf_Spot00085.jpg,Fungal_Leaf_Spot,Fungal_Leaf_Spot,Correct,0.713349
datasets/test/Healthy_Leaf/Healthy_Leaf00536.jpg,Healthy_Leaf,Fungal_Leaf_Spot,Incorrect,0.503292
datasets/test/Leaf_Blight/Leaf_Blight00502.jpg,Leaf_Blight,Leaf_Blight,Correct,0.571944
datasets/train/Leaf_Blight/Leaf_Blight00282.jpg,Leaf_Blight,Fungal_Leaf_Spot,Incorrect,0.361891
datasets/train/Fungal_Leaf_Spot/Fungal_Leaf_Spot00143.jpg,Fungal_Leaf_Spot,Fungal_Leaf_Spot,Correct,0.445118
datasets/train/Leaf_Blight/Leaf_Blight00335.jpg,Leaf_Blight,Leaf_Gall,Incorrect,0.290098
datasets/train/Felt_Leaf/Felt_Leaf00345.jpg,Felt_Leaf,Curl_Leaf,Incorrect,0.597384
datasets/test/Dry_Leaf/Dry_Leaf00214.jpg,Dry_Leaf,Dry_Leaf,Correct,0.907483
datasets/test/Healthy_Leaf/Healthy_Leaf00307.jpg,Healthy_Leaf,Healthy_Leaf,Correct,0.994360
datasets/train/Felt_Leaf/Felt_Leaf00206.jpg,Felt_Leaf,Fungal_Leaf_Spot,Incorrect,0.412252
datasets/test/Fungal_Leaf_Spot/Fungal_Leaf_Spot00401.jpg,Fungal_Leaf_Spot,Fungal_Leaf_Spot,Correct,0.568389
datasets/test/Dry_Leaf/Dry_Leaf00260.jpg,Dry_Leaf,Dry_Leaf,Correct,0.330727
datasets/test/Leaf_Gall/Leaf_Gall00191.jpg,Leaf_Gall,Leaf_Gall,Correct,0.832951
datasets/train/Leaf_Gall/Leaf_Gall00497.jpg,Leaf_Gall,Leaf_Gall,Correct,0.408621
datasets/train/Leaf_Gall/Leaf_Gall00034.jpg,Leaf_Gall,Fungal_Leaf_Spot,Incorrect,0.619122
datasets/train/Healthy_Leaf/Healthy_Leaf00594.jpg,Healthy_Leaf,Healthy_Leaf,Correct,0.790799
datasets/test/Leaf_Gall/Leaf_Gall00385.jpg,Leaf_Gall,Leaf_Gall,Correct,0.575783
datasets/train/Leaf_Gall/Leaf_Gall00064.jpg,Leaf_Gall,Leaf_Blight,Incorrect,0.576533
datasets/test/Dry_Leaf/Dry_Leaf00159.jpg,Dry_Leaf,Dry_Leaf,Correct,0.727594
datasets/test/Leaf_Gall/Leaf_Gall00047.jpg,Leaf_Gall,Leaf_Gall,Correct,0.736205
datasets/test/Leaf_Blight/Leaf_Blight00453.jpg,Leaf_Blight,Leaf_Blight,Correct,0.532800
datasets/train/Fungal_Leaf_Spot/Fungal_Leaf_Spot00551.jpg,Fungal_Leaf_Spot,Leaf_Blight,Incorrect,0.293869
datasets/test/Dry_Leaf/Dry_Leaf00227.jpg,Dry_Leaf,Dry_Leaf,Correct,0.446917
datasets/test/Fungal_Leaf_Spot/Fungal_Leaf_Spot00320.jpg,Fungal_Leaf_Spot,Fungal_Leaf_Spot,Correct,0.650752
datasets/test/Leaf_Gall/Leaf_Gall00008.jpg,Leaf_Gall,Leaf_Gall,Correct,0.784803
datasets/train/Leaf_Gall/Leaf_Gall00186.jpg,Leaf_Gall,Fungal_Leaf_Spot,Incorrect,0.270349
datasets/test/Fungal_Leaf_Spot/Fungal_Leaf_Spot00186.jpg,Fungal_Leaf_Spot,Fungal_Leaf_Spot,Correct,0.464918
datasets/test/Healthy_Leaf/Healthy_Leaf00181.jpg,Healthy_Leaf,Healthy_Leaf,Correct,0.893479
datasets/test/Fungal_Leaf_Spot/Fungal_Leaf_Spot00115.jpg,Fungal_Leaf_Spot,Leaf_Gall,Incorrect,0.591823
datasets/test/Leaf_Blight/Leaf_Blight00206.jpg,Leaf_Blight,Leaf_Gall,Incorrect,0.377535
datasets/train/Curl_Leaf/Curl_Leaf00107.jpg,Curl_Leaf,Curl_Leaf,Correct,0.366719
datasets/test/Leaf_Blight/Leaf_Blight00032.jpg,Leaf_Blight,Leaf_Blight,Correct,0.478198
datasets/test/Anthrax_Leaf/Anthrax_Leaf00006.jpg,Anthrax_Leaf,Healthy_Leaf,Incorrect,0.289266
datasets/train/Curl_Leaf/Curl_Leaf00145.jpg,Curl_Leaf,Felt_Leaf,Incorrect,0.302535
datasets/train/Felt_Leaf/Felt_Leaf00253.jpg,Felt_Leaf,Leaf_Gall,Incorrect,0.647841
datasets/train/Leaf_Blight/Leaf_Blight00208.jpg,Leaf_Blight,Leaf_Blight,Correct,0.896931
datasets/test/Leaf_Gall/Leaf_Gall00368.jpg,Leaf_Gall,Dry_Leaf,Incorrect,0.373573
datasets/test/Deficiency_Leaf/Deficiency_Leaf00115.jpg,Deficiency_Leaf,Leaf_Gall,Incorrect,0.411662
datasets/train/Healthy_Leaf/Healthy_Leaf00318.jpg,Healthy_Leaf,Healthy_Leaf,Correct,0.950805
datasets/test/Bituminous_Leaf/Bituminous_Leaf00124.jpg,Bituminous_Leaf,Leaf_Gall,Incorrect,0.882720
datasets/test/Felt_Leaf/Felt_Leaf00298.jpg,Felt_Leaf,Felt_Leaf,Correct,0.638139
datasets/train/Healthy_Leaf/Healthy_Leaf00184.jpg,Healthy_Leaf,Healthy_Leaf,Correct,0.941073
datasets/train/Healthy_Leaf/Healthy_Leaf00495.jpg,Healthy_Leaf,Healthy_Leaf,Correct,0.502045
datasets/test/Curl_Leaf/Curl_Leaf00078.jpg,Curl_Leaf,Leaf_Blight,Incorrect,0.664895
datasets/train/Felt_Leaf/Felt_Leaf00087.jpg,Felt_Leaf,Leaf_Blight,Incorrect,0.591751
datasets/train/Dry_Leaf/Dry_Leaf00281.jpg,Dry_Leaf,Dry_Leaf,Correct,0.660294
datasets/test/Deficiency_Leaf/Deficiency_Leaf00101.jpg,Deficiency_Leaf,Leaf_Gall,Incorrect,0.722717
datasets/train/Healthy_Leaf/Healthy_Leaf00202.jpg,Healthy_Leaf,Healthy_Leaf,Correct,0.789436
datasets/test/Fungal_Leaf_Spot/Fungal_Leaf_Spot00291.jpg,Fungal_Leaf_Spot,Healthy_Leaf,Incorrect,0.632531
datasets/test/Leaf_Blight/Leaf_Blight00449.jpg,Leaf_Blight,Leaf_Blight,Correct,0.755919
datasets/test/Healthy_Leaf/Healthy_Leaf00173.jpg,Healthy_Leaf,Healthy_Leaf,Correct,0.998931
datasets/test/Felt_Leaf/Felt_Leaf00281.jpg,Felt_Leaf,Fungal_Leaf_Spot,Incorrect,0.457760
datasets/test/Felt_Leaf/Felt_Leaf00064.jpg,Felt_Leaf,Fungal_Leaf_Spot,Incorrect,0.267826
datasets/test/Deficiency_Leaf/Deficiency_Leaf00003.jpg,Deficiency_Leaf,Anthrax_Leaf,Incorrect,0.963079
datasets/test/Curl_Leaf/Curl_Leaf00092.jpg,Curl_Leaf,Dry_Leaf,Incorrect,0.285251
datasets/train/Bituminous_Leaf/Bituminous_Leaf00027.jpg,Bituminous_Leaf,Bituminous_Leaf,Correct,0.814074
datasets/test/Leaf_Blight/Leaf_Blight00353.jpg,Leaf_Blight,Fungal_Leaf_Spot,Incorrect,0.453113
datasets/train/Dry_Leaf/Dry_Leaf00300.jpg,Dry_Leaf,Dry_Leaf,Correct,0.826615
datasets/test/Fungal_Leaf_Spot/Fungal_Leaf_Spot00042.jpg,Fungal_Leaf_Spot,Fungal_Leaf_Spot,Correct,0.333146
datasets/test/Dry_Leaf/Dry_Leaf00216.jpg,Dry_Leaf,Dry_Leaf,Correct,0.793817
datasets/test/Leaf_Blight/Leaf_Blight00220.jpg,Leaf_Blight,Leaf_Blight,Correct,0.853871
datasets/train/Dry_Leaf/Dry_Leaf00350.jpg,Dry_Leaf,Leaf_Gall,Incorrect,0.219211
datasets/test/Dry_Leaf/Dry_Leaf00379.jpg,Dry_Leaf,Dry_Leaf,Correct,0.465597
datasets/train/Leaf_Blight/Leaf_Blight00157.jpg,Leaf_Blight,Leaf_Blight,Correct,0.767935
datasets/test/Healthy_Leaf/Healthy_Leaf00308.jpg,Healthy_Leaf,Healthy_Leaf,Correct,0.989536
datasets/train/Curl_Leaf/Curl_Leaf00119.jpg,Curl_Leaf,Leaf_Gall,Incorrect,0.568703
datasets/test/Leaf_Blight/Leaf_Blight00299.jpg,Leaf_Blight,Leaf_Blight,Correct,0.809008
datasets/train/Fungal_Leaf_Spot/Fungal_Leaf_Spot00121.jpg,Fungal_Leaf_Spot,Leaf_Blight,Incorrect,0.379151
datasets/test/Healthy_Leaf/Healthy_Leaf00252.jpg,Healthy_Leaf,Healthy_Leaf,Correct,0.937171
datasets/train/Curl_Leaf/Curl_Leaf00066.jpg,Curl_Leaf,Curl_Leaf,Correct,0.418494
datasets/train/Felt_Leaf/Felt_Leaf00362.jpg,Felt_Leaf,Felt_Leaf,Correct,0.262909
datasets/train/Healthy_Leaf/Healthy_Leaf00450.jpg,Healthy_Leaf,Felt_Leaf,Incorrect,0.253250
datasets/test/Felt_Leaf/Felt_Leaf00260.jpg,Felt_Leaf,Leaf_Blight,Incorrect,0.836635
datasets/train/Leaf_Gall/Leaf_Gall00410.jpg,Leaf_Gall,Leaf_Gall,Correct,0.666964
datasets/test/Anthrax_Leaf/Anthrax_Leaf00003.jpg,Anthrax_Leaf,Deficiency_Leaf,Incorrect,0.242044
datasets/train/Healthy_Leaf/Healthy_Leaf00515.jpg,Healthy_Leaf,Leaf_Gall,Incorrect,0.279679
datasets/test/Healthy_Leaf/Healthy_Leaf00259.jpg,Healthy_Leaf,Healthy_Leaf,Correct,0.804795
datasets/train/Dry_Leaf/Dry_Leaf00329.jpg,Dry_Leaf,Dry_Leaf,Correct,0.775679
datasets/train/Healthy_Leaf/Healthy_Leaf00118.jpg,Healthy_Leaf,Healthy_Leaf,Correct,0.994366
datasets/train/Dry_Leaf/Dry_Leaf00004.jpg,Dry_Leaf,Dry_Leaf,Correct,0.994031
datasets/test/Bituminous_Leaf/Bituminous_Leaf00042.jpg,Bituminous_Leaf,Leaf_Gall,Incorrect,0.304631
datasets/test/Healthy_Leaf/Healthy_Leaf00516.jpg,Healthy_Leaf,Healthy_Leaf,Correct,0.893030
datasets/test/Leaf_Gall/Leaf_Gall00372.jpg,Leaf_Gall,Healthy_Leaf,Incorrect,0.330508
datasets/test/Felt_Leaf/Felt_Leaf00200.jpg,Felt_Leaf,Leaf_Blight,Incorrect,0.772509
datasets/test/Healthy_Leaf/Healthy_Leaf00241.jpg,Healthy_Leaf,Healthy_Leaf,Correct,0.971110
datasets/test/Fungal_Leaf_Spot/Fungal_Leaf_Spot00461.jpg,Fungal_Leaf_Spot,Fungal_Leaf_Spot,Correct,0.664646
datasets/test/Leaf_Blight/Leaf_Blight00409.jpg,Leaf_Blight,Leaf_Blight,Correct,0.555450
datasets/train/Leaf_Gall/Leaf_Gall00009.jpg,Leaf_Gall,Leaf_Gall,Correct,0.669128
datasets/test/Leaf_Gall/Leaf_Gall00341.jpg,Leaf_Gall,Felt_Leaf,Incorrect,0.432808
datasets/train/Leaf_Blight/Leaf_Blight00571.jpg,Leaf_Blight,Leaf_Blight,Correct,0.779386
datasets/test/Fungal_Leaf_Spot/Fungal_Leaf_Spot00235.jpg,Fungal_Leaf_Spot,Fungal_Leaf_Spot,Correct,0.296712
datasets/test/Healthy_Leaf/Healthy_Leaf00128.jpg,Healthy_Leaf,Healthy_Leaf,Correct,0.993195
datasets/test/Dry_Leaf/Dry_Leaf00208.jpg,Dry_Leaf,Dry_Leaf,Correct,0.993935
datasets/test/Felt_Leaf/Felt_Leaf00216.jpg,Felt_Leaf,Leaf_Gall,Incorrect,0.252830
datasets/test/Leaf_Gall/Leaf_Gall00039.jpg,Leaf_Gall,Leaf_Gall,Correct,0.307950
datasets/train/Healthy_Leaf/Healthy_Leaf00350.jpg,Healthy_Leaf,Healthy_Leaf,Correct,0.489969
datasets/train/Felt_Leaf/Felt_Leaf00370.jpg,Felt_Leaf,Felt_Leaf,Correct,0.586237
datasets/test/Leaf_Blight/Leaf_Blight00552.jpg,Leaf_Blight,Leaf_Blight,Correct,0.735979
datasets/test/Anthrax_Leaf/Anthrax_Leaf00071.jpg,Anthrax_Leaf,Bituminous_Leaf,Incorrect,0.374006
datasets/test/Healthy_Leaf/Healthy_Leaf00549.jpg,Healthy_Leaf,Leaf_Gall,Incorrect,0.273142
datasets/test/Healthy_Leaf/Healthy_Leaf00471.jpg,Healthy_Leaf,Fungal_Leaf_Spot,Incorrect,0.562295
datasets/test/Healthy_Leaf/Healthy_Leaf00467.jpg,Healthy_Leaf,Leaf_Gall,Incorrect,0.466189
datasets/train/Leaf_Blight/Leaf_Blight00181.jpg,Leaf_Blight,Leaf_Gall,Incorrect,0.455780
datasets/test/Leaf_Blight/Leaf_Blight00081.jpg,Leaf_Blight,Leaf_Blight,Correct,0.626703
datasets/train/Dry_Leaf/Dry_Leaf00276.jpg,Dry_Leaf,Dry_Leaf,Correct,0.914815
datasets/train/Leaf_Gall/Leaf_Gall00137.jpg,Leaf_Gall,Leaf_Gall,Correct,0.961399
datasets/test/Leaf_Gall/Leaf_Gall00128.jpg,Leaf_Gall,Anthrax_Leaf,Incorrect,0.329264
datasets/train/Healthy_Leaf/Healthy_Leaf00434.jpg,Healthy_Leaf,Healthy_Leaf,Correct,0.977072
datasets/train/Fungal_Leaf_Spot/Fungal_Leaf_Spot00298.jpg,Fungal_Leaf_Spot,Fungal_Leaf_Spot,Correct,0.845721
datasets/test/Leaf_Gall/Leaf_Gall00159.jpg,Leaf_Gall,Leaf_Gall,Correct,0.761883
datasets/train/Leaf_Gall/Leaf_Gall00289.jpg,Leaf_Gall,Leaf_Gall,Correct,0.524690
datasets/train/Leaf_Gall/Leaf_Gall00206.jpg,Leaf_Gall,Leaf_Gall,Correct,0.394490
datasets/train/Healthy_Leaf/Healthy_Leaf00311.jpg,Healthy_Leaf,Healthy_Leaf,Correct,0.649423
datasets/test/Leaf_Gall/Leaf_Gall00114.jpg,Leaf_Gall,Dry_Leaf,Incorrect,0.335642
datasets/train/Deficiency_Leaf/Deficiency_Leaf00044.jpg,Deficiency_Leaf,Dry_Leaf,Incorrect,0.182054
datasets/train/Leaf_Blight/Leaf_Blight00376.jpg,Leaf_Blight,Leaf_Blight,Correct,0.611358
datasets/train/Dry_Leaf/Dry_Leaf00102.jpg,Dry_Leaf,Healthy_Leaf,Incorrect,0.421205
datasets/train/Healthy_Leaf/Healthy_Leaf00147.jpg,Healthy_Leaf,Dry_Leaf,Incorrect,0.363477
datasets/train/Leaf_Gall/Leaf_Gall00553.jpg,Leaf_Gall,Leaf_Gall,Correct,0.635640
datasets/train/Healthy_Leaf/Healthy_Leaf00287.jpg,Healthy_Leaf,Healthy_Leaf,Correct,0.855320
datasets/train/Anthrax_Leaf/Anthrax_Leaf00090.jpg,Anthrax_Leaf,Leaf_Blight,Incorrect,0.185578
datasets/test/Fungal_Leaf_Spot/Fungal_Leaf_Spot00417.jpg,Fungal_Leaf_Spot,Fungal_Leaf_Spot,Correct,0.571367
datasets/test/Fungal_Leaf_Spot/Fungal_Leaf_Spot00272.jpg,Fungal_Leaf_Spot,Fungal_Leaf_Spot,Correct,0.844301
datasets/train/Healthy_Leaf/Healthy_Leaf00250.jpg,Healthy_Leaf,Healthy_Leaf,Correct,0.952171
datasets/test/Anthrax_Leaf/Anthrax_Leaf00104.jpg,Anthrax_Leaf,Anthrax_Leaf,Correct,0.812523
datasets/test/Bituminous_Leaf/Bituminous_Leaf00049.jpg,Bituminous_Leaf,Bituminous_Leaf,Correct,0.434358
datasets/test/Healthy_Leaf/Healthy_Leaf00218.jpg,Healthy_Leaf,Healthy_Leaf,Correct,0.623925
datasets/test/Healthy_Leaf/Healthy_Leaf00381.jpg,Healthy_Leaf,Healthy_Leaf,Correct,0.954354
datasets/train/Fungal_Leaf_Spot/Fungal_Leaf_Spot00431.jpg,Fungal_Leaf_Spot,Healthy_Leaf,Incorrect,0.498449
datasets/train/Felt_Leaf/Felt_Leaf00013.jpg,Felt_Leaf,Curl_Leaf,Incorrect,0.408453
datasets/test/Leaf_Gall/Leaf_Gall00096.jpg,Leaf_Gall,Leaf_Gall,Correct,0.468487
datasets/test/Leaf_Blight/Leaf_Blight00493.jpg,Leaf_Blight,Leaf_Blight,Correct,0.652861
datasets/test/Healthy_Leaf/Healthy_Leaf00309.jpg,Healthy_Leaf,Healthy_Leaf,Correct,0.980730
datasets/train/Leaf_Gall/Leaf_Gall00543.jpg,Leaf_Gall,Leaf_Gall,Correct,0.297822
datasets/test/Dry_Leaf/Dry_Leaf00111.jpg,Dry_Leaf,Dry_Leaf,Correct,0.518154
datasets/test/Healthy_Leaf/Healthy_Leaf00134.jpg,Healthy_Leaf,Healthy_Leaf,Correct,0.999515
datasets/test/Felt_Leaf/Felt_Leaf00259.jpg,Felt_Leaf,Leaf_Gall,Incorrect,0.464145
datasets/test/Dry_Leaf/Dry_Leaf00041.jpg,Dry_Leaf,Leaf_Blight,Incorrect,0.430198
datasets/train/Healthy_Leaf/Healthy_Leaf00499.jpg,Healthy_Leaf,Dry_Leaf,Incorrect,0.600070
datasets/train/Fungal_Leaf_Spot/Fungal_Leaf_Spot00211.jpg,Fungal_Leaf_Spot,Healthy_Leaf,Incorrect,0.469259
datasets/train/Bituminous_Leaf/Bituminous_Leaf00136.jpg,Bituminous_Leaf,Bituminous_Leaf,Correct,0.740415
datasets/test/Deficiency_Leaf/Deficiency_Leaf00004.jpg,Deficiency_Leaf,Fungal_Leaf_Spot,Incorrect,0.241411
datasets/train/Dry_Leaf/Dry_Leaf00369.jpg,Dry_Leaf,Dry_Leaf,Correct,0.700643
datasets/test/Dry_Leaf/Dry_Leaf00219.jpg,Dry_Leaf,Dry_Leaf,Correct,0.556053
datasets/test/Leaf_Blight/Leaf_Blight00125.jpg,Leaf_Blight,Felt_Leaf,Incorrect,0.553956
datasets/test/Dry_Leaf/Dry_Leaf00149.jpg,Dry_Leaf,Dry_Leaf,Correct,0.967566
datasets/test/Fungal_Leaf_Spot/Fungal_Leaf_Spot00079.jpg,Fungal_Leaf_Spot,Fungal_Leaf_Spot,Correct,0.426330
datasets/test/Felt_Leaf/Felt_Leaf00060.jpg,Felt_Leaf,Felt_Leaf,Correct,0.512177
datasets/test/Curl_Leaf/Curl_Leaf00116.jpg,Curl_Leaf,Curl_Leaf,Correct,0.645041
datasets/test/Healthy_Leaf/Healthy_Leaf00447.jpg,Healthy_Leaf,Leaf_Blight,Incorrect,0.508452
datasets/test/Healthy_Leaf/Healthy_Leaf00206.jpg,Healthy_Leaf,Healthy_Leaf,Correct,0.579955
datasets/train/Leaf_Blight/Leaf_Blight00027.jpg,Leaf_Blight,Dry_Leaf,Incorrect,0.388907
datasets/test/Leaf_Gall/Leaf_Gall00332.jpg,Leaf_Gall,Leaf_Gall,Correct,0.728374
datasets/train/Healthy_Leaf/Healthy_Leaf00406.jpg,Healthy_Leaf,Healthy_Leaf,Correct,0.946462
datasets/test/Healthy_Leaf/Healthy_Leaf00380.jpg,Healthy_Leaf,Healthy_Leaf,Correct,0.755177
datasets/test/Felt_Leaf/Felt_Leaf00161.jpg,Felt_Leaf,Felt_Leaf,Correct,0.294524
datasets/train/Felt_Leaf/Felt_Leaf00126.jpg,Felt_Leaf,Leaf_Gall,Incorrect,0.366130
datasets/train/Fungal_Leaf_Spot/Fungal_Leaf_Spot00382.jpg,Fungal_Leaf_Spot,Fungal_Leaf_Spot,Correct,0.566576
datasets/test/Dry_Leaf/Dry_Leaf00368.jpg,Dry_Leaf,Dry_Leaf,Correct,0.588714
datasets/test/Felt_Leaf/Felt_Leaf00335.jpg,Felt_Leaf,Fungal_Leaf_Spot,Incorrect,0.667919
datasets/train/Leaf_Blight/Leaf_Blight00225.jpg,Leaf_Blight,Felt_Leaf,Incorrect,0.426283
datasets/test/Healthy_Leaf/Healthy_Leaf00445.jpg,Healthy_Leaf,Healthy_Leaf,Correct,0.922629
datasets/test/Dry_Leaf/Dry_Leaf00305.jpg,Dry_Leaf,Dry_Leaf,Correct,0.525833
datasets/train/Leaf_Gall/Leaf_Gall00180.jpg,Leaf_Gall,Leaf_Gall,Correct,0.426449
datasets/train/Leaf_Gall/Leaf_Gall00546.jpg,Leaf_Gall,Leaf_Gall,Correct,0.475320
datasets/train/Leaf_Blight/Leaf_Blight00329.jpg,Leaf_Blight,Leaf_Blight,Correct,0.361762
datasets/train/Fungal_Leaf_Spot/Fungal_Leaf_Spot00089.jpg,Fungal_Leaf_Spot,Leaf_Blight,Incorrect,0.542247
datasets/test/Dry_Leaf/Dry_Leaf00319.jpg,Dry_Leaf,Dry_Leaf,Correct,0.842948
datasets/test/Dry_Leaf/Dry_Leaf00287.jpg,Dry_Leaf,Dry_Leaf,Correct,0.983843
datasets/test/Fungal_Leaf_Spot/Fungal_Leaf_Spot00196.jpg,Fungal_Leaf_Spot,Fungal_Leaf_Spot,Correct,0.794476
datasets/test/Leaf_Gall/Leaf_Gall00135.jpg,Leaf_Gall,Leaf_Gall,Correct,0.779367
datasets/test/Dry_Leaf/Dry_Leaf00130.jpg,Dry_Leaf,Dry_Leaf,Correct,0.739979
datasets/test/Healthy_Leaf/Healthy_Leaf00223.jpg,Healthy_Leaf,Healthy_Leaf,Correct,0.864745
datasets/test/Fungal_Leaf_Spot/Fungal_Leaf_Spot00471.jpg,Fungal_Leaf_Spot,Fungal_Leaf_Spot,Correct,0.392872
datasets/test/Fungal_Leaf_Spot/Fungal_Leaf_Spot00361.jpg,Fungal_Leaf_Spot,Fungal_Leaf_Spot,Correct,0.516908
datasets/test/Felt_Leaf/Felt_Leaf00066.jpg,Felt_Leaf,Felt_Leaf,Correct,0.284511
datasets/test/Leaf_Blight/Leaf_Blight00323.jpg,Leaf_Blight,Leaf_Blight,Correct,0.738212
datasets/train/Healthy_Leaf/Healthy_Leaf00486.jpg,Healthy_Leaf,Healthy_Leaf,Correct,0.810536
datasets/test/Fungal_Leaf_Spot/Fungal_Leaf_Spot00509.jpg,Fungal_Leaf_Spot,Fungal_Leaf_Spot,Correct,0.551072
datasets/test/Leaf_Gall/Leaf_Gall00238.jpg,Leaf_Gall,Leaf_Gall,Correct,0.948577
datasets/train/Leaf_Blight/Leaf_Blight00105.jpg,Leaf_Blight,Leaf_Blight,Correct,0.635282
datasets/test/Felt_Leaf/Felt_Leaf00217.jpg,Felt_Leaf,Felt_Leaf,Correct,0.663851
datasets/test/Fungal_Leaf_Spot/Fungal_Leaf_Spot00016.jpg,Fungal_Leaf_Spot,Fungal_Leaf_Spot,Correct,0.418652
datasets/test/Curl_Leaf/Curl_Leaf00039.jpg,Curl_Leaf,Curl_Leaf,Correct,0.916677
datasets/train/Leaf_Gall/Leaf_Gall00211.jpg,Leaf_Gall,Leaf_Gall,Correct,0.974455
datasets/train/Dry_Leaf/Dry_Leaf00097.jpg,Dry_Leaf,Leaf_Gall,Incorrect,0.468516
datasets/train/Leaf_Blight/Leaf_Blight00370.jpg,Leaf_Blight,Leaf_Blight,Correct,0.487456
datasets/test/Fungal_Leaf_Spot/Fungal_Leaf_Spot00234.jpg,Fungal_Leaf_Spot,Fungal_Leaf_Spot,Correct,0.494095
datasets/train/Fungal_Leaf_Spot/Fungal_Leaf_Spot00273.jpg,Fungal_Leaf_Spot,Fungal_Leaf_Spot,Correct,0.631398
datasets/test/Leaf_Gall/Leaf_Gall00435.jpg,Leaf_Gall,Fungal_Leaf_Spot,Incorrect,0.309012
datasets/test/Leaf_Gall/Leaf_Gall00021.jpg,Leaf_Gall,Leaf_Gall,Correct,0.477399
datasets/train/Dry_Leaf/Dry_Leaf00296.jpg,Dry_Leaf,Dry_Leaf,Correct,0.677450
datasets/train/Healthy_Leaf/Healthy_Leaf00624.jpg,Healthy_Leaf,Healthy_Leaf,Correct,0.756852
datasets/test/Dry_Leaf/Dry_Leaf00210.jpg,Dry_Leaf,Dry_Leaf,Correct,0.971733
datasets/train/Fungal_Leaf_Spot/Fungal_Leaf_Spot00080.jpg,Fungal_Leaf_Spot,Fungal_Leaf_Spot,Correct,0.491437
datasets/train/Fungal_Leaf_Spot/Fungal_Leaf_Spot00126.jpg,Fungal_Leaf_Spot,Leaf_Blight,Incorrect,0.470840
datasets/test/Leaf_Blight/Leaf_Blight00095.jpg,Leaf_Blight,Fungal_Leaf_Spot,Incorrect,0.494393
datasets/train/Anthrax_Leaf/Anthrax_Leaf00101.jpg,Anthrax_Leaf,Dry_Leaf,Incorrect,0.237736
datasets/test/Felt_Leaf/Felt_Leaf00094.jpg,Felt_Leaf,Felt_Leaf,Correct,0.838591
datasets/test/Leaf_Gall/Leaf_Gall00580.jpg,Leaf_Gall,Leaf_Gall,Correct,0.690331
datasets/train/Healthy_Leaf/Healthy_Leaf00456.jpg,Healthy_Leaf,Healthy_Leaf,Correct,0.848965
datasets/train/Leaf_Gall/Leaf_Gall00113.jpg,Leaf_Gall,Leaf_Gall,Correct,0.304735
datasets/train/Felt_Leaf/Felt_Leaf00367.jpg,Felt_Leaf,Felt_Leaf,Correct,0.868050
datasets/test/Healthy_Leaf/Healthy_Leaf00183.jpg,Healthy_Leaf,Healthy_Leaf,Correct,0.685067
datasets/test/Deficiency_Leaf/Deficiency_Leaf00051.jpg,Deficiency_Leaf,Deficiency_Leaf,Correct,0.394678
datasets/test/Felt_Leaf/Felt_Leaf00038.jpg,Felt_Leaf,Fungal_Leaf_Spot,Incorrect,0.359713
datasets/test/Leaf_Gall/Leaf_Gall00033.jpg,Leaf_Gall,Leaf_Gall,Correct,0.537445
datasets/test/Dry_Leaf/Dry_Leaf00253.jpg,Dry_Leaf,Healthy_Leaf,Incorrect,0.312899
datasets/test/Leaf_Blight/Leaf_Blight00239.jpg,Leaf_Blight,Felt_Leaf,Incorrect,0.446298
datasets/test/Anthrax_Leaf/Anthrax_Leaf00099.jpg,Anthrax_Leaf,Anthrax_Leaf,Correct,0.789841
datasets/test/Curl_Leaf/Curl_Leaf00032.jpg,Curl_Leaf,Curl_Leaf,Correct,0.534403
datasets/test/Dry_Leaf/Dry_Leaf00088.jpg,Dry_Leaf,Dry_Leaf,Correct,0.837000
datasets/test/Fungal_Leaf_Spot/Fungal_Leaf_Spot00494.jpg,Fungal_Leaf_Spot,Fungal_Leaf_Spot,Correct,0.537082
datasets/test/Dry_Leaf/Dry_Leaf00325.jpg,Dry_Leaf,Dry_Leaf,Correct,0.883783
datasets/test/Leaf_Blight/Leaf_Blight00307.jpg,Leaf_Blight,Leaf_Blight,Correct,0.913119
datasets/test/Leaf_Blight/Leaf_Blight00221.jpg,Leaf_Blight,Leaf_Gall,Incorrect,0.443699
datasets/test/Dry_Leaf/Dry_Leaf00158.jpg,Dry_Leaf,Dry_Leaf,Correct,0.862501
datasets/test/Deficiency_Leaf/Deficiency_Leaf00100.jpg,Deficiency_Leaf,Leaf_Gall,Incorrect,0.324359
datasets/test/Healthy_Leaf/Healthy_Leaf00329.jpg,Healthy_Leaf,Healthy_Leaf,Correct,0.633227
datasets/test/Leaf_Gall/Leaf_Gall00499.jpg,Leaf_Gall,Fungal_Leaf_Spot,Incorrect,0.437240
datasets/test/Dry_Leaf/Dry_Leaf00198.jpg,Dry_Leaf,Dry_Leaf,Correct,0.865720
datasets/test/Fungal_Leaf_Spot/Fungal_Leaf_Spot00010.jpg,Fungal_Leaf_Spot,Fungal_Leaf_Spot,Correct,0.352027
datasets/test/Leaf_Blight/Leaf_Blight00357.jpg,Leaf_Blight,Leaf_Blight,Correct,0.453136
datasets/train/Dry_Leaf/Dry_Leaf00375.jpg,Dry_Leaf,Healthy_Leaf,Incorrect,0.450234
datasets/train/Dry_Leaf/Dry_Leaf00121.jpg,Dry_Leaf,Dry_Leaf,Correct,0.996342
datasets/test/Leaf_Blight/Leaf_Blight00362.jpg,Leaf_Blight,Leaf_Blight,Correct,0.548892
datasets/test/Fungal_Leaf_Spot/Fungal_Leaf_Spot00021.jpg,Fungal_Leaf_Spot,Anthrax_Leaf,Incorrect,0.303895
datasets/train/Fungal_Leaf_Spot/Fungal_Leaf_Spot00022.jpg,Fungal_Leaf_Spot,Leaf_Gall,Incorrect,0.196211
datasets/test/Curl_Leaf/Curl_Leaf00060.jpg,Curl_Leaf,Leaf_Blight,Incorrect,0.241393
datasets/train/Dry_Leaf/Dry_Leaf00277.jpg,Dry_Leaf,Dry_Leaf,Correct,0.879050
datasets/train/Leaf_Blight/Leaf_Blight00506.jpg,Leaf_Blight,Leaf_Blight,Correct,0.856692
datasets/train/Dry_Leaf/Dry_Leaf00013.jpg,Dry_Leaf,Dry_Leaf,Correct,0.688436
datasets/test/Leaf_Blight/Leaf_Blight00405.jpg,Leaf_Blight,Fungal_Leaf_Spot,Incorrect,0.391811
datasets/test/Fungal_Leaf_Spot/Fungal_Leaf_Spot00233.jpg,Fungal_Leaf_Spot,Fungal_Leaf_Spot,Correct,0.234426
datasets/test/Anthrax_Leaf/Anthrax_Leaf00058.jpg,Anthrax_Leaf,Anthrax_Leaf,Correct,0.527088
datasets/test/Leaf_Blight/Leaf_Blight00573.jpg,Leaf_Blight,Felt_Leaf,Incorrect,0.368344
datasets/test/Fungal_Leaf_Spot/Fungal_Leaf_Spot00347.jpg,Fungal_Leaf_Spot,Leaf_Gall,Incorrect,0.271079
datasets/train/Healthy_Leaf/Healthy_Leaf00337.jpg,Healthy_Leaf,Healthy_Leaf,Correct,0.830342
datasets/train/Healthy_Leaf/Healthy_Leaf00420.jpg,Healthy_Leaf,Healthy_Leaf,Correct,0.462300
datasets/test/Anthrax_Leaf/Anthrax_Leaf00024.jpg,Anthrax_Leaf,Anthrax_Leaf,Correct,0.374205
datasets/train/Leaf_Gall/Leaf_Gall00286.jpg,Leaf_Gall,Leaf_Gall,Correct,0.726417
datasets/train/Fungal_Leaf_Spot/Fungal_Leaf_Spot00487.jpg,Fungal_Leaf_Spot,Fungal_Leaf_Spot,Correct,0.446522
datasets/test/Fungal_Leaf_Spot/Fungal_Leaf_Spot00553.jpg,Fungal_Leaf_Spot,Fungal_Leaf_Spot,Correct,0.678162
datasets/test/Fungal_Leaf_Spot/Fungal_Leaf_Spot00328.jpg,Fungal_Leaf_Spot,Felt_Leaf,Incorrect,0.323647
datasets/test/Healthy_Leaf/Healthy_Leaf00229.jpg,Healthy_Leaf,Healthy_Leaf,Correct,0.626566
datasets/train/Dry_Leaf/Dry_Leaf00295.jpg,Dry_Leaf,Dry_Leaf,Correct,0.913578
datasets/test/Healthy_Leaf/Healthy_Leaf00544.jpg,Healthy_Leaf,Healthy_Leaf,Correct,0.375875
datasets/train/Leaf_Blight/Leaf_Blight00150.jpg,Leaf_Blight,Leaf_Blight,Correct,0.471500
datasets/test/Felt_Leaf/Felt_Leaf00046.jpg,Felt_Leaf,Felt_Leaf,Correct,0.674114
datasets/test/Healthy_Leaf/Healthy_Leaf00149.jpg,Healthy_Leaf,Healthy_Leaf,Correct,0.536193
datasets/test/Leaf_Blight/Leaf_Blight00163.jpg,Leaf_Blight,Leaf_Blight,Correct,0.646115
datasets/train/Healthy_Leaf/Healthy_Leaf00049.jpg,Healthy_Leaf,Healthy_Leaf,Correct,0.908745
datasets/train/Leaf_Blight/Leaf_Blight00059.jpg,Leaf_Blight,Leaf_Blight,Correct,0.701922
datasets/test/Healthy_Leaf/Healthy_Leaf00135.jpg,Healthy_Leaf,Healthy_Leaf,Correct,0.964496
datasets/train/Anthrax_Leaf/Anthrax_Leaf00130.jpg,Anthrax_Leaf,Anthrax_Leaf,Correct,0.445864
datasets/test/Leaf_Gall/Leaf_Gall00308.jpg,Leaf_Gall,Leaf_Gall,Correct,0.960599
datasets/test/Leaf_Gall/Leaf_Gall00544.jpg,Leaf_Gall,Healthy_Leaf,Incorrect,0.817010
datasets/test/Healthy_Leaf/Healthy_Leaf00561.jpg,Healthy_Leaf,Healthy_Leaf,Correct,0.871384
datasets/train/Fungal_Leaf_Spot/Fungal_Leaf_Spot00377.jpg,Fungal_Leaf_Spot,Healthy_Leaf,Incorrect,0.446294
datasets/test/Leaf_Gall/Leaf_Gall00131.jpg,Leaf_Gall,Leaf_Gall,Correct,0.588604
datasets/test/Leaf_Blight/Leaf_Blight00062.jpg,Leaf_Blight,Leaf_Blight,Correct,0.386777
datasets/train/Bituminous_Leaf/Bituminous_Leaf00030.jpg,Bituminous_Leaf,Dry_Leaf,Incorrect,0.297140
datasets/test/Fungal_Leaf_Spot/Fungal_Leaf_Spot00005.jpg,Fungal_Leaf_Spot,Healthy_Leaf,Incorrect,0.231836
datasets/test/Fungal_Leaf_Spot/Fungal_Leaf_Spot00501.jpg,Fungal_Leaf_Spot,Leaf_Blight,Incorrect,0.314403
datasets/test/Healthy_Leaf/Healthy_Leaf00273.jpg,Healthy_Leaf,Fungal_Leaf_Spot,Incorrect,0.450503
datasets/train/Healthy_Leaf/Healthy_Leaf00077.jpg,Healthy_Leaf,Healthy_Leaf,Correct,0.988087
datasets/train/Healthy_Leaf/Healthy_Leaf00591.jpg,Healthy_Leaf,Leaf_Gall,Incorrect,0.387658
datasets/test/Bituminous_Leaf/Bituminous_Leaf00060.jpg,Bituminous_Leaf,Bituminous_Leaf,Correct,0.968733
datasets/train/Healthy_Leaf/Healthy_Leaf00082.jpg,Healthy_Leaf,Healthy_Leaf,Correct,0.854200
datasets/train/Leaf_Gall/Leaf_Gall00103.jpg,Leaf_Gall,Leaf_Blight,Incorrect,0.449408
datasets/train/Dry_Leaf/Dry_Leaf00211.jpg,Dry_Leaf,Dry_Leaf,Correct,0.854604
datasets/train/Leaf_Gall/Leaf_Gall00529.jpg,Leaf_Gall,Leaf_Gall,Correct,0.273631
datasets/test/Leaf_Gall/Leaf_Gall00078.jpg,Leaf_Gall,Anthrax_Leaf,Incorrect,0.527746
datasets/train/Leaf_Blight/Leaf_Blight00262.jpg,Leaf_Blight,Leaf_Blight,Correct,0.450255
datasets/test/Leaf_Gall/Leaf_Gall00603.jpg,Leaf_Gall,Leaf_Gall,Correct,0.908498
datasets/test/Deficiency_Leaf/Deficiency_Leaf00120.jpg,Deficiency_Leaf,Deficiency_Leaf,Correct,0.396860
datasets/test/Healthy_Leaf/Healthy_Leaf00002.jpg,Healthy_Leaf,Leaf_Gall,Incorrect,0.476827
datasets/test/Leaf_Gall/Leaf_Gall00042.jpg,Leaf_Gall,Felt_Leaf,Incorrect,0.265495
datasets/test/Leaf_Blight/Leaf_Blight00053.jpg,Leaf_Blight,Felt_Leaf,Incorrect,0.721528
datasets/test/Leaf_Gall/Leaf_Gall00253.jpg,Leaf_Gall,Leaf_Gall,Correct,0.798439
datasets/train/Curl_Leaf/Curl_Leaf00091.jpg,Curl_Leaf,Curl_Leaf,Correct,0.418588
datasets/test/Fungal_Leaf_Spot/Fungal_Leaf_Spot00425.jpg,Fungal_Leaf_Spot,Fungal_Leaf_Spot,Correct,0.896526
datasets/test/Healthy_Leaf/Healthy_Leaf00335.jpg,Healthy_Leaf,Healthy_Leaf,Correct,0.911141
datasets/train/Fungal_Leaf_Spot/Fungal_Leaf_Spot00574.jpg,Fungal_Leaf_Spot,Fungal_Leaf_Spot,Correct,0.874120
datasets/train/Felt_Leaf/Felt_Leaf00056.jpg,Felt_Leaf,Felt_Leaf,Correct,0.962308
datasets/train/Felt_Leaf/Felt_Leaf00007.jpg,Felt_Leaf,Felt_Leaf,Correct,0.713468
datasets/test/Healthy_Leaf/Healthy_Leaf00004.jpg,Healthy_Leaf,Healthy_Leaf,Correct,0.546865
datasets/test/Dry_Leaf/Dry_Leaf00164.jpg,Dry_Leaf,Dry_Leaf,Correct,0.663105
datasets/train/Curl_Leaf/Curl_Leaf00058.jpg,Curl_Leaf,Curl_Leaf,Correct,0.481356
datasets/train/Felt_Leaf/Felt_Leaf00184.jpg,Felt_Leaf,Leaf_Gall,Incorrect,0.516927
datasets/test/Leaf_Blight/Leaf_Blight00132.jpg,Leaf_Blight,Leaf_Gall,Incorrect,0.241611
datasets/test/Fungal_Leaf_Spot/Fungal_Leaf_Spot00096.jpg,Fungal_Leaf_Spot,Fungal_Leaf_Spot,Correct,0.519911
datasets/test/Dry_Leaf/Dry_Leaf00103.jpg,Dry_Leaf,Dry_Leaf,Correct,0.849313
datasets/test/Leaf_Gall/Leaf_Gall00173.jpg,Leaf_Gall,Leaf_Blight,Incorrect,0.640240
datasets/test/Fungal_Leaf_Spot/Fungal_Leaf_Spot00548.jpg,Fungal_Leaf_Spot,Leaf_Gall,Incorrect,0.278471
datasets/train/Leaf_Blight/Leaf_Blight00031.jpg,Leaf_Blight,Leaf_Blight,Correct,0.957515
datasets/test/Dry_Leaf/Dry_Leaf00285.jpg,Dry_Leaf,Dry_Leaf,Correct,0.991674
datasets/train/Leaf_Blight/Leaf_Blight00077.jpg,Leaf_Blight,Fungal_Leaf_Spot,Incorrect,0.414923
datasets/test/Felt_Leaf/Felt_Leaf00284.jpg,Felt_Leaf,Leaf_Gall,Incorrect,0.588288
datasets/test/Leaf_Blight/Leaf_Blight00274.jpg,Leaf_Blight,Leaf_Blight,Correct,0.526777
datasets/test/Leaf_Blight/Leaf_Blight00312.jpg,Leaf_Blight,Leaf_Blight,Correct,0.755364
datasets/test/Curl_Leaf/Curl_Leaf00048.jpg,Curl_Leaf,Curl_Leaf,Correct,0.370592
datasets/test/Curl_Leaf/Curl_Leaf00166.jpg,Curl_Leaf,Curl_Leaf,Correct,0.569912
datasets/test/Fungal_Leaf_Spot/Fungal_Leaf_Spot00220.jpg,Fungal_Leaf_Spot,Healthy_Leaf,Incorrect,0.667935
datasets/test/Bituminous_Leaf/Bituminous_Leaf00100.jpg,Bituminous_Leaf,Bituminous_Leaf,Correct,0.794758
datasets/test/Fungal_Leaf_Spot/Fungal_Leaf_Spot00055.jpg,Fungal_Leaf_Spot,Anthrax_Leaf,Incorrect,0.198640
datasets/test/Dry_Leaf/Dry_Leaf00150.jpg,Dry_Leaf,Dry_Leaf,Correct,0.974432
datasets/test/Dry_Leaf/Dry_Leaf00226.jpg,Dry_Leaf,Dry_Leaf,Correct,0.462663
datasets/train/Leaf_Blight/Leaf_Blight00287.jpg,Leaf_Blight,Leaf_Blight,Correct,0.758997
datasets/train/Leaf_Gall/Leaf_Gall00527.jpg,Leaf_Gall,Leaf_Blight,Incorrect,0.391860
datasets/test/Dry_Leaf/Dry_Leaf00028.jpg,Dry_Leaf,Dry_Leaf,Correct,0.905789
datasets/test/Bituminous_Leaf/Bituminous_Leaf00110.jpg,Bituminous_Leaf,Leaf_Gall,Incorrect,0.159867
datasets/test/Felt_Leaf/Felt_Leaf00240.jpg,Felt_Leaf,Felt_Leaf,Correct,0.317215
datasets/test/Leaf_Blight/Leaf_Blight00045.jpg,Leaf_Blight,Felt_Leaf,Incorrect,0.481390
datasets/train/Deficiency_Leaf/Deficiency_Leaf00042.jpg,Deficiency_Leaf,Leaf_Blight,Incorrect,0.333037
datasets/test/Healthy_Leaf/Healthy_Leaf00443.jpg,Healthy_Leaf,Healthy_Leaf,Correct,0.590751
datasets/train/Fungal_Leaf_Spot/Fungal_Leaf_Spot00295.jpg,Fungal_Leaf_Spot,Fungal_Leaf_Spot,Correct,0.884917
datasets/test/Leaf_Blight/Leaf_Blight00475.jpg,Leaf_Blight,Leaf_Blight,Correct,0.725863
datasets/test/Leaf_Gall/Leaf_Gall00172.jpg,Leaf_Gall,Leaf_Blight,Incorrect,0.672236
datasets/test/Fungal_Leaf_Spot/Fungal_Leaf_Spot00532.jpg,Fungal_Leaf_Spot,Fungal_Leaf_Spot,Correct,0.696361
datasets/train/Felt_Leaf/Felt_Leaf00201.jpg,Felt_Leaf,Leaf_Gall,Incorrect,0.403944
datasets/train/Leaf_Blight/Leaf_Blight00348.jpg,Leaf_Blight,Leaf_Blight,Correct,0.788599
datasets/train/Leaf_Gall/Leaf_Gall00156.jpg,Leaf_Gall,Leaf_Blight,Incorrect,0.367809
datasets/test/Leaf_Blight/Leaf_Blight00327.jpg,Leaf_Blight,Leaf_Blight,Correct,0.695076
datasets/test/Fungal_Leaf_Spot/Fungal_Leaf_Spot00318.jpg,Fungal_Leaf_Spot,Fungal_Leaf_Spot,Correct,0.566143
datasets/test/Felt_Leaf/Felt_Leaf00336.jpg,Felt_Leaf,Felt_Leaf,Correct,0.488142
datasets/test/Leaf_Gall/Leaf_Gall00133.jpg,Leaf_Gall,Leaf_Gall,Correct,0.912699
datasets/train/Fungal_Leaf_Spot/Fungal_Leaf_Spot00094.jpg,Fungal_Leaf_Spot,Leaf_Blight,Incorrect,0.308528
datasets/test/Felt_Leaf/Felt_Leaf00316.jpg,Felt_Leaf,Felt_Leaf,Correct,0.887111
datasets/test/Healthy_Leaf/Healthy_Leaf00116.jpg,Healthy_Leaf,Healthy_Leaf,Correct,0.838343
datasets/test/Leaf_Gall/Leaf_Gall00259.jpg,Leaf_Gall,Leaf_Gall,Correct,0.627491
datasets/test/Curl_Leaf/Curl_Leaf00106.jpg,Curl_Leaf,Felt_Leaf,Incorrect,0.299234
datasets/test/Fungal_Leaf_Spot/Fungal_Leaf_Spot00102.jpg,Fungal_Leaf_Spot,Fungal_Leaf_Spot,Correct,0.593280
datasets/test/Bituminous_Leaf/Bituminous_Leaf00131.jpg,Bituminous_Leaf,Bituminous_Leaf,Correct,0.667038
datasets/test/Healthy_Leaf/Healthy_Leaf00340.jpg,Healthy_Leaf,Healthy_Leaf,Correct,0.989027
datasets/test/Dry_Leaf/Dry_Leaf00126.jpg,Dry_Leaf,Dry_Leaf,Correct,0.938546
datasets/train/Fungal_Leaf_Spot/Fungal_Leaf_Spot00554.jpg,Fungal_Leaf_Spot,Fungal_Leaf_Spot,Correct,0.485701
datasets/test/Leaf_Gall/Leaf_Gall00450.jpg,Leaf_Gall,Leaf_Blight,Incorrect,0.430908
datasets/train/Fungal_Leaf_Spot/Fungal_Leaf_Spot00242.jpg,Fungal_Leaf_Spot,Fungal_Leaf_Spot,Correct,0.264674
datasets/train/Deficiency_Leaf/Deficiency_Leaf00008.jpg,Deficiency_Leaf,Deficiency_Leaf,Correct,0.583923
datasets/test/Leaf_Blight/Leaf_Blight00087.jpg,Leaf_Blight,Felt_Leaf,Incorrect,0.639766
datasets/train/Anthrax_Leaf/Anthrax_Leaf00145.jpg,Anthrax_Leaf,Fungal_Leaf_Spot,Incorrect,0.680145
datasets/train/Leaf_Gall/Leaf_Gall00349.jpg,Leaf_Gall,Leaf_Gall,Correct,0.778061
datasets/test/Fungal_Leaf_Spot/Fungal_Leaf_Spot00151.jpg,Fungal_Leaf_Spot,Healthy_Leaf,Incorrect,0.388444
datasets/test/Fungal_Leaf_Spot/Fungal_Leaf_Spot00422.jpg,Fungal_Leaf_Spot,Fungal_Leaf_Spot,Correct,0.614299
datasets/test/Fungal_Leaf_Spot/Fungal_Leaf_Spot00410.jpg,Fungal_Leaf_Spot,Fungal_Leaf_Spot,Correct,0.538896
datasets/test/Fungal_Leaf_Spot/Fungal_Leaf_Spot00470.jpg,Fungal_Leaf_Spot,Fungal_Leaf_Spot,Correct,0.906275
datasets/test/Felt_Leaf/Felt_Leaf00160.jpg,Felt_Leaf,Fungal_Leaf_Spot,Incorrect,0.370715
datasets/test/Dry_Leaf/Dry_Leaf00098.jpg,Dry_Leaf,Felt_Leaf,Incorrect,0.198565
datasets/train/Fungal_Leaf_Spot/Fungal_Leaf_Spot00368.jpg,Fungal_Leaf_Spot,Leaf_Blight,Incorrect,0.298072
datasets/test/Felt_Leaf/Felt_Leaf00227.jpg,Felt_Leaf,Felt_Leaf,Correct,0.553172
datasets/test/Dry_Leaf/Dry_Leaf00047.jpg,Dry_Leaf,Dry_Leaf,Correct,0.857858
datasets/train/Leaf_Blight/Leaf_Blight00230.jpg,Leaf_Blight,Leaf_Blight,Correct,0.424605
datasets/train/Leaf_Blight/Leaf_Blight00414.jpg,Leaf_Blight,Leaf_Blight,Correct,0.964600
datasets/train/Curl_Leaf/Curl_Leaf00170.jpg,Curl_Leaf,Curl_Leaf,Correct,0.409548
datasets/train/Leaf_Blight/Leaf_Blight00542.jpg,Leaf_Blight,Leaf_Blight,Correct,0.859078
datasets/test/Healthy_Leaf/Healthy_Leaf00531.jpg,Healthy_Leaf,Fungal_Leaf_Spot,Incorrect,0.204108
datasets/test/Fungal_Leaf_Spot/Fungal_Leaf_Spot00200.jpg,Fungal_Leaf_Spot,Healthy_Leaf,Incorrect,0.459942
datasets/test/Leaf_Blight/Leaf_Blight00050.jpg,Leaf_Blight,Felt_Leaf,Incorrect,0.377147
datasets/train/Leaf_Gall/Leaf_Gall00389.jpg,Leaf_Gall,Leaf_Gall,Correct,0.338662
datasets/test/Healthy_Leaf/Healthy_Leaf00524.jpg,Healthy_Leaf,Healthy_Leaf,Correct,0.776399
datasets/train/Leaf_Blight/Leaf_Blight00300.jpg,Leaf_Blight,Leaf_Blight,Correct,0.428157
datasets/train/Healthy_Leaf/Healthy_Leaf00039.jpg,Healthy_Leaf,Healthy_Leaf,Correct,0.897917
datasets/train/Dry_Leaf/Dry_Leaf00092.jpg,Dry_Leaf,Healthy_Leaf,Incorrect,0.689950
datasets/train/Leaf_Gall/Leaf_Gall00537.jpg,Leaf_Gall,Leaf_Gall,Correct,0.944370
datasets/train/Healthy_Leaf/Healthy_Leaf00533.jpg,Healthy_Leaf,Healthy_Leaf,Correct,0.885696
datasets/train/Fungal_Leaf_Spot/Fungal_Leaf_Spot00418.jpg,Fungal_Leaf_Spot,Fungal_Leaf_Spot,Correct,0.868938
datasets/test/Felt_Leaf/Felt_Leaf00134.jpg,Felt_Leaf,Healthy_Leaf,Incorrect,0.508517
datasets/train/Felt_Leaf/Felt_Leaf00075.jpg,Felt_Leaf,Felt_Leaf,Correct,0.212100
datasets/test/Felt_Leaf/Felt_Leaf00176.jpg,Felt_Leaf,Healthy_Leaf,Incorrect,0.448823
datasets/train/Leaf_Gall/Leaf_Gall00570.jpg,Leaf_Gall,Leaf_Gall,Correct,0.859613
datasets/train/Fungal_Leaf_Spot/Fungal_Leaf_Spot00178.jpg,Fungal_Leaf_Spot,Fungal_Leaf_Spot,Correct,0.591644
datasets/train/Leaf_Blight/Leaf_Blight00378.jpg,Leaf_Blight,Leaf_Blight,Correct,0.746267
datasets/test/Deficiency_Leaf/Deficiency_Leaf00033.jpg,Deficiency_Leaf,Leaf_Gall,Incorrect,0.431688
datasets/test/Bituminous_Leaf/Bituminous_Leaf00075.jpg,Bituminous_Leaf,Bituminous_Leaf,Correct,0.806659
datasets/test/Leaf_Gall/Leaf_Gall00612.jpg,Leaf_Gall,Fungal_Leaf_Spot,Incorrect,0.409825
datasets/test/Healthy_Leaf/Healthy_Leaf00587.jpg,Healthy_Leaf,Healthy_Leaf,Correct,0.851164
datasets/test/Healthy_Leaf/Healthy_Leaf00384.jpg,Healthy_Leaf,Dry_Leaf,Incorrect,0.472001
datasets/train/Fungal_Leaf_Spot/Fungal_Leaf_Spot00572.jpg,Fungal_Leaf_Spot,Fungal_Leaf_Spot,Correct,0.362011
datasets/test/Healthy_Leaf/Healthy_Leaf00226.jpg,Healthy_Leaf,Healthy_Leaf,Correct,0.462154
datasets/test/Curl_Leaf/Curl_Leaf00002.jpg,Curl_Leaf,Curl_Leaf,Correct,0.901419
datasets/train/Leaf_Blight/Leaf_Blight00244.jpg,Leaf_Blight,Leaf_Blight,Correct,0.385945
datasets/train/Fungal_Leaf_Spot/Fungal_Leaf_Spot00538.jpg,Fungal_Leaf_Spot,Fungal_Leaf_Spot,Correct,0.895817
datasets/test/Leaf_Blight/Leaf_Blight00420.jpg,Leaf_Blight,Leaf_Blight,Correct,0.441732
datasets/test/Dry_Leaf/Dry_Leaf00202.jpg,Dry_Leaf,Dry_Leaf,Correct,0.986762
datasets/test/Healthy_Leaf/Healthy_Leaf00616.jpg,Healthy_Leaf,Healthy_Leaf,Correct,0.831763
datasets/test/Bituminous_Leaf/Bituminous_Leaf00123.jpg,Bituminous_Leaf,Bituminous_Leaf,Correct,0.388365
datasets/test/Healthy_Leaf/Healthy_Leaf00151.jpg,Healthy_Leaf,Healthy_Leaf,Correct,0.776813
datasets/train/Leaf_Gall/Leaf_Gall00412.jpg,Leaf_Gall,Felt_Leaf,Incorrect,0.726057
datasets/train/Leaf_Gall/Leaf_Gall00080.jpg,Leaf_Gall,Leaf_Gall,Correct,0.317705
datasets/train/Healthy_Leaf/Healthy_Leaf00312.jpg,Healthy_Leaf,Healthy_Leaf,Correct,0.684043
datasets/train/Healthy_Leaf/Healthy_Leaf00086.jpg,Healthy_Leaf,Healthy_Leaf,Correct,0.847865
datasets/test/Fungal_Leaf_Spot/Fungal_Leaf_Spot00038.jpg,Fungal_Leaf_Spot,Fungal_Leaf_Spot,Correct,0.659808
datasets/train/Healthy_Leaf/Healthy_Leaf00552.jpg,Healthy_Leaf,Healthy_Leaf,Correct,0.491524
datasets/test/Leaf_Blight/Leaf_Blight00431.jpg,Leaf_Blight,Leaf_Blight,Correct,0.364585
datasets/train/Healthy_Leaf/Healthy_Leaf00426.jpg,Healthy_Leaf,Healthy_Leaf,Correct,0.990037
datasets/test/Felt_Leaf/Felt_Leaf00036.jpg,Felt_Leaf,Leaf_Gall,Incorrect,0.544749
datasets/test/Healthy_Leaf/Healthy_Leaf00409.jpg,Healthy_Leaf,Healthy_Leaf,Correct,0.786149
datasets/test/Felt_Leaf/Felt_Leaf00150.jpg,Felt_Leaf,Dry_Leaf,Incorrect,0.295282
datasets/test/Anthrax_Leaf/Anthrax_Leaf00046.jpg,Anthrax_Leaf,Healthy_Leaf,Incorrect,0.792159
datasets/test/Leaf_Blight/Leaf_Blight00365.jpg,Leaf_Blight,Leaf_Blight,Correct,0.515206
datasets/test/Fungal_Leaf_Spot/Fungal_Leaf_Spot00316.jpg,Fungal_Leaf_Spot,Fungal_Leaf_Spot,Correct,0.536596
datasets/test/Curl_Leaf/Curl_Leaf00036.jpg,Curl_Leaf,Curl_Leaf,Correct,0.739143
datasets/test/Felt_Leaf/Felt_Leaf00257.jpg,Felt_Leaf,Felt_Leaf,Correct,0.564167
datasets/test/Leaf_Blight/Leaf_Blight00424.jpg,Leaf_Blight,Leaf_Blight,Correct,0.949452
datasets/test/Fungal_Leaf_Spot/Fungal_Leaf_Spot00103.jpg,Fungal_Leaf_Spot,Leaf_Blight,Incorrect,0.398462
datasets/test/Felt_Leaf/Felt_Leaf00268.jpg,Felt_Leaf,Felt_Leaf,Correct,0.892228
datasets/test/Felt_Leaf/Felt_Leaf00209.jpg,Felt_Leaf,Felt_Leaf,Correct,0.420539
datasets/train/Dry_Leaf/Dry_Leaf00073.jpg,Dry_Leaf,Dry_Leaf,Correct,0.592298
datasets/test/Leaf_Blight/Leaf_Blight00212.jpg,Leaf_Blight,Leaf_Gall,Incorrect,0.318814
datasets/test/Bituminous_Leaf/Bituminous_Leaf00126.jpg,Bituminous_Leaf,Bituminous_Leaf,Correct,0.654327
datasets/test/Curl_Leaf/Curl_Leaf00156.jpg,Curl_Leaf,Curl_Leaf,Correct,0.866611
datasets/test/Dry_Leaf/Dry_Leaf00067.jpg,Dry_Leaf,Healthy_Leaf,Incorrect,0.854938
datasets/train/Healthy_Leaf/Healthy_Leaf00256.jpg,Healthy_Leaf,Healthy_Leaf,Correct,0.627595
datasets/train/Leaf_Blight/Leaf_Blight00197.jpg,Leaf_Blight,Leaf_Blight,Correct,0.645424
datasets/test/Curl_Leaf/Curl_Leaf00005.jpg,Curl_Leaf,Curl_Leaf,Correct,0.693795
datasets/test/Leaf_Gall/Leaf_Gall00613.jpg,Leaf_Gall,Leaf_Blight,Incorrect,0.685533
datasets/test/Leaf_Gall/Leaf_Gall00055.jpg,Leaf_Gall,Leaf_Gall,Correct,0.409254
datasets/test/Fungal_Leaf_Spot/Fungal_Leaf_Spot00232.jpg,Fungal_Leaf_Spot,Fungal_Leaf_Spot,Correct,0.828386
datasets/test/Fungal_Leaf_Spot/Fungal_Leaf_Spot00054.jpg,Fungal_Leaf_Spot,Fungal_Leaf_Spot,Correct,0.912225
datasets/train/Leaf_Blight/Leaf_Blight00580.jpg,Leaf_Blight,Fungal_Leaf_Spot,Incorrect,0.389813
datasets/test/Healthy_Leaf/Healthy_Leaf00360.jpg,Healthy_Leaf,Healthy_Leaf,Correct,0.986436
datasets/train/Felt_Leaf/Felt_Leaf00069.jpg,Felt_Leaf,Felt_Leaf,Correct,0.816032
datasets/test/Dry_Leaf/Dry_Leaf00053.jpg,Dry_Leaf,Dry_Leaf,Correct,0.821619
datasets/test/Leaf_Blight/Leaf_Blight00209.jpg,Leaf_Blight,Leaf_Blight,Correct,0.354225
datasets/train/Leaf_Blight/Leaf_Blight00333.jpg,Leaf_Blight,Leaf_Blight,Correct,0.663560
datasets/test/Leaf_Blight/Leaf_Blight00080.jpg,Leaf_Blight,Leaf_Blight,Correct,0.423698
datasets/train/Leaf_Blight/Leaf_Blight00559.jpg,Leaf_Blight,Leaf_Blight,Correct,0.984266
datasets/train/Fungal_Leaf_Spot/Fungal_Leaf_Spot00225.jpg,Fungal_Leaf_Spot,Healthy_Leaf,Incorrect,0.466571
datasets/train/Leaf_Blight/Leaf_Blight00034.jpg,Leaf_Blight,Leaf_Blight,Correct,0.847492
datasets/test/Bituminous_Leaf/Bituminous_Leaf00109.jpg,Bituminous_Leaf,Leaf_Gall,Incorrect,0.256195
datasets/train/Healthy_Leaf/Healthy_Leaf00186.jpg,Healthy_Leaf,Healthy_Leaf,Correct,0.814887
datasets/test/Leaf_Gall/Leaf_Gall00472.jpg,Leaf_Gall,Leaf_Gall,Correct,0.754629
datasets/test/Felt_Leaf/Felt_Leaf00226.jpg,Felt_Leaf,Felt_Leaf,Correct,0.717062
datasets/train/Leaf_Blight/Leaf_Blight00523.jpg,Leaf_Blight,Leaf_Blight,Correct,0.762807
datasets/train/Healthy_Leaf/Healthy_Leaf00618.jpg,Healthy_Leaf,Healthy_Leaf,Correct,0.592604
datasets/train/Leaf_Blight/Leaf_Blight00448.jpg,Leaf_Blight,Leaf_Blight,Correct,0.964868
datasets/test/Leaf_Gall/Leaf_Gall00323.jpg,Leaf_Gall,Leaf_Gall,Correct,0.349017
datasets/train/Anthrax_Leaf/Anthrax_Leaf00080.jpg,Anthrax_Leaf,Anthrax_Leaf,Correct,0.326950
datasets/train/Healthy_Leaf/Healthy_Leaf00528.jpg,Healthy_Leaf,Dry_Leaf,Incorrect,0.229875
datasets/test/Healthy_Leaf/Healthy_Leaf00315.jpg,Healthy_Leaf,Healthy_Leaf,Correct,0.661441
datasets/train/Leaf_Blight/Leaf_Blight00412.jpg,Leaf_Blight,Fungal_Leaf_Spot,Incorrect,0.308994
datasets/test/Leaf_Blight/Leaf_Blight00554.jpg,Leaf_Blight,Leaf_Blight,Correct,0.449166
datasets/train/Fungal_Leaf_Spot/Fungal_Leaf_Spot00483.jpg,Fungal_Leaf_Spot,Fungal_Leaf_Spot,Correct,0.331509
datasets/train/Curl_Leaf/Curl_Leaf00102.jpg,Curl_Leaf,Anthrax_Leaf,Incorrect,0.443028
datasets/train/Fungal_Leaf_Spot/Fungal_Leaf_Spot00026.jpg,Fungal_Leaf_Spot,Leaf_Blight,Incorrect,0.265314
datasets/test/Felt_Leaf/Felt_Leaf00338.jpg,Felt_Leaf,Leaf_Blight,Incorrect,0.374969
datasets/train/Dry_Leaf/Dry_Leaf00223.jpg,Dry_Leaf,Dry_Leaf,Correct,0.664899
datasets/test/Healthy_Leaf/Healthy_Leaf00288.jpg,Healthy_Leaf,Fungal_Leaf_Spot,Incorrect,0.508048
datasets/train/Healthy_Leaf/Healthy_Leaf00100.jpg,Healthy_Leaf,Healthy_Leaf,Correct,0.995725
datasets/test/Curl_Leaf/Curl_Leaf00157.jpg,Curl_Leaf,Curl_Leaf,Correct,0.276695
datasets/test/Healthy_Leaf/Healthy_Leaf00518.jpg,Healthy_Leaf,Healthy_Leaf,Correct,0.824779
datasets/train/Fungal_Leaf_Spot/Fungal_Leaf_Spot00350.jpg,Fungal_Leaf_Spot,Felt_Leaf,Incorrect,0.491235
datasets/train/Fungal_Leaf_Spot/Fungal_Leaf_Spot00405.jpg,Fungal_Leaf_Spot,Fungal_Leaf_Spot,Correct,0.538396
datasets/test/Dry_Leaf/Dry_Leaf00364.jpg,Dry_Leaf,Felt_Leaf,Incorrect,0.280927
datasets/test/Anthrax_Leaf/Anthrax_Leaf00062.jpg,Anthrax_Leaf,Anthrax_Leaf,Correct,0.362336
datasets/train/Healthy_Leaf/Healthy_Leaf00459.jpg,Healthy_Leaf,Healthy_Leaf,Correct,0.912849
datasets/train/Curl_Leaf/Curl_Leaf00087.jpg,Curl_Leaf,Fungal_Leaf_Spot,Incorrect,0.581564
datasets/test/Fungal_Leaf_Spot/Fungal_Leaf_Spot00521.jpg,Fungal_Leaf_Spot,Fungal_Leaf_Spot,Correct,0.902377
datasets/train/Dry_Leaf/Dry_Leaf00178.jpg,Dry_Leaf,Dry_Leaf,Correct,0.910645
datasets/test/Leaf_Gall/Leaf_Gall00590.jpg,Leaf_Gall,Felt_Leaf,Incorrect,0.550706
datasets/test/Healthy_Leaf/Healthy_Leaf00567.jpg,Healthy_Leaf,Leaf_Gall,Incorrect,0.453306
datasets/test/Healthy_Leaf/Healthy_Leaf00113.jpg,Healthy_Leaf,Healthy_Leaf,Correct,0.646120
datasets/test/Felt_Leaf/Felt_Leaf00299.jpg,Felt_Leaf,Felt_Leaf,Correct,0.439762
datasets/test/Felt_Leaf/Felt_Leaf00107.jpg,Felt_Leaf,Leaf_Blight,Incorrect,0.487278
datasets/train/Leaf_Gall/Leaf_Gall00453.jpg,Leaf_Gall,Leaf_Gall,Correct,0.671552
datasets/test/Felt_Leaf/Felt_Leaf00026.jpg,Felt_Leaf,Fungal_Leaf_Spot,Incorrect,0.187008
datasets/train/Anthrax_Leaf/Anthrax_Leaf00113.jpg,Anthrax_Leaf,Healthy_Leaf,Incorrect,0.512413
datasets/test/Leaf_Gall/Leaf_Gall00182.jpg,Leaf_Gall,Leaf_Gall,Correct,0.502615
datasets/test/Leaf_Blight/Leaf_Blight00520.jpg,Leaf_Blight,Leaf_Blight,Correct,0.500237
datasets/test/Felt_Leaf/Felt_Leaf00327.jpg,Felt_Leaf,Felt_Leaf,Correct,0.559854
datasets/train/Fungal_Leaf_Spot/Fungal_Leaf_Spot00035.jpg,Fungal_Leaf_Spot,Fungal_Leaf_Spot,Correct,0.255755
datasets/test/Fungal_Leaf_Spot/Fungal_Leaf_Spot00083.jpg,Fungal_Leaf_Spot,Fungal_Leaf_Spot,Correct,0.714875
datasets/train/Healthy_Leaf/Healthy_Leaf00032.jpg,Healthy_Leaf,Healthy_Leaf,Correct,0.972362
datasets/test/Deficiency_Leaf/Deficiency_Leaf00067.jpg,Deficiency_Leaf,Healthy_Leaf,Incorrect,0.390633
datasets/train/Healthy_Leaf/Healthy_Leaf00457.jpg,Healthy_Leaf,Dry_Leaf,Incorrect,0.381167
datasets/test/Felt_Leaf/Felt_Leaf00344.jpg,Felt_Leaf,Fungal_Leaf_Spot,Incorrect,0.444423
datasets/test/Curl_Leaf/Curl_Leaf00042.jpg,Curl_Leaf,Curl_Leaf,Correct,0.252808
datasets/train/Curl_Leaf/Curl_Leaf00052.jpg,Curl_Leaf,Healthy_Leaf,Incorrect,0.360216
datasets/test/Leaf_Blight/Leaf_Blight00122.jpg,Leaf_Blight,Leaf_Blight,Correct,0.624080
datasets/test/Healthy_Leaf/Healthy_Leaf00053.jpg,Healthy_Leaf,Healthy_Leaf,Correct,0.948107
datasets/train/Fungal_Leaf_Spot/Fungal_Leaf_Spot00488.jpg,Fungal_Leaf_Spot,Fungal_Leaf_Spot,Correct,0.347556
datasets/test/Leaf_Blight/Leaf_Blight00073.jpg,Leaf_Blight,Leaf_Gall,Incorrect,0.227627
datasets/test/Dry_Leaf/Dry_Leaf00040.jpg,Dry_Leaf,Dry_Leaf,Correct,0.424188
datasets/train/Felt_Leaf/Felt_Leaf00085.jpg,Felt_Leaf,Fungal_Leaf_Spot,Incorrect,0.195889
datasets/train/Dry_Leaf/Dry_Leaf00279.jpg,Dry_Leaf,Dry_Leaf,Correct,0.981040
datasets/train/Healthy_Leaf/Healthy_Leaf00212.jpg,Healthy_Leaf,Healthy_Leaf,Correct,0.872044
datasets/test/Healthy_Leaf/Healthy_Leaf00620.jpg,Healthy_Leaf,Healthy_Leaf,Correct,0.491480
datasets/train/Felt_Leaf/Felt_Leaf00234.jpg,Felt_Leaf,Healthy_Leaf,Incorrect,0.207022
datasets/test/Healthy_Leaf/Healthy_Leaf00024.jpg,Healthy_Leaf,Healthy_Leaf,Correct,0.978007
datasets/test/Leaf_Blight/Leaf_Blight00217.jpg,Leaf_Blight,Leaf_Blight,Correct,0.985607
datasets/train/Felt_Leaf/Felt_Leaf00127.jpg,Felt_Leaf,Felt_Leaf,Correct,0.622587
datasets/train/Fungal_Leaf_Spot/Fungal_Leaf_Spot00365.jpg,Fungal_Leaf_Spot,Leaf_Gall,Incorrect,0.189799
datasets/train/Felt_Leaf/Felt_Leaf00112.jpg,Felt_Leaf,Felt_Leaf,Correct,0.699642
datasets/train/Healthy_Leaf/Healthy_Leaf00013.jpg,Healthy_Leaf,Healthy_Leaf,Correct,0.440630
datasets/test/Leaf_Gall/Leaf_Gall00517.jpg,Leaf_Gall,Leaf_Gall,Correct,0.477387
datasets/train/Felt_Leaf/Felt_Leaf00263.jpg,Felt_Leaf,Leaf_Blight,Incorrect,0.308928
datasets/test/Dry_Leaf/Dry_Leaf00156.jpg,Dry_Leaf,Dry_Leaf,Correct,0.920514
datasets/train/Fungal_Leaf_Spot/Fungal_Leaf_Spot00338.jpg,Fungal_Leaf_Spot,Fungal_Leaf_Spot,Correct,0.416752
datasets/test/Fungal_Leaf_Spot/Fungal_Leaf_Spot00037.jpg,Fungal_Leaf_Spot,Fungal_Leaf_Spot,Correct,0.928794
datasets/test/Leaf_Blight/Leaf_Blight00131.jpg,Leaf_Blight,Leaf_Blight,Correct,0.432059
datasets/test/Fungal_Leaf_Spot/Fungal_Leaf_Spot00197.jpg,Fungal_Leaf_Spot,Fungal_Leaf_Spot,Correct,0.800294
datasets/test/Fungal_Leaf_Spot/Fungal_Leaf_Spot00516.jpg,Fungal_Leaf_Spot,Felt_Leaf,Incorrect,0.602519
datasets/test/Leaf_Blight/Leaf_Blight00567.jpg,Leaf_Blight,Leaf_Blight,Correct,0.726847
datasets/test/Leaf_Gall/Leaf_Gall00346.jpg,Leaf_Gall,Fungal_Leaf_Spot,Incorrect,0.292075
datasets/train/Curl_Leaf/Curl_Leaf00130.jpg,Curl_Leaf,Curl_Leaf,Correct,0.784197
datasets/train/Fungal_Leaf_Spot/Fungal_Leaf_Spot00061.jpg,Fungal_Leaf_Spot,Fungal_Leaf_Spot,Correct,0.888347
datasets/train/Leaf_Gall/Leaf_Gall00312.jpg,Leaf_Gall,Leaf_Gall,Correct,0.991714
datasets/train/Healthy_Leaf/Healthy_Leaf00295.jpg,Healthy_Leaf,Healthy_Leaf,Correct,0.867096
datasets/train/Dry_Leaf/Dry_Leaf00020.jpg,Dry_Leaf,Leaf_Gall,Incorrect,0.175083
datasets/test/Leaf_Gall/Leaf_Gall00132.jpg,Leaf_Gall,Leaf_Gall,Correct,0.902518
datasets/test/Anthrax_Leaf/Anthrax_Leaf00073.jpg,Anthrax_Leaf,Anthrax_Leaf,Correct,0.368673
datasets/train/Anthrax_Leaf/Anthrax_Leaf00029.jpg,Anthrax_Leaf,Fungal_Leaf_Spot,Incorrect,0.385600
datasets/test/Fungal_Leaf_Spot/Fungal_Leaf_Spot00324.jpg,Fungal_Leaf_Spot,Fungal_Leaf_Spot,Correct,0.238854
datasets/train/Healthy_Leaf/Healthy_Leaf00574.jpg,Healthy_Leaf,Healthy_Leaf,Correct,0.929602
datasets/test/Healthy_Leaf/Healthy_Leaf00435.jpg,Healthy_Leaf,Healthy_Leaf,Correct,0.768148
datasets/test/Fungal_Leaf_Spot/Fungal_Leaf_Spot00506.jpg,Fungal_Leaf_Spot,Felt_Leaf,Incorrect,0.847960
datasets/test/Felt_Leaf/Felt_Leaf00166.jpg,Felt_Leaf,Leaf_Gall,Incorrect,0.565747
datasets/train/Leaf_Gall/Leaf_Gall00512.jpg,Leaf_Gall,Fungal_Leaf_Spot,Incorrect,0.330806
datasets/test/Healthy_Leaf/Healthy_Leaf00509.jpg,Healthy_Leaf,Healthy_Leaf,Correct,0.434129
datasets/train/Bituminous_Leaf/Bituminous_Leaf00002.jpg,Bituminous_Leaf,Leaf_Gall,Incorrect,0.312016
datasets/train/Healthy_Leaf/Healthy_Leaf00543.jpg,Healthy_Leaf,Healthy_Leaf,Correct,0.418485
datasets/test/Healthy_Leaf/Healthy_Leaf00517.jpg,Healthy_Leaf,Leaf_Blight,Incorrect,0.344760
datasets/train/Leaf_Gall/Leaf_Gall00370.jpg,Leaf_Gall,Anthrax_Leaf,Incorrect,0.246398
datasets/test/Curl_Leaf/Curl_Leaf00084.jpg,Curl_Leaf,Curl_Leaf,Correct,0.688461
datasets/test/Healthy_Leaf/Healthy_Leaf00474.jpg,Healthy_Leaf,Healthy_Leaf,Correct,0.981043
datasets/train/Felt_Leaf/Felt_Leaf00220.jpg,Felt_Leaf,Felt_Leaf,Correct,0.905233
datasets/test/Bituminous_Leaf/Bituminous_Leaf00087.jpg,Bituminous_Leaf,Healthy_Leaf,Incorrect,0.443381
datasets/train/Felt_Leaf/Felt_Leaf00283.jpg,Felt_Leaf,Fungal_Leaf_Spot,Incorrect,0.366217
datasets/test/Healthy_Leaf/Healthy_Leaf00341.jpg,Healthy_Leaf,Healthy_Leaf,Correct,0.868094
datasets/train/Dry_Leaf/Dry_Leaf00011.jpg,Dry_Leaf,Dry_Leaf,Correct,0.809335
datasets/test/Bituminous_Leaf/Bituminous_Leaf00020.jpg,Bituminous_Leaf,Bituminous_Leaf,Correct,0.726812
datasets/test/Leaf_Gall/Leaf_Gall00291.jpg,Leaf_Gall,Leaf_Gall,Correct,0.613067
datasets/test/Fungal_Leaf_Spot/Fungal_Leaf_Spot00421.jpg,Fungal_Leaf_Spot,Healthy_Leaf,Incorrect,0.437098
datasets/test/Leaf_Gall/Leaf_Gall00465.jpg,Leaf_Gall,Leaf_Gall,Correct,0.245243
datasets/test/Bituminous_Leaf/Bituminous_Leaf00047.jpg,Bituminous_Leaf,Bituminous_Leaf,Correct,0.400557
datasets/test/Healthy_Leaf/Healthy_Leaf00171.jpg,Healthy_Leaf,Healthy_Leaf,Correct,0.393737
datasets/test/Dry_Leaf/Dry_Leaf00218.jpg,Dry_Leaf,Dry_Leaf,Correct,0.847962
datasets/test/Dry_Leaf/Dry_Leaf00084.jpg,Dry_Leaf,Dry_Leaf,Correct,0.944067
datasets/train/Anthrax_Leaf/Anthrax_Leaf00096.jpg,Anthrax_Leaf,Healthy_Leaf,Incorrect,0.312857
datasets/test/Bituminous_Leaf/Bituminous_Leaf00074.jpg,Bituminous_Leaf,Bituminous_Leaf,Correct,0.843858
datasets/test/Curl_Leaf/Curl_Leaf00167.jpg,Curl_Leaf,Curl_Leaf,Correct,0.612193
datasets/train/Healthy_Leaf/Healthy_Leaf00489.jpg,Healthy_Leaf,Healthy_Leaf,Correct,0.855367
datasets/train/Leaf_Gall/Leaf_Gall00145.jpg,Leaf_Gall,Felt_Leaf,Incorrect,0.834574
datasets/train/Leaf_Gall/Leaf_Gall00460.jpg,Leaf_Gall,Leaf_Gall,Correct,0.324038
datasets/train/Fungal_Leaf_Spot/Fungal_Leaf_Spot00189.jpg,Fungal_Leaf_Spot,Deficiency_Leaf,Incorrect,0.245430
datasets/test/Healthy_Leaf/Healthy_Leaf00204.jpg,Healthy_Leaf,Leaf_Blight,Incorrect,0.216390
datasets/train/Leaf_Gall/Leaf_Gall00319.jpg,Leaf_Gall,Leaf_Gall,Correct,0.805235
datasets/train/Bituminous_Leaf/Bituminous_Leaf00062.jpg,Bituminous_Leaf,Leaf_Gall,Incorrect,0.230188
datasets/test/Bituminous_Leaf/Bituminous_Leaf00032.jpg,Bituminous_Leaf,Bituminous_Leaf,Correct,0.606205
datasets/test/Felt_Leaf/Felt_Leaf00354.jpg,Felt_Leaf,Fungal_Leaf_Spot,Incorrect,0.283072
datasets/test/Leaf_Blight/Leaf_Blight00508.jpg,Leaf_Blight,Leaf_Blight,Correct,0.961845
datasets/train/Leaf_Blight/Leaf_Blight00168.jpg,Leaf_Blight,Leaf_Blight,Correct,0.507536
datasets/test/Bituminous_Leaf/Bituminous_Leaf00001.jpg,Bituminous_Leaf,Leaf_Blight,Incorrect,0.558962
datasets/train/Fungal_Leaf_Spot/Fungal_Leaf_Spot00248.jpg,Fungal_Leaf_Spot,Healthy_Leaf,Incorrect,0.556073
datasets/test/Leaf_Gall/Leaf_Gall00246.jpg,Leaf_Gall,Leaf_Blight,Incorrect,0.531351
datasets/test/Leaf_Blight/Leaf_Blight00094.jpg,Leaf_Blight,Leaf_Blight,Correct,0.279827
datasets/test/Healthy_Leaf/Healthy_Leaf00540.jpg,Healthy_Leaf,Healthy_Leaf,Correct,0.820121
datasets/train/Leaf_Gall/Leaf_Gall00585.jpg,Leaf_Gall,Leaf_Blight,Incorrect,0.443353
datasets/train/Fungal_Leaf_Spot/Fungal_Leaf_Spot00018.jpg,Fungal_Leaf_Spot,Fungal_Leaf_Spot,Correct,0.560887
datasets/train/Fungal_Leaf_Spot/Fungal_Leaf_Spot00543.jpg,Fungal_Leaf_Spot,Fungal_Leaf_Spot,Correct,0.736361
datasets/train/Healthy_Leaf/Healthy_Leaf00074.jpg,Healthy_Leaf,Healthy_Leaf,Correct,0.942183
datasets/test/Dry_Leaf/Dry_Leaf00245.jpg,Dry_Leaf,Dry_Leaf,Correct,0.657946
datasets/test/Dry_Leaf/Dry_Leaf00239.jpg,Dry_Leaf,Dry_Leaf,Correct,0.502531
datasets/test/Healthy_Leaf/Healthy_Leaf00093.jpg,Healthy_Leaf,Healthy_Leaf,Correct,0.966794
datasets/train/Leaf_Gall/Leaf_Gall00093.jpg,Leaf_Gall,Leaf_Gall,Correct,0.922676
datasets/test/Healthy_Leaf/Healthy_Leaf00569.jpg,Healthy_Leaf,Leaf_Gall,Incorrect,0.248497
datasets/test/Felt_Leaf/Felt_Leaf00022.jpg,Felt_Leaf,Felt_Leaf,Correct,0.360585
datasets/test/Fungal_Leaf_Spot/Fungal_Leaf_Spot00020.jpg,Fungal_Leaf_Spot,Leaf_Gall,Incorrect,0.532697
datasets/test/Anthrax_Leaf/Anthrax_Leaf00048.jpg,Anthrax_Leaf,Healthy_Leaf,Incorrect,0.251927
datasets/train/Felt_Leaf/Felt_Leaf00177.jpg,Felt_Leaf,Curl_Leaf,Incorrect,0.342742
datasets/train/Leaf_Blight/Leaf_Blight00185.jpg,Leaf_Blight,Fungal_Leaf_Spot,Incorrect,0.458752
datasets/train/Felt_Leaf/Felt_Leaf00035.jpg,Felt_Leaf,Leaf_Blight,Incorrect,0.351670
datasets/train/Leaf_Blight/Leaf_Blight00504.jpg,Leaf_Blight,Felt_Leaf,Incorrect,0.636605
datasets/test/Curl_Leaf/Curl_Leaf00148.jpg,Curl_Leaf,Curl_Leaf,Correct,0.797103
datasets/test/Healthy_Leaf/Healthy_Leaf00001.jpg,Healthy_Leaf,Healthy_Leaf,Correct,0.626797
datasets/train/Dry_Leaf/Dry_Leaf00115.jpg,Dry_Leaf,Bituminous_Leaf,Incorrect,0.249807
datasets/test/Leaf_Gall/Leaf_Gall00059.jpg,Leaf_Gall,Leaf_Blight,Incorrect,0.799494
datasets/test/Fungal_Leaf_Spot/Fungal_Leaf_Spot00183.jpg,Fungal_Leaf_Spot,Fungal_Leaf_Spot,Correct,0.364683
datasets/test/Anthrax_Leaf/Anthrax_Leaf00045.jpg,Anthrax_Leaf,Leaf_Gall,Incorrect,0.252424
datasets/test/Deficiency_Leaf/Deficiency_Leaf00088.jpg,Deficiency_Leaf,Healthy_Leaf,Incorrect,0.458923
datasets/test/Dry_Leaf/Dry_Leaf00341.jpg,Dry_Leaf,Healthy_Leaf,Incorrect,0.456768
datasets/test/Fungal_Leaf_Spot/Fungal_Leaf_Spot00159.jpg,Fungal_Leaf_Spot,Fungal_Leaf_Spot,Correct,0.334540
datasets/test/Felt_Leaf/Felt_Leaf00379.jpg,Felt_Leaf,Felt_Leaf,Correct,0.907889
datasets/train/Deficiency_Leaf/Deficiency_Leaf00035.jpg,Deficiency_Leaf,Leaf_Gall,Incorrect,0.418990
datasets/train/Felt_Leaf/Felt_Leaf00285.jpg,Felt_Leaf,Felt_Leaf,Correct,0.377650
datasets/train/Leaf_Blight/Leaf_Blight00243.jpg,Leaf_Blight,Leaf_Blight,Correct,0.863593
datasets/train/Fungal_Leaf_Spot/Fungal_Leaf_Spot00434.jpg,Fungal_Leaf_Spot,Fungal_Leaf_Spot,Correct,0.673828
datasets/test/Fungal_Leaf_Spot/Fungal_Leaf_Spot00123.jpg,Fungal_Leaf_Spot,Fungal_Leaf_Spot,Correct,0.599414
datasets/test/Leaf_Gall/Leaf_Gall00521.jpg,Leaf_Gall,Fungal_Leaf_Spot,Incorrect,0.372910
datasets/test/Fungal_Leaf_Spot/Fungal_Leaf_Spot00244.jpg,Fungal_Leaf_Spot,Healthy_Leaf,Incorrect,0.624376
datasets/train/Healthy_Leaf/Healthy_Leaf00462.jpg,Healthy_Leaf,Fungal_Leaf_Spot,Incorrect,0.399974
datasets/train/Healthy_Leaf/Healthy_Leaf00099.jpg,Healthy_Leaf,Healthy_Leaf,Correct,0.904439
datasets/test/Leaf_Blight/Leaf_Blight00555.jpg,Leaf_Blight,Leaf_Blight,Correct,0.302355
datasets/test/Felt_Leaf/Felt_Leaf00290.jpg,Felt_Leaf,Fungal_Leaf_Spot,Incorrect,0.246375
datasets/test/Healthy_Leaf/Healthy_Leaf00400.jpg,Healthy_Leaf,Healthy_Leaf,Correct,0.590614
datasets/test/Fungal_Leaf_Spot/Fungal_Leaf_Spot00479.jpg,Fungal_Leaf_Spot,Fungal_Leaf_Spot,Correct,0.591345
datasets/test/Dry_Leaf/Dry_Leaf00288.jpg,Dry_Leaf,Dry_Leaf,Correct,0.981505
datasets/test/Healthy_Leaf/Healthy_Leaf00535.jpg,Healthy_Leaf,Healthy_Leaf,Correct,0.592759
datasets/train/Fungal_Leaf_Spot/Fungal_Leaf_Spot00147.jpg,Fungal_Leaf_Spot,Fungal_Leaf_Spot,Correct,0.321794
datasets/test/Leaf_Blight/Leaf_Blight00462.jpg,Leaf_Blight,Leaf_Blight,Correct,0.612790
datasets/test/Leaf_Gall/Leaf_Gall00365.jpg,Leaf_Gall,Leaf_Gall,Correct,0.344245
datasets/test/Healthy_Leaf/Healthy_Leaf00320.jpg,Healthy_Leaf,Healthy_Leaf,Correct,0.871958
datasets/test/Anthrax_Leaf/Anthrax_Leaf00007.jpg,Anthrax_Leaf,Healthy_Leaf,Incorrect,0.522941
datasets/test/Healthy_Leaf/Healthy_Leaf00057.jpg,Healthy_Leaf,Healthy_Leaf,Correct,0.967222
datasets/train/Dry_Leaf/Dry_Leaf00365.jpg,Dry_Leaf,Leaf_Blight,Incorrect,0.703615
datasets/test/Dry_Leaf/Dry_Leaf00306.jpg,Dry_Leaf,Leaf_Gall,Incorrect,0.461494
datasets/test/Anthrax_Leaf/Anthrax_Leaf00027.jpg,Anthrax_Leaf,Healthy_Leaf,Incorrect,0.256567
datasets/test/Healthy_Leaf/Healthy_Leaf00364.jpg,Healthy_Leaf,Leaf_Gall,Incorrect,0.710949
datasets/test/Fungal_Leaf_Spot/Fungal_Leaf_Spot00241.jpg,Fungal_Leaf_Spot,Fungal_Leaf_Spot,Correct,0.384687
datasets/test/Fungal_Leaf_Spot/Fungal_Leaf_Spot00427.jpg,Fungal_Leaf_Spot,Fungal_Leaf_Spot,Correct,0.644839
datasets/train/Leaf_Blight/Leaf_Blight00252.jpg,Leaf_Blight,Leaf_Blight,Correct,0.510040
datasets/train/Leaf_Blight/Leaf_Blight00072.jpg,Leaf_Blight,Fungal_Leaf_Spot,Incorrect,0.246749
datasets/train/Dry_Leaf/Dry_Leaf00313.jpg,Dry_Leaf,Anthrax_Leaf,Incorrect,0.363459
datasets/train/Healthy_Leaf/Healthy_Leaf00139.jpg,Healthy_Leaf,Dry_Leaf,Incorrect,0.343656
datasets/train/Fungal_Leaf_Spot/Fungal_Leaf_Spot00514.jpg,Fungal_Leaf_Spot,Felt_Leaf,Incorrect,0.262147
datasets/test/Curl_Leaf/Curl_Leaf00113.jpg,Curl_Leaf,Fungal_Leaf_Spot,Incorrect,0.369372
datasets/test/Leaf_Gall/Leaf_Gall00041.jpg,Leaf_Gall,Leaf_Gall,Correct,0.323172
datasets/train/Fungal_Leaf_Spot/Fungal_Leaf_Spot00257.jpg,Fungal_Leaf_Spot,Fungal_Leaf_Spot,Correct,0.502287
datasets/test/Fungal_Leaf_Spot/Fungal_Leaf_Spot00523.jpg,Fungal_Leaf_Spot,Felt_Leaf,Incorrect,0.556137
datasets/test/Fungal_Leaf_Spot/Fungal_Leaf_Spot00223.jpg,Fungal_Leaf_Spot,Fungal_Leaf_Spot,Correct,0.500908
datasets/test/Curl_Leaf/Curl_Leaf00139.jpg,Curl_Leaf,Curl_Leaf,Correct,0.453868
datasets/train/Dry_Leaf/Dry_Leaf00137.jpg,Dry_Leaf,Dry_Leaf,Correct,0.971825
datasets/test/Healthy_Leaf/Healthy_Leaf00393.jpg,Healthy_Leaf,Leaf_Gall,Incorrect,0.403107
datasets/test/Bituminous_Leaf/Bituminous_Leaf00088.jpg,Bituminous_Leaf,Healthy_Leaf,Incorrect,0.449711
datasets/test/Dry_Leaf/Dry_Leaf00361.jpg,Dry_Leaf,Dry_Leaf,Correct,0.330798
datasets/train/Fungal_Leaf_Spot/Fungal_Leaf_Spot00414.jpg,Fungal_Leaf_Spot,Fungal_Leaf_Spot,Correct,0.916905
datasets/test/Healthy_Leaf/Healthy_Leaf00177.jpg,Healthy_Leaf,Healthy_Leaf,Correct,0.629411
datasets/test/Leaf_Blight/Leaf_Blight00151.jpg,Leaf_Blight,Leaf_Blight,Correct,0.765088
datasets/test/Healthy_Leaf/Healthy_Leaf00485.jpg,Healthy_Leaf,Healthy_Leaf,Correct,0.594206
datasets/test/Leaf_Gall/Leaf_Gall00293.jpg,Leaf_Gall,Leaf_Blight,Incorrect,0.563518
datasets/test/Healthy_Leaf/Healthy_Leaf00440.jpg,Healthy_Leaf,Healthy_Leaf,Correct,0.653420
datasets/train/Dry_Leaf/Dry_Leaf00017.jpg,Dry_Leaf,Dry_Leaf,Correct,0.735565
datasets/test/Fungal_Leaf_Spot/Fungal_Leaf_Spot00045.jpg,Fungal_Leaf_Spot,Fungal_Leaf_Spot,Correct,0.354141
datasets/train/Anthrax_Leaf/Anthrax_Leaf00116.jpg,Anthrax_Leaf,Anthrax_Leaf,Correct,0.374864
datasets/test/Leaf_Gall/Leaf_Gall00609.jpg,Leaf_Gall,Leaf_Gall,Correct,0.853145
datasets/test/Dry_Leaf/Dry_Leaf00332.jpg,Dry_Leaf,Dry_Leaf,Correct,0.936168
datasets/train/Leaf_Blight/Leaf_Blight00492.jpg,Leaf_Blight,Leaf_Blight,Correct,0.529786
datasets/test/Leaf_Blight/Leaf_Blight00082.jpg,Leaf_Blight,Leaf_Blight,Correct,0.684876
datasets/test/Anthrax_Leaf/Anthrax_Leaf00011.jpg,Anthrax_Leaf,Fungal_Leaf_Spot,Incorrect,0.574596
datasets/test/Curl_Leaf/Curl_Leaf00142.jpg,Curl_Leaf,Dry_Leaf,Incorrect,0.595480
datasets/test/Fungal_Leaf_Spot/Fungal_Leaf_Spot00268.jpg,Fungal_Leaf_Spot,Fungal_Leaf_Spot,Correct,0.956663
datasets/test/Leaf_Blight/Leaf_Blight00495.jpg,Leaf_Blight,Leaf_Blight,Correct,0.995860
datasets/test/Healthy_Leaf/Healthy_Leaf00188.jpg,Healthy_Leaf,Healthy_Leaf,Correct,0.787336
datasets/test/Leaf_Gall/Leaf_Gall00562.jpg,Leaf_Gall,Leaf_Gall,Correct,0.737169
datasets/test/Healthy_Leaf/Healthy_Leaf00622.jpg,Healthy_Leaf,Healthy_Leaf,Correct,0.689569
datasets/test/Curl_Leaf/Curl_Leaf00136.jpg,Curl_Leaf,Curl_Leaf,Correct,0.647052
datasets/test/Healthy_Leaf/Healthy_Leaf00021.jpg,Healthy_Leaf,Healthy_Leaf,Correct,0.988030
datasets/train/Leaf_Blight/Leaf_Blight00219.jpg,Leaf_Blight,Leaf_Blight,Correct,0.904927
datasets/test/Dry_Leaf/Dry_Leaf00167.jpg,Dry_Leaf,Dry_Leaf,Correct,0.984005
datasets/train/Healthy_Leaf/Healthy_Leaf00494.jpg,Healthy_Leaf,Healthy_Leaf,Correct,0.265780
datasets/test/Leaf_Gall/Leaf_Gall00123.jpg,Leaf_Gall,Felt_Leaf,Incorrect,0.601928
datasets/train/Leaf_Gall/Leaf_Gall00262.jpg,Leaf_Gall,Felt_Leaf,Incorrect,0.256092
datasets/train/Felt_Leaf/Felt_Leaf00254.jpg,Felt_Leaf,Leaf_Gall,Incorrect,0.763996
datasets/train/Fungal_Leaf_Spot/Fungal_Leaf_Spot00057.jpg,Fungal_Leaf_Spot,Fungal_Leaf_Spot,Correct,0.861887
datasets/test/Fungal_Leaf_Spot/Fungal_Leaf_Spot00051.jpg,Fungal_Leaf_Spot,Fungal_Leaf_Spot,Correct,0.503467
datasets/test/Bituminous_Leaf/Bituminous_Leaf00128.jpg,Bituminous_Leaf,Dry_Leaf,Incorrect,0.329444
datasets/test/Leaf_Gall/Leaf_Gall00267.jpg,Leaf_Gall,Leaf_Blight,Incorrect,0.624197
datasets/test/Leaf_Blight/Leaf_Blight00269.jpg,Leaf_Blight,Leaf_Blight,Correct,0.640720
datasets/train/Leaf_Gall/Leaf_Gall00066.jpg,Leaf_Gall,Leaf_Gall,Correct,0.336293
datasets/test/Curl_Leaf/Curl_Leaf00168.jpg,Curl_Leaf,Curl_Leaf,Correct,0.250471
datasets/test/Bituminous_Leaf/Bituminous_Leaf00063.jpg,Bituminous_Leaf,Bituminous_Leaf,Correct,0.862484
datasets/test/Healthy_Leaf/Healthy_Leaf00120.jpg,Healthy_Leaf,Healthy_Leaf,Correct,0.989113
datasets/test/Leaf_Blight/Leaf_Blight00064.jpg,Leaf_Blight,Leaf_Gall,Incorrect,0.647696
datasets/test/Deficiency_Leaf/Deficiency_Leaf00076.jpg,Deficiency_Leaf,Curl_Leaf,Incorrect,0.715481
datasets/train/Leaf_Gall/Leaf_Gall00315.jpg,Leaf_Gall,Healthy_Leaf,Incorrect,0.364323
datasets/train/Anthrax_Leaf/Anthrax_Leaf00146.jpg,Anthrax_Leaf,Anthrax_Leaf,Correct,0.819151
datasets/test/Deficiency_Leaf/Deficiency_Leaf00117.jpg,Deficiency_Leaf,Felt_Leaf,Incorrect,0.213144
datasets/train/Healthy_Leaf/Healthy_Leaf00280.jpg,Healthy_Leaf,Healthy_Leaf,Correct,0.977453
datasets/test/Healthy_Leaf/Healthy_Leaf00294.jpg,Healthy_Leaf,Healthy_Leaf,Correct,0.316807
datasets/train/Dry_Leaf/Dry_Leaf00015.jpg,Dry_Leaf,Dry_Leaf,Correct,0.909146
datasets/test/Leaf_Blight/Leaf_Blight00276.jpg,Leaf_Blight,Leaf_Blight,Correct,0.676491
datasets/test/Leaf_Gall/Leaf_Gall00091.jpg,Leaf_Gall,Leaf_Gall,Correct,0.236066
datasets/test/Leaf_Gall/Leaf_Gall00558.jpg,Leaf_Gall,Leaf_Gall,Correct,0.758512
datasets/test/Anthrax_Leaf/Anthrax_Leaf00054.jpg,Anthrax_Leaf,Anthrax_Leaf,Correct,0.866491
datasets/test/Leaf_Blight/Leaf_Blight00469.jpg,Leaf_Blight,Leaf_Blight,Correct,0.858615
datasets/test/Healthy_Leaf/Healthy_Leaf00367.jpg,Healthy_Leaf,Healthy_Leaf,Correct,0.995455
datasets/train/Deficiency_Leaf/Deficiency_Leaf00015.jpg,Deficiency_Leaf,Deficiency_Leaf,Correct,0.348303
datasets/test/Felt_Leaf/Felt_Leaf00214.jpg,Felt_Leaf,Felt_Leaf,Correct,0.645708
datasets/test/Deficiency_Leaf/Deficiency_Leaf00116.jpg,Deficiency_Leaf,Deficiency_Leaf,Correct,0.837320
datasets/train/Healthy_Leaf/Healthy_Leaf00619.jpg,Healthy_Leaf,Fungal_Leaf_Spot,Incorrect,0.611958
datasets/train/Healthy_Leaf/Healthy_Leaf00236.jpg,Healthy_Leaf,Healthy_Leaf,Correct,0.949568
datasets/test/Leaf_Blight/Leaf_Blight00403.jpg,Leaf_Blight,Leaf_Blight,Correct,0.814629
datasets/test/Dry_Leaf/Dry_Leaf00254.jpg,Dry_Leaf,Dry_Leaf,Correct,0.837639
datasets/test/Leaf_Gall/Leaf_Gall00424.jpg,Leaf_Gall,Leaf_Gall,Correct,0.334593
datasets/test/Leaf_Blight/Leaf_Blight00270.jpg,Leaf_Blight,Leaf_Blight,Correct,0.387116
datasets/test/Healthy_Leaf/Healthy_Leaf00313.jpg,Healthy_Leaf,Healthy_Leaf,Correct,0.959988
datasets/test/Healthy_Leaf/Healthy_Leaf00497.jpg,Healthy_Leaf,Healthy_Leaf,Correct,0.268916
datasets/test/Deficiency_Leaf/Deficiency_Leaf00032.jpg,Deficiency_Leaf,Dry_Leaf,Incorrect,0.238521
datasets/test/Dry_Leaf/Dry_Leaf00271.jpg,Dry_Leaf,Dry_Leaf,Correct,0.997474
datasets/test/Leaf_Blight/Leaf_Blight00563.jpg,Leaf_Blight,Leaf_Blight,Correct,0.909604
datasets/test/Leaf_Gall/Leaf_Gall00260.jpg,Leaf_Gall,Leaf_Blight,Incorrect,0.791420
datasets/train/Healthy_Leaf/Healthy_Leaf00198.jpg,Healthy_Leaf,Healthy_Leaf,Correct,0.840619
datasets/test/Leaf_Gall/Leaf_Gall00359.jpg,Leaf_Gall,Leaf_Blight,Incorrect,0.448435
datasets/test/Dry_Leaf/Dry_Leaf00212.jpg,Dry_Leaf,Dry_Leaf,Correct,0.940144
datasets/test/Leaf_Gall/Leaf_Gall00518.jpg,Leaf_Gall,Healthy_Leaf,Incorrect,0.486128
datasets/train/Anthrax_Leaf/Anthrax_Leaf00021.jpg,Anthrax_Leaf,Dry_Leaf,Incorrect,0.473718
datasets/test/Fungal_Leaf_Spot/Fungal_Leaf_Spot00279.jpg,Fungal_Leaf_Spot,Fungal_Leaf_Spot,Correct,0.728160
datasets/test/Leaf_Blight/Leaf_Blight00104.jpg,Leaf_Blight,Leaf_Gall,Incorrect,0.269671
datasets/train/Bituminous_Leaf/Bituminous_Leaf00125.jpg,Bituminous_Leaf,Bituminous_Leaf,Correct,0.894678
datasets/test/Felt_Leaf/Felt_Leaf00074.jpg,Felt_Leaf,Leaf_Gall,Incorrect,0.338799
datasets/train/Healthy_Leaf/Healthy_Leaf00240.jpg,Healthy_Leaf,Healthy_Leaf,Correct,0.624100
datasets/train/Bituminous_Leaf/Bituminous_Leaf00033.jpg,Bituminous_Leaf,Curl_Leaf,Incorrect,0.278846
datasets/test/Deficiency_Leaf/Deficiency_Leaf00099.jpg,Deficiency_Leaf,Healthy_Leaf,Incorrect,0.337659
datasets/test/Healthy_Leaf/Healthy_Leaf00059.jpg,Healthy_Leaf,Healthy_Leaf,Correct,0.993164
datasets/test/Fungal_Leaf_Spot/Fungal_Leaf_Spot00366.jpg,Fungal_Leaf_Spot,Curl_Leaf,Incorrect,0.269872
datasets/test/Leaf_Gall/Leaf_Gall00184.jpg,Leaf_Gall,Felt_Leaf,Incorrect,0.355539
datasets/test/Anthrax_Leaf/Anthrax_Leaf00074.jpg,Anthrax_Leaf,Anthrax_Leaf,Correct,0.734523
datasets/train/Fungal_Leaf_Spot/Fungal_Leaf_Spot00175.jpg,Fungal_Leaf_Spot,Curl_Leaf,Incorrect,0.290516
datasets/test/Healthy_Leaf/Healthy_Leaf00255.jpg,Healthy_Leaf,Healthy_Leaf,Correct,0.818999
datasets/train/Leaf_Blight/Leaf_Blight00443.jpg,Leaf_Blight,Leaf_Blight,Correct,0.755595
datasets/test/Leaf_Blight/Leaf_Blight00321.jpg,Leaf_Blight,Leaf_Blight,Correct,0.554400
datasets/test/Fungal_Leaf_Spot/Fungal_Leaf_Spot00265.jpg,Fungal_Leaf_Spot,Fungal_Leaf_Spot,Correct,0.874634
datasets/test/Dry_Leaf/Dry_Leaf00036.jpg,Dry_Leaf,Dry_Leaf,Correct,0.763234
datasets/test/Healthy_Leaf/Healthy_Leaf00613.jpg,Healthy_Leaf,Healthy_Leaf,Correct,0.467380
datasets/train/Anthrax_Leaf/Anthrax_Leaf00056.jpg,Anthrax_Leaf,Anthrax_Leaf,Correct,0.228348
datasets/test/Dry_Leaf/Dry_Leaf00114.jpg,Dry_Leaf,Dry_Leaf,Correct,0.894687
datasets/train/Leaf_Gall/Leaf_Gall00548.jpg,Leaf_Gall,Leaf_Gall,Correct,0.867775
datasets/test/Leaf_Gall/Leaf_Gall00273.jpg,Leaf_Gall,Leaf_Gall,Correct,0.886568
datasets/test/Healthy_Leaf/Healthy_Leaf00180.jpg,Healthy_Leaf,Healthy_Leaf,Correct,0.841502
datasets/test/Felt_Leaf/Felt_Leaf00250.jpg,Felt_Leaf,Fungal_Leaf_Spot,Incorrect,0.667196
datasets/test/Leaf_Blight/Leaf_Blight00102.jpg,Leaf_Blight,Leaf_Blight,Correct,0.289879
datasets/train/Curl_Leaf/Curl_Leaf00062.jpg,Curl_Leaf,Curl_Leaf,Correct,0.462010
datasets/test/Healthy_Leaf/Healthy_Leaf00087.jpg,Healthy_Leaf,Healthy_Leaf,Correct,0.868056
datasets/test/Healthy_Leaf/Healthy_Leaf00035.jpg,Healthy_Leaf,Healthy_Leaf,Correct,0.970098
datasets/test/Leaf_Blight/Leaf_Blight00052.jpg,Leaf_Blight,Leaf_Blight,Correct,0.412419
datasets/test/Fungal_Leaf_Spot/Fungal_Leaf_Spot00053.jpg,Fungal_Leaf_Spot,Healthy_Leaf,Incorrect,0.562562
datasets/test/Anthrax_Leaf/Anthrax_Leaf00125.jpg,Anthrax_Leaf,Leaf_Gall,Incorrect,0.631736
datasets/test/Leaf_Blight/Leaf_Blight00582.jpg,Leaf_Blight,Healthy_Leaf,Incorrect,0.285253
datasets/train/Leaf_Gall/Leaf_Gall00587.jpg,Leaf_Gall,Leaf_Gall,Correct,0.661406
datasets/train/Felt_Leaf/Felt_Leaf00361.jpg,Felt_Leaf,Felt_Leaf,Correct,0.872483
datasets/test/Fungal_Leaf_Spot/Fungal_Leaf_Spot00284.jpg,Fungal_Leaf_Spot,Fungal_Leaf_Spot,Correct,0.371459
datasets/test/Felt_Leaf/Felt_Leaf00353.jpg,Felt_Leaf,Fungal_Leaf_Spot,Incorrect,0.821655
datasets/train/Fungal_Leaf_Spot/Fungal_Leaf_Spot00340.jpg,Fungal_Leaf_Spot,Fungal_Leaf_Spot,Correct,0.414048
datasets/train/Dry_Leaf/Dry_Leaf00065.jpg,Dry_Leaf,Dry_Leaf,Correct,0.839770
datasets/train/Leaf_Blight/Leaf_Blight00460.jpg,Leaf_Blight,Leaf_Blight,Correct,0.964530
datasets/test/Leaf_Gall/Leaf_Gall00226.jpg,Leaf_Gall,Leaf_Gall,Correct,0.702203
datasets/train/Leaf_Gall/Leaf_Gall00144.jpg,Leaf_Gall,Leaf_Gall,Correct,0.498670
datasets/test/Felt_Leaf/Felt_Leaf00048.jpg,Felt_Leaf,Leaf_Gall,Incorrect,0.483542
datasets/test/Deficiency_Leaf/Deficiency_Leaf00016.jpg,Deficiency_Leaf,Leaf_Gall,Incorrect,0.182262
datasets/train/Felt_Leaf/Felt_Leaf00300.jpg,Felt_Leaf,Felt_Leaf,Correct,0.905097
datasets/train/Fungal_Leaf_Spot/Fungal_Leaf_Spot00561.jpg,Fungal_Leaf_Spot,Fungal_Leaf_Spot,Correct,0.473571
datasets/train/Deficiency_Leaf/Deficiency_Leaf00053.jpg,Deficiency_Leaf,Felt_Leaf,Incorrect,0.396886
datasets/test/Leaf_Blight/Leaf_Blight00499.jpg,Leaf_Blight,Leaf_Blight,Correct,0.623283
datasets/test/Dry_Leaf/Dry_Leaf00051.jpg,Dry_Leaf,Dry_Leaf,Correct,0.850051
datasets/train/Felt_Leaf/Felt_Leaf00047.jpg,Felt_Leaf,Felt_Leaf,Correct,0.679445
datasets/train/Healthy_Leaf/Healthy_Leaf00303.jpg,Healthy_Leaf,Leaf_Blight,Incorrect,0.407707
datasets/test/Leaf_Blight/Leaf_Blight00564.jpg,Leaf_Blight,Leaf_Blight,Correct,0.786677
datasets/test/Curl_Leaf/Curl_Leaf00129.jpg,Curl_Leaf,Curl_Leaf,Correct,0.347138
datasets/test/Leaf_Gall/Leaf_Gall00219.jpg,Leaf_Gall,Leaf_Gall,Correct,0.623819
datasets/test/Leaf_Gall/Leaf_Gall00392.jpg,Leaf_Gall,Healthy_Leaf,Incorrect,0.425879
datasets/test/Felt_Leaf/Felt_Leaf00306.jpg,Felt_Leaf,Felt_Leaf,Correct,0.906711
datasets/train/Felt_Leaf/Felt_Leaf00142.jpg,Felt_Leaf,Felt_Leaf,Correct,0.289204
datasets/test/Healthy_Leaf/Healthy_Leaf00545.jpg,Healthy_Leaf,Healthy_Leaf,Correct,0.461111
datasets/train/Leaf_Blight/Leaf_Blight00036.jpg,Leaf_Blight,Leaf_Blight,Correct,0.853433
datasets/test/Leaf_Gall/Leaf_Gall00471.jpg,Leaf_Gall,Leaf_Gall,Correct,0.381520
datasets/train/Leaf_Gall/Leaf_Gall00336.jpg,Leaf_Gall,Leaf_Gall,Correct,0.219234
datasets/test/Healthy_Leaf/Healthy_Leaf00460.jpg,Healthy_Leaf,Healthy_Leaf,Correct,0.863927
datasets/test/Healthy_Leaf/Healthy_Leaf00291.jpg,Healthy_Leaf,Healthy_Leaf,Correct,0.815841
datasets/train/Bituminous_Leaf/Bituminous_Leaf00106.jpg,Bituminous_Leaf,Dry_Leaf,Incorrect,0.407189
datasets/test/Dry_Leaf/Dry_Leaf00107.jpg,Dry_Leaf,Dry_Leaf,Correct,0.842404
datasets/train/Leaf_Blight/Leaf_Blight00404.jpg,Leaf_Blight,Fungal_Leaf_Spot,Incorrect,0.435752
datasets/test/Fungal_Leaf_Spot/Fungal_Leaf_Spot00357.jpg,Fungal_Leaf_Spot,Fungal_Leaf_Spot,Correct,0.303559
datasets/test/Healthy_Leaf/Healthy_Leaf00121.jpg,Healthy_Leaf,Healthy_Leaf,Correct,0.982639
datasets/test/Dry_Leaf/Dry_Leaf00122.jpg,Dry_Leaf,Dry_Leaf,Correct,0.817081
datasets/test/Felt_Leaf/Felt_Leaf00017.jpg,Felt_Leaf,Leaf_Blight,Incorrect,0.431843
datasets/test/Leaf_Blight/Leaf_Blight00272.jpg,Leaf_Blight,Leaf_Blight,Correct,0.770299
datasets/test/Felt_Leaf/Felt_Leaf00129.jpg,Felt_Leaf,Felt_Leaf,Correct,0.409256
datasets/train/Healthy_Leaf/Healthy_Leaf00037.jpg,Healthy_Leaf,Healthy_Leaf,Correct,0.950687
datasets/train/Leaf_Gall/Leaf_Gall00060.jpg,Leaf_Gall,Felt_Leaf,Incorrect,0.297583
datasets/test/Dry_Leaf/Dry_Leaf00179.jpg,Dry_Leaf,Dry_Leaf,Correct,0.738403
datasets/test/Felt_Leaf/Felt_Leaf00380.jpg,Felt_Leaf,Felt_Leaf,Correct,0.972008
datasets/train/Healthy_Leaf/Healthy_Leaf00396.jpg,Healthy_Leaf,Healthy_Leaf,Correct,0.903943
datasets/train/Leaf_Blight/Leaf_Blight00428.jpg,Leaf_Blight,Leaf_Blight,Correct,0.841613
datasets/test/Leaf_Gall/Leaf_Gall00099.jpg,Leaf_Gall,Leaf_Gall,Correct,0.479294
datasets/test/Leaf_Blight/Leaf_Blight00361.jpg,Leaf_Blight,Leaf_Blight,Correct,0.983732
datasets/test/Bituminous_Leaf/Bituminous_Leaf00017.jpg,Bituminous_Leaf,Bituminous_Leaf,Correct,0.900946
datasets/train/Felt_Leaf/Felt_Leaf00181.jpg,Felt_Leaf,Felt_Leaf,Correct,0.892286
datasets/test/Dry_Leaf/Dry_Leaf00132.jpg,Dry_Leaf,Curl_Leaf,Incorrect,0.304299
datasets/test/Leaf_Gall/Leaf_Gall00483.jpg,Leaf_Gall,Leaf_Blight,Incorrect,0.241145
datasets/test/Fungal_Leaf_Spot/Fungal_Leaf_Spot00087.jpg,Fungal_Leaf_Spot,Fungal_Leaf_Spot,Correct,0.345478
datasets/train/Dry_Leaf/Dry_Leaf00309.jpg,Dry_Leaf,Dry_Leaf,Correct,0.793330
datasets/train/Dry_Leaf/Dry_Leaf00113.jpg,Dry_Leaf,Dry_Leaf,Correct,0.897938
datasets/train/Healthy_Leaf/Healthy_Leaf00027.jpg,Healthy_Leaf,Healthy_Leaf,Correct,0.924698
datasets/train/Leaf_Gall/Leaf_Gall00245.jpg,Leaf_Gall,Leaf_Gall,Correct,0.371529
datasets/train/Leaf_Gall/Leaf_Gall00214.jpg,Leaf_Gall,Leaf_Gall,Correct,0.298084
datasets/test/Leaf_Gall/Leaf_Gall00334.jpg,Leaf_Gall,Leaf_Gall,Correct,0.417642
datasets/test/Leaf_Gall/Leaf_Gall00541.jpg,Leaf_Gall,Dry_Leaf,Incorrect,0.558761
datasets/train/Healthy_Leaf/Healthy_Leaf00377.jpg,Healthy_Leaf,Dry_Leaf,Incorrect,0.300057
datasets/train/Anthrax_Leaf/Anthrax_Leaf00136.jpg,Anthrax_Leaf,Anthrax_Leaf,Correct,0.519781
datasets/train/Leaf_Blight/Leaf_Blight00454.jpg,Leaf_Blight,Leaf_Blight,Correct,0.266373
datasets/test/Healthy_Leaf/Healthy_Leaf00187.jpg,Healthy_Leaf,Healthy_Leaf,Correct,0.684886
datasets/test/Curl_Leaf/Curl_Leaf00064.jpg,Curl_Leaf,Dry_Leaf,Incorrect,0.373511
datasets/test/Leaf_Blight/Leaf_Blight00318.jpg,Leaf_Blight,Leaf_Blight,Correct,0.850554
datasets/train/Leaf_Blight/Leaf_Blight00138.jpg,Leaf_Blight,Leaf_Blight,Correct,0.378190
datasets/test/Leaf_Blight/Leaf_Blight00137.jpg,Leaf_Blight,Leaf_Blight,Correct,0.336141
datasets/test/Leaf_Blight/Leaf_Blight00519.jpg,Leaf_Blight,Leaf_Blight,Correct,0.425118
datasets/test/Dry_Leaf/Dry_Leaf00347.jpg,Dry_Leaf,Leaf_Blight,Incorrect,0.388041
datasets/test/Leaf_Blight/Leaf_Blight00154.jpg,Leaf_Blight,Leaf_Blight,Correct,0.593920
datasets/test/Healthy_Leaf/Healthy_Leaf00175.jpg,Healthy_Leaf,Healthy_Leaf,Correct,0.978377
datasets/test/Leaf_Gall/Leaf_Gall00333.jpg,Leaf_Gall,Leaf_Blight,Incorrect,0.470831
datasets/test/Leaf_Gall/Leaf_Gall00500.jpg,Leaf_Gall,Leaf_Blight,Incorrect,0.618460
datasets/test/Leaf_Gall/Leaf_Gall00353.jpg,Leaf_Gall,Healthy_Leaf,Incorrect,0.275975
datasets/train/Leaf_Blight/Leaf_Blight00215.jpg,Leaf_Blight,Leaf_Blight,Correct,0.978304
datasets/test/Felt_Leaf/Felt_Leaf00083.jpg,Felt_Leaf,Leaf_Blight,Incorrect,0.342549
datasets/train/Leaf_Gall/Leaf_Gall00110.jpg,Leaf_Gall,Leaf_Gall,Correct,0.341736
datasets/test/Curl_Leaf/Curl_Leaf00011.jpg,Curl_Leaf,Curl_Leaf,Correct,0.320656
datasets/test/Healthy_Leaf/Healthy_Leaf00605.jpg,Healthy_Leaf,Healthy_Leaf,Correct,0.710350
datasets/test/Healthy_Leaf/Healthy_Leaf00117.jpg,Healthy_Leaf,Healthy_Leaf,Correct,0.932283
datasets/test/Leaf_Blight/Leaf_Blight00033.jpg,Leaf_Blight,Leaf_Blight,Correct,0.464045
datasets/train/Dry_Leaf/Dry_Leaf00262.jpg,Dry_Leaf,Dry_Leaf,Correct,0.964200
datasets/train/Leaf_Blight/Leaf_Blight00273.jpg,Leaf_Blight,Leaf_Blight,Correct,0.540467
datasets/train/Healthy_Leaf/Healthy_Leaf00132.jpg,Healthy_Leaf,Healthy_Leaf,Correct,0.997544
datasets/train/Leaf_Blight/Leaf_Blight00568.jpg,Leaf_Blight,Leaf_Blight,Correct,0.434131
datasets/test/Leaf_Blight/Leaf_Blight00371.jpg,Leaf_Blight,Leaf_Blight,Correct,0.671670
datasets/train/Leaf_Blight/Leaf_Blight00127.jpg,Leaf_Blight,Leaf_Blight,Correct,0.598497
datasets/train/Deficiency_Leaf/Deficiency_Leaf00098.jpg,Deficiency_Leaf,Leaf_Gall,Incorrect,0.540957
datasets/test/Anthrax_Leaf/Anthrax_Leaf00002.jpg,Anthrax_Leaf,Healthy_Leaf,Incorrect,0.354946
datasets/train/Leaf_Gall/Leaf_Gall00520.jpg,Leaf_Gall,Healthy_Leaf,Incorrect,0.755340
datasets/test/Felt_Leaf/Felt_Leaf00144.jpg,Felt_Leaf,Leaf_Blight,Incorrect,0.521016
datasets/train/Leaf_Blight/Leaf_Blight00013.jpg,Leaf_Blight,Felt_Leaf,Incorrect,0.343639
datasets/train/Felt_Leaf/Felt_Leaf00033.jpg,Felt_Leaf,Fungal_Leaf_Spot,Incorrect,0.395543
datasets/test/Anthrax_Leaf/Anthrax_Leaf00028.jpg,Anthrax_Leaf,Anthrax_Leaf,Correct,0.629426
datasets/train/Felt_Leaf/Felt_Leaf00032.jpg,Felt_Leaf,Felt_Leaf,Correct,0.393956
datasets/train/Dry_Leaf/Dry_Leaf00129.jpg,Dry_Leaf,Dry_Leaf,Correct,0.568565
datasets/test/Leaf_Blight/Leaf_Blight00096.jpg,Leaf_Blight,Leaf_Blight,Correct,0.539850
datasets/train/Leaf_Gall/Leaf_Gall00610.jpg,Leaf_Gall,Leaf_Gall,Correct,0.389241
datasets/train/Anthrax_Leaf/Anthrax_Leaf00075.jpg,Anthrax_Leaf,Anthrax_Leaf,Correct,0.436158
datasets/test/Leaf_Blight/Leaf_Blight00575.jpg,Leaf_Blight,Fungal_Leaf_Spot,Incorrect,0.269515
datasets/test/Healthy_Leaf/Healthy_Leaf00127.jpg,Healthy_Leaf,Healthy_Leaf,Correct,0.998639
datasets/train/Healthy_Leaf/Healthy_Leaf00238.jpg,Healthy_Leaf,Healthy_Leaf,Correct,0.983303
datasets/test/Fungal_Leaf_Spot/Fungal_Leaf_Spot00221.jpg,Fungal_Leaf_Spot,Healthy_Leaf,Incorrect,0.467795
datasets/test/Fungal_Leaf_Spot/Fungal_Leaf_Spot00029.jpg,Fungal_Leaf_Spot,Felt_Leaf,Incorrect,0.559365
datasets/train/Leaf_Gall/Leaf_Gall00416.jpg,Leaf_Gall,Leaf_Gall,Correct,0.309427
datasets/test/Fungal_Leaf_Spot/Fungal_Leaf_Spot00505.jpg,Fungal_Leaf_Spot,Fungal_Leaf_Spot,Correct,0.553356
datasets/test/Dry_Leaf/Dry_Leaf00372.jpg,Dry_Leaf,Dry_Leaf,Correct,0.523895
datasets/train/Leaf_Gall/Leaf_Gall00345.jpg,Leaf_Gall,Leaf_Blight,Incorrect,0.442572
datasets/test/Leaf_Blight/Leaf_Blight00583.jpg,Leaf_Blight,Felt_Leaf,Incorrect,0.611616
datasets/train/Leaf_Blight/Leaf_Blight00024.jpg,Leaf_Blight,Leaf_Blight,Correct,0.331793
datasets/test/Healthy_Leaf/Healthy_Leaf00306.jpg,Healthy_Leaf,Healthy_Leaf,Correct,0.980243
datasets/test/Dry_Leaf/Dry_Leaf00191.jpg,Dry_Leaf,Dry_Leaf,Correct,0.883345
datasets/train/Felt_Leaf/Felt_Leaf00117.jpg,Felt_Leaf,Felt_Leaf,Correct,0.783322
datasets/test/Felt_Leaf/Felt_Leaf00331.jpg,Felt_Leaf,Felt_Leaf,Correct,0.485325
datasets/train/Fungal_Leaf_Spot/Fungal_Leaf_Spot00172.jpg,Fungal_Leaf_Spot,Fungal_Leaf_Spot,Correct,0.460704
datasets/train/Leaf_Blight/Leaf_Blight00366.jpg,Leaf_Blight,Leaf_Blight,Correct,0.624723
datasets/train/Leaf_Gall/Leaf_Gall00150.jpg,Leaf_Gall,Leaf_Gall,Correct,0.412233
datasets/train/Felt_Leaf/Felt_Leaf00009.jpg,Felt_Leaf,Leaf_Gall,Incorrect,0.868192
datasets/train/Bituminous_Leaf/Bituminous_Leaf00112.jpg,Bituminous_Leaf,Bituminous_Leaf,Correct,0.346807
datasets/train/Fungal_Leaf_Spot/Fungal_Leaf_Spot00531.jpg,Fungal_Leaf_Spot,Fungal_Leaf_Spot,Correct,0.515211
datasets/test/Dry_Leaf/Dry_Leaf00289.jpg,Dry_Leaf,Dry_Leaf,Correct,0.992399
datasets/test/Healthy_Leaf/Healthy_Leaf00333.jpg,Healthy_Leaf,Healthy_Leaf,Correct,0.949661
datasets/test/Dry_Leaf/Dry_Leaf00116.jpg,Dry_Leaf,Dry_Leaf,Correct,0.970792
datasets/test/Fungal_Leaf_Spot/Fungal_Leaf_Spot00495.jpg,Fungal_Leaf_Spot,Fungal_Leaf_Spot,Correct,0.757051
datasets/train/Healthy_Leaf/Healthy_Leaf00033.jpg,Healthy_Leaf,Healthy_Leaf,Correct,0.979644
datasets/train/Leaf_Blight/Leaf_Blight00240.jpg,Leaf_Blight,Curl_Leaf,Incorrect,0.423091
datasets/train/Anthrax_Leaf/Anthrax_Leaf00026.jpg,Anthrax_Leaf,Anthrax_Leaf,Correct,0.377383
datasets/test/Deficiency_Leaf/Deficiency_Leaf00111.jpg,Deficiency_Leaf,Bituminous_Leaf,Incorrect,0.938188
datasets/train/Fungal_Leaf_Spot/Fungal_Leaf_Spot00071.jpg,Fungal_Leaf_Spot,Fungal_Leaf_Spot,Correct,0.930393
datasets/test/Fungal_Leaf_Spot/Fungal_Leaf_Spot00439.jpg,Fungal_Leaf_Spot,Fungal_Leaf_Spot,Correct,0.603425
datasets/test/Fungal_Leaf_Spot/Fungal_Leaf_Spot00252.jpg,Fungal_Leaf_Spot,Fungal_Leaf_Spot,Correct,0.656900
datasets/test/Dry_Leaf/Dry_Leaf00243.jpg,Dry_Leaf,Dry_Leaf,Correct,0.414776
datasets/test/Curl_Leaf/Curl_Leaf00180.jpg,Curl_Leaf,Fungal_Leaf_Spot,Incorrect,0.429424
datasets/train/Fungal_Leaf_Spot/Fungal_Leaf_Spot00446.jpg,Fungal_Leaf_Spot,Fungal_Leaf_Spot,Correct,0.766174
datasets/test/Curl_Leaf/Curl_Leaf00024.jpg,Curl_Leaf,Curl_Leaf,Correct,0.937657
datasets/test/Fungal_Leaf_Spot/Fungal_Leaf_Spot00397.jpg,Fungal_Leaf_Spot,Dry_Leaf,Incorrect,0.524929
datasets/test/Leaf_Gall/Leaf_Gall00616.jpg,Leaf_Gall,Fungal_Leaf_Spot,Incorrect,0.471126
datasets/test/Dry_Leaf/Dry_Leaf00125.jpg,Dry_Leaf,Dry_Leaf,Correct,0.949435
datasets/test/Leaf_Blight/Leaf_Blight00248.jpg,Leaf_Blight,Leaf_Blight,Correct,0.683886
datasets/train/Leaf_Gall/Leaf_Gall00550.jpg,Leaf_Gall,Fungal_Leaf_Spot,Incorrect,0.351040
datasets/test/Leaf_Blight/Leaf_Blight00257.jpg,Leaf_Blight,Leaf_Blight,Correct,0.778540
datasets/test/Felt_Leaf/Felt_Leaf00261.jpg,Felt_Leaf,Felt_Leaf,Correct,0.229220
datasets/test/Leaf_Blight/Leaf_Blight00556.jpg,Leaf_Blight,Leaf_Blight,Correct,0.254935
datasets/train/Leaf_Blight/Leaf_Blight00135.jpg,Leaf_Blight,Felt_Leaf,Incorrect,0.466121
datasets/test/Healthy_Leaf/Healthy_Leaf00072.jpg,Healthy_Leaf,Healthy_Leaf,Correct,0.997286
datasets/test/Fungal_Leaf_Spot/Fungal_Leaf_Spot00107.jpg,Fungal_Leaf_Spot,Fungal_Leaf_Spot,Correct,0.891233
datasets/test/Leaf_Gall/Leaf_Gall00155.jpg,Leaf_Gall,Dry_Leaf,Incorrect,0.403014
datasets/test/Bituminous_Leaf/Bituminous_Leaf00048.jpg,Bituminous_Leaf,Bituminous_Leaf,Correct,0.988432
datasets/test/Fungal_Leaf_Spot/Fungal_Leaf_Spot00207.jpg,Fungal_Leaf_Spot,Healthy_Leaf,Incorrect,0.246274
datasets/test/Healthy_Leaf/Healthy_Leaf00182.jpg,Healthy_Leaf,Healthy_Leaf,Correct,0.706604
datasets/train/Dry_Leaf/Dry_Leaf00089.jpg,Dry_Leaf,Dry_Leaf,Correct,0.301018
datasets/test/Fungal_Leaf_Spot/Fungal_Leaf_Spot00327.jpg,Fungal_Leaf_Spot,Felt_Leaf,Incorrect,0.349261
datasets/train/Bituminous_Leaf/Bituminous_Leaf00057.jpg,Bituminous_Leaf,Bituminous_Leaf,Correct,0.261108
datasets/train/Healthy_Leaf/Healthy_Leaf00614.jpg,Healthy_Leaf,Leaf_Blight,Incorrect,0.578478
datasets/train/Curl_Leaf/Curl_Leaf00031.jpg,Curl_Leaf,Curl_Leaf,Correct,0.798559
datasets/test/Leaf_Blight/Leaf_Blight00069.jpg,Leaf_Blight,Leaf_Blight,Correct,0.707831
datasets/test/Leaf_Gall/Leaf_Gall00607.jpg,Leaf_Gall,Leaf_Blight,Incorrect,0.716261
datasets/test/Dry_Leaf/Dry_Leaf00174.jpg,Dry_Leaf,Dry_Leaf,Correct,0.745836
datasets/train/Leaf_Gall/Leaf_Gall00105.jpg,Leaf_Gall,Leaf_Gall,Correct,0.534748
datasets/test/Fungal_Leaf_Spot/Fungal_Leaf_Spot00400.jpg,Fungal_Leaf_Spot,Leaf_Gall,Incorrect,0.208882
datasets/test/Leaf_Gall/Leaf_Gall00339.jpg,Leaf_Gall,Leaf_Blight,Incorrect,0.375173
datasets/test/Felt_Leaf/Felt_Leaf00373.jpg,Felt_Leaf,Felt_Leaf,Correct,0.831507
datasets/train/Anthrax_Leaf/Anthrax_Leaf00076.jpg,Anthrax_Leaf,Anthrax_Leaf,Correct,0.846341
datasets/test/Dry_Leaf/Dry_Leaf00079.jpg,Dry_Leaf,Dry_Leaf,Correct,0.764695
datasets/train/Leaf_Gall/Leaf_Gall00029.jpg,Leaf_Gall,Deficiency_Leaf,Incorrect,0.256500
datasets/test/Deficiency_Leaf/Deficiency_Leaf00112.jpg,Deficiency_Leaf,Deficiency_Leaf,Correct,0.319606
datasets/test/Leaf_Gall/Leaf_Gall00178.jpg,Leaf_Gall,Leaf_Gall,Correct,0.765207
datasets/test/Fungal_Leaf_Spot/Fungal_Leaf_Spot00490.jpg,Fungal_Leaf_Spot,Felt_Leaf,Incorrect,0.798178
datasets/train/Leaf_Gall/Leaf_Gall00396.jpg,Leaf_Gall,Leaf_Gall,Correct,0.545109
datasets/train/Leaf_Gall/Leaf_Gall00337.jpg,Leaf_Gall,Leaf_Gall,Correct,0.256213
datasets/test/Healthy_Leaf/Healthy_Leaf00101.jpg,Healthy_Leaf,Healthy_Leaf,Correct,0.992479
datasets/train/Leaf_Gall/Leaf_Gall00473.jpg,Leaf_Gall,Leaf_Gall,Correct,0.408051
datasets/test/Deficiency_Leaf/Deficiency_Leaf00001.jpg,Deficiency_Leaf,Healthy_Leaf,Incorrect,0.216449
datasets/train/Fungal_Leaf_Spot/Fungal_Leaf_Spot00187.jpg,Fungal_Leaf_Spot,Fungal_Leaf_Spot,Correct,0.476819
datasets/test/Felt_Leaf/Felt_Leaf00116.jpg,Felt_Leaf,Fungal_Leaf_Spot,Incorrect,0.288534
datasets/train/Leaf_Blight/Leaf_Blight00391.jpg,Leaf_Blight,Fungal_Leaf_Spot,Incorrect,0.334863
datasets/test/Curl_Leaf/Curl_Leaf00128.jpg,Curl_Leaf,Curl_Leaf,Correct,0.788985
datasets/train/Leaf_Blight/Leaf_Blight00544.jpg,Leaf_Blight,Leaf_Blight,Correct,0.614019
datasets/train/Felt_Leaf/Felt_Leaf00157.jpg,Felt_Leaf,Felt_Leaf,Correct,0.439436
datasets/test/Leaf_Gall/Leaf_Gall00457.jpg,Leaf_Gall,Leaf_Gall,Correct,0.494605
datasets/test/Fungal_Leaf_Spot/Fungal_Leaf_Spot00527.jpg,Fungal_Leaf_Spot,Fungal_Leaf_Spot,Correct,0.443560
datasets/test/Healthy_Leaf/Healthy_Leaf00362.jpg,Healthy_Leaf,Leaf_Gall,Incorrect,0.371856
datasets/test/Fungal_Leaf_Spot/Fungal_Leaf_Spot00091.jpg,Fungal_Leaf_Spot,Felt_Leaf,Incorrect,0.400072
datasets/train/Felt_Leaf/Felt_Leaf00158.jpg,Felt_Leaf,Leaf_Gall,Incorrect,0.274293
datasets/test/Leaf_Gall/Leaf_Gall00431.jpg,Leaf_Gall,Leaf_Gall,Correct,0.638823
datasets/test/Healthy_Leaf/Healthy_Leaf00010.jpg,Healthy_Leaf,Healthy_Leaf,Correct,0.648038
datasets/train/Dry_Leaf/Dry_Leaf00118.jpg,Dry_Leaf,Dry_Leaf,Correct,0.984821
datasets/test/Fungal_Leaf_Spot/Fungal_Leaf_Spot00441.jpg,Fungal_Leaf_Spot,Felt_Leaf,Incorrect,0.217923
datasets/test/Anthrax_Leaf/Anthrax_Leaf00010.jpg,Anthrax_Leaf,Leaf_Gall,Incorrect,0.496759
datasets/test/Fungal_Leaf_Spot/Fungal_Leaf_Spot00226.jpg,Fungal_Leaf_Spot,Fungal_Leaf_Spot,Correct,0.879890
datasets/test/Dry_Leaf/Dry_Leaf00059.jpg,Dry_Leaf,Dry_Leaf,Correct,0.802223
datasets/train/Dry_Leaf/Dry_Leaf00238.jpg,Dry_Leaf,Dry_Leaf,Correct,0.632964
datasets/test/Healthy_Leaf/Healthy_Leaf00526.jpg,Healthy_Leaf,Healthy_Leaf,Correct,0.372246
datasets/test/Healthy_Leaf/Healthy_Leaf00391.jpg,Healthy_Leaf,Healthy_Leaf,Correct,0.768723
datasets/test/Leaf_Gall/Leaf_Gall00327.jpg,Leaf_Gall,Felt_Leaf,Incorrect,0.451019
datasets/test/Healthy_Leaf/Healthy_Leaf00007.jpg,Healthy_Leaf,Healthy_Leaf,Correct,0.950461
datasets/test/Leaf_Blight/Leaf_Blight00231.jpg,Leaf_Blight,Leaf_Blight,Correct,0.397570
datasets/train/Fungal_Leaf_Spot/Fungal_Leaf_Spot00393.jpg,Fungal_Leaf_Spot,Fungal_Leaf_Spot,Correct,0.898853
datasets/test/Leaf_Blight/Leaf_Blight00413.jpg,Leaf_Blight,Leaf_Blight,Correct,0.463533
datasets/test/Healthy_Leaf/Healthy_Leaf00487.jpg,Healthy_Leaf,Leaf_Gall,Incorrect,0.539962
datasets/test/Leaf_Gall/Leaf_Gall00400.jpg,Leaf_Gall,Leaf_Gall,Correct,0.390857
datasets/test/Dry_Leaf/Dry_Leaf00068.jpg,Dry_Leaf,Dry_Leaf,Correct,0.499378
datasets/test/Fungal_Leaf_Spot/Fungal_Leaf_Spot00556.jpg,Fungal_Leaf_Spot,Fungal_Leaf_Spot,Correct,0.366922
datasets/test/Healthy_Leaf/Healthy_Leaf00211.jpg,Healthy_Leaf,Healthy_Leaf,Correct,0.986865
datasets/test/Healthy_Leaf/Healthy_Leaf00576.jpg,Healthy_Leaf,Leaf_Gall,Incorrect,0.317586
datasets/train/Felt_Leaf/Felt_Leaf00159.jpg,Felt_Leaf,Felt_Leaf,Correct,0.494860
datasets/train/Leaf_Blight/Leaf_Blight00203.jpg,Leaf_Blight,Leaf_Blight,Correct,0.409157
datasets/test/Healthy_Leaf/Healthy_Leaf00260.jpg,Healthy_Leaf,Fungal_Leaf_Spot,Incorrect,0.331504
datasets/test/Healthy_Leaf/Healthy_Leaf00124.jpg,Healthy_Leaf,Healthy_Leaf,Correct,0.758829
datasets/test/Leaf_Blight/Leaf_Blight00319.jpg,Leaf_Blight,Leaf_Blight,Correct,0.686636
datasets/test/Fungal_Leaf_Spot/Fungal_Leaf_Spot00540.jpg,Fungal_Leaf_Spot,Felt_Leaf,Incorrect,0.418031
datasets/test/Healthy_Leaf/Healthy_Leaf00562.jpg,Healthy_Leaf,Leaf_Gall,Incorrect,0.418821
datasets/test/Leaf_Blight/Leaf_Blight00586.jpg,Leaf_Blight,Leaf_Blight,Correct,0.535441
datasets/train/Fungal_Leaf_Spot/Fungal_Leaf_Spot00330.jpg,Fungal_Leaf_Spot,Leaf_Blight,Incorrect,0.354158
datasets/test/Leaf_Blight/Leaf_Blight00570.jpg,Leaf_Blight,Leaf_Blight,Correct,0.969786
datasets/test/Fungal_Leaf_Spot/Fungal_Leaf_Spot00095.jpg,Fungal_Leaf_Spot,Leaf_Blight,Incorrect,0.302156
datasets/test/Leaf_Gall/Leaf_Gall00304.jpg,Leaf_Gall,Fungal_Leaf_Spot,Incorrect,0.750919
datasets/test/Bituminous_Leaf/Bituminous_Leaf00089.jpg,Bituminous_Leaf,Healthy_Leaf,Incorrect,0.313615
datasets/test/Felt_Leaf/Felt_Leaf00027.jpg,Felt_Leaf,Dry_Leaf,Incorrect,0.722612
datasets/train/Dry_Leaf/Dry_Leaf00290.jpg,Dry_Leaf,Dry_Leaf,Correct,0.737116
datasets/test/Deficiency_Leaf/Deficiency_Leaf00061.jpg,Deficiency_Leaf,Fungal_Leaf_Spot,Incorrect,0.318994
datasets/test/Leaf_Blight/Leaf_Blight00140.jpg,Leaf_Blight,Leaf_Blight,Correct,0.698807
datasets/test/Healthy_Leaf/Healthy_Leaf00521.jpg,Healthy_Leaf,Healthy_Leaf,Correct,0.406935
datasets/test/Curl_Leaf/Curl_Leaf00147.jpg,Curl_Leaf,Leaf_Blight,Incorrect,0.343660
datasets/train/Anthrax_Leaf/Anthrax_Leaf00094.jpg,Anthrax_Leaf,Anthrax_Leaf,Correct,0.536371
datasets/test/Felt_Leaf/Felt_Leaf00369.jpg,Felt_Leaf,Felt_Leaf,Correct,0.505927
datasets/test/Deficiency_Leaf/Deficiency_Leaf00104.jpg,Deficiency_Leaf,Healthy_Leaf,Incorrect,0.628349
datasets/test/Fungal_Leaf_Spot/Fungal_Leaf_Spot00539.jpg,Fungal_Leaf_Spot,Healthy_Leaf,Incorrect,0.752122
datasets/test/Dry_Leaf/Dry_Leaf00124.jpg,Dry_Leaf,Dry_Leaf,Correct,0.941243
datasets/test/Healthy_Leaf/Healthy_Leaf00019.jpg,Healthy_Leaf,Healthy_Leaf,Correct,0.990017
datasets/train/Leaf_Blight/Leaf_Blight00251.jpg,Leaf_Blight,Fungal_Leaf_Spot,Incorrect,0.304022
datasets/train/Deficiency_Leaf/Deficiency_Leaf00030.jpg,Deficiency_Leaf,Anthrax_Leaf,Incorrect,0.323727
datasets/test/Felt_Leaf/Felt_Leaf00010.jpg,Felt_Leaf,Leaf_Gall,Incorrect,0.623284
datasets/train/Leaf_Blight/Leaf_Blight00068.jpg,Leaf_Blight,Leaf_Blight,Correct,0.334003
datasets/test/Fungal_Leaf_Spot/Fungal_Leaf_Spot00342.jpg,Fungal_Leaf_Spot,Leaf_Blight,Incorrect,0.349597
datasets/test/Anthrax_Leaf/Anthrax_Leaf00111.jpg,Anthrax_Leaf,Anthrax_Leaf,Correct,0.816887
datasets/test/Fungal_Leaf_Spot/Fungal_Leaf_Spot00481.jpg,Fungal_Leaf_Spot,Fungal_Leaf_Spot,Correct,0.744828
datasets/train/Leaf_Gall/Leaf_Gall00360.jpg,Leaf_Gall,Leaf_Gall,Correct,0.254845
datasets/train/Healthy_Leaf/Healthy_Leaf00108.jpg,Healthy_Leaf,Healthy_Leaf,Correct,0.843402
datasets/train/Leaf_Blight/Leaf_Blight00165.jpg,Leaf_Blight,Leaf_Blight,Correct,0.515888
datasets/train/Felt_Leaf/Felt_Leaf00243.jpg,Felt_Leaf,Leaf_Gall,Incorrect,0.325238
datasets/test/Felt_Leaf/Felt_Leaf00050.jpg,Felt_Leaf,Felt_Leaf,Correct,0.767727
datasets/train/Felt_Leaf/Felt_Leaf00193.jpg,Felt_Leaf,Leaf_Blight,Incorrect,0.874962
datasets/test/Felt_Leaf/Felt_Leaf00065.jpg,Felt_Leaf,Fungal_Leaf_Spot,Incorrect,0.264621
datasets/test/Fungal_Leaf_Spot/Fungal_Leaf_Spot00203.jpg,Fungal_Leaf_Spot,Healthy_Leaf,Incorrect,0.360723
datasets/test/Leaf_Gall/Leaf_Gall00382.jpg,Leaf_Gall,Leaf_Gall,Correct,0.373276
datasets/train/Felt_Leaf/Felt_Leaf00317.jpg,Felt_Leaf,Felt_Leaf,Correct,0.980826
datasets/test/Leaf_Gall/Leaf_Gall00200.jpg,Leaf_Gall,Leaf_Gall,Correct,0.890410
datasets/test/Healthy_Leaf/Healthy_Leaf00326.jpg,Healthy_Leaf,Healthy_Leaf,Correct,0.886716
datasets/test/Fungal_Leaf_Spot/Fungal_Leaf_Spot00290.jpg,Fungal_Leaf_Spot,Felt_Leaf,Incorrect,0.508899
datasets/train/Leaf_Gall/Leaf_Gall00071.jpg,Leaf_Gall,Leaf_Gall,Correct,0.809547
datasets/train/Healthy_Leaf/Healthy_Leaf00379.jpg,Healthy_Leaf,Healthy_Leaf,Correct,0.763694
datasets/train/Dry_Leaf/Dry_Leaf00209.jpg,Dry_Leaf,Dry_Leaf,Correct,0.972890
datasets/train/Anthrax_Leaf/Anthrax_Leaf00142.jpg,Anthrax_Leaf,Bituminous_Leaf,Incorrect,0.300658
datasets/test/Leaf_Blight/Leaf_Blight00205.jpg,Leaf_Blight,Leaf_Blight,Correct,0.449134
datasets/train/Leaf_Blight/Leaf_Blight00481.jpg,Leaf_Blight,Leaf_Blight,Correct,0.927294
datasets/test/Leaf_Blight/Leaf_Blight00480.jpg,Leaf_Blight,Leaf_Blight,Correct,0.783398
datasets/train/Dry_Leaf/Dry_Leaf00172.jpg,Dry_Leaf,Dry_Leaf,Correct,0.980568
datasets/train/Felt_Leaf/Felt_Leaf00030.jpg,Felt_Leaf,Leaf_Gall,Incorrect,0.475618
datasets/test/Leaf_Blight/Leaf_Blight00084.jpg,Leaf_Blight,Fungal_Leaf_Spot,Incorrect,0.445409
datasets/test/Healthy_Leaf/Healthy_Leaf00513.jpg,Healthy_Leaf,Fungal_Leaf_Spot,Incorrect,0.322834
datasets/test/Leaf_Blight/Leaf_Blight00213.jpg,Leaf_Blight,Leaf_Blight,Correct,0.791541
datasets/test/Curl_Leaf/Curl_Leaf00101.jpg,Curl_Leaf,Curl_Leaf,Correct,0.437915
datasets/train/Curl_Leaf/Curl_Leaf00067.jpg,Curl_Leaf,Healthy_Leaf,Incorrect,0.274739
datasets/train/Dry_Leaf/Dry_Leaf00224.jpg,Dry_Leaf,Healthy_Leaf,Incorrect,0.680498
datasets/train/Fungal_Leaf_Spot/Fungal_Leaf_Spot00286.jpg,Fungal_Leaf_Spot,Fungal_Leaf_Spot,Correct,0.792208
datasets/test/Fungal_Leaf_Spot/Fungal_Leaf_Spot00444.jpg,Fungal_Leaf_Spot,Leaf_Gall,Incorrect,0.204122
datasets/train/Dry_Leaf/Dry_Leaf00175.jpg,Dry_Leaf,Dry_Leaf,Correct,0.890342
datasets/train/Deficiency_Leaf/Deficiency_Leaf00007.jpg,Deficiency_Leaf,Anthrax_Leaf,Incorrect,0.452650
datasets/test/Fungal_Leaf_Spot/Fungal_Leaf_Spot00148.jpg,Fungal_Leaf_Spot,Fungal_Leaf_Spot,Correct,0.626863
datasets/train/Healthy_Leaf/Healthy_Leaf00097.jpg,Healthy_Leaf,Healthy_Leaf,Correct,0.999745
datasets/test/Leaf_Blight/Leaf_Blight00549.jpg,Leaf_Blight,Leaf_Blight,Correct,0.901036
datasets/train/Leaf_Gall/Leaf_Gall00115.jpg,Leaf_Gall,Bituminous_Leaf,Incorrect,0.308691
datasets/test/Fungal_Leaf_Spot/Fungal_Leaf_Spot00308.jpg,Fungal_Leaf_Spot,Fungal_Leaf_Spot,Correct,0.785823
datasets/train/Curl_Leaf/Curl_Leaf00105.jpg,Curl_Leaf,Curl_Leaf,Correct,0.442395
datasets/test/Anthrax_Leaf/Anthrax_Leaf00097.jpg,Anthrax_Leaf,Leaf_Blight,Incorrect,0.516831
datasets/test/Leaf_Blight/Leaf_Blight00099.jpg,Leaf_Blight,Leaf_Blight,Correct,0.669765
datasets/train/Fungal_Leaf_Spot/Fungal_Leaf_Spot00182.jpg,Fungal_Leaf_Spot,Fungal_Leaf_Spot,Correct,0.456494
datasets/train/Healthy_Leaf/Healthy_Leaf00421.jpg,Healthy_Leaf,Healthy_Leaf,Correct,0.671343
datasets/test/Leaf_Blight/Leaf_Blight00078.jpg,Leaf_Blight,Fungal_Leaf_Spot,Incorrect,0.622598
datasets/train/Anthrax_Leaf/Anthrax_Leaf00014.jpg,Anthrax_Leaf,Curl_Leaf,Incorrect,0.276064
datasets/test/Curl_Leaf/Curl_Leaf00022.jpg,Curl_Leaf,Bituminous_Leaf,Incorrect,0.334885
datasets/test/Fungal_Leaf_Spot/Fungal_Leaf_Spot00015.jpg,Fungal_Leaf_Spot,Fungal_Leaf_Spot,Correct,0.926738
datasets/train/Fungal_Leaf_Spot/Fungal_Leaf_Spot00352.jpg,Fungal_Leaf_Spot,Leaf_Blight,Incorrect,0.314481
datasets/train/Healthy_Leaf/Healthy_Leaf00272.jpg,Healthy_Leaf,Healthy_Leaf,Correct,0.584450
datasets/train/Leaf_Blight/Leaf_Blight00134.jpg,Leaf_Blight,Leaf_Blight,Correct,0.927738
datasets/test/Fungal_Leaf_Spot/Fungal_Leaf_Spot00177.jpg,Fungal_Leaf_Spot,Fungal_Leaf_Spot,Correct,0.725168
datasets/train/Leaf_Blight/Leaf_Blight00507.jpg,Leaf_Blight,Leaf_Blight,Correct,0.902907
datasets/test/Felt_Leaf/Felt_Leaf00375.jpg,Felt_Leaf,Healthy_Leaf,Incorrect,0.354025
datasets/test/Leaf_Gall/Leaf_Gall00201.jpg,Leaf_Gall,Leaf_Gall,Correct,0.964680
datasets/train/Leaf_Gall/Leaf_Gall00265.jpg,Leaf_Gall,Leaf_Gall,Correct,0.428648
datasets/test/Leaf_Gall/Leaf_Gall00591.jpg,Leaf_Gall,Leaf_Blight,Incorrect,0.850424
datasets/test/Leaf_Blight/Leaf_Blight00587.jpg,Leaf_Blight,Leaf_Blight,Correct,0.485569
datasets/test/Fungal_Leaf_Spot/Fungal_Leaf_Spot00406.jpg,Fungal_Leaf_Spot,Leaf_Gall,Incorrect,0.255423
datasets/test/Healthy_Leaf/Healthy_Leaf00392.jpg,Healthy_Leaf,Healthy_Leaf,Correct,0.829608
datasets/test/Leaf_Gall/Leaf_Gall00596.jpg,Leaf_Gall,Leaf_Blight,Incorrect,0.825894
datasets/train/Fungal_Leaf_Spot/Fungal_Leaf_Spot00489.jpg,Fungal_Leaf_Spot,Fungal_Leaf_Spot,Correct,0.614774
datasets/train/Fungal_Leaf_Spot/Fungal_Leaf_Spot00383.jpg,Fungal_Leaf_Spot,Felt_Leaf,Incorrect,0.386886
datasets/train/Dry_Leaf/Dry_Leaf00083.jpg,Dry_Leaf,Leaf_Blight,Incorrect,0.702611
datasets/test/Felt_Leaf/Felt_Leaf00349.jpg,Felt_Leaf,Leaf_Gall,Incorrect,0.244428
datasets/test/Fungal_Leaf_Spot/Fungal_Leaf_Spot00325.jpg,Fungal_Leaf_Spot,Leaf_Blight,Incorrect,0.379126
datasets/train/Healthy_Leaf/Healthy_Leaf00090.jpg,Healthy_Leaf,Healthy_Leaf,Correct,0.428861
datasets/test/Fungal_Leaf_Spot/Fungal_Leaf_Spot00088.jpg,Fungal_Leaf_Spot,Fungal_Leaf_Spot,Correct,0.361055
datasets/test/Dry_Leaf/Dry_Leaf00142.jpg,Dry_Leaf,Dry_Leaf,Correct,0.986822
datasets/test/Fungal_Leaf_Spot/Fungal_Leaf_Spot00116.jpg,Fungal_Leaf_Spot,Fungal_Leaf_Spot,Correct,0.306013
datasets/test/Dry_Leaf/Dry_Leaf00314.jpg,Dry_Leaf,Healthy_Leaf,Incorrect,0.502439
datasets/test/Bituminous_Leaf/Bituminous_Leaf00072.jpg,Bituminous_Leaf,Bituminous_Leaf,Correct,0.864263
datasets/train/Fungal_Leaf_Spot/Fungal_Leaf_Spot00070.jpg,Fungal_Leaf_Spot,Fungal_Leaf_Spot,Correct,0.935418
datasets/test/Healthy_Leaf/Healthy_Leaf00169.jpg,Healthy_Leaf,Healthy_Leaf,Correct,0.680927
datasets/test/Leaf_Gall/Leaf_Gall00565.jpg,Leaf_Gall,Leaf_Gall,Correct,0.615607
datasets/test/Felt_Leaf/Felt_Leaf00122.jpg,Felt_Leaf,Healthy_Leaf,Incorrect,0.551946
datasets/test/Dry_Leaf/Dry_Leaf00267.jpg,Dry_Leaf,Dry_Leaf,Correct,0.939038
datasets/test/Fungal_Leaf_Spot/Fungal_Leaf_Spot00411.jpg,Fungal_Leaf_Spot,Fungal_Leaf_Spot,Correct,0.933865
datasets/train/Leaf_Gall/Leaf_Gall00519.jpg,Leaf_Gall,Healthy_Leaf,Incorrect,0.594093
datasets/train/Dry_Leaf/Dry_Leaf00008.jpg,Dry_Leaf,Felt_Leaf,Incorrect,0.466575
datasets/train/Curl_Leaf/Curl_Leaf00152.jpg,Curl_Leaf,Fungal_Leaf_Spot,Incorrect,0.217328
datasets/train/Bituminous_Leaf/Bituminous_Leaf00096.jpg,Bituminous_Leaf,Bituminous_Leaf,Correct,0.366523
datasets/test/Deficiency_Leaf/Deficiency_Leaf00079.jpg,Deficiency_Leaf,Dry_Leaf,Incorrect,0.197666
datasets/test/Healthy_Leaf/Healthy_Leaf00465.jpg,Healthy_Leaf,Dry_Leaf,Incorrect,0.468760
datasets/test/Leaf_Gall/Leaf_Gall00482.jpg,Leaf_Gall,Leaf_Gall,Correct,0.449421
datasets/test/Healthy_Leaf/Healthy_Leaf00075.jpg,Healthy_Leaf,Healthy_Leaf,Correct,0.954137
datasets/test/Felt_Leaf/Felt_Leaf00339.jpg,Felt_Leaf,Leaf_Gall,Incorrect,0.432415
datasets/test/Healthy_Leaf/Healthy_Leaf00302.jpg,Healthy_Leaf,Healthy_Leaf,Correct,0.653983
datasets/test/Felt_Leaf/Felt_Leaf00155.jpg,Felt_Leaf,Fungal_Leaf_Spot,Incorrect,0.524628
datasets/test/Healthy_Leaf/Healthy_Leaf00565.jpg,Healthy_Leaf,Leaf_Gall,Incorrect,0.278402
datasets/train/Leaf_Blight/Leaf_Blight00477.jpg,Leaf_Blight,Leaf_Blight,Correct,0.754658
datasets/train/Felt_Leaf/Felt_Leaf00103.jpg,Felt_Leaf,Felt_Leaf,Correct,0.422210
datasets/test/Leaf_Gall/Leaf_Gall00045.jpg,Leaf_Gall,Leaf_Blight,Incorrect,0.902597
datasets/test/Healthy_Leaf/Healthy_Leaf00368.jpg,Healthy_Leaf,Healthy_Leaf,Correct,0.949476
datasets/test/Leaf_Blight/Leaf_Blight00097.jpg,Leaf_Blight,Healthy_Leaf,Incorrect,0.848068
datasets/train/Leaf_Gall/Leaf_Gall00197.jpg,Leaf_Gall,Leaf_Gall,Correct,0.549354
datasets/test/Leaf_Gall/Leaf_Gall00294.jpg,Leaf_Gall,Leaf_Gall,Correct,0.655384
datasets/train/Dry_Leaf/Dry_Leaf00009.jpg,Dry_Leaf,Dry_Leaf,Correct,0.995191
datasets/train/Fungal_Leaf_Spot/Fungal_Leaf_Spot00270.jpg,Fungal_Leaf_Spot,Fungal_Leaf_Spot,Correct,0.638682
datasets/train/Fungal_Leaf_Spot/Fungal_Leaf_Spot00403.jpg,Fungal_Leaf_Spot,Fungal_Leaf_Spot,Correct,0.467736
datasets/test/Healthy_Leaf/Healthy_Leaf00583.jpg,Healthy_Leaf,Anthrax_Leaf,Incorrect,0.270477
datasets/test/Dry_Leaf/Dry_Leaf00324.jpg,Dry_Leaf,Healthy_Leaf,Incorrect,0.354109
datasets/train/Felt_Leaf/Felt_Leaf00194.jpg,Felt_Leaf,Fungal_Leaf_Spot,Incorrect,0.386560
datasets/test/Curl_Leaf/Curl_Leaf00114.jpg,Curl_Leaf,Anthrax_Leaf,Incorrect,0.268466
datasets/test/Healthy_Leaf/Healthy_Leaf00152.jpg,Healthy_Leaf,Healthy_Leaf,Correct,0.994113
datasets/train/Deficiency_Leaf/Deficiency_Leaf00103.jpg,Deficiency_Leaf,Dry_Leaf,Incorrect,0.469241
datasets/train/Anthrax_Leaf/Anthrax_Leaf00041.jpg,Anthrax_Leaf,Anthrax_Leaf,Correct,0.423259
datasets/test/Leaf_Gall/Leaf_Gall00403.jpg,Leaf_Gall,Leaf_Gall,Correct,0.297875
datasets/train/Leaf_Blight/Leaf_Blight00402.jpg,Leaf_Blight,Leaf_Blight,Correct,0.752367
datasets/test/Fungal_Leaf_Spot/Fungal_Leaf_Spot00104.jpg,Fungal_Leaf_Spot,Fungal_Leaf_Spot,Correct,0.465354
datasets/train/Leaf_Gall/Leaf_Gall00006.jpg,Leaf_Gall,Fungal_Leaf_Spot,Incorrect,0.357045
datasets/train/Leaf_Gall/Leaf_Gall00322.jpg,Leaf_Gall,Leaf_Blight,Incorrect,0.368836
datasets/train/Leaf_Gall/Leaf_Gall00177.jpg,Leaf_Gall,Felt_Leaf,Incorrect,0.552909
datasets/test/Dry_Leaf/Dry_Leaf00058.jpg,Dry_Leaf,Dry_Leaf,Correct,0.899875
datasets/train/Curl_Leaf/Curl_Leaf00004.jpg,Curl_Leaf,Curl_Leaf,Correct,0.623627
datasets/test/Dry_Leaf/Dry_Leaf00086.jpg,Dry_Leaf,Healthy_Leaf,Incorrect,0.485384
datasets/test/Fungal_Leaf_Spot/Fungal_Leaf_Spot00030.jpg,Fungal_Leaf_Spot,Fungal_Leaf_Spot,Correct,0.979447
datasets/train/Leaf_Blight/Leaf_Blight00541.jpg,Leaf_Blight,Leaf_Blight,Correct,0.841754
datasets/train/Bituminous_Leaf/Bituminous_Leaf00064.jpg,Bituminous_Leaf,Leaf_Gall,Incorrect,0.290955
datasets/test/Curl_Leaf/Curl_Leaf00169.jpg,Curl_Leaf,Healthy_Leaf,Incorrect,0.524842
datasets/test/Fungal_Leaf_Spot/Fungal_Leaf_Spot00033.jpg,Fungal_Leaf_Spot,Fungal_Leaf_Spot,Correct,0.889945
datasets/test/Felt_Leaf/Felt_Leaf00251.jpg,Felt_Leaf,Fungal_Leaf_Spot,Incorrect,0.361135
datasets/test/Fungal_Leaf_Spot/Fungal_Leaf_Spot00404.jpg,Fungal_Leaf_Spot,Fungal_Leaf_Spot,Correct,0.604786
datasets/train/Dry_Leaf/Dry_Leaf00269.jpg,Dry_Leaf,Dry_Leaf,Correct,0.989634
datasets/test/Leaf_Gall/Leaf_Gall00524.jpg,Leaf_Gall,Fungal_Leaf_Spot,Incorrect,0.645642
datasets/train/Leaf_Gall/Leaf_Gall00216.jpg,Leaf_Gall,Leaf_Gall,Correct,0.912683
datasets/train/Fungal_Leaf_Spot/Fungal_Leaf_Spot00475.jpg,Fungal_Leaf_Spot,Healthy_Leaf,Incorrect,0.366756
datasets/train/Leaf_Blight/Leaf_Blight00295.jpg,Leaf_Blight,Leaf_Blight,Correct,0.482655
datasets/test/Leaf_Blight/Leaf_Blight00308.jpg,Leaf_Blight,Leaf_Blight,Correct,0.949673
datasets/test/Fungal_Leaf_Spot/Fungal_Leaf_Spot00485.jpg,Fungal_Leaf_Spot,Fungal_Leaf_Spot,Correct,0.732117
datasets/test/Leaf_Blight/Leaf_Blight00281.jpg,Leaf_Blight,Leaf_Blight,Correct,0.956949
datasets/test/Healthy_Leaf/Healthy_Leaf00355.jpg,Healthy_Leaf,Felt_Leaf,Incorrect,0.489825
datasets/test/Healthy_Leaf/Healthy_Leaf00029.jpg,Healthy_Leaf,Healthy_Leaf,Correct,0.794968
datasets/test/Felt_Leaf/Felt_Leaf00051.jpg,Felt_Leaf,Felt_Leaf,Correct,0.480230
datasets/test/Curl_Leaf/Curl_Leaf00086.jpg,Curl_Leaf,Leaf_Blight,Incorrect,0.232750
datasets/test/Healthy_Leaf/Healthy_Leaf00109.jpg,Healthy_Leaf,Healthy_Leaf,Correct,0.994701
datasets/train/Fungal_Leaf_Spot/Fungal_Leaf_Spot00435.jpg,Fungal_Leaf_Spot,Fungal_Leaf_Spot,Correct,0.719209
datasets/train/Fungal_Leaf_Spot/Fungal_Leaf_Spot00179.jpg,Fungal_Leaf_Spot,Fungal_Leaf_Spot,Correct,0.323874
datasets/test/Leaf_Blight/Leaf_Blight00020.jpg,Leaf_Blight,Leaf_Gall,Incorrect,0.320564
datasets/test/Leaf_Blight/Leaf_Blight00529.jpg,Leaf_Blight,Leaf_Blight,Correct,0.974842
datasets/test/Leaf_Blight/Leaf_Blight00410.jpg,Leaf_Blight,Leaf_Blight,Correct,0.614245
datasets/test/Healthy_Leaf/Healthy_Leaf00112.jpg,Healthy_Leaf,Healthy_Leaf,Correct,0.990108
datasets/test/Felt_Leaf/Felt_Leaf00238.jpg,Felt_Leaf,Felt_Leaf,Correct,0.577941
datasets/train/Anthrax_Leaf/Anthrax_Leaf00124.jpg,Anthrax_Leaf,Anthrax_Leaf,Correct,0.960077
datasets/test/Leaf_Gall/Leaf_Gall00582.jpg,Leaf_Gall,Leaf_Blight,Incorrect,0.707386
datasets/train/Leaf_Gall/Leaf_Gall00384.jpg,Leaf_Gall,Leaf_Gall,Correct,0.478483
datasets/test/Bituminous_Leaf/Bituminous_Leaf00102.jpg,Bituminous_Leaf,Leaf_Gall,Incorrect,0.223717
datasets/train/Felt_Leaf/Felt_Leaf00185.jpg,Felt_Leaf,Leaf_Gall,Incorrect,0.694871
datasets/test/Healthy_Leaf/Healthy_Leaf00347.jpg,Healthy_Leaf,Healthy_Leaf,Correct,0.946930
datasets/train/Leaf_Blight/Leaf_Blight00377.jpg,Leaf_Blight,Felt_Leaf,Incorrect,0.335994
datasets/test/Dry_Leaf/Dry_Leaf00272.jpg,Dry_Leaf,Dry_Leaf,Correct,0.917388
datasets/train/Curl_Leaf/Curl_Leaf00171.jpg,Curl_Leaf,Curl_Leaf,Correct,0.752577
datasets/train/Leaf_Gall/Leaf_Gall00082.jpg,Leaf_Gall,Bituminous_Leaf,Incorrect,0.270875
datasets/test/Felt_Leaf/Felt_Leaf00173.jpg,Felt_Leaf,Felt_Leaf,Correct,0.433632
datasets/train/Dry_Leaf/Dry_Leaf00120.jpg,Dry_Leaf,Dry_Leaf,Correct,0.956016
datasets/train/Fungal_Leaf_Spot/Fungal_Leaf_Spot00499.jpg,Fungal_Leaf_Spot,Leaf_Gall,Incorrect,0.387938
datasets/test/Leaf_Blight/Leaf_Blight00343.jpg,Leaf_Blight,Leaf_Blight,Correct,0.482272
datasets/test/Fungal_Leaf_Spot/Fungal_Leaf_Spot00452.jpg,Fungal_Leaf_Spot,Healthy_Leaf,Incorrect,0.456707
datasets/train/Healthy_Leaf/Healthy_Leaf00009.jpg,Healthy_Leaf,Healthy_Leaf,Correct,0.577368
datasets/train/Fungal_Leaf_Spot/Fungal_Leaf_Spot00542.jpg,Fungal_Leaf_Spot,Fungal_Leaf_Spot,Correct,0.801270
datasets/train/Fungal_Leaf_Spot/Fungal_Leaf_Spot00135.jpg,Fungal_Leaf_Spot,Fungal_Leaf_Spot,Correct,0.290180
datasets/train/Leaf_Blight/Leaf_Blight00259.jpg,Leaf_Blight,Leaf_Gall,Incorrect,0.435832
datasets/train/Leaf_Gall/Leaf_Gall00287.jpg,Leaf_Gall,Leaf_Gall,Correct,0.898896
datasets/train/Leaf_Gall/Leaf_Gall00508.jpg,Leaf_Gall,Healthy_Leaf,Incorrect,0.314761
datasets/test/Leaf_Gall/Leaf_Gall00234.jpg,Leaf_Gall,Leaf_Gall,Correct,0.980480
datasets/train/Curl_Leaf/Curl_Leaf00150.jpg,Curl_Leaf,Healthy_Leaf,Incorrect,0.490706
datasets/test/Dry_Leaf/Dry_Leaf00169.jpg,Dry_Leaf,Dry_Leaf,Correct,0.547941
datasets/train/Healthy_Leaf/Healthy_Leaf00571.jpg,Healthy_Leaf,Healthy_Leaf,Correct,0.974313
datasets/test/Fungal_Leaf_Spot/Fungal_Leaf_Spot00504.jpg,Fungal_Leaf_Spot,Fungal_Leaf_Spot,Correct,0.539286
datasets/test/Felt_Leaf/Felt_Leaf00330.jpg,Felt_Leaf,Fungal_Leaf_Spot,Incorrect,0.284089
datasets/train/Dry_Leaf/Dry_Leaf00234.jpg,Dry_Leaf,Healthy_Leaf,Incorrect,0.523297
datasets/test/Healthy_Leaf/Healthy_Leaf00230.jpg,Healthy_Leaf,Healthy_Leaf,Correct,0.755317
datasets/train/Leaf_Blight/Leaf_Blight00535.jpg,Leaf_Blight,Leaf_Blight,Correct,0.956419
datasets/train/Felt_Leaf/Felt_Leaf00192.jpg,Felt_Leaf,Fungal_Leaf_Spot,Incorrect,0.537480
datasets/train/Leaf_Blight/Leaf_Blight00093.jpg,Leaf_Blight,Felt_Leaf,Incorrect,0.326601
datasets/train/Dry_Leaf/Dry_Leaf00163.jpg,Dry_Leaf,Dry_Leaf,Correct,0.823003
datasets/test/Fungal_Leaf_Spot/Fungal_Leaf_Spot00128.jpg,Fungal_Leaf_Spot,Leaf_Blight,Incorrect,0.638158
datasets/test/Leaf_Blight/Leaf_Blight00334.jpg,Leaf_Blight,Leaf_Blight,Correct,0.757431
datasets/test/Fungal_Leaf_Spot/Fungal_Leaf_Spot00229.jpg,Fungal_Leaf_Spot,Fungal_Leaf_Spot,Correct,0.864001
datasets/test/Leaf_Gall/Leaf_Gall00081.jpg,Leaf_Gall,Leaf_Gall,Correct,0.616656
datasets/train/Felt_Leaf/Felt_Leaf00280.jpg,Felt_Leaf,Fungal_Leaf_Spot,Incorrect,0.370199
datasets/test/Bituminous_Leaf/Bituminous_Leaf00119.jpg,Bituminous_Leaf,Fungal_Leaf_Spot,Incorrect,0.270038
datasets/test/Leaf_Blight/Leaf_Blight00289.jpg,Leaf_Blight,Healthy_Leaf,Incorrect,0.526424
datasets/test/Fungal_Leaf_Spot/Fungal_Leaf_Spot00353.jpg,Fungal_Leaf_Spot,Felt_Leaf,Incorrect,0.351148
datasets/test/Fungal_Leaf_Spot/Fungal_Leaf_Spot00433.jpg,Fungal_Leaf_Spot,Fungal_Leaf_Spot,Correct,0.900619
datasets/train/Felt_Leaf/Felt_Leaf00148.jpg,Felt_Leaf,Leaf_Blight,Incorrect,0.576603
datasets/test/Healthy_Leaf/Healthy_Leaf00159.jpg,Healthy_Leaf,Healthy_Leaf,Correct,0.980295
datasets/test/Dry_Leaf/Dry_Leaf00026.jpg,Dry_Leaf,Dry_Leaf,Correct,0.968267
datasets/train/Healthy_Leaf/Healthy_Leaf00217.jpg,Healthy_Leaf,Felt_Leaf,Incorrect,0.267463
datasets/test/Leaf_Gall/Leaf_Gall00038.jpg,Leaf_Gall,Leaf_Blight,Incorrect,0.417546
datasets/test/Dry_Leaf/Dry_Leaf00024.jpg,Dry_Leaf,Dry_Leaf,Correct,0.980286
datasets/test/Curl_Leaf/Curl_Leaf00046.jpg,Curl_Leaf,Leaf_Gall,Incorrect,0.418389
datasets/test/Felt_Leaf/Felt_Leaf00123.jpg,Felt_Leaf,Healthy_Leaf,Incorrect,0.398935
datasets/train/Healthy_Leaf/Healthy_Leaf00319.jpg,Healthy_Leaf,Healthy_Leaf,Correct,0.787209
datasets/train/Healthy_Leaf/Healthy_Leaf00399.jpg,Healthy_Leaf,Healthy_Leaf,Correct,0.376060
datasets/test/Fungal_Leaf_Spot/Fungal_Leaf_Spot00017.jpg,Fungal_Leaf_Spot,Fungal_Leaf_Spot,Correct,0.503053
datasets/test/Leaf_Blight/Leaf_Blight00346.jpg,Leaf_Blight,Leaf_Blight,Correct,0.495460
datasets/test/Fungal_Leaf_Spot/Fungal_Leaf_Spot00168.jpg,Fungal_Leaf_Spot,Felt_Leaf,Incorrect,0.481819
datasets/test/Fungal_Leaf_Spot/Fungal_Leaf_Spot00332.jpg,Fungal_Leaf_Spot,Leaf_Blight,Incorrect,0.385025
datasets/train/Fungal_Leaf_Spot/Fungal_Leaf_Spot00345.jpg,Fungal_Leaf_Spot,Fungal_Leaf_Spot,Correct,0.409584
datasets/test/Anthrax_Leaf/Anthrax_Leaf00089.jpg,Anthrax_Leaf,Anthrax_Leaf,Correct,0.398000
datasets/test/Leaf_Blight/Leaf_Blight00444.jpg,Leaf_Blight,Leaf_Blight,Correct,0.552257
datasets/test/Dry_Leaf/Dry_Leaf00005.jpg,Dry_Leaf,Dry_Leaf,Correct,0.968525
datasets/test/Leaf_Gall/Leaf_Gall00192.jpg,Leaf_Gall,Leaf_Blight,Incorrect,0.411382
datasets/test/Felt_Leaf/Felt_Leaf00113.jpg,Felt_Leaf,Felt_Leaf,Correct,0.809200
datasets/test/Anthrax_Leaf/Anthrax_Leaf00065.jpg,Anthrax_Leaf,Dry_Leaf,Incorrect,0.352670
datasets/test/Fungal_Leaf_Spot/Fungal_Leaf_Spot00530.jpg,Fungal_Leaf_Spot,Fungal_Leaf_Spot,Correct,0.763613
datasets/test/Leaf_Gall/Leaf_Gall00040.jpg,Leaf_Gall,Leaf_Gall,Correct,0.843884
datasets/train/Leaf_Blight/Leaf_Blight00237.jpg,Leaf_Blight,Leaf_Blight,Correct,0.280293
datasets/train/Leaf_Gall/Leaf_Gall00340.jpg,Leaf_Gall,Felt_Leaf,Incorrect,0.324333
datasets/train/Leaf_Gall/Leaf_Gall00147.jpg,Leaf_Gall,Felt_Leaf,Incorrect,0.546994
datasets/test/Fungal_Leaf_Spot/Fungal_Leaf_Spot00263.jpg,Fungal_Leaf_Spot,Fungal_Leaf_Spot,Correct,0.743464
datasets/test/Leaf_Gall/Leaf_Gall00107.jpg,Leaf_Gall,Leaf_Gall,Correct,0.491786
datasets/train/Leaf_Gall/Leaf_Gall00190.jpg,Leaf_Gall,Leaf_Gall,Correct,0.313052
datasets/test/Felt_Leaf/Felt_Leaf00114.jpg,Felt_Leaf,Felt_Leaf,Correct,0.489671
datasets/test/Fungal_Leaf_Spot/Fungal_Leaf_Spot00034.jpg,Fungal_Leaf_Spot,Fungal_Leaf_Spot,Correct,0.533785
datasets/train/Healthy_Leaf/Healthy_Leaf00115.jpg,Healthy_Leaf,Healthy_Leaf,Correct,0.952239
datasets/test/Deficiency_Leaf/Deficiency_Leaf00037.jpg,Deficiency_Leaf,Deficiency_Leaf,Correct,0.325568
datasets/test/Fungal_Leaf_Spot/Fungal_Leaf_Spot00124.jpg,Fungal_Leaf_Spot,Fungal_Leaf_Spot,Correct,0.904246
datasets/train/Leaf_Gall/Leaf_Gall00572.jpg,Leaf_Gall,Dry_Leaf,Incorrect,0.579524
datasets/test/Anthrax_Leaf/Anthrax_Leaf00135.jpg,Anthrax_Leaf,Anthrax_Leaf,Correct,0.866478
datasets/test/Healthy_Leaf/Healthy_Leaf00488.jpg,Healthy_Leaf,Curl_Leaf,Incorrect,0.442110
datasets/test/Leaf_Blight/Leaf_Blight00120.jpg,Leaf_Blight,Leaf_Blight,Correct,0.927068
datasets/test/Leaf_Gall/Leaf_Gall00438.jpg,Leaf_Gall,Fungal_Leaf_Spot,Incorrect,0.281877
datasets/train/Curl_Leaf/Curl_Leaf00038.jpg,Curl_Leaf,Curl_Leaf,Correct,0.878481
datasets/test/Felt_Leaf/Felt_Leaf00241.jpg,Felt_Leaf,Leaf_Gall,Incorrect,0.365056
datasets/train/Leaf_Blight/Leaf_Blight00380.jpg,Leaf_Blight,Leaf_Blight,Correct,0.920249
datasets/train/Healthy_Leaf/Healthy_Leaf00265.jpg,Healthy_Leaf,Healthy_Leaf,Correct,0.947540
datasets/test/Felt_Leaf/Felt_Leaf00043.jpg,Felt_Leaf,Felt_Leaf,Correct,0.822040
datasets/test/Leaf_Blight/Leaf_Blight00558.jpg,Leaf_Blight,Leaf_Blight,Correct,0.483026
datasets/test/Fungal_Leaf_Spot/Fungal_Leaf_Spot00068.jpg,Fungal_Leaf_Spot,Fungal_Leaf_Spot,Correct,0.714126
datasets/train/Leaf_Gall/Leaf_Gall00492.jpg,Leaf_Gall,Leaf_Gall,Correct,0.331593
datasets/test/Anthrax_Leaf/Anthrax_Leaf00012.jpg,Anthrax_Leaf,Dry_Leaf,Incorrect,0.594000
datasets/test/Leaf_Gall/Leaf_Gall00074.jpg,Leaf_Gall,Healthy_Leaf,Incorrect,0.396793
datasets/train/Fungal_Leaf_Spot/Fungal_Leaf_Spot00299.jpg,Fungal_Leaf_Spot,Fungal_Leaf_Spot,Correct,0.665130
datasets/train/Fungal_Leaf_Spot/Fungal_Leaf_Spot00212.jpg,Fungal_Leaf_Spot,Healthy_Leaf,Incorrect,0.630494
datasets/test/Leaf_Blight/Leaf_Blight00076.jpg,Leaf_Blight,Healthy_Leaf,Incorrect,0.276659
datasets/train/Healthy_Leaf/Healthy_Leaf00235.jpg,Healthy_Leaf,Healthy_Leaf,Correct,0.983166
datasets/train/Felt_Leaf/Felt_Leaf00070.jpg,Felt_Leaf,Leaf_Gall,Incorrect,0.512004
datasets/test/Leaf_Gall/Leaf_Gall00306.jpg,Leaf_Gall,Leaf_Blight,Incorrect,0.573494
datasets/test/Fungal_Leaf_Spot/Fungal_Leaf_Spot00362.jpg,Fungal_Leaf_Spot,Leaf_Blight,Incorrect,0.683168
datasets/test/Leaf_Blight/Leaf_Blight00517.jpg,Leaf_Blight,Leaf_Blight,Correct,0.777367
datasets/test/Curl_Leaf/Curl_Leaf00034.jpg,Curl_Leaf,Deficiency_Leaf,Incorrect,0.384628
datasets/test/Leaf_Gall/Leaf_Gall00298.jpg,Leaf_Gall,Leaf_Gall,Correct,0.896300
datasets/test/Fungal_Leaf_Spot/Fungal_Leaf_Spot00348.jpg,Fungal_Leaf_Spot,Fungal_Leaf_Spot,Correct,0.416184
datasets/train/Leaf_Gall/Leaf_Gall00526.jpg,Leaf_Gall,Leaf_Gall,Correct,0.332852
datasets/test/Felt_Leaf/Felt_Leaf00175.jpg,Felt_Leaf,Felt_Leaf,Correct,0.464995
datasets/train/Healthy_Leaf/Healthy_Leaf00058.jpg,Healthy_Leaf,Healthy_Leaf,Correct,0.966589
datasets/test/Leaf_Blight/Leaf_Blight00560.jpg,Leaf_Blight,Leaf_Blight,Correct,0.707824
datasets/train/Deficiency_Leaf/Deficiency_Leaf00087.jpg,Deficiency_Leaf,Deficiency_Leaf,Correct,0.845218
datasets/train/Deficiency_Leaf/Deficiency_Leaf00013.jpg,Deficiency_Leaf,Deficiency_Leaf,Correct,0.332826
datasets/test/Bituminous_Leaf/Bituminous_Leaf00094.jpg,Bituminous_Leaf,Felt_Leaf,Incorrect,0.241601
datasets/test/Leaf_Blight/Leaf_Blight00434.jpg,Leaf_Blight,Leaf_Blight,Correct,0.600417
datasets/test/Curl_Leaf/Curl_Leaf00112.jpg,Curl_Leaf,Curl_Leaf,Correct,0.395870
datasets/test/Leaf_Gall/Leaf_Gall00050.jpg,Leaf_Gall,Leaf_Gall,Correct,0.872362
datasets/train/Healthy_Leaf/Healthy_Leaf00102.jpg,Healthy_Leaf,Healthy_Leaf,Correct,0.973913
datasets/train/Felt_Leaf/Felt_Leaf00247.jpg,Felt_Leaf,Felt_Leaf,Correct,0.445578
datasets/train/Felt_Leaf/Felt_Leaf00242.jpg,Felt_Leaf,Leaf_Gall,Incorrect,0.387109
datasets/test/Leaf_Gall/Leaf_Gall00284.jpg,Leaf_Gall,Fungal_Leaf_Spot,Incorrect,0.334046
datasets/train/Leaf_Gall/Leaf_Gall00272.jpg,Leaf_Gall,Leaf_Gall,Correct,0.902695
datasets/train/Curl_Leaf/Curl_Leaf00178.jpg,Curl_Leaf,Curl_Leaf,Correct,0.348692
datasets/test/Healthy_Leaf/Healthy_Leaf00067.jpg,Healthy_Leaf,Healthy_Leaf,Correct,0.982697
datasets/test/Dry_Leaf/Dry_Leaf00022.jpg,Dry_Leaf,Dry_Leaf,Correct,0.380188
datasets/test/Fungal_Leaf_Spot/Fungal_Leaf_Spot00118.jpg,Fungal_Leaf_Spot,Felt_Leaf,Incorrect,0.378773
datasets/test/Leaf_Blight/Leaf_Blight00296.jpg,Leaf_Blight,Dry_Leaf,Incorrect,0.455315
datasets/test/Leaf_Gall/Leaf_Gall00228.jpg,Leaf_Gall,Leaf_Gall,Correct,0.918063
datasets/test/Fungal_Leaf_Spot/Fungal_Leaf_Spot00379.jpg,Fungal_Leaf_Spot,Leaf_Blight,Incorrect,0.531156
datasets/test/Leaf_Blight/Leaf_Blight00018.jpg,Leaf_Blight,Leaf_Blight,Correct,0.847651
datasets/test/Leaf_Blight/Leaf_Blight00415.jpg,Leaf_Blight,Leaf_Blight,Correct,0.363516
datasets/test/Leaf_Blight/Leaf_Blight00386.jpg,Leaf_Blight,Leaf_Blight,Correct,0.385545
datasets/train/Fungal_Leaf_Spot/Fungal_Leaf_Spot00184.jpg,Fungal_Leaf_Spot,Fungal_Leaf_Spot,Correct,0.390228
datasets/test/Anthrax_Leaf/Anthrax_Leaf00082.jpg,Anthrax_Leaf,Healthy_Leaf,Incorrect,0.753884
datasets/test/Leaf_Blight/Leaf_Blight00411.jpg,Leaf_Blight,Leaf_Blight,Correct,0.967741
datasets/test/Fungal_Leaf_Spot/Fungal_Leaf_Spot00329.jpg,Fungal_Leaf_Spot,Fungal_Leaf_Spot,Correct,0.595683
datasets/test/Fungal_Leaf_Spot/Fungal_Leaf_Spot00402.jpg,Fungal_Leaf_Spot,Fungal_Leaf_Spot,Correct,0.577805
datasets/test/Bituminous_Leaf/Bituminous_Leaf00022.jpg,Bituminous_Leaf,Fungal_Leaf_Spot,Incorrect,0.639149
datasets/test/Leaf_Blight/Leaf_Blight00313.jpg,Leaf_Blight,Leaf_Blight,Correct,0.414918
datasets/train/Leaf_Gall/Leaf_Gall00338.jpg,Leaf_Gall,Leaf_Blight,Incorrect,0.875212
datasets/train/Leaf_Gall/Leaf_Gall00532.jpg,Leaf_Gall,Leaf_Blight,Incorrect,0.395594
datasets/train/Dry_Leaf/Dry_Leaf00248.jpg,Dry_Leaf,Dry_Leaf,Correct,0.826935
datasets/train/Leaf_Blight/Leaf_Blight00579.jpg,Leaf_Blight,Dry_Leaf,Incorrect,0.277769
datasets/train/Healthy_Leaf/Healthy_Leaf00197.jpg,Healthy_Leaf,Fungal_Leaf_Spot,Incorrect,0.397413
datasets/test/Leaf_Gall/Leaf_Gall00004.jpg,Leaf_Gall,Felt_Leaf,Incorrect,0.380884
datasets/train/Fungal_Leaf_Spot/Fungal_Leaf_Spot00384.jpg,Fungal_Leaf_Spot,Felt_Leaf,Incorrect,0.404490
datasets/test/Leaf_Gall/Leaf_Gall00154.jpg,Leaf_Gall,Leaf_Gall,Correct,0.668518
datasets/train/Fungal_Leaf_Spot/Fungal_Leaf_Spot00271.jpg,Fungal_Leaf_Spot,Fungal_Leaf_Spot,Correct,0.571084
datasets/test/Bituminous_Leaf/Bituminous_Leaf00085.jpg,Bituminous_Leaf,Bituminous_Leaf,Correct,0.515929
datasets/test/Leaf_Gall/Leaf_Gall00277.jpg,Leaf_Gall,Felt_Leaf,Incorrect,0.648270
datasets/test/Felt_Leaf/Felt_Leaf00212.jpg,Felt_Leaf,Felt_Leaf,Correct,0.765744
datasets/test/Fungal_Leaf_Spot/Fungal_Leaf_Spot00161.jpg,Fungal_Leaf_Spot,Fungal_Leaf_Spot,Correct,0.906256
datasets/train/Bituminous_Leaf/Bituminous_Leaf00019.jpg,Bituminous_Leaf,Bituminous_Leaf,Correct,0.767188
datasets/test/Dry_Leaf/Dry_Leaf00200.jpg,Dry_Leaf,Dry_Leaf,Correct,0.539081
datasets/test/Leaf_Blight/Leaf_Blight00322.jpg,Leaf_Blight,Leaf_Blight,Correct,0.895955
datasets/test/Healthy_Leaf/Healthy_Leaf00433.jpg,Healthy_Leaf,Healthy_Leaf,Correct,0.964659
datasets/test/Felt_Leaf/Felt_Leaf00210.jpg,Felt_Leaf,Felt_Leaf,Correct,0.589905
datasets/train/Leaf_Blight/Leaf_Blight00326.jpg,Leaf_Blight,Leaf_Blight,Correct,0.968279
datasets/test/Curl_Leaf/Curl_Leaf00108.jpg,Curl_Leaf,Leaf_Blight,Incorrect,0.303461
datasets/test/Leaf_Blight/Leaf_Blight00425.jpg,Leaf_Blight,Leaf_Blight,Correct,0.956840
datasets/train/Leaf_Blight/Leaf_Blight00029.jpg,Leaf_Blight,Healthy_Leaf,Incorrect,0.397428
datasets/test/Dry_Leaf/Dry_Leaf00304.jpg,Dry_Leaf,Dry_Leaf,Correct,0.614868
datasets/train/Leaf_Gall/Leaf_Gall00196.jpg,Leaf_Gall,Leaf_Gall,Correct,0.934336
datasets/test/Leaf_Blight/Leaf_Blight00007.jpg,Leaf_Blight,Leaf_Blight,Correct,0.332990
datasets/test/Healthy_Leaf/Healthy_Leaf00592.jpg,Healthy_Leaf,Healthy_Leaf,Correct,0.928909
datasets/test/Felt_Leaf/Felt_Leaf00052.jpg,Felt_Leaf,Felt_Leaf,Correct,0.970012
datasets/test/Anthrax_Leaf/Anthrax_Leaf00112.jpg,Anthrax_Leaf,Anthrax_Leaf,Correct,0.434423
datasets/test/Dry_Leaf/Dry_Leaf00232.jpg,Dry_Leaf,Dry_Leaf,Correct,0.596566
datasets/train/Dry_Leaf/Dry_Leaf00217.jpg,Dry_Leaf,Fungal_Leaf_Spot,Incorrect,0.419102
datasets/test/Bituminous_Leaf/Bituminous_Leaf00014.jpg,Bituminous_Leaf,Fungal_Leaf_Spot,Incorrect,0.577511
datasets/test/Dry_Leaf/Dry_Leaf00139.jpg,Dry_Leaf,Dry_Leaf,Correct,0.974972
datasets/test/Dry_Leaf/Dry_Leaf00155.jpg,Dry_Leaf,Dry_Leaf,Correct,0.901070
datasets/test/Leaf_Blight/Leaf_Blight00075.jpg,Leaf_Blight,Fungal_Leaf_Spot,Incorrect,0.307685
datasets/train/Felt_Leaf/Felt_Leaf00207.jpg,Felt_Leaf,Felt_Leaf,Correct,0.290834
datasets/test/Leaf_Gall/Leaf_Gall00463.jpg,Leaf_Gall,Fungal_Leaf_Spot,Incorrect,0.200053
datasets/train/Healthy_Leaf/Healthy_Leaf00040.jpg,Healthy_Leaf,Healthy_Leaf,Correct,0.917235
datasets/test/Fungal_Leaf_Spot/Fungal_Leaf_Spot00343.jpg,Fungal_Leaf_Spot,Fungal_Leaf_Spot,Correct,0.562904
datasets/train/Leaf_Blight/Leaf_Blight00392.jpg,Leaf_Blight,Leaf_Blight,Correct,0.857818
datasets/train/Dry_Leaf/Dry_Leaf00031.jpg,Dry_Leaf,Dry_Leaf,Correct,0.804345
datasets/train/Felt_Leaf/Felt_Leaf00252.jpg,Felt_Leaf,Leaf_Blight,Incorrect,0.226432
datasets/test/Fungal_Leaf_Spot/Fungal_Leaf_Spot00296.jpg,Fungal_Leaf_Spot,Felt_Leaf,Incorrect,0.511931
datasets/train/Healthy_Leaf/Healthy_Leaf00551.jpg,Healthy_Leaf,Leaf_Gall,Incorrect,0.362000
datasets/test/Healthy_Leaf/Healthy_Leaf00385.jpg,Healthy_Leaf,Healthy_Leaf,Correct,0.717231
datasets/test/Curl_Leaf/Curl_Leaf00154.jpg,Curl_Leaf,Healthy_Leaf,Incorrect,0.245513
datasets/test/Deficiency_Leaf/Deficiency_Leaf00045.jpg,Deficiency_Leaf,Leaf_Gall,Incorrect,0.254948
datasets/test/Curl_Leaf/Curl_Leaf00110.jpg,Curl_Leaf,Leaf_Blight,Incorrect,0.266872
datasets/test/Healthy_Leaf/Healthy_Leaf00232.jpg,Healthy_Leaf,Healthy_Leaf,Correct,0.981593
datasets/test/Healthy_Leaf/Healthy_Leaf00428.jpg,Healthy_Leaf,Healthy_Leaf,Correct,0.927553
datasets/test/Fungal_Leaf_Spot/Fungal_Leaf_Spot00570.jpg,Fungal_Leaf_Spot,Fungal_Leaf_Spot,Correct,0.666360
datasets/train/Leaf_Blight/Leaf_Blight00491.jpg,Leaf_Blight,Leaf_Blight,Correct,0.933563
datasets/test/Anthrax_Leaf/Anthrax_Leaf00018.jpg,Anthrax_Leaf,Dry_Leaf,Incorrect,0.388784
datasets/test/Healthy_Leaf/Healthy_Leaf00581.jpg,Healthy_Leaf,Healthy_Leaf,Correct,0.628206
datasets/test/Fungal_Leaf_Spot/Fungal_Leaf_Spot00520.jpg,Fungal_Leaf_Spot,Fungal_Leaf_Spot,Correct,0.575740
datasets/test/Leaf_Gall/Leaf_Gall00175.jpg,Leaf_Gall,Leaf_Gall,Correct,0.350459
datasets/test/Fungal_Leaf_Spot/Fungal_Leaf_Spot00430.jpg,Fungal_Leaf_Spot,Fungal_Leaf_Spot,Correct,0.255213
datasets/train/Fungal_Leaf_Spot/Fungal_Leaf_Spot00373.jpg,Fungal_Leaf_Spot,Fungal_Leaf_Spot,Correct,0.550500
datasets/test/Dry_Leaf/Dry_Leaf00029.jpg,Dry_Leaf,Dry_Leaf,Correct,0.637672
datasets/test/Fungal_Leaf_Spot/Fungal_Leaf_Spot00170.jpg,Fungal_Leaf_Spot,Fungal_Leaf_Spot,Correct,0.563613
datasets/train/Deficiency_Leaf/Deficiency_Leaf00012.jpg,Deficiency_Leaf,Leaf_Gall,Incorrect,0.283140
datasets/train/Fungal_Leaf_Spot/Fungal_Leaf_Spot00375.jpg,Fungal_Leaf_Spot,Felt_Leaf,Incorrect,0.549411
datasets/test/Felt_Leaf/Felt_Leaf00156.jpg,Felt_Leaf,Leaf_Gall,Incorrect,0.238888
datasets/train/Leaf_Gall/Leaf_Gall00563.jpg,Leaf_Gall,Leaf_Blight,Incorrect,0.238706
datasets/test/Leaf_Blight/Leaf_Blight00037.jpg,Leaf_Blight,Leaf_Blight,Correct,0.729631
datasets/test/Felt_Leaf/Felt_Leaf00029.jpg,Felt_Leaf,Felt_Leaf,Correct,0.821493
datasets/train/Fungal_Leaf_Spot/Fungal_Leaf_Spot00105.jpg,Fungal_Leaf_Spot,Leaf_Blight,Incorrect,0.576203
datasets/test/Dry_Leaf/Dry_Leaf00091.jpg,Dry_Leaf,Dry_Leaf,Correct,0.986746
datasets/test/Leaf_Gall/Leaf_Gall00007.jpg,Leaf_Gall,Leaf_Blight,Incorrect,0.425461
datasets/train/Fungal_Leaf_Spot/Fungal_Leaf_Spot00363.jpg,Fungal_Leaf_Spot,Leaf_Blight,Incorrect,0.488077
datasets/test/Dry_Leaf/Dry_Leaf00343.jpg,Dry_Leaf,Dry_Leaf,Correct,0.285040
datasets/test/Leaf_Blight/Leaf_Blight00332.jpg,Leaf_Blight,Leaf_Blight,Correct,0.991398
datasets/test/Felt_Leaf/Felt_Leaf00368.jpg,Felt_Leaf,Felt_Leaf,Correct,0.968310
datasets/train/Healthy_Leaf/Healthy_Leaf00353.jpg,Healthy_Leaf,Healthy_Leaf,Correct,0.981526
datasets/train/Healthy_Leaf/Healthy_Leaf00137.jpg,Healthy_Leaf,Healthy_Leaf,Correct,0.997414
datasets/test/Fungal_Leaf_Spot/Fungal_Leaf_Spot00453.jpg,Fungal_Leaf_Spot,Felt_Leaf,Incorrect,0.760607
datasets/test/Healthy_Leaf/Healthy_Leaf00081.jpg,Healthy_Leaf,Healthy_Leaf,Correct,0.896123
datasets/test/Curl_Leaf/Curl_Leaf00115.jpg,Curl_Leaf,Curl_Leaf,Correct,0.653101
datasets/test/Dry_Leaf/Dry_Leaf00025.jpg,Dry_Leaf,Dry_Leaf,Correct,0.902852
datasets/train/Leaf_Gall/Leaf_Gall00106.jpg,Leaf_Gall,Fungal_Leaf_Spot,Incorrect,0.376065
datasets/test/Felt_Leaf/Felt_Leaf00182.jpg,Felt_Leaf,Leaf_Gall,Incorrect,0.281549
datasets/train/Leaf_Gall/Leaf_Gall00380.jpg,Leaf_Gall,Leaf_Gall,Correct,0.934729
datasets/test/Healthy_Leaf/Healthy_Leaf00612.jpg,Healthy_Leaf,Healthy_Leaf,Correct,0.775387
datasets/test/Leaf_Blight/Leaf_Blight00142.jpg,Leaf_Blight,Leaf_Blight,Correct,0.895228
datasets/test/Dry_Leaf/Dry_Leaf00112.jpg,Dry_Leaf,Leaf_Gall,Incorrect,0.474848
datasets/test/Leaf_Gall/Leaf_Gall00031.jpg,Leaf_Gall,Fungal_Leaf_Spot,Incorrect,0.429882
datasets/test/Leaf_Blight/Leaf_Blight00550.jpg,Leaf_Blight,Leaf_Blight,Correct,0.584050
datasets/test/Dry_Leaf/Dry_Leaf00280.jpg,Dry_Leaf,Dry_Leaf,Correct,0.984866
datasets/test/Leaf_Gall/Leaf_Gall00213.jpg,Leaf_Gall,Leaf_Gall,Correct,0.623096
datasets/test/Leaf_Gall/Leaf_Gall00539.jpg,Leaf_Gall,Leaf_Gall,Correct,0.419727
datasets/test/Felt_Leaf/Felt_Leaf00235.jpg,Felt_Leaf,Felt_Leaf,Correct,0.640675
datasets/train/Fungal_Leaf_Spot/Fungal_Leaf_Spot00524.jpg,Fungal_Leaf_Spot,Fungal_Leaf_Spot,Correct,0.660567
datasets/train/Leaf_Gall/Leaf_Gall00162.jpg,Leaf_Gall,Leaf_Gall,Correct,0.682201
datasets/test/Healthy_Leaf/Healthy_Leaf00246.jpg,Healthy_Leaf,Healthy_Leaf,Correct,0.827536
datasets/test/Leaf_Blight/Leaf_Blight00445.jpg,Leaf_Blight,Leaf_Blight,Correct,0.445912
datasets/test/Leaf_Gall/Leaf_Gall00377.jpg,Leaf_Gall,Felt_Leaf,Incorrect,0.625601
datasets/test/Healthy_Leaf/Healthy_Leaf00297.jpg,Healthy_Leaf,Healthy_Leaf,Correct,0.993767
datasets/train/Leaf_Gall/Leaf_Gall00281.jpg,Leaf_Gall,Healthy_Leaf,Incorrect,0.323100
datasets/test/Leaf_Blight/Leaf_Blight00079.jpg,Leaf_Blight,Felt_Leaf,Incorrect,0.425673
datasets/test/Leaf_Gall/Leaf_Gall00011.jpg,Leaf_Gall,Leaf_Blight,Incorrect,0.760648
datasets/train/Fungal_Leaf_Spot/Fungal_Leaf_Spot00188.jpg,Fungal_Leaf_Spot,Fungal_Leaf_Spot,Correct,0.838500
datasets/train/Fungal_Leaf_Spot/Fungal_Leaf_Spot00359.jpg,Fungal_Leaf_Spot,Fungal_Leaf_Spot,Correct,0.252239
datasets/test/Leaf_Gall/Leaf_Gall00402.jpg,Leaf_Gall,Fungal_Leaf_Spot,Incorrect,0.234083
datasets/train/Fungal_Leaf_Spot/Fungal_Leaf_Spot00428.jpg,Fungal_Leaf_Spot,Fungal_Leaf_Spot,Correct,0.379175
datasets/test/Leaf_Blight/Leaf_Blight00241.jpg,Leaf_Blight,Curl_Leaf,Incorrect,0.534130
datasets/test/Leaf_Gall/Leaf_Gall00250.jpg,Leaf_Gall,Felt_Leaf,Incorrect,0.402415
datasets/train/Curl_Leaf/Curl_Leaf00018.jpg,Curl_Leaf,Leaf_Blight,Incorrect,0.435932
datasets/test/Felt_Leaf/Felt_Leaf00079.jpg,Felt_Leaf,Leaf_Gall,Incorrect,0.332951
datasets/test/Leaf_Blight/Leaf_Blight00441.jpg,Leaf_Blight,Leaf_Blight,Correct,0.624658
datasets/test/Felt_Leaf/Felt_Leaf00248.jpg,Felt_Leaf,Felt_Leaf,Correct,0.306585
datasets/test/Deficiency_Leaf/Deficiency_Leaf00068.jpg,Deficiency_Leaf,Fungal_Leaf_Spot,Incorrect,0.286247
datasets/test/Dry_Leaf/Dry_Leaf00001.jpg,Dry_Leaf,Dry_Leaf,Correct,0.911959
datasets/train/Leaf_Blight/Leaf_Blight00447.jpg,Leaf_Blight,Leaf_Blight,Correct,0.764828
datasets/train/Leaf_Blight/Leaf_Blight00211.jpg,Leaf_Blight,Leaf_Blight,Correct,0.884458
datasets/train/Bituminous_Leaf/Bituminous_Leaf00009.jpg,Bituminous_Leaf,Fungal_Leaf_Spot,Incorrect,0.747812
datasets/train/Leaf_Blight/Leaf_Blight00109.jpg,Leaf_Blight,Fungal_Leaf_Spot,Incorrect,0.557161
datasets/train/Healthy_Leaf/Healthy_Leaf00041.jpg,Healthy_Leaf,Healthy_Leaf,Correct,0.976128
datasets/train/Anthrax_Leaf/Anthrax_Leaf00114.jpg,Anthrax_Leaf,Anthrax_Leaf,Correct,0.437865
datasets/train/Leaf_Blight/Leaf_Blight00113.jpg,Leaf_Blight,Leaf_Blight,Correct,0.984431
datasets/test/Leaf_Blight/Leaf_Blight00339.jpg,Leaf_Blight,Leaf_Blight,Correct,0.660256
datasets/train/Leaf_Gall/Leaf_Gall00427.jpg,Leaf_Gall,Leaf_Gall,Correct,0.352108
datasets/test/Fungal_Leaf_Spot/Fungal_Leaf_Spot00173.jpg,Fungal_Leaf_Spot,Dry_Leaf,Incorrect,0.622449
datasets/train/Leaf_Blight/Leaf_Blight00407.jpg,Leaf_Blight,Fungal_Leaf_Spot,Incorrect,0.421338
datasets/test/Healthy_Leaf/Healthy_Leaf00281.jpg,Healthy_Leaf,Fungal_Leaf_Spot,Incorrect,0.676748
datasets/test/Leaf_Blight/Leaf_Blight00387.jpg,Leaf_Blight,Leaf_Blight,Correct,0.725842
datasets/train/Dry_Leaf/Dry_Leaf00064.jpg,Dry_Leaf,Dry_Leaf,Correct,0.947690
datasets/train/Leaf_Gall/Leaf_Gall00599.jpg,Leaf_Gall,Leaf_Blight,Incorrect,0.520120
datasets/test/Leaf_Blight/Leaf_Blight00255.jpg,Leaf_Blight,Leaf_Blight,Correct,0.805962
datasets/train/Fungal_Leaf_Spot/Fungal_Leaf_Spot00205.jpg,Fungal_Leaf_Spot,Fungal_Leaf_Spot,Correct,0.455609
datasets/test/Curl_Leaf/Curl_Leaf00035.jpg,Curl_Leaf,Leaf_Gall,Incorrect,0.808356
datasets/test/Leaf_Gall/Leaf_Gall00409.jpg,Leaf_Gall,Leaf_Gall,Correct,0.272255
datasets/train/Fungal_Leaf_Spot/Fungal_Leaf_Spot00049.jpg,Fungal_Leaf_Spot,Fungal_Leaf_Spot,Correct,0.858481
datasets/test/Healthy_Leaf/Healthy_Leaf00008.jpg,Healthy_Leaf,Healthy_Leaf,Correct,0.352527
datasets/test/Healthy_Leaf/Healthy_Leaf00054.jpg,Healthy_Leaf,Healthy_Leaf,Correct,0.997524
datasets/test/Leaf_Blight/Leaf_Blight00314.jpg,Leaf_Blight,Leaf_Blight,Correct,0.976247
datasets/train/Curl_Leaf/Curl_Leaf00123.jpg,Curl_Leaf,Leaf_Blight,Incorrect,0.253164
datasets/test/Leaf_Blight/Leaf_Blight00524.jpg,Leaf_Blight,Leaf_Blight,Correct,0.800262
datasets/test/Felt_Leaf/Felt_Leaf00100.jpg,Felt_Leaf,Felt_Leaf,Correct,0.418056
datasets/test/Felt_Leaf/Felt_Leaf00334.jpg,Felt_Leaf,Felt_Leaf,Correct,0.684784
datasets/train/Leaf_Gall/Leaf_Gall00230.jpg,Leaf_Gall,Leaf_Gall,Correct,0.834819
datasets/train/Felt_Leaf/Felt_Leaf00237.jpg,Felt_Leaf,Felt_Leaf,Correct,0.633272
datasets/test/Leaf_Blight/Leaf_Blight00260.jpg,Leaf_Blight,Leaf_Blight,Correct,0.439160
datasets/train/Leaf_Blight/Leaf_Blight00514.jpg,Leaf_Blight,Leaf_Blight,Correct,0.906980
datasets/train/Leaf_Gall/Leaf_Gall00111.jpg,Leaf_Gall,Anthrax_Leaf,Incorrect,0.279453
datasets/train/Leaf_Gall/Leaf_Gall00592.jpg,Leaf_Gall,Leaf_Blight,Incorrect,0.614324
datasets/train/Leaf_Blight/Leaf_Blight00227.jpg,Leaf_Blight,Leaf_Gall,Incorrect,0.543819
datasets/test/Fungal_Leaf_Spot/Fungal_Leaf_Spot00301.jpg,Fungal_Leaf_Spot,Fungal_Leaf_Spot,Correct,0.472276
datasets/test/Healthy_Leaf/Healthy_Leaf00085.jpg,Healthy_Leaf,Healthy_Leaf,Correct,0.768647
datasets/train/Felt_Leaf/Felt_Leaf00311.jpg,Felt_Leaf,Felt_Leaf,Correct,0.572195
datasets/test/Healthy_Leaf/Healthy_Leaf00140.jpg,Healthy_Leaf,Healthy_Leaf,Correct,0.910250
datasets/test/Anthrax_Leaf/Anthrax_Leaf00103.jpg,Anthrax_Leaf,Leaf_Gall,Incorrect,0.373418
datasets/test/Dry_Leaf/Dry_Leaf00148.jpg,Dry_Leaf,Dry_Leaf,Correct,0.960509
datasets/test/Bituminous_Leaf/Bituminous_Leaf00081.jpg,Bituminous_Leaf,Bituminous_Leaf,Correct,0.911410
datasets/train/Leaf_Gall/Leaf_Gall00571.jpg,Leaf_Gall,Leaf_Gall,Correct,0.256260
datasets/train/Anthrax_Leaf/Anthrax_Leaf00038.jpg,Anthrax_Leaf,Anthrax_Leaf,Correct,0.924601
datasets/test/Felt_Leaf/Felt_Leaf00076.jpg,Felt_Leaf,Leaf_Blight,Incorrect,0.359495
datasets/train/Healthy_Leaf/Healthy_Leaf00123.jpg,Healthy_Leaf,Healthy_Leaf,Correct,0.991810
datasets/test/Healthy_Leaf/Healthy_Leaf00555.jpg,Healthy_Leaf,Leaf_Gall,Incorrect,0.361555
datasets/test/Healthy_Leaf/Healthy_Leaf00394.jpg,Healthy_Leaf,Healthy_Leaf,Correct,0.379675
datasets/test/Leaf_Gall/Leaf_Gall00446.jpg,Leaf_Gall,Dry_Leaf,Incorrect,0.449991
datasets/test/Leaf_Blight/Leaf_Blight00297.jpg,Leaf_Blight,Leaf_Blight,Correct,0.387497
datasets/train/Leaf_Gall/Leaf_Gall00578.jpg,Leaf_Gall,Leaf_Blight,Incorrect,0.522274
datasets/test/Leaf_Blight/Leaf_Blight00303.jpg,Leaf_Blight,Fungal_Leaf_Spot,Incorrect,0.630372
datasets/train/Leaf_Blight/Leaf_Blight00129.jpg,Leaf_Blight,Leaf_Blight,Correct,0.913736
datasets/train/Fungal_Leaf_Spot/Fungal_Leaf_Spot00012.jpg,Fungal_Leaf_Spot,Fungal_Leaf_Spot,Correct,0.272561
datasets/test/Curl_Leaf/Curl_Leaf00012.jpg,Curl_Leaf,Curl_Leaf,Correct,0.693618
datasets/test/Leaf_Gall/Leaf_Gall00428.jpg,Leaf_Gall,Leaf_Gall,Correct,0.479775
datasets/test/Anthrax_Leaf/Anthrax_Leaf00025.jpg,Anthrax_Leaf,Anthrax_Leaf,Correct,0.556399
datasets/train/Felt_Leaf/Felt_Leaf00288.jpg,Felt_Leaf,Leaf_Gall,Incorrect,0.624002
datasets/test/Leaf_Gall/Leaf_Gall00295.jpg,Leaf_Gall,Leaf_Gall,Correct,0.856017
datasets/test/Leaf_Gall/Leaf_Gall00366.jpg,Leaf_Gall,Leaf_Gall,Correct,0.976783
datasets/train/Fungal_Leaf_Spot/Fungal_Leaf_Spot00349.jpg,Fungal_Leaf_Spot,Leaf_Gall,Incorrect,0.527597
datasets/test/Curl_Leaf/Curl_Leaf00016.jpg,Curl_Leaf,Leaf_Blight,Incorrect,0.340988
datasets/test/Felt_Leaf/Felt_Leaf00045.jpg,Felt_Leaf,Felt_Leaf,Correct,0.877426
datasets/test/Leaf_Gall/Leaf_Gall00399.jpg,Leaf_Gall,Leaf_Gall,Correct,0.358271
datasets/train/Felt_Leaf/Felt_Leaf00228.jpg,Felt_Leaf,Felt_Leaf,Correct,0.676022
datasets/test/Healthy_Leaf/Healthy_Leaf00358.jpg,Healthy_Leaf,Healthy_Leaf,Correct,0.906028
datasets/train/Fungal_Leaf_Spot/Fungal_Leaf_Spot00513.jpg,Fungal_Leaf_Spot,Fungal_Leaf_Spot,Correct,0.492602
datasets/train/Healthy_Leaf/Healthy_Leaf00056.jpg,Healthy_Leaf,Healthy_Leaf,Correct,0.832295
datasets/test/Deficiency_Leaf/Deficiency_Leaf00083.jpg,Deficiency_Leaf,Dry_Leaf,Incorrect,0.360418
datasets/test/Fungal_Leaf_Spot/Fungal_Leaf_Spot00557.jpg,Fungal_Leaf_Spot,Fungal_Leaf_Spot,Correct,0.341513
datasets/train/Leaf_Blight/Leaf_Blight00267.jpg,Leaf_Blight,Leaf_Gall,Incorrect,0.500765
datasets/test/Dry_Leaf/Dry_Leaf00312.jpg,Dry_Leaf,Healthy_Leaf,Incorrect,0.361661
datasets/test/Leaf_Blight/Leaf_Blight00450.jpg,Leaf_Blight,Leaf_Blight,Correct,0.804155
datasets/train/Leaf_Blight/Leaf_Blight00385.jpg,Leaf_Blight,Leaf_Blight,Correct,0.614225
datasets/test/Fungal_Leaf_Spot/Fungal_Leaf_Spot00136.jpg,Fungal_Leaf_Spot,Fungal_Leaf_Spot,Correct,0.358345
datasets/test/Anthrax_Leaf/Anthrax_Leaf00052.jpg,Anthrax_Leaf,Anthrax_Leaf,Correct,0.970997
datasets/train/Healthy_Leaf/Healthy_Leaf00609.jpg,Healthy_Leaf,Healthy_Leaf,Correct,0.296084
datasets/test/Dry_Leaf/Dry_Leaf00270.jpg,Dry_Leaf,Dry_Leaf,Correct,0.477102
datasets/train/Healthy_Leaf/Healthy_Leaf00546.jpg,Healthy_Leaf,Leaf_Blight,Incorrect,0.448085
datasets/test/Bituminous_Leaf/Bituminous_Leaf00130.jpg,Bituminous_Leaf,Bituminous_Leaf,Correct,0.437292
datasets/train/Fungal_Leaf_Spot/Fungal_Leaf_Spot00165.jpg,Fungal_Leaf_Spot,Felt_Leaf,Incorrect,0.393458
datasets/test/Felt_Leaf/Felt_Leaf00196.jpg,Felt_Leaf,Leaf_Gall,Incorrect,0.497125
datasets/train/Leaf_Gall/Leaf_Gall00296.jpg,Leaf_Gall,Leaf_Gall,Correct,0.790013
datasets/train/Leaf_Blight/Leaf_Blight00359.jpg,Leaf_Blight,Leaf_Blight,Correct,0.618153
datasets/train/Leaf_Gall/Leaf_Gall00027.jpg,Leaf_Gall,Leaf_Gall,Correct,0.652000
datasets/train/Fungal_Leaf_Spot/Fungal_Leaf_Spot00449.jpg,Fungal_Leaf_Spot,Fungal_Leaf_Spot,Correct,0.525412
datasets/train/Leaf_Blight/Leaf_Blight00088.jpg,Leaf_Blight,Leaf_Blight,Correct,0.753787
datasets/train/Fungal_Leaf_Spot/Fungal_Leaf_Spot00092.jpg,Fungal_Leaf_Spot,Felt_Leaf,Incorrect,0.310156
datasets/test/Healthy_Leaf/Healthy_Leaf00470.jpg,Healthy_Leaf,Healthy_Leaf,Correct,0.908030
datasets/train/Fungal_Leaf_Spot/Fungal_Leaf_Spot00167.jpg,Fungal_Leaf_Spot,Fungal_Leaf_Spot,Correct,0.702890
datasets/test/Healthy_Leaf/Healthy_Leaf00210.jpg,Healthy_Leaf,Fungal_Leaf_Spot,Incorrect,0.483113
datasets/test/Leaf_Blight/Leaf_Blight00266.jpg,Leaf_Blight,Leaf_Blight,Correct,0.720969
datasets/train/Dry_Leaf/Dry_Leaf00110.jpg,Dry_Leaf,Dry_Leaf,Correct,0.773766
datasets/train/Leaf_Blight/Leaf_Blight00074.jpg,Leaf_Blight,Leaf_Gall,Incorrect,0.608073
datasets/test/Healthy_Leaf/Healthy_Leaf00103.jpg,Healthy_Leaf,Healthy_Leaf,Correct,0.964569
datasets/test/Fungal_Leaf_Spot/Fungal_Leaf_Spot00266.jpg,Fungal_Leaf_Spot,Fungal_Leaf_Spot,Correct,0.810478
datasets/test/Leaf_Blight/Leaf_Blight00423.jpg,Leaf_Blight,Healthy_Leaf,Incorrect,0.363055
datasets/test/Leaf_Blight/Leaf_Blight00574.jpg,Leaf_Blight,Anthrax_Leaf,Incorrect,0.308402
datasets/train/Leaf_Blight/Leaf_Blight00534.jpg,Leaf_Blight,Leaf_Blight,Correct,0.816400
datasets/train/Deficiency_Leaf/Deficiency_Leaf00054.jpg,Deficiency_Leaf,Curl_Leaf,Incorrect,0.306675
datasets/train/Healthy_Leaf/Healthy_Leaf00352.jpg,Healthy_Leaf,Healthy_Leaf,Correct,0.924745
datasets/train/Bituminous_Leaf/Bituminous_Leaf00135.jpg,Bituminous_Leaf,Bituminous_Leaf,Correct,0.832082
datasets/train/Dry_Leaf/Dry_Leaf00055.jpg,Dry_Leaf,Dry_Leaf,Correct,0.802484
datasets/test/Felt_Leaf/Felt_Leaf00143.jpg,Felt_Leaf,Fungal_Leaf_Spot,Incorrect,0.220602
datasets/test/Fungal_Leaf_Spot/Fungal_Leaf_Spot00474.jpg,Fungal_Leaf_Spot,Healthy_Leaf,Incorrect,0.651802
datasets/train/Felt_Leaf/Felt_Leaf00347.jpg,Felt_Leaf,Fungal_Leaf_Spot,Incorrect,0.403887
datasets/test/Felt_Leaf/Felt_Leaf00012.jpg,Felt_Leaf,Fungal_Leaf_Spot,Incorrect,0.267111
datasets/test/Leaf_Blight/Leaf_Blight00547.jpg,Leaf_Blight,Leaf_Blight,Correct,0.955241
datasets/train/Bituminous_Leaf/Bituminous_Leaf00039.jpg,Bituminous_Leaf,Bituminous_Leaf,Correct,0.800902
datasets/test/Leaf_Gall/Leaf_Gall00567.jpg,Leaf_Gall,Leaf_Blight,Incorrect,0.293997
datasets/train/Dry_Leaf/Dry_Leaf00233.jpg,Dry_Leaf,Dry_Leaf,Correct,0.911105
datasets/test/Leaf_Blight/Leaf_Blight00028.jpg,Leaf_Blight,Leaf_Blight,Correct,0.935613
datasets/train/Fungal_Leaf_Spot/Fungal_Leaf_Spot00519.jpg,Fungal_Leaf_Spot,Fungal_Leaf_Spot,Correct,0.770331
datasets/test/Healthy_Leaf/Healthy_Leaf00437.jpg,Healthy_Leaf,Healthy_Leaf,Correct,0.948698
datasets/test/Bituminous_Leaf/Bituminous_Leaf00011.jpg,Bituminous_Leaf,Bituminous_Leaf,Correct,0.439788
datasets/train/Fungal_Leaf_Spot/Fungal_Leaf_Spot00544.jpg,Fungal_Leaf_Spot,Fungal_Leaf_Spot,Correct,0.784712
datasets/test/Healthy_Leaf/Healthy_Leaf00589.jpg,Healthy_Leaf,Healthy_Leaf,Correct,0.808808
datasets/train/Healthy_Leaf/Healthy_Leaf00022.jpg,Healthy_Leaf,Healthy_Leaf,Correct,0.971336
datasets/test/Healthy_Leaf/Healthy_Leaf00185.jpg,Healthy_Leaf,Healthy_Leaf,Correct,0.458900
datasets/test/Fungal_Leaf_Spot/Fungal_Leaf_Spot00110.jpg,Fungal_Leaf_Spot,Fungal_Leaf_Spot,Correct,0.551661
datasets/train/Fungal_Leaf_Spot/Fungal_Leaf_Spot00522.jpg,Fungal_Leaf_Spot,Fungal_Leaf_Spot,Correct,0.752791
datasets/test/Healthy_Leaf/Healthy_Leaf00627.jpg,Healthy_Leaf,Healthy_Leaf,Correct,0.550730
datasets/train/Healthy_Leaf/Healthy_Leaf00317.jpg,Healthy_Leaf,Healthy_Leaf,Correct,0.863160
datasets/test/Felt_Leaf/Felt_Leaf00172.jpg,Felt_Leaf,Fungal_Leaf_Spot,Incorrect,0.732773
datasets/test/Dry_Leaf/Dry_Leaf00273.jpg,Dry_Leaf,Dry_Leaf,Correct,0.655661
datasets/train/Leaf_Blight/Leaf_Blight00035.jpg,Leaf_Blight,Leaf_Blight,Correct,0.493206
datasets/train/Fungal_Leaf_Spot/Fungal_Leaf_Spot00227.jpg,Fungal_Leaf_Spot,Fungal_Leaf_Spot,Correct,0.805201
datasets/test/Leaf_Gall/Leaf_Gall00254.jpg,Leaf_Gall,Leaf_Blight,Incorrect,0.273491
datasets/train/Leaf_Gall/Leaf_Gall00263.jpg,Leaf_Gall,Leaf_Blight,Incorrect,0.759826
datasets/test/Healthy_Leaf/Healthy_Leaf00330.jpg,Healthy_Leaf,Dry_Leaf,Incorrect,0.531020
datasets/train/Curl_Leaf/Curl_Leaf00025.jpg,Curl_Leaf,Felt_Leaf,Incorrect,0.294914
datasets/test/Leaf_Gall/Leaf_Gall00001.jpg,Leaf_Gall,Leaf_Blight,Incorrect,0.373982
datasets/train/Healthy_Leaf/Healthy_Leaf00162.jpg,Healthy_Leaf,Healthy_Leaf,Correct,0.997042
datasets/train/Deficiency_Leaf/Deficiency_Leaf00056.jpg,Deficiency_Leaf,Curl_Leaf,Incorrect,0.629209
datasets/test/Leaf_Blight/Leaf_Blight00317.jpg,Leaf_Blight,Leaf_Blight,Correct,0.926896
datasets/test/Fungal_Leaf_Spot/Fungal_Leaf_Spot00084.jpg,Fungal_Leaf_Spot,Healthy_Leaf,Incorrect,0.736746
datasets/train/Fungal_Leaf_Spot/Fungal_Leaf_Spot00256.jpg,Fungal_Leaf_Spot,Fungal_Leaf_Spot,Correct,0.238202
datasets/test/Leaf_Gall/Leaf_Gall00615.jpg,Leaf_Gall,Felt_Leaf,Incorrect,0.241101
datasets/test/Felt_Leaf/Felt_Leaf00265.jpg,Felt_Leaf,Leaf_Gall,Incorrect,0.454814
datasets/test/Felt_Leaf/Felt_Leaf00106.jpg,Felt_Leaf,Felt_Leaf,Correct,0.624234
datasets/test/Leaf_Gall/Leaf_Gall00297.jpg,Leaf_Gall,Leaf_Gall,Correct,0.403344
datasets/train/Dry_Leaf/Dry_Leaf00298.jpg,Dry_Leaf,Dry_Leaf,Correct,0.984023
datasets/train/Anthrax_Leaf/Anthrax_Leaf00022.jpg,Anthrax_Leaf,Anthrax_Leaf,Correct,0.424116
datasets/test/Leaf_Gall/Leaf_Gall00280.jpg,Leaf_Gall,Fungal_Leaf_Spot,Incorrect,0.424892
datasets/train/Leaf_Blight/Leaf_Blight00395.jpg,Leaf_Blight,Leaf_Blight,Correct,0.422451
datasets/train/Felt_Leaf/Felt_Leaf00168.jpg,Felt_Leaf,Leaf_Gall,Incorrect,0.283168
datasets/train/Anthrax_Leaf/Anthrax_Leaf00049.jpg,Anthrax_Leaf,Healthy_Leaf,Incorrect,0.428678
datasets/test/Healthy_Leaf/Healthy_Leaf00573.jpg,Healthy_Leaf,Healthy_Leaf,Correct,0.991142
datasets/train/Leaf_Blight/Leaf_Blight00490.jpg,Leaf_Blight,Leaf_Blight,Correct,0.974211
datasets/test/Healthy_Leaf/Healthy_Leaf00351.jpg,Healthy_Leaf,Healthy_Leaf,Correct,0.978038
datasets/test/Felt_Leaf/Felt_Leaf00277.jpg,Felt_Leaf,Felt_Leaf,Correct,0.400347
datasets/test/Dry_Leaf/Dry_Leaf00048.jpg,Dry_Leaf,Dry_Leaf,Correct,0.779398
datasets/test/Leaf_Gall/Leaf_Gall00088.jpg,Leaf_Gall,Leaf_Gall,Correct,0.955845
datasets/test/Bituminous_Leaf/Bituminous_Leaf00113.jpg,Bituminous_Leaf,Healthy_Leaf,Incorrect,0.374995
datasets/train/Fungal_Leaf_Spot/Fungal_Leaf_Spot00113.jpg,Fungal_Leaf_Spot,Fungal_Leaf_Spot,Correct,0.877813
datasets/train/Healthy_Leaf/Healthy_Leaf00258.jpg,Healthy_Leaf,Healthy_Leaf,Correct,0.671660
datasets/train/Leaf_Blight/Leaf_Blight00426.jpg,Leaf_Blight,Leaf_Blight,Correct,0.344521
datasets/train/Anthrax_Leaf/Anthrax_Leaf00064.jpg,Anthrax_Leaf,Anthrax_Leaf,Correct,0.757119
datasets/test/Leaf_Blight/Leaf_Blight00119.jpg,Leaf_Blight,Leaf_Blight,Correct,0.971147
datasets/train/Fungal_Leaf_Spot/Fungal_Leaf_Spot00407.jpg,Fungal_Leaf_Spot,Fungal_Leaf_Spot,Correct,0.494049
datasets/test/Curl_Leaf/Curl_Leaf00133.jpg,Curl_Leaf,Felt_Leaf,Incorrect,0.336477
datasets/train/Bituminous_Leaf/Bituminous_Leaf00073.jpg,Bituminous_Leaf,Bituminous_Leaf,Correct,0.867460
datasets/train/Bituminous_Leaf/Bituminous_Leaf00029.jpg,Bituminous_Leaf,Curl_Leaf,Incorrect,0.306375
datasets/train/Leaf_Blight/Leaf_Blight00242.jpg,Leaf_Blight,Leaf_Blight,Correct,0.504821
datasets/test/Leaf_Gall/Leaf_Gall00414.jpg,Leaf_Gall,Felt_Leaf,Incorrect,0.386330
datasets/train/Leaf_Gall/Leaf_Gall00136.jpg,Leaf_Gall,Leaf_Gall,Correct,0.451701
datasets/test/Deficiency_Leaf/Deficiency_Leaf00072.jpg,Deficiency_Leaf,Felt_Leaf,Incorrect,0.402486
datasets/test/Leaf_Gall/Leaf_Gall00555.jpg,Leaf_Gall,Leaf_Gall,Correct,0.539724
datasets/test/Leaf_Gall/Leaf_Gall00279.jpg,Leaf_Gall,Fungal_Leaf_Spot,Incorrect,0.528089
datasets/test/Bituminous_Leaf/Bituminous_Leaf00091.jpg,Bituminous_Leaf,Bituminous_Leaf,Correct,0.683991
datasets/test/Dry_Leaf/Dry_Leaf00193.jpg,Dry_Leaf,Dry_Leaf,Correct,0.950817
datasets/train/Felt_Leaf/Felt_Leaf00002.jpg,Felt_Leaf,Felt_Leaf,Correct,0.427889
datasets/test/Fungal_Leaf_Spot/Fungal_Leaf_Spot00511.jpg,Fungal_Leaf_Spot,Fungal_Leaf_Spot,Correct,0.860545
datasets/test/Bituminous_Leaf/Bituminous_Leaf00133.jpg,Bituminous_Leaf,Bituminous_Leaf,Correct,0.872203
datasets/test/Dry_Leaf/Dry_Leaf00283.jpg,Dry_Leaf,Dry_Leaf,Correct,0.536823
datasets/test/Leaf_Gall/Leaf_Gall00022.jpg,Leaf_Gall,Leaf_Gall,Correct,0.356972
datasets/test/Anthrax_Leaf/Anthrax_Leaf00063.jpg,Anthrax_Leaf,Leaf_Blight,Incorrect,0.378953
datasets/train/Healthy_Leaf/Healthy_Leaf00168.jpg,Healthy_Leaf,Healthy_Leaf,Correct,0.349521
datasets/test/Dry_Leaf/Dry_Leaf00222.jpg,Dry_Leaf,Dry_Leaf,Correct,0.971171
datasets/test/Felt_Leaf/Felt_Leaf00080.jpg,Felt_Leaf,Felt_Leaf,Correct,0.419070
datasets/test/Healthy_Leaf/Healthy_Leaf00386.jpg,Healthy_Leaf,Fungal_Leaf_Spot,Incorrect,0.643496
datasets/test/Felt_Leaf/Felt_Leaf00011.jpg,Felt_Leaf,Leaf_Gall,Incorrect,0.659431
datasets/train/Fungal_Leaf_Spot/Fungal_Leaf_Spot00277.jpg,Fungal_Leaf_Spot,Fungal_Leaf_Spot,Correct,0.817732
datasets/train/Leaf_Gall/Leaf_Gall00324.jpg,Leaf_Gall,Dry_Leaf,Incorrect,0.389913
datasets/train/Dry_Leaf/Dry_Leaf00303.jpg,Dry_Leaf,Dry_Leaf,Correct,0.801554
datasets/test/Leaf_Blight/Leaf_Blight00440.jpg,Leaf_Blight,Leaf_Blight,Correct,0.153949
datasets/test/Felt_Leaf/Felt_Leaf00319.jpg,Felt_Leaf,Fungal_Leaf_Spot,Incorrect,0.341589
datasets/test/Felt_Leaf/Felt_Leaf00291.jpg,Felt_Leaf,Felt_Leaf,Correct,0.951556
datasets/train/Felt_Leaf/Felt_Leaf00382.jpg,Felt_Leaf,Curl_Leaf,Incorrect,0.550256
datasets/test/Leaf_Blight/Leaf_Blight00438.jpg,Leaf_Blight,Healthy_Leaf,Incorrect,0.414030
datasets/test/Healthy_Leaf/Healthy_Leaf00481.jpg,Healthy_Leaf,Healthy_Leaf,Correct,0.313609
datasets/train/Healthy_Leaf/Healthy_Leaf00548.jpg,Healthy_Leaf,Dry_Leaf,Incorrect,0.165326
datasets/test/Curl_Leaf/Curl_Leaf00013.jpg,Curl_Leaf,Curl_Leaf,Correct,0.293619
datasets/test/Leaf_Gall/Leaf_Gall00445.jpg,Leaf_Gall,Felt_Leaf,Incorrect,0.408872
datasets/test/Dry_Leaf/Dry_Leaf00338.jpg,Dry_Leaf,Healthy_Leaf,Incorrect,0.322426
datasets/train/Healthy_Leaf/Healthy_Leaf00617.jpg,Healthy_Leaf,Healthy_Leaf,Correct,0.354945
datasets/train/Leaf_Blight/Leaf_Blight00047.jpg,Leaf_Blight,Leaf_Blight,Correct,0.329625
datasets/test/Fungal_Leaf_Spot/Fungal_Leaf_Spot00486.jpg,Fungal_Leaf_Spot,Fungal_Leaf_Spot,Correct,0.803536
datasets/test/Curl_Leaf/Curl_Leaf00104.jpg,Curl_Leaf,Curl_Leaf,Correct,0.511404
datasets/test/Leaf_Blight/Leaf_Blight00388.jpg,Leaf_Blight,Fungal_Leaf_Spot,Incorrect,0.597419
datasets/test/Bituminous_Leaf/Bituminous_Leaf00003.jpg,Bituminous_Leaf,Leaf_Gall,Incorrect,0.242686
datasets/test/Dry_Leaf/Dry_Leaf00323.jpg,Dry_Leaf,Dry_Leaf,Correct,0.943279
datasets/train/Leaf_Blight/Leaf_Blight00488.jpg,Leaf_Blight,Leaf_Blight,Correct,0.454682
datasets/test/Leaf_Blight/Leaf_Blight00117.jpg,Leaf_Blight,Anthrax_Leaf,Incorrect,0.346640
datasets/test/Felt_Leaf/Felt_Leaf00139.jpg,Felt_Leaf,Felt_Leaf,Correct,0.935570
datasets/test/Fungal_Leaf_Spot/Fungal_Leaf_Spot00517.jpg,Fungal_Leaf_Spot,Fungal_Leaf_Spot,Correct,0.885566
datasets/test/Leaf_Blight/Leaf_Blight00429.jpg,Leaf_Blight,Dry_Leaf,Incorrect,0.417258
datasets/train/Leaf_Gall/Leaf_Gall00013.jpg,Leaf_Gall,Leaf_Gall,Correct,0.396570
datasets/test/Healthy_Leaf/Healthy_Leaf00014.jpg,Healthy_Leaf,Fungal_Leaf_Spot,Incorrect,0.308413
datasets/test/Leaf_Gall/Leaf_Gall00484.jpg,Leaf_Gall,Fungal_Leaf_Spot,Incorrect,0.303928
datasets/test/Bituminous_Leaf/Bituminous_Leaf00051.jpg,Bituminous_Leaf,Bituminous_Leaf,Correct,0.776342
datasets/test/Leaf_Blight/Leaf_Blight00536.jpg,Leaf_Blight,Leaf_Blight,Correct,0.945438
datasets/test/Leaf_Blight/Leaf_Blight00350.jpg,Leaf_Blight,Leaf_Blight,Correct,0.271625
datasets/train/Leaf_Blight/Leaf_Blight00474.jpg,Leaf_Blight,Leaf_Blight,Correct,0.845765
datasets/test/Bituminous_Leaf/Bituminous_Leaf00114.jpg,Bituminous_Leaf,Bituminous_Leaf,Correct,0.746173
datasets/test/Leaf_Gall/Leaf_Gall00391.jpg,Leaf_Gall,Leaf_Blight,Incorrect,0.545300
datasets/train/Dry_Leaf/Dry_Leaf00032.jpg,Dry_Leaf,Dry_Leaf,Correct,0.987512
datasets/test/Anthrax_Leaf/Anthrax_Leaf00085.jpg,Anthrax_Leaf,Fungal_Leaf_Spot,Incorrect,0.669627
datasets/train/Dry_Leaf/Dry_Leaf00315.jpg,Dry_Leaf,Dry_Leaf,Correct,0.230100
datasets/train/Deficiency_Leaf/Deficiency_Leaf00122.jpg,Deficiency_Leaf,Curl_Leaf,Incorrect,0.356492
datasets/train/Leaf_Gall/Leaf_Gall00326.jpg,Leaf_Gall,Leaf_Gall,Correct,0.492813
datasets/train/Fungal_Leaf_Spot/Fungal_Leaf_Spot00563.jpg,Fungal_Leaf_Spot,Fungal_Leaf_Spot,Correct,0.673491
datasets/test/Leaf_Blight/Leaf_Blight00067.jpg,Leaf_Blight,Leaf_Blight,Correct,0.451338
datasets/test/Bituminous_Leaf/Bituminous_Leaf00076.jpg,Bituminous_Leaf,Bituminous_Leaf,Correct,0.382136
datasets/test/Leaf_Blight/Leaf_Blight00369.jpg,Leaf_Blight,Leaf_Blight,Correct,0.707366
datasets/train/Leaf_Blight/Leaf_Blight00352.jpg,Leaf_Blight,Leaf_Blight,Correct,0.575857
datasets/train/Felt_Leaf/Felt_Leaf00218.jpg,Felt_Leaf,Felt_Leaf,Correct,0.404356
datasets/test/Dry_Leaf/Dry_Leaf00180.jpg,Dry_Leaf,Dry_Leaf,Correct,0.997947
datasets/test/Leaf_Blight/Leaf_Blight00311.jpg,Leaf_Blight,Leaf_Blight,Correct,0.673176
datasets/test/Deficiency_Leaf/Deficiency_Leaf00019.jpg,Deficiency_Leaf,Fungal_Leaf_Spot,Incorrect,0.585534
datasets/train/Fungal_Leaf_Spot/Fungal_Leaf_Spot00202.jpg,Fungal_Leaf_Spot,Felt_Leaf,Incorrect,0.674907
datasets/test/Fungal_Leaf_Spot/Fungal_Leaf_Spot00251.jpg,Fungal_Leaf_Spot,Fungal_Leaf_Spot,Correct,0.395507
datasets/test/Leaf_Blight/Leaf_Blight00038.jpg,Leaf_Blight,Leaf_Blight,Correct,0.953249
datasets/train/Fungal_Leaf_Spot/Fungal_Leaf_Spot00302.jpg,Fungal_Leaf_Spot,Felt_Leaf,Incorrect,0.521814
datasets/test/Fungal_Leaf_Spot/Fungal_Leaf_Spot00546.jpg,Fungal_Leaf_Spot,Healthy_Leaf,Incorrect,0.910589
datasets/test/Fungal_Leaf_Spot/Fungal_Leaf_Spot00058.jpg,Fungal_Leaf_Spot,Fungal_Leaf_Spot,Correct,0.964019
datasets/test/Felt_Leaf/Felt_Leaf00289.jpg,Felt_Leaf,Felt_Leaf,Correct,0.452159
datasets/test/Leaf_Blight/Leaf_Blight00058.jpg,Leaf_Blight,Leaf_Blight,Correct,0.552324
datasets/train/Leaf_Gall/Leaf_Gall00046.jpg,Leaf_Gall,Felt_Leaf,Incorrect,0.367628
datasets/train/Leaf_Blight/Leaf_Blight00133.jpg,Leaf_Blight,Leaf_Blight,Correct,0.862440
datasets/train/Fungal_Leaf_Spot/Fungal_Leaf_Spot00555.jpg,Fungal_Leaf_Spot,Fungal_Leaf_Spot,Correct,0.365011
datasets/test/Leaf_Gall/Leaf_Gall00413.jpg,Leaf_Gall,Leaf_Gall,Correct,0.511545
datasets/train/Curl_Leaf/Curl_Leaf00082.jpg,Curl_Leaf,Curl_Leaf,Correct,0.454232
datasets/test/Leaf_Blight/Leaf_Blight00379.jpg,Leaf_Blight,Leaf_Blight,Correct,0.974004
datasets/test/Bituminous_Leaf/Bituminous_Leaf00121.jpg,Bituminous_Leaf,Fungal_Leaf_Spot,Incorrect,0.275369
datasets/train/Fungal_Leaf_Spot/Fungal_Leaf_Spot00423.jpg,Fungal_Leaf_Spot,Fungal_Leaf_Spot,Correct,0.859751
datasets/train/Leaf_Blight/Leaf_Blight00302.jpg,Leaf_Blight,Leaf_Blight,Correct,0.932544
datasets/test/Curl_Leaf/Curl_Leaf00068.jpg,Curl_Leaf,Curl_Leaf,Correct,0.727336
datasets/test/Healthy_Leaf/Healthy_Leaf00018.jpg,Healthy_Leaf,Healthy_Leaf,Correct,0.610845
datasets/test/Leaf_Blight/Leaf_Blight00561.jpg,Leaf_Blight,Leaf_Blight,Correct,0.835090
datasets/test/Leaf_Gall/Leaf_Gall00095.jpg,Leaf_Gall,Leaf_Gall,Correct,0.276724
datasets/test/Deficiency_Leaf/Deficiency_Leaf00071.jpg,Deficiency_Leaf,Anthrax_Leaf,Incorrect,0.274387
datasets/train/Felt_Leaf/Felt_Leaf00071.jpg,Felt_Leaf,Felt_Leaf,Correct,0.530330
datasets/test/Leaf_Gall/Leaf_Gall00432.jpg,Leaf_Gall,Leaf_Gall,Correct,0.364641
datasets/test/Felt_Leaf/Felt_Leaf00133.jpg,Felt_Leaf,Leaf_Blight,Incorrect,0.359831
datasets/train/Fungal_Leaf_Spot/Fungal_Leaf_Spot00099.jpg,Fungal_Leaf_Spot,Fungal_Leaf_Spot,Correct,0.418920
datasets/train/Healthy_Leaf/Healthy_Leaf00005.jpg,Healthy_Leaf,Healthy_Leaf,Correct,0.917615
datasets/test/Felt_Leaf/Felt_Leaf00109.jpg,Felt_Leaf,Felt_Leaf,Correct,0.545560
datasets/train/Leaf_Gall/Leaf_Gall00062.jpg,Leaf_Gall,Leaf_Gall,Correct,0.583704
datasets/test/Leaf_Blight/Leaf_Blight00187.jpg,Leaf_Blight,Leaf_Gall,Incorrect,0.488936
datasets/test/Leaf_Gall/Leaf_Gall00411.jpg,Leaf_Gall,Leaf_Gall,Correct,0.973001
datasets/train/Leaf_Blight/Leaf_Blight00025.jpg,Leaf_Blight,Dry_Leaf,Incorrect,0.459012
datasets/train/Fungal_Leaf_Spot/Fungal_Leaf_Spot00086.jpg,Fungal_Leaf_Spot,Fungal_Leaf_Spot,Correct,0.366358
datasets/train/Dry_Leaf/Dry_Leaf00131.jpg,Dry_Leaf,Dry_Leaf,Correct,0.207495
datasets/train/Dry_Leaf/Dry_Leaf00251.jpg,Dry_Leaf,Dry_Leaf,Correct,0.932784
datasets/test/Dry_Leaf/Dry_Leaf00230.jpg,Dry_Leaf,Dry_Leaf,Correct,0.940288
datasets/train/Dry_Leaf/Dry_Leaf00316.jpg,Dry_Leaf,Dry_Leaf,Correct,0.344715
datasets/train/Dry_Leaf/Dry_Leaf00054.jpg,Dry_Leaf,Dry_Leaf,Correct,0.546215
datasets/test/Felt_Leaf/Felt_Leaf00057.jpg,Felt_Leaf,Felt_Leaf,Correct,0.720714
datasets/test/Fungal_Leaf_Spot/Fungal_Leaf_Spot00191.jpg,Fungal_Leaf_Spot,Fungal_Leaf_Spot,Correct,0.414168
datasets/train/Felt_Leaf/Felt_Leaf00068.jpg,Felt_Leaf,Felt_Leaf,Correct,0.897103
datasets/train/Leaf_Gall/Leaf_Gall00522.jpg,Leaf_Gall,Leaf_Gall,Correct,0.570254
datasets/test/Leaf_Gall/Leaf_Gall00185.jpg,Leaf_Gall,Felt_Leaf,Incorrect,0.735922
datasets/test/Leaf_Blight/Leaf_Blight00098.jpg,Leaf_Blight,Leaf_Blight,Correct,0.505783
datasets/train/Leaf_Gall/Leaf_Gall00606.jpg,Leaf_Gall,Dry_Leaf,Incorrect,0.420377
datasets/test/Bituminous_Leaf/Bituminous_Leaf00021.jpg,Bituminous_Leaf,Healthy_Leaf,Incorrect,0.368298
datasets/test/Leaf_Gall/Leaf_Gall00540.jpg,Leaf_Gall,Leaf_Gall,Correct,0.446341
datasets/train/Healthy_Leaf/Healthy_Leaf00026.jpg,Healthy_Leaf,Leaf_Blight,Incorrect,0.317498
datasets/test/Dry_Leaf/Dry_Leaf00358.jpg,Dry_Leaf,Dry_Leaf,Correct,0.970625
datasets/test/Healthy_Leaf/Healthy_Leaf00332.jpg,Healthy_Leaf,Healthy_Leaf,Correct,0.938561
datasets/train/Leaf_Blight/Leaf_Blight00498.jpg,Leaf_Blight,Leaf_Blight,Correct,0.395431
datasets/test/Leaf_Gall/Leaf_Gall00462.jpg,Leaf_Gall,Leaf_Gall,Correct,0.404793
datasets/train/Dry_Leaf/Dry_Leaf00123.jpg,Dry_Leaf,Dry_Leaf,Correct,0.869490
datasets/test/Healthy_Leaf/Healthy_Leaf00257.jpg,Healthy_Leaf,Healthy_Leaf,Correct,0.535483
datasets/train/Anthrax_Leaf/Anthrax_Leaf00009.jpg,Anthrax_Leaf,Fungal_Leaf_Spot,Incorrect,0.297557
datasets/test/Healthy_Leaf/Healthy_Leaf00300.jpg,Healthy_Leaf,Healthy_Leaf,Correct,0.578850
datasets/test/Fungal_Leaf_Spot/Fungal_Leaf_Spot00262.jpg,Fungal_Leaf_Spot,Fungal_Leaf_Spot,Correct,0.471969
datasets/train/Leaf_Gall/Leaf_Gall00355.jpg,Leaf_Gall,Leaf_Gall,Correct,0.342154
datasets/test/Healthy_Leaf/Healthy_Leaf00419.jpg,Healthy_Leaf,Leaf_Gall,Incorrect,0.412504
datasets/train/Leaf_Gall/Leaf_Gall00063.jpg,Leaf_Gall,Leaf_Gall,Correct,0.524804
datasets/train/Dry_Leaf/Dry_Leaf00003.jpg,Dry_Leaf,Dry_Leaf,Correct,0.608032
datasets/train/Fungal_Leaf_Spot/Fungal_Leaf_Spot00562.jpg,Fungal_Leaf_Spot,Fungal_Leaf_Spot,Correct,0.516163
datasets/test/Leaf_Gall/Leaf_Gall00054.jpg,Leaf_Gall,Leaf_Gall,Correct,0.720717
datasets/train/Healthy_Leaf/Healthy_Leaf00234.jpg,Healthy_Leaf,Healthy_Leaf,Correct,0.845843
datasets/train/Curl_Leaf/Curl_Leaf00007.jpg,Curl_Leaf,Curl_Leaf,Correct,0.654593
datasets/test/Felt_Leaf/Felt_Leaf00167.jpg,Felt_Leaf,Fungal_Leaf_Spot,Incorrect,0.357119
datasets/test/Leaf_Gall/Leaf_Gall00420.jpg,Leaf_Gall,Leaf_Gall,Correct,0.257985
datasets/train/Leaf_Blight/Leaf_Blight00250.jpg,Leaf_Blight,Leaf_Blight,Correct,0.364248
datasets/test/Leaf_Blight/Leaf_Blight00264.jpg,Leaf_Blight,Leaf_Blight,Correct,0.509510
datasets/train/Leaf_Blight/Leaf_Blight00233.jpg,Leaf_Blight,Felt_Leaf,Incorrect,0.236397
datasets/test/Dry_Leaf/Dry_Leaf00190.jpg,Dry_Leaf,Dry_Leaf,Correct,0.705490
datasets/train/Leaf_Gall/Leaf_Gall00407.jpg,Leaf_Gall,Leaf_Gall,Correct,0.501778
datasets/train/Felt_Leaf/Felt_Leaf00101.jpg,Felt_Leaf,Felt_Leaf,Correct,0.468314
datasets/train/Leaf_Blight/Leaf_Blight00130.jpg,Leaf_Blight,Leaf_Blight,Correct,0.847284
datasets/test/Dry_Leaf/Dry_Leaf00144.jpg,Dry_Leaf,Dry_Leaf,Correct,0.960848
datasets/test/Dry_Leaf/Dry_Leaf00171.jpg,Dry_Leaf,Dry_Leaf,Correct,0.974273
datasets/test/Anthrax_Leaf/Anthrax_Leaf00107.jpg,Anthrax_Leaf,Anthrax_Leaf,Correct,0.470359
datasets/train/Leaf_Gall/Leaf_Gall00506.jpg,Leaf_Gall,Leaf_Gall,Correct,0.345935
datasets/test/Leaf_Gall/Leaf_Gall00242.jpg,Leaf_Gall,Fungal_Leaf_Spot,Incorrect,0.360421
datasets/train/Felt_Leaf/Felt_Leaf00358.jpg,Felt_Leaf,Felt_Leaf,Correct,0.907665
datasets/test/Felt_Leaf/Felt_Leaf00329.jpg,Felt_Leaf,Felt_Leaf,Correct,0.500721
datasets/test/Felt_Leaf/Felt_Leaf00018.jpg,Felt_Leaf,Felt_Leaf,Correct,0.835412
datasets/test/Leaf_Gall/Leaf_Gall00551.jpg,Leaf_Gall,Leaf_Gall,Correct,0.415365
datasets/test/Healthy_Leaf/Healthy_Leaf00600.jpg,Healthy_Leaf,Healthy_Leaf,Correct,0.371247
datasets/train/Dry_Leaf/Dry_Leaf00138.jpg,Dry_Leaf,Dry_Leaf,Correct,0.671749
datasets/test/Leaf_Gall/Leaf_Gall00573.jpg,Leaf_Gall,Deficiency_Leaf,Incorrect,0.261641
datasets/test/Healthy_Leaf/Healthy_Leaf00080.jpg,Healthy_Leaf,Healthy_Leaf,Correct,0.921029
datasets/test/Fungal_Leaf_Spot/Fungal_Leaf_Spot00193.jpg,Fungal_Leaf_Spot,Fungal_Leaf_Spot,Correct,0.526083
datasets/test/Dry_Leaf/Dry_Leaf00274.jpg,Dry_Leaf,Dry_Leaf,Correct,0.908110
datasets/test/Bituminous_Leaf/Bituminous_Leaf00082.jpg,Bituminous_Leaf,Healthy_Leaf,Incorrect,0.367161
datasets/train/Leaf_Gall/Leaf_Gall00374.jpg,Leaf_Gall,Curl_Leaf,Incorrect,0.173628
datasets/test/Healthy_Leaf/Healthy_Leaf00076.jpg,Healthy_Leaf,Healthy_Leaf,Correct,0.983388
datasets/test/Healthy_Leaf/Healthy_Leaf00484.jpg,Healthy_Leaf,Healthy_Leaf,Correct,0.207298
datasets/test/Dry_Leaf/Dry_Leaf00173.jpg,Dry_Leaf,Dry_Leaf,Correct,0.978109
datasets/train/Healthy_Leaf/Healthy_Leaf00442.jpg,Healthy_Leaf,Fungal_Leaf_Spot,Incorrect,0.268866
datasets/test/Leaf_Gall/Leaf_Gall00622.jpg,Leaf_Gall,Fungal_Leaf_Spot,Incorrect,0.279134
datasets/test/Curl_Leaf/Curl_Leaf00090.jpg,Curl_Leaf,Leaf_Blight,Incorrect,0.501964
datasets/test/Healthy_Leaf/Healthy_Leaf00410.jpg,Healthy_Leaf,Leaf_Blight,Incorrect,0.376269
datasets/test/Curl_Leaf/Curl_Leaf00121.jpg,Curl_Leaf,Curl_Leaf,Correct,0.268912
datasets/test/Leaf_Gall/Leaf_Gall00179.jpg,Leaf_Gall,Felt_Leaf,Incorrect,0.442648
datasets/train/Leaf_Gall/Leaf_Gall00342.jpg,Leaf_Gall,Felt_Leaf,Incorrect,0.481352
datasets/test/Curl_Leaf/Curl_Leaf00088.jpg,Curl_Leaf,Healthy_Leaf,Incorrect,0.417830
datasets/test/Leaf_Gall/Leaf_Gall00566.jpg,Leaf_Gall,Dry_Leaf,Incorrect,0.397485
datasets/train/Felt_Leaf/Felt_Leaf00034.jpg,Felt_Leaf,Fungal_Leaf_Spot,Incorrect,0.322520
datasets/test/Dry_Leaf/Dry_Leaf00351.jpg,Dry_Leaf,Dry_Leaf,Correct,0.987535
datasets/train/Curl_Leaf/Curl_Leaf00164.jpg,Curl_Leaf,Felt_Leaf,Incorrect,0.274163
datasets/train/Healthy_Leaf/Healthy_Leaf00507.jpg,Healthy_Leaf,Healthy_Leaf,Correct,0.460371
datasets/test/Leaf_Blight/Leaf_Blight00344.jpg,Leaf_Blight,Fungal_Leaf_Spot,Incorrect,0.351464
datasets/test/Anthrax_Leaf/Anthrax_Leaf00115.jpg,Anthrax_Leaf,Bituminous_Leaf,Incorrect,0.622214
datasets/test/Healthy_Leaf/Healthy_Leaf00069.jpg,Healthy_Leaf,Healthy_Leaf,Correct,0.953514
datasets/train/Fungal_Leaf_Spot/Fungal_Leaf_Spot00258.jpg,Fungal_Leaf_Spot,Healthy_Leaf,Incorrect,0.347584
datasets/test/Dry_Leaf/Dry_Leaf00160.jpg,Dry_Leaf,Dry_Leaf,Correct,0.977381
datasets/train/Leaf_Gall/Leaf_Gall00619.jpg,Leaf_Gall,Healthy_Leaf,Incorrect,0.725626
datasets/test/Healthy_Leaf/Healthy_Leaf00601.jpg,Healthy_Leaf,Fungal_Leaf_Spot,Incorrect,0.591960
datasets/test/Healthy_Leaf/Healthy_Leaf00395.jpg,Healthy_Leaf,Healthy_Leaf,Correct,0.991292
datasets/train/Healthy_Leaf/Healthy_Leaf00429.jpg,Healthy_Leaf,Healthy_Leaf,Correct,0.468915
datasets/test/Leaf_Gall/Leaf_Gall00466.jpg,Leaf_Gall,Dry_Leaf,Incorrect,0.333493
datasets/test/Leaf_Gall/Leaf_Gall00507.jpg,Leaf_Gall,Healthy_Leaf,Incorrect,0.357299
datasets/train/Anthrax_Leaf/Anthrax_Leaf00044.jpg,Anthrax_Leaf,Leaf_Gall,Incorrect,0.743328
datasets/test/Dry_Leaf/Dry_Leaf00201.jpg,Dry_Leaf,Dry_Leaf,Correct,0.920860
datasets/train/Leaf_Gall/Leaf_Gall00153.jpg,Leaf_Gall,Leaf_Gall,Correct,0.671686
datasets/train/Deficiency_Leaf/Deficiency_Leaf00060.jpg,Deficiency_Leaf,Leaf_Gall,Incorrect,0.263511
datasets/test/Felt_Leaf/Felt_Leaf00151.jpg,Felt_Leaf,Felt_Leaf,Correct,0.468472
datasets/test/Healthy_Leaf/Healthy_Leaf00537.jpg,Healthy_Leaf,Curl_Leaf,Incorrect,0.394752
datasets/test/Healthy_Leaf/Healthy_Leaf00158.jpg,Healthy_Leaf,Healthy_Leaf,Correct,0.894829
datasets/test/Fungal_Leaf_Spot/Fungal_Leaf_Spot00358.jpg,Fungal_Leaf_Spot,Felt_Leaf,Incorrect,0.400774
datasets/train/Curl_Leaf/Curl_Leaf00051.jpg,Curl_Leaf,Curl_Leaf,Correct,0.900133
datasets/test/Felt_Leaf/Felt_Leaf00031.jpg,Felt_Leaf,Curl_Leaf,Incorrect,0.294379
datasets/train/Fungal_Leaf_Spot/Fungal_Leaf_Spot00066.jpg,Fungal_Leaf_Spot,Fungal_Leaf_Spot,Correct,0.889547
datasets/test/Fungal_Leaf_Spot/Fungal_Leaf_Spot00063.jpg,Fungal_Leaf_Spot,Leaf_Gall,Incorrect,0.366926
datasets/train/Leaf_Gall/Leaf_Gall00476.jpg,Leaf_Gall,Felt_Leaf,Incorrect,0.374969
datasets/test/Dry_Leaf/Dry_Leaf00334.jpg,Dry_Leaf,Dry_Leaf,Correct,0.334736
datasets/train/Fungal_Leaf_Spot/Fungal_Leaf_Spot00550.jpg,Fungal_Leaf_Spot,Fungal_Leaf_Spot,Correct,0.413779
datasets/test/Leaf_Gall/Leaf_Gall00112.jpg,Leaf_Gall,Leaf_Gall,Correct,0.723721
datasets/test/Fungal_Leaf_Spot/Fungal_Leaf_Spot00236.jpg,Fungal_Leaf_Spot,Fungal_Leaf_Spot,Correct,0.356900
datasets/test/Leaf_Blight/Leaf_Blight00342.jpg,Leaf_Blight,Leaf_Blight,Correct,0.545262
datasets/test/Healthy_Leaf/Healthy_Leaf00262.jpg,Healthy_Leaf,Leaf_Gall,Incorrect,0.399569
datasets/train/Felt_Leaf/Felt_Leaf00326.jpg,Felt_Leaf,Felt_Leaf,Correct,0.307421
datasets/train/Leaf_Gall/Leaf_Gall00085.jpg,Leaf_Gall,Curl_Leaf,Incorrect,0.371824
datasets/train/Fungal_Leaf_Spot/Fungal_Leaf_Spot00108.jpg,Fungal_Leaf_Spot,Fungal_Leaf_Spot,Correct,0.518694
datasets/test/Fungal_Leaf_Spot/Fungal_Leaf_Spot00293.jpg,Fungal_Leaf_Spot,Felt_Leaf,Incorrect,0.410193
datasets/test/Fungal_Leaf_Spot/Fungal_Leaf_Spot00122.jpg,Fungal_Leaf_Spot,Felt_Leaf,Incorrect,0.655982
datasets/test/Leaf_Gall/Leaf_Gall00217.jpg,Leaf_Gall,Leaf_Gall,Correct,0.598868
datasets/test/Dry_Leaf/Dry_Leaf00043.jpg,Dry_Leaf,Dry_Leaf,Correct,0.990083
datasets/test/Healthy_Leaf/Healthy_Leaf00038.jpg,Healthy_Leaf,Healthy_Leaf,Correct,0.863586
datasets/train/Fungal_Leaf_Spot/Fungal_Leaf_Spot00217.jpg,Fungal_Leaf_Spot,Fungal_Leaf_Spot,Correct,0.529470
datasets/test/Bituminous_Leaf/Bituminous_Leaf00132.jpg,Bituminous_Leaf,Bituminous_Leaf,Correct,0.638639
datasets/test/Leaf_Blight/Leaf_Blight00463.jpg,Leaf_Blight,Leaf_Blight,Correct,0.537639
datasets/test/Dry_Leaf/Dry_Leaf00206.jpg,Dry_Leaf,Leaf_Gall,Incorrect,0.216044
datasets/test/Leaf_Blight/Leaf_Blight00108.jpg,Leaf_Blight,Fungal_Leaf_Spot,Incorrect,0.335729
datasets/test/Leaf_Gall/Leaf_Gall00127.jpg,Leaf_Gall,Dry_Leaf,Incorrect,0.491145
datasets/test/Anthrax_Leaf/Anthrax_Leaf00008.jpg,Anthrax_Leaf,Leaf_Blight,Incorrect,0.368116
datasets/test/Curl_Leaf/Curl_Leaf00177.jpg,Curl_Leaf,Curl_Leaf,Correct,0.864912
datasets/test/Anthrax_Leaf/Anthrax_Leaf00108.jpg,Anthrax_Leaf,Anthrax_Leaf,Correct,0.903221
datasets/train/Healthy_Leaf/Healthy_Leaf00579.jpg,Healthy_Leaf,Healthy_Leaf,Correct,0.563295
datasets/test/Anthrax_Leaf/Anthrax_Leaf00077.jpg,Anthrax_Leaf,Anthrax_Leaf,Correct,0.568640
datasets/train/Curl_Leaf/Curl_Leaf00141.jpg,Curl_Leaf,Leaf_Gall,Incorrect,0.305949
datasets/test/Fungal_Leaf_Spot/Fungal_Leaf_Spot00174.jpg,Fungal_Leaf_Spot,Fungal_Leaf_Spot,Correct,0.874238
datasets/train/Leaf_Gall/Leaf_Gall00017.jpg,Leaf_Gall,Felt_Leaf,Incorrect,0.362540
datasets/test/Leaf_Gall/Leaf_Gall00448.jpg,Leaf_Gall,Leaf_Gall,Correct,0.713672
datasets/test/Leaf_Blight/Leaf_Blight00472.jpg,Leaf_Blight,Leaf_Blight,Correct,0.681495
datasets/test/Anthrax_Leaf/Anthrax_Leaf00078.jpg,Anthrax_Leaf,Anthrax_Leaf,Correct,0.570866
datasets/train/Dry_Leaf/Dry_Leaf00078.jpg,Dry_Leaf,Dry_Leaf,Correct,0.924606
datasets/train/Leaf_Blight/Leaf_Blight00516.jpg,Leaf_Blight,Leaf_Blight,Correct,0.962387
datasets/train/Leaf_Gall/Leaf_Gall00241.jpg,Leaf_Gall,Leaf_Gall,Correct,0.861802
datasets/test/Leaf_Blight/Leaf_Blight00202.jpg,Leaf_Blight,Leaf_Blight,Correct,0.415440
datasets/test/Felt_Leaf/Felt_Leaf00282.jpg,Felt_Leaf,Leaf_Gall,Incorrect,0.244262
datasets/test/Felt_Leaf/Felt_Leaf00041.jpg,Felt_Leaf,Felt_Leaf,Correct,0.496698
datasets/test/Leaf_Blight/Leaf_Blight00054.jpg,Leaf_Blight,Leaf_Blight,Correct,0.583130
datasets/test/Leaf_Blight/Leaf_Blight00167.jpg,Leaf_Blight,Leaf_Blight,Correct,0.821002
datasets/train/Dry_Leaf/Dry_Leaf00363.jpg,Dry_Leaf,Leaf_Blight,Incorrect,0.338371
datasets/test/Leaf_Gall/Leaf_Gall00390.jpg,Leaf_Gall,Leaf_Blight,Incorrect,0.430264
datasets/test/Fungal_Leaf_Spot/Fungal_Leaf_Spot00317.jpg,Fungal_Leaf_Spot,Fungal_Leaf_Spot,Correct,0.526019
datasets/train/Fungal_Leaf_Spot/Fungal_Leaf_Spot00547.jpg,Fungal_Leaf_Spot,Fungal_Leaf_Spot,Correct,0.442744
datasets/test/Leaf_Gall/Leaf_Gall00037.jpg,Leaf_Gall,Leaf_Gall,Correct,0.588171
datasets/test/Fungal_Leaf_Spot/Fungal_Leaf_Spot00011.jpg,Fungal_Leaf_Spot,Fungal_Leaf_Spot,Correct,0.454144
datasets/test/Felt_Leaf/Felt_Leaf00063.jpg,Felt_Leaf,Felt_Leaf,Correct,0.827718
datasets/train/Fungal_Leaf_Spot/Fungal_Leaf_Spot00259.jpg,Fungal_Leaf_Spot,Fungal_Leaf_Spot,Correct,0.940452
datasets/test/Fungal_Leaf_Spot/Fungal_Leaf_Spot00064.jpg,Fungal_Leaf_Spot,Fungal_Leaf_Spot,Correct,0.534273
datasets/test/Fungal_Leaf_Spot/Fungal_Leaf_Spot00119.jpg,Fungal_Leaf_Spot,Leaf_Blight,Incorrect,0.532628
datasets/train/Leaf_Gall/Leaf_Gall00036.jpg,Leaf_Gall,Leaf_Gall,Correct,0.363569
datasets/test/Leaf_Blight/Leaf_Blight00015.jpg,Leaf_Blight,Leaf_Blight,Correct,0.272108
datasets/test/Healthy_Leaf/Healthy_Leaf00598.jpg,Healthy_Leaf,Healthy_Leaf,Correct,0.943487
datasets/test/Fungal_Leaf_Spot/Fungal_Leaf_Spot00560.jpg,Fungal_Leaf_Spot,Felt_Leaf,Incorrect,0.450063
datasets/test/Fungal_Leaf_Spot/Fungal_Leaf_Spot00146.jpg,Fungal_Leaf_Spot,Fungal_Leaf_Spot,Correct,0.234102
datasets/test/Curl_Leaf/Curl_Leaf00135.jpg,Curl_Leaf,Curl_Leaf,Correct,0.911638
datasets/train/Leaf_Gall/Leaf_Gall00474.jpg,Leaf_Gall,Leaf_Gall,Correct,0.256000
datasets/test/Felt_Leaf/Felt_Leaf00351.jpg,Felt_Leaf,Healthy_Leaf,Incorrect,0.339712
datasets/test/Leaf_Blight/Leaf_Blight00496.jpg,Leaf_Blight,Leaf_Blight,Correct,0.937257
datasets/train/Dry_Leaf/Dry_Leaf00105.jpg,Dry_Leaf,Dry_Leaf,Correct,0.344718
datasets/test/Fungal_Leaf_Spot/Fungal_Leaf_Spot00484.jpg,Fungal_Leaf_Spot,Fungal_Leaf_Spot,Correct,0.285434
datasets/train/Felt_Leaf/Felt_Leaf00324.jpg,Felt_Leaf,Felt_Leaf,Correct,0.479287
datasets/test/Felt_Leaf/Felt_Leaf00215.jpg,Felt_Leaf,Felt_Leaf,Correct,0.763070
datasets/train/Leaf_Gall/Leaf_Gall00237.jpg,Leaf_Gall,Felt_Leaf,Incorrect,0.746558
datasets/test/Leaf_Blight/Leaf_Blight00145.jpg,Leaf_Blight,Leaf_Gall,Incorrect,0.407049
datasets/train/Leaf_Gall/Leaf_Gall00014.jpg,Leaf_Gall,Leaf_Gall,Correct,0.479726
datasets/test/Leaf_Blight/Leaf_Blight00254.jpg,Leaf_Blight,Leaf_Blight,Correct,0.896139
datasets/test/Healthy_Leaf/Healthy_Leaf00626.jpg,Healthy_Leaf,Healthy_Leaf,Correct,0.438584
datasets/test/Leaf_Blight/Leaf_Blight00572.jpg,Leaf_Blight,Leaf_Blight,Correct,0.970413
datasets/test/Leaf_Gall/Leaf_Gall00129.jpg,Leaf_Gall,Leaf_Gall,Correct,0.320553
datasets/train/Felt_Leaf/Felt_Leaf00073.jpg,Felt_Leaf,Healthy_Leaf,Incorrect,0.200818
datasets/test/Felt_Leaf/Felt_Leaf00169.jpg,Felt_Leaf,Felt_Leaf,Correct,0.682585
datasets/train/Leaf_Blight/Leaf_Blight00518.jpg,Leaf_Blight,Leaf_Blight,Correct,0.697427
datasets/train/Healthy_Leaf/Healthy_Leaf00556.jpg,Healthy_Leaf,Dry_Leaf,Incorrect,0.730378
datasets/train/Healthy_Leaf/Healthy_Leaf00557.jpg,Healthy_Leaf,Healthy_Leaf,Correct,0.888094
datasets/train/Fungal_Leaf_Spot/Fungal_Leaf_Spot00101.jpg,Fungal_Leaf_Spot,Leaf_Blight,Incorrect,0.425811
datasets/test/Leaf_Blight/Leaf_Blight00364.jpg,Leaf_Blight,Leaf_Blight,Correct,0.853530
datasets/test/Deficiency_Leaf/Deficiency_Leaf00105.jpg,Deficiency_Leaf,Healthy_Leaf,Incorrect,0.613537
datasets/test/Leaf_Blight/Leaf_Blight00112.jpg,Leaf_Blight,Leaf_Blight,Correct,0.373316
datasets/train/Healthy_Leaf/Healthy_Leaf00065.jpg,Healthy_Leaf,Healthy_Leaf,Correct,0.995484
datasets/test/Curl_Leaf/Curl_Leaf00122.jpg,Curl_Leaf,Curl_Leaf,Correct,0.515146
datasets/test/Leaf_Blight/Leaf_Blight00085.jpg,Leaf_Blight,Leaf_Gall,Incorrect,0.351289
datasets/train/Anthrax_Leaf/Anthrax_Leaf00105.jpg,Anthrax_Leaf,Felt_Leaf,Incorrect,0.743500
datasets/test/Healthy_Leaf/Healthy_Leaf00359.jpg,Healthy_Leaf,Healthy_Leaf,Correct,0.999010
datasets/test/Healthy_Leaf/Healthy_Leaf00165.jpg,Healthy_Leaf,Healthy_Leaf,Correct,0.999739
datasets/train/Healthy_Leaf/Healthy_Leaf00461.jpg,Healthy_Leaf,Healthy_Leaf,Correct,0.376235
datasets/test/Leaf_Gall/Leaf_Gall00489.jpg,Leaf_Gall,Leaf_Gall,Correct,0.224990
datasets/train/Curl_Leaf/Curl_Leaf00093.jpg,Curl_Leaf,Curl_Leaf,Correct,0.679783
datasets/test/Felt_Leaf/Felt_Leaf00350.jpg,Felt_Leaf,Fungal_Leaf_Spot,Incorrect,0.309643
datasets/test/Leaf_Blight/Leaf_Blight00470.jpg,Leaf_Blight,Leaf_Blight,Correct,0.953162
datasets/test/Leaf_Blight/Leaf_Blight00451.jpg,Leaf_Blight,Healthy_Leaf,Incorrect,0.277027
datasets/train/Healthy_Leaf/Healthy_Leaf00089.jpg,Healthy_Leaf,Healthy_Leaf,Correct,0.787074
datasets/train/Fungal_Leaf_Spot/Fungal_Leaf_Spot00215.jpg,Fungal_Leaf_Spot,Fungal_Leaf_Spot,Correct,0.338702
datasets/train/Fungal_Leaf_Spot/Fungal_Leaf_Spot00335.jpg,Fungal_Leaf_Spot,Fungal_Leaf_Spot,Correct,0.430240
datasets/test/Dry_Leaf/Dry_Leaf00100.jpg,Dry_Leaf,Dry_Leaf,Correct,0.840539
datasets/train/Healthy_Leaf/Healthy_Leaf00449.jpg,Healthy_Leaf,Felt_Leaf,Incorrect,0.300118
datasets/test/Healthy_Leaf/Healthy_Leaf00615.jpg,Healthy_Leaf,Dry_Leaf,Incorrect,0.252576
datasets/train/Healthy_Leaf/Healthy_Leaf00500.jpg,Healthy_Leaf,Leaf_Gall,Incorrect,0.337237
datasets/train/Leaf_Gall/Leaf_Gall00274.jpg,Leaf_Gall,Leaf_Blight,Incorrect,0.353848
datasets/test/Leaf_Gall/Leaf_Gall00406.jpg,Leaf_Gall,Fungal_Leaf_Spot,Incorrect,0.234897
datasets/test/Anthrax_Leaf/Anthrax_Leaf00141.jpg,Anthrax_Leaf,Anthrax_Leaf,Correct,0.818771
datasets/test/Fungal_Leaf_Spot/Fungal_Leaf_Spot00374.jpg,Fungal_Leaf_Spot,Leaf_Gall,Incorrect,0.263184
datasets/train/Felt_Leaf/Felt_Leaf00305.jpg,Felt_Leaf,Felt_Leaf,Correct,0.642836
datasets/train/Leaf_Gall/Leaf_Gall00602.jpg,Leaf_Gall,Leaf_Gall,Correct,0.529643
datasets/train/Fungal_Leaf_Spot/Fungal_Leaf_Spot00416.jpg,Fungal_Leaf_Spot,Felt_Leaf,Incorrect,0.421431
datasets/test/Healthy_Leaf/Healthy_Leaf00529.jpg,Healthy_Leaf,Leaf_Gall,Incorrect,0.372556
datasets/train/Fungal_Leaf_Spot/Fungal_Leaf_Spot00230.jpg,Fungal_Leaf_Spot,Fungal_Leaf_Spot,Correct,0.542456
datasets/train/Leaf_Gall/Leaf_Gall00588.jpg,Leaf_Gall,Leaf_Gall,Correct,0.383038
datasets/test/Fungal_Leaf_Spot/Fungal_Leaf_Spot00564.jpg,Fungal_Leaf_Spot,Healthy_Leaf,Incorrect,0.432057
datasets/train/Deficiency_Leaf/Deficiency_Leaf00110.jpg,Deficiency_Leaf,Deficiency_Leaf,Correct,0.405594
datasets/test/Fungal_Leaf_Spot/Fungal_Leaf_Spot00014.jpg,Fungal_Leaf_Spot,Fungal_Leaf_Spot,Correct,0.330064
datasets/train/Healthy_Leaf/Healthy_Leaf00444.jpg,Healthy_Leaf,Fungal_Leaf_Spot,Incorrect,0.435974
datasets/test/Dry_Leaf/Dry_Leaf00229.jpg,Dry_Leaf,Dry_Leaf,Correct,0.690210
datasets/train/Leaf_Gall/Leaf_Gall00584.jpg,Leaf_Gall,Leaf_Blight,Incorrect,0.548868
datasets/test/Fungal_Leaf_Spot/Fungal_Leaf_Spot00185.jpg,Fungal_Leaf_Spot,Fungal_Leaf_Spot,Correct,0.507270
datasets/test/Fungal_Leaf_Spot/Fungal_Leaf_Spot00137.jpg,Fungal_Leaf_Spot,Fungal_Leaf_Spot,Correct,0.467627
datasets/train/Leaf_Blight/Leaf_Blight00354.jpg,Leaf_Blight,Leaf_Blight,Correct,0.852752
datasets/test/Leaf_Gall/Leaf_Gall00523.jpg,Leaf_Gall,Leaf_Gall,Correct,0.775969
datasets/test/Leaf_Gall/Leaf_Gall00311.jpg,Leaf_Gall,Leaf_Gall,Correct,0.617399
datasets/test/Fungal_Leaf_Spot/Fungal_Leaf_Spot00112.jpg,Fungal_Leaf_Spot,Anthrax_Leaf,Incorrect,0.300440
datasets/train/Felt_Leaf/Felt_Leaf00042.jpg,Felt_Leaf,Felt_Leaf,Correct,0.392562
datasets/test/Felt_Leaf/Felt_Leaf00318.jpg,Felt_Leaf,Leaf_Blight,Incorrect,0.539058
datasets/train/Healthy_Leaf/Healthy_Leaf00148.jpg,Healthy_Leaf,Healthy_Leaf,Correct,0.960281
datasets/test/Leaf_Blight/Leaf_Blight00331.jpg,Leaf_Blight,Leaf_Blight,Correct,0.578260
datasets/test/Leaf_Blight/Leaf_Blight00190.jpg,Leaf_Blight,Leaf_Blight,Correct,0.455224
datasets/train/Dry_Leaf/Dry_Leaf00052.jpg,Dry_Leaf,Dry_Leaf,Correct,0.766827
datasets/train/Leaf_Gall/Leaf_Gall00397.jpg,Leaf_Gall,Leaf_Gall,Correct,0.291015
datasets/test/Fungal_Leaf_Spot/Fungal_Leaf_Spot00510.jpg,Fungal_Leaf_Spot,Fungal_Leaf_Spot,Correct,0.832909
datasets/test/Curl_Leaf/Curl_Leaf00118.jpg,Curl_Leaf,Curl_Leaf,Correct,0.303788
datasets/train/Dry_Leaf/Dry_Leaf00021.jpg,Dry_Leaf,Dry_Leaf,Correct,0.505253
datasets/test/Healthy_Leaf/Healthy_Leaf00402.jpg,Healthy_Leaf,Healthy_Leaf,Correct,0.785844
datasets/test/Healthy_Leaf/Healthy_Leaf00451.jpg,Healthy_Leaf,Healthy_Leaf,Correct,0.555746
datasets/test/Leaf_Gall/Leaf_Gall00583.jpg,Leaf_Gall,Leaf_Gall,Correct,0.551949
datasets/test/Fungal_Leaf_Spot/Fungal_Leaf_Spot00559.jpg,Fungal_Leaf_Spot,Fungal_Leaf_Spot,Correct,0.670496
datasets/test/Fungal_Leaf_Spot/Fungal_Leaf_Spot00156.jpg,Fungal_Leaf_Spot,Fungal_Leaf_Spot,Correct,0.496598
datasets/test/Leaf_Gall/Leaf_Gall00256.jpg,Leaf_Gall,Leaf_Blight,Incorrect,0.349043
datasets/train/Anthrax_Leaf/Anthrax_Leaf00119.jpg,Anthrax_Leaf,Anthrax_Leaf,Correct,0.507950
datasets/train/Leaf_Gall/Leaf_Gall00249.jpg,Leaf_Gall,Leaf_Blight,Incorrect,0.945154
datasets/test/Dry_Leaf/Dry_Leaf00336.jpg,Dry_Leaf,Leaf_Blight,Incorrect,0.275276
datasets/test/Healthy_Leaf/Healthy_Leaf00398.jpg,Healthy_Leaf,Healthy_Leaf,Correct,0.642933
datasets/test/Healthy_Leaf/Healthy_Leaf00145.jpg,Healthy_Leaf,Healthy_Leaf,Correct,0.936045
datasets/train/Leaf_Gall/Leaf_Gall00086.jpg,Leaf_Gall,Leaf_Gall,Correct,0.903134
datasets/test/Fungal_Leaf_Spot/Fungal_Leaf_Spot00300.jpg,Fungal_Leaf_Spot,Felt_Leaf,Incorrect,0.489607
datasets/train/Healthy_Leaf/Healthy_Leaf00425.jpg,Healthy_Leaf,Healthy_Leaf,Correct,0.502895
datasets/test/Leaf_Blight/Leaf_Blight00446.jpg,Leaf_Blight,Leaf_Blight,Correct,0.588918
datasets/test/Leaf_Gall/Leaf_Gall00271.jpg,Leaf_Gall,Leaf_Gall,Correct,0.769483
datasets/train/Felt_Leaf/Felt_Leaf00255.jpg,Felt_Leaf,Leaf_Blight,Incorrect,0.302551
datasets/train/Bituminous_Leaf/Bituminous_Leaf00066.jpg,Bituminous_Leaf,Bituminous_Leaf,Correct,0.346099
datasets/train/Leaf_Blight/Leaf_Blight00527.jpg,Leaf_Blight,Leaf_Blight,Correct,0.978611
datasets/test/Curl_Leaf/Curl_Leaf00049.jpg,Curl_Leaf,Leaf_Gall,Incorrect,0.643289
datasets/test/Leaf_Blight/Leaf_Blight00155.jpg,Leaf_Blight,Leaf_Gall,Incorrect,0.739640
datasets/test/Healthy_Leaf/Healthy_Leaf00046.jpg,Healthy_Leaf,Healthy_Leaf,Correct,0.787145
datasets/train/Curl_Leaf/Curl_Leaf00120.jpg,Curl_Leaf,Curl_Leaf,Correct,0.304506
datasets/test/Leaf_Gall/Leaf_Gall00188.jpg,Leaf_Gall,Leaf_Gall,Correct,0.575537
datasets/test/Felt_Leaf/Felt_Leaf00267.jpg,Felt_Leaf,Felt_Leaf,Correct,0.674412
datasets/train/Leaf_Blight/Leaf_Blight00511.jpg,Leaf_Blight,Leaf_Blight,Correct,0.960956
datasets/train/Bituminous_Leaf/Bituminous_Leaf00098.jpg,Bituminous_Leaf,Dry_Leaf,Incorrect,0.501468
datasets/test/Leaf_Gall/Leaf_Gall00501.jpg,Leaf_Gall,Leaf_Blight,Incorrect,0.557128
datasets/test/Leaf_Gall/Leaf_Gall00164.jpg,Leaf_Gall,Leaf_Gall,Correct,0.474757
datasets/test/Leaf_Blight/Leaf_Blight00522.jpg,Leaf_Blight,Leaf_Blight,Correct,0.701668
datasets/test/Felt_Leaf/Felt_Leaf00097.jpg,Felt_Leaf,Felt_Leaf,Correct,0.537011
datasets/train/Healthy_Leaf/Healthy_Leaf00363.jpg,Healthy_Leaf,Fungal_Leaf_Spot,Incorrect,0.360759
datasets/train/Felt_Leaf/Felt_Leaf00371.jpg,Felt_Leaf,Healthy_Leaf,Incorrect,0.753998
datasets/train/Leaf_Blight/Leaf_Blight00584.jpg,Leaf_Blight,Felt_Leaf,Incorrect,0.503523
datasets/train/Leaf_Blight/Leaf_Blight00152.jpg,Leaf_Blight,Fungal_Leaf_Spot,Incorrect,0.239129
datasets/train/Dry_Leaf/Dry_Leaf00249.jpg,Dry_Leaf,Dry_Leaf,Correct,0.987787
datasets/test/Leaf_Blight/Leaf_Blight00116.jpg,Leaf_Blight,Felt_Leaf,Incorrect,0.363807
datasets/train/Bituminous_Leaf/Bituminous_Leaf00107.jpg,Bituminous_Leaf,Deficiency_Leaf,Incorrect,0.289446
datasets/train/Leaf_Gall/Leaf_Gall00165.jpg,Leaf_Gall,Fungal_Leaf_Spot,Incorrect,0.371167
datasets/test/Leaf_Gall/Leaf_Gall00561.jpg,Leaf_Gall,Leaf_Gall,Correct,0.263527
datasets/train/Leaf_Blight/Leaf_Blight00180.jpg,Leaf_Blight,Felt_Leaf,Incorrect,0.307626
datasets/train/Fungal_Leaf_Spot/Fungal_Leaf_Spot00331.jpg,Fungal_Leaf_Spot,Leaf_Blight,Incorrect,0.293628
datasets/train/Leaf_Gall/Leaf_Gall00083.jpg,Leaf_Gall,Leaf_Gall,Correct,0.959205
datasets/test/Felt_Leaf/Felt_Leaf00322.jpg,Felt_Leaf,Felt_Leaf,Correct,0.602916
datasets/test/Leaf_Gall/Leaf_Gall00193.jpg,Leaf_Gall,Healthy_Leaf,Incorrect,0.351069
datasets/test/Healthy_Leaf/Healthy_Leaf00222.jpg,Healthy_Leaf,Healthy_Leaf,Correct,0.916048
datasets/test/Leaf_Gall/Leaf_Gall00329.jpg,Leaf_Gall,Leaf_Blight,Incorrect,0.383537
datasets/train/Fungal_Leaf_Spot/Fungal_Leaf_Spot00294.jpg,Fungal_Leaf_Spot,Fungal_Leaf_Spot,Correct,0.335029
datasets/train/Felt_Leaf/Felt_Leaf00342.jpg,Felt_Leaf,Fungal_Leaf_Spot,Incorrect,0.561866
datasets/test/Deficiency_Leaf/Deficiency_Leaf00041.jpg,Deficiency_Leaf,Leaf_Gall,Incorrect,0.390930
datasets/test/Healthy_Leaf/Healthy_Leaf00328.jpg,Healthy_Leaf,Healthy_Leaf,Correct,0.815308
datasets/test/Bituminous_Leaf/Bituminous_Leaf00034.jpg,Bituminous_Leaf,Bituminous_Leaf,Correct,0.762551
datasets/test/Felt_Leaf/Felt_Leaf00198.jpg,Felt_Leaf,Leaf_Blight,Incorrect,0.806112
datasets/train/Healthy_Leaf/Healthy_Leaf00064.jpg,Healthy_Leaf,Healthy_Leaf,Correct,0.998183
datasets/train/Leaf_Gall/Leaf_Gall00189.jpg,Leaf_Gall,Leaf_Gall,Correct,0.336211
datasets/test/Fungal_Leaf_Spot/Fungal_Leaf_Spot00420.jpg,Fungal_Leaf_Spot,Felt_Leaf,Incorrect,0.408017
datasets/test/Leaf_Gall/Leaf_Gall00600.jpg,Leaf_Gall,Leaf_Gall,Correct,0.386053
datasets/train/Leaf_Gall/Leaf_Gall00079.jpg,Leaf_Gall,Leaf_Blight,Incorrect,0.440977
datasets/test/Curl_Leaf/Curl_Leaf00063.jpg,Curl_Leaf,Leaf_Gall,Incorrect,0.233608
datasets/test/Fungal_Leaf_Spot/Fungal_Leaf_Spot00391.jpg,Fungal_Leaf_Spot,Felt_Leaf,Incorrect,0.348920
datasets/test/Healthy_Leaf/Healthy_Leaf00107.jpg,Healthy_Leaf,Healthy_Leaf,Correct,0.998401
datasets/test/Fungal_Leaf_Spot/Fungal_Leaf_Spot00023.jpg,Fungal_Leaf_Spot,Bituminous_Leaf,Incorrect,0.322849
datasets/train/Dry_Leaf/Dry_Leaf00050.jpg,Dry_Leaf,Dry_Leaf,Correct,0.543829
datasets/train/Leaf_Blight/Leaf_Blight00115.jpg,Leaf_Blight,Leaf_Blight,Correct,0.577995
datasets/train/Felt_Leaf/Felt_Leaf00183.jpg,Felt_Leaf,Leaf_Gall,Incorrect,0.633472
datasets/train/Fungal_Leaf_Spot/Fungal_Leaf_Spot00502.jpg,Fungal_Leaf_Spot,Dry_Leaf,Incorrect,0.505672
datasets/test/Healthy_Leaf/Healthy_Leaf00608.jpg,Healthy_Leaf,Fungal_Leaf_Spot,Incorrect,0.260497
datasets/train/Felt_Leaf/Felt_Leaf00244.jpg,Felt_Leaf,Leaf_Gall,Incorrect,0.326865
datasets/train/Leaf_Blight/Leaf_Blight00011.jpg,Leaf_Blight,Leaf_Blight,Correct,0.270789
datasets/train/Felt_Leaf/Felt_Leaf00211.jpg,Felt_Leaf,Felt_Leaf,Correct,0.296866
datasets/test/Dry_Leaf/Dry_Leaf00265.jpg,Dry_Leaf,Dry_Leaf,Correct,0.921448
datasets/train/Leaf_Gall/Leaf_Gall00594.jpg,Leaf_Gall,Leaf_Gall,Correct,0.645641
datasets/test/Anthrax_Leaf/Anthrax_Leaf00023.jpg,Anthrax_Leaf,Anthrax_Leaf,Correct,0.857986
datasets/test/Deficiency_Leaf/Deficiency_Leaf00089.jpg,Deficiency_Leaf,Healthy_Leaf,Incorrect,0.258659
datasets/test/Anthrax_Leaf/Anthrax_Leaf00098.jpg,Anthrax_Leaf,Anthrax_Leaf,Correct,0.440707
datasets/test/Leaf_Blight/Leaf_Blight00500.jpg,Leaf_Blight,Leaf_Blight,Correct,0.465999
datasets/train/Felt_Leaf/Felt_Leaf00376.jpg,Felt_Leaf,Leaf_Gall,Incorrect,0.433801
datasets/train/Fungal_Leaf_Spot/Fungal_Leaf_Spot00529.jpg,Fungal_Leaf_Spot,Fungal_Leaf_Spot,Correct,0.621342
datasets/test/Healthy_Leaf/Healthy_Leaf00325.jpg,Healthy_Leaf,Healthy_Leaf,Correct,0.879529
datasets/test/Dry_Leaf/Dry_Leaf00141.jpg,Dry_Leaf,Dry_Leaf,Correct,0.989813
datasets/test/Leaf_Blight/Leaf_Blight00100.jpg,Leaf_Blight,Leaf_Blight,Correct,0.786138
datasets/test/Dry_Leaf/Dry_Leaf00322.jpg,Dry_Leaf,Dry_Leaf,Correct,0.951351
datasets/train/Fungal_Leaf_Spot/Fungal_Leaf_Spot00249.jpg,Fungal_Leaf_Spot,Fungal_Leaf_Spot,Correct,0.574908
datasets/test/Dry_Leaf/Dry_Leaf00356.jpg,Dry_Leaf,Dry_Leaf,Correct,0.993463
datasets/train/Healthy_Leaf/Healthy_Leaf00209.jpg,Healthy_Leaf,Healthy_Leaf,Correct,0.294658
datasets/train/Leaf_Gall/Leaf_Gall00362.jpg,Leaf_Gall,Felt_Leaf,Incorrect,0.233283
datasets/test/Leaf_Blight/Leaf_Blight00393.jpg,Leaf_Blight,Leaf_Blight,Correct,0.604888
datasets/test/Curl_Leaf/Curl_Leaf00033.jpg,Curl_Leaf,Curl_Leaf,Correct,0.440147
datasets/train/Healthy_Leaf/Healthy_Leaf00174.jpg,Healthy_Leaf,Healthy_Leaf,Correct,0.967591
datasets/train/Bituminous_Leaf/Bituminous_Leaf00083.jpg,Bituminous_Leaf,Bituminous_Leaf,Correct,0.275520
datasets/train/Deficiency_Leaf/Deficiency_Leaf00006.jpg,Deficiency_Leaf,Leaf_Blight,Incorrect,0.331386
datasets/test/Leaf_Blight/Leaf_Blight00328.jpg,Leaf_Blight,Leaf_Blight,Correct,0.682841
datasets/train/Anthrax_Leaf/Anthrax_Leaf00081.jpg,Anthrax_Leaf,Fungal_Leaf_Spot,Incorrect,0.689122
datasets/test/Leaf_Gall/Leaf_Gall00444.jpg,Leaf_Gall,Fungal_Leaf_Spot,Incorrect,0.364709
datasets/test/Felt_Leaf/Felt_Leaf00105.jpg,Felt_Leaf,Leaf_Gall,Incorrect,0.434385
datasets/train/Dry_Leaf/Dry_Leaf00215.jpg,Dry_Leaf,Healthy_Leaf,Incorrect,0.698642
datasets/train/Healthy_Leaf/Healthy_Leaf00345.jpg,Healthy_Leaf,Dry_Leaf,Incorrect,0.520250
datasets/train/Leaf_Gall/Leaf_Gall00024.jpg,Leaf_Gall,Dry_Leaf,Incorrect,0.358862
datasets/train/Leaf_Blight/Leaf_Blight00091.jpg,Leaf_Blight,Leaf_Blight,Correct,0.330912
datasets/train/Felt_Leaf/Felt_Leaf00044.jpg,Felt_Leaf,Felt_Leaf,Correct,0.767832
datasets/test/Healthy_Leaf/Healthy_Leaf00213.jpg,Healthy_Leaf,Healthy_Leaf,Correct,0.853131
datasets/train/Dry_Leaf/Dry_Leaf00195.jpg,Dry_Leaf,Dry_Leaf,Correct,0.537171
datasets/train/Fungal_Leaf_Spot/Fungal_Leaf_Spot00281.jpg,Fungal_Leaf_Spot,Fungal_Leaf_Spot,Correct,0.592424
datasets/test/Fungal_Leaf_Spot/Fungal_Leaf_Spot00426.jpg,Fungal_Leaf_Spot,Fungal_Leaf_Spot,Correct,0.604780
datasets/test/Healthy_Leaf/Healthy_Leaf00370.jpg,Healthy_Leaf,Fungal_Leaf_Spot,Incorrect,0.707976
datasets/train/Leaf_Gall/Leaf_Gall00148.jpg,Leaf_Gall,Anthrax_Leaf,Incorrect,0.247542
datasets/test/Healthy_Leaf/Healthy_Leaf00611.jpg,Healthy_Leaf,Healthy_Leaf,Correct,0.932264
datasets/train/Dry_Leaf/Dry_Leaf00012.jpg,Dry_Leaf,Dry_Leaf,Correct,0.991311
datasets/test/Deficiency_Leaf/Deficiency_Leaf00093.jpg,Deficiency_Leaf,Leaf_Gall,Incorrect,0.622177
datasets/test/Leaf_Blight/Leaf_Blight00186.jpg,Leaf_Blight,Leaf_Blight,Correct,0.764658
datasets/test/Fungal_Leaf_Spot/Fungal_Leaf_Spot00237.jpg,Fungal_Leaf_Spot,Fungal_Leaf_Spot,Correct,0.487704
datasets/test/Dry_Leaf/Dry_Leaf00360.jpg,Dry_Leaf,Healthy_Leaf,Incorrect,0.351259
datasets/train/Curl_Leaf/Curl_Leaf00137.jpg,Curl_Leaf,Curl_Leaf,Correct,0.861881
datasets/test/Healthy_Leaf/Healthy_Leaf00590.jpg,Healthy_Leaf,Healthy_Leaf,Correct,0.795420
datasets/test/Healthy_Leaf/Healthy_Leaf00415.jpg,Healthy_Leaf,Fungal_Leaf_Spot,Incorrect,0.574704
datasets/test/Leaf_Gall/Leaf_Gall00181.jpg,Leaf_Gall,Leaf_Gall,Correct,0.643679
datasets/train/Leaf_Blight/Leaf_Blight00090.jpg,Leaf_Blight,Felt_Leaf,Incorrect,0.341132
datasets/test/Leaf_Gall/Leaf_Gall00158.jpg,Leaf_Gall,Leaf_Gall,Correct,0.668646
datasets/test/Felt_Leaf/Felt_Leaf00221.jpg,Felt_Leaf,Felt_Leaf,Correct,0.956506
datasets/train/Curl_Leaf/Curl_Leaf00010.jpg,Curl_Leaf,Curl_Leaf,Correct,0.698086
datasets/test/Healthy_Leaf/Healthy_Leaf00610.jpg,Healthy_Leaf,Healthy_Leaf,Correct,0.930894
datasets/train/Fungal_Leaf_Spot/Fungal_Leaf_Spot00467.jpg,Fungal_Leaf_Spot,Healthy_Leaf,Incorrect,0.783788
datasets/train/Healthy_Leaf/Healthy_Leaf00043.jpg,Healthy_Leaf,Healthy_Leaf,Correct,0.950731
datasets/test/Deficiency_Leaf/Deficiency_Leaf00113.jpg,Deficiency_Leaf,Healthy_Leaf,Incorrect,0.894152
datasets/train/Anthrax_Leaf/Anthrax_Leaf00117.jpg,Anthrax_Leaf,Anthrax_Leaf,Correct,0.351649
datasets/test/Healthy_Leaf/Healthy_Leaf00383.jpg,Healthy_Leaf,Fungal_Leaf_Spot,Incorrect,0.458235
datasets/train/Healthy_Leaf/Healthy_Leaf00593.jpg,Healthy_Leaf,Healthy_Leaf,Correct,0.290444
datasets/test/Fungal_Leaf_Spot/Fungal_Leaf_Spot00163.jpg,Fungal_Leaf_Spot,Fungal_Leaf_Spot,Correct,0.390420
datasets/train/Curl_Leaf/Curl_Leaf00143.jpg,Curl_Leaf,Curl_Leaf,Correct,0.505521
datasets/test/Dry_Leaf/Dry_Leaf00042.jpg,Dry_Leaf,Dry_Leaf,Correct,0.984408
datasets/test/Leaf_Blight/Leaf_Blight00456.jpg,Leaf_Blight,Leaf_Blight,Correct,0.887422
datasets/test/Leaf_Blight/Leaf_Blight00338.jpg,Leaf_Blight,Leaf_Blight,Correct,0.667788
datasets/train/Leaf_Gall/Leaf_Gall00456.jpg,Leaf_Gall,Dry_Leaf,Incorrect,0.262945
datasets/test/Fungal_Leaf_Spot/Fungal_Leaf_Spot00078.jpg,Fungal_Leaf_Spot,Leaf_Blight,Incorrect,0.412187
datasets/test/Healthy_Leaf/Healthy_Leaf00122.jpg,Healthy_Leaf,Healthy_Leaf,Correct,0.785195
datasets/test/Leaf_Gall/Leaf_Gall00459.jpg,Leaf_Gall,Leaf_Gall,Correct,0.751646
datasets/test/Fungal_Leaf_Spot/Fungal_Leaf_Spot00003.jpg,Fungal_Leaf_Spot,Fungal_Leaf_Spot,Correct,0.569399
datasets/test/Deficiency_Leaf/Deficiency_Leaf00070.jpg,Deficiency_Leaf,Leaf_Gall,Incorrect,0.368149
datasets/train/Fungal_Leaf_Spot/Fungal_Leaf_Spot00462.jpg,Fungal_Leaf_Spot,Fungal_Leaf_Spot,Correct,0.385340
datasets/train/Bituminous_Leaf/Bituminous_Leaf00045.jpg,Bituminous_Leaf,Bituminous_Leaf,Correct,0.679505
datasets/test/Leaf_Blight/Leaf_Blight00494.jpg,Leaf_Blight,Leaf_Blight,Correct,0.597196
datasets/train/Healthy_Leaf/Healthy_Leaf00334.jpg,Healthy_Leaf,Healthy_Leaf,Correct,0.958206
datasets/test/Anthrax_Leaf/Anthrax_Leaf00133.jpg,Anthrax_Leaf,Anthrax_Leaf,Correct,0.574345
datasets/test/Dry_Leaf/Dry_Leaf00311.jpg,Dry_Leaf,Healthy_Leaf,Incorrect,0.434630
datasets/test/Curl_Leaf/Curl_Leaf00140.jpg,Curl_Leaf,Leaf_Gall,Incorrect,0.320161
datasets/test/Fungal_Leaf_Spot/Fungal_Leaf_Spot00001.jpg,Fungal_Leaf_Spot,Fungal_Leaf_Spot,Correct,0.771926
datasets/test/Dry_Leaf/Dry_Leaf00192.jpg,Dry_Leaf,Dry_Leaf,Correct,0.898250
datasets/test/Anthrax_Leaf/Anthrax_Leaf00095.jpg,Anthrax_Leaf,Leaf_Gall,Incorrect,0.660719
datasets/test/Leaf_Gall/Leaf_Gall00379.jpg,Leaf_Gall,Leaf_Gall,Correct,0.533680
datasets/test/Healthy_Leaf/Healthy_Leaf00225.jpg,Healthy_Leaf,Fungal_Leaf_Spot,Incorrect,0.400045
datasets/test/Dry_Leaf/Dry_Leaf00161.jpg,Dry_Leaf,Dry_Leaf,Correct,0.947055
datasets/train/Healthy_Leaf/Healthy_Leaf00375.jpg,Healthy_Leaf,Healthy_Leaf,Correct,0.886748
datasets/train/Leaf_Gall/Leaf_Gall00221.jpg,Leaf_Gall,Leaf_Gall,Correct,0.951094
datasets/test/Leaf_Blight/Leaf_Blight00509.jpg,Leaf_Blight,Leaf_Blight,Correct,0.401733
datasets/test/Felt_Leaf/Felt_Leaf00202.jpg,Felt_Leaf,Leaf_Blight,Incorrect,0.231722
datasets/train/Healthy_Leaf/Healthy_Leaf00110.jpg,Healthy_Leaf,Healthy_Leaf,Correct,0.999483
datasets/test/Deficiency_Leaf/Deficiency_Leaf00040.jpg,Deficiency_Leaf,Leaf_Gall,Incorrect,0.315076
datasets/test/Healthy_Leaf/Healthy_Leaf00505.jpg,Healthy_Leaf,Healthy_Leaf,Correct,0.268612
datasets/test/Leaf_Gall/Leaf_Gall00490.jpg,Leaf_Gall,Leaf_Gall,Correct,0.769687
datasets/train/Leaf_Gall/Leaf_Gall00356.jpg,Leaf_Gall,Leaf_Gall,Correct,0.322736
datasets/test/Fungal_Leaf_Spot/Fungal_Leaf_Spot00098.jpg,Fungal_Leaf_Spot,Leaf_Blight,Incorrect,0.342929
datasets/test/Deficiency_Leaf/Deficiency_Leaf00011.jpg,Deficiency_Leaf,Leaf_Gall,Incorrect,0.388753
datasets/train/Felt_Leaf/Felt_Leaf00275.jpg,Felt_Leaf,Felt_Leaf,Correct,0.423486
datasets/test/Leaf_Gall/Leaf_Gall00097.jpg,Leaf_Gall,Leaf_Gall,Correct,0.785119
datasets/train/Leaf_Blight/Leaf_Blight00161.jpg,Leaf_Blight,Leaf_Blight,Correct,0.596005
datasets/test/Felt_Leaf/Felt_Leaf00333.jpg,Felt_Leaf,Felt_Leaf,Correct,0.889868
datasets/train/Dry_Leaf/Dry_Leaf00241.jpg,Dry_Leaf,Anthrax_Leaf,Incorrect,0.286190
datasets/test/Felt_Leaf/Felt_Leaf00077.jpg,Felt_Leaf,Leaf_Blight,Incorrect,0.376070
datasets/test/Healthy_Leaf/Healthy_Leaf00582.jpg,Healthy_Leaf,Healthy_Leaf,Correct,0.316861
datasets/test/Leaf_Gall/Leaf_Gall00163.jpg,Leaf_Gall,Leaf_Gall,Correct,0.464245
datasets/test/Fungal_Leaf_Spot/Fungal_Leaf_Spot00326.jpg,Fungal_Leaf_Spot,Fungal_Leaf_Spot,Correct,0.496312
datasets/test/Leaf_Blight/Leaf_Blight00278.jpg,Leaf_Blight,Leaf_Blight,Correct,0.465131
datasets/train/Healthy_Leaf/Healthy_Leaf00468.jpg,Healthy_Leaf,Leaf_Gall,Incorrect,0.606129
datasets/train/Leaf_Gall/Leaf_Gall00015.jpg,Leaf_Gall,Leaf_Gall,Correct,0.393458
datasets/test/Anthrax_Leaf/Anthrax_Leaf00093.jpg,Anthrax_Leaf,Dry_Leaf,Incorrect,0.558231
datasets/test/Deficiency_Leaf/Deficiency_Leaf00066.jpg,Deficiency_Leaf,Leaf_Gall,Incorrect,0.634743
datasets/test/Dry_Leaf/Dry_Leaf00297.jpg,Dry_Leaf,Dry_Leaf,Correct,0.816925
datasets/train/Leaf_Blight/Leaf_Blight00249.jpg,Leaf_Blight,Leaf_Blight,Correct,0.808247
datasets/train/Curl_Leaf/Curl_Leaf00153.jpg,Curl_Leaf,Leaf_Gall,Incorrect,0.352462
datasets/test/Dry_Leaf/Dry_Leaf00321.jpg,Dry_Leaf,Dry_Leaf,Correct,0.997339
datasets/test/Anthrax_Leaf/Anthrax_Leaf00060.jpg,Anthrax_Leaf,Leaf_Gall,Incorrect,0.679474
datasets/train/Leaf_Blight/Leaf_Blight00143.jpg,Leaf_Blight,Leaf_Blight,Correct,0.850572
datasets/test/Leaf_Gall/Leaf_Gall00056.jpg,Leaf_Gall,Leaf_Blight,Incorrect,0.264824
datasets/test/Felt_Leaf/Felt_Leaf00348.jpg,Felt_Leaf,Felt_Leaf,Correct,0.366454
datasets/test/Bituminous_Leaf/Bituminous_Leaf00137.jpg,Bituminous_Leaf,Anthrax_Leaf,Incorrect,0.532962
datasets/test/Deficiency_Leaf/Deficiency_Leaf00080.jpg,Deficiency_Leaf,Fungal_Leaf_Spot,Incorrect,0.562249
datasets/train/Fungal_Leaf_Spot/Fungal_Leaf_Spot00558.jpg,Fungal_Leaf_Spot,Fungal_Leaf_Spot,Correct,0.430846
datasets/train/Healthy_Leaf/Healthy_Leaf00172.jpg,Healthy_Leaf,Healthy_Leaf,Correct,0.979581
datasets/test/Healthy_Leaf/Healthy_Leaf00387.jpg,Healthy_Leaf,Leaf_Gall,Incorrect,0.328832
datasets/test/Fungal_Leaf_Spot/Fungal_Leaf_Spot00160.jpg,Fungal_Leaf_Spot,Leaf_Blight,Incorrect,0.619091
datasets/train/Leaf_Blight/Leaf_Blight00183.jpg,Leaf_Blight,Felt_Leaf,Incorrect,0.435932
datasets/test/Leaf_Gall/Leaf_Gall00261.jpg,Leaf_Gall,Leaf_Gall,Correct,0.820317
datasets/train/Leaf_Blight/Leaf_Blight00022.jpg,Leaf_Blight,Leaf_Blight,Correct,0.674611
datasets/test/Leaf_Blight/Leaf_Blight00437.jpg,Leaf_Blight,Leaf_Blight,Correct,0.781730
datasets/train/Leaf_Blight/Leaf_Blight00589.jpg,Leaf_Blight,Leaf_Blight,Correct,0.485574
datasets/test/Leaf_Blight/Leaf_Blight00014.jpg,Leaf_Blight,Leaf_Blight,Correct,0.415358
datasets/test/Dry_Leaf/Dry_Leaf00291.jpg,Dry_Leaf,Dry_Leaf,Correct,0.978228
datasets/train/Leaf_Gall/Leaf_Gall00493.jpg,Leaf_Gall,Leaf_Blight,Incorrect,0.917358
datasets/test/Healthy_Leaf/Healthy_Leaf00477.jpg,Healthy_Leaf,Leaf_Gall,Incorrect,0.411040
datasets/test/Deficiency_Leaf/Deficiency_Leaf00077.jpg,Deficiency_Leaf,Leaf_Gall,Incorrect,0.761613
datasets/train/Bituminous_Leaf/Bituminous_Leaf00043.jpg,Bituminous_Leaf,Bituminous_Leaf,Correct,0.517433
datasets/train/Leaf_Gall/Leaf_Gall00257.jpg,Leaf_Gall,Leaf_Blight,Incorrect,0.575873
datasets/test/Felt_Leaf/Felt_Leaf00149.jpg,Felt_Leaf,Felt_Leaf,Correct,0.523145
datasets/train/Felt_Leaf/Felt_Leaf00258.jpg,Felt_Leaf,Leaf_Gall,Incorrect,0.506313
datasets/train/Deficiency_Leaf/Deficiency_Leaf00119.jpg,Deficiency_Leaf,Leaf_Blight,Incorrect,0.353948
datasets/train/Fungal_Leaf_Spot/Fungal_Leaf_Spot00141.jpg,Fungal_Leaf_Spot,Felt_Leaf,Incorrect,0.616416
datasets/test/Anthrax_Leaf/Anthrax_Leaf00079.jpg,Anthrax_Leaf,Leaf_Blight,Incorrect,0.494905
datasets/train/Fungal_Leaf_Spot/Fungal_Leaf_Spot00228.jpg,Fungal_Leaf_Spot,Fungal_Leaf_Spot,Correct,0.980096
datasets/test/Leaf_Gall/Leaf_Gall00018.jpg,Leaf_Gall,Felt_Leaf,Incorrect,0.318004
datasets/train/Leaf_Gall/Leaf_Gall00282.jpg,Leaf_Gall,Leaf_Blight,Incorrect,0.730810
datasets/test/Healthy_Leaf/Healthy_Leaf00292.jpg,Healthy_Leaf,Healthy_Leaf,Correct,0.629724
datasets/test/Fungal_Leaf_Spot/Fungal_Leaf_Spot00052.jpg,Fungal_Leaf_Spot,Healthy_Leaf,Incorrect,0.606483
datasets/test/Healthy_Leaf/Healthy_Leaf00131.jpg,Healthy_Leaf,Healthy_Leaf,Correct,0.973033
datasets/test/Leaf_Blight/Leaf_Blight00042.jpg,Leaf_Blight,Leaf_Blight,Correct,0.336733
datasets/test/Leaf_Gall/Leaf_Gall00535.jpg,Leaf_Gall,Leaf_Blight,Incorrect,0.217903
datasets/test/Leaf_Gall/Leaf_Gall00569.jpg,Leaf_Gall,Leaf_Gall,Correct,0.694671
datasets/test/Felt_Leaf/Felt_Leaf00058.jpg,Felt_Leaf,Felt_Leaf,Correct,0.379194
datasets/train/Leaf_Gall/Leaf_Gall00528.jpg,Leaf_Gall,Dry_Leaf,Incorrect,0.436805
datasets/test/Felt_Leaf/Felt_Leaf00088.jpg,Felt_Leaf,Healthy_Leaf,Incorrect,0.483842
datasets/test/Fungal_Leaf_Spot/Fungal_Leaf_Spot00477.jpg,Fungal_Leaf_Spot,Fungal_Leaf_Spot,Correct,0.928499
datasets/train/Fungal_Leaf_Spot/Fungal_Leaf_Spot00006.jpg,Fungal_Leaf_Spot,Leaf_Gall,Incorrect,0.383827
datasets/test/Deficiency_Leaf/Deficiency_Leaf00050.jpg,Deficiency_Leaf,Felt_Leaf,Incorrect,0.771176
datasets/test/Leaf_Gall/Leaf_Gall00405.jpg,Leaf_Gall,Leaf_Blight,Incorrect,0.273909
datasets/test/Healthy_Leaf/Healthy_Leaf00248.jpg,Healthy_Leaf,Healthy_Leaf,Correct,0.721832
datasets/train/Felt_Leaf/Felt_Leaf00095.jpg,Felt_Leaf,Felt_Leaf,Correct,0.497661
datasets/train/Healthy_Leaf/Healthy_Leaf00479.jpg,Healthy_Leaf,Healthy_Leaf,Correct,0.463144
datasets/test/Leaf_Gall/Leaf_Gall00077.jpg,Leaf_Gall,Curl_Leaf,Incorrect,0.345645
datasets/train/Leaf_Blight/Leaf_Blight00478.jpg,Leaf_Blight,Leaf_Blight,Correct,0.989115
datasets/train/Leaf_Gall/Leaf_Gall00303.jpg,Leaf_Gall,Leaf_Gall,Correct,0.467649
datasets/test/Curl_Leaf/Curl_Leaf00030.jpg,Curl_Leaf,Leaf_Blight,Incorrect,0.702728
datasets/test/Curl_Leaf/Curl_Leaf00149.jpg,Curl_Leaf,Leaf_Gall,Incorrect,0.524903
datasets/train/Anthrax_Leaf/Anthrax_Leaf00043.jpg,Anthrax_Leaf,Anthrax_Leaf,Correct,0.699851
datasets/train/Leaf_Gall/Leaf_Gall00486.jpg,Leaf_Gall,Leaf_Gall,Correct,0.349693
datasets/train/Leaf_Gall/Leaf_Gall00620.jpg,Leaf_Gall,Healthy_Leaf,Incorrect,0.439377
datasets/test/Bituminous_Leaf/Bituminous_Leaf00028.jpg,Bituminous_Leaf,Bituminous_Leaf,Correct,0.852469
datasets/train/Felt_Leaf/Felt_Leaf00262.jpg,Felt_Leaf,Leaf_Gall,Incorrect,0.393798
datasets/test/Dry_Leaf/Dry_Leaf00292.jpg,Dry_Leaf,Dry_Leaf,Correct,0.976626
datasets/test/Healthy_Leaf/Healthy_Leaf00176.jpg,Healthy_Leaf,Healthy_Leaf,Correct,0.908207
datasets/train/Anthrax_Leaf/Anthrax_Leaf00016.jpg,Anthrax_Leaf,Leaf_Gall,Incorrect,0.459650
datasets/test/Bituminous_Leaf/Bituminous_Leaf00013.jpg,Bituminous_Leaf,Bituminous_Leaf,Correct,0.341598
datasets/train/Leaf_Gall/Leaf_Gall00240.jpg,Leaf_Gall,Leaf_Gall,Correct,0.738897
datasets/test/Dry_Leaf/Dry_Leaf00244.jpg,Dry_Leaf,Leaf_Gall,Incorrect,0.453006
datasets/train/Healthy_Leaf/Healthy_Leaf00305.jpg,Healthy_Leaf,Healthy_Leaf,Correct,0.787253
datasets/test/Leaf_Blight/Leaf_Blight00562.jpg,Leaf_Blight,Leaf_Blight,Correct,0.847513
datasets/test/Leaf_Gall/Leaf_Gall00589.jpg,Leaf_Gall,Leaf_Blight,Incorrect,0.375365
datasets/test/Healthy_Leaf/Healthy_Leaf00106.jpg,Healthy_Leaf,Healthy_Leaf,Correct,0.999208
datasets/test/Curl_Leaf/Curl_Leaf00077.jpg,Curl_Leaf,Healthy_Leaf,Incorrect,0.315858
datasets/train/Anthrax_Leaf/Anthrax_Leaf00042.jpg,Anthrax_Leaf,Leaf_Gall,Incorrect,0.479489
datasets/test/Leaf_Blight/Leaf_Blight00565.jpg,Leaf_Blight,Leaf_Blight,Correct,0.946165
datasets/test/Healthy_Leaf/Healthy_Leaf00403.jpg,Healthy_Leaf,Healthy_Leaf,Correct,0.915059
datasets/test/Felt_Leaf/Felt_Leaf00093.jpg,Felt_Leaf,Felt_Leaf,Correct,0.369167
datasets/train/Fungal_Leaf_Spot/Fungal_Leaf_Spot00194.jpg,Fungal_Leaf_Spot,Fungal_Leaf_Spot,Correct,0.613547
datasets/test/Healthy_Leaf/Healthy_Leaf00491.jpg,Healthy_Leaf,Healthy_Leaf,Correct,0.533807
datasets/test/Anthrax_Leaf/Anthrax_Leaf00148.jpg,Anthrax_Leaf,Anthrax_Leaf,Correct,0.254391
datasets/train/Fungal_Leaf_Spot/Fungal_Leaf_Spot00459.jpg,Fungal_Leaf_Spot,Fungal_Leaf_Spot,Correct,0.568012
datasets/test/Dry_Leaf/Dry_Leaf00194.jpg,Dry_Leaf,Dry_Leaf,Correct,0.763286
datasets/train/Healthy_Leaf/Healthy_Leaf00243.jpg,Healthy_Leaf,Healthy_Leaf,Correct,0.952313
datasets/train/Healthy_Leaf/Healthy_Leaf00016.jpg,Healthy_Leaf,Healthy_Leaf,Correct,0.919876
datasets/test/Fungal_Leaf_Spot/Fungal_Leaf_Spot00093.jpg,Fungal_Leaf_Spot,Felt_Leaf,Incorrect,0.656233
datasets/test/Leaf_Blight/Leaf_Blight00234.jpg,Leaf_Blight,Felt_Leaf,Incorrect,0.501182
datasets/train/Healthy_Leaf/Healthy_Leaf00431.jpg,Healthy_Leaf,Leaf_Gall,Incorrect,0.345630
datasets/test/Healthy_Leaf/Healthy_Leaf00274.jpg,Healthy_Leaf,Fungal_Leaf_Spot,Incorrect,0.328367
datasets/test/Curl_Leaf/Curl_Leaf00027.jpg,Curl_Leaf,Fungal_Leaf_Spot,Incorrect,0.367114
datasets/test/Leaf_Blight/Leaf_Blight00487.jpg,Leaf_Blight,Leaf_Blight,Correct,0.580096
datasets/train/Deficiency_Leaf/Deficiency_Leaf00021.jpg,Deficiency_Leaf,Leaf_Gall,Incorrect,0.491936
datasets/train/Healthy_Leaf/Healthy_Leaf00224.jpg,Healthy_Leaf,Healthy_Leaf,Correct,0.544191
datasets/test/Deficiency_Leaf/Deficiency_Leaf00085.jpg,Deficiency_Leaf,Deficiency_Leaf,Correct,0.492302
datasets/train/Bituminous_Leaf/Bituminous_Leaf00008.jpg,Bituminous_Leaf,Bituminous_Leaf,Correct,0.238144
datasets/train/Leaf_Blight/Leaf_Blight00171.jpg,Leaf_Blight,Healthy_Leaf,Incorrect,0.367668
datasets/test/Deficiency_Leaf/Deficiency_Leaf00086.jpg,Deficiency_Leaf,Leaf_Gall,Incorrect,0.387797
datasets/test/Fungal_Leaf_Spot/Fungal_Leaf_Spot00157.jpg,Fungal_Leaf_Spot,Fungal_Leaf_Spot,Correct,0.594355
datasets/test/Leaf_Gall/Leaf_Gall00451.jpg,Leaf_Gall,Leaf_Blight,Incorrect,0.285789
datasets/test/Dry_Leaf/Dry_Leaf00278.jpg,Dry_Leaf,Dry_Leaf,Correct,0.665836
datasets/train/Fungal_Leaf_Spot/Fungal_Leaf_Spot00264.jpg,Fungal_Leaf_Spot,Fungal_Leaf_Spot,Correct,0.451704
datasets/train/Leaf_Blight/Leaf_Blight00040.jpg,Leaf_Blight,Leaf_Gall,Incorrect,0.672846
datasets/test/Leaf_Gall/Leaf_Gall00243.jpg,Leaf_Gall,Leaf_Gall,Correct,0.884678
datasets/test/Healthy_Leaf/Healthy_Leaf00339.jpg,Healthy_Leaf,Healthy_Leaf,Correct,0.797270
datasets/test/Bituminous_Leaf/Bituminous_Leaf00052.jpg,Bituminous_Leaf,Bituminous_Leaf,Correct,0.794067
datasets/test/Leaf_Gall/Leaf_Gall00350.jpg,Leaf_Gall,Leaf_Gall,Correct,0.934566
datasets/test/Leaf_Blight/Leaf_Blight00510.jpg,Leaf_Blight,Leaf_Blight,Correct,0.727199
datasets/test/Dry_Leaf/Dry_Leaf00033.jpg,Dry_Leaf,Dry_Leaf,Correct,0.961686
datasets/test/Fungal_Leaf_Spot/Fungal_Leaf_Spot00127.jpg,Fungal_Leaf_Spot,Fungal_Leaf_Spot,Correct,0.319166
datasets/test/Leaf_Blight/Leaf_Blight00191.jpg,Leaf_Blight,Leaf_Gall,Incorrect,0.384818
datasets/train/Dry_Leaf/Dry_Leaf00018.jpg,Dry_Leaf,Dry_Leaf,Correct,0.938786
datasets/test/Felt_Leaf/Felt_Leaf00233.jpg,Felt_Leaf,Leaf_Gall,Incorrect,0.661203
datasets/train/Felt_Leaf/Felt_Leaf00321.jpg,Felt_Leaf,Felt_Leaf,Correct,0.360684
datasets/test/Bituminous_Leaf/Bituminous_Leaf00026.jpg,Bituminous_Leaf,Healthy_Leaf,Incorrect,0.431963
datasets/test/Fungal_Leaf_Spot/Fungal_Leaf_Spot00134.jpg,Fungal_Leaf_Spot,Felt_Leaf,Incorrect,0.314650
datasets/test/Leaf_Gall/Leaf_Gall00032.jpg,Leaf_Gall,Leaf_Blight,Incorrect,0.491750
datasets/train/Dry_Leaf/Dry_Leaf00187.jpg,Dry_Leaf,Dry_Leaf,Correct,0.394349
datasets/train/Leaf_Gall/Leaf_Gall00223.jpg,Leaf_Gall,Leaf_Gall,Correct,0.848829
datasets/test/Fungal_Leaf_Spot/Fungal_Leaf_Spot00526.jpg,Fungal_Leaf_Spot,Felt_Leaf,Incorrect,0.352172
datasets/train/Leaf_Gall/Leaf_Gall00373.jpg,Leaf_Gall,Leaf_Gall,Correct,0.372363
datasets/train/Healthy_Leaf/Healthy_Leaf00267.jpg,Healthy_Leaf,Healthy_Leaf,Correct,0.741200
datasets/test/Healthy_Leaf/Healthy_Leaf00154.jpg,Healthy_Leaf,Healthy_Leaf,Correct,0.998788
datasets/test/Leaf_Gall/Leaf_Gall00098.jpg,Leaf_Gall,Leaf_Gall,Correct,0.834832
datasets/test/Leaf_Gall/Leaf_Gall00358.jpg,Leaf_Gall,Leaf_Blight,Incorrect,0.439204
datasets/test/Curl_Leaf/Curl_Leaf00097.jpg,Curl_Leaf,Leaf_Blight,Incorrect,0.247624
datasets/test/Leaf_Gall/Leaf_Gall00425.jpg,Leaf_Gall,Fungal_Leaf_Spot,Incorrect,0.222325
datasets/train/Bituminous_Leaf/Bituminous_Leaf00104.jpg,Bituminous_Leaf,Dry_Leaf,Incorrect,0.289154
datasets/test/Bituminous_Leaf/Bituminous_Leaf00095.jpg,Bituminous_Leaf,Fungal_Leaf_Spot,Incorrect,0.198318
datasets/test/Dry_Leaf/Dry_Leaf00337.jpg,Dry_Leaf,Leaf_Blight,Incorrect,0.476898
datasets/train/Leaf_Gall/Leaf_Gall00534.jpg,Leaf_Gall,Leaf_Gall,Correct,0.498148
datasets/test/Anthrax_Leaf/Anthrax_Leaf00013.jpg,Anthrax_Leaf,Leaf_Gall,Incorrect,0.259345
datasets/train/Leaf_Gall/Leaf_Gall00586.jpg,Leaf_Gall,Leaf_Blight,Incorrect,0.734688
datasets/train/Deficiency_Leaf/Deficiency_Leaf00069.jpg,Deficiency_Leaf,Leaf_Blight,Incorrect,0.233894
datasets/train/Curl_Leaf/Curl_Leaf00125.jpg,Curl_Leaf,Curl_Leaf,Correct,0.476428
datasets/test/Healthy_Leaf/Healthy_Leaf00463.jpg,Healthy_Leaf,Fungal_Leaf_Spot,Incorrect,0.319784
datasets/test/Fungal_Leaf_Spot/Fungal_Leaf_Spot00218.jpg,Fungal_Leaf_Spot,Fungal_Leaf_Spot,Correct,0.641646
datasets/train/Bituminous_Leaf/Bituminous_Leaf00097.jpg,Bituminous_Leaf,Bituminous_Leaf,Correct,0.482771
datasets/train/Dry_Leaf/Dry_Leaf00027.jpg,Dry_Leaf,Dry_Leaf,Correct,0.949028
datasets/train/Healthy_Leaf/Healthy_Leaf00066.jpg,Healthy_Leaf,Healthy_Leaf,Correct,0.967975
datasets/test/Leaf_Gall/Leaf_Gall00415.jpg,Leaf_Gall,Leaf_Blight,Incorrect,0.318088
datasets/train/Curl_Leaf/Curl_Leaf00070.jpg,Curl_Leaf,Fungal_Leaf_Spot,Incorrect,0.248395
datasets/train/Fungal_Leaf_Spot/Fungal_Leaf_Spot00059.jpg,Fungal_Leaf_Spot,Fungal_Leaf_Spot,Correct,0.920434
datasets/test/Fungal_Leaf_Spot/Fungal_Leaf_Spot00388.jpg,Fungal_Leaf_Spot,Fungal_Leaf_Spot,Correct,0.522163
datasets/test/Leaf_Gall/Leaf_Gall00134.jpg,Leaf_Gall,Leaf_Gall,Correct,0.888950
datasets/train/Healthy_Leaf/Healthy_Leaf00050.jpg,Healthy_Leaf,Healthy_Leaf,Correct,0.998845
datasets/test/Dry_Leaf/Dry_Leaf00327.jpg,Dry_Leaf,Curl_Leaf,Incorrect,0.294857
datasets/train/Anthrax_Leaf/Anthrax_Leaf00050.jpg,Anthrax_Leaf,Leaf_Gall,Incorrect,0.492098
datasets/test/Fungal_Leaf_Spot/Fungal_Leaf_Spot00082.jpg,Fungal_Leaf_Spot,Healthy_Leaf,Incorrect,0.620359
datasets/test/Healthy_Leaf/Healthy_Leaf00161.jpg,Healthy_Leaf,Healthy_Leaf,Correct,0.997536
datasets/test/Fungal_Leaf_Spot/Fungal_Leaf_Spot00240.jpg,Fungal_Leaf_Spot,Fungal_Leaf_Spot,Correct,0.409436
datasets/test/Leaf_Gall/Leaf_Gall00142.jpg,Leaf_Gall,Leaf_Gall,Correct,0.954269
datasets/train/Anthrax_Leaf/Anthrax_Leaf00004.jpg,Anthrax_Leaf,Anthrax_Leaf,Correct,0.246618
datasets/test/Healthy_Leaf/Healthy_Leaf00125.jpg,Healthy_Leaf,Healthy_Leaf,Correct,0.978095
datasets/test/Healthy_Leaf/Healthy_Leaf00458.jpg,Healthy_Leaf,Fungal_Leaf_Spot,Incorrect,0.509835
datasets/train/Healthy_Leaf/Healthy_Leaf00424.jpg,Healthy_Leaf,Healthy_Leaf,Correct,0.454366
datasets/test/Healthy_Leaf/Healthy_Leaf00466.jpg,Healthy_Leaf,Healthy_Leaf,Correct,0.704949
datasets/train/Leaf_Blight/Leaf_Blight00010.jpg,Leaf_Blight,Leaf_Blight,Correct,0.688611
datasets/test/Leaf_Blight/Leaf_Blight00056.jpg,Leaf_Blight,Healthy_Leaf,Incorrect,0.515937
datasets/train/Dry_Leaf/Dry_Leaf00077.jpg,Dry_Leaf,Leaf_Gall,Incorrect,0.286256
datasets/test/Fungal_Leaf_Spot/Fungal_Leaf_Spot00450.jpg,Fungal_Leaf_Spot,Healthy_Leaf,Incorrect,0.296155
datasets/test/Dry_Leaf/Dry_Leaf00066.jpg,Dry_Leaf,Dry_Leaf,Correct,0.366975
datasets/test/Fungal_Leaf_Spot/Fungal_Leaf_Spot00201.jpg,Fungal_Leaf_Spot,Dry_Leaf,Incorrect,0.300066
datasets/test/Healthy_Leaf/Healthy_Leaf00560.jpg,Healthy_Leaf,Healthy_Leaf,Correct,0.756611
datasets/train/Leaf_Blight/Leaf_Blight00236.jpg,Leaf_Blight,Felt_Leaf,Incorrect,0.335428
datasets/test/Healthy_Leaf/Healthy_Leaf00568.jpg,Healthy_Leaf,Leaf_Gall,Incorrect,0.210866
datasets/train/Bituminous_Leaf/Bituminous_Leaf00115.jpg,Bituminous_Leaf,Bituminous_Leaf,Correct,0.363015
datasets/test/Healthy_Leaf/Healthy_Leaf00030.jpg,Healthy_Leaf,Healthy_Leaf,Correct,0.882835
datasets/train/Felt_Leaf/Felt_Leaf00140.jpg,Felt_Leaf,Felt_Leaf,Correct,0.925351
datasets/test/Anthrax_Leaf/Anthrax_Leaf00092.jpg,Anthrax_Leaf,Anthrax_Leaf,Correct,0.484392
datasets/train/Leaf_Gall/Leaf_Gall00203.jpg,Leaf_Gall,Fungal_Leaf_Spot,Incorrect,0.633929
datasets/train/Leaf_Blight/Leaf_Blight00543.jpg,Leaf_Blight,Leaf_Blight,Correct,0.396803
datasets/test/Leaf_Blight/Leaf_Blight00223.jpg,Leaf_Blight,Leaf_Blight,Correct,0.267148
datasets/test/Leaf_Blight/Leaf_Blight00177.jpg,Leaf_Blight,Leaf_Blight,Correct,0.832749
datasets/train/Leaf_Gall/Leaf_Gall00598.jpg,Leaf_Gall,Healthy_Leaf,Incorrect,0.407715
datasets/test/Fungal_Leaf_Spot/Fungal_Leaf_Spot00464.jpg,Fungal_Leaf_Spot,Healthy_Leaf,Incorrect,0.578766
datasets/train/Dry_Leaf/Dry_Leaf00225.jpg,Dry_Leaf,Dry_Leaf,Correct,0.479169
datasets/train/Curl_Leaf/Curl_Leaf00179.jpg,Curl_Leaf,Curl_Leaf,Correct,0.919858
datasets/test/Leaf_Gall/Leaf_Gall00229.jpg,Leaf_Gall,Leaf_Gall,Correct,0.773973
datasets/test/Fungal_Leaf_Spot/Fungal_Leaf_Spot00497.jpg,Fungal_Leaf_Spot,Fungal_Leaf_Spot,Correct,0.476600
datasets/train/Fungal_Leaf_Spot/Fungal_Leaf_Spot00355.jpg,Fungal_Leaf_Spot,Leaf_Blight,Incorrect,0.531489
datasets/train/Healthy_Leaf/Healthy_Leaf00602.jpg,Healthy_Leaf,Leaf_Blight,Incorrect,0.511973
datasets/test/Bituminous_Leaf/Bituminous_Leaf00053.jpg,Bituminous_Leaf,Healthy_Leaf,Incorrect,0.251907
datasets/test/Leaf_Blight/Leaf_Blight00394.jpg,Leaf_Blight,Leaf_Blight,Correct,0.611827
datasets/train/Bituminous_Leaf/Bituminous_Leaf00092.jpg,Bituminous_Leaf,Bituminous_Leaf,Correct,0.670072
datasets/test/Felt_Leaf/Felt_Leaf00213.jpg,Felt_Leaf,Felt_Leaf,Correct,0.554420
datasets/test/Leaf_Blight/Leaf_Blight00051.jpg,Leaf_Blight,Leaf_Blight,Correct,0.361823
datasets/test/Fungal_Leaf_Spot/Fungal_Leaf_Spot00386.jpg,Fungal_Leaf_Spot,Fungal_Leaf_Spot,Correct,0.388805
datasets/test/Felt_Leaf/Felt_Leaf00178.jpg,Felt_Leaf,Felt_Leaf,Correct,0.676680
datasets/test/Dry_Leaf/Dry_Leaf00037.jpg,Dry_Leaf,Dry_Leaf,Correct,0.707604
datasets/train/Leaf_Gall/Leaf_Gall00072.jpg,Leaf_Gall,Leaf_Gall,Correct,0.803680
datasets/test/Leaf_Gall/Leaf_Gall00130.jpg,Leaf_Gall,Leaf_Gall,Correct,0.343217
datasets/train/Leaf_Blight/Leaf_Blight00086.jpg,Leaf_Blight,Leaf_Gall,Incorrect,0.261633
datasets/train/Fungal_Leaf_Spot/Fungal_Leaf_Spot00254.jpg,Fungal_Leaf_Spot,Fungal_Leaf_Spot,Correct,0.330262
datasets/train/Felt_Leaf/Felt_Leaf00343.jpg,Felt_Leaf,Healthy_Leaf,Incorrect,0.350361
datasets/test/Fungal_Leaf_Spot/Fungal_Leaf_Spot00447.jpg,Fungal_Leaf_Spot,Fungal_Leaf_Spot,Correct,0.726642
datasets/test/Healthy_Leaf/Healthy_Leaf00266.jpg,Healthy_Leaf,Healthy_Leaf,Correct,0.699707
datasets/test/Fungal_Leaf_Spot/Fungal_Leaf_Spot00537.jpg,Fungal_Leaf_Spot,Fungal_Leaf_Spot,Correct,0.738298
datasets/test/Bituminous_Leaf/Bituminous_Leaf00120.jpg,Bituminous_Leaf,Healthy_Leaf,Incorrect,0.851945
datasets/test/Leaf_Blight/Leaf_Blight00159.jpg,Leaf_Blight,Leaf_Blight,Correct,0.459501
datasets/train/Leaf_Gall/Leaf_Gall00536.jpg,Leaf_Gall,Felt_Leaf,Incorrect,0.367510
datasets/test/Leaf_Gall/Leaf_Gall00608.jpg,Leaf_Gall,Leaf_Gall,Correct,0.398105
datasets/test/Leaf_Gall/Leaf_Gall00171.jpg,Leaf_Gall,Leaf_Blight,Incorrect,0.704843
datasets/train/Leaf_Blight/Leaf_Blight00464.jpg,Leaf_Blight,Leaf_Blight,Correct,0.583693
datasets/test/Leaf_Blight/Leaf_Blight00189.jpg,Leaf_Blight,Leaf_Blight,Correct,0.866354
datasets/test/Healthy_Leaf/Healthy_Leaf00068.jpg,Healthy_Leaf,Healthy_Leaf,Correct,0.996538
datasets/train/Fungal_Leaf_Spot/Fungal_Leaf_Spot00552.jpg,Fungal_Leaf_Spot,Fungal_Leaf_Spot,Correct,0.254742
datasets/test/Deficiency_Leaf/Deficiency_Leaf00046.jpg,Deficiency_Leaf,Deficiency_Leaf,Correct,0.263153
datasets/test/Dry_Leaf/Dry_Leaf00119.jpg,Dry_Leaf,Dry_Leaf,Correct,0.976406
datasets/train/Dry_Leaf/Dry_Leaf00299.jpg,Dry_Leaf,Dry_Leaf,Correct,0.622628
datasets/train/Felt_Leaf/Felt_Leaf00120.jpg,Felt_Leaf,Felt_Leaf,Correct,0.900419
datasets/test/Anthrax_Leaf/Anthrax_Leaf00017.jpg,Anthrax_Leaf,Anthrax_Leaf,Correct,0.272759
datasets/test/Fungal_Leaf_Spot/Fungal_Leaf_Spot00528.jpg,Fungal_Leaf_Spot,Curl_Leaf,Incorrect,0.457684
datasets/test/Healthy_Leaf/Healthy_Leaf00416.jpg,Healthy_Leaf,Healthy_Leaf,Correct,0.988495
datasets/test/Fungal_Leaf_Spot/Fungal_Leaf_Spot00369.jpg,Fungal_Leaf_Spot,Leaf_Blight,Incorrect,0.794381
datasets/test/Dry_Leaf/Dry_Leaf00166.jpg,Dry_Leaf,Dry_Leaf,Correct,0.852300
datasets/train/Felt_Leaf/Felt_Leaf00363.jpg,Felt_Leaf,Felt_Leaf,Correct,0.454644
datasets/test/Leaf_Gall/Leaf_Gall00579.jpg,Leaf_Gall,Leaf_Gall,Correct,0.369971
datasets/test/Anthrax_Leaf/Anthrax_Leaf00053.jpg,Anthrax_Leaf,Leaf_Gall,Incorrect,0.636156
datasets/train/Anthrax_Leaf/Anthrax_Leaf00067.jpg,Anthrax_Leaf,Anthrax_Leaf,Correct,0.942906
datasets/test/Leaf_Gall/Leaf_Gall00422.jpg,Leaf_Gall,Fungal_Leaf_Spot,Incorrect,0.227884
datasets/train/Curl_Leaf/Curl_Leaf00054.jpg,Curl_Leaf,Curl_Leaf,Correct,0.772084
datasets/train/Felt_Leaf/Felt_Leaf00098.jpg,Felt_Leaf,Felt_Leaf,Correct,0.298609
datasets/train/Healthy_Leaf/Healthy_Leaf00512.jpg,Healthy_Leaf,Healthy_Leaf,Correct,0.402877
datasets/test/Dry_Leaf/Dry_Leaf00082.jpg,Dry_Leaf,Leaf_Blight,Incorrect,0.519477
datasets/test/Healthy_Leaf/Healthy_Leaf00418.jpg,Healthy_Leaf,Fungal_Leaf_Spot,Incorrect,0.403262
datasets/train/Healthy_Leaf/Healthy_Leaf00310.jpg,Healthy_Leaf,Healthy_Leaf,Correct,0.995685
datasets/train/Healthy_Leaf/Healthy_Leaf00493.jpg,Healthy_Leaf,Healthy_Leaf,Correct,0.626372
datasets/train/Felt_Leaf/Felt_Leaf00381.jpg,Felt_Leaf,Felt_Leaf,Correct,0.978400
datasets/test/Healthy_Leaf/Healthy_Leaf00062.jpg,Healthy_Leaf,Healthy_Leaf,Correct,0.998687
datasets/train/Deficiency_Leaf/Deficiency_Leaf00074.jpg,Deficiency_Leaf,Healthy_Leaf,Incorrect,0.475700
datasets/train/Dry_Leaf/Dry_Leaf00128.jpg,Dry_Leaf,Dry_Leaf,Correct,0.492016
datasets/test/Felt_Leaf/Felt_Leaf00174.jpg,Felt_Leaf,Fungal_Leaf_Spot,Incorrect,0.661341
datasets/test/Healthy_Leaf/Healthy_Leaf00289.jpg,Healthy_Leaf,Fungal_Leaf_Spot,Incorrect,0.345201
datasets/test/Curl_Leaf/Curl_Leaf00053.jpg,Curl_Leaf,Curl_Leaf,Correct,0.705484
datasets/test/Felt_Leaf/Felt_Leaf00249.jpg,Felt_Leaf,Leaf_Gall,Incorrect,0.682754
datasets/train/Leaf_Gall/Leaf_Gall00470.jpg,Leaf_Gall,Healthy_Leaf,Incorrect,0.473967
datasets/train/Leaf_Gall/Leaf_Gall00352.jpg,Leaf_Gall,Leaf_Gall,Correct,0.906826
datasets/test/Felt_Leaf/Felt_Leaf00059.jpg,Felt_Leaf,Felt_Leaf,Correct,0.259543
datasets/test/Leaf_Gall/Leaf_Gall00387.jpg,Leaf_Gall,Leaf_Gall,Correct,0.500538
datasets/test/Dry_Leaf/Dry_Leaf00235.jpg,Dry_Leaf,Dry_Leaf,Correct,0.444118
datasets/test/Leaf_Blight/Leaf_Blight00373.jpg,Leaf_Blight,Fungal_Leaf_Spot,Incorrect,0.369962
datasets/train/Fungal_Leaf_Spot/Fungal_Leaf_Spot00081.jpg,Fungal_Leaf_Spot,Healthy_Leaf,Incorrect,0.632294
datasets/test/Fungal_Leaf_Spot/Fungal_Leaf_Spot00503.jpg,Fungal_Leaf_Spot,Fungal_Leaf_Spot,Correct,0.352432
datasets/test/Fungal_Leaf_Spot/Fungal_Leaf_Spot00009.jpg,Fungal_Leaf_Spot,Fungal_Leaf_Spot,Correct,0.954930
datasets/train/Curl_Leaf/Curl_Leaf00160.jpg,Curl_Leaf,Deficiency_Leaf,Incorrect,0.237362
datasets/train/Fungal_Leaf_Spot/Fungal_Leaf_Spot00306.jpg,Fungal_Leaf_Spot,Felt_Leaf,Incorrect,0.310098
datasets/test/Healthy_Leaf/Healthy_Leaf00095.jpg,Healthy_Leaf,Healthy_Leaf,Correct,0.290030
datasets/test/Anthrax_Leaf/Anthrax_Leaf00140.jpg,Anthrax_Leaf,Anthrax_Leaf,Correct,0.955928
datasets/train/Deficiency_Leaf/Deficiency_Leaf00064.jpg,Deficiency_Leaf,Leaf_Gall,Incorrect,0.190127
datasets/train/Healthy_Leaf/Healthy_Leaf00472.jpg,Healthy_Leaf,Leaf_Gall,Incorrect,0.658916
datasets/train/Dry_Leaf/Dry_Leaf00038.jpg,Dry_Leaf,Dry_Leaf,Correct,0.351085
datasets/test/Healthy_Leaf/Healthy_Leaf00220.jpg,Healthy_Leaf,Healthy_Leaf,Correct,0.966406
datasets/test/Healthy_Leaf/Healthy_Leaf00566.jpg,Healthy_Leaf,Leaf_Gall,Incorrect,0.342711
datasets/train/Dry_Leaf/Dry_Leaf00094.jpg,Dry_Leaf,Dry_Leaf,Correct,0.897005
datasets/train/Leaf_Gall/Leaf_Gall00070.jpg,Leaf_Gall,Healthy_Leaf,Incorrect,0.236697
datasets/test/Bituminous_Leaf/Bituminous_Leaf00105.jpg,Bituminous_Leaf,Leaf_Gall,Incorrect,0.579567
datasets/test/Leaf_Blight/Leaf_Blight00590.jpg,Leaf_Blight,Fungal_Leaf_Spot,Incorrect,0.267189
datasets/train/Leaf_Blight/Leaf_Blight00110.jpg,Leaf_Blight,Leaf_Blight,Correct,0.507028
datasets/test/Leaf_Gall/Leaf_Gall00194.jpg,Leaf_Gall,Leaf_Gall,Correct,0.834553
datasets/test/Leaf_Gall/Leaf_Gall00317.jpg,Leaf_Gall,Dry_Leaf,Incorrect,0.689860
datasets/test/Fungal_Leaf_Spot/Fungal_Leaf_Spot00482.jpg,Fungal_Leaf_Spot,Fungal_Leaf_Spot,Correct,0.413849
datasets/test/Leaf_Blight/Leaf_Blight00101.jpg,Leaf_Blight,Leaf_Blight,Correct,0.852419
datasets/test/Leaf_Gall/Leaf_Gall00285.jpg,Leaf_Gall,Leaf_Gall,Correct,0.376543
datasets/train/Curl_Leaf/Curl_Leaf00065.jpg,Curl_Leaf,Leaf_Gall,Incorrect,0.153032
datasets/train/Healthy_Leaf/Healthy_Leaf00261.jpg,Healthy_Leaf,Fungal_Leaf_Spot,Incorrect,0.389350
datasets/test/Deficiency_Leaf/Deficiency_Leaf00010.jpg,Deficiency_Leaf,Fungal_Leaf_Spot,Incorrect,0.224817
datasets/train/Healthy_Leaf/Healthy_Leaf00214.jpg,Healthy_Leaf,Healthy_Leaf,Correct,0.437810
datasets/train/Leaf_Blight/Leaf_Blight00452.jpg,Leaf_Blight,Leaf_Blight,Correct,0.465981
datasets/train/Leaf_Gall/Leaf_Gall00454.jpg,Leaf_Gall,Leaf_Gall,Correct,0.723425
datasets/test/Felt_Leaf/Felt_Leaf00271.jpg,Felt_Leaf,Fungal_Leaf_Spot,Incorrect,0.404494
datasets/test/Leaf_Gall/Leaf_Gall00593.jpg,Leaf_Gall,Leaf_Gall,Correct,0.385923
datasets/train/Dry_Leaf/Dry_Leaf00302.jpg,Dry_Leaf,Dry_Leaf,Correct,0.995301
datasets/train/Felt_Leaf/Felt_Leaf00231.jpg,Felt_Leaf,Leaf_Gall,Incorrect,0.400777
datasets/test/Leaf_Blight/Leaf_Blight00146.jpg,Leaf_Blight,Leaf_Blight,Correct,0.352430
datasets/test/Healthy_Leaf/Healthy_Leaf00454.jpg,Healthy_Leaf,Leaf_Blight,Incorrect,0.351085
datasets/test/Felt_Leaf/Felt_Leaf00164.jpg,Felt_Leaf,Leaf_Blight,Incorrect,0.392003
datasets/train/Anthrax_Leaf/Anthrax_Leaf00127.jpg,Anthrax_Leaf,Anthrax_Leaf,Correct,0.987439
datasets/train/Deficiency_Leaf/Deficiency_Leaf00102.jpg,Deficiency_Leaf,Anthrax_Leaf,Incorrect,0.235438
datasets/test/Leaf_Gall/Leaf_Gall00269.jpg,Leaf_Gall,Leaf_Gall,Correct,0.652731
datasets/train/Dry_Leaf/Dry_Leaf00153.jpg,Dry_Leaf,Dry_Leaf,Correct,0.983601
datasets/test/Dry_Leaf/Dry_Leaf00196.jpg,Dry_Leaf,Dry_Leaf,Correct,0.792140
datasets/test/Healthy_Leaf/Healthy_Leaf00388.jpg,Healthy_Leaf,Healthy_Leaf,Correct,0.986911
datasets/test/Healthy_Leaf/Healthy_Leaf00286.jpg,Healthy_Leaf,Healthy_Leaf,Correct,0.599640
datasets/test/Leaf_Gall/Leaf_Gall00010.jpg,Leaf_Gall,Leaf_Gall,Correct,0.881744
datasets/test/Healthy_Leaf/Healthy_Leaf00401.jpg,Healthy_Leaf,Healthy_Leaf,Correct,0.585102
datasets/test/Bituminous_Leaf/Bituminous_Leaf00031.jpg,Bituminous_Leaf,Healthy_Leaf,Incorrect,0.483200
datasets/test/Healthy_Leaf/Healthy_Leaf00503.jpg,Healthy_Leaf,Healthy_Leaf,Correct,0.976074
datasets/test/Leaf_Gall/Leaf_Gall00104.jpg,Leaf_Gall,Anthrax_Leaf,Incorrect,0.487400
datasets/test/Deficiency_Leaf/Deficiency_Leaf00022.jpg,Deficiency_Leaf,Leaf_Gall,Incorrect,0.449585
datasets/test/Fungal_Leaf_Spot/Fungal_Leaf_Spot00508.jpg,Fungal_Leaf_Spot,Fungal_Leaf_Spot,Correct,0.631501
datasets/test/Leaf_Blight/Leaf_Blight00170.jpg,Leaf_Blight,Leaf_Gall,Incorrect,0.275285
datasets/test/Healthy_Leaf/Healthy_Leaf00432.jpg,Healthy_Leaf,Healthy_Leaf,Correct,0.873718
datasets/test/Fungal_Leaf_Spot/Fungal_Leaf_Spot00311.jpg,Fungal_Leaf_Spot,Healthy_Leaf,Incorrect,0.915788
datasets/train/Fungal_Leaf_Spot/Fungal_Leaf_Spot00408.jpg,Fungal_Leaf_Spot,Fungal_Leaf_Spot,Correct,0.683563
datasets/train/Fungal_Leaf_Spot/Fungal_Leaf_Spot00069.jpg,Fungal_Leaf_Spot,Leaf_Blight,Incorrect,0.341078
datasets/train/Curl_Leaf/Curl_Leaf00175.jpg,Curl_Leaf,Curl_Leaf,Correct,0.510163
datasets/train/Dry_Leaf/Dry_Leaf00176.jpg,Dry_Leaf,Dry_Leaf,Correct,0.476519
datasets/train/Leaf_Gall/Leaf_Gall00344.jpg,Leaf_Gall,Leaf_Gall,Correct,0.343201
datasets/train/Leaf_Blight/Leaf_Blight00345.jpg,Leaf_Blight,Leaf_Blight,Correct,0.298054
datasets/test/Leaf_Blight/Leaf_Blight00005.jpg,Leaf_Blight,Fungal_Leaf_Spot,Incorrect,0.272187
datasets/train/Leaf_Blight/Leaf_Blight00017.jpg,Leaf_Blight,Felt_Leaf,Incorrect,0.585078
datasets/test/Felt_Leaf/Felt_Leaf00264.jpg,Felt_Leaf,Leaf_Blight,Incorrect,0.431292
datasets/test/Deficiency_Leaf/Deficiency_Leaf00017.jpg,Deficiency_Leaf,Felt_Leaf,Incorrect,0.380129
datasets/test/Fungal_Leaf_Spot/Fungal_Leaf_Spot00239.jpg,Fungal_Leaf_Spot,Fungal_Leaf_Spot,Correct,0.748796
datasets/train/Leaf_Blight/Leaf_Blight00238.jpg,Leaf_Blight,Fungal_Leaf_Spot,Incorrect,0.386805
datasets/test/Dry_Leaf/Dry_Leaf00221.jpg,Dry_Leaf,Dry_Leaf,Correct,0.780471
datasets/test/Leaf_Blight/Leaf_Blight00107.jpg,Leaf_Blight,Healthy_Leaf,Incorrect,0.387827
datasets/train/Healthy_Leaf/Healthy_Leaf00071.jpg,Healthy_Leaf,Healthy_Leaf,Correct,0.976776
datasets/train/Leaf_Gall/Leaf_Gall00073.jpg,Leaf_Gall,Leaf_Gall,Correct,0.585526
datasets/test/Leaf_Gall/Leaf_Gall00318.jpg,Leaf_Gall,Dry_Leaf,Incorrect,0.642773
datasets/test/Felt_Leaf/Felt_Leaf00203.jpg,Felt_Leaf,Leaf_Gall,Incorrect,0.402540
datasets/train/Leaf_Gall/Leaf_Gall00468.jpg,Leaf_Gall,Dry_Leaf,Incorrect,0.355929
datasets/train/Dry_Leaf/Dry_Leaf00345.jpg,Dry_Leaf,Leaf_Gall,Incorrect,0.183688
datasets/train/Dry_Leaf/Dry_Leaf00308.jpg,Dry_Leaf,Dry_Leaf,Correct,0.777855
datasets/test/Healthy_Leaf/Healthy_Leaf00357.jpg,Healthy_Leaf,Healthy_Leaf,Correct,0.981165
datasets/test/Felt_Leaf/Felt_Leaf00236.jpg,Felt_Leaf,Felt_Leaf,Correct,0.738123
datasets/test/Dry_Leaf/Dry_Leaf00231.jpg,Dry_Leaf,Dry_Leaf,Correct,0.624221
datasets/train/Fungal_Leaf_Spot/Fungal_Leaf_Spot00344.jpg,Fungal_Leaf_Spot,Fungal_Leaf_Spot,Correct,0.503953
datasets/train/Dry_Leaf/Dry_Leaf00099.jpg,Dry_Leaf,Fungal_Leaf_Spot,Incorrect,0.289483
datasets/train/Leaf_Blight/Leaf_Blight00057.jpg,Leaf_Blight,Healthy_Leaf,Incorrect,0.449890
datasets/train/Leaf_Gall/Leaf_Gall00215.jpg,Leaf_Gall,Fungal_Leaf_Spot,Incorrect,0.620130
datasets/test/Leaf_Gall/Leaf_Gall00212.jpg,Leaf_Gall,Leaf_Gall,Correct,0.913179
datasets/test/Healthy_Leaf/Healthy_Leaf00439.jpg,Healthy_Leaf,Healthy_Leaf,Correct,0.996526
datasets/test/Leaf_Blight/Leaf_Blight00368.jpg,Leaf_Blight,Leaf_Blight,Correct,0.515751
datasets/train/Leaf_Blight/Leaf_Blight00592.jpg,Leaf_Blight,Fungal_Leaf_Spot,Incorrect,0.315723
datasets/train/Healthy_Leaf/Healthy_Leaf00408.jpg,Healthy_Leaf,Deficiency_Leaf,Incorrect,0.337390
datasets/test/Anthrax_Leaf/Anthrax_Leaf00128.jpg,Anthrax_Leaf,Anthrax_Leaf,Correct,0.818945
datasets/train/Dry_Leaf/Dry_Leaf00374.jpg,Dry_Leaf,Dry_Leaf,Correct,0.582626
datasets/train/Fungal_Leaf_Spot/Fungal_Leaf_Spot00473.jpg,Fungal_Leaf_Spot,Felt_Leaf,Incorrect,0.744972
datasets/test/Fungal_Leaf_Spot/Fungal_Leaf_Spot00309.jpg,Fungal_Leaf_Spot,Fungal_Leaf_Spot,Correct,0.644659
datasets/train/Leaf_Blight/Leaf_Blight00360.jpg,Leaf_Blight,Leaf_Gall,Incorrect,0.417381
datasets/train/Felt_Leaf/Felt_Leaf00188.jpg,Felt_Leaf,Leaf_Gall,Incorrect,0.518566
datasets/test/Leaf_Blight/Leaf_Blight00226.jpg,Leaf_Blight,Fungal_Leaf_Spot,Incorrect,0.271503
datasets/test/Leaf_Blight/Leaf_Blight00530.jpg,Leaf_Blight,Leaf_Gall,Incorrect,0.405068
datasets/test/Felt_Leaf/Felt_Leaf00124.jpg,Felt_Leaf,Felt_Leaf,Correct,0.964962
datasets/test/Leaf_Gall/Leaf_Gall00307.jpg,Leaf_Gall,Leaf_Gall,Correct,0.368428
datasets/train/Fungal_Leaf_Spot/Fungal_Leaf_Spot00364.jpg,Fungal_Leaf_Spot,Felt_Leaf,Incorrect,0.670339
datasets/test/Healthy_Leaf/Healthy_Leaf00051.jpg,Healthy_Leaf,Healthy_Leaf,Correct,0.823601
datasets/train/Leaf_Gall/Leaf_Gall00302.jpg,Leaf_Gall,Leaf_Blight,Incorrect,0.689330
datasets/test/Leaf_Blight/Leaf_Blight00147.jpg,Leaf_Blight,Leaf_Blight,Correct,0.871902
datasets/test/Leaf_Gall/Leaf_Gall00209.jpg,Leaf_Gall,Leaf_Gall,Correct,0.363487
datasets/train/Leaf_Blight/Leaf_Blight00026.jpg,Leaf_Blight,Healthy_Leaf,Incorrect,0.412628
datasets/train/Leaf_Gall/Leaf_Gall00058.jpg,Leaf_Gall,Leaf_Gall,Correct,0.398712
datasets/train/Deficiency_Leaf/Deficiency_Leaf00028.jpg,Deficiency_Leaf,Leaf_Gall,Incorrect,0.415582
datasets/test/Deficiency_Leaf/Deficiency_Leaf00073.jpg,Deficiency_Leaf,Deficiency_Leaf,Correct,0.327471
datasets/train/Healthy_Leaf/Healthy_Leaf00130.jpg,Healthy_Leaf,Healthy_Leaf,Correct,0.984300
datasets/test/Leaf_Gall/Leaf_Gall00510.jpg,Leaf_Gall,Leaf_Gall,Correct,0.280364
datasets/train/Felt_Leaf/Felt_Leaf00024.jpg,Felt_Leaf,Leaf_Blight,Incorrect,0.497736
datasets/train/Leaf_Blight/Leaf_Blight00178.jpg,Leaf_Blight,Leaf_Blight,Correct,0.515585
datasets/train/Healthy_Leaf/Healthy_Leaf00603.jpg,Healthy_Leaf,Healthy_Leaf,Correct,0.867579
datasets/train/Leaf_Gall/Leaf_Gall00121.jpg,Leaf_Gall,Leaf_Gall,Correct,0.730305
datasets/train/Leaf_Blight/Leaf_Blight00576.jpg,Leaf_Blight,Felt_Leaf,Incorrect,0.251933
datasets/train/Felt_Leaf/Felt_Leaf00135.jpg,Felt_Leaf,Felt_Leaf,Correct,0.927821
datasets/test/Felt_Leaf/Felt_Leaf00008.jpg,Felt_Leaf,Leaf_Gall,Incorrect,0.940249
datasets/test/Deficiency_Leaf/Deficiency_Leaf00048.jpg,Deficiency_Leaf,Felt_Leaf,Incorrect,0.314927
datasets/test/Anthrax_Leaf/Anthrax_Leaf00131.jpg,Anthrax_Leaf,Anthrax_Leaf,Correct,0.597236
datasets/train/Dry_Leaf/Dry_Leaf00346.jpg,Dry_Leaf,Dry_Leaf,Correct,0.845389
datasets/test/Dry_Leaf/Dry_Leaf00162.jpg,Dry_Leaf,Dry_Leaf,Correct,0.845829
datasets/test/Felt_Leaf/Felt_Leaf00049.jpg,Felt_Leaf,Leaf_Gall,Incorrect,0.542219
datasets/train/Deficiency_Leaf/Deficiency_Leaf00024.jpg,Deficiency_Leaf,Healthy_Leaf,Incorrect,0.695317
datasets/test/Curl_Leaf/Curl_Leaf00117.jpg,Curl_Leaf,Felt_Leaf,Incorrect,0.305143
datasets/test/Leaf_Gall/Leaf_Gall00138.jpg,Leaf_Gall,Leaf_Gall,Correct,0.364646
datasets/test/Leaf_Blight/Leaf_Blight00245.jpg,Leaf_Blight,Leaf_Blight,Correct,0.873052
datasets/train/Healthy_Leaf/Healthy_Leaf00299.jpg,Healthy_Leaf,Fungal_Leaf_Spot,Incorrect,0.530006
datasets/train/Fungal_Leaf_Spot/Fungal_Leaf_Spot00392.jpg,Fungal_Leaf_Spot,Felt_Leaf,Incorrect,0.797964
datasets/test/Dry_Leaf/Dry_Leaf00074.jpg,Dry_Leaf,Healthy_Leaf,Incorrect,0.379879
datasets/train/Leaf_Gall/Leaf_Gall00030.jpg,Leaf_Gall,Fungal_Leaf_Spot,Incorrect,0.247804
datasets/train/Leaf_Blight/Leaf_Blight00012.jpg,Leaf_Blight,Leaf_Gall,Incorrect,0.360593
datasets/test/Leaf_Blight/Leaf_Blight00384.jpg,Leaf_Blight,Leaf_Blight,Correct,0.568732
datasets/train/Leaf_Blight/Leaf_Blight00196.jpg,Leaf_Blight,Leaf_Blight,Correct,0.486974
datasets/test/Leaf_Blight/Leaf_Blight00538.jpg,Leaf_Blight,Leaf_Blight,Correct,0.879797
datasets/test/Dry_Leaf/Dry_Leaf00204.jpg,Dry_Leaf,Dry_Leaf,Correct,0.851101
datasets/train/Leaf_Blight/Leaf_Blight00246.jpg,Leaf_Blight,Leaf_Blight,Correct,0.800567
datasets/test/Deficiency_Leaf/Deficiency_Leaf00055.jpg,Deficiency_Leaf,Leaf_Blight,Incorrect,0.363489
datasets/test/Leaf_Blight/Leaf_Blight00363.jpg,Leaf_Blight,Leaf_Blight,Correct,0.536920
datasets/train/Deficiency_Leaf/Deficiency_Leaf00091.jpg,Deficiency_Leaf,Leaf_Gall,Incorrect,0.366246
datasets/train/Leaf_Gall/Leaf_Gall00151.jpg,Leaf_Gall,Leaf_Gall,Correct,0.530358
datasets/train/Healthy_Leaf/Healthy_Leaf00143.jpg,Healthy_Leaf,Healthy_Leaf,Correct,0.999762
datasets/train/Healthy_Leaf/Healthy_Leaf00407.jpg,Healthy_Leaf,Healthy_Leaf,Correct,0.682623
datasets/test/Leaf_Blight/Leaf_Blight00175.jpg,Leaf_Blight,Leaf_Gall,Incorrect,0.425383
datasets/test/Healthy_Leaf/Healthy_Leaf00073.jpg,Healthy_Leaf,Healthy_Leaf,Correct,0.999175
datasets/test/Leaf_Blight/Leaf_Blight00158.jpg,Leaf_Blight,Leaf_Blight,Correct,0.943391
datasets/test/Dry_Leaf/Dry_Leaf00236.jpg,Dry_Leaf,Leaf_Blight,Incorrect,0.453568
datasets/test/Anthrax_Leaf/Anthrax_Leaf00143.jpg,Anthrax_Leaf,Anthrax_Leaf,Correct,0.872675
datasets/test/Fungal_Leaf_Spot/Fungal_Leaf_Spot00164.jpg,Fungal_Leaf_Spot,Leaf_Blight,Incorrect,0.298874
datasets/test/Dry_Leaf/Dry_Leaf00061.jpg,Dry_Leaf,Healthy_Leaf,Incorrect,0.529720
datasets/train/Felt_Leaf/Felt_Leaf00304.jpg,Felt_Leaf,Felt_Leaf,Correct,0.762680
datasets/test/Anthrax_Leaf/Anthrax_Leaf00059.jpg,Anthrax_Leaf,Anthrax_Leaf,Correct,0.567862
datasets/test/Fungal_Leaf_Spot/Fungal_Leaf_Spot00206.jpg,Fungal_Leaf_Spot,Healthy_Leaf,Incorrect,0.460497
datasets/test/Anthrax_Leaf/Anthrax_Leaf00106.jpg,Anthrax_Leaf,Dry_Leaf,Incorrect,0.804271
datasets/train/Leaf_Blight/Leaf_Blight00008.jpg,Leaf_Blight,Leaf_Blight,Correct,0.417245
datasets/train/Healthy_Leaf/Healthy_Leaf00155.jpg,Healthy_Leaf,Healthy_Leaf,Correct,0.977301
datasets/train/Curl_Leaf/Curl_Leaf00009.jpg,Curl_Leaf,Curl_Leaf,Correct,0.347417
datasets/test/Dry_Leaf/Dry_Leaf00090.jpg,Dry_Leaf,Dry_Leaf,Correct,0.390418
datasets/train/Bituminous_Leaf/Bituminous_Leaf00037.jpg,Bituminous_Leaf,Leaf_Gall,Incorrect,0.331218
datasets/test/Curl_Leaf/Curl_Leaf00044.jpg,Curl_Leaf,Healthy_Leaf,Incorrect,0.655468
datasets/train/Deficiency_Leaf/Deficiency_Leaf00062.jpg,Deficiency_Leaf,Healthy_Leaf,Incorrect,0.501192
datasets/train/Curl_Leaf/Curl_Leaf00144.jpg,Curl_Leaf,Healthy_Leaf,Incorrect,0.163227
datasets/test/Leaf_Gall/Leaf_Gall00012.jpg,Leaf_Gall,Leaf_Blight,Incorrect,0.378620
datasets/train/Leaf_Gall/Leaf_Gall00051.jpg,Leaf_Gall,Felt_Leaf,Incorrect,0.287014
datasets/test/Felt_Leaf/Felt_Leaf00246.jpg,Felt_Leaf,Felt_Leaf,Correct,0.337052
datasets/train/Leaf_Blight/Leaf_Blight00043.jpg,Leaf_Blight,Leaf_Blight,Correct,0.771313
datasets/train/Fungal_Leaf_Spot/Fungal_Leaf_Spot00255.jpg,Fungal_Leaf_Spot,Anthrax_Leaf,Incorrect,0.219390
datasets/test/Leaf_Gall/Leaf_Gall00089.jpg,Leaf_Gall,Leaf_Gall,Correct,0.808607
datasets/test/Leaf_Gall/Leaf_Gall00331.jpg,Leaf_Gall,Leaf_Gall,Correct,0.435410
datasets/test/Leaf_Blight/Leaf_Blight00258.jpg,Leaf_Blight,Leaf_Gall,Incorrect,0.263701
datasets/test/Leaf_Gall/Leaf_Gall00161.jpg,Leaf_Gall,Leaf_Blight,Incorrect,0.600646
datasets/train/Leaf_Blight/Leaf_Blight00275.jpg,Leaf_Blight,Felt_Leaf,Incorrect,0.379662
datasets/test/Leaf_Blight/Leaf_Blight00049.jpg,Leaf_Blight,Leaf_Gall,Incorrect,0.211520
datasets/train/Leaf_Blight/Leaf_Blight00430.jpg,Leaf_Blight,Healthy_Leaf,Incorrect,0.559688
datasets/test/Healthy_Leaf/Healthy_Leaf00200.jpg,Healthy_Leaf,Fungal_Leaf_Spot,Incorrect,0.795617
datasets/test/Leaf_Gall/Leaf_Gall00597.jpg,Leaf_Gall,Fungal_Leaf_Spot,Incorrect,0.303923
datasets/train/Felt_Leaf/Felt_Leaf00121.jpg,Felt_Leaf,Felt_Leaf,Correct,0.435670
datasets/train/Fungal_Leaf_Spot/Fungal_Leaf_Spot00250.jpg,Fungal_Leaf_Spot,Fungal_Leaf_Spot,Correct,0.375392
datasets/train/Leaf_Blight/Leaf_Blight00422.jpg,Leaf_Blight,Leaf_Gall,Incorrect,0.359111
datasets/train/Healthy_Leaf/Healthy_Leaf00502.jpg,Healthy_Leaf,Healthy_Leaf,Correct,0.637560
datasets/train/Leaf_Gall/Leaf_Gall00183.jpg,Leaf_Gall,Leaf_Gall,Correct,0.261900
datasets/train/Deficiency_Leaf/Deficiency_Leaf00025.jpg,Deficiency_Leaf,Leaf_Gall,Incorrect,0.475993
datasets/test/Leaf_Gall/Leaf_Gall00437.jpg,Leaf_Gall,Leaf_Gall,Correct,0.236766
datasets/test/Bituminous_Leaf/Bituminous_Leaf00103.jpg,Bituminous_Leaf,Bituminous_Leaf,Correct,0.734322
datasets/test/Fungal_Leaf_Spot/Fungal_Leaf_Spot00545.jpg,Fungal_Leaf_Spot,Healthy_Leaf,Incorrect,0.484742
datasets/train/Healthy_Leaf/Healthy_Leaf00231.jpg,Healthy_Leaf,Healthy_Leaf,Correct,0.957080
datasets/test/Healthy_Leaf/Healthy_Leaf00196.jpg,Healthy_Leaf,Healthy_Leaf,Correct,0.756026
datasets/test/Leaf_Gall/Leaf_Gall00503.jpg,Leaf_Gall,Leaf_Gall,Correct,0.491863
datasets/test/Leaf_Gall/Leaf_Gall00247.jpg,Leaf_Gall,Felt_Leaf,Incorrect,0.460419
datasets/test/Anthrax_Leaf/Anthrax_Leaf00020.jpg,Anthrax_Leaf,Felt_Leaf,Incorrect,0.515892
datasets/test/Healthy_Leaf/Healthy_Leaf00411.jpg,Healthy_Leaf,Fungal_Leaf_Spot,Incorrect,0.660661
datasets/test/Dry_Leaf/Dry_Leaf00184.jpg,Dry_Leaf,Dry_Leaf,Correct,0.982197
datasets/test/Dry_Leaf/Dry_Leaf00261.jpg,Dry_Leaf,Dry_Leaf,Correct,0.983733
datasets/train/Fungal_Leaf_Spot/Fungal_Leaf_Spot00062.jpg,Fungal_Leaf_Spot,Fungal_Leaf_Spot,Correct,0.982665
datasets/train/Deficiency_Leaf/Deficiency_Leaf00114.jpg,Deficiency_Leaf,Leaf_Gall,Incorrect,0.282472
datasets/test/Leaf_Blight/Leaf_Blight00305.jpg,Leaf_Blight,Leaf_Blight,Correct,0.817950
datasets/test/Leaf_Blight/Leaf_Blight00400.jpg,Leaf_Blight,Leaf_Blight,Correct,0.738221
datasets/train/Dry_Leaf/Dry_Leaf00207.jpg,Dry_Leaf,Dry_Leaf,Correct,0.647165
datasets/train/Bituminous_Leaf/Bituminous_Leaf00005.jpg,Bituminous_Leaf,Bituminous_Leaf,Correct,0.314440
datasets/test/Leaf_Blight/Leaf_Blight00263.jpg,Leaf_Blight,Felt_Leaf,Incorrect,0.472092
datasets/test/Leaf_Blight/Leaf_Blight00021.jpg,Leaf_Blight,Leaf_Blight,Correct,0.788745
datasets/test/Healthy_Leaf/Healthy_Leaf00365.jpg,Healthy_Leaf,Leaf_Blight,Incorrect,0.214393
datasets/train/Felt_Leaf/Felt_Leaf00091.jpg,Felt_Leaf,Leaf_Blight,Incorrect,0.583021
datasets/test/Fungal_Leaf_Spot/Fungal_Leaf_Spot00145.jpg,Fungal_Leaf_Spot,Fungal_Leaf_Spot,Correct,0.164846
datasets/test/Fungal_Leaf_Spot/Fungal_Leaf_Spot00276.jpg,Fungal_Leaf_Spot,Fungal_Leaf_Spot,Correct,0.725426
datasets/test/Leaf_Blight/Leaf_Blight00416.jpg,Leaf_Blight,Leaf_Blight,Correct,0.426758
datasets/train/Fungal_Leaf_Spot/Fungal_Leaf_Spot00472.jpg,Fungal_Leaf_Spot,Fungal_Leaf_Spot,Correct,0.493611
datasets/test/Dry_Leaf/Dry_Leaf00362.jpg,Dry_Leaf,Dry_Leaf,Correct,0.469088
datasets/train/Leaf_Gall/Leaf_Gall00049.jpg,Leaf_Gall,Leaf_Gall,Correct,0.424969
datasets/test/Leaf_Gall/Leaf_Gall00310.jpg,Leaf_Gall,Leaf_Gall,Correct,0.896442
datasets/train/Leaf_Gall/Leaf_Gall00577.jpg,Leaf_Gall,Leaf_Gall,Correct,0.677550
datasets/train/Healthy_Leaf/Healthy_Leaf00476.jpg,Healthy_Leaf,Healthy_Leaf,Correct,0.922807
datasets/test/Leaf_Gall/Leaf_Gall00044.jpg,Leaf_Gall,Leaf_Gall,Correct,0.455798
datasets/train/Leaf_Blight/Leaf_Blight00539.jpg,Leaf_Blight,Leaf_Blight,Correct,0.671140
datasets/test/Leaf_Gall/Leaf_Gall00494.jpg,Leaf_Gall,Healthy_Leaf,Incorrect,0.322154
datasets/test/Leaf_Blight/Leaf_Blight00337.jpg,Leaf_Blight,Leaf_Blight,Correct,0.771067
datasets/test/Dry_Leaf/Dry_Leaf00182.jpg,Dry_Leaf,Dry_Leaf,Correct,0.966760
datasets/train/Healthy_Leaf/Healthy_Leaf00276.jpg,Healthy_Leaf,Healthy_Leaf,Correct,0.355932
datasets/train/Leaf_Blight/Leaf_Blight00310.jpg,Leaf_Blight,Leaf_Blight,Correct,0.959982
datasets/train/Deficiency_Leaf/Deficiency_Leaf00047.jpg,Deficiency_Leaf,Healthy_Leaf,Incorrect,0.427711
datasets/test/Leaf_Gall/Leaf_Gall00048.jpg,Leaf_Gall,Leaf_Gall,Correct,0.325289
datasets/train/Bituminous_Leaf/Bituminous_Leaf00018.jpg,Bituminous_Leaf,Healthy_Leaf,Incorrect,0.517128
datasets/train/Leaf_Gall/Leaf_Gall00108.jpg,Leaf_Gall,Leaf_Gall,Correct,0.770925
datasets/test/Leaf_Gall/Leaf_Gall00235.jpg,Leaf_Gall,Leaf_Gall,Correct,0.645410
datasets/train/Bituminous_Leaf/Bituminous_Leaf00108.jpg,Bituminous_Leaf,Dry_Leaf,Incorrect,0.423331
datasets/train/Leaf_Gall/Leaf_Gall00005.jpg,Leaf_Gall,Leaf_Gall,Correct,0.333849
datasets/test/Fungal_Leaf_Spot/Fungal_Leaf_Spot00389.jpg,Fungal_Leaf_Spot,Fungal_Leaf_Spot,Correct,0.779997
datasets/test/Fungal_Leaf_Spot/Fungal_Leaf_Spot00210.jpg,Fungal_Leaf_Spot,Fungal_Leaf_Spot,Correct,0.464368
datasets/train/Dry_Leaf/Dry_Leaf00035.jpg,Dry_Leaf,Dry_Leaf,Correct,0.690595
datasets/test/Healthy_Leaf/Healthy_Leaf00205.jpg,Healthy_Leaf,Healthy_Leaf,Correct,0.792579
datasets/test/Felt_Leaf/Felt_Leaf00001.jpg,Felt_Leaf,Leaf_Gall,Incorrect,0.355479
datasets/test/Curl_Leaf/Curl_Leaf00095.jpg,Curl_Leaf,Bituminous_Leaf,Incorrect,0.262435
datasets/test/Leaf_Blight/Leaf_Blight00467.jpg,Leaf_Blight,Leaf_Blight,Correct,0.931749
datasets/train/Healthy_Leaf/Healthy_Leaf00263.jpg,Healthy_Leaf,Leaf_Blight,Incorrect,0.429347
datasets/test/Leaf_Gall/Leaf_Gall00418.jpg,Leaf_Gall,Felt_Leaf,Incorrect,0.489293
datasets/test/Healthy_Leaf/Healthy_Leaf00249.jpg,Healthy_Leaf,Healthy_Leaf,Correct,0.902818
datasets/train/Healthy_Leaf/Healthy_Leaf00285.jpg,Healthy_Leaf,Healthy_Leaf,Correct,0.852629
datasets/train/Dry_Leaf/Dry_Leaf00183.jpg,Dry_Leaf,Dry_Leaf,Correct,0.842107
datasets/test/Healthy_Leaf/Healthy_Leaf00133.jpg,Healthy_Leaf,Healthy_Leaf,Correct,0.982900
datasets/train/Healthy_Leaf/Healthy_Leaf00215.jpg,Healthy_Leaf,Healthy_Leaf,Correct,0.760766
datasets/test/Curl_Leaf/Curl_Leaf00096.jpg,Curl_Leaf,Healthy_Leaf,Incorrect,0.314964
datasets/train/Felt_Leaf/Felt_Leaf00323.jpg,Felt_Leaf,Fungal_Leaf_Spot,Incorrect,0.670180
datasets/test/Healthy_Leaf/Healthy_Leaf00239.jpg,Healthy_Leaf,Healthy_Leaf,Correct,0.948869
datasets/test/Healthy_Leaf/Healthy_Leaf00348.jpg,Healthy_Leaf,Healthy_Leaf,Correct,0.633055
datasets/train/Fungal_Leaf_Spot/Fungal_Leaf_Spot00036.jpg,Fungal_Leaf_Spot,Leaf_Gall,Incorrect,0.325839
datasets/train/Fungal_Leaf_Spot/Fungal_Leaf_Spot00568.jpg,Fungal_Leaf_Spot,Fungal_Leaf_Spot,Correct,0.378275
datasets/test/Healthy_Leaf/Healthy_Leaf00422.jpg,Healthy_Leaf,Healthy_Leaf,Correct,0.969567
datasets/train/Leaf_Gall/Leaf_Gall00525.jpg,Leaf_Gall,Fungal_Leaf_Spot,Incorrect,0.339012
datasets/test/Dry_Leaf/Dry_Leaf00030.jpg,Dry_Leaf,Dry_Leaf,Correct,0.847588
datasets/test/Healthy_Leaf/Healthy_Leaf00452.jpg,Healthy_Leaf,Healthy_Leaf,Correct,0.194576
datasets/train/Leaf_Gall/Leaf_Gall00556.jpg,Leaf_Gall,Leaf_Gall,Correct,0.271389
datasets/train/Deficiency_Leaf/Deficiency_Leaf00002.jpg,Deficiency_Leaf,Healthy_Leaf,Incorrect,0.646514
datasets/test/Healthy_Leaf/Healthy_Leaf00191.jpg,Healthy_Leaf,Fungal_Leaf_Spot,Incorrect,0.430702
datasets/test/Felt_Leaf/Felt_Leaf00266.jpg,Felt_Leaf,Leaf_Gall,Incorrect,0.408456
datasets/test/Fungal_Leaf_Spot/Fungal_Leaf_Spot00536.jpg,Fungal_Leaf_Spot,Fungal_Leaf_Spot,Correct,0.700388
datasets/test/Healthy_Leaf/Healthy_Leaf00088.jpg,Healthy_Leaf,Healthy_Leaf,Correct,0.932562
datasets/train/Healthy_Leaf/Healthy_Leaf00228.jpg,Healthy_Leaf,Healthy_Leaf,Correct,0.262631
datasets/train/Dry_Leaf/Dry_Leaf00186.jpg,Dry_Leaf,Dry_Leaf,Correct,0.966440
datasets/test/Fungal_Leaf_Spot/Fungal_Leaf_Spot00541.jpg,Fungal_Leaf_Spot,Fungal_Leaf_Spot,Correct,0.965949
datasets/test/Dry_Leaf/Dry_Leaf00252.jpg,Dry_Leaf,Dry_Leaf,Correct,0.783359
datasets/test/Leaf_Gall/Leaf_Gall00559.jpg,Leaf_Gall,Leaf_Gall,Correct,0.680318
datasets/train/Felt_Leaf/Felt_Leaf00355.jpg,Felt_Leaf,Felt_Leaf,Correct,0.406567
datasets/test/Leaf_Gall/Leaf_Gall00069.jpg,Leaf_Gall,Felt_Leaf,Incorrect,0.503231
datasets/train/Fungal_Leaf_Spot/Fungal_Leaf_Spot00313.jpg,Fungal_Leaf_Spot,Fungal_Leaf_Spot,Correct,0.769593
datasets/train/Leaf_Blight/Leaf_Blight00089.jpg,Leaf_Blight,Fungal_Leaf_Spot,Incorrect,0.335079
datasets/train/Felt_Leaf/Felt_Leaf00314.jpg,Felt_Leaf,Felt_Leaf,Correct,0.916415
datasets/test/Healthy_Leaf/Healthy_Leaf00092.jpg,Healthy_Leaf,Healthy_Leaf,Correct,0.799523
datasets/test/Fungal_Leaf_Spot/Fungal_Leaf_Spot00333.jpg,Fungal_Leaf_Spot,Fungal_Leaf_Spot,Correct,0.628217
datasets/test/Fungal_Leaf_Spot/Fungal_Leaf_Spot00385.jpg,Fungal_Leaf_Spot,Fungal_Leaf_Spot,Correct,0.718639
datasets/train/Healthy_Leaf/Healthy_Leaf00270.jpg,Healthy_Leaf,Healthy_Leaf,Correct,0.623222
datasets/train/Curl_Leaf/Curl_Leaf00099.jpg,Curl_Leaf,Felt_Leaf,Incorrect,0.255436
datasets/test/Fungal_Leaf_Spot/Fungal_Leaf_Spot00319.jpg,Fungal_Leaf_Spot,Fungal_Leaf_Spot,Correct,0.629643
datasets/test/Leaf_Gall/Leaf_Gall00335.jpg,Leaf_Gall,Leaf_Gall,Correct,0.905139
datasets/test/Healthy_Leaf/Healthy_Leaf00506.jpg,Healthy_Leaf,Leaf_Gall,Incorrect,0.281997
datasets/test/Felt_Leaf/Felt_Leaf00128.jpg,Felt_Leaf,Felt_Leaf,Correct,0.869128
datasets/train/Leaf_Blight/Leaf_Blight00513.jpg,Leaf_Blight,Leaf_Blight,Correct,0.647766
datasets/train/Dry_Leaf/Dry_Leaf00057.jpg,Dry_Leaf,Dry_Leaf,Correct,0.998393
datasets/test/Leaf_Gall/Leaf_Gall00347.jpg,Leaf_Gall,Fungal_Leaf_Spot,Incorrect,0.380182
datasets/test/Curl_Leaf/Curl_Leaf00047.jpg,Curl_Leaf,Leaf_Gall,Incorrect,0.460660
datasets/train/Felt_Leaf/Felt_Leaf00153.jpg,Felt_Leaf,Leaf_Blight,Incorrect,0.225925
datasets/train/Healthy_Leaf/Healthy_Leaf00203.jpg,Healthy_Leaf,Leaf_Blight,Incorrect,0.709081
datasets/train/Curl_Leaf/Curl_Leaf00014.jpg,Curl_Leaf,Curl_Leaf,Correct,0.727094
datasets/test/Anthrax_Leaf/Anthrax_Leaf00138.jpg,Anthrax_Leaf,Anthrax_Leaf,Correct,0.941812
datasets/train/Dry_Leaf/Dry_Leaf00205.jpg,Dry_Leaf,Dry_Leaf,Correct,0.809721
datasets/test/Curl_Leaf/Curl_Leaf00020.jpg,Curl_Leaf,Fungal_Leaf_Spot,Incorrect,0.350416
datasets/test/Healthy_Leaf/Healthy_Leaf00628.jpg,Healthy_Leaf,Healthy_Leaf,Correct,0.975809
datasets/train/Felt_Leaf/Felt_Leaf00014.jpg,Felt_Leaf,Leaf_Gall,Incorrect,0.310953
datasets/test/Leaf_Gall/Leaf_Gall00100.jpg,Leaf_Gall,Leaf_Gall,Correct,0.947600
datasets/test/Fungal_Leaf_Spot/Fungal_Leaf_Spot00442.jpg,Fungal_Leaf_Spot,Fungal_Leaf_Spot,Correct,0.575812
datasets/test/Fungal_Leaf_Spot/Fungal_Leaf_Spot00181.jpg,Fungal_Leaf_Spot,Curl_Leaf,Incorrect,0.360568
datasets/test/Healthy_Leaf/Healthy_Leaf00585.jpg,Healthy_Leaf,Healthy_Leaf,Correct,0.984577
datasets/train/Leaf_Blight/Leaf_Blight00309.jpg,Leaf_Blight,Leaf_Blight,Correct,0.738183
datasets/test/Healthy_Leaf/Healthy_Leaf00268.jpg,Healthy_Leaf,Healthy_Leaf,Correct,0.711185
datasets/train/Leaf_Blight/Leaf_Blight00016.jpg,Leaf_Blight,Leaf_Blight,Correct,0.318908
datasets/train/Felt_Leaf/Felt_Leaf00270.jpg,Felt_Leaf,Fungal_Leaf_Spot,Incorrect,0.285224
datasets/test/Dry_Leaf/Dry_Leaf00213.jpg,Dry_Leaf,Dry_Leaf,Correct,0.950031
datasets/test/Healthy_Leaf/Healthy_Leaf00253.jpg,Healthy_Leaf,Fungal_Leaf_Spot,Incorrect,0.901934
datasets/test/Leaf_Gall/Leaf_Gall00564.jpg,Leaf_Gall,Leaf_Gall,Correct,0.730662
datasets/train/Fungal_Leaf_Spot/Fungal_Leaf_Spot00274.jpg,Fungal_Leaf_Spot,Fungal_Leaf_Spot,Correct,0.879269
datasets/train/Leaf_Blight/Leaf_Blight00336.jpg,Leaf_Blight,Leaf_Blight,Correct,0.450952
datasets/test/Leaf_Blight/Leaf_Blight00399.jpg,Leaf_Blight,Leaf_Blight,Correct,0.796742
datasets/train/Bituminous_Leaf/Bituminous_Leaf00010.jpg,Bituminous_Leaf,Bituminous_Leaf,Correct,0.910327
datasets/train/Curl_Leaf/Curl_Leaf00041.jpg,Curl_Leaf,Healthy_Leaf,Incorrect,0.974388
datasets/train/Dry_Leaf/Dry_Leaf00256.jpg,Dry_Leaf,Dry_Leaf,Correct,0.983774
datasets/test/Anthrax_Leaf/Anthrax_Leaf00061.jpg,Anthrax_Leaf,Leaf_Blight,Incorrect,0.400056
datasets/test/Fungal_Leaf_Spot/Fungal_Leaf_Spot00288.jpg,Fungal_Leaf_Spot,Fungal_Leaf_Spot,Correct,0.291205
datasets/train/Leaf_Blight/Leaf_Blight00224.jpg,Leaf_Blight,Leaf_Blight,Correct,0.282148
datasets/test/Curl_Leaf/Curl_Leaf00019.jpg,Curl_Leaf,Fungal_Leaf_Spot,Incorrect,0.318198
datasets/train/Deficiency_Leaf/Deficiency_Leaf00023.jpg,Deficiency_Leaf,Leaf_Gall,Incorrect,0.360863
datasets/test/Leaf_Blight/Leaf_Blight00390.jpg,Leaf_Blight,Fungal_Leaf_Spot,Incorrect,0.389344
datasets/train/Fungal_Leaf_Spot/Fungal_Leaf_Spot00476.jpg,Fungal_Leaf_Spot,Fungal_Leaf_Spot,Correct,0.655703
datasets/test/Leaf_Gall/Leaf_Gall00109.jpg,Leaf_Gall,Leaf_Gall,Correct,0.352174
datasets/test/Leaf_Blight/Leaf_Blight00521.jpg,Leaf_Blight,Leaf_Blight,Correct,0.693115
datasets/test/Leaf_Blight/Leaf_Blight00148.jpg,Leaf_Blight,Felt_Leaf,Incorrect,0.440149
datasets/train/Bituminous_Leaf/Bituminous_Leaf00035.jpg,Bituminous_Leaf,Bituminous_Leaf,Correct,0.501663
datasets/test/Felt_Leaf/Felt_Leaf00205.jpg,Felt_Leaf,Leaf_Gall,Incorrect,0.326335
datasets/test/Healthy_Leaf/Healthy_Leaf00298.jpg,Healthy_Leaf,Healthy_Leaf,Correct,0.773335
datasets/train/Leaf_Blight/Leaf_Blight00330.jpg,Leaf_Blight,Leaf_Blight,Correct,0.913221
datasets/train/Leaf_Gall/Leaf_Gall00376.jpg,Leaf_Gall,Felt_Leaf,Incorrect,0.596387
datasets/test/Leaf_Gall/Leaf_Gall00174.jpg,Leaf_Gall,Leaf_Gall,Correct,0.396567
datasets/test/Felt_Leaf/Felt_Leaf00219.jpg,Felt_Leaf,Felt_Leaf,Correct,0.823122
datasets/train/Dry_Leaf/Dry_Leaf00380.jpg,Dry_Leaf,Dry_Leaf,Correct,0.921564
datasets/test/Felt_Leaf/Felt_Leaf00274.jpg,Felt_Leaf,Felt_Leaf,Correct,0.363797
datasets/train/Healthy_Leaf/Healthy_Leaf00316.jpg,Healthy_Leaf,Healthy_Leaf,Correct,0.540553
datasets/train/Dry_Leaf/Dry_Leaf00046.jpg,Dry_Leaf,Dry_Leaf,Correct,0.538327
datasets/train/Healthy_Leaf/Healthy_Leaf00570.jpg,Healthy_Leaf,Healthy_Leaf,Correct,0.962410
datasets/test/Healthy_Leaf/Healthy_Leaf00156.jpg,Healthy_Leaf,Healthy_Leaf,Correct,0.585398
datasets/test/Dry_Leaf/Dry_Leaf00069.jpg,Dry_Leaf,Healthy_Leaf,Incorrect,0.457245
datasets/test/Anthrax_Leaf/Anthrax_Leaf00091.jpg,Anthrax_Leaf,Leaf_Blight,Incorrect,0.796769
datasets/test/Leaf_Gall/Leaf_Gall00255.jpg,Leaf_Gall,Leaf_Gall,Correct,0.656003
datasets/train/Fungal_Leaf_Spot/Fungal_Leaf_Spot00469.jpg,Fungal_Leaf_Spot,Felt_Leaf,Incorrect,0.334475
datasets/test/Leaf_Blight/Leaf_Blight00103.jpg,Leaf_Blight,Leaf_Blight,Correct,0.819976
datasets/test/Fungal_Leaf_Spot/Fungal_Leaf_Spot00176.jpg,Fungal_Leaf_Spot,Fungal_Leaf_Spot,Correct,0.330635
datasets/test/Dry_Leaf/Dry_Leaf00266.jpg,Dry_Leaf,Dry_Leaf,Correct,0.950918
datasets/train/Leaf_Blight/Leaf_Blight00439.jpg,Leaf_Blight,Leaf_Blight,Correct,0.868211
datasets/train/Leaf_Blight/Leaf_Blight00569.jpg,Leaf_Blight,Leaf_Blight,Correct,0.982979
datasets/test/Healthy_Leaf/Healthy_Leaf00271.jpg,Healthy_Leaf,Fungal_Leaf_Spot,Incorrect,0.487023
datasets/train/Bituminous_Leaf/Bituminous_Leaf00054.jpg,Bituminous_Leaf,Bituminous_Leaf,Correct,0.515954
datasets/test/Bituminous_Leaf/Bituminous_Leaf00004.jpg,Bituminous_Leaf,Leaf_Gall,Incorrect,0.644579
datasets/train/Healthy_Leaf/Healthy_Leaf00104.jpg,Healthy_Leaf,Healthy_Leaf,Correct,0.982674
datasets/train/Leaf_Gall/Leaf_Gall00258.jpg,Leaf_Gall,Leaf_Blight,Incorrect,0.434304
datasets/train/Fungal_Leaf_Spot/Fungal_Leaf_Spot00072.jpg,Fungal_Leaf_Spot,Fungal_Leaf_Spot,Correct,0.945362
datasets/test/Leaf_Gall/Leaf_Gall00116.jpg,Leaf_Gall,Leaf_Gall,Correct,0.810119
datasets/test/Leaf_Gall/Leaf_Gall00283.jpg,Leaf_Gall,Healthy_Leaf,Incorrect,0.455657
datasets/test/Dry_Leaf/Dry_Leaf00339.jpg,Dry_Leaf,Dry_Leaf,Correct,0.392662
datasets/test/Anthrax_Leaf/Anthrax_Leaf00102.jpg,Anthrax_Leaf,Anthrax_Leaf,Correct,0.534883
datasets/train/Curl_Leaf/Curl_Leaf00023.jpg,Curl_Leaf,Curl_Leaf,Correct,0.922848
datasets/train/Fungal_Leaf_Spot/Fungal_Leaf_Spot00451.jpg,Fungal_Leaf_Spot,Fungal_Leaf_Spot,Correct,0.305424
datasets/test/Healthy_Leaf/Healthy_Leaf00575.jpg,Healthy_Leaf,Healthy_Leaf,Correct,0.494413
datasets/test/Fungal_Leaf_Spot/Fungal_Leaf_Spot00238.jpg,Fungal_Leaf_Spot,Fungal_Leaf_Spot,Correct,0.848867
datasets/test/Leaf_Gall/Leaf_Gall00275.jpg,Leaf_Gall,Leaf_Gall,Correct,0.257791
datasets/train/Healthy_Leaf/Healthy_Leaf00423.jpg,Healthy_Leaf,Healthy_Leaf,Correct,0.784783
datasets/test/Curl_Leaf/Curl_Leaf00094.jpg,Curl_Leaf,Curl_Leaf,Correct,0.487586
datasets/train/Fungal_Leaf_Spot/Fungal_Leaf_Spot00008.jpg,Fungal_Leaf_Spot,Fungal_Leaf_Spot,Correct,0.687151
datasets/test/Fungal_Leaf_Spot/Fungal_Leaf_Spot00346.jpg,Fungal_Leaf_Spot,Fungal_Leaf_Spot,Correct,0.420185
datasets/train/Fungal_Leaf_Spot/Fungal_Leaf_Spot00454.jpg,Fungal_Leaf_Spot,Fungal_Leaf_Spot,Correct,0.770519
datasets/test/Felt_Leaf/Felt_Leaf00108.jpg,Felt_Leaf,Fungal_Leaf_Spot,Incorrect,0.539066
datasets/train/Healthy_Leaf/Healthy_Leaf00553.jpg,Healthy_Leaf,Healthy_Leaf,Correct,0.951733
datasets/train/Dry_Leaf/Dry_Leaf00331.jpg,Dry_Leaf,Fungal_Leaf_Spot,Incorrect,0.281296
datasets/train/Leaf_Gall/Leaf_Gall00545.jpg,Leaf_Gall,Healthy_Leaf,Incorrect,0.280447
datasets/test/Deficiency_Leaf/Deficiency_Leaf00018.jpg,Deficiency_Leaf,Felt_Leaf,Incorrect,0.420462
datasets/train/Healthy_Leaf/Healthy_Leaf00599.jpg,Healthy_Leaf,Healthy_Leaf,Correct,0.999664
datasets/test/Bituminous_Leaf/Bituminous_Leaf00041.jpg,Bituminous_Leaf,Bituminous_Leaf,Correct,0.949897
datasets/train/Fungal_Leaf_Spot/Fungal_Leaf_Spot00525.jpg,Fungal_Leaf_Spot,Fungal_Leaf_Spot,Correct,0.765259
datasets/test/Felt_Leaf/Felt_Leaf00131.jpg,Felt_Leaf,Felt_Leaf,Correct,0.328424
datasets/test/Leaf_Gall/Leaf_Gall00019.jpg,Leaf_Gall,Leaf_Gall,Correct,0.583129
datasets/train/Healthy_Leaf/Healthy_Leaf00170.jpg,Healthy_Leaf,Healthy_Leaf,Correct,0.448215
datasets/train/Leaf_Blight/Leaf_Blight00298.jpg,Leaf_Blight,Leaf_Blight,Correct,0.724857
datasets/test/Felt_Leaf/Felt_Leaf00356.jpg,Felt_Leaf,Felt_Leaf,Correct,0.950541
datasets/test/Fungal_Leaf_Spot/Fungal_Leaf_Spot00166.jpg,Fungal_Leaf_Spot,Leaf_Gall,Incorrect,0.198324
datasets/test/Healthy_Leaf/Healthy_Leaf00538.jpg,Healthy_Leaf,Felt_Leaf,Incorrect,0.327755
datasets/test/Fungal_Leaf_Spot/Fungal_Leaf_Spot00419.jpg,Fungal_Leaf_Spot,Dry_Leaf,Incorrect,0.614110
datasets/train/Leaf_Gall/Leaf_Gall00481.jpg,Leaf_Gall,Leaf_Gall,Correct,0.414716
datasets/test/Leaf_Gall/Leaf_Gall00202.jpg,Leaf_Gall,Leaf_Gall,Correct,0.923024
datasets/test/Felt_Leaf/Felt_Leaf00062.jpg,Felt_Leaf,Felt_Leaf,Correct,0.498680
datasets/train/Leaf_Blight/Leaf_Blight00581.jpg,Leaf_Blight,Felt_Leaf,Incorrect,0.269392
datasets/test/Leaf_Gall/Leaf_Gall00433.jpg,Leaf_Gall,Fungal_Leaf_Spot,Incorrect,0.407216
datasets/train/Healthy_Leaf/Healthy_Leaf00060.jpg,Healthy_Leaf,Healthy_Leaf,Correct,0.977953
datasets/train/Felt_Leaf/Felt_Leaf00229.jpg,Felt_Leaf,Felt_Leaf,Correct,0.368035
datasets/test/Leaf_Gall/Leaf_Gall00290.jpg,Leaf_Gall,Leaf_Gall,Correct,0.641706
datasets/train/Leaf_Gall/Leaf_Gall00511.jpg,Leaf_Gall,Leaf_Gall,Correct,0.419015
datasets/test/Leaf_Gall/Leaf_Gall00611.jpg,Leaf_Gall,Leaf_Blight,Incorrect,0.427233
datasets/test/Deficiency_Leaf/Deficiency_Leaf00106.jpg,Deficiency_Leaf,Deficiency_Leaf,Correct,0.414763
datasets/train/Curl_Leaf/Curl_Leaf00043.jpg,Curl_Leaf,Fungal_Leaf_Spot,Incorrect,0.278258
datasets/test/Leaf_Gall/Leaf_Gall00496.jpg,Leaf_Gall,Leaf_Gall,Correct,0.634364
datasets/test/Healthy_Leaf/Healthy_Leaf00373.jpg,Healthy_Leaf,Healthy_Leaf,Correct,0.813982
datasets/train/Felt_Leaf/Felt_Leaf00086.jpg,Felt_Leaf,Felt_Leaf,Correct,0.461605
datasets/test/Healthy_Leaf/Healthy_Leaf00042.jpg,Healthy_Leaf,Healthy_Leaf,Correct,0.987290
datasets/train/Dry_Leaf/Dry_Leaf00247.jpg,Dry_Leaf,Dry_Leaf,Correct,0.882764
datasets/train/Fungal_Leaf_Spot/Fungal_Leaf_Spot00074.jpg,Fungal_Leaf_Spot,Fungal_Leaf_Spot,Correct,0.484875
datasets/train/Fungal_Leaf_Spot/Fungal_Leaf_Spot00138.jpg,Fungal_Leaf_Spot,Fungal_Leaf_Spot,Correct,0.825667
datasets/test/Leaf_Blight/Leaf_Blight00055.jpg,Leaf_Blight,Leaf_Blight,Correct,0.289989
datasets/test/Fungal_Leaf_Spot/Fungal_Leaf_Spot00323.jpg,Fungal_Leaf_Spot,Fungal_Leaf_Spot,Correct,0.528476
datasets/test/Dry_Leaf/Dry_Leaf00348.jpg,Dry_Leaf,Leaf_Blight,Incorrect,0.283308
datasets/train/Fungal_Leaf_Spot/Fungal_Leaf_Spot00396.jpg,Fungal_Leaf_Spot,Fungal_Leaf_Spot,Correct,0.554777
datasets/test/Curl_Leaf/Curl_Leaf00172.jpg,Curl_Leaf,Curl_Leaf,Correct,0.741867
datasets/train/Felt_Leaf/Felt_Leaf00269.jpg,Felt_Leaf,Leaf_Blight,Incorrect,0.439587
datasets/test/Leaf_Blight/Leaf_Blight00290.jpg,Leaf_Blight,Leaf_Blight,Correct,0.670927
datasets/train/Healthy_Leaf/Healthy_Leaf00366.jpg,Healthy_Leaf,Healthy_Leaf,Correct,0.737054
datasets/test/Felt_Leaf/Felt_Leaf00189.jpg,Felt_Leaf,Leaf_Gall,Incorrect,0.688427
datasets/test/Curl_Leaf/Curl_Leaf00029.jpg,Curl_Leaf,Curl_Leaf,Correct,0.230873
datasets/train/Healthy_Leaf/Healthy_Leaf00146.jpg,Healthy_Leaf,Healthy_Leaf,Correct,0.710663
datasets/test/Fungal_Leaf_Spot/Fungal_Leaf_Spot00162.jpg,Fungal_Leaf_Spot,Fungal_Leaf_Spot,Correct,0.602345
datasets/train/Leaf_Blight/Leaf_Blight00279.jpg,Leaf_Blight,Leaf_Gall,Incorrect,0.363303
datasets/train/Leaf_Gall/Leaf_Gall00426.jpg,Leaf_Gall,Leaf_Gall,Correct,0.322844
datasets/test/Curl_Leaf/Curl_Leaf00074.jpg,Curl_Leaf,Curl_Leaf,Correct,0.776248
datasets/train/Healthy_Leaf/Healthy_Leaf00105.jpg,Healthy_Leaf,Healthy_Leaf,Correct,0.578308
datasets/test/Leaf_Gall/Leaf_Gall00025.jpg,Leaf_Gall,Dry_Leaf,Incorrect,0.496973
datasets/test/Fungal_Leaf_Spot/Fungal_Leaf_Spot00152.jpg,Fungal_Leaf_Spot,Fungal_Leaf_Spot,Correct,0.491262
datasets/test/Dry_Leaf/Dry_Leaf00354.jpg,Dry_Leaf,Dry_Leaf,Correct,0.881241
datasets/train/Fungal_Leaf_Spot/Fungal_Leaf_Spot00534.jpg,Fungal_Leaf_Spot,Felt_Leaf,Incorrect,0.472707
datasets/test/Leaf_Gall/Leaf_Gall00292.jpg,Leaf_Gall,Leaf_Gall,Correct,0.864279
datasets/test/Fungal_Leaf_Spot/Fungal_Leaf_Spot00429.jpg,Fungal_Leaf_Spot,Felt_Leaf,Incorrect,0.322688
datasets/test/Felt_Leaf/Felt_Leaf00154.jpg,Felt_Leaf,Dry_Leaf,Incorrect,0.300410
datasets/test/Curl_Leaf/Curl_Leaf00008.jpg,Curl_Leaf,Curl_Leaf,Correct,0.920212
datasets/test/Curl_Leaf/Curl_Leaf00001.jpg,Curl_Leaf,Curl_Leaf,Correct,0.782754
datasets/test/Felt_Leaf/Felt_Leaf00137.jpg,Felt_Leaf,Felt_Leaf,Correct,0.949701
datasets/train/Healthy_Leaf/Healthy_Leaf00417.jpg,Healthy_Leaf,Healthy_Leaf,Correct,0.311310
datasets/train/Fungal_Leaf_Spot/Fungal_Leaf_Spot00180.jpg,Fungal_Leaf_Spot,Felt_Leaf,Incorrect,0.367701
datasets/train/Fungal_Leaf_Spot/Fungal_Leaf_Spot00209.jpg,Fungal_Leaf_Spot,Healthy_Leaf,Incorrect,0.488641
datasets/test/Anthrax_Leaf/Anthrax_Leaf00051.jpg,Anthrax_Leaf,Anthrax_Leaf,Correct,0.933532
datasets/train/Leaf_Blight/Leaf_Blight00001.jpg,Leaf_Blight,Leaf_Blight,Correct,0.962628
datasets/test/Anthrax_Leaf/Anthrax_Leaf00086.jpg,Anthrax_Leaf,Anthrax_Leaf,Correct,0.487453
datasets/test/Leaf_Gall/Leaf_Gall00375.jpg,Leaf_Gall,Fungal_Leaf_Spot,Incorrect,0.449482
datasets/train/Fungal_Leaf_Spot/Fungal_Leaf_Spot00440.jpg,Fungal_Leaf_Spot,Dry_Leaf,Incorrect,0.309598
datasets/test/Curl_Leaf/Curl_Leaf00017.jpg,Curl_Leaf,Curl_Leaf,Correct,0.366735
datasets/test/Bituminous_Leaf/Bituminous_Leaf00025.jpg,Bituminous_Leaf,Dry_Leaf,Incorrect,0.218418
datasets/train/Leaf_Gall/Leaf_Gall00491.jpg,Leaf_Gall,Dry_Leaf,Incorrect,0.423334
datasets/test/Fungal_Leaf_Spot/Fungal_Leaf_Spot00117.jpg,Fungal_Leaf_Spot,Felt_Leaf,Incorrect,0.593337
datasets/test/Leaf_Blight/Leaf_Blight00531.jpg,Leaf_Blight,Leaf_Blight,Correct,0.960241
datasets/test/Dry_Leaf/Dry_Leaf00228.jpg,Dry_Leaf,Dry_Leaf,Correct,0.690144
datasets/test/Leaf_Blight/Leaf_Blight00545.jpg,Leaf_Blight,Leaf_Blight,Correct,0.976059
datasets/test/Leaf_Gall/Leaf_Gall00514.jpg,Leaf_Gall,Leaf_Gall,Correct,0.381856
datasets/test/Healthy_Leaf/Healthy_Leaf00129.jpg,Healthy_Leaf,Healthy_Leaf,Correct,0.906564
datasets/train/Fungal_Leaf_Spot/Fungal_Leaf_Spot00518.jpg,Fungal_Leaf_Spot,Fungal_Leaf_Spot,Correct,0.525815
datasets/test/Bituminous_Leaf/Bituminous_Leaf00138.jpg,Bituminous_Leaf,Bituminous_Leaf,Correct,0.465779
datasets/test/Fungal_Leaf_Spot/Fungal_Leaf_Spot00247.jpg,Fungal_Leaf_Spot,Healthy_Leaf,Incorrect,0.543668
datasets/train/Healthy_Leaf/Healthy_Leaf00523.jpg,Healthy_Leaf,Healthy_Leaf,Correct,0.619254
datasets/test/Felt_Leaf/Felt_Leaf00307.jpg,Felt_Leaf,Felt_Leaf,Correct,0.367403
datasets/test/Curl_Leaf/Curl_Leaf00098.jpg,Curl_Leaf,Fungal_Leaf_Spot,Incorrect,0.364697
datasets/train/Dry_Leaf/Dry_Leaf00220.jpg,Dry_Leaf,Dry_Leaf,Correct,0.811939
datasets/test/Healthy_Leaf/Healthy_Leaf00138.jpg,Healthy_Leaf,Healthy_Leaf,Correct,0.995816
datasets/train/Leaf_Gall/Leaf_Gall00557.jpg,Leaf_Gall,Leaf_Gall,Correct,0.791867
datasets/test/Leaf_Blight/Leaf_Blight00179.jpg,Leaf_Blight,Felt_Leaf,Incorrect,0.270230
datasets/test/Healthy_Leaf/Healthy_Leaf00558.jpg,Healthy_Leaf,Felt_Leaf,Incorrect,0.318232
datasets/train/Healthy_Leaf/Healthy_Leaf00278.jpg,Healthy_Leaf,Healthy_Leaf,Correct,0.457279
datasets/train/Healthy_Leaf/Healthy_Leaf00166.jpg,Healthy_Leaf,Healthy_Leaf,Correct,0.998115
datasets/train/Leaf_Blight/Leaf_Blight00465.jpg,Leaf_Blight,Leaf_Blight,Correct,0.879356
datasets/test/Healthy_Leaf/Healthy_Leaf00296.jpg,Healthy_Leaf,Healthy_Leaf,Correct,0.968251
datasets/train/Fungal_Leaf_Spot/Fungal_Leaf_Spot00443.jpg,Fungal_Leaf_Spot,Leaf_Gall,Incorrect,0.267337
datasets/test/Fungal_Leaf_Spot/Fungal_Leaf_Spot00380.jpg,Fungal_Leaf_Spot,Leaf_Blight,Incorrect,0.450512
datasets/test/Dry_Leaf/Dry_Leaf00147.jpg,Dry_Leaf,Dry_Leaf,Correct,0.428772
datasets/test/Fungal_Leaf_Spot/Fungal_Leaf_Spot00139.jpg,Fungal_Leaf_Spot,Curl_Leaf,Incorrect,0.331920
datasets/train/Felt_Leaf/Felt_Leaf00225.jpg,Felt_Leaf,Leaf_Blight,Incorrect,0.777365
datasets/test/Leaf_Gall/Leaf_Gall00205.jpg,Leaf_Gall,Leaf_Gall,Correct,0.902378
datasets/test/Deficiency_Leaf/Deficiency_Leaf00094.jpg,Deficiency_Leaf,Anthrax_Leaf,Incorrect,0.530518
datasets/train/Healthy_Leaf/Healthy_Leaf00094.jpg,Healthy_Leaf,Healthy_Leaf,Correct,0.984724
datasets/test/Fungal_Leaf_Spot/Fungal_Leaf_Spot00192.jpg,Fungal_Leaf_Spot,Fungal_Leaf_Spot,Correct,0.716688
datasets/test/Healthy_Leaf/Healthy_Leaf00369.jpg,Healthy_Leaf,Healthy_Leaf,Correct,0.861921
datasets/train/Fungal_Leaf_Spot/Fungal_Leaf_Spot00287.jpg,Fungal_Leaf_Spot,Fungal_Leaf_Spot,Correct,0.717495
datasets/train/Deficiency_Leaf/Deficiency_Leaf00118.jpg,Deficiency_Leaf,Healthy_Leaf,Incorrect,0.376226
datasets/train/Healthy_Leaf/Healthy_Leaf00233.jpg,Healthy_Leaf,Healthy_Leaf,Correct,0.763453
datasets/train/Leaf_Blight/Leaf_Blight00160.jpg,Leaf_Blight,Leaf_Blight,Correct,0.962224
datasets/test/Healthy_Leaf/Healthy_Leaf00153.jpg,Healthy_Leaf,Healthy_Leaf,Correct,0.982899
datasets/train/Leaf_Gall/Leaf_Gall00119.jpg,Leaf_Gall,Fungal_Leaf_Spot,Incorrect,0.449326
datasets/test/Healthy_Leaf/Healthy_Leaf00144.jpg,Healthy_Leaf,Healthy_Leaf,Correct,0.999572
datasets/test/Leaf_Blight/Leaf_Blight00247.jpg,Leaf_Blight,Leaf_Blight,Correct,0.466389
datasets/test/Felt_Leaf/Felt_Leaf00145.jpg,Felt_Leaf,Leaf_Gall,Incorrect,0.495384
datasets/test/Bituminous_Leaf/Bituminous_Leaf00116.jpg,Bituminous_Leaf,Leaf_Gall,Incorrect,0.411387
datasets/test/Leaf_Gall/Leaf_Gall00386.jpg,Leaf_Gall,Leaf_Gall,Correct,0.380249
datasets/train/Leaf_Gall/Leaf_Gall00614.jpg,Leaf_Gall,Leaf_Gall,Correct,0.483735
datasets/train/Leaf_Blight/Leaf_Blight00355.jpg,Leaf_Blight,Leaf_Blight,Correct,0.788568
datasets/train/Bituminous_Leaf/Bituminous_Leaf00129.jpg,Bituminous_Leaf,Healthy_Leaf,Incorrect,0.342178
datasets/train/Fungal_Leaf_Spot/Fungal_Leaf_Spot00387.jpg,Fungal_Leaf_Spot,Fungal_Leaf_Spot,Correct,0.737106
datasets/test/Leaf_Gall/Leaf_Gall00443.jpg,Leaf_Gall,Fungal_Leaf_Spot,Incorrect,0.340636
datasets/test/Leaf_Blight/Leaf_Blight00479.jpg,Leaf_Blight,Curl_Leaf,Incorrect,0.386544
datasets/train/Leaf_Gall/Leaf_Gall00568.jpg,Leaf_Gall,Felt_Leaf,Incorrect,0.321797
datasets/test/Dry_Leaf/Dry_Leaf00145.jpg,Dry_Leaf,Dry_Leaf,Correct,0.986611
datasets/train/Dry_Leaf/Dry_Leaf00355.jpg,Dry_Leaf,Leaf_Gall,Incorrect,0.532726
datasets/test/Leaf_Blight/Leaf_Blight00210.jpg,Leaf_Blight,Leaf_Blight,Correct,0.890080
datasets/test/Fungal_Leaf_Spot/Fungal_Leaf_Spot00456.jpg,Fungal_Leaf_Spot,Healthy_Leaf,Incorrect,0.501752
datasets/train/Leaf_Blight/Leaf_Blight00123.jpg,Leaf_Blight,Leaf_Blight,Correct,0.917672
datasets/test/Healthy_Leaf/Healthy_Leaf00430.jpg,Healthy_Leaf,Fungal_Leaf_Spot,Incorrect,0.363540
datasets/test/Healthy_Leaf/Healthy_Leaf00119.jpg,Healthy_Leaf,Healthy_Leaf,Correct,0.919551
datasets/train/Felt_Leaf/Felt_Leaf00096.jpg,Felt_Leaf,Felt_Leaf,Correct,0.898178
datasets/test/Leaf_Gall/Leaf_Gall00264.jpg,Leaf_Gall,Leaf_Blight,Incorrect,0.667750
datasets/train/Felt_Leaf/Felt_Leaf00186.jpg,Felt_Leaf,Leaf_Gall,Incorrect,0.474989
datasets/train/Leaf_Gall/Leaf_Gall00361.jpg,Leaf_Gall,Leaf_Gall,Correct,0.647038
datasets/train/Healthy_Leaf/Healthy_Leaf00522.jpg,Healthy_Leaf,Healthy_Leaf,Correct,0.898945
datasets/train/Felt_Leaf/Felt_Leaf00019.jpg,Felt_Leaf,Felt_Leaf,Correct,0.962594
datasets/train/Anthrax_Leaf/Anthrax_Leaf00123.jpg,Anthrax_Leaf,Anthrax_Leaf,Correct,0.338729
datasets/test/Felt_Leaf/Felt_Leaf00092.jpg,Felt_Leaf,Fungal_Leaf_Spot,Incorrect,0.313900
datasets/train/Healthy_Leaf/Healthy_Leaf00327.jpg,Healthy_Leaf,Healthy_Leaf,Correct,0.930556
datasets/test/Leaf_Gall/Leaf_Gall00439.jpg,Leaf_Gall,Felt_Leaf,Incorrect,0.491339
datasets/test/Healthy_Leaf/Healthy_Leaf00413.jpg,Healthy_Leaf,Healthy_Leaf,Correct,0.833824
datasets/test/Dry_Leaf/Dry_Leaf00185.jpg,Dry_Leaf,Dry_Leaf,Correct,0.998089
datasets/test/Leaf_Blight/Leaf_Blight00200.jpg,Leaf_Blight,Leaf_Blight,Correct,0.496767
datasets/test/Curl_Leaf/Curl_Leaf00076.jpg,Curl_Leaf,Leaf_Gall,Incorrect,0.796990
datasets/train/Felt_Leaf/Felt_Leaf00364.jpg,Felt_Leaf,Felt_Leaf,Correct,0.843938
datasets/test/Deficiency_Leaf/Deficiency_Leaf00027.jpg,Deficiency_Leaf,Dry_Leaf,Incorrect,0.356261
datasets/train/Dry_Leaf/Dry_Leaf00335.jpg,Dry_Leaf,Healthy_Leaf,Incorrect,0.545044
datasets/test/Curl_Leaf/Curl_Leaf00073.jpg,Curl_Leaf,Curl_Leaf,Correct,0.766134
datasets/test/Dry_Leaf/Dry_Leaf00016.jpg,Dry_Leaf,Dry_Leaf,Correct,0.898755
datasets/train/Healthy_Leaf/Healthy_Leaf00356.jpg,Healthy_Leaf,Felt_Leaf,Incorrect,0.305961
datasets/test/Leaf_Gall/Leaf_Gall00122.jpg,Leaf_Gall,Leaf_Gall,Correct,0.470229
datasets/test/Fungal_Leaf_Spot/Fungal_Leaf_Spot00360.jpg,Fungal_Leaf_Spot,Fungal_Leaf_Spot,Correct,0.520330
datasets/test/Deficiency_Leaf/Deficiency_Leaf00058.jpg,Deficiency_Leaf,Leaf_Gall,Incorrect,0.532693
datasets/test/Felt_Leaf/Felt_Leaf00067.jpg,Felt_Leaf,Felt_Leaf,Correct,0.690772
datasets/train/Fungal_Leaf_Spot/Fungal_Leaf_Spot00155.jpg,Fungal_Leaf_Spot,Fungal_Leaf_Spot,Correct,0.725385
datasets/train/Bituminous_Leaf/Bituminous_Leaf00055.jpg,Bituminous_Leaf,Bituminous_Leaf,Correct,0.339874
datasets/train/Leaf_Blight/Leaf_Blight00471.jpg,Leaf_Blight,Leaf_Blight,Correct,0.947212
datasets/train/Leaf_Gall/Leaf_Gall00464.jpg,Leaf_Gall,Leaf_Blight,Incorrect,0.353072
datasets/test/Bituminous_Leaf/Bituminous_Leaf00067.jpg,Bituminous_Leaf,Bituminous_Leaf,Correct,0.917369
datasets/train/Leaf_Blight/Leaf_Blight00503.jpg,Leaf_Blight,Leaf_Blight,Correct,0.656282
datasets/test/Deficiency_Leaf/Deficiency_Leaf00036.jpg,Deficiency_Leaf,Healthy_Leaf,Incorrect,0.472901
datasets/test/Anthrax_Leaf/Anthrax_Leaf00147.jpg,Anthrax_Leaf,Anthrax_Leaf,Correct,0.491782
datasets/test/Curl_Leaf/Curl_Leaf00040.jpg,Curl_Leaf,Curl_Leaf,Correct,0.364105
datasets/train/Dry_Leaf/Dry_Leaf00136.jpg,Dry_Leaf,Dry_Leaf,Correct,0.566103
datasets/train/Curl_Leaf/Curl_Leaf00165.jpg,Curl_Leaf,Dry_Leaf,Incorrect,0.303849
datasets/test/Dry_Leaf/Dry_Leaf00096.jpg,Dry_Leaf,Leaf_Gall,Incorrect,0.288694
datasets/test/Healthy_Leaf/Healthy_Leaf00446.jpg,Healthy_Leaf,Healthy_Leaf,Correct,0.557944
datasets/train/Bituminous_Leaf/Bituminous_Leaf00111.jpg,Bituminous_Leaf,Leaf_Gall,Incorrect,0.326329
datasets/train/Leaf_Gall/Leaf_Gall00328.jpg,Leaf_Gall,Leaf_Gall,Correct,0.560112
datasets/test/Bituminous_Leaf/Bituminous_Leaf00012.jpg,Bituminous_Leaf,Dry_Leaf,Incorrect,0.353644
datasets/test/Fungal_Leaf_Spot/Fungal_Leaf_Spot00130.jpg,Fungal_Leaf_Spot,Fungal_Leaf_Spot,Correct,0.611297
datasets/train/Leaf_Blight/Leaf_Blight00193.jpg,Leaf_Blight,Leaf_Gall,Incorrect,0.357621
datasets/train/Anthrax_Leaf/Anthrax_Leaf00072.jpg,Anthrax_Leaf,Anthrax_Leaf,Correct,0.542517
datasets/test/Felt_Leaf/Felt_Leaf00025.jpg,Felt_Leaf,Leaf_Blight,Incorrect,0.751791
datasets/train/Healthy_Leaf/Healthy_Leaf00623.jpg,Healthy_Leaf,Leaf_Blight,Incorrect,0.612900
datasets/test/Healthy_Leaf/Healthy_Leaf00079.jpg,Healthy_Leaf,Healthy_Leaf,Correct,0.999204
datasets/train/Dry_Leaf/Dry_Leaf00177.jpg,Dry_Leaf,Dry_Leaf,Correct,0.995748
datasets/test/Leaf_Gall/Leaf_Gall00429.jpg,Leaf_Gall,Leaf_Gall,Correct,0.794193
datasets/test/Healthy_Leaf/Healthy_Leaf00195.jpg,Healthy_Leaf,Healthy_Leaf,Correct,0.286690
datasets/train/Bituminous_Leaf/Bituminous_Leaf00023.jpg,Bituminous_Leaf,Fungal_Leaf_Spot,Incorrect,0.472748
datasets/test/Leaf_Gall/Leaf_Gall00369.jpg,Leaf_Gall,Fungal_Leaf_Spot,Incorrect,0.349001
datasets/test/Healthy_Leaf/Healthy_Leaf00279.jpg,Healthy_Leaf,Healthy_Leaf,Correct,0.944742
datasets/test/Healthy_Leaf/Healthy_Leaf00372.jpg,Healthy_Leaf,Healthy_Leaf,Correct,0.995643
datasets/test/Leaf_Gall/Leaf_Gall00233.jpg,Leaf_Gall,Leaf_Gall,Correct,0.492288
datasets/test/Felt_Leaf/Felt_Leaf00272.jpg,Felt_Leaf,Felt_Leaf,Correct,0.589178
datasets/train/Anthrax_Leaf/Anthrax_Leaf00030.jpg,Anthrax_Leaf,Anthrax_Leaf,Correct,0.361472
datasets/test/Healthy_Leaf/Healthy_Leaf00283.jpg,Healthy_Leaf,Healthy_Leaf,Correct,0.960577
datasets/test/Felt_Leaf/Felt_Leaf00006.jpg,Felt_Leaf,Fungal_Leaf_Spot,Incorrect,0.262034
datasets/test/Healthy_Leaf/Healthy_Leaf00564.jpg,Healthy_Leaf,Healthy_Leaf,Correct,0.649300
datasets/test/Fungal_Leaf_Spot/Fungal_Leaf_Spot00041.jpg,Fungal_Leaf_Spot,Fungal_Leaf_Spot,Correct,0.290295
datasets/train/Dry_Leaf/Dry_Leaf00246.jpg,Dry_Leaf,Dry_Leaf,Correct,0.945184
datasets/test/Healthy_Leaf/Healthy_Leaf00547.jpg,Healthy_Leaf,Fungal_Leaf_Spot,Incorrect,0.214279
datasets/train/Anthrax_Leaf/Anthrax_Leaf00070.jpg,Anthrax_Leaf,Leaf_Gall,Incorrect,0.306638
datasets/test/Leaf_Gall/Leaf_Gall00430.jpg,Leaf_Gall,Leaf_Gall,Correct,0.763886
datasets/test/Leaf_Gall/Leaf_Gall00477.jpg,Leaf_Gall,Fungal_Leaf_Spot,Incorrect,0.279025
datasets/test/Leaf_Gall/Leaf_Gall00166.jpg,Leaf_Gall,Leaf_Gall,Correct,0.396835
datasets/test/Bituminous_Leaf/Bituminous_Leaf00070.jpg,Bituminous_Leaf,Bituminous_Leaf,Correct,0.231687
datasets/train/Felt_Leaf/Felt_Leaf00138.jpg,Felt_Leaf,Felt_Leaf,Correct,0.978588
datasets/test/Leaf_Gall/Leaf_Gall00452.jpg,Leaf_Gall,Leaf_Gall,Correct,0.332839
datasets/test/Curl_Leaf/Curl_Leaf00132.jpg,Curl_Leaf,Healthy_Leaf,Incorrect,0.308616
datasets/train/Leaf_Blight/Leaf_Blight00280.jpg,Leaf_Blight,Leaf_Blight,Correct,0.348931
datasets/test/Healthy_Leaf/Healthy_Leaf00559.jpg,Healthy_Leaf,Healthy_Leaf,Correct,0.668785
datasets/test/Fungal_Leaf_Spot/Fungal_Leaf_Spot00140.jpg,Fungal_Leaf_Spot,Fungal_Leaf_Spot,Correct,0.526994
datasets/train/Fungal_Leaf_Spot/Fungal_Leaf_Spot00019.jpg,Fungal_Leaf_Spot,Leaf_Gall,Incorrect,0.396649
datasets/test/Leaf_Blight/Leaf_Blight00192.jpg,Leaf_Blight,Felt_Leaf,Incorrect,0.465224
datasets/test/Leaf_Blight/Leaf_Blight00489.jpg,Leaf_Blight,Leaf_Blight,Correct,0.982478
datasets/train/Felt_Leaf/Felt_Leaf00040.jpg,Felt_Leaf,Felt_Leaf,Correct,0.300601
datasets/test/Leaf_Gall/Leaf_Gall00210.jpg,Leaf_Gall,Leaf_Gall,Correct,0.765492
datasets/test/Leaf_Gall/Leaf_Gall00300.jpg,Leaf_Gall,Leaf_Gall,Correct,0.701349
datasets/test/Healthy_Leaf/Healthy_Leaf00111.jpg,Healthy_Leaf,Healthy_Leaf,Correct,0.998506
datasets/test/Deficiency_Leaf/Deficiency_Leaf00029.jpg,Deficiency_Leaf,Bituminous_Leaf,Incorrect,0.532692
datasets/test/Fungal_Leaf_Spot/Fungal_Leaf_Spot00445.jpg,Fungal_Leaf_Spot,Leaf_Gall,Incorrect,0.429816
datasets/test/Leaf_Blight/Leaf_Blight00540.jpg,Leaf_Blight,Leaf_Blight,Correct,0.987965
datasets/test/Leaf_Gall/Leaf_Gall00084.jpg,Leaf_Gall,Leaf_Gall,Correct,0.875072
datasets/test/Felt_Leaf/Felt_Leaf00016.jpg,Felt_Leaf,Leaf_Gall,Incorrect,0.382770
datasets/train/Felt_Leaf/Felt_Leaf00078.jpg,Felt_Leaf,Felt_Leaf,Correct,0.548221
datasets/test/Felt_Leaf/Felt_Leaf00360.jpg,Felt_Leaf,Felt_Leaf,Correct,0.457267
datasets/test/Fungal_Leaf_Spot/Fungal_Leaf_Spot00190.jpg,Fungal_Leaf_Spot,Fungal_Leaf_Spot,Correct,0.796384
datasets/test/Dry_Leaf/Dry_Leaf00023.jpg,Dry_Leaf,Dry_Leaf,Correct,0.979455
datasets/train/Fungal_Leaf_Spot/Fungal_Leaf_Spot00351.jpg,Fungal_Leaf_Spot,Felt_Leaf,Incorrect,0.623920
datasets/test/Bituminous_Leaf/Bituminous_Leaf00040.jpg,Bituminous_Leaf,Healthy_Leaf,Incorrect,0.256857
datasets/test/Dry_Leaf/Dry_Leaf00237.jpg,Dry_Leaf,Fungal_Leaf_Spot,Incorrect,0.694783
datasets/test/Leaf_Blight/Leaf_Blight00232.jpg,Leaf_Blight,Leaf_Gall,Incorrect,0.405030
datasets/test/Leaf_Blight/Leaf_Blight00229.jpg,Leaf_Blight,Leaf_Blight,Correct,0.393971
datasets/test/Fungal_Leaf_Spot/Fungal_Leaf_Spot00222.jpg,Fungal_Leaf_Spot,Fungal_Leaf_Spot,Correct,0.380243
datasets/test/Dry_Leaf/Dry_Leaf00310.jpg,Dry_Leaf,Dry_Leaf,Correct,0.803630
datasets/test/Leaf_Blight/Leaf_Blight00023.jpg,Leaf_Blight,Healthy_Leaf,Incorrect,0.450905
datasets/test/Felt_Leaf/Felt_Leaf00163.jpg,Felt_Leaf,Felt_Leaf,Correct,0.395808
datasets/test/Healthy_Leaf/Healthy_Leaf00091.jpg,Healthy_Leaf,Healthy_Leaf,Correct,0.779558
datasets/train/Leaf_Blight/Leaf_Blight00325.jpg,Leaf_Blight,Leaf_Blight,Correct,0.903117
datasets/train/Leaf_Gall/Leaf_Gall00621.jpg,Leaf_Gall,Dry_Leaf,Incorrect,0.447708
datasets/test/Leaf_Blight/Leaf_Blight00351.jpg,Leaf_Blight,Fungal_Leaf_Spot,Incorrect,0.334040
datasets/train/Healthy_Leaf/Healthy_Leaf00207.jpg,Healthy_Leaf,Healthy_Leaf,Correct,0.930843
datasets/test/Leaf_Gall/Leaf_Gall00020.jpg,Leaf_Gall,Leaf_Gall,Correct,0.513523
datasets/test/Dry_Leaf/Dry_Leaf00134.jpg,Dry_Leaf,Dry_Leaf,Correct,0.991187
datasets/test/Deficiency_Leaf/Deficiency_Leaf00075.jpg,Deficiency_Leaf,Leaf_Gall,Incorrect,0.749210
datasets/test/Leaf_Blight/Leaf_Blight00285.jpg,Leaf_Blight,Leaf_Blight,Correct,0.641996
datasets/train/Bituminous_Leaf/Bituminous_Leaf00007.jpg,Bituminous_Leaf,Dry_Leaf,Incorrect,0.521264
datasets/train/Deficiency_Leaf/Deficiency_Leaf00063.jpg,Deficiency_Leaf,Fungal_Leaf_Spot,Incorrect,0.283576
datasets/test/Dry_Leaf/Dry_Leaf00034.jpg,Dry_Leaf,Dry_Leaf,Correct,0.907986
datasets/test/Healthy_Leaf/Healthy_Leaf00277.jpg,Healthy_Leaf,Fungal_Leaf_Spot,Incorrect,0.314104
datasets/train/Leaf_Blight/Leaf_Blight00591.jpg,Leaf_Blight,Healthy_Leaf,Incorrect,0.663155
datasets/test/Leaf_Gall/Leaf_Gall00126.jpg,Leaf_Gall,Fungal_Leaf_Spot,Incorrect,0.310585
datasets/train/Leaf_Blight/Leaf_Blight00114.jpg,Leaf_Blight,Leaf_Blight,Correct,0.928644
datasets/train/Healthy_Leaf/Healthy_Leaf00390.jpg,Healthy_Leaf,Dry_Leaf,Incorrect,0.572206
datasets/test/Leaf_Gall/Leaf_Gall00533.jpg,Leaf_Gall,Leaf_Gall,Correct,0.354834
datasets/test/Fungal_Leaf_Spot/Fungal_Leaf_Spot00307.jpg,Fungal_Leaf_Spot,Healthy_Leaf,Incorrect,0.696443
datasets/train/Leaf_Gall/Leaf_Gall00043.jpg,Leaf_Gall,Leaf_Gall,Correct,0.481600
datasets/test/Fungal_Leaf_Spot/Fungal_Leaf_Spot00381.jpg,Fungal_Leaf_Spot,Fungal_Leaf_Spot,Correct,0.690282
datasets/test/Fungal_Leaf_Spot/Fungal_Leaf_Spot00292.jpg,Fungal_Leaf_Spot,Fungal_Leaf_Spot,Correct,0.920791
datasets/test/Leaf_Blight/Leaf_Blight00283.jpg,Leaf_Blight,Leaf_Blight,Correct,0.972096
datasets/train/Healthy_Leaf/Healthy_Leaf00201.jpg,Healthy_Leaf,Healthy_Leaf,Correct,0.616018
datasets/test/Leaf_Blight/Leaf_Blight00458.jpg,Leaf_Blight,Leaf_Blight,Correct,0.966132
datasets/test/Felt_Leaf/Felt_Leaf00089.jpg,Felt_Leaf,Curl_Leaf,Incorrect,0.262813
datasets/test/Healthy_Leaf/Healthy_Leaf00012.jpg,Healthy_Leaf,Leaf_Blight,Incorrect,0.291041
datasets/test/Felt_Leaf/Felt_Leaf00037.jpg,Felt_Leaf,Felt_Leaf,Correct,0.768552
datasets/train/Leaf_Gall/Leaf_Gall00516.jpg,Leaf_Gall,Leaf_Gall,Correct,0.631149
datasets/test/Leaf_Gall/Leaf_Gall00395.jpg,Leaf_Gall,Leaf_Gall,Correct,0.315964
datasets/train/Curl_Leaf/Curl_Leaf00111.jpg,Curl_Leaf,Curl_Leaf,Correct,0.935740
datasets/train/Leaf_Blight/Leaf_Blight00341.jpg,Leaf_Blight,Leaf_Blight,Correct,0.430277
datasets/train/Leaf_Blight/Leaf_Blight00381.jpg,Leaf_Blight,Leaf_Blight,Correct,0.453223
datasets/test/Healthy_Leaf/Healthy_Leaf00336.jpg,Healthy_Leaf,Healthy_Leaf,Correct,0.894762
datasets/test/Felt_Leaf/Felt_Leaf00279.jpg,Felt_Leaf,Felt_Leaf,Correct,0.427648
datasets/train/Dry_Leaf/Dry_Leaf00007.jpg,Dry_Leaf,Dry_Leaf,Correct,0.942058
datasets/test/Felt_Leaf/Felt_Leaf00199.jpg,Felt_Leaf,Felt_Leaf,Correct,0.492349
datasets/train/Felt_Leaf/Felt_Leaf00115.jpg,Felt_Leaf,Felt_Leaf,Correct,0.578943
datasets/train/Leaf_Blight/Leaf_Blight00173.jpg,Leaf_Blight,Leaf_Blight,Correct,0.379692
datasets/train/Curl_Leaf/Curl_Leaf00026.jpg,Curl_Leaf,Leaf_Gall,Incorrect,0.612610
datasets/test/Fungal_Leaf_Spot/Fungal_Leaf_Spot00283.jpg,Fungal_Leaf_Spot,Fungal_Leaf_Spot,Correct,0.961963
datasets/train/Healthy_Leaf/Healthy_Leaf00519.jpg,Healthy_Leaf,Healthy_Leaf,Correct,0.537585
datasets/test/Leaf_Blight/Leaf_Blight00083.jpg,Leaf_Blight,Felt_Leaf,Incorrect,0.245234
datasets/train/Bituminous_Leaf/Bituminous_Leaf00044.jpg,Bituminous_Leaf,Healthy_Leaf,Incorrect,0.449722
datasets/test/Curl_Leaf/Curl_Leaf00124.jpg,Curl_Leaf,Leaf_Gall,Incorrect,0.298994
datasets/test/Healthy_Leaf/Healthy_Leaf00404.jpg,Healthy_Leaf,Healthy_Leaf,Correct,0.548578
datasets/train/Leaf_Gall/Leaf_Gall00419.jpg,Leaf_Gall,Leaf_Gall,Correct,0.436032
datasets/test/Leaf_Gall/Leaf_Gall00513.jpg,Leaf_Gall,Leaf_Blight,Incorrect,0.696486
datasets/train/Fungal_Leaf_Spot/Fungal_Leaf_Spot00282.jpg,Fungal_Leaf_Spot,Fungal_Leaf_Spot,Correct,0.971804
datasets/train/Healthy_Leaf/Healthy_Leaf00511.jpg,Healthy_Leaf,Bituminous_Leaf,Incorrect,0.224714
datasets/train/Fungal_Leaf_Spot/Fungal_Leaf_Spot00133.jpg,Fungal_Leaf_Spot,Fungal_Leaf_Spot,Correct,0.424917
datasets/test/Fungal_Leaf_Spot/Fungal_Leaf_Spot00378.jpg,Fungal_Leaf_Spot,Felt_Leaf,Incorrect,0.407834
datasets/train/Dry_Leaf/Dry_Leaf00087.jpg,Dry_Leaf,Fungal_Leaf_Spot,Incorrect,0.743655
datasets/test/Curl_Leaf/Curl_Leaf00131.jpg,Curl_Leaf,Felt_Leaf,Incorrect,0.398310
datasets/train/Healthy_Leaf/Healthy_Leaf00023.jpg,Healthy_Leaf,Healthy_Leaf,Correct,0.941808
datasets/train/Felt_Leaf/Felt_Leaf00090.jpg,Felt_Leaf,Healthy_Leaf,Incorrect,0.279310
datasets/test/Leaf_Blight/Leaf_Blight00320.jpg,Leaf_Blight,Leaf_Blight,Correct,0.660680
datasets/train/Fungal_Leaf_Spot/Fungal_Leaf_Spot00412.jpg,Fungal_Leaf_Spot,Felt_Leaf,Incorrect,0.371812
datasets/train/Anthrax_Leaf/Anthrax_Leaf00084.jpg,Anthrax_Leaf,Leaf_Gall,Incorrect,0.488398
datasets/train/Felt_Leaf/Felt_Leaf00021.jpg,Felt_Leaf,Leaf_Gall,Incorrect,0.371147
datasets/test/Healthy_Leaf/Healthy_Leaf00436.jpg,Healthy_Leaf,Healthy_Leaf,Correct,0.714228
datasets/test/Leaf_Blight/Leaf_Blight00195.jpg,Leaf_Blight,Felt_Leaf,Incorrect,0.324055
datasets/test/Dry_Leaf/Dry_Leaf00143.jpg,Dry_Leaf,Dry_Leaf,Correct,0.981280
datasets/train/Bituminous_Leaf/Bituminous_Leaf00015.jpg,Bituminous_Leaf,Dry_Leaf,Incorrect,0.837415
datasets/test/Anthrax_Leaf/Anthrax_Leaf00019.jpg,Anthrax_Leaf,Leaf_Gall,Incorrect,0.585389
datasets/train/Felt_Leaf/Felt_Leaf00292.jpg,Felt_Leaf,Felt_Leaf,Correct,0.609271
datasets/test/Leaf_Gall/Leaf_Gall00485.jpg,Leaf_Gall,Leaf_Blight,Incorrect,0.347401
datasets/test/Leaf_Blight/Leaf_Blight00030.jpg,Leaf_Blight,Leaf_Blight,Correct,0.796073
datasets/train/Leaf_Gall/Leaf_Gall00495.jpg,Leaf_Gall,Leaf_Gall,Correct,0.737242
datasets/test/Fungal_Leaf_Spot/Fungal_Leaf_Spot00169.jpg,Fungal_Leaf_Spot,Fungal_Leaf_Spot,Correct,0.648688
datasets/test/Felt_Leaf/Felt_Leaf00294.jpg,Felt_Leaf,Felt_Leaf,Correct,0.645691
datasets/test/Leaf_Blight/Leaf_Blight00382.jpg,Leaf_Blight,Leaf_Blight,Correct,0.616557
datasets/train/Leaf_Blight/Leaf_Blight00044.jpg,Leaf_Blight,Leaf_Blight,Correct,0.655741
datasets/test/Fungal_Leaf_Spot/Fungal_Leaf_Spot00125.jpg,Fungal_Leaf_Spot,Fungal_Leaf_Spot,Correct,0.199900
datasets/test/Dry_Leaf/Dry_Leaf00282.jpg,Dry_Leaf,Dry_Leaf,Correct,0.597396
datasets/test/Fungal_Leaf_Spot/Fungal_Leaf_Spot00455.jpg,Fungal_Leaf_Spot,Felt_Leaf,Incorrect,0.499409
datasets/test/Healthy_Leaf/Healthy_Leaf00078.jpg,Healthy_Leaf,Healthy_Leaf,Correct,0.989151
datasets/train/Dry_Leaf/Dry_Leaf00101.jpg,Dry_Leaf,Healthy_Leaf,Incorrect,0.559875
datasets/train/Anthrax_Leaf/Anthrax_Leaf00121.jpg,Anthrax_Leaf,Fungal_Leaf_Spot,Incorrect,0.272161
datasets/test/Deficiency_Leaf/Deficiency_Leaf00038.jpg,Deficiency_Leaf,Deficiency_Leaf,Correct,0.522764
datasets/train/Dry_Leaf/Dry_Leaf00080.jpg,Dry_Leaf,Dry_Leaf,Correct,0.495159
datasets/test/Felt_Leaf/Felt_Leaf00082.jpg,Felt_Leaf,Fungal_Leaf_Spot,Incorrect,0.404197
datasets/train/Leaf_Gall/Leaf_Gall00417.jpg,Leaf_Gall,Leaf_Gall,Correct,0.481693
datasets/train/Bituminous_Leaf/Bituminous_Leaf00058.jpg,Bituminous_Leaf,Healthy_Leaf,Incorrect,0.225885
datasets/test/Leaf_Gall/Leaf_Gall00146.jpg,Leaf_Gall,Dry_Leaf,Incorrect,0.254794
datasets/test/Felt_Leaf/Felt_Leaf00232.jpg,Felt_Leaf,Leaf_Blight,Incorrect,0.367856
datasets/train/Fungal_Leaf_Spot/Fungal_Leaf_Spot00458.jpg,Fungal_Leaf_Spot,Felt_Leaf,Incorrect,0.349818
datasets/test/Healthy_Leaf/Healthy_Leaf00275.jpg,Healthy_Leaf,Healthy_Leaf,Correct,0.406338
datasets/test/Felt_Leaf/Felt_Leaf00005.jpg,Felt_Leaf,Leaf_Gall,Incorrect,0.598036
datasets/test/Healthy_Leaf/Healthy_Leaf00530.jpg,Healthy_Leaf,Healthy_Leaf,Correct,0.870393
datasets/train/Dry_Leaf/Dry_Leaf00352.jpg,Dry_Leaf,Leaf_Blight,Incorrect,0.375374
datasets/test/Curl_Leaf/Curl_Leaf00146.jpg,Curl_Leaf,Leaf_Blight,Incorrect,0.812115
datasets/train/Dry_Leaf/Dry_Leaf00189.jpg,Dry_Leaf,Dry_Leaf,Correct,0.573822
datasets/test/Bituminous_Leaf/Bituminous_Leaf00038.jpg,Bituminous_Leaf,Bituminous_Leaf,Correct,0.217578
datasets/train/Healthy_Leaf/Healthy_Leaf00490.jpg,Healthy_Leaf,Healthy_Leaf,Correct,0.330237
datasets/test/Leaf_Blight/Leaf_Blight00557.jpg,Leaf_Blight,Leaf_Blight,Correct,0.529277
datasets/test/Dry_Leaf/Dry_Leaf00318.jpg,Dry_Leaf,Dry_Leaf,Correct,0.411177
datasets/train/Fungal_Leaf_Spot/Fungal_Leaf_Spot00336.jpg,Fungal_Leaf_Spot,Felt_Leaf,Incorrect,0.477068
datasets/test/Leaf_Gall/Leaf_Gall00102.jpg,Leaf_Gall,Leaf_Gall,Correct,0.450144
datasets/test/Felt_Leaf/Felt_Leaf00187.jpg,Felt_Leaf,Leaf_Gall,Incorrect,0.859706
datasets/train/Felt_Leaf/Felt_Leaf00332.jpg,Felt_Leaf,Felt_Leaf,Correct,0.476337
datasets/test/Felt_Leaf/Felt_Leaf00341.jpg,Felt_Leaf,Leaf_Blight,Incorrect,0.361261
datasets/test/Dry_Leaf/Dry_Leaf00342.jpg,Dry_Leaf,Healthy_Leaf,Incorrect,0.850139
datasets/test/Leaf_Blight/Leaf_Blight00169.jpg,Leaf_Blight,Leaf_Blight,Correct,0.517837
datasets/train/Leaf_Blight/Leaf_Blight00435.jpg,Leaf_Blight,Leaf_Blight,Correct,0.690665
datasets/test/Felt_Leaf/Felt_Leaf00287.jpg,Felt_Leaf,Leaf_Gall,Incorrect,0.518156
datasets/train/Leaf_Gall/Leaf_Gall00094.jpg,Leaf_Gall,Leaf_Gall,Correct,0.685826
datasets/test/Leaf_Gall/Leaf_Gall00139.jpg,Leaf_Gall,Dry_Leaf,Incorrect,0.284309
datasets/test/Fungal_Leaf_Spot/Fungal_Leaf_Spot00253.jpg,Fungal_Leaf_Spot,Fungal_Leaf_Spot,Correct,0.470740
datasets/test/Leaf_Blight/Leaf_Blight00111.jpg,Leaf_Blight,Leaf_Blight,Correct,0.857957
datasets/train/Dry_Leaf/Dry_Leaf00188.jpg,Dry_Leaf,Dry_Leaf,Correct,0.395822
datasets/test/Leaf_Gall/Leaf_Gall00236.jpg,Leaf_Gall,Leaf_Blight,Incorrect,0.490110
datasets/train/Deficiency_Leaf/Deficiency_Leaf00090.jpg,Deficiency_Leaf,Curl_Leaf,Incorrect,0.682147
datasets/train/Healthy_Leaf/Healthy_Leaf00597.jpg,Healthy_Leaf,Healthy_Leaf,Correct,0.979439
datasets/test/Healthy_Leaf/Healthy_Leaf00554.jpg,Healthy_Leaf,Healthy_Leaf,Correct,0.624115
datasets/test/Fungal_Leaf_Spot/Fungal_Leaf_Spot00043.jpg,Fungal_Leaf_Spot,Fungal_Leaf_Spot,Correct,0.610181
datasets/train/Healthy_Leaf/Healthy_Leaf00244.jpg,Healthy_Leaf,Healthy_Leaf,Correct,0.994365
