image_path,true_label,predicted_label,status,confidence
datasets/test/Leaf_Gall/Leaf_Gall00271.jpg,Leaf_Gall,Leaf_Gall,Correct,1.000000
datasets/train/Dry_Leaf/Dry_Leaf00063.jpg,Dry_Leaf,Dry_Leaf,Correct,1.000000
datasets/test/Bituminous_Leaf/Bituminous_Leaf00103.jpg,Bituminous_Leaf,Bituminous_Leaf,Correct,0.999995
datasets/test/Bituminous_Leaf/Bituminous_Leaf00102.jpg,Bituminous_Leaf,Bituminous_Leaf,Correct,0.999756
datasets/train/Anthrax_Leaf/Anthrax_Leaf00009.jpg,Anthrax_Leaf,Anthrax_Leaf,Correct,0.768504
datasets/test/Anthrax_Leaf/Anthrax_Leaf00106.jpg,Anthrax_Leaf,Anthrax_Leaf,Correct,0.999863
datasets/train/Felt_Leaf/Felt_Leaf00293.jpg,Felt_Leaf,Felt_Leaf,Correct,0.999972
datasets/test/Leaf_Gall/Leaf_Gall00544.jpg,Leaf_Gall,Leaf_Gall,Correct,1.000000
datasets/train/Healthy_Leaf/Healthy_Leaf00214.jpg,Healthy_Leaf,Healthy_Leaf,Correct,1.000000
datasets/test/Healthy_Leaf/Healthy_Leaf00079.jpg,Healthy_Leaf,Healthy_Leaf,Correct,1.000000
datasets/test/Fungal_Leaf_Spot/Fungal_Leaf_Spot00520.jpg,Fungal_Leaf_Spot,Fungal_Leaf_Spot,Correct,1.000000
datasets/train/Leaf_Blight/Leaf_Blight00130.jpg,Leaf_Blight,Leaf_Blight,Correct,1.000000
datasets/test/Leaf_Blight/Leaf_Blight00284.jpg,Leaf_Blight,Leaf_Blight,Correct,1.000000
datasets/train/Leaf_Gall/Leaf_Gall00303.jpg,Leaf_Gall,Leaf_Gall,Correct,0.999988
datasets/test/Healthy_Leaf/Healthy_Leaf00435.jpg,Healthy_Leaf,Healthy_Leaf,Correct,0.999921
datasets/train/Leaf_Blight/Leaf_Blight00124.jpg,Leaf_Blight,Leaf_Blight,Correct,1.000000
datasets/train/Leaf_Blight/Leaf_Blight00133.jpg,Leaf_Blight,Leaf_Blight,Correct,1.000000
datasets/test/Anthrax_Leaf/Anthrax_Leaf00085.jpg,Anthrax_Leaf,Anthrax_Leaf,Correct,1.000000
datasets/test/Leaf_Gall/Leaf_Gall00483.jpg,Leaf_Gall,Leaf_Gall,Correct,1.000000
datasets/test/Fungal_Leaf_Spot/Fungal_Leaf_Spot00445.jpg,Fungal_Leaf_Spot,Fungal_Leaf_Spot,Correct,0.999953
datasets/train/Dry_Leaf/Dry_Leaf00136.jpg,Dry_Leaf,Dry_Leaf,Correct,1.000000
datasets/test/Fungal_Leaf_Spot/Fungal_Leaf_Spot00409.jpg,Fungal_Leaf_Spot,Fungal_Leaf_Spot,Correct,1.000000
datasets/test/Fungal_Leaf_Spot/Fungal_Leaf_Spot00501.jpg,Fungal_Leaf_Spot,Fungal_Leaf_Spot,Correct,0.999999
datasets/test/Healthy_Leaf/Healthy_Leaf00008.jpg,Healthy_Leaf,Healthy_Leaf,Correct,0.999995
datasets/test/Felt_Leaf/Felt_Leaf00273.jpg,Felt_Leaf,Felt_Leaf,Correct,0.999992
datasets/test/Dry_Leaf/Dry_Leaf00025.jpg,Dry_Leaf,Dry_Leaf,Correct,1.000000
datasets/test/Leaf_Blight/Leaf_Blight00206.jpg,Leaf_Blight,Leaf_Blight,Correct,0.999999
datasets/test/Leaf_Blight/Leaf_Blight00446.jpg,Leaf_Blight,Leaf_Blight,Correct,0.999574
datasets/train/Healthy_Leaf/Healthy_Leaf00064.jpg,Healthy_Leaf,Healthy_Leaf,Correct,1.000000
datasets/train/Healthy_Leaf/Healthy_Leaf00546.jpg,Healthy_Leaf,Healthy_Leaf,Correct,1.000000
datasets/train/Healthy_Leaf/Healthy_Leaf00543.jpg,Healthy_Leaf,Healthy_Leaf,Correct,0.999998
datasets/train/Healthy_Leaf/Healthy_Leaf00267.jpg,Healthy_Leaf,Healthy_Leaf,Correct,0.999997
datasets/test/Leaf_Gall/Leaf_Gall00178.jpg,Leaf_Gall,Leaf_Gall,Correct,0.999986
datasets/test/Fungal_Leaf_Spot/Fungal_Leaf_Spot00478.jpg,Fungal_Leaf_Spot,Fungal_Leaf_Spot,Correct,0.999865
datasets/train/Leaf_Gall/Leaf_Gall00364.jpg,Leaf_Gall,Leaf_Gall,Correct,0.994967
datasets/test/Fungal_Leaf_Spot/Fungal_Leaf_Spot00323.jpg,Fungal_Leaf_Spot,Fungal_Leaf_Spot,Correct,1.000000
datasets/test/Fungal_Leaf_Spot/Fungal_Leaf_Spot00289.jpg,Fungal_Leaf_Spot,Fungal_Leaf_Spot,Correct,0.999943
datasets/train/Healthy_Leaf/Healthy_Leaf00197.jpg,Healthy_Leaf,Healthy_Leaf,Correct,0.999998
datasets/test/Leaf_Blight/Leaf_Blight00299.jpg,Leaf_Blight,Leaf_Blight,Correct,1.000000
datasets/train/Curl_Leaf/Curl_Leaf00038.jpg,Curl_Leaf,Curl_Leaf,Correct,0.999997
datasets/test/Fungal_Leaf_Spot/Fungal_Leaf_Spot00567.jpg,Fungal_Leaf_Spot,Fungal_Leaf_Spot,Correct,0.999946
datasets/train/Curl_Leaf/Curl_Leaf00067.jpg,Curl_Leaf,Curl_Leaf,Correct,1.000000
datasets/test/Deficiency_Leaf/Deficiency_Leaf00073.jpg,Deficiency_Leaf,Leaf_Gall,Incorrect,0.529878
datasets/test/Fungal_Leaf_Spot/Fungal_Leaf_Spot00337.jpg,Fungal_Leaf_Spot,Fungal_Leaf_Spot,Correct,1.000000
datasets/test/Bituminous_Leaf/Bituminous_Leaf00132.jpg,Bituminous_Leaf,Bituminous_Leaf,Correct,1.000000
datasets/test/Healthy_Leaf/Healthy_Leaf00357.jpg,Healthy_Leaf,Healthy_Leaf,Correct,0.999999
datasets/test/Dry_Leaf/Dry_Leaf00060.jpg,Dry_Leaf,Dry_Leaf,Correct,1.000000
datasets/test/Felt_Leaf/Felt_Leaf00190.jpg,Felt_Leaf,Felt_Leaf,Correct,0.999853
datasets/test/Fungal_Leaf_Spot/Fungal_Leaf_Spot00571.jpg,Fungal_Leaf_Spot,Fungal_Leaf_Spot,Correct,0.998943
datasets/test/Bituminous_Leaf/Bituminous_Leaf00025.jpg,Bituminous_Leaf,Bituminous_Leaf,Correct,0.999998
datasets/train/Fungal_Leaf_Spot/Fungal_Leaf_Spot00255.jpg,Fungal_Leaf_Spot,Fungal_Leaf_Spot,Correct,1.000000
datasets/train/Leaf_Blight/Leaf_Blight00251.jpg,Leaf_Blight,Leaf_Blight,Correct,0.999994
datasets/test/Leaf_Blight/Leaf_Blight00018.jpg,Leaf_Blight,Leaf_Blight,Correct,1.000000
datasets/test/Healthy_Leaf/Healthy_Leaf00606.jpg,Healthy_Leaf,Healthy_Leaf,Correct,0.999987
datasets/test/Felt_Leaf/Felt_Leaf00022.jpg,Felt_Leaf,Felt_Leaf,Correct,0.999907
datasets/test/Felt_Leaf/Felt_Leaf00160.jpg,Felt_Leaf,Felt_Leaf,Correct,0.999486
datasets/test/Felt_Leaf/Felt_Leaf00327.jpg,Felt_Leaf,Felt_Leaf,Correct,0.999998
datasets/test/Curl_Leaf/Curl_Leaf00012.jpg,Curl_Leaf,Curl_Leaf,Correct,1.000000
datasets/test/Leaf_Blight/Leaf_Blight00296.jpg,Leaf_Blight,Leaf_Blight,Correct,1.000000
datasets/test/Healthy_Leaf/Healthy_Leaf00271.jpg,Healthy_Leaf,Healthy_Leaf,Correct,0.999999
datasets/test/Felt_Leaf/Felt_Leaf00227.jpg,Felt_Leaf,Felt_Leaf,Correct,0.999707
datasets/test/Dry_Leaf/Dry_Leaf00322.jpg,Dry_Leaf,Dry_Leaf,Correct,1.000000
datasets/test/Fungal_Leaf_Spot/Fungal_Leaf_Spot00315.jpg,Fungal_Leaf_Spot,Fungal_Leaf_Spot,Correct,1.000000
datasets/test/Healthy_Leaf/Healthy_Leaf00339.jpg,Healthy_Leaf,Healthy_Leaf,Correct,0.999999
datasets/test/Bituminous_Leaf/Bituminous_Leaf00116.jpg,Bituminous_Leaf,Bituminous_Leaf,Correct,1.000000
datasets/test/Deficiency_Leaf/Deficiency_Leaf00088.jpg,Deficiency_Leaf,Deficiency_Leaf,Correct,0.999961
datasets/test/Felt_Leaf/Felt_Leaf00005.jpg,Felt_Leaf,Felt_Leaf,Correct,0.999981
datasets/test/Healthy_Leaf/Healthy_Leaf00600.jpg,Healthy_Leaf,Healthy_Leaf,Correct,1.000000
datasets/test/Deficiency_Leaf/Deficiency_Leaf00010.jpg,Deficiency_Leaf,Deficiency_Leaf,Correct,0.999990
datasets/train/Deficiency_Leaf/Deficiency_Leaf00012.jpg,Deficiency_Leaf,Deficiency_Leaf,Correct,0.999891
datasets/train/Anthrax_Leaf/Anthrax_Leaf00084.jpg,Anthrax_Leaf,Anthrax_Leaf,Correct,0.999991
datasets/train/Dry_Leaf/Dry_Leaf00262.jpg,Dry_Leaf,Dry_Leaf,Correct,0.999517
datasets/test/Leaf_Blight/Leaf_Blight00286.jpg,Leaf_Blight,Leaf_Blight,Correct,1.000000
datasets/train/Anthrax_Leaf/Anthrax_Leaf00042.jpg,Anthrax_Leaf,Anthrax_Leaf,Correct,0.999994
datasets/train/Fungal_Leaf_Spot/Fungal_Leaf_Spot00273.jpg,Fungal_Leaf_Spot,Fungal_Leaf_Spot,Correct,1.000000
datasets/test/Healthy_Leaf/Healthy_Leaf00128.jpg,Healthy_Leaf,Healthy_Leaf,Correct,0.999979
datasets/test/Fungal_Leaf_Spot/Fungal_Leaf_Spot00319.jpg,Fungal_Leaf_Spot,Fungal_Leaf_Spot,Correct,1.000000
datasets/test/Anthrax_Leaf/Anthrax_Leaf00012.jpg,Anthrax_Leaf,Anthrax_Leaf,Correct,0.999997
datasets/test/Leaf_Blight/Leaf_Blight00239.jpg,Leaf_Blight,Leaf_Blight,Correct,0.999997
datasets/test/Felt_Leaf/Felt_Leaf00266.jpg,Felt_Leaf,Felt_Leaf,Correct,0.997603
datasets/train/Fungal_Leaf_Spot/Fungal_Leaf_Spot00340.jpg,Fungal_Leaf_Spot,Fungal_Leaf_Spot,Correct,0.999875
datasets/test/Dry_Leaf/Dry_Leaf00270.jpg,Dry_Leaf,Dry_Leaf,Correct,1.000000
datasets/test/Leaf_Gall/Leaf_Gall00139.jpg,Leaf_Gall,Leaf_Gall,Correct,0.999327
datasets/test/Fungal_Leaf_Spot/Fungal_Leaf_Spot00054.jpg,Fungal_Leaf_Spot,Fungal_Leaf_Spot,Correct,1.000000
datasets/train/Healthy_Leaf/Healthy_Leaf00061.jpg,Healthy_Leaf,Healthy_Leaf,Correct,1.000000
datasets/train/Healthy_Leaf/Healthy_Leaf00303.jpg,Healthy_Leaf,Healthy_Leaf,Correct,1.000000
datasets/test/Leaf_Gall/Leaf_Gall00449.jpg,Leaf_Gall,Leaf_Gall,Correct,0.999999
datasets/train/Leaf_Blight/Leaf_Blight00513.jpg,Leaf_Blight,Leaf_Blight,Correct,0.999999
datasets/test/Leaf_Gall/Leaf_Gall00247.jpg,Leaf_Gall,Leaf_Gall,Correct,1.000000
datasets/train/Fungal_Leaf_Spot/Fungal_Leaf_Spot00071.jpg,Fungal_Leaf_Spot,Fungal_Leaf_Spot,Correct,1.000000
datasets/test/Bituminous_Leaf/Bituminous_Leaf00026.jpg,Bituminous_Leaf,Bituminous_Leaf,Correct,0.993364
datasets/train/Fungal_Leaf_Spot/Fungal_Leaf_Spot00259.jpg,Fungal_Leaf_Spot,Fungal_Leaf_Spot,Correct,1.000000
datasets/test/Healthy_Leaf/Healthy_Leaf00017.jpg,Healthy_Leaf,Healthy_Leaf,Correct,0.999453
datasets/test/Felt_Leaf/Felt_Leaf00037.jpg,Felt_Leaf,Felt_Leaf,Correct,0.999992
datasets/test/Leaf_Blight/Leaf_Blight00234.jpg,Leaf_Blight,Leaf_Blight,Correct,0.999994
datasets/train/Anthrax_Leaf/Anthrax_Leaf00044.jpg,Anthrax_Leaf,Anthrax_Leaf,Correct,1.000000
datasets/test/Healthy_Leaf/Healthy_Leaf00180.jpg,Healthy_Leaf,Healthy_Leaf,Correct,1.000000
datasets/test/Deficiency_Leaf/Deficiency_Leaf00045.jpg,Deficiency_Leaf,Bituminous_Leaf,Incorrect,0.989674
datasets/test/Leaf_Blight/Leaf_Blight00096.jpg,Leaf_Blight,Leaf_Blight,Correct,1.000000
datasets/test/Dry_Leaf/Dry_Leaf00310.jpg,Dry_Leaf,Dry_Leaf,Correct,1.000000
datasets/test/Dry_Leaf/Dry_Leaf00146.jpg,Dry_Leaf,Dry_Leaf,Correct,1.000000
datasets/test/Fungal_Leaf_Spot/Fungal_Leaf_Spot00119.jpg,Fungal_Leaf_Spot,Fungal_Leaf_Spot,Correct,0.999993
datasets/test/Healthy_Leaf/Healthy_Leaf00542.jpg,Healthy_Leaf,Healthy_Leaf,Correct,0.999966
datasets/train/Deficiency_Leaf/Deficiency_Leaf00103.jpg,Deficiency_Leaf,Deficiency_Leaf,Correct,0.999601
datasets/train/Dry_Leaf/Dry_Leaf00309.jpg,Dry_Leaf,Dry_Leaf,Correct,1.000000
datasets/test/Leaf_Gall/Leaf_Gall00363.jpg,Leaf_Gall,Leaf_Gall,Correct,0.999996
datasets/train/Dry_Leaf/Dry_Leaf00097.jpg,Dry_Leaf,Dry_Leaf,Correct,0.999987
datasets/test/Leaf_Blight/Leaf_Blight00519.jpg,Leaf_Blight,Leaf_Blight,Correct,0.999999
datasets/train/Anthrax_Leaf/Anthrax_Leaf00096.jpg,Anthrax_Leaf,Anthrax_Leaf,Correct,1.000000
datasets/train/Leaf_Gall/Leaf_Gall00563.jpg,Leaf_Gall,Leaf_Gall,Correct,0.996346
datasets/train/Leaf_Blight/Leaf_Blight00001.jpg,Leaf_Blight,Leaf_Blight,Correct,1.000000
datasets/test/Fungal_Leaf_Spot/Fungal_Leaf_Spot00156.jpg,Fungal_Leaf_Spot,Fungal_Leaf_Spot,Correct,0.999999
datasets/train/Fungal_Leaf_Spot/Fungal_Leaf_Spot00322.jpg,Fungal_Leaf_Spot,Fungal_Leaf_Spot,Correct,1.000000
datasets/test/Leaf_Blight/Leaf_Blight00582.jpg,Leaf_Blight,Leaf_Blight,Correct,0.999731
datasets/test/Leaf_Blight/Leaf_Blight00431.jpg,Leaf_Blight,Leaf_Blight,Correct,0.999999
datasets/test/Healthy_Leaf/Healthy_Leaf00020.jpg,Healthy_Leaf,Healthy_Leaf,Correct,0.999983
datasets/test/Healthy_Leaf/Healthy_Leaf00266.jpg,Healthy_Leaf,Healthy_Leaf,Correct,0.998671
datasets/test/Healthy_Leaf/Healthy_Leaf00029.jpg,Healthy_Leaf,Healthy_Leaf,Correct,1.000000
datasets/test/Healthy_Leaf/Healthy_Leaf00529.jpg,Healthy_Leaf,Healthy_Leaf,Correct,0.996707
datasets/test/Leaf_Gall/Leaf_Gall00122.jpg,Leaf_Gall,Leaf_Gall,Correct,0.999976
datasets/test/Curl_Leaf/Curl_Leaf00086.jpg,Curl_Leaf,Curl_Leaf,Correct,0.999979
datasets/test/Healthy_Leaf/Healthy_Leaf00372.jpg,Healthy_Leaf,Healthy_Leaf,Correct,0.999999
datasets/test/Fungal_Leaf_Spot/Fungal_Leaf_Spot00127.jpg,Fungal_Leaf_Spot,Fungal_Leaf_Spot,Correct,0.999894
datasets/train/Dry_Leaf/Dry_Leaf00170.jpg,Dry_Leaf,Dry_Leaf,Correct,0.999999
datasets/test/Fungal_Leaf_Spot/Fungal_Leaf_Spot00120.jpg,Fungal_Leaf_Spot,Fungal_Leaf_Spot,Correct,0.941057
datasets/test/Healthy_Leaf/Healthy_Leaf00326.jpg,Healthy_Leaf,Healthy_Leaf,Correct,1.000000
datasets/train/Leaf_Blight/Leaf_Blight00244.jpg,Leaf_Blight,Leaf_Blight,Correct,0.999822
datasets/test/Deficiency_Leaf/Deficiency_Leaf00037.jpg,Deficiency_Leaf,Curl_Leaf,Incorrect,0.682741
datasets/train/Bituminous_Leaf/Bituminous_Leaf00129.jpg,Bituminous_Leaf,Bituminous_Leaf,Correct,0.999702
datasets/test/Leaf_Blight/Leaf_Blight00416.jpg,Leaf_Blight,Leaf_Blight,Correct,0.999089
datasets/test/Healthy_Leaf/Healthy_Leaf00030.jpg,Healthy_Leaf,Healthy_Leaf,Correct,1.000000
datasets/test/Leaf_Blight/Leaf_Blight00444.jpg,Leaf_Blight,Leaf_Blight,Correct,1.000000
datasets/test/Fungal_Leaf_Spot/Fungal_Leaf_Spot00494.jpg,Fungal_Leaf_Spot,Fungal_Leaf_Spot,Correct,1.000000
datasets/test/Dry_Leaf/Dry_Leaf00235.jpg,Dry_Leaf,Dry_Leaf,Correct,0.999980
datasets/train/Leaf_Gall/Leaf_Gall00498.jpg,Leaf_Gall,Leaf_Gall,Correct,1.000000
datasets/test/Leaf_Gall/Leaf_Gall00297.jpg,Leaf_Gall,Leaf_Gall,Correct,1.000000
datasets/test/Leaf_Gall/Leaf_Gall00354.jpg,Leaf_Gall,Leaf_Gall,Correct,0.999992
datasets/train/Felt_Leaf/Felt_Leaf00220.jpg,Felt_Leaf,Felt_Leaf,Correct,0.999994
datasets/train/Dry_Leaf/Dry_Leaf00052.jpg,Dry_Leaf,Dry_Leaf,Correct,1.000000
datasets/test/Fungal_Leaf_Spot/Fungal_Leaf_Spot00327.jpg,Fungal_Leaf_Spot,Fungal_Leaf_Spot,Correct,1.000000
datasets/test/Dry_Leaf/Dry_Leaf00372.jpg,Dry_Leaf,Dry_Leaf,Correct,0.999997
datasets/test/Leaf_Gall/Leaf_Gall00372.jpg,Leaf_Gall,Leaf_Gall,Correct,1.000000
datasets/train/Fungal_Leaf_Spot/Fungal_Leaf_Spot00061.jpg,Fungal_Leaf_Spot,Fungal_Leaf_Spot,Correct,1.000000
datasets/train/Anthrax_Leaf/Anthrax_Leaf00076.jpg,Anthrax_Leaf,Anthrax_Leaf,Correct,1.000000
datasets/train/Leaf_Gall/Leaf_Gall00094.jpg,Leaf_Gall,Leaf_Gall,Correct,0.999998
datasets/test/Leaf_Gall/Leaf_Gall00488.jpg,Leaf_Gall,Leaf_Gall,Correct,1.000000
datasets/test/Bituminous_Leaf/Bituminous_Leaf00123.jpg,Bituminous_Leaf,Bituminous_Leaf,Correct,1.000000
datasets/train/Leaf_Blight/Leaf_Blight00584.jpg,Leaf_Blight,Leaf_Blight,Correct,0.991341
datasets/test/Healthy_Leaf/Healthy_Leaf00227.jpg,Healthy_Leaf,Healthy_Leaf,Correct,1.000000
datasets/test/Leaf_Gall/Leaf_Gall00375.jpg,Leaf_Gall,Leaf_Gall,Correct,0.999986
datasets/test/Leaf_Blight/Leaf_Blight00554.jpg,Leaf_Blight,Leaf_Blight,Correct,1.000000
datasets/test/Fungal_Leaf_Spot/Fungal_Leaf_Spot00482.jpg,Fungal_Leaf_Spot,Fungal_Leaf_Spot,Correct,1.000000
datasets/train/Healthy_Leaf/Healthy_Leaf00261.jpg,Healthy_Leaf,Healthy_Leaf,Correct,0.999498
datasets/train/Leaf_Gall/Leaf_Gall00417.jpg,Leaf_Gall,Leaf_Gall,Correct,0.999398
datasets/train/Curl_Leaf/Curl_Leaf00160.jpg,Curl_Leaf,Curl_Leaf,Correct,1.000000
datasets/train/Fungal_Leaf_Spot/Fungal_Leaf_Spot00519.jpg,Fungal_Leaf_Spot,Fungal_Leaf_Spot,Correct,1.000000
datasets/test/Fungal_Leaf_Spot/Fungal_Leaf_Spot00395.jpg,Fungal_Leaf_Spot,Fungal_Leaf_Spot,Correct,1.000000
datasets/test/Leaf_Blight/Leaf_Blight00445.jpg,Leaf_Blight,Leaf_Blight,Correct,0.999986
datasets/train/Anthrax_Leaf/Anthrax_Leaf00043.jpg,Anthrax_Leaf,Anthrax_Leaf,Correct,1.000000
datasets/test/Healthy_Leaf/Healthy_Leaf00394.jpg,Healthy_Leaf,Healthy_Leaf,Correct,1.000000
datasets/test/Leaf_Gall/Leaf_Gall00467.jpg,Leaf_Gall,Leaf_Gall,Correct,0.999999
datasets/train/Healthy_Leaf/Healthy_Leaf00508.jpg,Healthy_Leaf,Healthy_Leaf,Correct,0.999999
datasets/train/Fungal_Leaf_Spot/Fungal_Leaf_Spot00099.jpg,Fungal_Leaf_Spot,Fungal_Leaf_Spot,Correct,1.000000
datasets/test/Leaf_Gall/Leaf_Gall00275.jpg,Leaf_Gall,Leaf_Gall,Correct,0.999121
datasets/test/Dry_Leaf/Dry_Leaf00239.jpg,Dry_Leaf,Dry_Leaf,Correct,1.000000
datasets/train/Leaf_Blight/Leaf_Blight00178.jpg,Leaf_Blight,Leaf_Blight,Correct,0.999808
datasets/train/Felt_Leaf/Felt_Leaf00211.jpg,Felt_Leaf,Felt_Leaf,Correct,0.999999
datasets/test/Leaf_Blight/Leaf_Blight00030.jpg,Leaf_Blight,Leaf_Blight,Correct,1.000000
datasets/test/Leaf_Blight/Leaf_Blight00102.jpg,Leaf_Blight,Leaf_Blight,Correct,0.943445
datasets/train/Leaf_Blight/Leaf_Blight00345.jpg,Leaf_Blight,Leaf_Blight,Correct,1.000000
datasets/train/Curl_Leaf/Curl_Leaf00144.jpg,Curl_Leaf,Curl_Leaf,Correct,1.000000
datasets/test/Healthy_Leaf/Healthy_Leaf00566.jpg,Healthy_Leaf,Healthy_Leaf,Correct,1.000000
datasets/test/Leaf_Gall/Leaf_Gall00576.jpg,Leaf_Gall,Leaf_Gall,Correct,0.999942
datasets/test/Healthy_Leaf/Healthy_Leaf00113.jpg,Healthy_Leaf,Healthy_Leaf,Correct,1.000000
datasets/train/Healthy_Leaf/Healthy_Leaf00052.jpg,Healthy_Leaf,Healthy_Leaf,Correct,1.000000
datasets/test/Healthy_Leaf/Healthy_Leaf00315.jpg,Healthy_Leaf,Healthy_Leaf,Correct,0.999998
datasets/train/Anthrax_Leaf/Anthrax_Leaf00081.jpg,Anthrax_Leaf,Anthrax_Leaf,Correct,1.000000
datasets/train/Bituminous_Leaf/Bituminous_Leaf00037.jpg,Bituminous_Leaf,Curl_Leaf,Incorrect,0.922794
datasets/test/Leaf_Blight/Leaf_Blight00194.jpg,Leaf_Blight,Leaf_Blight,Correct,0.999530
datasets/train/Healthy_Leaf/Healthy_Leaf00155.jpg,Healthy_Leaf,Healthy_Leaf,Correct,0.999996
datasets/train/Fungal_Leaf_Spot/Fungal_Leaf_Spot00171.jpg,Fungal_Leaf_Spot,Fungal_Leaf_Spot,Correct,0.999998
datasets/test/Leaf_Gall/Leaf_Gall00615.jpg,Leaf_Gall,Leaf_Gall,Correct,0.999995
datasets/test/Felt_Leaf/Felt_Leaf00320.jpg,Felt_Leaf,Felt_Leaf,Correct,0.999954
datasets/train/Leaf_Blight/Leaf_Blight00016.jpg,Leaf_Blight,Leaf_Blight,Correct,0.999998
datasets/test/Healthy_Leaf/Healthy_Leaf00562.jpg,Healthy_Leaf,Healthy_Leaf,Correct,0.999998
datasets/train/Dry_Leaf/Dry_Leaf00366.jpg,Dry_Leaf,Dry_Leaf,Correct,1.000000
datasets/test/Leaf_Blight/Leaf_Blight00479.jpg,Leaf_Blight,Leaf_Blight,Correct,1.000000
datasets/test/Healthy_Leaf/Healthy_Leaf00392.jpg,Healthy_Leaf,Healthy_Leaf,Correct,1.000000
datasets/train/Felt_Leaf/Felt_Leaf00258.jpg,Felt_Leaf,Felt_Leaf,Correct,0.999998
datasets/test/Dry_Leaf/Dry_Leaf00291.jpg,Dry_Leaf,Dry_Leaf,Correct,1.000000
datasets/test/Leaf_Gall/Leaf_Gall00329.jpg,Leaf_Gall,Leaf_Gall,Correct,0.993596
datasets/test/Anthrax_Leaf/Anthrax_Leaf00048.jpg,Anthrax_Leaf,Anthrax_Leaf,Correct,1.000000
datasets/test/Felt_Leaf/Felt_Leaf00334.jpg,Felt_Leaf,Felt_Leaf,Correct,0.999981
datasets/test/Leaf_Gall/Leaf_Gall00617.jpg,Leaf_Gall,Leaf_Gall,Correct,0.999797
datasets/train/Fungal_Leaf_Spot/Fungal_Leaf_Spot00219.jpg,Fungal_Leaf_Spot,Fungal_Leaf_Spot,Correct,1.000000
datasets/test/Felt_Leaf/Felt_Leaf00199.jpg,Felt_Leaf,Felt_Leaf,Correct,0.999977
datasets/test/Leaf_Gall/Leaf_Gall00031.jpg,Leaf_Gall,Leaf_Gall,Correct,0.999580
datasets/test/Leaf_Blight/Leaf_Blight00032.jpg,Leaf_Blight,Leaf_Blight,Correct,1.000000
datasets/train/Fungal_Leaf_Spot/Fungal_Leaf_Spot00572.jpg,Fungal_Leaf_Spot,Fungal_Leaf_Spot,Correct,0.997035
datasets/train/Curl_Leaf/Curl_Leaf00125.jpg,Curl_Leaf,Curl_Leaf,Correct,1.000000
datasets/train/Healthy_Leaf/Healthy_Leaf00269.jpg,Healthy_Leaf,Healthy_Leaf,Correct,0.998193
datasets/train/Leaf_Gall/Leaf_Gall00599.jpg,Leaf_Gall,Leaf_Gall,Correct,1.000000
datasets/test/Healthy_Leaf/Healthy_Leaf00096.jpg,Healthy_Leaf,Healthy_Leaf,Correct,0.999996
datasets/test/Bituminous_Leaf/Bituminous_Leaf00001.jpg,Bituminous_Leaf,Bituminous_Leaf,Correct,0.999983
datasets/test/Fungal_Leaf_Spot/Fungal_Leaf_Spot00328.jpg,Fungal_Leaf_Spot,Fungal_Leaf_Spot,Correct,1.000000
datasets/test/Leaf_Blight/Leaf_Blight00450.jpg,Leaf_Blight,Leaf_Blight,Correct,1.000000
datasets/train/Healthy_Leaf/Healthy_Leaf00293.jpg,Healthy_Leaf,Healthy_Leaf,Correct,1.000000
datasets/train/Leaf_Gall/Leaf_Gall00337.jpg,Leaf_Gall,Leaf_Gall,Correct,0.995615
datasets/train/Felt_Leaf/Felt_Leaf00371.jpg,Felt_Leaf,Felt_Leaf,Correct,0.929325
datasets/train/Healthy_Leaf/Healthy_Leaf00047.jpg,Healthy_Leaf,Healthy_Leaf,Correct,1.000000
datasets/train/Healthy_Leaf/Healthy_Leaf00203.jpg,Healthy_Leaf,Healthy_Leaf,Correct,1.000000
datasets/train/Dry_Leaf/Dry_Leaf00188.jpg,Dry_Leaf,Dry_Leaf,Correct,1.000000
datasets/test/Leaf_Blight/Leaf_Blight00590.jpg,Leaf_Blight,Leaf_Blight,Correct,0.999962
datasets/train/Leaf_Gall/Leaf_Gall00092.jpg,Leaf_Gall,Leaf_Gall,Correct,1.000000
datasets/test/Dry_Leaf/Dry_Leaf00230.jpg,Dry_Leaf,Dry_Leaf,Correct,1.000000
datasets/train/Fungal_Leaf_Spot/Fungal_Leaf_Spot00440.jpg,Fungal_Leaf_Spot,Fungal_Leaf_Spot,Correct,0.999961
datasets/train/Felt_Leaf/Felt_Leaf00087.jpg,Felt_Leaf,Felt_Leaf,Correct,0.998173
datasets/test/Healthy_Leaf/Healthy_Leaf00520.jpg,Healthy_Leaf,Healthy_Leaf,Correct,0.996234
datasets/test/Leaf_Blight/Leaf_Blight00563.jpg,Leaf_Blight,Leaf_Blight,Correct,1.000000
datasets/train/Bituminous_Leaf/Bituminous_Leaf00083.jpg,Bituminous_Leaf,Bituminous_Leaf,Correct,0.997585
datasets/test/Fungal_Leaf_Spot/Fungal_Leaf_Spot00505.jpg,Fungal_Leaf_Spot,Fungal_Leaf_Spot,Correct,1.000000
datasets/train/Leaf_Gall/Leaf_Gall00362.jpg,Leaf_Gall,Leaf_Gall,Correct,0.999716
datasets/test/Felt_Leaf/Felt_Leaf00129.jpg,Felt_Leaf,Felt_Leaf,Correct,1.000000
datasets/train/Curl_Leaf/Curl_Leaf00043.jpg,Curl_Leaf,Curl_Leaf,Correct,0.999263
datasets/test/Felt_Leaf/Felt_Leaf00359.jpg,Felt_Leaf,Felt_Leaf,Correct,0.999188
datasets/test/Leaf_Gall/Leaf_Gall00418.jpg,Leaf_Gall,Leaf_Gall,Correct,0.916530
datasets/train/Leaf_Blight/Leaf_Blight00591.jpg,Leaf_Blight,Leaf_Blight,Correct,0.999993
datasets/train/Leaf_Gall/Leaf_Gall00180.jpg,Leaf_Gall,Leaf_Gall,Correct,0.999999
datasets/train/Fungal_Leaf_Spot/Fungal_Leaf_Spot00550.jpg,Fungal_Leaf_Spot,Fungal_Leaf_Spot,Correct,1.000000
datasets/train/Leaf_Gall/Leaf_Gall00536.jpg,Leaf_Gall,Leaf_Gall,Correct,0.999961
datasets/test/Leaf_Blight/Leaf_Blight00358.jpg,Leaf_Blight,Leaf_Blight,Correct,1.000000
datasets/train/Anthrax_Leaf/Anthrax_Leaf00036.jpg,Anthrax_Leaf,Anthrax_Leaf,Correct,1.000000
datasets/test/Leaf_Gall/Leaf_Gall00442.jpg,Leaf_Gall,Leaf_Gall,Correct,0.997526
datasets/test/Leaf_Blight/Leaf_Blight00578.jpg,Leaf_Blight,Leaf_Blight,Correct,0.920147
datasets/train/Felt_Leaf/Felt_Leaf00054.jpg,Felt_Leaf,Felt_Leaf,Correct,0.999962
datasets/train/Leaf_Blight/Leaf_Blight00181.jpg,Leaf_Blight,Leaf_Blight,Correct,0.958683
datasets/train/Healthy_Leaf/Healthy_Leaf00551.jpg,Healthy_Leaf,Healthy_Leaf,Correct,1.000000
datasets/train/Fungal_Leaf_Spot/Fungal_Leaf_Spot00022.jpg,Fungal_Leaf_Spot,Fungal_Leaf_Spot,Correct,0.999911
datasets/test/Dry_Leaf/Dry_Leaf00191.jpg,Dry_Leaf,Dry_Leaf,Correct,1.000000
datasets/test/Dry_Leaf/Dry_Leaf00040.jpg,Dry_Leaf,Dry_Leaf,Correct,1.000000
datasets/train/Felt_Leaf/Felt_Leaf00278.jpg,Felt_Leaf,Felt_Leaf,Correct,0.938758
datasets/test/Leaf_Blight/Leaf_Blight00221.jpg,Leaf_Blight,Leaf_Blight,Correct,1.000000
datasets/test/Leaf_Gall/Leaf_Gall00251.jpg,Leaf_Gall,Leaf_Gall,Correct,1.000000
datasets/train/Dry_Leaf/Dry_Leaf00377.jpg,Dry_Leaf,Dry_Leaf,Correct,1.000000
datasets/test/Anthrax_Leaf/Anthrax_Leaf00024.jpg,Anthrax_Leaf,Anthrax_Leaf,Correct,1.000000
datasets/train/Healthy_Leaf/Healthy_Leaf00353.jpg,Healthy_Leaf,Healthy_Leaf,Correct,1.000000
datasets/test/Leaf_Gall/Leaf_Gall00266.jpg,Leaf_Gall,Leaf_Gall,Correct,1.000000
datasets/test/Leaf_Gall/Leaf_Gall00074.jpg,Leaf_Gall,Leaf_Gall,Correct,0.988551
datasets/train/Leaf_Gall/Leaf_Gall00103.jpg,Leaf_Gall,Leaf_Gall,Correct,0.999992
datasets/test/Leaf_Gall/Leaf_Gall00603.jpg,Leaf_Gall,Leaf_Gall,Correct,1.000000
datasets/test/Bituminous_Leaf/Bituminous_Leaf00093.jpg,Bituminous_Leaf,Bituminous_Leaf,Correct,0.999995
datasets/test/Healthy_Leaf/Healthy_Leaf00589.jpg,Healthy_Leaf,Healthy_Leaf,Correct,1.000000
datasets/test/Deficiency_Leaf/Deficiency_Leaf00075.jpg,Deficiency_Leaf,Deficiency_Leaf,Correct,0.998693
datasets/train/Leaf_Gall/Leaf_Gall00556.jpg,Leaf_Gall,Leaf_Gall,Correct,0.999484
datasets/train/Deficiency_Leaf/Deficiency_Leaf00052.jpg,Deficiency_Leaf,Deficiency_Leaf,Correct,0.999196
datasets/test/Leaf_Blight/Leaf_Blight00434.jpg,Leaf_Blight,Leaf_Blight,Correct,1.000000
datasets/train/Fungal_Leaf_Spot/Fungal_Leaf_Spot00080.jpg,Fungal_Leaf_Spot,Fungal_Leaf_Spot,Correct,1.000000
datasets/train/Dry_Leaf/Dry_Leaf00303.jpg,Dry_Leaf,Dry_Leaf,Correct,1.000000
datasets/test/Leaf_Blight/Leaf_Blight00496.jpg,Leaf_Blight,Leaf_Blight,Correct,1.000000
datasets/test/Fungal_Leaf_Spot/Fungal_Leaf_Spot00181.jpg,Fungal_Leaf_Spot,Fungal_Leaf_Spot,Correct,0.999991
datasets/test/Leaf_Blight/Leaf_Blight00084.jpg,Leaf_Blight,Leaf_Blight,Correct,0.998577
datasets/test/Healthy_Leaf/Healthy_Leaf00436.jpg,Healthy_Leaf,Healthy_Leaf,Correct,0.999999
datasets/test/Curl_Leaf/Curl_Leaf00088.jpg,Curl_Leaf,Curl_Leaf,Correct,1.000000
datasets/test/Fungal_Leaf_Spot/Fungal_Leaf_Spot00112.jpg,Fungal_Leaf_Spot,Fungal_Leaf_Spot,Correct,1.000000
datasets/test/Felt_Leaf/Felt_Leaf00329.jpg,Felt_Leaf,Felt_Leaf,Correct,0.998355
datasets/test/Fungal_Leaf_Spot/Fungal_Leaf_Spot00044.jpg,Fungal_Leaf_Spot,Fungal_Leaf_Spot,Correct,1.000000
datasets/train/Fungal_Leaf_Spot/Fungal_Leaf_Spot00435.jpg,Fungal_Leaf_Spot,Fungal_Leaf_Spot,Correct,1.000000
datasets/test/Healthy_Leaf/Healthy_Leaf00117.jpg,Healthy_Leaf,Healthy_Leaf,Correct,1.000000
datasets/test/Leaf_Blight/Leaf_Blight00270.jpg,Leaf_Blight,Leaf_Blight,Correct,1.000000
datasets/train/Leaf_Blight/Leaf_Blight00391.jpg,Leaf_Blight,Leaf_Blight,Correct,0.999981
datasets/test/Leaf_Gall/Leaf_Gall00310.jpg,Leaf_Gall,Leaf_Gall,Correct,1.000000
datasets/test/Fungal_Leaf_Spot/Fungal_Leaf_Spot00115.jpg,Fungal_Leaf_Spot,Fungal_Leaf_Spot,Correct,0.999758
datasets/test/Leaf_Gall/Leaf_Gall00479.jpg,Leaf_Gall,Leaf_Gall,Correct,0.999980
datasets/test/Felt_Leaf/Felt_Leaf00309.jpg,Felt_Leaf,Felt_Leaf,Correct,1.000000
datasets/test/Healthy_Leaf/Healthy_Leaf00156.jpg,Healthy_Leaf,Healthy_Leaf,Correct,0.999943
datasets/test/Deficiency_Leaf/Deficiency_Leaf00046.jpg,Deficiency_Leaf,Deficiency_Leaf,Correct,0.991179
datasets/test/Curl_Leaf/Curl_Leaf00074.jpg,Curl_Leaf,Curl_Leaf,Correct,0.999760
datasets/test/Leaf_Blight/Leaf_Blight00509.jpg,Leaf_Blight,Leaf_Blight,Correct,1.000000
datasets/test/Curl_Leaf/Curl_Leaf00060.jpg,Curl_Leaf,Curl_Leaf,Correct,0.990767
datasets/train/Fungal_Leaf_Spot/Fungal_Leaf_Spot00414.jpg,Fungal_Leaf_Spot,Fungal_Leaf_Spot,Correct,1.000000
datasets/test/Leaf_Blight/Leaf_Blight00169.jpg,Leaf_Blight,Leaf_Blight,Correct,0.999999
datasets/test/Anthrax_Leaf/Anthrax_Leaf00118.jpg,Anthrax_Leaf,Anthrax_Leaf,Correct,1.000000
datasets/test/Leaf_Blight/Leaf_Blight00231.jpg,Leaf_Blight,Leaf_Blight,Correct,0.999599
datasets/test/Leaf_Gall/Leaf_Gall00259.jpg,Leaf_Gall,Leaf_Gall,Correct,0.999999
datasets/train/Leaf_Gall/Leaf_Gall00034.jpg,Leaf_Gall,Leaf_Gall,Correct,1.000000
datasets/train/Felt_Leaf/Felt_Leaf00382.jpg,Felt_Leaf,Felt_Leaf,Correct,0.982720
datasets/test/Leaf_Gall/Leaf_Gall00308.jpg,Leaf_Gall,Leaf_Gall,Correct,0.999997
datasets/train/Fungal_Leaf_Spot/Fungal_Leaf_Spot00249.jpg,Fungal_Leaf_Spot,Fungal_Leaf_Spot,Correct,0.901890
datasets/train/Bituminous_Leaf/Bituminous_Leaf00117.jpg,Bituminous_Leaf,Bituminous_Leaf,Correct,1.000000
datasets/test/Bituminous_Leaf/Bituminous_Leaf00081.jpg,Bituminous_Leaf,Bituminous_Leaf,Correct,0.999998
datasets/train/Healthy_Leaf/Healthy_Leaf00349.jpg,Healthy_Leaf,Healthy_Leaf,Correct,0.999992
datasets/test/Leaf_Gall/Leaf_Gall00200.jpg,Leaf_Gall,Leaf_Gall,Correct,1.000000
datasets/test/Leaf_Blight/Leaf_Blight00214.jpg,Leaf_Blight,Leaf_Blight,Correct,0.999874
datasets/train/Leaf_Blight/Leaf_Blight00129.jpg,Leaf_Blight,Leaf_Blight,Correct,1.000000
datasets/test/Fungal_Leaf_Spot/Fungal_Leaf_Spot00372.jpg,Fungal_Leaf_Spot,Fungal_Leaf_Spot,Correct,0.999873
datasets/test/Anthrax_Leaf/Anthrax_Leaf00013.jpg,Anthrax_Leaf,Anthrax_Leaf,Correct,1.000000
datasets/train/Leaf_Blight/Leaf_Blight00523.jpg,Leaf_Blight,Leaf_Blight,Correct,0.999998
datasets/test/Leaf_Blight/Leaf_Blight00328.jpg,Leaf_Blight,Leaf_Blight,Correct,1.000000
datasets/train/Leaf_Blight/Leaf_Blight00511.jpg,Leaf_Blight,Leaf_Blight,Correct,0.999986
datasets/test/Deficiency_Leaf/Deficiency_Leaf00067.jpg,Deficiency_Leaf,Deficiency_Leaf,Correct,0.999850
datasets/test/Anthrax_Leaf/Anthrax_Leaf00139.jpg,Anthrax_Leaf,Anthrax_Leaf,Correct,1.000000
datasets/test/Healthy_Leaf/Healthy_Leaf00369.jpg,Healthy_Leaf,Healthy_Leaf,Correct,1.000000
datasets/test/Leaf_Blight/Leaf_Blight00311.jpg,Leaf_Blight,Leaf_Blight,Correct,1.000000
datasets/test/Anthrax_Leaf/Anthrax_Leaf00088.jpg,Anthrax_Leaf,Anthrax_Leaf,Correct,0.999980
datasets/test/Deficiency_Leaf/Deficiency_Leaf00081.jpg,Deficiency_Leaf,Deficiency_Leaf,Correct,0.534186
datasets/test/Leaf_Gall/Leaf_Gall00590.jpg,Leaf_Gall,Leaf_Gall,Correct,1.000000
datasets/test/Leaf_Blight/Leaf_Blight00501.jpg,Leaf_Blight,Leaf_Blight,Correct,1.000000
datasets/train/Fungal_Leaf_Spot/Fungal_Leaf_Spot00182.jpg,Fungal_Leaf_Spot,Fungal_Leaf_Spot,Correct,1.000000
datasets/test/Felt_Leaf/Felt_Leaf00336.jpg,Felt_Leaf,Felt_Leaf,Correct,0.999349
datasets/train/Fungal_Leaf_Spot/Fungal_Leaf_Spot00561.jpg,Fungal_Leaf_Spot,Fungal_Leaf_Spot,Correct,1.000000
datasets/train/Fungal_Leaf_Spot/Fungal_Leaf_Spot00558.jpg,Fungal_Leaf_Spot,Fungal_Leaf_Spot,Correct,1.000000
datasets/test/Felt_Leaf/Felt_Leaf00088.jpg,Felt_Leaf,Felt_Leaf,Correct,0.997219
datasets/train/Anthrax_Leaf/Anthrax_Leaf00146.jpg,Anthrax_Leaf,Anthrax_Leaf,Correct,0.999997
datasets/test/Leaf_Gall/Leaf_Gall00414.jpg,Leaf_Gall,Leaf_Gall,Correct,0.999677
datasets/test/Fungal_Leaf_Spot/Fungal_Leaf_Spot00503.jpg,Fungal_Leaf_Spot,Fungal_Leaf_Spot,Correct,1.000000
datasets/test/Healthy_Leaf/Healthy_Leaf00188.jpg,Healthy_Leaf,Healthy_Leaf,Correct,1.000000
datasets/test/Dry_Leaf/Dry_Leaf00091.jpg,Dry_Leaf,Dry_Leaf,Correct,1.000000
datasets/train/Felt_Leaf/Felt_Leaf00208.jpg,Felt_Leaf,Fungal_Leaf_Spot,Incorrect,0.871480
datasets/test/Leaf_Blight/Leaf_Blight00189.jpg,Leaf_Blight,Leaf_Blight,Correct,1.000000
datasets/test/Felt_Leaf/Felt_Leaf00180.jpg,Felt_Leaf,Felt_Leaf,Correct,0.999977
datasets/train/Leaf_Blight/Leaf_Blight00012.jpg,Leaf_Blight,Leaf_Blight,Correct,1.000000
datasets/test/Healthy_Leaf/Healthy_Leaf00035.jpg,Healthy_Leaf,Healthy_Leaf,Correct,0.999998
datasets/test/Leaf_Blight/Leaf_Blight00451.jpg,Leaf_Blight,Leaf_Blight,Correct,1.000000
datasets/train/Fungal_Leaf_Spot/Fungal_Leaf_Spot00476.jpg,Fungal_Leaf_Spot,Fungal_Leaf_Spot,Correct,1.000000
datasets/test/Leaf_Blight/Leaf_Blight00205.jpg,Leaf_Blight,Leaf_Blight,Correct,1.000000
datasets/train/Healthy_Leaf/Healthy_Leaf00276.jpg,Healthy_Leaf,Healthy_Leaf,Correct,0.999998
datasets/train/Bituminous_Leaf/Bituminous_Leaf00112.jpg,Bituminous_Leaf,Bituminous_Leaf,Correct,0.999948
datasets/test/Fungal_Leaf_Spot/Fungal_Leaf_Spot00177.jpg,Fungal_Leaf_Spot,Fungal_Leaf_Spot,Correct,1.000000
datasets/train/Felt_Leaf/Felt_Leaf00347.jpg,Felt_Leaf,Felt_Leaf,Correct,0.999999
datasets/train/Felt_Leaf/Felt_Leaf00186.jpg,Felt_Leaf,Felt_Leaf,Correct,0.999995
datasets/train/Leaf_Gall/Leaf_Gall00447.jpg,Leaf_Gall,Leaf_Gall,Correct,0.999997
datasets/train/Dry_Leaf/Dry_Leaf00296.jpg,Dry_Leaf,Dry_Leaf,Correct,0.999999
datasets/train/Fungal_Leaf_Spot/Fungal_Leaf_Spot00204.jpg,Fungal_Leaf_Spot,Fungal_Leaf_Spot,Correct,0.999933
datasets/train/Healthy_Leaf/Healthy_Leaf00424.jpg,Healthy_Leaf,Healthy_Leaf,Correct,0.999963
datasets/test/Fungal_Leaf_Spot/Fungal_Leaf_Spot00034.jpg,Fungal_Leaf_Spot,Fungal_Leaf_Spot,Correct,1.000000
datasets/train/Anthrax_Leaf/Anthrax_Leaf00032.jpg,Anthrax_Leaf,Anthrax_Leaf,Correct,1.000000
datasets/test/Bituminous_Leaf/Bituminous_Leaf00020.jpg,Bituminous_Leaf,Bituminous_Leaf,Correct,1.000000
datasets/test/Leaf_Blight/Leaf_Blight00558.jpg,Leaf_Blight,Leaf_Blight,Correct,1.000000
datasets/train/Leaf_Blight/Leaf_Blight00074.jpg,Leaf_Blight,Leaf_Blight,Correct,0.999765
datasets/test/Fungal_Leaf_Spot/Fungal_Leaf_Spot00342.jpg,Fungal_Leaf_Spot,Fungal_Leaf_Spot,Correct,1.000000
datasets/test/Leaf_Gall/Leaf_Gall00099.jpg,Leaf_Gall,Leaf_Gall,Correct,1.000000
datasets/test/Leaf_Blight/Leaf_Blight00308.jpg,Leaf_Blight,Leaf_Blight,Correct,1.000000
datasets/test/Curl_Leaf/Curl_Leaf00090.jpg,Curl_Leaf,Curl_Leaf,Correct,1.000000
datasets/test/Dry_Leaf/Dry_Leaf00336.jpg,Dry_Leaf,Dry_Leaf,Correct,0.999999
datasets/test/Bituminous_Leaf/Bituminous_Leaf00042.jpg,Bituminous_Leaf,Bituminous_Leaf,Correct,0.999526
datasets/test/Leaf_Blight/Leaf_Blight00512.jpg,Leaf_Blight,Leaf_Blight,Correct,1.000000
datasets/train/Curl_Leaf/Curl_Leaf00041.jpg,Curl_Leaf,Curl_Leaf,Correct,0.993825
datasets/test/Felt_Leaf/Felt_Leaf00205.jpg,Felt_Leaf,Felt_Leaf,Correct,0.999992
datasets/test/Dry_Leaf/Dry_Leaf00338.jpg,Dry_Leaf,Dry_Leaf,Correct,1.000000
datasets/train/Leaf_Gall/Leaf_Gall00343.jpg,Leaf_Gall,Leaf_Gall,Correct,0.999843
datasets/train/Felt_Leaf/Felt_Leaf00242.jpg,Felt_Leaf,Felt_Leaf,Correct,1.000000
datasets/test/Curl_Leaf/Curl_Leaf00122.jpg,Curl_Leaf,Curl_Leaf,Correct,0.999999
datasets/train/Felt_Leaf/Felt_Leaf00170.jpg,Felt_Leaf,Felt_Leaf,Correct,1.000000
datasets/train/Felt_Leaf/Felt_Leaf00183.jpg,Felt_Leaf,Felt_Leaf,Correct,0.999965
datasets/train/Healthy_Leaf/Healthy_Leaf00258.jpg,Healthy_Leaf,Healthy_Leaf,Correct,0.999984
datasets/test/Healthy_Leaf/Healthy_Leaf00341.jpg,Healthy_Leaf,Healthy_Leaf,Correct,1.000000
datasets/train/Dry_Leaf/Dry_Leaf00375.jpg,Dry_Leaf,Dry_Leaf,Correct,1.000000
datasets/train/Fungal_Leaf_Spot/Fungal_Leaf_Spot00344.jpg,Fungal_Leaf_Spot,Fungal_Leaf_Spot,Correct,1.000000
datasets/train/Leaf_Blight/Leaf_Blight00225.jpg,Leaf_Blight,Leaf_Blight,Correct,0.999999
datasets/test/Healthy_Leaf/Healthy_Leaf00085.jpg,Healthy_Leaf,Healthy_Leaf,Correct,0.999930
datasets/train/Fungal_Leaf_Spot/Fungal_Leaf_Spot00403.jpg,Fungal_Leaf_Spot,Fungal_Leaf_Spot,Correct,0.999998
datasets/test/Leaf_Gall/Leaf_Gall00420.jpg,Leaf_Gall,Leaf_Gall,Correct,0.968137
datasets/train/Felt_Leaf/Felt_Leaf00224.jpg,Felt_Leaf,Felt_Leaf,Correct,0.999979
datasets/test/Curl_Leaf/Curl_Leaf00139.jpg,Curl_Leaf,Curl_Leaf,Correct,0.999999
datasets/test/Felt_Leaf/Felt_Leaf00052.jpg,Felt_Leaf,Felt_Leaf,Correct,0.999999
datasets/train/Leaf_Blight/Leaf_Blight00417.jpg,Leaf_Blight,Leaf_Blight,Correct,0.998173
datasets/test/Fungal_Leaf_Spot/Fungal_Leaf_Spot00051.jpg,Fungal_Leaf_Spot,Fungal_Leaf_Spot,Correct,1.000000
datasets/test/Leaf_Gall/Leaf_Gall00280.jpg,Leaf_Gall,Leaf_Gall,Correct,0.999933
datasets/test/Leaf_Gall/Leaf_Gall00540.jpg,Leaf_Gall,Leaf_Gall,Correct,0.999828
datasets/train/Fungal_Leaf_Spot/Fungal_Leaf_Spot00555.jpg,Fungal_Leaf_Spot,Fungal_Leaf_Spot,Correct,1.000000
datasets/train/Leaf_Blight/Leaf_Blight00017.jpg,Leaf_Blight,Leaf_Blight,Correct,1.000000
datasets/train/Leaf_Blight/Leaf_Blight00157.jpg,Leaf_Blight,Leaf_Blight,Correct,0.999981
datasets/train/Leaf_Blight/Leaf_Blight00173.jpg,Leaf_Blight,Leaf_Blight,Correct,0.999885
datasets/test/Leaf_Blight/Leaf_Blight00278.jpg,Leaf_Blight,Leaf_Blight,Correct,1.000000
datasets/train/Bituminous_Leaf/Bituminous_Leaf00036.jpg,Bituminous_Leaf,Bituminous_Leaf,Correct,0.999575
datasets/train/Dry_Leaf/Dry_Leaf00175.jpg,Dry_Leaf,Dry_Leaf,Correct,0.999990
datasets/test/Leaf_Blight/Leaf_Blight00390.jpg,Leaf_Blight,Leaf_Blight,Correct,0.999992
datasets/train/Anthrax_Leaf/Anthrax_Leaf00120.jpg,Anthrax_Leaf,Anthrax_Leaf,Correct,1.000000
datasets/train/Leaf_Blight/Leaf_Blight00022.jpg,Leaf_Blight,Leaf_Blight,Correct,1.000000
datasets/train/Dry_Leaf/Dry_Leaf00365.jpg,Dry_Leaf,Dry_Leaf,Correct,1.000000
datasets/test/Felt_Leaf/Felt_Leaf00374.jpg,Felt_Leaf,Felt_Leaf,Correct,0.980066
datasets/train/Leaf_Blight/Leaf_Blight00392.jpg,Leaf_Blight,Leaf_Blight,Correct,0.999969
datasets/test/Dry_Leaf/Dry_Leaf00237.jpg,Dry_Leaf,Dry_Leaf,Correct,1.000000
datasets/test/Dry_Leaf/Dry_Leaf00206.jpg,Dry_Leaf,Dry_Leaf,Correct,1.000000
datasets/test/Fungal_Leaf_Spot/Fungal_Leaf_Spot00360.jpg,Fungal_Leaf_Spot,Fungal_Leaf_Spot,Correct,1.000000
datasets/test/Fungal_Leaf_Spot/Fungal_Leaf_Spot00170.jpg,Fungal_Leaf_Spot,Fungal_Leaf_Spot,Correct,0.999999
datasets/train/Leaf_Blight/Leaf_Blight00571.jpg,Leaf_Blight,Leaf_Blight,Correct,1.000000
datasets/test/Deficiency_Leaf/Deficiency_Leaf00120.jpg,Deficiency_Leaf,Deficiency_Leaf,Correct,0.895819
datasets/test/Leaf_Blight/Leaf_Blight00546.jpg,Leaf_Blight,Leaf_Blight,Correct,1.000000
datasets/test/Curl_Leaf/Curl_Leaf00156.jpg,Curl_Leaf,Curl_Leaf,Correct,1.000000
datasets/test/Bituminous_Leaf/Bituminous_Leaf00130.jpg,Bituminous_Leaf,Bituminous_Leaf,Correct,0.999801
datasets/test/Leaf_Gall/Leaf_Gall00387.jpg,Leaf_Gall,Leaf_Gall,Correct,0.999959
datasets/test/Fungal_Leaf_Spot/Fungal_Leaf_Spot00321.jpg,Fungal_Leaf_Spot,Fungal_Leaf_Spot,Correct,1.000000
datasets/train/Leaf_Blight/Leaf_Blight00143.jpg,Leaf_Blight,Leaf_Blight,Correct,0.999995
datasets/train/Deficiency_Leaf/Deficiency_Leaf00114.jpg,Deficiency_Leaf,Bituminous_Leaf,Incorrect,0.765006
datasets/test/Leaf_Gall/Leaf_Gall00440.jpg,Leaf_Gall,Leaf_Gall,Correct,0.999997
datasets/test/Fungal_Leaf_Spot/Fungal_Leaf_Spot00419.jpg,Fungal_Leaf_Spot,Fungal_Leaf_Spot,Correct,0.999999
datasets/test/Healthy_Leaf/Healthy_Leaf00262.jpg,Healthy_Leaf,Healthy_Leaf,Correct,0.998701
datasets/train/Fungal_Leaf_Spot/Fungal_Leaf_Spot00150.jpg,Fungal_Leaf_Spot,Fungal_Leaf_Spot,Correct,0.999996
datasets/train/Anthrax_Leaf/Anthrax_Leaf00004.jpg,Anthrax_Leaf,Anthrax_Leaf,Correct,1.000000
datasets/train/Leaf_Gall/Leaf_Gall00537.jpg,Leaf_Gall,Leaf_Gall,Correct,1.000000
datasets/test/Healthy_Leaf/Healthy_Leaf00524.jpg,Healthy_Leaf,Healthy_Leaf,Correct,0.999951
datasets/train/Leaf_Blight/Leaf_Blight00588.jpg,Leaf_Blight,Leaf_Blight,Correct,1.000000
datasets/test/Curl_Leaf/Curl_Leaf00030.jpg,Curl_Leaf,Curl_Leaf,Correct,1.000000
datasets/train/Leaf_Gall/Leaf_Gall00505.jpg,Leaf_Gall,Leaf_Gall,Correct,0.991920
datasets/test/Healthy_Leaf/Healthy_Leaf00001.jpg,Healthy_Leaf,Healthy_Leaf,Correct,1.000000
datasets/train/Healthy_Leaf/Healthy_Leaf00469.jpg,Healthy_Leaf,Healthy_Leaf,Correct,1.000000
datasets/train/Leaf_Gall/Leaf_Gall00278.jpg,Leaf_Gall,Leaf_Gall,Correct,0.999993
datasets/test/Healthy_Leaf/Healthy_Leaf00192.jpg,Healthy_Leaf,Healthy_Leaf,Correct,1.000000
datasets/train/Healthy_Leaf/Healthy_Leaf00022.jpg,Healthy_Leaf,Healthy_Leaf,Correct,1.000000
datasets/test/Dry_Leaf/Dry_Leaf00037.jpg,Dry_Leaf,Dry_Leaf,Correct,1.000000
datasets/train/Leaf_Gall/Leaf_Gall00223.jpg,Leaf_Gall,Leaf_Gall,Correct,1.000000
datasets/test/Leaf_Blight/Leaf_Blight00415.jpg,Leaf_Blight,Leaf_Blight,Correct,0.999987
datasets/test/Leaf_Blight/Leaf_Blight00155.jpg,Leaf_Blight,Leaf_Blight,Correct,1.000000
datasets/test/Leaf_Gall/Leaf_Gall00575.jpg,Leaf_Gall,Leaf_Gall,Correct,0.999788
datasets/test/Fungal_Leaf_Spot/Fungal_Leaf_Spot00029.jpg,Fungal_Leaf_Spot,Fungal_Leaf_Spot,Correct,0.996068
datasets/test/Anthrax_Leaf/Anthrax_Leaf00073.jpg,Anthrax_Leaf,Anthrax_Leaf,Correct,1.000000
datasets/train/Dry_Leaf/Dry_Leaf00380.jpg,Dry_Leaf,Dry_Leaf,Correct,1.000000
datasets/test/Leaf_Blight/Leaf_Blight00128.jpg,Leaf_Blight,Leaf_Blight,Correct,1.000000
datasets/train/Leaf_Gall/Leaf_Gall00621.jpg,Leaf_Gall,Leaf_Gall,Correct,0.996778
datasets/test/Dry_Leaf/Dry_Leaf00151.jpg,Dry_Leaf,Dry_Leaf,Correct,1.000000
datasets/test/Curl_Leaf/Curl_Leaf00001.jpg,Curl_Leaf,Curl_Leaf,Correct,0.999990
datasets/train/Leaf_Gall/Leaf_Gall00258.jpg,Leaf_Gall,Leaf_Gall,Correct,1.000000
datasets/train/Felt_Leaf/Felt_Leaf00146.jpg,Felt_Leaf,Felt_Leaf,Correct,0.999978
datasets/test/Felt_Leaf/Felt_Leaf00241.jpg,Felt_Leaf,Felt_Leaf,Correct,1.000000
datasets/test/Anthrax_Leaf/Anthrax_Leaf00010.jpg,Anthrax_Leaf,Anthrax_Leaf,Correct,0.990826
datasets/test/Dry_Leaf/Dry_Leaf00214.jpg,Dry_Leaf,Dry_Leaf,Correct,1.000000
datasets/test/Leaf_Gall/Leaf_Gall00008.jpg,Leaf_Gall,Leaf_Gall,Correct,0.999986
datasets/test/Leaf_Blight/Leaf_Blight00019.jpg,Leaf_Blight,Leaf_Blight,Correct,1.000000
datasets/test/Anthrax_Leaf/Anthrax_Leaf00062.jpg,Anthrax_Leaf,Anthrax_Leaf,Correct,1.000000
datasets/test/Healthy_Leaf/Healthy_Leaf00211.jpg,Healthy_Leaf,Healthy_Leaf,Correct,1.000000
datasets/test/Leaf_Gall/Leaf_Gall00195.jpg,Leaf_Gall,Leaf_Gall,Correct,1.000000
datasets/train/Leaf_Gall/Leaf_Gall00322.jpg,Leaf_Gall,Leaf_Gall,Correct,0.999782
datasets/test/Felt_Leaf/Felt_Leaf00161.jpg,Felt_Leaf,Felt_Leaf,Correct,0.978251
datasets/test/Deficiency_Leaf/Deficiency_Leaf00018.jpg,Deficiency_Leaf,Deficiency_Leaf,Correct,1.000000
datasets/train/Fungal_Leaf_Spot/Fungal_Leaf_Spot00248.jpg,Fungal_Leaf_Spot,Fungal_Leaf_Spot,Correct,0.999754
datasets/train/Leaf_Gall/Leaf_Gall00028.jpg,Leaf_Gall,Leaf_Gall,Correct,0.999946
datasets/test/Healthy_Leaf/Healthy_Leaf00608.jpg,Healthy_Leaf,Healthy_Leaf,Correct,0.999808
datasets/train/Healthy_Leaf/Healthy_Leaf00160.jpg,Healthy_Leaf,Healthy_Leaf,Correct,0.999999
datasets/train/Dry_Leaf/Dry_Leaf00183.jpg,Dry_Leaf,Dry_Leaf,Correct,0.999988
datasets/test/Leaf_Blight/Leaf_Blight00403.jpg,Leaf_Blight,Leaf_Blight,Correct,0.999997
datasets/train/Healthy_Leaf/Healthy_Leaf00399.jpg,Healthy_Leaf,Healthy_Leaf,Correct,0.999999
datasets/test/Healthy_Leaf/Healthy_Leaf00588.jpg,Healthy_Leaf,Healthy_Leaf,Correct,1.000000
datasets/test/Fungal_Leaf_Spot/Fungal_Leaf_Spot00450.jpg,Fungal_Leaf_Spot,Fungal_Leaf_Spot,Correct,0.999417
datasets/test/Bituminous_Leaf/Bituminous_Leaf00063.jpg,Bituminous_Leaf,Bituminous_Leaf,Correct,0.999999
datasets/train/Healthy_Leaf/Healthy_Leaf00323.jpg,Healthy_Leaf,Healthy_Leaf,Correct,0.999999
datasets/test/Bituminous_Leaf/Bituminous_Leaf00089.jpg,Bituminous_Leaf,Bituminous_Leaf,Correct,0.999930
datasets/train/Leaf_Blight/Leaf_Blight00044.jpg,Leaf_Blight,Leaf_Blight,Correct,0.999995
datasets/train/Leaf_Blight/Leaf_Blight00105.jpg,Leaf_Blight,Leaf_Blight,Correct,0.996380
datasets/test/Leaf_Blight/Leaf_Blight00148.jpg,Leaf_Blight,Leaf_Blight,Correct,1.000000
datasets/test/Fungal_Leaf_Spot/Fungal_Leaf_Spot00201.jpg,Fungal_Leaf_Spot,Fungal_Leaf_Spot,Correct,1.000000
datasets/train/Healthy_Leaf/Healthy_Leaf00077.jpg,Healthy_Leaf,Healthy_Leaf,Correct,1.000000
datasets/test/Leaf_Gall/Leaf_Gall00284.jpg,Leaf_Gall,Leaf_Gall,Correct,0.995528
datasets/train/Leaf_Blight/Leaf_Blight00348.jpg,Leaf_Blight,Leaf_Blight,Correct,1.000000
datasets/test/Leaf_Gall/Leaf_Gall00441.jpg,Leaf_Gall,Leaf_Gall,Correct,1.000000
datasets/train/Curl_Leaf/Curl_Leaf00052.jpg,Curl_Leaf,Curl_Leaf,Correct,0.999995
datasets/train/Dry_Leaf/Dry_Leaf00163.jpg,Dry_Leaf,Dry_Leaf,Correct,1.000000
datasets/test/Healthy_Leaf/Healthy_Leaf00561.jpg,Healthy_Leaf,Healthy_Leaf,Correct,0.999916
datasets/train/Fungal_Leaf_Spot/Fungal_Leaf_Spot00178.jpg,Fungal_Leaf_Spot,Fungal_Leaf_Spot,Correct,1.000000
datasets/train/Leaf_Gall/Leaf_Gall00141.jpg,Leaf_Gall,Leaf_Gall,Correct,1.000000
datasets/train/Felt_Leaf/Felt_Leaf00053.jpg,Felt_Leaf,Felt_Leaf,Correct,0.998626
datasets/train/Curl_Leaf/Curl_Leaf00178.jpg,Curl_Leaf,Curl_Leaf,Correct,1.000000
datasets/train/Felt_Leaf/Felt_Leaf00185.jpg,Felt_Leaf,Felt_Leaf,Correct,0.999979
datasets/test/Fungal_Leaf_Spot/Fungal_Leaf_Spot00284.jpg,Fungal_Leaf_Spot,Fungal_Leaf_Spot,Correct,1.000000
datasets/test/Fungal_Leaf_Spot/Fungal_Leaf_Spot00241.jpg,Fungal_Leaf_Spot,Fungal_Leaf_Spot,Correct,0.999766
datasets/train/Felt_Leaf/Felt_Leaf00244.jpg,Felt_Leaf,Felt_Leaf,Correct,1.000000
datasets/train/Healthy_Leaf/Healthy_Leaf00201.jpg,Healthy_Leaf,Healthy_Leaf,Correct,1.000000
datasets/test/Healthy_Leaf/Healthy_Leaf00473.jpg,Healthy_Leaf,Healthy_Leaf,Correct,1.000000
datasets/test/Leaf_Blight/Leaf_Blight00575.jpg,Leaf_Blight,Leaf_Blight,Correct,0.999944
datasets/test/Fungal_Leaf_Spot/Fungal_Leaf_Spot00556.jpg,Fungal_Leaf_Spot,Fungal_Leaf_Spot,Correct,1.000000
datasets/train/Dry_Leaf/Dry_Leaf00290.jpg,Dry_Leaf,Dry_Leaf,Correct,1.000000
datasets/test/Healthy_Leaf/Healthy_Leaf00121.jpg,Healthy_Leaf,Healthy_Leaf,Correct,1.000000
datasets/train/Healthy_Leaf/Healthy_Leaf00066.jpg,Healthy_Leaf,Healthy_Leaf,Correct,1.000000
datasets/test/Fungal_Leaf_Spot/Fungal_Leaf_Spot00162.jpg,Fungal_Leaf_Spot,Fungal_Leaf_Spot,Correct,0.999253
datasets/test/Fungal_Leaf_Spot/Fungal_Leaf_Spot00401.jpg,Fungal_Leaf_Spot,Fungal_Leaf_Spot,Correct,1.000000
datasets/test/Leaf_Gall/Leaf_Gall00471.jpg,Leaf_Gall,Leaf_Gall,Correct,1.000000
datasets/test/Fungal_Leaf_Spot/Fungal_Leaf_Spot00296.jpg,Fungal_Leaf_Spot,Fungal_Leaf_Spot,Correct,0.999966
datasets/test/Leaf_Gall/Leaf_Gall00185.jpg,Leaf_Gall,Leaf_Gall,Correct,1.000000
datasets/train/Curl_Leaf/Curl_Leaf00018.jpg,Curl_Leaf,Curl_Leaf,Correct,0.998152
datasets/train/Leaf_Blight/Leaf_Blight00273.jpg,Leaf_Blight,Leaf_Blight,Correct,1.000000
datasets/train/Fungal_Leaf_Spot/Fungal_Leaf_Spot00264.jpg,Fungal_Leaf_Spot,Fungal_Leaf_Spot,Correct,1.000000
datasets/test/Dry_Leaf/Dry_Leaf00201.jpg,Dry_Leaf,Dry_Leaf,Correct,1.000000
datasets/train/Leaf_Blight/Leaf_Blight00300.jpg,Leaf_Blight,Leaf_Blight,Correct,0.999975
datasets/test/Leaf_Gall/Leaf_Gall00305.jpg,Leaf_Gall,Leaf_Gall,Correct,1.000000
datasets/train/Healthy_Leaf/Healthy_Leaf00105.jpg,Healthy_Leaf,Healthy_Leaf,Correct,1.000000
datasets/test/Anthrax_Leaf/Anthrax_Leaf00019.jpg,Anthrax_Leaf,Curl_Leaf,Incorrect,0.911122
datasets/test/Leaf_Blight/Leaf_Blight00473.jpg,Leaf_Blight,Leaf_Blight,Correct,1.000000
datasets/test/Anthrax_Leaf/Anthrax_Leaf00033.jpg,Anthrax_Leaf,Anthrax_Leaf,Correct,1.000000
datasets/train/Leaf_Gall/Leaf_Gall00348.jpg,Leaf_Gall,Leaf_Gall,Correct,0.999997
datasets/test/Bituminous_Leaf/Bituminous_Leaf00114.jpg,Bituminous_Leaf,Bituminous_Leaf,Correct,0.999996
datasets/test/Healthy_Leaf/Healthy_Leaf00177.jpg,Healthy_Leaf,Healthy_Leaf,Correct,0.999999
datasets/train/Curl_Leaf/Curl_Leaf00056.jpg,Curl_Leaf,Curl_Leaf,Correct,1.000000
datasets/train/Leaf_Blight/Leaf_Blight00381.jpg,Leaf_Blight,Leaf_Blight,Correct,0.999976
datasets/train/Deficiency_Leaf/Deficiency_Leaf00121.jpg,Deficiency_Leaf,Deficiency_Leaf,Correct,0.997123
datasets/train/Fungal_Leaf_Spot/Fungal_Leaf_Spot00500.jpg,Fungal_Leaf_Spot,Fungal_Leaf_Spot,Correct,1.000000
datasets/train/Leaf_Blight/Leaf_Blight00204.jpg,Leaf_Blight,Leaf_Blight,Correct,0.999999
datasets/train/Healthy_Leaf/Healthy_Leaf00623.jpg,Healthy_Leaf,Healthy_Leaf,Correct,0.999990
datasets/train/Healthy_Leaf/Healthy_Leaf00486.jpg,Healthy_Leaf,Healthy_Leaf,Correct,0.999906
datasets/test/Anthrax_Leaf/Anthrax_Leaf00054.jpg,Anthrax_Leaf,Anthrax_Leaf,Correct,1.000000
datasets/train/Leaf_Gall/Leaf_Gall00473.jpg,Leaf_Gall,Leaf_Gall,Correct,1.000000
datasets/train/Leaf_Blight/Leaf_Blight00048.jpg,Leaf_Blight,Leaf_Blight,Correct,0.999999
datasets/test/Leaf_Blight/Leaf_Blight00409.jpg,Leaf_Blight,Leaf_Blight,Correct,0.996460
datasets/test/Fungal_Leaf_Spot/Fungal_Leaf_Spot00063.jpg,Fungal_Leaf_Spot,Fungal_Leaf_Spot,Correct,1.000000
datasets/train/Felt_Leaf/Felt_Leaf00019.jpg,Felt_Leaf,Felt_Leaf,Correct,0.999999
datasets/test/Dry_Leaf/Dry_Leaf00343.jpg,Dry_Leaf,Dry_Leaf,Correct,1.000000
datasets/train/Dry_Leaf/Dry_Leaf00223.jpg,Dry_Leaf,Dry_Leaf,Correct,0.999984
datasets/train/Anthrax_Leaf/Anthrax_Leaf00114.jpg,Anthrax_Leaf,Anthrax_Leaf,Correct,0.997778
datasets/test/Fungal_Leaf_Spot/Fungal_Leaf_Spot00176.jpg,Fungal_Leaf_Spot,Fungal_Leaf_Spot,Correct,1.000000
datasets/train/Leaf_Blight/Leaf_Blight00460.jpg,Leaf_Blight,Leaf_Blight,Correct,0.999561
datasets/train/Leaf_Gall/Leaf_Gall00113.jpg,Leaf_Gall,Leaf_Gall,Correct,1.000000
datasets/train/Fungal_Leaf_Spot/Fungal_Leaf_Spot00525.jpg,Fungal_Leaf_Spot,Fungal_Leaf_Spot,Correct,1.000000
datasets/test/Fungal_Leaf_Spot/Fungal_Leaf_Spot00223.jpg,Fungal_Leaf_Spot,Fungal_Leaf_Spot,Correct,1.000000
datasets/test/Bituminous_Leaf/Bituminous_Leaf00053.jpg,Bituminous_Leaf,Bituminous_Leaf,Correct,1.000000
datasets/train/Felt_Leaf/Felt_Leaf00275.jpg,Felt_Leaf,Felt_Leaf,Correct,0.999970
datasets/test/Dry_Leaf/Dry_Leaf00244.jpg,Dry_Leaf,Dry_Leaf,Correct,1.000000
datasets/train/Healthy_Leaf/Healthy_Leaf00193.jpg,Healthy_Leaf,Healthy_Leaf,Correct,1.000000
datasets/train/Healthy_Leaf/Healthy_Leaf00065.jpg,Healthy_Leaf,Healthy_Leaf,Correct,1.000000
datasets/test/Healthy_Leaf/Healthy_Leaf00073.jpg,Healthy_Leaf,Healthy_Leaf,Correct,1.000000
datasets/test/Anthrax_Leaf/Anthrax_Leaf00059.jpg,Anthrax_Leaf,Anthrax_Leaf,Correct,1.000000
datasets/train/Anthrax_Leaf/Anthrax_Leaf00117.jpg,Anthrax_Leaf,Anthrax_Leaf,Correct,1.000000
datasets/train/Leaf_Gall/Leaf_Gall00330.jpg,Leaf_Gall,Leaf_Gall,Correct,0.999927
datasets/train/Dry_Leaf/Dry_Leaf00363.jpg,Dry_Leaf,Dry_Leaf,Correct,0.999980
datasets/test/Curl_Leaf/Curl_Leaf00022.jpg,Curl_Leaf,Curl_Leaf,Correct,1.000000
datasets/train/Fungal_Leaf_Spot/Fungal_Leaf_Spot00225.jpg,Fungal_Leaf_Spot,Fungal_Leaf_Spot,Correct,1.000000
datasets/train/Fungal_Leaf_Spot/Fungal_Leaf_Spot00039.jpg,Fungal_Leaf_Spot,Fungal_Leaf_Spot,Correct,1.000000
datasets/test/Leaf_Gall/Leaf_Gall00369.jpg,Leaf_Gall,Leaf_Gall,Correct,0.999591
datasets/test/Anthrax_Leaf/Anthrax_Leaf00100.jpg,Anthrax_Leaf,Anthrax_Leaf,Correct,0.999999
datasets/test/Dry_Leaf/Dry_Leaf00082.jpg,Dry_Leaf,Dry_Leaf,Correct,1.000000
datasets/test/Fungal_Leaf_Spot/Fungal_Leaf_Spot00424.jpg,Fungal_Leaf_Spot,Fungal_Leaf_Spot,Correct,1.000000
datasets/test/Leaf_Blight/Leaf_Blight00468.jpg,Leaf_Blight,Leaf_Blight,Correct,1.000000
datasets/test/Dry_Leaf/Dry_Leaf00114.jpg,Dry_Leaf,Dry_Leaf,Correct,1.000000
datasets/test/Fungal_Leaf_Spot/Fungal_Leaf_Spot00569.jpg,Fungal_Leaf_Spot,Fungal_Leaf_Spot,Correct,0.999998
datasets/train/Fungal_Leaf_Spot/Fungal_Leaf_Spot00282.jpg,Fungal_Leaf_Spot,Fungal_Leaf_Spot,Correct,1.000000
datasets/train/Anthrax_Leaf/Anthrax_Leaf00075.jpg,Anthrax_Leaf,Anthrax_Leaf,Correct,1.000000
datasets/test/Felt_Leaf/Felt_Leaf00100.jpg,Felt_Leaf,Felt_Leaf,Correct,0.999998
datasets/train/Fungal_Leaf_Spot/Fungal_Leaf_Spot00467.jpg,Fungal_Leaf_Spot,Fungal_Leaf_Spot,Correct,0.975575
datasets/test/Healthy_Leaf/Healthy_Leaf00470.jpg,Healthy_Leaf,Healthy_Leaf,Correct,1.000000
datasets/test/Fungal_Leaf_Spot/Fungal_Leaf_Spot00421.jpg,Fungal_Leaf_Spot,Fungal_Leaf_Spot,Correct,1.000000
datasets/test/Bituminous_Leaf/Bituminous_Leaf00075.jpg,Bituminous_Leaf,Bituminous_Leaf,Correct,1.000000
datasets/train/Felt_Leaf/Felt_Leaf00231.jpg,Felt_Leaf,Felt_Leaf,Correct,1.000000
datasets/test/Dry_Leaf/Dry_Leaf00344.jpg,Dry_Leaf,Dry_Leaf,Correct,1.000000
datasets/test/Healthy_Leaf/Healthy_Leaf00569.jpg,Healthy_Leaf,Healthy_Leaf,Correct,1.000000
datasets/test/Curl_Leaf/Curl_Leaf00005.jpg,Curl_Leaf,Curl_Leaf,Correct,1.000000
datasets/test/Curl_Leaf/Curl_Leaf00112.jpg,Curl_Leaf,Curl_Leaf,Correct,1.000000
datasets/test/Leaf_Blight/Leaf_Blight00565.jpg,Leaf_Blight,Leaf_Blight,Correct,1.000000
datasets/train/Felt_Leaf/Felt_Leaf00147.jpg,Felt_Leaf,Felt_Leaf,Correct,0.999970
datasets/train/Fungal_Leaf_Spot/Fungal_Leaf_Spot00175.jpg,Fungal_Leaf_Spot,Fungal_Leaf_Spot,Correct,0.999999
datasets/test/Leaf_Blight/Leaf_Blight00531.jpg,Leaf_Blight,Leaf_Blight,Correct,1.000000
datasets/train/Dry_Leaf/Dry_Leaf00209.jpg,Dry_Leaf,Dry_Leaf,Correct,1.000000
datasets/test/Leaf_Blight/Leaf_Blight00342.jpg,Leaf_Blight,Leaf_Blight,Correct,1.000000
datasets/train/Fungal_Leaf_Spot/Fungal_Leaf_Spot00070.jpg,Fungal_Leaf_Spot,Fungal_Leaf_Spot,Correct,1.000000
datasets/test/Healthy_Leaf/Healthy_Leaf00253.jpg,Healthy_Leaf,Healthy_Leaf,Correct,0.859033
datasets/train/Deficiency_Leaf/Deficiency_Leaf00047.jpg,Deficiency_Leaf,Deficiency_Leaf,Correct,0.999124
datasets/test/Fungal_Leaf_Spot/Fungal_Leaf_Spot00013.jpg,Fungal_Leaf_Spot,Fungal_Leaf_Spot,Correct,1.000000
datasets/train/Healthy_Leaf/Healthy_Leaf00108.jpg,Healthy_Leaf,Healthy_Leaf,Correct,1.000000
datasets/train/Leaf_Blight/Leaf_Blight00465.jpg,Leaf_Blight,Leaf_Blight,Correct,1.000000
datasets/train/Leaf_Blight/Leaf_Blight00193.jpg,Leaf_Blight,Leaf_Blight,Correct,0.999954
datasets/train/Dry_Leaf/Dry_Leaf00177.jpg,Dry_Leaf,Dry_Leaf,Correct,0.999999
datasets/train/Leaf_Gall/Leaf_Gall00553.jpg,Leaf_Gall,Leaf_Gall,Correct,1.000000
datasets/test/Leaf_Gall/Leaf_Gall00501.jpg,Leaf_Gall,Leaf_Gall,Correct,0.999997
datasets/test/Curl_Leaf/Curl_Leaf00177.jpg,Curl_Leaf,Curl_Leaf,Correct,1.000000
datasets/test/Felt_Leaf/Felt_Leaf00248.jpg,Felt_Leaf,Felt_Leaf,Correct,1.000000
datasets/train/Leaf_Blight/Leaf_Blight00265.jpg,Leaf_Blight,Leaf_Blight,Correct,0.999999
datasets/test/Fungal_Leaf_Spot/Fungal_Leaf_Spot00491.jpg,Fungal_Leaf_Spot,Fungal_Leaf_Spot,Correct,0.999989
datasets/test/Leaf_Gall/Leaf_Gall00309.jpg,Leaf_Gall,Leaf_Gall,Correct,0.999999
datasets/test/Dry_Leaf/Dry_Leaf00002.jpg,Dry_Leaf,Dry_Leaf,Correct,0.999882
datasets/test/Curl_Leaf/Curl_Leaf00015.jpg,Curl_Leaf,Curl_Leaf,Correct,1.000000
datasets/train/Leaf_Blight/Leaf_Blight00579.jpg,Leaf_Blight,Leaf_Blight,Correct,0.999862
datasets/test/Fungal_Leaf_Spot/Fungal_Leaf_Spot00213.jpg,Fungal_Leaf_Spot,Fungal_Leaf_Spot,Correct,1.000000
datasets/test/Curl_Leaf/Curl_Leaf00166.jpg,Curl_Leaf,Curl_Leaf,Correct,0.999870
datasets/train/Leaf_Blight/Leaf_Blight00109.jpg,Leaf_Blight,Leaf_Blight,Correct,0.999871
datasets/train/Healthy_Leaf/Healthy_Leaf00408.jpg,Healthy_Leaf,Healthy_Leaf,Correct,0.999956
datasets/test/Dry_Leaf/Dry_Leaf00373.jpg,Dry_Leaf,Dry_Leaf,Correct,1.000000
datasets/train/Leaf_Gall/Leaf_Gall00453.jpg,Leaf_Gall,Leaf_Gall,Correct,1.000000
datasets/test/Healthy_Leaf/Healthy_Leaf00111.jpg,Healthy_Leaf,Healthy_Leaf,Correct,1.000000
datasets/test/Anthrax_Leaf/Anthrax_Leaf00001.jpg,Anthrax_Leaf,Anthrax_Leaf,Correct,0.995479
datasets/train/Fungal_Leaf_Spot/Fungal_Leaf_Spot00336.jpg,Fungal_Leaf_Spot,Fungal_Leaf_Spot,Correct,0.999999
datasets/test/Felt_Leaf/Felt_Leaf00240.jpg,Felt_Leaf,Felt_Leaf,Correct,0.999957
datasets/test/Healthy_Leaf/Healthy_Leaf00239.jpg,Healthy_Leaf,Healthy_Leaf,Correct,1.000000
datasets/test/Felt_Leaf/Felt_Leaf00215.jpg,Felt_Leaf,Felt_Leaf,Correct,0.997360
datasets/test/Curl_Leaf/Curl_Leaf00047.jpg,Curl_Leaf,Curl_Leaf,Correct,1.000000
datasets/test/Curl_Leaf/Curl_Leaf00095.jpg,Curl_Leaf,Curl_Leaf,Correct,0.998065
datasets/test/Fungal_Leaf_Spot/Fungal_Leaf_Spot00137.jpg,Fungal_Leaf_Spot,Fungal_Leaf_Spot,Correct,1.000000
datasets/test/Curl_Leaf/Curl_Leaf00039.jpg,Curl_Leaf,Curl_Leaf,Correct,1.000000
datasets/train/Fungal_Leaf_Spot/Fungal_Leaf_Spot00469.jpg,Fungal_Leaf_Spot,Fungal_Leaf_Spot,Correct,0.999999
datasets/train/Healthy_Leaf/Healthy_Leaf00603.jpg,Healthy_Leaf,Healthy_Leaf,Correct,0.999910
datasets/test/Deficiency_Leaf/Deficiency_Leaf00048.jpg,Deficiency_Leaf,Deficiency_Leaf,Correct,1.000000
datasets/test/Fungal_Leaf_Spot/Fungal_Leaf_Spot00082.jpg,Fungal_Leaf_Spot,Fungal_Leaf_Spot,Correct,1.000000
datasets/train/Dry_Leaf/Dry_Leaf00279.jpg,Dry_Leaf,Dry_Leaf,Correct,1.000000
datasets/test/Leaf_Gall/Leaf_Gall00007.jpg,Leaf_Gall,Leaf_Gall,Correct,0.999999
datasets/train/Leaf_Blight/Leaf_Blight00113.jpg,Leaf_Blight,Leaf_Blight,Correct,0.999954
datasets/train/Anthrax_Leaf/Anthrax_Leaf00145.jpg,Anthrax_Leaf,Anthrax_Leaf,Correct,1.000000
datasets/test/Leaf_Gall/Leaf_Gall00503.jpg,Leaf_Gall,Leaf_Gall,Correct,0.999992
datasets/test/Leaf_Gall/Leaf_Gall00288.jpg,Leaf_Gall,Leaf_Gall,Correct,0.999975
datasets/train/Bituminous_Leaf/Bituminous_Leaf00125.jpg,Bituminous_Leaf,Bituminous_Leaf,Correct,0.999984
datasets/test/Fungal_Leaf_Spot/Fungal_Leaf_Spot00078.jpg,Fungal_Leaf_Spot,Fungal_Leaf_Spot,Correct,1.000000
datasets/train/Leaf_Blight/Leaf_Blight00004.jpg,Leaf_Blight,Leaf_Blight,Correct,0.997850
datasets/test/Healthy_Leaf/Healthy_Leaf00410.jpg,Healthy_Leaf,Healthy_Leaf,Correct,0.999984
datasets/train/Fungal_Leaf_Spot/Fungal_Leaf_Spot00135.jpg,Fungal_Leaf_Spot,Fungal_Leaf_Spot,Correct,0.999974
datasets/test/Leaf_Gall/Leaf_Gall00462.jpg,Leaf_Gall,Leaf_Gall,Correct,0.999997
datasets/test/Leaf_Blight/Leaf_Blight00020.jpg,Leaf_Blight,Leaf_Blight,Correct,0.999994
datasets/train/Curl_Leaf/Curl_Leaf00045.jpg,Curl_Leaf,Curl_Leaf,Correct,0.999999
datasets/test/Leaf_Gall/Leaf_Gall00268.jpg,Leaf_Gall,Leaf_Gall,Correct,0.999964
datasets/train/Leaf_Gall/Leaf_Gall00383.jpg,Leaf_Gall,Leaf_Gall,Correct,0.999698
datasets/train/Felt_Leaf/Felt_Leaf00367.jpg,Felt_Leaf,Felt_Leaf,Correct,0.999922
datasets/train/Healthy_Leaf/Healthy_Leaf00571.jpg,Healthy_Leaf,Healthy_Leaf,Correct,1.000000
datasets/test/Leaf_Gall/Leaf_Gall00123.jpg,Leaf_Gall,Leaf_Gall,Correct,0.999914
datasets/test/Felt_Leaf/Felt_Leaf00026.jpg,Felt_Leaf,Felt_Leaf,Correct,0.999827
datasets/test/Fungal_Leaf_Spot/Fungal_Leaf_Spot00517.jpg,Fungal_Leaf_Spot,Fungal_Leaf_Spot,Correct,1.000000
datasets/train/Fungal_Leaf_Spot/Fungal_Leaf_Spot00172.jpg,Fungal_Leaf_Spot,Fungal_Leaf_Spot,Correct,1.000000
datasets/train/Fungal_Leaf_Spot/Fungal_Leaf_Spot00457.jpg,Fungal_Leaf_Spot,Fungal_Leaf_Spot,Correct,0.999999
datasets/test/Leaf_Gall/Leaf_Gall00431.jpg,Leaf_Gall,Leaf_Gall,Correct,1.000000
datasets/train/Healthy_Leaf/Healthy_Leaf00086.jpg,Healthy_Leaf,Healthy_Leaf,Correct,0.999942
datasets/test/Felt_Leaf/Felt_Leaf00165.jpg,Felt_Leaf,Felt_Leaf,Correct,0.999995
datasets/test/Fungal_Leaf_Spot/Fungal_Leaf_Spot00183.jpg,Fungal_Leaf_Spot,Fungal_Leaf_Spot,Correct,1.000000
datasets/test/Healthy_Leaf/Healthy_Leaf00191.jpg,Healthy_Leaf,Healthy_Leaf,Correct,1.000000
datasets/train/Fungal_Leaf_Spot/Fungal_Leaf_Spot00383.jpg,Fungal_Leaf_Spot,Fungal_Leaf_Spot,Correct,0.999935
datasets/test/Fungal_Leaf_Spot/Fungal_Leaf_Spot00288.jpg,Fungal_Leaf_Spot,Fungal_Leaf_Spot,Correct,0.999990
datasets/test/Felt_Leaf/Felt_Leaf00109.jpg,Felt_Leaf,Felt_Leaf,Correct,0.987954
datasets/test/Felt_Leaf/Felt_Leaf00256.jpg,Felt_Leaf,Felt_Leaf,Correct,0.925833
datasets/train/Bituminous_Leaf/Bituminous_Leaf00135.jpg,Bituminous_Leaf,Bituminous_Leaf,Correct,0.999987
datasets/test/Leaf_Gall/Leaf_Gall00254.jpg,Leaf_Gall,Leaf_Gall,Correct,0.999998
datasets/train/Fungal_Leaf_Spot/Fungal_Leaf_Spot00364.jpg,Fungal_Leaf_Spot,Fungal_Leaf_Spot,Correct,0.898551
datasets/test/Leaf_Gall/Leaf_Gall00213.jpg,Leaf_Gall,Leaf_Gall,Correct,1.000000
datasets/train/Healthy_Leaf/Healthy_Leaf00102.jpg,Healthy_Leaf,Healthy_Leaf,Correct,1.000000
datasets/train/Leaf_Gall/Leaf_Gall00221.jpg,Leaf_Gall,Leaf_Gall,Correct,1.000000
datasets/train/Felt_Leaf/Felt_Leaf00343.jpg,Felt_Leaf,Felt_Leaf,Correct,0.999996
datasets/test/Anthrax_Leaf/Anthrax_Leaf00102.jpg,Anthrax_Leaf,Anthrax_Leaf,Correct,0.999988
datasets/test/Felt_Leaf/Felt_Leaf00128.jpg,Felt_Leaf,Felt_Leaf,Correct,1.000000
datasets/train/Fungal_Leaf_Spot/Fungal_Leaf_Spot00245.jpg,Fungal_Leaf_Spot,Fungal_Leaf_Spot,Correct,1.000000
datasets/test/Dry_Leaf/Dry_Leaf00327.jpg,Dry_Leaf,Dry_Leaf,Correct,1.000000
datasets/test/Anthrax_Leaf/Anthrax_Leaf00143.jpg,Anthrax_Leaf,Anthrax_Leaf,Correct,0.988824
datasets/test/Healthy_Leaf/Healthy_Leaf00443.jpg,Healthy_Leaf,Healthy_Leaf,Correct,1.000000
datasets/test/Healthy_Leaf/Healthy_Leaf00347.jpg,Healthy_Leaf,Healthy_Leaf,Correct,1.000000
datasets/test/Anthrax_Leaf/Anthrax_Leaf00002.jpg,Anthrax_Leaf,Anthrax_Leaf,Correct,0.999976
datasets/train/Felt_Leaf/Felt_Leaf00305.jpg,Felt_Leaf,Felt_Leaf,Correct,0.999999
datasets/test/Fungal_Leaf_Spot/Fungal_Leaf_Spot00041.jpg,Fungal_Leaf_Spot,Fungal_Leaf_Spot,Correct,1.000000
datasets/test/Leaf_Gall/Leaf_Gall00075.jpg,Leaf_Gall,Leaf_Gall,Correct,0.999995
datasets/test/Dry_Leaf/Dry_Leaf00240.jpg,Dry_Leaf,Dry_Leaf,Correct,1.000000
datasets/train/Leaf_Gall/Leaf_Gall00349.jpg,Leaf_Gall,Leaf_Gall,Correct,0.999998
datasets/test/Fungal_Leaf_Spot/Fungal_Leaf_Spot00532.jpg,Fungal_Leaf_Spot,Fungal_Leaf_Spot,Correct,0.999994
datasets/train/Leaf_Gall/Leaf_Gall00165.jpg,Leaf_Gall,Leaf_Gall,Correct,0.998842
datasets/train/Felt_Leaf/Felt_Leaf00098.jpg,Felt_Leaf,Felt_Leaf,Correct,1.000000
datasets/test/Leaf_Blight/Leaf_Blight00339.jpg,Leaf_Blight,Leaf_Blight,Correct,1.000000
datasets/test/Leaf_Blight/Leaf_Blight00306.jpg,Leaf_Blight,Leaf_Blight,Correct,1.000000
datasets/train/Bituminous_Leaf/Bituminous_Leaf00005.jpg,Bituminous_Leaf,Bituminous_Leaf,Correct,1.000000
datasets/test/Felt_Leaf/Felt_Leaf00352.jpg,Felt_Leaf,Felt_Leaf,Correct,0.948082
datasets/train/Bituminous_Leaf/Bituminous_Leaf00108.jpg,Bituminous_Leaf,Bituminous_Leaf,Correct,0.999999
datasets/test/Healthy_Leaf/Healthy_Leaf00601.jpg,Healthy_Leaf,Healthy_Leaf,Correct,0.999998
datasets/test/Anthrax_Leaf/Anthrax_Leaf00017.jpg,Anthrax_Leaf,Anthrax_Leaf,Correct,1.000000
datasets/train/Leaf_Blight/Leaf_Blight00043.jpg,Leaf_Blight,Leaf_Blight,Correct,0.999903
datasets/train/Fungal_Leaf_Spot/Fungal_Leaf_Spot00446.jpg,Fungal_Leaf_Spot,Fungal_Leaf_Spot,Correct,0.999998
datasets/train/Bituminous_Leaf/Bituminous_Leaf00118.jpg,Bituminous_Leaf,Bituminous_Leaf,Correct,0.999974
datasets/test/Fungal_Leaf_Spot/Fungal_Leaf_Spot00426.jpg,Fungal_Leaf_Spot,Fungal_Leaf_Spot,Correct,1.000000
datasets/test/Healthy_Leaf/Healthy_Leaf00324.jpg,Healthy_Leaf,Healthy_Leaf,Correct,1.000000
datasets/test/Leaf_Blight/Leaf_Blight00420.jpg,Leaf_Blight,Leaf_Blight,Correct,0.999969
datasets/test/Healthy_Leaf/Healthy_Leaf00142.jpg,Healthy_Leaf,Healthy_Leaf,Correct,0.999992
datasets/train/Leaf_Gall/Leaf_Gall00324.jpg,Leaf_Gall,Leaf_Gall,Correct,0.999999
datasets/test/Deficiency_Leaf/Deficiency_Leaf00085.jpg,Deficiency_Leaf,Deficiency_Leaf,Correct,0.996728
datasets/test/Leaf_Blight/Leaf_Blight00463.jpg,Leaf_Blight,Leaf_Blight,Correct,1.000000
datasets/test/Healthy_Leaf/Healthy_Leaf00129.jpg,Healthy_Leaf,Healthy_Leaf,Correct,0.999967
datasets/train/Healthy_Leaf/Healthy_Leaf00461.jpg,Healthy_Leaf,Healthy_Leaf,Correct,1.000000
datasets/test/Leaf_Blight/Leaf_Blight00200.jpg,Leaf_Blight,Leaf_Blight,Correct,1.000000
datasets/test/Felt_Leaf/Felt_Leaf00299.jpg,Felt_Leaf,Felt_Leaf,Correct,0.535958
datasets/train/Healthy_Leaf/Healthy_Leaf00507.jpg,Healthy_Leaf,Healthy_Leaf,Correct,1.000000
datasets/train/Leaf_Gall/Leaf_Gall00355.jpg,Leaf_Gall,Leaf_Gall,Correct,0.999992
datasets/train/Dry_Leaf/Dry_Leaf00355.jpg,Dry_Leaf,Dry_Leaf,Correct,0.999956
datasets/test/Fungal_Leaf_Spot/Fungal_Leaf_Spot00389.jpg,Fungal_Leaf_Spot,Fungal_Leaf_Spot,Correct,0.999998
datasets/test/Leaf_Blight/Leaf_Blight00405.jpg,Leaf_Blight,Leaf_Blight,Correct,0.999789
datasets/test/Dry_Leaf/Dry_Leaf00111.jpg,Dry_Leaf,Dry_Leaf,Correct,1.000000
datasets/test/Leaf_Blight/Leaf_Blight00545.jpg,Leaf_Blight,Leaf_Blight,Correct,1.000000
datasets/train/Leaf_Gall/Leaf_Gall00481.jpg,Leaf_Gall,Leaf_Gall,Correct,0.999998
datasets/test/Felt_Leaf/Felt_Leaf00111.jpg,Felt_Leaf,Felt_Leaf,Correct,0.998716
datasets/train/Dry_Leaf/Dry_Leaf00233.jpg,Dry_Leaf,Dry_Leaf,Correct,1.000000
datasets/test/Leaf_Blight/Leaf_Blight00098.jpg,Leaf_Blight,Leaf_Blight,Correct,0.999999
datasets/train/Fungal_Leaf_Spot/Fungal_Leaf_Spot00106.jpg,Fungal_Leaf_Spot,Fungal_Leaf_Spot,Correct,0.999857
datasets/train/Leaf_Blight/Leaf_Blight00292.jpg,Leaf_Blight,Leaf_Blight,Correct,1.000000
datasets/test/Leaf_Blight/Leaf_Blight00005.jpg,Leaf_Blight,Leaf_Blight,Correct,0.997211
datasets/test/Leaf_Gall/Leaf_Gall00078.jpg,Leaf_Gall,Leaf_Gall,Correct,0.999253
datasets/test/Leaf_Blight/Leaf_Blight00461.jpg,Leaf_Blight,Leaf_Blight,Correct,1.000000
datasets/test/Leaf_Blight/Leaf_Blight00291.jpg,Leaf_Blight,Leaf_Blight,Correct,0.999851
datasets/test/Healthy_Leaf/Healthy_Leaf00309.jpg,Healthy_Leaf,Healthy_Leaf,Correct,0.999999
datasets/train/Leaf_Gall/Leaf_Gall00571.jpg,Leaf_Gall,Leaf_Gall,Correct,0.999988
datasets/test/Fungal_Leaf_Spot/Fungal_Leaf_Spot00559.jpg,Fungal_Leaf_Spot,Fungal_Leaf_Spot,Correct,1.000000
datasets/test/Healthy_Leaf/Healthy_Leaf00182.jpg,Healthy_Leaf,Healthy_Leaf,Correct,0.999999
datasets/train/Fungal_Leaf_Spot/Fungal_Leaf_Spot00008.jpg,Fungal_Leaf_Spot,Fungal_Leaf_Spot,Correct,1.000000
datasets/train/Healthy_Leaf/Healthy_Leaf00130.jpg,Healthy_Leaf,Healthy_Leaf,Correct,1.000000
datasets/train/Fungal_Leaf_Spot/Fungal_Leaf_Spot00254.jpg,Fungal_Leaf_Spot,Fungal_Leaf_Spot,Correct,1.000000
datasets/test/Dry_Leaf/Dry_Leaf00185.jpg,Dry_Leaf,Dry_Leaf,Correct,1.000000
datasets/train/Dry_Leaf/Dry_Leaf00006.jpg,Dry_Leaf,Dry_Leaf,Correct,0.999998
datasets/test/Felt_Leaf/Felt_Leaf00182.jpg,Felt_Leaf,Felt_Leaf,Correct,0.998477
datasets/train/Bituminous_Leaf/Bituminous_Leaf00029.jpg,Bituminous_Leaf,Bituminous_Leaf,Correct,1.000000
datasets/train/Dry_Leaf/Dry_Leaf00199.jpg,Dry_Leaf,Dry_Leaf,Correct,1.000000
datasets/train/Felt_Leaf/Felt_Leaf00148.jpg,Felt_Leaf,Felt_Leaf,Correct,0.969604
datasets/test/Dry_Leaf/Dry_Leaf00364.jpg,Dry_Leaf,Dry_Leaf,Correct,0.996990
datasets/test/Dry_Leaf/Dry_Leaf00282.jpg,Dry_Leaf,Dry_Leaf,Correct,1.000000
datasets/test/Leaf_Blight/Leaf_Blight00400.jpg,Leaf_Blight,Leaf_Blight,Correct,0.999893
datasets/test/Healthy_Leaf/Healthy_Leaf00503.jpg,Healthy_Leaf,Healthy_Leaf,Correct,1.000000
datasets/test/Fungal_Leaf_Spot/Fungal_Leaf_Spot00144.jpg,Fungal_Leaf_Spot,Fungal_Leaf_Spot,Correct,0.999999
datasets/train/Felt_Leaf/Felt_Leaf00132.jpg,Felt_Leaf,Felt_Leaf,Correct,0.999981
datasets/test/Healthy_Leaf/Healthy_Leaf00620.jpg,Healthy_Leaf,Healthy_Leaf,Correct,0.999999
datasets/train/Healthy_Leaf/Healthy_Leaf00056.jpg,Healthy_Leaf,Healthy_Leaf,Correct,0.999957
datasets/train/Anthrax_Leaf/Anthrax_Leaf00094.jpg,Anthrax_Leaf,Anthrax_Leaf,Correct,0.999975
datasets/test/Deficiency_Leaf/Deficiency_Leaf00100.jpg,Deficiency_Leaf,Deficiency_Leaf,Correct,0.991551
datasets/train/Felt_Leaf/Felt_Leaf00254.jpg,Felt_Leaf,Felt_Leaf,Correct,1.000000
datasets/test/Leaf_Blight/Leaf_Blight00229.jpg,Leaf_Blight,Leaf_Blight,Correct,1.000000
datasets/train/Curl_Leaf/Curl_Leaf00165.jpg,Curl_Leaf,Curl_Leaf,Correct,1.000000
datasets/test/Leaf_Gall/Leaf_Gall00091.jpg,Leaf_Gall,Leaf_Gall,Correct,1.000000
datasets/train/Fungal_Leaf_Spot/Fungal_Leaf_Spot00489.jpg,Fungal_Leaf_Spot,Fungal_Leaf_Spot,Correct,0.999998
datasets/train/Healthy_Leaf/Healthy_Leaf00172.jpg,Healthy_Leaf,Healthy_Leaf,Correct,1.000000
datasets/test/Felt_Leaf/Felt_Leaf00209.jpg,Felt_Leaf,Felt_Leaf,Correct,0.573882
datasets/test/Felt_Leaf/Felt_Leaf00360.jpg,Felt_Leaf,Felt_Leaf,Correct,0.999938
datasets/train/Healthy_Leaf/Healthy_Leaf00147.jpg,Healthy_Leaf,Healthy_Leaf,Correct,1.000000
datasets/train/Leaf_Gall/Leaf_Gall00118.jpg,Leaf_Gall,Leaf_Gall,Correct,1.000000
datasets/test/Leaf_Gall/Leaf_Gall00160.jpg,Leaf_Gall,Leaf_Gall,Correct,1.000000
datasets/test/Leaf_Gall/Leaf_Gall00549.jpg,Leaf_Gall,Leaf_Gall,Correct,0.999999
datasets/test/Healthy_Leaf/Healthy_Leaf00067.jpg,Healthy_Leaf,Healthy_Leaf,Correct,0.999998
datasets/test/Fungal_Leaf_Spot/Fungal_Leaf_Spot00158.jpg,Fungal_Leaf_Spot,Fungal_Leaf_Spot,Correct,0.999998
datasets/test/Leaf_Blight/Leaf_Blight00122.jpg,Leaf_Blight,Leaf_Blight,Correct,1.000000
datasets/test/Healthy_Leaf/Healthy_Leaf00075.jpg,Healthy_Leaf,Healthy_Leaf,Correct,1.000000
datasets/test/Leaf_Gall/Leaf_Gall00542.jpg,Leaf_Gall,Leaf_Gall,Correct,0.999999
datasets/train/Felt_Leaf/Felt_Leaf00342.jpg,Felt_Leaf,Felt_Leaf,Correct,0.999941
datasets/test/Dry_Leaf/Dry_Leaf00229.jpg,Dry_Leaf,Dry_Leaf,Correct,1.000000
datasets/test/Dry_Leaf/Dry_Leaf00312.jpg,Dry_Leaf,Dry_Leaf,Correct,1.000000
datasets/test/Healthy_Leaf/Healthy_Leaf00380.jpg,Healthy_Leaf,Healthy_Leaf,Correct,0.999999
datasets/train/Felt_Leaf/Felt_Leaf00255.jpg,Felt_Leaf,Felt_Leaf,Correct,0.996702
datasets/train/Leaf_Gall/Leaf_Gall00224.jpg,Leaf_Gall,Leaf_Gall,Correct,0.999999
datasets/test/Felt_Leaf/Felt_Leaf00325.jpg,Felt_Leaf,Felt_Leaf,Correct,0.999632
datasets/test/Leaf_Gall/Leaf_Gall00023.jpg,Leaf_Gall,Leaf_Gall,Correct,0.999997
datasets/test/Fungal_Leaf_Spot/Fungal_Leaf_Spot00511.jpg,Fungal_Leaf_Spot,Fungal_Leaf_Spot,Correct,1.000000
datasets/train/Fungal_Leaf_Spot/Fungal_Leaf_Spot00502.jpg,Fungal_Leaf_Spot,Fungal_Leaf_Spot,Correct,1.000000
datasets/train/Bituminous_Leaf/Bituminous_Leaf00057.jpg,Bituminous_Leaf,Bituminous_Leaf,Correct,0.999925
datasets/train/Dry_Leaf/Dry_Leaf00369.jpg,Dry_Leaf,Dry_Leaf,Correct,1.000000
datasets/test/Healthy_Leaf/Healthy_Leaf00563.jpg,Healthy_Leaf,Healthy_Leaf,Correct,0.999995
datasets/test/Bituminous_Leaf/Bituminous_Leaf00074.jpg,Bituminous_Leaf,Bituminous_Leaf,Correct,0.999999
datasets/train/Healthy_Leaf/Healthy_Leaf00026.jpg,Healthy_Leaf,Healthy_Leaf,Correct,0.999788
datasets/train/Leaf_Blight/Leaf_Blight00315.jpg,Leaf_Blight,Leaf_Blight,Correct,1.000000
datasets/test/Fungal_Leaf_Spot/Fungal_Leaf_Spot00565.jpg,Fungal_Leaf_Spot,Fungal_Leaf_Spot,Correct,1.000000
datasets/test/Dry_Leaf/Dry_Leaf00058.jpg,Dry_Leaf,Dry_Leaf,Correct,1.000000
datasets/train/Curl_Leaf/Curl_Leaf00152.jpg,Curl_Leaf,Curl_Leaf,Correct,1.000000
datasets/test/Anthrax_Leaf/Anthrax_Leaf00108.jpg,Anthrax_Leaf,Anthrax_Leaf,Correct,0.999988
datasets/train/Leaf_Gall/Leaf_Gall00137.jpg,Leaf_Gall,Leaf_Gall,Correct,1.000000
datasets/test/Leaf_Gall/Leaf_Gall00089.jpg,Leaf_Gall,Leaf_Gall,Correct,1.000000
datasets/test/Bituminous_Leaf/Bituminous_Leaf00003.jpg,Bituminous_Leaf,Bituminous_Leaf,Correct,1.000000
datasets/train/Healthy_Leaf/Healthy_Leaf00599.jpg,Healthy_Leaf,Healthy_Leaf,Correct,1.000000
datasets/test/Leaf_Blight/Leaf_Blight00520.jpg,Leaf_Blight,Leaf_Blight,Correct,1.000000
datasets/test/Bituminous_Leaf/Bituminous_Leaf00021.jpg,Bituminous_Leaf,Bituminous_Leaf,Correct,0.997569
datasets/train/Dry_Leaf/Dry_Leaf00313.jpg,Dry_Leaf,Dry_Leaf,Correct,1.000000
datasets/test/Bituminous_Leaf/Bituminous_Leaf00090.jpg,Bituminous_Leaf,Bituminous_Leaf,Correct,1.000000
datasets/test/Leaf_Gall/Leaf_Gall00475.jpg,Leaf_Gall,Leaf_Gall,Correct,1.000000
datasets/train/Leaf_Gall/Leaf_Gall00086.jpg,Leaf_Gall,Leaf_Gall,Correct,1.000000
datasets/test/Dry_Leaf/Dry_Leaf00219.jpg,Dry_Leaf,Dry_Leaf,Correct,0.999884
datasets/test/Curl_Leaf/Curl_Leaf00081.jpg,Curl_Leaf,Curl_Leaf,Correct,0.998418
datasets/test/Leaf_Blight/Leaf_Blight00277.jpg,Leaf_Blight,Leaf_Blight,Correct,1.000000
datasets/train/Leaf_Gall/Leaf_Gall00140.jpg,Leaf_Gall,Leaf_Gall,Correct,0.999997
datasets/train/Leaf_Gall/Leaf_Gall00062.jpg,Leaf_Gall,Leaf_Gall,Correct,0.999942
datasets/train/Leaf_Gall/Leaf_Gall00093.jpg,Leaf_Gall,Leaf_Gall,Correct,1.000000
datasets/train/Anthrax_Leaf/Anthrax_Leaf00105.jpg,Anthrax_Leaf,Anthrax_Leaf,Correct,0.999959
datasets/train/Dry_Leaf/Dry_Leaf00110.jpg,Dry_Leaf,Dry_Leaf,Correct,1.000000
datasets/train/Leaf_Gall/Leaf_Gall00464.jpg,Leaf_Gall,Leaf_Gall,Correct,0.951614
datasets/test/Bituminous_Leaf/Bituminous_Leaf00133.jpg,Bituminous_Leaf,Bituminous_Leaf,Correct,1.000000
datasets/test/Healthy_Leaf/Healthy_Leaf00413.jpg,Healthy_Leaf,Healthy_Leaf,Correct,1.000000
datasets/test/Healthy_Leaf/Healthy_Leaf00526.jpg,Healthy_Leaf,Healthy_Leaf,Correct,0.999987
datasets/test/Healthy_Leaf/Healthy_Leaf00547.jpg,Healthy_Leaf,Healthy_Leaf,Correct,0.999988
datasets/test/Dry_Leaf/Dry_Leaf00181.jpg,Dry_Leaf,Dry_Leaf,Correct,0.999984
datasets/train/Fungal_Leaf_Spot/Fungal_Leaf_Spot00184.jpg,Fungal_Leaf_Spot,Fungal_Leaf_Spot,Correct,1.000000
datasets/test/Dry_Leaf/Dry_Leaf00208.jpg,Dry_Leaf,Dry_Leaf,Correct,0.999970
datasets/test/Dry_Leaf/Dry_Leaf00221.jpg,Dry_Leaf,Dry_Leaf,Correct,1.000000
datasets/train/Leaf_Gall/Leaf_Gall00554.jpg,Leaf_Gall,Leaf_Gall,Correct,1.000000
datasets/train/Leaf_Gall/Leaf_Gall00240.jpg,Leaf_Gall,Leaf_Gall,Correct,1.000000
datasets/train/Felt_Leaf/Felt_Leaf00118.jpg,Felt_Leaf,Felt_Leaf,Correct,0.999950
datasets/test/Leaf_Blight/Leaf_Blight00583.jpg,Leaf_Blight,Leaf_Blight,Correct,0.999921
datasets/test/Leaf_Blight/Leaf_Blight00087.jpg,Leaf_Blight,Leaf_Blight,Correct,0.983613
datasets/test/Dry_Leaf/Dry_Leaf00150.jpg,Dry_Leaf,Dry_Leaf,Correct,1.000000
datasets/test/Fungal_Leaf_Spot/Fungal_Leaf_Spot00109.jpg,Fungal_Leaf_Spot,Fungal_Leaf_Spot,Correct,0.999986
datasets/test/Leaf_Blight/Leaf_Blight00472.jpg,Leaf_Blight,Leaf_Blight,Correct,1.000000
datasets/train/Leaf_Gall/Leaf_Gall00412.jpg,Leaf_Gall,Leaf_Gall,Correct,1.000000
datasets/test/Leaf_Blight/Leaf_Blight00052.jpg,Leaf_Blight,Leaf_Blight,Correct,0.988527
datasets/train/Healthy_Leaf/Healthy_Leaf00495.jpg,Healthy_Leaf,Healthy_Leaf,Correct,0.996098
datasets/train/Healthy_Leaf/Healthy_Leaf00049.jpg,Healthy_Leaf,Healthy_Leaf,Correct,0.999995
datasets/train/Leaf_Gall/Leaf_Gall00186.jpg,Leaf_Gall,Leaf_Gall,Correct,1.000000
datasets/train/Felt_Leaf/Felt_Leaf00168.jpg,Felt_Leaf,Felt_Leaf,Correct,0.999998
datasets/test/Leaf_Blight/Leaf_Blight00305.jpg,Leaf_Blight,Leaf_Blight,Correct,1.000000
datasets/test/Healthy_Leaf/Healthy_Leaf00626.jpg,Healthy_Leaf,Healthy_Leaf,Correct,0.999976
datasets/train/Leaf_Blight/Leaf_Blight00282.jpg,Leaf_Blight,Leaf_Blight,Correct,1.000000
datasets/test/Felt_Leaf/Felt_Leaf00279.jpg,Felt_Leaf,Felt_Leaf,Correct,0.879487
datasets/test/Leaf_Blight/Leaf_Blight00469.jpg,Leaf_Blight,Leaf_Blight,Correct,1.000000
datasets/test/Leaf_Gall/Leaf_Gall00524.jpg,Leaf_Gall,Leaf_Gall,Correct,0.864105
datasets/test/Healthy_Leaf/Healthy_Leaf00279.jpg,Healthy_Leaf,Healthy_Leaf,Correct,0.999999
datasets/train/Leaf_Gall/Leaf_Gall00516.jpg,Leaf_Gall,Leaf_Gall,Correct,0.999999
datasets/test/Dry_Leaf/Dry_Leaf00088.jpg,Dry_Leaf,Dry_Leaf,Correct,0.999999
datasets/test/Anthrax_Leaf/Anthrax_Leaf00104.jpg,Anthrax_Leaf,Anthrax_Leaf,Correct,1.000000
datasets/train/Felt_Leaf/Felt_Leaf00091.jpg,Felt_Leaf,Felt_Leaf,Correct,0.999745
datasets/test/Felt_Leaf/Felt_Leaf00341.jpg,Felt_Leaf,Felt_Leaf,Correct,0.999886
datasets/test/Bituminous_Leaf/Bituminous_Leaf00120.jpg,Bituminous_Leaf,Bituminous_Leaf,Correct,0.999975
datasets/test/Bituminous_Leaf/Bituminous_Leaf00072.jpg,Bituminous_Leaf,Bituminous_Leaf,Correct,1.000000
datasets/test/Fungal_Leaf_Spot/Fungal_Leaf_Spot00291.jpg,Fungal_Leaf_Spot,Fungal_Leaf_Spot,Correct,1.000000
datasets/train/Healthy_Leaf/Healthy_Leaf00034.jpg,Healthy_Leaf,Healthy_Leaf,Correct,1.000000
datasets/train/Leaf_Gall/Leaf_Gall00145.jpg,Leaf_Gall,Leaf_Gall,Correct,0.999988
datasets/train/Leaf_Gall/Leaf_Gall00361.jpg,Leaf_Gall,Leaf_Gall,Correct,0.979851
datasets/test/Leaf_Gall/Leaf_Gall00452.jpg,Leaf_Gall,Leaf_Gall,Correct,0.987372
datasets/train/Fungal_Leaf_Spot/Fungal_Leaf_Spot00072.jpg,Fungal_Leaf_Spot,Fungal_Leaf_Spot,Correct,1.000000
datasets/test/Fungal_Leaf_Spot/Fungal_Leaf_Spot00564.jpg,Fungal_Leaf_Spot,Fungal_Leaf_Spot,Correct,0.999999
datasets/train/Leaf_Blight/Leaf_Blight00486.jpg,Leaf_Blight,Leaf_Blight,Correct,1.000000
datasets/test/Anthrax_Leaf/Anthrax_Leaf00020.jpg,Anthrax_Leaf,Anthrax_Leaf,Correct,1.000000
datasets/test/Dry_Leaf/Dry_Leaf00144.jpg,Dry_Leaf,Dry_Leaf,Correct,0.999997
datasets/test/Dry_Leaf/Dry_Leaf00204.jpg,Dry_Leaf,Dry_Leaf,Correct,1.000000
datasets/train/Healthy_Leaf/Healthy_Leaf00236.jpg,Healthy_Leaf,Healthy_Leaf,Correct,0.999985
datasets/test/Fungal_Leaf_Spot/Fungal_Leaf_Spot00530.jpg,Fungal_Leaf_Spot,Fungal_Leaf_Spot,Correct,1.000000
datasets/test/Felt_Leaf/Felt_Leaf00058.jpg,Felt_Leaf,Felt_Leaf,Correct,0.998979
datasets/train/Healthy_Leaf/Healthy_Leaf00137.jpg,Healthy_Leaf,Healthy_Leaf,Correct,0.999959
datasets/train/Curl_Leaf/Curl_Leaf00004.jpg,Curl_Leaf,Curl_Leaf,Correct,1.000000
datasets/test/Felt_Leaf/Felt_Leaf00249.jpg,Felt_Leaf,Felt_Leaf,Correct,1.000000
datasets/test/Leaf_Blight/Leaf_Blight00375.jpg,Leaf_Blight,Leaf_Blight,Correct,1.000000
datasets/test/Fungal_Leaf_Spot/Fungal_Leaf_Spot00173.jpg,Fungal_Leaf_Spot,Fungal_Leaf_Spot,Correct,1.000000
datasets/train/Fungal_Leaf_Spot/Fungal_Leaf_Spot00090.jpg,Fungal_Leaf_Spot,Fungal_Leaf_Spot,Correct,0.999993
datasets/test/Deficiency_Leaf/Deficiency_Leaf00086.jpg,Deficiency_Leaf,Deficiency_Leaf,Correct,0.999635
datasets/train/Leaf_Gall/Leaf_Gall00528.jpg,Leaf_Gall,Leaf_Gall,Correct,0.998860
datasets/train/Anthrax_Leaf/Anthrax_Leaf00136.jpg,Anthrax_Leaf,Anthrax_Leaf,Correct,1.000000
datasets/train/Bituminous_Leaf/Bituminous_Leaf00030.jpg,Bituminous_Leaf,Bituminous_Leaf,Correct,1.000000
datasets/test/Leaf_Gall/Leaf_Gall00011.jpg,Leaf_Gall,Leaf_Gall,Correct,0.999925
datasets/test/Healthy_Leaf/Healthy_Leaf00237.jpg,Healthy_Leaf,Healthy_Leaf,Correct,1.000000
datasets/test/Leaf_Gall/Leaf_Gall00210.jpg,Leaf_Gall,Leaf_Gall,Correct,1.000000
datasets/test/Leaf_Gall/Leaf_Gall00580.jpg,Leaf_Gall,Leaf_Gall,Correct,0.999995
datasets/test/Healthy_Leaf/Healthy_Leaf00153.jpg,Healthy_Leaf,Healthy_Leaf,Correct,1.000000
datasets/test/Felt_Leaf/Felt_Leaf00203.jpg,Felt_Leaf,Felt_Leaf,Correct,0.999916
datasets/train/Bituminous_Leaf/Bituminous_Leaf00054.jpg,Bituminous_Leaf,Bituminous_Leaf,Correct,0.999788
datasets/test/Deficiency_Leaf/Deficiency_Leaf00040.jpg,Deficiency_Leaf,Deficiency_Leaf,Correct,0.999998
datasets/train/Leaf_Blight/Leaf_Blight00216.jpg,Leaf_Blight,Leaf_Blight,Correct,0.995872
datasets/test/Leaf_Gall/Leaf_Gall00595.jpg,Leaf_Gall,Leaf_Gall,Correct,1.000000
datasets/train/Leaf_Blight/Leaf_Blight00515.jpg,Leaf_Blight,Leaf_Blight,Correct,1.000000
datasets/test/Felt_Leaf/Felt_Leaf00124.jpg,Felt_Leaf,Felt_Leaf,Correct,0.999999
datasets/test/Felt_Leaf/Felt_Leaf00062.jpg,Felt_Leaf,Felt_Leaf,Correct,0.999880
datasets/test/Fungal_Leaf_Spot/Fungal_Leaf_Spot00456.jpg,Fungal_Leaf_Spot,Fungal_Leaf_Spot,Correct,0.999964
datasets/test/Dry_Leaf/Dry_Leaf00321.jpg,Dry_Leaf,Dry_Leaf,Correct,1.000000
datasets/train/Fungal_Leaf_Spot/Fungal_Leaf_Spot00341.jpg,Fungal_Leaf_Spot,Fungal_Leaf_Spot,Correct,0.999971
datasets/test/Felt_Leaf/Felt_Leaf00150.jpg,Felt_Leaf,Felt_Leaf,Correct,0.983804
datasets/train/Healthy_Leaf/Healthy_Leaf00444.jpg,Healthy_Leaf,Healthy_Leaf,Correct,0.999999
datasets/train/Felt_Leaf/Felt_Leaf00270.jpg,Felt_Leaf,Felt_Leaf,Correct,0.995468
datasets/test/Dry_Leaf/Dry_Leaf00051.jpg,Dry_Leaf,Dry_Leaf,Correct,0.999999
datasets/test/Leaf_Blight/Leaf_Blight00484.jpg,Leaf_Blight,Leaf_Blight,Correct,1.000000
datasets/train/Fungal_Leaf_Spot/Fungal_Leaf_Spot00212.jpg,Fungal_Leaf_Spot,Fungal_Leaf_Spot,Correct,1.000000
datasets/train/Anthrax_Leaf/Anthrax_Leaf00064.jpg,Anthrax_Leaf,Anthrax_Leaf,Correct,1.000000
datasets/train/Leaf_Gall/Leaf_Gall00497.jpg,Leaf_Gall,Leaf_Gall,Correct,0.999999
datasets/test/Leaf_Blight/Leaf_Blight00131.jpg,Leaf_Blight,Leaf_Blight,Correct,0.999912
datasets/train/Healthy_Leaf/Healthy_Leaf00082.jpg,Healthy_Leaf,Healthy_Leaf,Correct,1.000000
datasets/test/Fungal_Leaf_Spot/Fungal_Leaf_Spot00402.jpg,Fungal_Leaf_Spot,Fungal_Leaf_Spot,Correct,1.000000
datasets/train/Dry_Leaf/Dry_Leaf00224.jpg,Dry_Leaf,Dry_Leaf,Correct,0.999998
datasets/test/Healthy_Leaf/Healthy_Leaf00081.jpg,Healthy_Leaf,Healthy_Leaf,Correct,1.000000
datasets/train/Healthy_Leaf/Healthy_Leaf00186.jpg,Healthy_Leaf,Healthy_Leaf,Correct,1.000000
datasets/test/Dry_Leaf/Dry_Leaf00278.jpg,Dry_Leaf,Dry_Leaf,Correct,1.000000
datasets/train/Dry_Leaf/Dry_Leaf00105.jpg,Dry_Leaf,Dry_Leaf,Correct,1.000000
datasets/train/Dry_Leaf/Dry_Leaf00054.jpg,Dry_Leaf,Dry_Leaf,Correct,1.000000
datasets/test/Dry_Leaf/Dry_Leaf00288.jpg,Dry_Leaf,Dry_Leaf,Correct,1.000000
datasets/train/Dry_Leaf/Dry_Leaf00081.jpg,Dry_Leaf,Dry_Leaf,Correct,1.000000
datasets/test/Dry_Leaf/Dry_Leaf00337.jpg,Dry_Leaf,Dry_Leaf,Correct,0.999997
datasets/test/Fungal_Leaf_Spot/Fungal_Leaf_Spot00146.jpg,Fungal_Leaf_Spot,Fungal_Leaf_Spot,Correct,1.000000
datasets/train/Deficiency_Leaf/Deficiency_Leaf00006.jpg,Deficiency_Leaf,Deficiency_Leaf,Correct,0.999751
datasets/test/Deficiency_Leaf/Deficiency_Leaf00041.jpg,Deficiency_Leaf,Deficiency_Leaf,Correct,0.999320
datasets/test/Fungal_Leaf_Spot/Fungal_Leaf_Spot00535.jpg,Fungal_Leaf_Spot,Fungal_Leaf_Spot,Correct,0.999999
datasets/test/Leaf_Blight/Leaf_Blight00069.jpg,Leaf_Blight,Leaf_Blight,Correct,0.999898
datasets/test/Fungal_Leaf_Spot/Fungal_Leaf_Spot00549.jpg,Fungal_Leaf_Spot,Fungal_Leaf_Spot,Correct,1.000000
datasets/test/Healthy_Leaf/Healthy_Leaf00575.jpg,Healthy_Leaf,Healthy_Leaf,Correct,0.999999
datasets/test/Healthy_Leaf/Healthy_Leaf00414.jpg,Healthy_Leaf,Healthy_Leaf,Correct,0.999986
datasets/test/Leaf_Gall/Leaf_Gall00490.jpg,Leaf_Gall,Leaf_Gall,Correct,1.000000
datasets/test/Felt_Leaf/Felt_Leaf00251.jpg,Felt_Leaf,Felt_Leaf,Correct,0.999999
datasets/train/Dry_Leaf/Dry_Leaf00276.jpg,Dry_Leaf,Dry_Leaf,Correct,0.999999
datasets/train/Deficiency_Leaf/Deficiency_Leaf00082.jpg,Deficiency_Leaf,Deficiency_Leaf,Correct,0.993043
datasets/train/Leaf_Gall/Leaf_Gall00456.jpg,Leaf_Gall,Leaf_Gall,Correct,0.999993
datasets/test/Felt_Leaf/Felt_Leaf00250.jpg,Felt_Leaf,Felt_Leaf,Correct,1.000000
datasets/test/Leaf_Gall/Leaf_Gall00301.jpg,Leaf_Gall,Leaf_Gall,Correct,1.000000
datasets/test/Fungal_Leaf_Spot/Fungal_Leaf_Spot00381.jpg,Fungal_Leaf_Spot,Fungal_Leaf_Spot,Correct,0.999894
datasets/test/Fungal_Leaf_Spot/Fungal_Leaf_Spot00131.jpg,Fungal_Leaf_Spot,Fungal_Leaf_Spot,Correct,1.000000
datasets/test/Leaf_Gall/Leaf_Gall00294.jpg,Leaf_Gall,Leaf_Gall,Correct,1.000000
datasets/test/Leaf_Blight/Leaf_Blight00587.jpg,Leaf_Blight,Leaf_Blight,Correct,0.999936
datasets/test/Curl_Leaf/Curl_Leaf00132.jpg,Curl_Leaf,Curl_Leaf,Correct,1.000000
datasets/test/Leaf_Gall/Leaf_Gall00367.jpg,Leaf_Gall,Leaf_Gall,Correct,1.000000
datasets/train/Leaf_Gall/Leaf_Gall00491.jpg,Leaf_Gall,Leaf_Gall,Correct,1.000000
datasets/train/Dry_Leaf/Dry_Leaf00374.jpg,Dry_Leaf,Dry_Leaf,Correct,0.999999
datasets/test/Anthrax_Leaf/Anthrax_Leaf00061.jpg,Anthrax_Leaf,Anthrax_Leaf,Correct,1.000000
datasets/train/Leaf_Blight/Leaf_Blight00422.jpg,Leaf_Blight,Leaf_Blight,Correct,0.881528
datasets/train/Fungal_Leaf_Spot/Fungal_Leaf_Spot00094.jpg,Fungal_Leaf_Spot,Fungal_Leaf_Spot,Correct,0.999987
datasets/test/Curl_Leaf/Curl_Leaf00096.jpg,Curl_Leaf,Curl_Leaf,Correct,0.999603
datasets/test/Fungal_Leaf_Spot/Fungal_Leaf_Spot00512.jpg,Fungal_Leaf_Spot,Fungal_Leaf_Spot,Correct,0.999997
datasets/train/Healthy_Leaf/Healthy_Leaf00305.jpg,Healthy_Leaf,Healthy_Leaf,Correct,1.000000
datasets/train/Dry_Leaf/Dry_Leaf00015.jpg,Dry_Leaf,Dry_Leaf,Correct,1.000000
datasets/test/Healthy_Leaf/Healthy_Leaf00125.jpg,Healthy_Leaf,Healthy_Leaf,Correct,0.999833
datasets/train/Healthy_Leaf/Healthy_Leaf00189.jpg,Healthy_Leaf,Healthy_Leaf,Correct,1.000000
datasets/test/Healthy_Leaf/Healthy_Leaf00516.jpg,Healthy_Leaf,Healthy_Leaf,Correct,0.989943
datasets/test/Deficiency_Leaf/Deficiency_Leaf00076.jpg,Deficiency_Leaf,Deficiency_Leaf,Correct,0.992211
datasets/test/Healthy_Leaf/Healthy_Leaf00332.jpg,Healthy_Leaf,Healthy_Leaf,Correct,1.000000
datasets/train/Healthy_Leaf/Healthy_Leaf00621.jpg,Healthy_Leaf,Healthy_Leaf,Correct,1.000000
datasets/test/Felt_Leaf/Felt_Leaf00210.jpg,Felt_Leaf,Felt_Leaf,Correct,1.000000
datasets/train/Leaf_Blight/Leaf_Blight00040.jpg,Leaf_Blight,Leaf_Blight,Correct,1.000000
datasets/test/Healthy_Leaf/Healthy_Leaf00532.jpg,Healthy_Leaf,Healthy_Leaf,Correct,1.000000
datasets/test/Bituminous_Leaf/Bituminous_Leaf00017.jpg,Bituminous_Leaf,Bituminous_Leaf,Correct,1.000000
datasets/test/Healthy_Leaf/Healthy_Leaf00483.jpg,Healthy_Leaf,Healthy_Leaf,Correct,0.999374
datasets/train/Dry_Leaf/Dry_Leaf00217.jpg,Dry_Leaf,Dry_Leaf,Correct,0.999999
datasets/test/Leaf_Blight/Leaf_Blight00318.jpg,Leaf_Blight,Leaf_Blight,Correct,1.000000
datasets/test/Healthy_Leaf/Healthy_Leaf00560.jpg,Healthy_Leaf,Healthy_Leaf,Correct,0.999984
datasets/test/Felt_Leaf/Felt_Leaf00233.jpg,Felt_Leaf,Felt_Leaf,Correct,0.999997
datasets/test/Dry_Leaf/Dry_Leaf00179.jpg,Dry_Leaf,Dry_Leaf,Correct,1.000000
datasets/test/Leaf_Blight/Leaf_Blight00245.jpg,Leaf_Blight,Leaf_Blight,Correct,0.999806
datasets/test/Leaf_Blight/Leaf_Blight00567.jpg,Leaf_Blight,Leaf_Blight,Correct,1.000000
datasets/test/Leaf_Blight/Leaf_Blight00079.jpg,Leaf_Blight,Leaf_Blight,Correct,0.644140
datasets/train/Healthy_Leaf/Healthy_Leaf00254.jpg,Healthy_Leaf,Healthy_Leaf,Correct,0.994869
datasets/train/Leaf_Blight/Leaf_Blight00243.jpg,Leaf_Blight,Leaf_Blight,Correct,0.999999
datasets/train/Leaf_Gall/Leaf_Gall00557.jpg,Leaf_Gall,Leaf_Gall,Correct,1.000000
datasets/test/Leaf_Blight/Leaf_Blight00111.jpg,Leaf_Blight,Leaf_Gall,Incorrect,0.646654
datasets/test/Healthy_Leaf/Healthy_Leaf00401.jpg,Healthy_Leaf,Healthy_Leaf,Correct,1.000000
datasets/test/Anthrax_Leaf/Anthrax_Leaf00011.jpg,Anthrax_Leaf,Anthrax_Leaf,Correct,0.902764
datasets/train/Curl_Leaf/Curl_Leaf00170.jpg,Curl_Leaf,Curl_Leaf,Correct,1.000000
datasets/test/Leaf_Gall/Leaf_Gall00482.jpg,Leaf_Gall,Leaf_Gall,Correct,0.999999
datasets/train/Leaf_Gall/Leaf_Gall00272.jpg,Leaf_Gall,Leaf_Gall,Correct,0.999998
datasets/train/Healthy_Leaf/Healthy_Leaf00023.jpg,Healthy_Leaf,Healthy_Leaf,Correct,0.999999
datasets/test/Dry_Leaf/Dry_Leaf00041.jpg,Dry_Leaf,Dry_Leaf,Correct,1.000000
datasets/test/Dry_Leaf/Dry_Leaf00273.jpg,Dry_Leaf,Dry_Leaf,Correct,1.000000
datasets/train/Healthy_Leaf/Healthy_Leaf00240.jpg,Healthy_Leaf,Healthy_Leaf,Correct,1.000000
datasets/test/Leaf_Blight/Leaf_Blight00561.jpg,Leaf_Blight,Leaf_Blight,Correct,0.999999
datasets/test/Healthy_Leaf/Healthy_Leaf00246.jpg,Healthy_Leaf,Healthy_Leaf,Correct,0.496195
datasets/test/Dry_Leaf/Dry_Leaf00197.jpg,Dry_Leaf,Dry_Leaf,Correct,1.000000
datasets/test/Dry_Leaf/Dry_Leaf00155.jpg,Dry_Leaf,Dry_Leaf,Correct,1.000000
datasets/test/Fungal_Leaf_Spot/Fungal_Leaf_Spot00566.jpg,Fungal_Leaf_Spot,Fungal_Leaf_Spot,Correct,1.000000
datasets/train/Fungal_Leaf_Spot/Fungal_Leaf_Spot00443.jpg,Fungal_Leaf_Spot,Fungal_Leaf_Spot,Correct,0.999938
datasets/train/Anthrax_Leaf/Anthrax_Leaf00142.jpg,Anthrax_Leaf,Anthrax_Leaf,Correct,0.999807
datasets/test/Fungal_Leaf_Spot/Fungal_Leaf_Spot00441.jpg,Fungal_Leaf_Spot,Fungal_Leaf_Spot,Correct,0.999721
datasets/train/Fungal_Leaf_Spot/Fungal_Leaf_Spot00351.jpg,Fungal_Leaf_Spot,Fungal_Leaf_Spot,Correct,1.000000
datasets/train/Dry_Leaf/Dry_Leaf00248.jpg,Dry_Leaf,Dry_Leaf,Correct,0.999854
datasets/test/Fungal_Leaf_Spot/Fungal_Leaf_Spot00318.jpg,Fungal_Leaf_Spot,Fungal_Leaf_Spot,Correct,0.999697
datasets/train/Healthy_Leaf/Healthy_Leaf00263.jpg,Healthy_Leaf,Healthy_Leaf,Correct,0.999997
datasets/test/Leaf_Blight/Leaf_Blight00213.jpg,Leaf_Blight,Leaf_Blight,Correct,0.999428
datasets/test/Leaf_Blight/Leaf_Blight00549.jpg,Leaf_Blight,Leaf_Blight,Correct,1.000000
datasets/test/Fungal_Leaf_Spot/Fungal_Leaf_Spot00198.jpg,Fungal_Leaf_Spot,Fungal_Leaf_Spot,Correct,1.000000
datasets/test/Healthy_Leaf/Healthy_Leaf00248.jpg,Healthy_Leaf,Healthy_Leaf,Correct,0.999997
datasets/train/Healthy_Leaf/Healthy_Leaf00264.jpg,Healthy_Leaf,Healthy_Leaf,Correct,0.951629
datasets/test/Dry_Leaf/Dry_Leaf00132.jpg,Dry_Leaf,Dry_Leaf,Correct,1.000000
datasets/train/Healthy_Leaf/Healthy_Leaf00453.jpg,Healthy_Leaf,Healthy_Leaf,Correct,0.999988
datasets/test/Healthy_Leaf/Healthy_Leaf00294.jpg,Healthy_Leaf,Healthy_Leaf,Correct,1.000000
datasets/test/Fungal_Leaf_Spot/Fungal_Leaf_Spot00233.jpg,Fungal_Leaf_Spot,Fungal_Leaf_Spot,Correct,1.000000
datasets/train/Dry_Leaf/Dry_Leaf00247.jpg,Dry_Leaf,Dry_Leaf,Correct,1.000000
datasets/test/Leaf_Blight/Leaf_Blight00058.jpg,Leaf_Blight,Leaf_Blight,Correct,0.995894
datasets/test/Leaf_Gall/Leaf_Gall00264.jpg,Leaf_Gall,Leaf_Gall,Correct,1.000000
datasets/test/Curl_Leaf/Curl_Leaf00011.jpg,Curl_Leaf,Curl_Leaf,Correct,1.000000
datasets/test/Bituminous_Leaf/Bituminous_Leaf00091.jpg,Bituminous_Leaf,Bituminous_Leaf,Correct,0.999999
datasets/train/Healthy_Leaf/Healthy_Leaf00238.jpg,Healthy_Leaf,Healthy_Leaf,Correct,1.000000
datasets/test/Leaf_Gall/Leaf_Gall00126.jpg,Leaf_Gall,Leaf_Gall,Correct,1.000000
datasets/test/Leaf_Blight/Leaf_Blight00485.jpg,Leaf_Blight,Leaf_Blight,Correct,1.000000
datasets/train/Leaf_Blight/Leaf_Blight00404.jpg,Leaf_Blight,Leaf_Blight,Correct,0.997942
datasets/train/Healthy_Leaf/Healthy_Leaf00234.jpg,Healthy_Leaf,Healthy_Leaf,Correct,1.000000
datasets/test/Felt_Leaf/Felt_Leaf00366.jpg,Felt_Leaf,Felt_Leaf,Correct,0.916895
datasets/test/Leaf_Blight/Leaf_Blight00456.jpg,Leaf_Blight,Leaf_Blight,Correct,1.000000
datasets/test/Leaf_Gall/Leaf_Gall00391.jpg,Leaf_Gall,Leaf_Gall,Correct,0.999501
datasets/test/Leaf_Gall/Leaf_Gall00191.jpg,Leaf_Gall,Leaf_Gall,Correct,1.000000
datasets/test/Healthy_Leaf/Healthy_Leaf00389.jpg,Healthy_Leaf,Healthy_Leaf,Correct,1.000000
datasets/test/Leaf_Blight/Leaf_Blight00083.jpg,Leaf_Blight,Leaf_Blight,Correct,0.999851
datasets/test/Leaf_Gall/Leaf_Gall00016.jpg,Leaf_Gall,Leaf_Gall,Correct,0.953415
datasets/test/Curl_Leaf/Curl_Leaf00157.jpg,Curl_Leaf,Curl_Leaf,Correct,1.000000
datasets/test/Leaf_Blight/Leaf_Blight00046.jpg,Leaf_Blight,Leaf_Blight,Correct,1.000000
datasets/test/Healthy_Leaf/Healthy_Leaf00281.jpg,Healthy_Leaf,Healthy_Leaf,Correct,0.999995
datasets/test/Anthrax_Leaf/Anthrax_Leaf00140.jpg,Anthrax_Leaf,Anthrax_Leaf,Correct,1.000000
datasets/train/Fungal_Leaf_Spot/Fungal_Leaf_Spot00187.jpg,Fungal_Leaf_Spot,Fungal_Leaf_Spot,Correct,1.000000
datasets/test/Healthy_Leaf/Healthy_Leaf00292.jpg,Healthy_Leaf,Healthy_Leaf,Correct,1.000000
datasets/test/Fungal_Leaf_Spot/Fungal_Leaf_Spot00064.jpg,Fungal_Leaf_Spot,Fungal_Leaf_Spot,Correct,1.000000
datasets/train/Fungal_Leaf_Spot/Fungal_Leaf_Spot00287.jpg,Fungal_Leaf_Spot,Fungal_Leaf_Spot,Correct,0.999991
datasets/test/Felt_Leaf/Felt_Leaf00036.jpg,Felt_Leaf,Felt_Leaf,Correct,0.999985
datasets/test/Dry_Leaf/Dry_Leaf00351.jpg,Dry_Leaf,Dry_Leaf,Correct,1.000000
datasets/test/Fungal_Leaf_Spot/Fungal_Leaf_Spot00301.jpg,Fungal_Leaf_Spot,Fungal_Leaf_Spot,Correct,0.999987
datasets/train/Leaf_Blight/Leaf_Blight00280.jpg,Leaf_Blight,Leaf_Blight,Correct,1.000000
datasets/test/Fungal_Leaf_Spot/Fungal_Leaf_Spot00346.jpg,Fungal_Leaf_Spot,Fungal_Leaf_Spot,Correct,1.000000
datasets/train/Felt_Leaf/Felt_Leaf00295.jpg,Felt_Leaf,Felt_Leaf,Correct,0.963763
datasets/test/Fungal_Leaf_Spot/Fungal_Leaf_Spot00280.jpg,Fungal_Leaf_Spot,Fungal_Leaf_Spot,Correct,1.000000
datasets/test/Leaf_Blight/Leaf_Blight00497.jpg,Leaf_Blight,Leaf_Blight,Correct,1.000000
datasets/train/Leaf_Blight/Leaf_Blight00464.jpg,Leaf_Blight,Leaf_Blight,Correct,1.000000
datasets/test/Leaf_Gall/Leaf_Gall00194.jpg,Leaf_Gall,Leaf_Gall,Correct,0.999994
datasets/test/Leaf_Gall/Leaf_Gall00518.jpg,Leaf_Gall,Leaf_Gall,Correct,0.999979
datasets/train/Leaf_Blight/Leaf_Blight00443.jpg,Leaf_Blight,Leaf_Blight,Correct,0.999998
datasets/train/Dry_Leaf/Dry_Leaf00013.jpg,Dry_Leaf,Dry_Leaf,Correct,1.000000
datasets/test/Leaf_Gall/Leaf_Gall00539.jpg,Leaf_Gall,Leaf_Gall,Correct,0.999997
datasets/train/Anthrax_Leaf/Anthrax_Leaf00035.jpg,Anthrax_Leaf,Anthrax_Leaf,Correct,0.999991
datasets/test/Felt_Leaf/Felt_Leaf00187.jpg,Felt_Leaf,Felt_Leaf,Correct,0.999810
datasets/test/Healthy_Leaf/Healthy_Leaf00208.jpg,Healthy_Leaf,Healthy_Leaf,Correct,1.000000
datasets/test/Leaf_Gall/Leaf_Gall00339.jpg,Leaf_Gall,Leaf_Gall,Correct,0.994600
datasets/test/Felt_Leaf/Felt_Leaf00041.jpg,Felt_Leaf,Felt_Leaf,Correct,1.000000
datasets/test/Healthy_Leaf/Healthy_Leaf00112.jpg,Healthy_Leaf,Healthy_Leaf,Correct,1.000000
datasets/test/Deficiency_Leaf/Deficiency_Leaf00029.jpg,Deficiency_Leaf,Deficiency_Leaf,Correct,0.995993
datasets/train/Leaf_Gall/Leaf_Gall00090.jpg,Leaf_Gall,Leaf_Gall,Correct,1.000000
datasets/test/Healthy_Leaf/Healthy_Leaf00138.jpg,Healthy_Leaf,Healthy_Leaf,Correct,1.000000
datasets/train/Leaf_Blight/Leaf_Blight00454.jpg,Leaf_Blight,Leaf_Blight,Correct,1.000000
datasets/test/Felt_Leaf/Felt_Leaf00286.jpg,Felt_Leaf,Felt_Leaf,Correct,0.992053
datasets/test/Felt_Leaf/Felt_Leaf00238.jpg,Felt_Leaf,Felt_Leaf,Correct,0.999940
datasets/test/Healthy_Leaf/Healthy_Leaf00549.jpg,Healthy_Leaf,Healthy_Leaf,Correct,1.000000
datasets/test/Leaf_Gall/Leaf_Gall00531.jpg,Leaf_Gall,Leaf_Gall,Correct,0.999951
datasets/train/Fungal_Leaf_Spot/Fungal_Leaf_Spot00373.jpg,Fungal_Leaf_Spot,Fungal_Leaf_Spot,Correct,0.999992
datasets/train/Curl_Leaf/Curl_Leaf00025.jpg,Curl_Leaf,Curl_Leaf,Correct,1.000000
datasets/train/Felt_Leaf/Felt_Leaf00042.jpg,Felt_Leaf,Felt_Leaf,Correct,1.000000
datasets/train/Healthy_Leaf/Healthy_Leaf00270.jpg,Healthy_Leaf,Healthy_Leaf,Correct,0.999954
datasets/train/Dry_Leaf/Dry_Leaf00032.jpg,Dry_Leaf,Dry_Leaf,Correct,0.999991
datasets/train/Leaf_Blight/Leaf_Blight00505.jpg,Leaf_Blight,Leaf_Blight,Correct,0.999854
datasets/test/Healthy_Leaf/Healthy_Leaf00171.jpg,Healthy_Leaf,Healthy_Leaf,Correct,1.000000
datasets/train/Leaf_Blight/Leaf_Blight00252.jpg,Leaf_Blight,Leaf_Blight,Correct,0.999973
datasets/test/Fungal_Leaf_Spot/Fungal_Leaf_Spot00046.jpg,Fungal_Leaf_Spot,Fungal_Leaf_Spot,Correct,1.000000
datasets/train/Felt_Leaf/Felt_Leaf00345.jpg,Felt_Leaf,Felt_Leaf,Correct,0.999961
datasets/test/Leaf_Gall/Leaf_Gall00385.jpg,Leaf_Gall,Leaf_Gall,Correct,1.000000
datasets/test/Leaf_Blight/Leaf_Blight00255.jpg,Leaf_Blight,Leaf_Blight,Correct,0.999885
datasets/train/Deficiency_Leaf/Deficiency_Leaf00002.jpg,Deficiency_Leaf,Anthrax_Leaf,Incorrect,0.811385
datasets/test/Leaf_Blight/Leaf_Blight00440.jpg,Leaf_Blight,Leaf_Blight,Correct,0.999999
datasets/train/Leaf_Blight/Leaf_Blight00435.jpg,Leaf_Blight,Leaf_Blight,Correct,0.999999
datasets/test/Leaf_Blight/Leaf_Blight00526.jpg,Leaf_Blight,Leaf_Blight,Correct,0.999991
datasets/train/Felt_Leaf/Felt_Leaf00263.jpg,Felt_Leaf,Felt_Leaf,Correct,0.996657
datasets/train/Dry_Leaf/Dry_Leaf00108.jpg,Dry_Leaf,Dry_Leaf,Correct,1.000000
datasets/test/Fungal_Leaf_Spot/Fungal_Leaf_Spot00308.jpg,Fungal_Leaf_Spot,Fungal_Leaf_Spot,Correct,0.999999
datasets/train/Leaf_Gall/Leaf_Gall00419.jpg,Leaf_Gall,Leaf_Gall,Correct,0.994463
datasets/test/Healthy_Leaf/Healthy_Leaf00605.jpg,Healthy_Leaf,Healthy_Leaf,Correct,0.999093
datasets/train/Curl_Leaf/Curl_Leaf00091.jpg,Curl_Leaf,Curl_Leaf,Correct,0.999993
datasets/train/Anthrax_Leaf/Anthrax_Leaf00021.jpg,Anthrax_Leaf,Anthrax_Leaf,Correct,0.999979
datasets/test/Felt_Leaf/Felt_Leaf00281.jpg,Felt_Leaf,Felt_Leaf,Correct,0.999999
datasets/train/Leaf_Blight/Leaf_Blight00483.jpg,Leaf_Blight,Leaf_Blight,Correct,1.000000
datasets/test/Leaf_Gall/Leaf_Gall00608.jpg,Leaf_Gall,Leaf_Gall,Correct,1.000000
datasets/train/Healthy_Leaf/Healthy_Leaf00115.jpg,Healthy_Leaf,Healthy_Leaf,Correct,1.000000
datasets/train/Felt_Leaf/Felt_Leaf00362.jpg,Felt_Leaf,Felt_Leaf,Correct,0.999803
datasets/train/Felt_Leaf/Felt_Leaf00127.jpg,Felt_Leaf,Felt_Leaf,Correct,0.999998
datasets/test/Leaf_Gall/Leaf_Gall00564.jpg,Leaf_Gall,Leaf_Gall,Correct,0.999111
datasets/train/Felt_Leaf/Felt_Leaf00033.jpg,Felt_Leaf,Felt_Leaf,Correct,1.000000
datasets/test/Leaf_Gall/Leaf_Gall00290.jpg,Leaf_Gall,Leaf_Gall,Correct,1.000000
datasets/test/Healthy_Leaf/Healthy_Leaf00307.jpg,Healthy_Leaf,Healthy_Leaf,Correct,0.999989
datasets/test/Leaf_Blight/Leaf_Blight00427.jpg,Leaf_Blight,Leaf_Blight,Correct,1.000000
datasets/test/Bituminous_Leaf/Bituminous_Leaf00069.jpg,Bituminous_Leaf,Bituminous_Leaf,Correct,0.999992
datasets/test/Leaf_Gall/Leaf_Gall00353.jpg,Leaf_Gall,Leaf_Gall,Correct,0.999992
datasets/test/Healthy_Leaf/Healthy_Leaf00302.jpg,Healthy_Leaf,Healthy_Leaf,Correct,1.000000
datasets/train/Dry_Leaf/Dry_Leaf00246.jpg,Dry_Leaf,Dry_Leaf,Correct,1.000000
datasets/test/Healthy_Leaf/Healthy_Leaf00076.jpg,Healthy_Leaf,Healthy_Leaf,Correct,1.000000
datasets/test/Healthy_Leaf/Healthy_Leaf00163.jpg,Healthy_Leaf,Healthy_Leaf,Correct,1.000000
datasets/test/Bituminous_Leaf/Bituminous_Leaf00100.jpg,Bituminous_Leaf,Bituminous_Leaf,Correct,0.999999
datasets/train/Leaf_Gall/Leaf_Gall00216.jpg,Leaf_Gall,Leaf_Gall,Correct,1.000000
datasets/test/Leaf_Gall/Leaf_Gall00616.jpg,Leaf_Gall,Leaf_Gall,Correct,1.000000
datasets/test/Leaf_Gall/Leaf_Gall00022.jpg,Leaf_Gall,Leaf_Gall,Correct,0.999968
datasets/train/Curl_Leaf/Curl_Leaf00179.jpg,Curl_Leaf,Curl_Leaf,Correct,0.999962
datasets/test/Deficiency_Leaf/Deficiency_Leaf00097.jpg,Deficiency_Leaf,Deficiency_Leaf,Correct,0.999733
datasets/train/Anthrax_Leaf/Anthrax_Leaf00005.jpg,Anthrax_Leaf,Anthrax_Leaf,Correct,1.000000
datasets/test/Leaf_Gall/Leaf_Gall00358.jpg,Leaf_Gall,Leaf_Gall,Correct,0.998813
datasets/train/Fungal_Leaf_Spot/Fungal_Leaf_Spot00394.jpg,Fungal_Leaf_Spot,Fungal_Leaf_Spot,Correct,1.000000
datasets/train/Leaf_Blight/Leaf_Blight00227.jpg,Leaf_Blight,Leaf_Blight,Correct,0.999999
datasets/train/Leaf_Blight/Leaf_Blight00093.jpg,Leaf_Blight,Leaf_Blight,Correct,1.000000
datasets/test/Deficiency_Leaf/Deficiency_Leaf00089.jpg,Deficiency_Leaf,Deficiency_Leaf,Correct,0.944326
datasets/train/Leaf_Blight/Leaf_Blight00377.jpg,Leaf_Blight,Leaf_Blight,Correct,1.000000
datasets/train/Dry_Leaf/Dry_Leaf00352.jpg,Dry_Leaf,Dry_Leaf,Correct,1.000000
datasets/train/Leaf_Gall/Leaf_Gall00144.jpg,Leaf_Gall,Leaf_Gall,Correct,0.999989
datasets/test/Leaf_Gall/Leaf_Gall00054.jpg,Leaf_Gall,Leaf_Gall,Correct,1.000000
datasets/test/Leaf_Blight/Leaf_Blight00119.jpg,Leaf_Blight,Leaf_Blight,Correct,1.000000
datasets/test/Healthy_Leaf/Healthy_Leaf00559.jpg,Healthy_Leaf,Healthy_Leaf,Correct,1.000000
datasets/test/Leaf_Gall/Leaf_Gall00184.jpg,Leaf_Gall,Leaf_Gall,Correct,0.999994
datasets/test/Leaf_Blight/Leaf_Blight00042.jpg,Leaf_Blight,Leaf_Blight,Correct,1.000000
datasets/test/Leaf_Gall/Leaf_Gall00188.jpg,Leaf_Gall,Leaf_Gall,Correct,1.000000
datasets/test/Dry_Leaf/Dry_Leaf00361.jpg,Dry_Leaf,Dry_Leaf,Correct,0.999494
datasets/test/Healthy_Leaf/Healthy_Leaf00358.jpg,Healthy_Leaf,Healthy_Leaf,Correct,1.000000
datasets/test/Healthy_Leaf/Healthy_Leaf00521.jpg,Healthy_Leaf,Healthy_Leaf,Correct,0.999774
datasets/train/Healthy_Leaf/Healthy_Leaf00417.jpg,Healthy_Leaf,Healthy_Leaf,Correct,0.999997
datasets/test/Fungal_Leaf_Spot/Fungal_Leaf_Spot00358.jpg,Fungal_Leaf_Spot,Fungal_Leaf_Spot,Correct,0.999999
datasets/test/Leaf_Blight/Leaf_Blight00574.jpg,Leaf_Blight,Leaf_Blight,Correct,0.989832
datasets/test/Anthrax_Leaf/Anthrax_Leaf00112.jpg,Anthrax_Leaf,Anthrax_Leaf,Correct,0.999965
datasets/test/Healthy_Leaf/Healthy_Leaf00578.jpg,Healthy_Leaf,Healthy_Leaf,Correct,0.999946
datasets/train/Felt_Leaf/Felt_Leaf00071.jpg,Felt_Leaf,Felt_Leaf,Correct,0.999790
datasets/train/Healthy_Leaf/Healthy_Leaf00132.jpg,Healthy_Leaf,Healthy_Leaf,Correct,0.999993
datasets/test/Leaf_Blight/Leaf_Blight00201.jpg,Leaf_Blight,Leaf_Blight,Correct,1.000000
datasets/test/Fungal_Leaf_Spot/Fungal_Leaf_Spot00484.jpg,Fungal_Leaf_Spot,Fungal_Leaf_Spot,Correct,0.999998
datasets/train/Felt_Leaf/Felt_Leaf00247.jpg,Felt_Leaf,Felt_Leaf,Correct,0.988310
datasets/test/Dry_Leaf/Dry_Leaf00053.jpg,Dry_Leaf,Dry_Leaf,Correct,1.000000
datasets/train/Leaf_Gall/Leaf_Gall00508.jpg,Leaf_Gall,Leaf_Gall,Correct,0.999963
datasets/train/Bituminous_Leaf/Bituminous_Leaf00068.jpg,Bituminous_Leaf,Bituminous_Leaf,Correct,0.999999
datasets/train/Fungal_Leaf_Spot/Fungal_Leaf_Spot00281.jpg,Fungal_Leaf_Spot,Fungal_Leaf_Spot,Correct,1.000000
datasets/test/Fungal_Leaf_Spot/Fungal_Leaf_Spot00557.jpg,Fungal_Leaf_Spot,Fungal_Leaf_Spot,Correct,1.000000
datasets/train/Felt_Leaf/Felt_Leaf00103.jpg,Felt_Leaf,Felt_Leaf,Correct,0.999171
datasets/test/Leaf_Gall/Leaf_Gall00359.jpg,Leaf_Gall,Leaf_Gall,Correct,0.859898
datasets/test/Dry_Leaf/Dry_Leaf00357.jpg,Dry_Leaf,Dry_Leaf,Correct,0.999999
datasets/train/Healthy_Leaf/Healthy_Leaf00494.jpg,Healthy_Leaf,Leaf_Gall,Incorrect,0.613052
datasets/test/Leaf_Gall/Leaf_Gall00559.jpg,Leaf_Gall,Leaf_Gall,Correct,1.000000
datasets/test/Felt_Leaf/Felt_Leaf00198.jpg,Felt_Leaf,Felt_Leaf,Correct,0.999817
datasets/train/Felt_Leaf/Felt_Leaf00223.jpg,Felt_Leaf,Felt_Leaf,Correct,0.999982
datasets/train/Leaf_Gall/Leaf_Gall00051.jpg,Leaf_Gall,Leaf_Gall,Correct,0.999998
datasets/train/Healthy_Leaf/Healthy_Leaf00224.jpg,Healthy_Leaf,Healthy_Leaf,Correct,1.000000
datasets/test/Leaf_Blight/Leaf_Blight00564.jpg,Leaf_Blight,Leaf_Blight,Correct,1.000000
datasets/test/Leaf_Gall/Leaf_Gall00386.jpg,Leaf_Gall,Healthy_Leaf,Incorrect,0.977366
datasets/test/Leaf_Gall/Leaf_Gall00018.jpg,Leaf_Gall,Leaf_Gall,Correct,0.998334
datasets/test/Leaf_Gall/Leaf_Gall00114.jpg,Leaf_Gall,Leaf_Gall,Correct,0.999994
datasets/train/Leaf_Gall/Leaf_Gall00121.jpg,Leaf_Gall,Leaf_Gall,Correct,0.999999
datasets/test/Healthy_Leaf/Healthy_Leaf00216.jpg,Healthy_Leaf,Healthy_Leaf,Correct,0.999999
datasets/test/Leaf_Blight/Leaf_Blight00346.jpg,Leaf_Blight,Leaf_Blight,Correct,0.999998
datasets/test/Felt_Leaf/Felt_Leaf00230.jpg,Felt_Leaf,Felt_Leaf,Correct,0.999991
datasets/test/Healthy_Leaf/Healthy_Leaf00335.jpg,Healthy_Leaf,Healthy_Leaf,Correct,1.000000
datasets/test/Curl_Leaf/Curl_Leaf00106.jpg,Curl_Leaf,Curl_Leaf,Correct,0.998777
datasets/train/Bituminous_Leaf/Bituminous_Leaf00092.jpg,Bituminous_Leaf,Bituminous_Leaf,Correct,0.999999
datasets/test/Leaf_Gall/Leaf_Gall00253.jpg,Leaf_Gall,Leaf_Gall,Correct,0.999999
datasets/train/Dry_Leaf/Dry_Leaf00316.jpg,Dry_Leaf,Dry_Leaf,Correct,0.999995
datasets/test/Leaf_Blight/Leaf_Blight00363.jpg,Leaf_Blight,Leaf_Blight,Correct,1.000000
datasets/test/Fungal_Leaf_Spot/Fungal_Leaf_Spot00497.jpg,Fungal_Leaf_Spot,Fungal_Leaf_Spot,Correct,1.000000
datasets/train/Deficiency_Leaf/Deficiency_Leaf00008.jpg,Deficiency_Leaf,Deficiency_Leaf,Correct,0.782123
datasets/test/Fungal_Leaf_Spot/Fungal_Leaf_Spot00366.jpg,Fungal_Leaf_Spot,Fungal_Leaf_Spot,Correct,0.999932
datasets/test/Bituminous_Leaf/Bituminous_Leaf00059.jpg,Bituminous_Leaf,Bituminous_Leaf,Correct,0.999433
datasets/test/Deficiency_Leaf/Deficiency_Leaf00050.jpg,Deficiency_Leaf,Deficiency_Leaf,Correct,0.985342
datasets/test/Leaf_Blight/Leaf_Blight00264.jpg,Leaf_Blight,Leaf_Blight,Correct,0.999999
datasets/test/Bituminous_Leaf/Bituminous_Leaf00011.jpg,Bituminous_Leaf,Bituminous_Leaf,Correct,1.000000
datasets/test/Leaf_Gall/Leaf_Gall00167.jpg,Leaf_Gall,Leaf_Gall,Correct,0.993173
datasets/test/Leaf_Blight/Leaf_Blight00551.jpg,Leaf_Blight,Leaf_Blight,Correct,1.000000
datasets/test/Felt_Leaf/Felt_Leaf00204.jpg,Felt_Leaf,Felt_Leaf,Correct,0.999999
datasets/test/Fungal_Leaf_Spot/Fungal_Leaf_Spot00420.jpg,Fungal_Leaf_Spot,Fungal_Leaf_Spot,Correct,1.000000
datasets/test/Healthy_Leaf/Healthy_Leaf00205.jpg,Healthy_Leaf,Healthy_Leaf,Correct,0.999981
datasets/train/Leaf_Gall/Leaf_Gall00602.jpg,Leaf_Gall,Leaf_Gall,Correct,1.000000
datasets/train/Healthy_Leaf/Healthy_Leaf00406.jpg,Healthy_Leaf,Healthy_Leaf,Correct,1.000000
datasets/train/Leaf_Blight/Leaf_Blight00491.jpg,Leaf_Blight,Leaf_Blight,Correct,1.000000
datasets/test/Leaf_Gall/Leaf_Gall00477.jpg,Leaf_Gall,Leaf_Gall,Correct,1.000000
datasets/train/Leaf_Gall/Leaf_Gall00286.jpg,Leaf_Gall,Leaf_Gall,Correct,0.999999
datasets/test/Dry_Leaf/Dry_Leaf00227.jpg,Dry_Leaf,Dry_Leaf,Correct,1.000000
datasets/train/Curl_Leaf/Curl_Leaf00075.jpg,Curl_Leaf,Curl_Leaf,Correct,1.000000
datasets/train/Fungal_Leaf_Spot/Fungal_Leaf_Spot00066.jpg,Fungal_Leaf_Spot,Fungal_Leaf_Spot,Correct,1.000000
datasets/test/Healthy_Leaf/Healthy_Leaf00103.jpg,Healthy_Leaf,Healthy_Leaf,Correct,1.000000
datasets/test/Leaf_Gall/Leaf_Gall00295.jpg,Leaf_Gall,Leaf_Gall,Correct,1.000000
datasets/train/Leaf_Blight/Leaf_Blight00250.jpg,Leaf_Blight,Leaf_Blight,Correct,0.999939
datasets/test/Dry_Leaf/Dry_Leaf00228.jpg,Dry_Leaf,Dry_Leaf,Correct,1.000000
datasets/test/Healthy_Leaf/Healthy_Leaf00306.jpg,Healthy_Leaf,Healthy_Leaf,Correct,0.999999
datasets/test/Fungal_Leaf_Spot/Fungal_Leaf_Spot00132.jpg,Fungal_Leaf_Spot,Fungal_Leaf_Spot,Correct,0.999996
datasets/test/Leaf_Gall/Leaf_Gall00004.jpg,Leaf_Gall,Leaf_Gall,Correct,1.000000
datasets/train/Leaf_Gall/Leaf_Gall00080.jpg,Leaf_Gall,Leaf_Gall,Correct,1.000000
datasets/test/Deficiency_Leaf/Deficiency_Leaf00009.jpg,Deficiency_Leaf,Deficiency_Leaf,Correct,0.999993
datasets/train/Fungal_Leaf_Spot/Fungal_Leaf_Spot00384.jpg,Fungal_Leaf_Spot,Fungal_Leaf_Spot,Correct,0.999965
datasets/train/Fungal_Leaf_Spot/Fungal_Leaf_Spot00499.jpg,Fungal_Leaf_Spot,Fungal_Leaf_Spot,Correct,0.999999
datasets/test/Leaf_Blight/Leaf_Blight00153.jpg,Leaf_Blight,Leaf_Blight,Correct,1.000000
datasets/train/Healthy_Leaf/Healthy_Leaf00457.jpg,Healthy_Leaf,Healthy_Leaf,Correct,1.000000
datasets/test/Fungal_Leaf_Spot/Fungal_Leaf_Spot00093.jpg,Fungal_Leaf_Spot,Fungal_Leaf_Spot,Correct,0.999846
datasets/test/Leaf_Gall/Leaf_Gall00095.jpg,Leaf_Gall,Leaf_Gall,Correct,0.999991
datasets/test/Felt_Leaf/Felt_Leaf00167.jpg,Felt_Leaf,Felt_Leaf,Correct,0.999989
datasets/test/Curl_Leaf/Curl_Leaf00050.jpg,Curl_Leaf,Curl_Leaf,Correct,1.000000
datasets/test/Dry_Leaf/Dry_Leaf00066.jpg,Dry_Leaf,Dry_Leaf,Correct,1.000000
datasets/train/Felt_Leaf/Felt_Leaf00355.jpg,Felt_Leaf,Felt_Leaf,Correct,0.981010
datasets/test/Curl_Leaf/Curl_Leaf00020.jpg,Curl_Leaf,Curl_Leaf,Correct,0.999996
datasets/test/Felt_Leaf/Felt_Leaf00191.jpg,Felt_Leaf,Felt_Leaf,Correct,0.999787
datasets/test/Leaf_Blight/Leaf_Blight00101.jpg,Leaf_Blight,Leaf_Blight,Correct,0.999949
datasets/test/Leaf_Gall/Leaf_Gall00500.jpg,Leaf_Gall,Leaf_Gall,Correct,0.999986
datasets/train/Leaf_Blight/Leaf_Blight00279.jpg,Leaf_Blight,Leaf_Blight,Correct,1.000000
datasets/test/Felt_Leaf/Felt_Leaf00176.jpg,Felt_Leaf,Felt_Leaf,Correct,0.999999
datasets/test/Healthy_Leaf/Healthy_Leaf00046.jpg,Healthy_Leaf,Healthy_Leaf,Correct,1.000000
datasets/train/Deficiency_Leaf/Deficiency_Leaf00043.jpg,Deficiency_Leaf,Deficiency_Leaf,Correct,0.999991
datasets/test/Leaf_Blight/Leaf_Blight00258.jpg,Leaf_Blight,Leaf_Blight,Correct,0.999765
datasets/test/Deficiency_Leaf/Deficiency_Leaf00079.jpg,Deficiency_Leaf,Deficiency_Leaf,Correct,0.997903
datasets/test/Fungal_Leaf_Spot/Fungal_Leaf_Spot00357.jpg,Fungal_Leaf_Spot,Fungal_Leaf_Spot,Correct,0.999995
datasets/test/Felt_Leaf/Felt_Leaf00139.jpg,Felt_Leaf,Felt_Leaf,Correct,0.999999
datasets/train/Healthy_Leaf/Healthy_Leaf00459.jpg,Healthy_Leaf,Healthy_Leaf,Correct,1.000000
datasets/train/Felt_Leaf/Felt_Leaf00020.jpg,Felt_Leaf,Felt_Leaf,Correct,0.999970
datasets/test/Leaf_Blight/Leaf_Blight00540.jpg,Leaf_Blight,Leaf_Blight,Correct,1.000000
datasets/test/Healthy_Leaf/Healthy_Leaf00140.jpg,Healthy_Leaf,Healthy_Leaf,Correct,0.999992
datasets/test/Fungal_Leaf_Spot/Fungal_Leaf_Spot00266.jpg,Fungal_Leaf_Spot,Fungal_Leaf_Spot,Correct,1.000000
datasets/train/Felt_Leaf/Felt_Leaf00276.jpg,Felt_Leaf,Felt_Leaf,Correct,1.000000
datasets/train/Fungal_Leaf_Spot/Fungal_Leaf_Spot00563.jpg,Fungal_Leaf_Spot,Fungal_Leaf_Spot,Correct,0.999994
datasets/train/Leaf_Gall/Leaf_Gall00378.jpg,Leaf_Gall,Leaf_Gall,Correct,0.822042
datasets/train/Fungal_Leaf_Spot/Fungal_Leaf_Spot00466.jpg,Fungal_Leaf_Spot,Felt_Leaf,Incorrect,0.967462
datasets/train/Deficiency_Leaf/Deficiency_Leaf00119.jpg,Deficiency_Leaf,Deficiency_Leaf,Correct,0.939234
datasets/train/Curl_Leaf/Curl_Leaf00105.jpg,Curl_Leaf,Curl_Leaf,Correct,1.000000
datasets/train/Healthy_Leaf/Healthy_Leaf00272.jpg,Healthy_Leaf,Healthy_Leaf,Correct,0.999995
datasets/train/Healthy_Leaf/Healthy_Leaf00425.jpg,Healthy_Leaf,Healthy_Leaf,Correct,0.999960
datasets/train/Fungal_Leaf_Spot/Fungal_Leaf_Spot00365.jpg,Fungal_Leaf_Spot,Fungal_Leaf_Spot,Correct,0.983545
datasets/train/Dry_Leaf/Dry_Leaf00121.jpg,Dry_Leaf,Dry_Leaf,Correct,1.000000
datasets/test/Healthy_Leaf/Healthy_Leaf00567.jpg,Healthy_Leaf,Healthy_Leaf,Correct,0.999999
datasets/test/Felt_Leaf/Felt_Leaf00001.jpg,Felt_Leaf,Felt_Leaf,Correct,0.999997
datasets/test/Healthy_Leaf/Healthy_Leaf00134.jpg,Healthy_Leaf,Healthy_Leaf,Correct,1.000000
datasets/train/Felt_Leaf/Felt_Leaf00024.jpg,Felt_Leaf,Felt_Leaf,Correct,0.999994
datasets/test/Leaf_Gall/Leaf_Gall00238.jpg,Leaf_Gall,Leaf_Gall,Correct,1.000000
datasets/test/Dry_Leaf/Dry_Leaf00318.jpg,Dry_Leaf,Dry_Leaf,Correct,1.000000
datasets/train/Leaf_Blight/Leaf_Blight00428.jpg,Leaf_Blight,Leaf_Blight,Correct,1.000000
datasets/test/Fungal_Leaf_Spot/Fungal_Leaf_Spot00468.jpg,Fungal_Leaf_Spot,Fungal_Leaf_Spot,Correct,1.000000
datasets/test/Leaf_Blight/Leaf_Blight00179.jpg,Leaf_Blight,Leaf_Blight,Correct,0.995046
datasets/test/Deficiency_Leaf/Deficiency_Leaf00011.jpg,Deficiency_Leaf,Deficiency_Leaf,Correct,0.999977
datasets/test/Leaf_Gall/Leaf_Gall00596.jpg,Leaf_Gall,Leaf_Gall,Correct,1.000000
datasets/test/Leaf_Gall/Leaf_Gall00102.jpg,Leaf_Gall,Leaf_Gall,Correct,1.000000
datasets/test/Fungal_Leaf_Spot/Fungal_Leaf_Spot00536.jpg,Fungal_Leaf_Spot,Fungal_Leaf_Spot,Correct,1.000000
datasets/train/Deficiency_Leaf/Deficiency_Leaf00092.jpg,Deficiency_Leaf,Deficiency_Leaf,Correct,0.999761
datasets/test/Leaf_Blight/Leaf_Blight00389.jpg,Leaf_Blight,Leaf_Blight,Correct,0.999989
datasets/test/Fungal_Leaf_Spot/Fungal_Leaf_Spot00125.jpg,Fungal_Leaf_Spot,Fungal_Leaf_Spot,Correct,0.999999
datasets/train/Leaf_Gall/Leaf_Gall00492.jpg,Leaf_Gall,Leaf_Gall,Correct,1.000000
datasets/test/Dry_Leaf/Dry_Leaf00016.jpg,Dry_Leaf,Dry_Leaf,Correct,1.000000
datasets/test/Leaf_Blight/Leaf_Blight00536.jpg,Leaf_Blight,Leaf_Blight,Correct,1.000000
datasets/train/Leaf_Blight/Leaf_Blight00242.jpg,Leaf_Blight,Leaf_Blight,Correct,0.999974
datasets/test/Leaf_Blight/Leaf_Blight00139.jpg,Leaf_Blight,Leaf_Blight,Correct,0.999737
datasets/test/Leaf_Blight/Leaf_Blight00095.jpg,Leaf_Blight,Leaf_Blight,Correct,0.999997
datasets/train/Dry_Leaf/Dry_Leaf00211.jpg,Dry_Leaf,Dry_Leaf,Correct,0.999999
datasets/train/Leaf_Gall/Leaf_Gall00578.jpg,Leaf_Gall,Leaf_Gall,Correct,0.999856
datasets/test/Healthy_Leaf/Healthy_Leaf00530.jpg,Healthy_Leaf,Healthy_Leaf,Correct,0.999972
datasets/train/Fungal_Leaf_Spot/Fungal_Leaf_Spot00377.jpg,Fungal_Leaf_Spot,Fungal_Leaf_Spot,Correct,0.933123
datasets/train/Fungal_Leaf_Spot/Fungal_Leaf_Spot00408.jpg,Fungal_Leaf_Spot,Fungal_Leaf_Spot,Correct,1.000000
datasets/train/Dry_Leaf/Dry_Leaf00083.jpg,Dry_Leaf,Dry_Leaf,Correct,1.000000
datasets/test/Leaf_Blight/Leaf_Blight00081.jpg,Leaf_Blight,Leaf_Blight,Correct,0.991478
datasets/test/Leaf_Gall/Leaf_Gall00368.jpg,Leaf_Gall,Leaf_Gall,Correct,0.999744
datasets/train/Felt_Leaf/Felt_Leaf00323.jpg,Felt_Leaf,Felt_Leaf,Correct,1.000000
datasets/train/Curl_Leaf/Curl_Leaf00057.jpg,Curl_Leaf,Curl_Leaf,Correct,1.000000
datasets/test/Dry_Leaf/Dry_Leaf00125.jpg,Dry_Leaf,Dry_Leaf,Correct,0.999997
datasets/test/Leaf_Gall/Leaf_Gall00292.jpg,Leaf_Gall,Leaf_Gall,Correct,0.999996
datasets/test/Healthy_Leaf/Healthy_Leaf00259.jpg,Healthy_Leaf,Healthy_Leaf,Correct,0.999994
datasets/train/Leaf_Blight/Leaf_Blight00275.jpg,Leaf_Blight,Leaf_Blight,Correct,1.000000
datasets/train/Dry_Leaf/Dry_Leaf00075.jpg,Dry_Leaf,Dry_Leaf,Correct,1.000000
datasets/test/Leaf_Gall/Leaf_Gall00020.jpg,Leaf_Gall,Leaf_Gall,Correct,0.999978
datasets/test/Healthy_Leaf/Healthy_Leaf00173.jpg,Healthy_Leaf,Healthy_Leaf,Correct,1.000000
datasets/train/Healthy_Leaf/Healthy_Leaf00043.jpg,Healthy_Leaf,Healthy_Leaf,Correct,1.000000
datasets/train/Curl_Leaf/Curl_Leaf00007.jpg,Curl_Leaf,Curl_Leaf,Correct,1.000000
datasets/test/Healthy_Leaf/Healthy_Leaf00126.jpg,Healthy_Leaf,Healthy_Leaf,Correct,0.999995
datasets/train/Felt_Leaf/Felt_Leaf00034.jpg,Felt_Leaf,Felt_Leaf,Correct,0.999992
datasets/train/Curl_Leaf/Curl_Leaf00054.jpg,Curl_Leaf,Curl_Leaf,Correct,1.000000
datasets/train/Bituminous_Leaf/Bituminous_Leaf00073.jpg,Bituminous_Leaf,Bituminous_Leaf,Correct,0.999999
datasets/test/Healthy_Leaf/Healthy_Leaf00445.jpg,Healthy_Leaf,Healthy_Leaf,Correct,0.999972
datasets/test/Healthy_Leaf/Healthy_Leaf00573.jpg,Healthy_Leaf,Healthy_Leaf,Correct,1.000000
datasets/test/Leaf_Gall/Leaf_Gall00507.jpg,Leaf_Gall,Leaf_Gall,Correct,0.999995
datasets/train/Leaf_Blight/Leaf_Blight00068.jpg,Leaf_Blight,Leaf_Blight,Correct,0.994231
datasets/train/Leaf_Blight/Leaf_Blight00070.jpg,Leaf_Blight,Leaf_Blight,Correct,0.998575
datasets/train/Leaf_Blight/Leaf_Blight00336.jpg,Leaf_Blight,Leaf_Blight,Correct,1.000000
datasets/test/Deficiency_Leaf/Deficiency_Leaf00096.jpg,Deficiency_Leaf,Deficiency_Leaf,Correct,0.999783
datasets/test/Healthy_Leaf/Healthy_Leaf00298.jpg,Healthy_Leaf,Healthy_Leaf,Correct,1.000000
datasets/test/Fungal_Leaf_Spot/Fungal_Leaf_Spot00560.jpg,Fungal_Leaf_Spot,Fungal_Leaf_Spot,Correct,1.000000
datasets/test/Leaf_Gall/Leaf_Gall00517.jpg,Leaf_Gall,Leaf_Gall,Correct,0.999905
datasets/test/Leaf_Blight/Leaf_Blight00424.jpg,Leaf_Blight,Leaf_Blight,Correct,1.000000
datasets/train/Fungal_Leaf_Spot/Fungal_Leaf_Spot00562.jpg,Fungal_Leaf_Spot,Fungal_Leaf_Spot,Correct,1.000000
datasets/test/Fungal_Leaf_Spot/Fungal_Leaf_Spot00553.jpg,Fungal_Leaf_Spot,Fungal_Leaf_Spot,Correct,0.999996
datasets/test/Leaf_Gall/Leaf_Gall00445.jpg,Leaf_Gall,Leaf_Gall,Correct,0.999989
datasets/test/Leaf_Gall/Leaf_Gall00048.jpg,Leaf_Gall,Leaf_Gall,Correct,0.999949
datasets/test/Healthy_Leaf/Healthy_Leaf00460.jpg,Healthy_Leaf,Healthy_Leaf,Correct,1.000000
datasets/test/Fungal_Leaf_Spot/Fungal_Leaf_Spot00096.jpg,Fungal_Leaf_Spot,Fungal_Leaf_Spot,Correct,0.999993
datasets/test/Dry_Leaf/Dry_Leaf00253.jpg,Dry_Leaf,Dry_Leaf,Correct,1.000000
datasets/test/Healthy_Leaf/Healthy_Leaf00225.jpg,Healthy_Leaf,Healthy_Leaf,Correct,1.000000
datasets/test/Leaf_Gall/Leaf_Gall00227.jpg,Leaf_Gall,Leaf_Gall,Correct,1.000000
datasets/train/Anthrax_Leaf/Anthrax_Leaf00127.jpg,Anthrax_Leaf,Anthrax_Leaf,Correct,1.000000
datasets/test/Leaf_Blight/Leaf_Blight00132.jpg,Leaf_Blight,Leaf_Blight,Correct,1.000000
datasets/test/Fungal_Leaf_Spot/Fungal_Leaf_Spot00021.jpg,Fungal_Leaf_Spot,Fungal_Leaf_Spot,Correct,0.999864
datasets/train/Leaf_Gall/Leaf_Gall00529.jpg,Leaf_Gall,Leaf_Gall,Correct,0.999994
datasets/train/Leaf_Blight/Leaf_Blight00366.jpg,Leaf_Blight,Leaf_Blight,Correct,1.000000
datasets/test/Leaf_Blight/Leaf_Blight00470.jpg,Leaf_Blight,Leaf_Blight,Correct,0.999996
datasets/train/Dry_Leaf/Dry_Leaf00308.jpg,Dry_Leaf,Dry_Leaf,Correct,1.000000
datasets/test/Leaf_Blight/Leaf_Blight00260.jpg,Leaf_Blight,Leaf_Blight,Correct,0.999997
datasets/train/Healthy_Leaf/Healthy_Leaf00036.jpg,Healthy_Leaf,Healthy_Leaf,Correct,1.000000
datasets/test/Fungal_Leaf_Spot/Fungal_Leaf_Spot00190.jpg,Fungal_Leaf_Spot,Fungal_Leaf_Spot,Correct,1.000000
datasets/test/Deficiency_Leaf/Deficiency_Leaf00080.jpg,Deficiency_Leaf,Curl_Leaf,Incorrect,0.992750
datasets/test/Dry_Leaf/Dry_Leaf00103.jpg,Dry_Leaf,Dry_Leaf,Correct,1.000000
datasets/test/Leaf_Blight/Leaf_Blight00521.jpg,Leaf_Blight,Leaf_Blight,Correct,0.999998
datasets/train/Dry_Leaf/Dry_Leaf00207.jpg,Dry_Leaf,Dry_Leaf,Correct,1.000000
datasets/train/Bituminous_Leaf/Bituminous_Leaf00066.jpg,Bituminous_Leaf,Bituminous_Leaf,Correct,0.767075
datasets/train/Leaf_Blight/Leaf_Blight00395.jpg,Leaf_Blight,Leaf_Blight,Correct,0.998065
datasets/test/Felt_Leaf/Felt_Leaf00318.jpg,Felt_Leaf,Felt_Leaf,Correct,0.999937
datasets/test/Healthy_Leaf/Healthy_Leaf00583.jpg,Healthy_Leaf,Healthy_Leaf,Correct,1.000000
datasets/train/Leaf_Gall/Leaf_Gall00356.jpg,Leaf_Gall,Leaf_Gall,Correct,0.999891
datasets/test/Felt_Leaf/Felt_Leaf00076.jpg,Felt_Leaf,Felt_Leaf,Correct,0.999998
datasets/test/Fungal_Leaf_Spot/Fungal_Leaf_Spot00234.jpg,Fungal_Leaf_Spot,Fungal_Leaf_Spot,Correct,1.000000
datasets/test/Leaf_Blight/Leaf_Blight00555.jpg,Leaf_Blight,Leaf_Blight,Correct,1.000000
datasets/test/Dry_Leaf/Dry_Leaf00341.jpg,Dry_Leaf,Dry_Leaf,Correct,0.999997
datasets/test/Healthy_Leaf/Healthy_Leaf00625.jpg,Healthy_Leaf,Healthy_Leaf,Correct,1.000000
datasets/test/Healthy_Leaf/Healthy_Leaf00581.jpg,Healthy_Leaf,Healthy_Leaf,Correct,0.990534
datasets/train/Leaf_Gall/Leaf_Gall00073.jpg,Leaf_Gall,Leaf_Gall,Correct,0.997545
datasets/train/Leaf_Gall/Leaf_Gall00380.jpg,Leaf_Gall,Leaf_Gall,Correct,0.999997
datasets/train/Dry_Leaf/Dry_Leaf00038.jpg,Dry_Leaf,Dry_Leaf,Correct,1.000000
datasets/test/Fungal_Leaf_Spot/Fungal_Leaf_Spot00140.jpg,Fungal_Leaf_Spot,Fungal_Leaf_Spot,Correct,1.000000
datasets/train/Healthy_Leaf/Healthy_Leaf00063.jpg,Healthy_Leaf,Healthy_Leaf,Correct,1.000000
datasets/train/Leaf_Blight/Leaf_Blight00164.jpg,Leaf_Blight,Leaf_Blight,Correct,0.999984
datasets/test/Fungal_Leaf_Spot/Fungal_Leaf_Spot00433.jpg,Fungal_Leaf_Spot,Fungal_Leaf_Spot,Correct,1.000000
datasets/test/Felt_Leaf/Felt_Leaf00143.jpg,Felt_Leaf,Felt_Leaf,Correct,0.999982
datasets/train/Curl_Leaf/Curl_Leaf00087.jpg,Curl_Leaf,Curl_Leaf,Correct,1.000000
datasets/test/Fungal_Leaf_Spot/Fungal_Leaf_Spot00048.jpg,Fungal_Leaf_Spot,Fungal_Leaf_Spot,Correct,1.000000
datasets/train/Felt_Leaf/Felt_Leaf00364.jpg,Felt_Leaf,Felt_Leaf,Correct,0.997174
datasets/test/Curl_Leaf/Curl_Leaf00174.jpg,Curl_Leaf,Curl_Leaf,Correct,0.999997
datasets/test/Leaf_Gall/Leaf_Gall00424.jpg,Leaf_Gall,Leaf_Gall,Correct,0.999638
datasets/test/Leaf_Blight/Leaf_Blight00015.jpg,Leaf_Blight,Leaf_Blight,Correct,0.999999
datasets/train/Healthy_Leaf/Healthy_Leaf00071.jpg,Healthy_Leaf,Healthy_Leaf,Correct,0.999964
datasets/test/Healthy_Leaf/Healthy_Leaf00062.jpg,Healthy_Leaf,Healthy_Leaf,Correct,0.999999
datasets/test/Deficiency_Leaf/Deficiency_Leaf00084.jpg,Deficiency_Leaf,Deficiency_Leaf,Correct,0.993907
datasets/train/Leaf_Gall/Leaf_Gall00426.jpg,Leaf_Gall,Leaf_Gall,Correct,0.999856
datasets/train/Healthy_Leaf/Healthy_Leaf00295.jpg,Healthy_Leaf,Healthy_Leaf,Correct,1.000000
datasets/train/Anthrax_Leaf/Anthrax_Leaf00067.jpg,Anthrax_Leaf,Anthrax_Leaf,Correct,1.000000
datasets/train/Healthy_Leaf/Healthy_Leaf00449.jpg,Healthy_Leaf,Healthy_Leaf,Correct,0.999998
datasets/train/Healthy_Leaf/Healthy_Leaf00209.jpg,Healthy_Leaf,Healthy_Leaf,Correct,1.000000
datasets/test/Leaf_Blight/Leaf_Blight00397.jpg,Leaf_Blight,Leaf_Blight,Correct,0.981149
datasets/test/Fungal_Leaf_Spot/Fungal_Leaf_Spot00221.jpg,Fungal_Leaf_Spot,Fungal_Leaf_Spot,Correct,1.000000
datasets/test/Leaf_Blight/Leaf_Blight00453.jpg,Leaf_Blight,Leaf_Blight,Correct,1.000000
datasets/test/Fungal_Leaf_Spot/Fungal_Leaf_Spot00104.jpg,Fungal_Leaf_Spot,Fungal_Leaf_Spot,Correct,0.999994
datasets/test/Felt_Leaf/Felt_Leaf00063.jpg,Felt_Leaf,Felt_Leaf,Correct,0.999915
datasets/test/Leaf_Gall/Leaf_Gall00236.jpg,Leaf_Gall,Leaf_Gall,Correct,1.000000
datasets/test/Fungal_Leaf_Spot/Fungal_Leaf_Spot00391.jpg,Fungal_Leaf_Spot,Felt_Leaf,Incorrect,0.837190
datasets/train/Felt_Leaf/Felt_Leaf00126.jpg,Felt_Leaf,Felt_Leaf,Correct,1.000000
datasets/train/Leaf_Blight/Leaf_Blight00047.jpg,Leaf_Blight,Leaf_Blight,Correct,0.999817
datasets/test/Felt_Leaf/Felt_Leaf00235.jpg,Felt_Leaf,Felt_Leaf,Correct,0.999923
datasets/test/Dry_Leaf/Dry_Leaf00198.jpg,Dry_Leaf,Dry_Leaf,Correct,1.000000
datasets/test/Healthy_Leaf/Healthy_Leaf00534.jpg,Healthy_Leaf,Healthy_Leaf,Correct,0.999985
datasets/test/Felt_Leaf/Felt_Leaf00123.jpg,Felt_Leaf,Felt_Leaf,Correct,0.992711
datasets/test/Leaf_Gall/Leaf_Gall00129.jpg,Leaf_Gall,Leaf_Gall,Correct,1.000000
datasets/test/Healthy_Leaf/Healthy_Leaf00404.jpg,Healthy_Leaf,Healthy_Leaf,Correct,1.000000
datasets/train/Fungal_Leaf_Spot/Fungal_Leaf_Spot00059.jpg,Fungal_Leaf_Spot,Fungal_Leaf_Spot,Correct,1.000000
datasets/test/Fungal_Leaf_Spot/Fungal_Leaf_Spot00151.jpg,Fungal_Leaf_Spot,Fungal_Leaf_Spot,Correct,1.000000
datasets/train/Dry_Leaf/Dry_Leaf00225.jpg,Dry_Leaf,Dry_Leaf,Correct,0.999998
datasets/train/Leaf_Blight/Leaf_Blight00477.jpg,Leaf_Blight,Leaf_Blight,Correct,1.000000
datasets/train/Healthy_Leaf/Healthy_Leaf00060.jpg,Healthy_Leaf,Healthy_Leaf,Correct,1.000000
datasets/train/Healthy_Leaf/Healthy_Leaf00048.jpg,Healthy_Leaf,Healthy_Leaf,Correct,1.000000
datasets/train/Fungal_Leaf_Spot/Fungal_Leaf_Spot00057.jpg,Fungal_Leaf_Spot,Fungal_Leaf_Spot,Correct,1.000000
datasets/test/Healthy_Leaf/Healthy_Leaf00187.jpg,Healthy_Leaf,Healthy_Leaf,Correct,1.000000
datasets/train/Deficiency_Leaf/Deficiency_Leaf00098.jpg,Deficiency_Leaf,Deficiency_Leaf,Correct,0.995945
datasets/train/Leaf_Blight/Leaf_Blight00199.jpg,Leaf_Blight,Leaf_Blight,Correct,0.999989
datasets/test/Leaf_Gall/Leaf_Gall00425.jpg,Leaf_Gall,Leaf_Gall,Correct,0.993675
datasets/test/Dry_Leaf/Dry_Leaf00141.jpg,Dry_Leaf,Dry_Leaf,Correct,0.999999
datasets/train/Healthy_Leaf/Healthy_Leaf00282.jpg,Healthy_Leaf,Healthy_Leaf,Correct,0.999982
datasets/test/Healthy_Leaf/Healthy_Leaf00004.jpg,Healthy_Leaf,Healthy_Leaf,Correct,1.000000
datasets/test/Healthy_Leaf/Healthy_Leaf00273.jpg,Healthy_Leaf,Healthy_Leaf,Correct,0.999984
datasets/train/Healthy_Leaf/Healthy_Leaf00044.jpg,Healthy_Leaf,Healthy_Leaf,Correct,0.999995
datasets/train/Leaf_Blight/Leaf_Blight00406.jpg,Leaf_Blight,Leaf_Blight,Correct,0.986237
datasets/train/Deficiency_Leaf/Deficiency_Leaf00023.jpg,Deficiency_Leaf,Deficiency_Leaf,Correct,1.000000
datasets/train/Fungal_Leaf_Spot/Fungal_Leaf_Spot00155.jpg,Fungal_Leaf_Spot,Fungal_Leaf_Spot,Correct,0.999993
datasets/train/Leaf_Gall/Leaf_Gall00072.jpg,Leaf_Gall,Leaf_Gall,Correct,0.999890
datasets/test/Anthrax_Leaf/Anthrax_Leaf00131.jpg,Anthrax_Leaf,Anthrax_Leaf,Correct,1.000000
datasets/train/Anthrax_Leaf/Anthrax_Leaf00087.jpg,Anthrax_Leaf,Anthrax_Leaf,Correct,1.000000
datasets/test/Felt_Leaf/Felt_Leaf00354.jpg,Felt_Leaf,Felt_Leaf,Correct,0.981888
datasets/test/Fungal_Leaf_Spot/Fungal_Leaf_Spot00060.jpg,Fungal_Leaf_Spot,Fungal_Leaf_Spot,Correct,1.000000
datasets/test/Healthy_Leaf/Healthy_Leaf00612.jpg,Healthy_Leaf,Healthy_Leaf,Correct,0.998581
datasets/train/Leaf_Gall/Leaf_Gall00525.jpg,Leaf_Gall,Leaf_Gall,Correct,0.992584
datasets/test/Healthy_Leaf/Healthy_Leaf00355.jpg,Healthy_Leaf,Healthy_Leaf,Correct,1.000000
datasets/train/Fungal_Leaf_Spot/Fungal_Leaf_Spot00416.jpg,Fungal_Leaf_Spot,Fungal_Leaf_Spot,Correct,1.000000
datasets/test/Bituminous_Leaf/Bituminous_Leaf00071.jpg,Bituminous_Leaf,Bituminous_Leaf,Correct,1.000000
datasets/test/Bituminous_Leaf/Bituminous_Leaf00040.jpg,Bituminous_Leaf,Bituminous_Leaf,Correct,0.999997
datasets/test/Dry_Leaf/Dry_Leaf00100.jpg,Dry_Leaf,Dry_Leaf,Correct,0.999995
datasets/train/Deficiency_Leaf/Deficiency_Leaf00049.jpg,Deficiency_Leaf,Deficiency_Leaf,Correct,0.959532
datasets/train/Fungal_Leaf_Spot/Fungal_Leaf_Spot00312.jpg,Fungal_Leaf_Spot,Fungal_Leaf_Spot,Correct,1.000000
datasets/train/Leaf_Gall/Leaf_Gall00136.jpg,Leaf_Gall,Leaf_Gall,Correct,1.000000
datasets/train/Healthy_Leaf/Healthy_Leaf00591.jpg,Healthy_Leaf,Healthy_Leaf,Correct,0.999997
datasets/test/Healthy_Leaf/Healthy_Leaf00497.jpg,Healthy_Leaf,Healthy_Leaf,Correct,0.974678
datasets/train/Leaf_Blight/Leaf_Blight00171.jpg,Leaf_Blight,Leaf_Blight,Correct,1.000000
datasets/test/Healthy_Leaf/Healthy_Leaf00538.jpg,Healthy_Leaf,Healthy_Leaf,Correct,0.999999
datasets/train/Healthy_Leaf/Healthy_Leaf00233.jpg,Healthy_Leaf,Healthy_Leaf,Correct,1.000000
datasets/train/Deficiency_Leaf/Deficiency_Leaf00020.jpg,Deficiency_Leaf,Deficiency_Leaf,Correct,0.999999
datasets/train/Dry_Leaf/Dry_Leaf00346.jpg,Dry_Leaf,Dry_Leaf,Correct,1.000000
datasets/test/Leaf_Gall/Leaf_Gall00201.jpg,Leaf_Gall,Leaf_Gall,Correct,1.000000
datasets/test/Healthy_Leaf/Healthy_Leaf00336.jpg,Healthy_Leaf,Healthy_Leaf,Correct,1.000000
datasets/train/Leaf_Blight/Leaf_Blight00514.jpg,Leaf_Blight,Leaf_Blight,Correct,0.999999
datasets/train/Healthy_Leaf/Healthy_Leaf00423.jpg,Healthy_Leaf,Healthy_Leaf,Correct,0.999970
datasets/train/Leaf_Blight/Leaf_Blight00267.jpg,Leaf_Blight,Leaf_Blight,Correct,1.000000
datasets/train/Leaf_Gall/Leaf_Gall00177.jpg,Leaf_Gall,Leaf_Gall,Correct,0.999812
datasets/test/Fungal_Leaf_Spot/Fungal_Leaf_Spot00007.jpg,Fungal_Leaf_Spot,Fungal_Leaf_Spot,Correct,1.000000
datasets/train/Leaf_Gall/Leaf_Gall00384.jpg,Leaf_Gall,Leaf_Gall,Correct,0.999992
datasets/train/Leaf_Blight/Leaf_Blight00091.jpg,Leaf_Blight,Leaf_Blight,Correct,0.999999
datasets/test/Healthy_Leaf/Healthy_Leaf00477.jpg,Healthy_Leaf,Healthy_Leaf,Correct,1.000000
datasets/test/Leaf_Blight/Leaf_Blight00442.jpg,Leaf_Blight,Leaf_Blight,Correct,0.999875
datasets/train/Leaf_Blight/Leaf_Blight00541.jpg,Leaf_Blight,Leaf_Blight,Correct,1.000000
datasets/train/Healthy_Leaf/Healthy_Leaf00212.jpg,Healthy_Leaf,Healthy_Leaf,Correct,1.000000
datasets/test/Bituminous_Leaf/Bituminous_Leaf00038.jpg,Bituminous_Leaf,Bituminous_Leaf,Correct,1.000000
datasets/test/Curl_Leaf/Curl_Leaf00044.jpg,Curl_Leaf,Curl_Leaf,Correct,0.999994
datasets/train/Fungal_Leaf_Spot/Fungal_Leaf_Spot00086.jpg,Fungal_Leaf_Spot,Fungal_Leaf_Spot,Correct,1.000000
datasets/test/Leaf_Gall/Leaf_Gall00521.jpg,Leaf_Gall,Leaf_Gall,Correct,0.991200
datasets/test/Leaf_Blight/Leaf_Blight00094.jpg,Leaf_Blight,Leaf_Blight,Correct,0.999986
datasets/train/Felt_Leaf/Felt_Leaf00014.jpg,Felt_Leaf,Felt_Leaf,Correct,0.995342
datasets/test/Fungal_Leaf_Spot/Fungal_Leaf_Spot00404.jpg,Fungal_Leaf_Spot,Fungal_Leaf_Spot,Correct,1.000000
datasets/test/Curl_Leaf/Curl_Leaf00029.jpg,Curl_Leaf,Curl_Leaf,Correct,1.000000
datasets/train/Dry_Leaf/Dry_Leaf00046.jpg,Dry_Leaf,Dry_Leaf,Correct,1.000000
datasets/test/Dry_Leaf/Dry_Leaf00109.jpg,Dry_Leaf,Dry_Leaf,Correct,1.000000
datasets/train/Leaf_Blight/Leaf_Blight00330.jpg,Leaf_Blight,Leaf_Blight,Correct,1.000000
datasets/test/Dry_Leaf/Dry_Leaf00076.jpg,Dry_Leaf,Dry_Leaf,Correct,0.999990
datasets/train/Leaf_Blight/Leaf_Blight00026.jpg,Leaf_Blight,Leaf_Blight,Correct,1.000000
datasets/test/Felt_Leaf/Felt_Leaf00272.jpg,Felt_Leaf,Felt_Leaf,Correct,1.000000
datasets/train/Felt_Leaf/Felt_Leaf00262.jpg,Felt_Leaf,Felt_Leaf,Correct,0.985816
datasets/test/Felt_Leaf/Felt_Leaf00219.jpg,Felt_Leaf,Felt_Leaf,Correct,0.999180
datasets/train/Fungal_Leaf_Spot/Fungal_Leaf_Spot00338.jpg,Fungal_Leaf_Spot,Fungal_Leaf_Spot,Correct,1.000000
datasets/test/Dry_Leaf/Dry_Leaf00157.jpg,Dry_Leaf,Dry_Leaf,Correct,1.000000
datasets/test/Healthy_Leaf/Healthy_Leaf00149.jpg,Healthy_Leaf,Healthy_Leaf,Correct,1.000000
datasets/train/Leaf_Blight/Leaf_Blight00259.jpg,Leaf_Blight,Leaf_Blight,Correct,1.000000
datasets/train/Curl_Leaf/Curl_Leaf00083.jpg,Curl_Leaf,Curl_Leaf,Correct,0.999999
datasets/test/Leaf_Gall/Leaf_Gall00434.jpg,Leaf_Gall,Leaf_Gall,Correct,0.999999
datasets/test/Leaf_Gall/Leaf_Gall00411.jpg,Leaf_Gall,Leaf_Gall,Correct,1.000000
datasets/test/Healthy_Leaf/Healthy_Leaf00565.jpg,Healthy_Leaf,Healthy_Leaf,Correct,1.000000
datasets/train/Fungal_Leaf_Spot/Fungal_Leaf_Spot00165.jpg,Fungal_Leaf_Spot,Fungal_Leaf_Spot,Correct,1.000000
datasets/train/Fungal_Leaf_Spot/Fungal_Leaf_Spot00286.jpg,Fungal_Leaf_Spot,Fungal_Leaf_Spot,Correct,0.999999
datasets/train/Felt_Leaf/Felt_Leaf00055.jpg,Felt_Leaf,Felt_Leaf,Correct,1.000000
datasets/test/Leaf_Blight/Leaf_Blight00078.jpg,Leaf_Blight,Leaf_Blight,Correct,0.992829
datasets/test/Healthy_Leaf/Healthy_Leaf00169.jpg,Healthy_Leaf,Healthy_Leaf,Correct,1.000000
datasets/train/Leaf_Gall/Leaf_Gall00532.jpg,Leaf_Gall,Leaf_Gall,Correct,0.983393
datasets/train/Healthy_Leaf/Healthy_Leaf00219.jpg,Healthy_Leaf,Healthy_Leaf,Correct,1.000000
datasets/train/Healthy_Leaf/Healthy_Leaf00604.jpg,Healthy_Leaf,Healthy_Leaf,Correct,0.989525
datasets/test/Leaf_Gall/Leaf_Gall00226.jpg,Leaf_Gall,Leaf_Gall,Correct,0.999991
datasets/test/Felt_Leaf/Felt_Leaf00066.jpg,Felt_Leaf,Felt_Leaf,Correct,0.999958
datasets/test/Fungal_Leaf_Spot/Fungal_Leaf_Spot00504.jpg,Fungal_Leaf_Spot,Fungal_Leaf_Spot,Correct,0.999990
datasets/test/Anthrax_Leaf/Anthrax_Leaf00045.jpg,Anthrax_Leaf,Anthrax_Leaf,Correct,1.000000
datasets/test/Felt_Leaf/Felt_Leaf00057.jpg,Felt_Leaf,Felt_Leaf,Correct,0.999918
datasets/train/Dry_Leaf/Dry_Leaf00189.jpg,Dry_Leaf,Dry_Leaf,Correct,1.000000
datasets/train/Leaf_Blight/Leaf_Blight00385.jpg,Leaf_Blight,Leaf_Blight,Correct,1.000000
datasets/train/Felt_Leaf/Felt_Leaf00068.jpg,Felt_Leaf,Felt_Leaf,Correct,0.999999
datasets/train/Leaf_Gall/Leaf_Gall00208.jpg,Leaf_Gall,Leaf_Gall,Correct,1.000000
datasets/train/Fungal_Leaf_Spot/Fungal_Leaf_Spot00231.jpg,Fungal_Leaf_Spot,Fungal_Leaf_Spot,Correct,1.000000
datasets/train/Healthy_Leaf/Healthy_Leaf00244.jpg,Healthy_Leaf,Healthy_Leaf,Correct,0.999997
datasets/test/Fungal_Leaf_Spot/Fungal_Leaf_Spot00207.jpg,Fungal_Leaf_Spot,Fungal_Leaf_Spot,Correct,1.000000
datasets/train/Curl_Leaf/Curl_Leaf00006.jpg,Curl_Leaf,Curl_Leaf,Correct,1.000000
datasets/train/Deficiency_Leaf/Deficiency_Leaf00091.jpg,Deficiency_Leaf,Deficiency_Leaf,Correct,0.997498
datasets/test/Bituminous_Leaf/Bituminous_Leaf00085.jpg,Bituminous_Leaf,Bituminous_Leaf,Correct,1.000000
datasets/test/Leaf_Gall/Leaf_Gall00038.jpg,Leaf_Gall,Leaf_Gall,Correct,0.999995
datasets/test/Dry_Leaf/Dry_Leaf00049.jpg,Dry_Leaf,Dry_Leaf,Correct,0.999982
datasets/test/Healthy_Leaf/Healthy_Leaf00611.jpg,Healthy_Leaf,Healthy_Leaf,Correct,0.999995
datasets/train/Healthy_Leaf/Healthy_Leaf00003.jpg,Healthy_Leaf,Healthy_Leaf,Correct,1.000000
datasets/test/Felt_Leaf/Felt_Leaf00156.jpg,Felt_Leaf,Felt_Leaf,Correct,0.999842
datasets/train/Healthy_Leaf/Healthy_Leaf00089.jpg,Healthy_Leaf,Healthy_Leaf,Correct,0.999995
datasets/test/Felt_Leaf/Felt_Leaf00144.jpg,Felt_Leaf,Felt_Leaf,Correct,0.999998
datasets/test/Leaf_Gall/Leaf_Gall00132.jpg,Leaf_Gall,Leaf_Gall,Correct,0.999967
datasets/train/Anthrax_Leaf/Anthrax_Leaf00116.jpg,Anthrax_Leaf,Anthrax_Leaf,Correct,1.000000
datasets/train/Dry_Leaf/Dry_Leaf00094.jpg,Dry_Leaf,Dry_Leaf,Correct,0.999999
datasets/train/Bituminous_Leaf/Bituminous_Leaf00027.jpg,Bituminous_Leaf,Bituminous_Leaf,Correct,0.999650
datasets/train/Healthy_Leaf/Healthy_Leaf00136.jpg,Healthy_Leaf,Healthy_Leaf,Correct,1.000000
datasets/test/Felt_Leaf/Felt_Leaf00149.jpg,Felt_Leaf,Felt_Leaf,Correct,0.984008
datasets/test/Leaf_Blight/Leaf_Blight00320.jpg,Leaf_Blight,Leaf_Blight,Correct,1.000000
datasets/train/Fungal_Leaf_Spot/Fungal_Leaf_Spot00194.jpg,Fungal_Leaf_Spot,Fungal_Leaf_Spot,Correct,1.000000
datasets/test/Healthy_Leaf/Healthy_Leaf00384.jpg,Healthy_Leaf,Healthy_Leaf,Correct,0.999999
datasets/train/Fungal_Leaf_Spot/Fungal_Leaf_Spot00473.jpg,Fungal_Leaf_Spot,Fungal_Leaf_Spot,Correct,0.999991
datasets/test/Dry_Leaf/Dry_Leaf00159.jpg,Dry_Leaf,Dry_Leaf,Correct,1.000000
datasets/train/Leaf_Blight/Leaf_Blight00161.jpg,Leaf_Blight,Leaf_Blight,Correct,1.000000
datasets/test/Leaf_Gall/Leaf_Gall00346.jpg,Leaf_Gall,Leaf_Gall,Correct,0.999989
datasets/train/Leaf_Gall/Leaf_Gall00550.jpg,Leaf_Gall,Leaf_Gall,Correct,1.000000
datasets/test/Fungal_Leaf_Spot/Fungal_Leaf_Spot00246.jpg,Fungal_Leaf_Spot,Fungal_Leaf_Spot,Correct,0.999977
datasets/train/Fungal_Leaf_Spot/Fungal_Leaf_Spot00167.jpg,Fungal_Leaf_Spot,Fungal_Leaf_Spot,Correct,1.000000
datasets/test/Leaf_Blight/Leaf_Blight00294.jpg,Leaf_Blight,Leaf_Blight,Correct,1.000000
datasets/train/Leaf_Gall/Leaf_Gall00373.jpg,Leaf_Gall,Leaf_Gall,Correct,1.000000
datasets/train/Dry_Leaf/Dry_Leaf00284.jpg,Dry_Leaf,Dry_Leaf,Correct,1.000000
datasets/test/Felt_Leaf/Felt_Leaf00038.jpg,Felt_Leaf,Felt_Leaf,Correct,0.999998
datasets/train/Leaf_Gall/Leaf_Gall00014.jpg,Leaf_Gall,Leaf_Gall,Correct,0.999360
datasets/test/Dry_Leaf/Dry_Leaf00356.jpg,Dry_Leaf,Dry_Leaf,Correct,0.997776
datasets/test/Anthrax_Leaf/Anthrax_Leaf00065.jpg,Anthrax_Leaf,Anthrax_Leaf,Correct,1.000000
datasets/test/Anthrax_Leaf/Anthrax_Leaf00082.jpg,Anthrax_Leaf,Anthrax_Leaf,Correct,0.999997
datasets/test/Fungal_Leaf_Spot/Fungal_Leaf_Spot00508.jpg,Fungal_Leaf_Spot,Fungal_Leaf_Spot,Correct,1.000000
datasets/test/Leaf_Blight/Leaf_Blight00104.jpg,Leaf_Blight,Leaf_Blight,Correct,0.985351
datasets/train/Felt_Leaf/Felt_Leaf00321.jpg,Felt_Leaf,Felt_Leaf,Correct,0.999960
datasets/test/Leaf_Gall/Leaf_Gall00040.jpg,Leaf_Gall,Leaf_Gall,Correct,0.999999
datasets/test/Leaf_Gall/Leaf_Gall00327.jpg,Leaf_Gall,Leaf_Gall,Correct,0.999948
datasets/test/Felt_Leaf/Felt_Leaf00145.jpg,Felt_Leaf,Felt_Leaf,Correct,0.998969
datasets/test/Dry_Leaf/Dry_Leaf00184.jpg,Dry_Leaf,Dry_Leaf,Correct,0.999995
datasets/train/Leaf_Gall/Leaf_Gall00043.jpg,Leaf_Gall,Leaf_Gall,Correct,1.000000
datasets/test/Anthrax_Leaf/Anthrax_Leaf00103.jpg,Anthrax_Leaf,Anthrax_Leaf,Correct,0.999638
datasets/train/Bituminous_Leaf/Bituminous_Leaf00035.jpg,Bituminous_Leaf,Bituminous_Leaf,Correct,0.990561
datasets/train/Felt_Leaf/Felt_Leaf00101.jpg,Felt_Leaf,Felt_Leaf,Correct,0.999729
datasets/train/Fungal_Leaf_Spot/Fungal_Leaf_Spot00507.jpg,Fungal_Leaf_Spot,Fungal_Leaf_Spot,Correct,1.000000
datasets/test/Fungal_Leaf_Spot/Fungal_Leaf_Spot00272.jpg,Fungal_Leaf_Spot,Fungal_Leaf_Spot,Correct,0.999998
datasets/train/Healthy_Leaf/Healthy_Leaf00284.jpg,Healthy_Leaf,Healthy_Leaf,Correct,0.999997
datasets/test/Healthy_Leaf/Healthy_Leaf00540.jpg,Healthy_Leaf,Healthy_Leaf,Correct,1.000000
datasets/test/Felt_Leaf/Felt_Leaf00164.jpg,Felt_Leaf,Felt_Leaf,Correct,0.998162
datasets/test/Dry_Leaf/Dry_Leaf00283.jpg,Dry_Leaf,Dry_Leaf,Correct,0.999993
datasets/test/Leaf_Gall/Leaf_Gall00408.jpg,Leaf_Gall,Leaf_Gall,Correct,0.999676
datasets/train/Bituminous_Leaf/Bituminous_Leaf00062.jpg,Bituminous_Leaf,Bituminous_Leaf,Correct,0.999999
datasets/test/Felt_Leaf/Felt_Leaf00017.jpg,Felt_Leaf,Felt_Leaf,Correct,1.000000
datasets/test/Fungal_Leaf_Spot/Fungal_Leaf_Spot00011.jpg,Fungal_Leaf_Spot,Fungal_Leaf_Spot,Correct,1.000000
datasets/train/Healthy_Leaf/Healthy_Leaf00602.jpg,Healthy_Leaf,Healthy_Leaf,Correct,0.999983
datasets/train/Leaf_Gall/Leaf_Gall00220.jpg,Leaf_Gall,Leaf_Gall,Correct,1.000000
datasets/train/Fungal_Leaf_Spot/Fungal_Leaf_Spot00418.jpg,Fungal_Leaf_Spot,Fungal_Leaf_Spot,Correct,1.000000
datasets/test/Dry_Leaf/Dry_Leaf00307.jpg,Dry_Leaf,Dry_Leaf,Correct,1.000000
datasets/test/Healthy_Leaf/Healthy_Leaf00068.jpg,Healthy_Leaf,Healthy_Leaf,Correct,0.999998
datasets/test/Felt_Leaf/Felt_Leaf00213.jpg,Felt_Leaf,Felt_Leaf,Correct,0.999985
datasets/train/Felt_Leaf/Felt_Leaf00040.jpg,Felt_Leaf,Felt_Leaf,Correct,1.000000
datasets/train/Healthy_Leaf/Healthy_Leaf00354.jpg,Healthy_Leaf,Healthy_Leaf,Correct,1.000000
datasets/test/Healthy_Leaf/Healthy_Leaf00513.jpg,Healthy_Leaf,Healthy_Leaf,Correct,1.000000
datasets/train/Anthrax_Leaf/Anthrax_Leaf00129.jpg,Anthrax_Leaf,Anthrax_Leaf,Correct,1.000000
datasets/test/Leaf_Gall/Leaf_Gall00320.jpg,Leaf_Gall,Leaf_Gall,Correct,1.000000
datasets/test/Leaf_Gall/Leaf_Gall00437.jpg,Leaf_Gall,Leaf_Gall,Correct,0.999950
datasets/train/Bituminous_Leaf/Bituminous_Leaf00106.jpg,Bituminous_Leaf,Bituminous_Leaf,Correct,0.999837
datasets/test/Felt_Leaf/Felt_Leaf00152.jpg,Felt_Leaf,Felt_Leaf,Correct,0.861400
datasets/test/Fungal_Leaf_Spot/Fungal_Leaf_Spot00495.jpg,Fungal_Leaf_Spot,Fungal_Leaf_Spot,Correct,1.000000
datasets/test/Leaf_Gall/Leaf_Gall00415.jpg,Leaf_Gall,Leaf_Gall,Correct,0.996984
datasets/test/Healthy_Leaf/Healthy_Leaf00564.jpg,Healthy_Leaf,Healthy_Leaf,Correct,0.998476
datasets/test/Leaf_Gall/Leaf_Gall00306.jpg,Leaf_Gall,Leaf_Gall,Correct,1.000000
datasets/test/Fungal_Leaf_Spot/Fungal_Leaf_Spot00461.jpg,Fungal_Leaf_Spot,Fungal_Leaf_Spot,Correct,0.999999
datasets/test/Healthy_Leaf/Healthy_Leaf00164.jpg,Healthy_Leaf,Healthy_Leaf,Correct,1.000000
datasets/test/Leaf_Gall/Leaf_Gall00541.jpg,Leaf_Gall,Leaf_Gall,Correct,0.999998
datasets/train/Felt_Leaf/Felt_Leaf00153.jpg,Felt_Leaf,Felt_Leaf,Correct,0.888158
datasets/train/Fungal_Leaf_Spot/Fungal_Leaf_Spot00573.jpg,Fungal_Leaf_Spot,Fungal_Leaf_Spot,Correct,1.000000
datasets/train/Curl_Leaf/Curl_Leaf00021.jpg,Curl_Leaf,Curl_Leaf,Correct,1.000000
datasets/test/Deficiency_Leaf/Deficiency_Leaf00051.jpg,Deficiency_Leaf,Deficiency_Leaf,Correct,0.997214
datasets/train/Leaf_Blight/Leaf_Blight00106.jpg,Leaf_Blight,Leaf_Blight,Correct,0.998799
datasets/train/Leaf_Blight/Leaf_Blight00118.jpg,Leaf_Blight,Leaf_Blight,Correct,1.000000
datasets/test/Leaf_Gall/Leaf_Gall00291.jpg,Leaf_Gall,Leaf_Gall,Correct,1.000000
datasets/test/Leaf_Gall/Leaf_Gall00233.jpg,Leaf_Gall,Leaf_Gall,Correct,0.999991
datasets/test/Leaf_Blight/Leaf_Blight00297.jpg,Leaf_Blight,Leaf_Blight,Correct,1.000000
datasets/test/Dry_Leaf/Dry_Leaf00090.jpg,Dry_Leaf,Dry_Leaf,Correct,0.999987
datasets/test/Leaf_Gall/Leaf_Gall00591.jpg,Leaf_Gall,Leaf_Gall,Correct,0.999982
datasets/test/Leaf_Blight/Leaf_Blight00382.jpg,Leaf_Blight,Leaf_Blight,Correct,1.000000
datasets/test/Leaf_Gall/Leaf_Gall00450.jpg,Leaf_Gall,Leaf_Gall,Correct,1.000000
datasets/test/Fungal_Leaf_Spot/Fungal_Leaf_Spot00251.jpg,Fungal_Leaf_Spot,Fungal_Leaf_Spot,Correct,0.999997
datasets/test/Felt_Leaf/Felt_Leaf00365.jpg,Felt_Leaf,Felt_Leaf,Correct,0.999693
datasets/test/Healthy_Leaf/Healthy_Leaf00196.jpg,Healthy_Leaf,Healthy_Leaf,Correct,1.000000
datasets/test/Dry_Leaf/Dry_Leaf00254.jpg,Dry_Leaf,Dry_Leaf,Correct,1.000000
datasets/train/Healthy_Leaf/Healthy_Leaf00097.jpg,Healthy_Leaf,Healthy_Leaf,Correct,1.000000
datasets/test/Dry_Leaf/Dry_Leaf00174.jpg,Dry_Leaf,Dry_Leaf,Correct,0.999996
datasets/test/Leaf_Blight/Leaf_Blight00075.jpg,Leaf_Blight,Leaf_Blight,Correct,0.999580
datasets/train/Felt_Leaf/Felt_Leaf00112.jpg,Felt_Leaf,Felt_Leaf,Correct,0.999158
datasets/test/Fungal_Leaf_Spot/Fungal_Leaf_Spot00102.jpg,Fungal_Leaf_Spot,Fungal_Leaf_Spot,Correct,0.999993
datasets/train/Healthy_Leaf/Healthy_Leaf00593.jpg,Healthy_Leaf,Healthy_Leaf,Correct,1.000000
datasets/test/Healthy_Leaf/Healthy_Leaf00596.jpg,Healthy_Leaf,Healthy_Leaf,Correct,0.999999
datasets/train/Anthrax_Leaf/Anthrax_Leaf00014.jpg,Anthrax_Leaf,Anthrax_Leaf,Correct,0.999990
datasets/test/Leaf_Gall/Leaf_Gall00515.jpg,Leaf_Gall,Leaf_Gall,Correct,0.999996
datasets/train/Leaf_Blight/Leaf_Blight00577.jpg,Leaf_Blight,Leaf_Blight,Correct,0.991831
datasets/train/Fungal_Leaf_Spot/Fungal_Leaf_Spot00205.jpg,Fungal_Leaf_Spot,Fungal_Leaf_Spot,Correct,1.000000
datasets/test/Fungal_Leaf_Spot/Fungal_Leaf_Spot00303.jpg,Fungal_Leaf_Spot,Fungal_Leaf_Spot,Correct,0.999998
datasets/train/Leaf_Gall/Leaf_Gall00211.jpg,Leaf_Gall,Leaf_Gall,Correct,0.999983
datasets/train/Leaf_Blight/Leaf_Blight00360.jpg,Leaf_Blight,Leaf_Blight,Correct,1.000000
datasets/train/Leaf_Gall/Leaf_Gall00036.jpg,Leaf_Gall,Leaf_Gall,Correct,0.999993
datasets/test/Leaf_Gall/Leaf_Gall00088.jpg,Leaf_Gall,Leaf_Gall,Correct,1.000000
datasets/test/Leaf_Gall/Leaf_Gall00246.jpg,Leaf_Gall,Leaf_Gall,Correct,0.999991
datasets/test/Deficiency_Leaf/Deficiency_Leaf00001.jpg,Deficiency_Leaf,Deficiency_Leaf,Correct,0.766333
datasets/train/Deficiency_Leaf/Deficiency_Leaf00087.jpg,Deficiency_Leaf,Deficiency_Leaf,Correct,0.999997
datasets/train/Fungal_Leaf_Spot/Fungal_Leaf_Spot00547.jpg,Fungal_Leaf_Spot,Fungal_Leaf_Spot,Correct,1.000000
datasets/test/Fungal_Leaf_Spot/Fungal_Leaf_Spot00045.jpg,Fungal_Leaf_Spot,Fungal_Leaf_Spot,Correct,1.000000
datasets/test/Leaf_Gall/Leaf_Gall00307.jpg,Leaf_Gall,Leaf_Gall,Correct,0.996234
datasets/train/Healthy_Leaf/Healthy_Leaf00094.jpg,Healthy_Leaf,Healthy_Leaf,Correct,1.000000
datasets/test/Dry_Leaf/Dry_Leaf00314.jpg,Dry_Leaf,Dry_Leaf,Correct,1.000000
datasets/test/Bituminous_Leaf/Bituminous_Leaf00012.jpg,Bituminous_Leaf,Bituminous_Leaf,Correct,1.000000
datasets/test/Felt_Leaf/Felt_Leaf00137.jpg,Felt_Leaf,Felt_Leaf,Correct,0.971219
datasets/test/Fungal_Leaf_Spot/Fungal_Leaf_Spot00332.jpg,Fungal_Leaf_Spot,Fungal_Leaf_Spot,Correct,1.000000
datasets/train/Dry_Leaf/Dry_Leaf00187.jpg,Dry_Leaf,Dry_Leaf,Correct,1.000000
datasets/train/Fungal_Leaf_Spot/Fungal_Leaf_Spot00428.jpg,Fungal_Leaf_Spot,Fungal_Leaf_Spot,Correct,1.000000
datasets/test/Leaf_Gall/Leaf_Gall00045.jpg,Leaf_Gall,Leaf_Gall,Correct,0.999944
datasets/train/Leaf_Blight/Leaf_Blight00110.jpg,Leaf_Blight,Leaf_Blight,Correct,0.734994
datasets/test/Fungal_Leaf_Spot/Fungal_Leaf_Spot00161.jpg,Fungal_Leaf_Spot,Fungal_Leaf_Spot,Correct,0.892380
datasets/test/Deficiency_Leaf/Deficiency_Leaf00016.jpg,Deficiency_Leaf,Deficiency_Leaf,Correct,0.999893
datasets/test/Leaf_Gall/Leaf_Gall00487.jpg,Leaf_Gall,Leaf_Gall,Correct,1.000000
datasets/train/Felt_Leaf/Felt_Leaf00110.jpg,Felt_Leaf,Felt_Leaf,Correct,0.998311
datasets/test/Fungal_Leaf_Spot/Fungal_Leaf_Spot00400.jpg,Fungal_Leaf_Spot,Fungal_Leaf_Spot,Correct,1.000000
datasets/train/Leaf_Gall/Leaf_Gall00410.jpg,Leaf_Gall,Leaf_Blight,Incorrect,0.776990
datasets/test/Leaf_Gall/Leaf_Gall00555.jpg,Leaf_Gall,Leaf_Gall,Correct,1.000000
datasets/test/Healthy_Leaf/Healthy_Leaf00275.jpg,Healthy_Leaf,Healthy_Leaf,Correct,0.999944
datasets/test/Healthy_Leaf/Healthy_Leaf00325.jpg,Healthy_Leaf,Healthy_Leaf,Correct,1.000000
datasets/train/Fungal_Leaf_Spot/Fungal_Leaf_Spot00405.jpg,Fungal_Leaf_Spot,Fungal_Leaf_Spot,Correct,1.000000
datasets/test/Fungal_Leaf_Spot/Fungal_Leaf_Spot00309.jpg,Fungal_Leaf_Spot,Fungal_Leaf_Spot,Correct,1.000000
datasets/test/Deficiency_Leaf/Deficiency_Leaf00019.jpg,Deficiency_Leaf,Deficiency_Leaf,Correct,1.000000
datasets/test/Healthy_Leaf/Healthy_Leaf00080.jpg,Healthy_Leaf,Healthy_Leaf,Correct,1.000000
datasets/test/Leaf_Blight/Leaf_Blight00324.jpg,Leaf_Blight,Leaf_Blight,Correct,1.000000
datasets/train/Felt_Leaf/Felt_Leaf00090.jpg,Felt_Leaf,Felt_Leaf,Correct,0.993775
datasets/train/Leaf_Gall/Leaf_Gall00360.jpg,Leaf_Gall,Leaf_Gall,Correct,0.990080
datasets/train/Leaf_Blight/Leaf_Blight00009.jpg,Leaf_Blight,Leaf_Blight,Correct,1.000000
datasets/train/Leaf_Blight/Leaf_Blight00208.jpg,Leaf_Blight,Leaf_Blight,Correct,0.999751
datasets/test/Healthy_Leaf/Healthy_Leaf00152.jpg,Healthy_Leaf,Healthy_Leaf,Correct,1.000000
datasets/test/Fungal_Leaf_Spot/Fungal_Leaf_Spot00290.jpg,Fungal_Leaf_Spot,Fungal_Leaf_Spot,Correct,0.998761
datasets/test/Healthy_Leaf/Healthy_Leaf00242.jpg,Healthy_Leaf,Healthy_Leaf,Correct,1.000000
datasets/test/Deficiency_Leaf/Deficiency_Leaf00095.jpg,Deficiency_Leaf,Deficiency_Leaf,Correct,0.918569
datasets/test/Leaf_Gall/Leaf_Gall00392.jpg,Leaf_Gall,Leaf_Gall,Correct,0.999981
datasets/train/Healthy_Leaf/Healthy_Leaf00556.jpg,Healthy_Leaf,Healthy_Leaf,Correct,0.999991
datasets/train/Dry_Leaf/Dry_Leaf00099.jpg,Dry_Leaf,Dry_Leaf,Correct,0.972462
datasets/test/Felt_Leaf/Felt_Leaf00151.jpg,Felt_Leaf,Felt_Leaf,Correct,0.687065
datasets/test/Dry_Leaf/Dry_Leaf00250.jpg,Dry_Leaf,Dry_Leaf,Correct,0.999892
datasets/test/Fungal_Leaf_Spot/Fungal_Leaf_Spot00016.jpg,Fungal_Leaf_Spot,Fungal_Leaf_Spot,Correct,0.895664
datasets/test/Dry_Leaf/Dry_Leaf00267.jpg,Dry_Leaf,Dry_Leaf,Correct,1.000000
datasets/train/Healthy_Leaf/Healthy_Leaf00361.jpg,Healthy_Leaf,Healthy_Leaf,Correct,1.000000
datasets/test/Anthrax_Leaf/Anthrax_Leaf00091.jpg,Anthrax_Leaf,Anthrax_Leaf,Correct,1.000000
datasets/train/Dry_Leaf/Dry_Leaf00106.jpg,Dry_Leaf,Dry_Leaf,Correct,1.000000
datasets/test/Leaf_Gall/Leaf_Gall00285.jpg,Leaf_Gall,Leaf_Gall,Correct,0.999972
datasets/test/Dry_Leaf/Dry_Leaf00024.jpg,Dry_Leaf,Dry_Leaf,Correct,1.000000
datasets/train/Fungal_Leaf_Spot/Fungal_Leaf_Spot00100.jpg,Fungal_Leaf_Spot,Fungal_Leaf_Spot,Correct,1.000000
datasets/test/Dry_Leaf/Dry_Leaf00062.jpg,Dry_Leaf,Dry_Leaf,Correct,1.000000
datasets/test/Leaf_Gall/Leaf_Gall00133.jpg,Leaf_Gall,Leaf_Gall,Correct,1.000000
datasets/train/Leaf_Gall/Leaf_Gall00401.jpg,Leaf_Gall,Leaf_Gall,Correct,0.999995
datasets/test/Leaf_Blight/Leaf_Blight00182.jpg,Leaf_Blight,Leaf_Blight,Correct,0.999978
datasets/train/Felt_Leaf/Felt_Leaf00346.jpg,Felt_Leaf,Felt_Leaf,Correct,1.000000
datasets/test/Leaf_Blight/Leaf_Blight00394.jpg,Leaf_Blight,Leaf_Blight,Correct,0.985600
datasets/test/Bituminous_Leaf/Bituminous_Leaf00051.jpg,Bituminous_Leaf,Bituminous_Leaf,Correct,0.999685
datasets/train/Leaf_Gall/Leaf_Gall00052.jpg,Leaf_Gall,Leaf_Gall,Correct,0.999996
datasets/test/Curl_Leaf/Curl_Leaf00017.jpg,Curl_Leaf,Curl_Leaf,Correct,0.999257
datasets/train/Leaf_Gall/Leaf_Gall00027.jpg,Leaf_Gall,Leaf_Gall,Correct,0.999973
datasets/test/Deficiency_Leaf/Deficiency_Leaf00101.jpg,Deficiency_Leaf,Deficiency_Leaf,Correct,0.984522
datasets/train/Fungal_Leaf_Spot/Fungal_Leaf_Spot00074.jpg,Fungal_Leaf_Spot,Fungal_Leaf_Spot,Correct,1.000000
datasets/train/Leaf_Gall/Leaf_Gall00070.jpg,Leaf_Gall,Leaf_Gall,Correct,0.999513
datasets/test/Dry_Leaf/Dry_Leaf00286.jpg,Dry_Leaf,Dry_Leaf,Correct,1.000000
datasets/test/Bituminous_Leaf/Bituminous_Leaf00052.jpg,Bituminous_Leaf,Bituminous_Leaf,Correct,0.994966
datasets/test/Felt_Leaf/Felt_Leaf00108.jpg,Felt_Leaf,Felt_Leaf,Correct,0.915755
datasets/test/Bituminous_Leaf/Bituminous_Leaf00119.jpg,Bituminous_Leaf,Bituminous_Leaf,Correct,0.999997
datasets/test/Felt_Leaf/Felt_Leaf00356.jpg,Felt_Leaf,Felt_Leaf,Correct,0.997550
datasets/train/Deficiency_Leaf/Deficiency_Leaf00062.jpg,Deficiency_Leaf,Deficiency_Leaf,Correct,0.999350
datasets/train/Leaf_Gall/Leaf_Gall00149.jpg,Leaf_Gall,Leaf_Gall,Correct,0.993836
datasets/train/Felt_Leaf/Felt_Leaf00104.jpg,Felt_Leaf,Felt_Leaf,Correct,0.784498
datasets/test/Deficiency_Leaf/Deficiency_Leaf00061.jpg,Deficiency_Leaf,Deficiency_Leaf,Correct,0.999998
datasets/train/Deficiency_Leaf/Deficiency_Leaf00044.jpg,Deficiency_Leaf,Bituminous_Leaf,Incorrect,0.601542
datasets/test/Fungal_Leaf_Spot/Fungal_Leaf_Spot00107.jpg,Fungal_Leaf_Spot,Fungal_Leaf_Spot,Correct,0.999992
datasets/test/Fungal_Leaf_Spot/Fungal_Leaf_Spot00481.jpg,Fungal_Leaf_Spot,Fungal_Leaf_Spot,Correct,1.000000
datasets/test/Anthrax_Leaf/Anthrax_Leaf00099.jpg,Anthrax_Leaf,Anthrax_Leaf,Correct,1.000000
datasets/train/Dry_Leaf/Dry_Leaf00298.jpg,Dry_Leaf,Dry_Leaf,Correct,1.000000
datasets/train/Fungal_Leaf_Spot/Fungal_Leaf_Spot00101.jpg,Fungal_Leaf_Spot,Fungal_Leaf_Spot,Correct,1.000000
datasets/train/Fungal_Leaf_Spot/Fungal_Leaf_Spot00339.jpg,Fungal_Leaf_Spot,Fungal_Leaf_Spot,Correct,0.999999
datasets/test/Fungal_Leaf_Spot/Fungal_Leaf_Spot00033.jpg,Fungal_Leaf_Spot,Fungal_Leaf_Spot,Correct,1.000000
datasets/test/Fungal_Leaf_Spot/Fungal_Leaf_Spot00480.jpg,Fungal_Leaf_Spot,Fungal_Leaf_Spot,Correct,0.999990
datasets/train/Leaf_Gall/Leaf_Gall00215.jpg,Leaf_Gall,Leaf_Gall,Correct,1.000000
datasets/test/Dry_Leaf/Dry_Leaf00297.jpg,Dry_Leaf,Dry_Leaf,Correct,1.000000
datasets/train/Curl_Leaf/Curl_Leaf00159.jpg,Curl_Leaf,Curl_Leaf,Correct,1.000000
datasets/test/Fungal_Leaf_Spot/Fungal_Leaf_Spot00545.jpg,Fungal_Leaf_Spot,Fungal_Leaf_Spot,Correct,1.000000
datasets/test/Healthy_Leaf/Healthy_Leaf00340.jpg,Healthy_Leaf,Healthy_Leaf,Correct,1.000000
datasets/test/Anthrax_Leaf/Anthrax_Leaf00115.jpg,Anthrax_Leaf,Anthrax_Leaf,Correct,1.000000
datasets/train/Healthy_Leaf/Healthy_Leaf00141.jpg,Healthy_Leaf,Healthy_Leaf,Correct,0.999997
datasets/test/Healthy_Leaf/Healthy_Leaf00091.jpg,Healthy_Leaf,Healthy_Leaf,Correct,1.000000
datasets/train/Felt_Leaf/Felt_Leaf00308.jpg,Felt_Leaf,Felt_Leaf,Correct,0.999996
datasets/test/Curl_Leaf/Curl_Leaf00113.jpg,Curl_Leaf,Curl_Leaf,Correct,0.999636
datasets/test/Healthy_Leaf/Healthy_Leaf00402.jpg,Healthy_Leaf,Healthy_Leaf,Correct,1.000000
datasets/train/Fungal_Leaf_Spot/Fungal_Leaf_Spot00370.jpg,Fungal_Leaf_Spot,Fungal_Leaf_Spot,Correct,0.999456
datasets/test/Dry_Leaf/Dry_Leaf00010.jpg,Dry_Leaf,Dry_Leaf,Correct,0.999999
datasets/train/Healthy_Leaf/Healthy_Leaf00058.jpg,Healthy_Leaf,Healthy_Leaf,Correct,0.999999
datasets/test/Leaf_Gall/Leaf_Gall00166.jpg,Leaf_Gall,Leaf_Gall,Correct,0.993473
datasets/test/Curl_Leaf/Curl_Leaf00101.jpg,Curl_Leaf,Curl_Leaf,Correct,1.000000
datasets/train/Leaf_Gall/Leaf_Gall00454.jpg,Leaf_Gall,Leaf_Gall,Correct,0.999986
datasets/train/Leaf_Blight/Leaf_Blight00035.jpg,Leaf_Blight,Leaf_Blight,Correct,1.000000
datasets/test/Felt_Leaf/Felt_Leaf00291.jpg,Felt_Leaf,Felt_Leaf,Correct,1.000000
datasets/train/Leaf_Blight/Leaf_Blight00354.jpg,Leaf_Blight,Leaf_Blight,Correct,1.000000
datasets/test/Fungal_Leaf_Spot/Fungal_Leaf_Spot00311.jpg,Fungal_Leaf_Spot,Fungal_Leaf_Spot,Correct,1.000000
datasets/train/Leaf_Gall/Leaf_Gall00120.jpg,Leaf_Gall,Leaf_Gall,Correct,0.952370
datasets/train/Felt_Leaf/Felt_Leaf00084.jpg,Felt_Leaf,Felt_Leaf,Correct,0.994674
datasets/train/Felt_Leaf/Felt_Leaf00311.jpg,Felt_Leaf,Felt_Leaf,Correct,1.000000
datasets/test/Deficiency_Leaf/Deficiency_Leaf00116.jpg,Deficiency_Leaf,Deficiency_Leaf,Correct,0.999909
datasets/test/Fungal_Leaf_Spot/Fungal_Leaf_Spot00417.jpg,Fungal_Leaf_Spot,Fungal_Leaf_Spot,Correct,1.000000
datasets/test/Healthy_Leaf/Healthy_Leaf00328.jpg,Healthy_Leaf,Healthy_Leaf,Correct,0.999999
datasets/test/Dry_Leaf/Dry_Leaf00048.jpg,Dry_Leaf,Dry_Leaf,Correct,1.000000
datasets/test/Leaf_Blight/Leaf_Blight00386.jpg,Leaf_Blight,Leaf_Blight,Correct,1.000000
datasets/train/Fungal_Leaf_Spot/Fungal_Leaf_Spot00354.jpg,Fungal_Leaf_Spot,Fungal_Leaf_Spot,Correct,0.999999
datasets/train/Fungal_Leaf_Spot/Fungal_Leaf_Spot00242.jpg,Fungal_Leaf_Spot,Fungal_Leaf_Spot,Correct,0.999999
datasets/test/Deficiency_Leaf/Deficiency_Leaf00034.jpg,Deficiency_Leaf,Deficiency_Leaf,Correct,0.999972
datasets/test/Dry_Leaf/Dry_Leaf00029.jpg,Dry_Leaf,Dry_Leaf,Correct,0.999987
datasets/test/Curl_Leaf/Curl_Leaf00180.jpg,Curl_Leaf,Curl_Leaf,Correct,1.000000
datasets/test/Leaf_Blight/Leaf_Blight00288.jpg,Leaf_Blight,Leaf_Blight,Correct,1.000000
datasets/train/Bituminous_Leaf/Bituminous_Leaf00009.jpg,Bituminous_Leaf,Bituminous_Leaf,Correct,0.999999
datasets/test/Fungal_Leaf_Spot/Fungal_Leaf_Spot00159.jpg,Fungal_Leaf_Spot,Fungal_Leaf_Spot,Correct,0.999948
datasets/train/Leaf_Gall/Leaf_Gall00063.jpg,Leaf_Gall,Leaf_Gall,Correct,1.000000
datasets/test/Healthy_Leaf/Healthy_Leaf00286.jpg,Healthy_Leaf,Healthy_Leaf,Correct,0.999073
datasets/train/Curl_Leaf/Curl_Leaf00130.jpg,Curl_Leaf,Curl_Leaf,Correct,1.000000
datasets/train/Fungal_Leaf_Spot/Fungal_Leaf_Spot00040.jpg,Fungal_Leaf_Spot,Fungal_Leaf_Spot,Correct,1.000000
datasets/test/Deficiency_Leaf/Deficiency_Leaf00003.jpg,Deficiency_Leaf,Anthrax_Leaf,Incorrect,0.557270
datasets/test/Fungal_Leaf_Spot/Fungal_Leaf_Spot00485.jpg,Fungal_Leaf_Spot,Fungal_Leaf_Spot,Correct,1.000000
datasets/train/Leaf_Gall/Leaf_Gall00015.jpg,Leaf_Gall,Leaf_Gall,Correct,0.999524
datasets/train/Leaf_Blight/Leaf_Blight00136.jpg,Leaf_Blight,Leaf_Blight,Correct,0.999999
datasets/train/Leaf_Gall/Leaf_Gall00568.jpg,Leaf_Gall,Leaf_Gall,Correct,0.999964
datasets/train/Leaf_Blight/Leaf_Blight00197.jpg,Leaf_Blight,Leaf_Blight,Correct,1.000000
datasets/test/Healthy_Leaf/Healthy_Leaf00416.jpg,Healthy_Leaf,Healthy_Leaf,Correct,1.000000
datasets/test/Healthy_Leaf/Healthy_Leaf00206.jpg,Healthy_Leaf,Healthy_Leaf,Correct,1.000000
datasets/test/Leaf_Gall/Leaf_Gall00422.jpg,Leaf_Gall,Leaf_Gall,Correct,0.999999
datasets/test/Leaf_Blight/Leaf_Blight00107.jpg,Leaf_Blight,Leaf_Blight,Correct,0.985598
datasets/train/Dry_Leaf/Dry_Leaf00077.jpg,Dry_Leaf,Dry_Leaf,Correct,1.000000
datasets/test/Dry_Leaf/Dry_Leaf00070.jpg,Dry_Leaf,Dry_Leaf,Correct,0.999997
datasets/test/Fungal_Leaf_Spot/Fungal_Leaf_Spot00493.jpg,Fungal_Leaf_Spot,Fungal_Leaf_Spot,Correct,1.000000
datasets/test/Felt_Leaf/Felt_Leaf00125.jpg,Felt_Leaf,Felt_Leaf,Correct,1.000000
datasets/test/Dry_Leaf/Dry_Leaf00324.jpg,Dry_Leaf,Dry_Leaf,Correct,1.000000
datasets/test/Dry_Leaf/Dry_Leaf00305.jpg,Dry_Leaf,Dry_Leaf,Correct,1.000000
datasets/test/Dry_Leaf/Dry_Leaf00200.jpg,Dry_Leaf,Dry_Leaf,Correct,1.000000
datasets/test/Anthrax_Leaf/Anthrax_Leaf00060.jpg,Anthrax_Leaf,Anthrax_Leaf,Correct,1.000000
datasets/train/Felt_Leaf/Felt_Leaf00361.jpg,Felt_Leaf,Felt_Leaf,Correct,0.999993
datasets/train/Healthy_Leaf/Healthy_Leaf00504.jpg,Healthy_Leaf,Healthy_Leaf,Correct,1.000000
datasets/train/Healthy_Leaf/Healthy_Leaf00168.jpg,Healthy_Leaf,Healthy_Leaf,Correct,1.000000
datasets/test/Fungal_Leaf_Spot/Fungal_Leaf_Spot00279.jpg,Fungal_Leaf_Spot,Fungal_Leaf_Spot,Correct,1.000000
datasets/test/Felt_Leaf/Felt_Leaf00060.jpg,Felt_Leaf,Felt_Leaf,Correct,0.999988
datasets/test/Fungal_Leaf_Spot/Fungal_Leaf_Spot00304.jpg,Fungal_Leaf_Spot,Fungal_Leaf_Spot,Correct,1.000000
datasets/train/Leaf_Blight/Leaf_Blight00065.jpg,Leaf_Blight,Leaf_Blight,Correct,0.707217
datasets/test/Fungal_Leaf_Spot/Fungal_Leaf_Spot00047.jpg,Fungal_Leaf_Spot,Fungal_Leaf_Spot,Correct,1.000000
datasets/test/Healthy_Leaf/Healthy_Leaf00245.jpg,Healthy_Leaf,Healthy_Leaf,Correct,0.999999
datasets/test/Healthy_Leaf/Healthy_Leaf00427.jpg,Healthy_Leaf,Healthy_Leaf,Correct,0.999998
datasets/test/Healthy_Leaf/Healthy_Leaf00053.jpg,Healthy_Leaf,Healthy_Leaf,Correct,0.999996
datasets/test/Healthy_Leaf/Healthy_Leaf00078.jpg,Healthy_Leaf,Healthy_Leaf,Correct,1.000000
datasets/train/Felt_Leaf/Felt_Leaf00326.jpg,Felt_Leaf,Felt_Leaf,Correct,0.999730
datasets/train/Leaf_Gall/Leaf_Gall00352.jpg,Leaf_Gall,Leaf_Gall,Correct,1.000000
datasets/train/Leaf_Gall/Leaf_Gall00017.jpg,Leaf_Gall,Leaf_Gall,Correct,0.989919
datasets/test/Leaf_Blight/Leaf_Blight00198.jpg,Leaf_Blight,Leaf_Blight,Correct,0.999995
datasets/train/Leaf_Gall/Leaf_Gall00619.jpg,Leaf_Gall,Leaf_Gall,Correct,0.999674
datasets/test/Fungal_Leaf_Spot/Fungal_Leaf_Spot00032.jpg,Fungal_Leaf_Spot,Fungal_Leaf_Spot,Correct,1.000000
datasets/train/Leaf_Gall/Leaf_Gall00206.jpg,Leaf_Gall,Leaf_Gall,Correct,1.000000
datasets/test/Bituminous_Leaf/Bituminous_Leaf00006.jpg,Bituminous_Leaf,Bituminous_Leaf,Correct,1.000000
datasets/test/Leaf_Gall/Leaf_Gall00234.jpg,Leaf_Gall,Leaf_Gall,Correct,1.000000
datasets/test/Leaf_Gall/Leaf_Gall00574.jpg,Leaf_Gall,Leaf_Gall,Correct,0.998691
datasets/test/Healthy_Leaf/Healthy_Leaf00610.jpg,Healthy_Leaf,Healthy_Leaf,Correct,0.999577
datasets/test/Leaf_Gall/Leaf_Gall00390.jpg,Leaf_Gall,Leaf_Gall,Correct,0.999731
datasets/train/Leaf_Blight/Leaf_Blight00506.jpg,Leaf_Blight,Leaf_Blight,Correct,0.999924
datasets/test/Healthy_Leaf/Healthy_Leaf00412.jpg,Healthy_Leaf,Healthy_Leaf,Correct,0.999967
datasets/train/Fungal_Leaf_Spot/Fungal_Leaf_Spot00114.jpg,Fungal_Leaf_Spot,Fungal_Leaf_Spot,Correct,1.000000
datasets/train/Healthy_Leaf/Healthy_Leaf00586.jpg,Healthy_Leaf,Healthy_Leaf,Correct,0.999999
datasets/train/Anthrax_Leaf/Anthrax_Leaf00038.jpg,Anthrax_Leaf,Anthrax_Leaf,Correct,1.000000
datasets/test/Fungal_Leaf_Spot/Fungal_Leaf_Spot00191.jpg,Fungal_Leaf_Spot,Fungal_Leaf_Spot,Correct,0.999964
datasets/test/Dry_Leaf/Dry_Leaf00323.jpg,Dry_Leaf,Dry_Leaf,Correct,1.000000
datasets/test/Healthy_Leaf/Healthy_Leaf00452.jpg,Healthy_Leaf,Healthy_Leaf,Correct,1.000000
datasets/test/Curl_Leaf/Curl_Leaf00068.jpg,Curl_Leaf,Curl_Leaf,Correct,1.000000
datasets/test/Deficiency_Leaf/Deficiency_Leaf00111.jpg,Deficiency_Leaf,Bituminous_Leaf,Incorrect,0.991097
datasets/train/Fungal_Leaf_Spot/Fungal_Leaf_Spot00465.jpg,Fungal_Leaf_Spot,Felt_Leaf,Incorrect,0.738937
datasets/test/Healthy_Leaf/Healthy_Leaf00386.jpg,Healthy_Leaf,Healthy_Leaf,Correct,0.999971
datasets/test/Leaf_Gall/Leaf_Gall00003.jpg,Leaf_Gall,Leaf_Gall,Correct,0.997329
datasets/train/Healthy_Leaf/Healthy_Leaf00525.jpg,Healthy_Leaf,Healthy_Leaf,Correct,0.999888
datasets/train/Dry_Leaf/Dry_Leaf00340.jpg,Dry_Leaf,Dry_Leaf,Correct,0.999995
datasets/train/Felt_Leaf/Felt_Leaf00280.jpg,Felt_Leaf,Felt_Leaf,Correct,0.907404
datasets/train/Bituminous_Leaf/Bituminous_Leaf00010.jpg,Bituminous_Leaf,Bituminous_Leaf,Correct,1.000000
datasets/train/Healthy_Leaf/Healthy_Leaf00570.jpg,Healthy_Leaf,Healthy_Leaf,Correct,1.000000
datasets/test/Leaf_Blight/Leaf_Blight00343.jpg,Leaf_Blight,Leaf_Blight,Correct,1.000000
datasets/train/Healthy_Leaf/Healthy_Leaf00366.jpg,Healthy_Leaf,Healthy_Leaf,Correct,0.999996
datasets/train/Healthy_Leaf/Healthy_Leaf00594.jpg,Healthy_Leaf,Healthy_Leaf,Correct,0.999998
datasets/test/Felt_Leaf/Felt_Leaf00284.jpg,Felt_Leaf,Felt_Leaf,Correct,1.000000
datasets/train/Dry_Leaf/Dry_Leaf00241.jpg,Dry_Leaf,Dry_Leaf,Correct,1.000000
datasets/test/Leaf_Blight/Leaf_Blight00480.jpg,Leaf_Blight,Leaf_Blight,Correct,1.000000
datasets/test/Leaf_Blight/Leaf_Blight00547.jpg,Leaf_Blight,Leaf_Blight,Correct,1.000000
datasets/test/Dry_Leaf/Dry_Leaf00071.jpg,Dry_Leaf,Dry_Leaf,Correct,1.000000
datasets/test/Felt_Leaf/Felt_Leaf00271.jpg,Felt_Leaf,Felt_Leaf,Correct,0.993255
datasets/train/Healthy_Leaf/Healthy_Leaf00027.jpg,Healthy_Leaf,Healthy_Leaf,Correct,0.999363
datasets/test/Leaf_Gall/Leaf_Gall00270.jpg,Leaf_Gall,Leaf_Gall,Correct,1.000000
datasets/test/Dry_Leaf/Dry_Leaf00005.jpg,Dry_Leaf,Dry_Leaf,Correct,1.000000
datasets/train/Dry_Leaf/Dry_Leaf00256.jpg,Dry_Leaf,Dry_Leaf,Correct,0.999946
datasets/train/Leaf_Gall/Leaf_Gall00370.jpg,Leaf_Gall,Leaf_Gall,Correct,0.999935
datasets/train/Leaf_Gall/Leaf_Gall00436.jpg,Leaf_Gall,Leaf_Gall,Correct,1.000000
datasets/train/Leaf_Blight/Leaf_Blight00010.jpg,Leaf_Blight,Leaf_Blight,Correct,1.000000
datasets/test/Felt_Leaf/Felt_Leaf00307.jpg,Felt_Leaf,Felt_Leaf,Correct,1.000000
datasets/test/Leaf_Gall/Leaf_Gall00377.jpg,Leaf_Gall,Leaf_Gall,Correct,0.997653
datasets/test/Healthy_Leaf/Healthy_Leaf00288.jpg,Healthy_Leaf,Healthy_Leaf,Correct,1.000000
datasets/test/Leaf_Gall/Leaf_Gall00107.jpg,Leaf_Gall,Leaf_Gall,Correct,1.000000
datasets/test/Dry_Leaf/Dry_Leaf00196.jpg,Dry_Leaf,Dry_Leaf,Correct,1.000000
datasets/train/Leaf_Blight/Leaf_Blight00246.jpg,Leaf_Blight,Leaf_Blight,Correct,0.999708
datasets/train/Healthy_Leaf/Healthy_Leaf00013.jpg,Healthy_Leaf,Healthy_Leaf,Correct,0.999998
datasets/train/Dry_Leaf/Dry_Leaf00335.jpg,Dry_Leaf,Dry_Leaf,Correct,0.999999
datasets/test/Fungal_Leaf_Spot/Fungal_Leaf_Spot00236.jpg,Fungal_Leaf_Spot,Fungal_Leaf_Spot,Correct,1.000000
datasets/train/Leaf_Gall/Leaf_Gall00197.jpg,Leaf_Gall,Leaf_Gall,Correct,1.000000
datasets/test/Leaf_Gall/Leaf_Gall00533.jpg,Leaf_Gall,Leaf_Gall,Correct,0.999967
datasets/test/Healthy_Leaf/Healthy_Leaf00387.jpg,Healthy_Leaf,Healthy_Leaf,Correct,1.000000
datasets/test/Healthy_Leaf/Healthy_Leaf00124.jpg,Healthy_Leaf,Healthy_Leaf,Correct,1.000000
datasets/test/Fungal_Leaf_Spot/Fungal_Leaf_Spot00356.jpg,Fungal_Leaf_Spot,Fungal_Leaf_Spot,Correct,1.000000
datasets/test/Fungal_Leaf_Spot/Fungal_Leaf_Spot00541.jpg,Fungal_Leaf_Spot,Fungal_Leaf_Spot,Correct,1.000000
datasets/train/Deficiency_Leaf/Deficiency_Leaf00026.jpg,Deficiency_Leaf,Deficiency_Leaf,Correct,0.999982
datasets/test/Leaf_Blight/Leaf_Blight00528.jpg,Leaf_Blight,Leaf_Blight,Correct,1.000000
datasets/test/Felt_Leaf/Felt_Leaf00015.jpg,Felt_Leaf,Felt_Leaf,Correct,0.821822
datasets/test/Leaf_Gall/Leaf_Gall00199.jpg,Leaf_Gall,Leaf_Gall,Correct,0.999997
datasets/test/Leaf_Blight/Leaf_Blight00247.jpg,Leaf_Blight,Leaf_Blight,Correct,0.999975
datasets/test/Fungal_Leaf_Spot/Fungal_Leaf_Spot00117.jpg,Fungal_Leaf_Spot,Fungal_Leaf_Spot,Correct,0.999714
datasets/train/Healthy_Leaf/Healthy_Leaf00371.jpg,Healthy_Leaf,Healthy_Leaf,Correct,0.999978
datasets/test/Healthy_Leaf/Healthy_Leaf00554.jpg,Healthy_Leaf,Healthy_Leaf,Correct,0.999901
datasets/test/Felt_Leaf/Felt_Leaf00131.jpg,Felt_Leaf,Felt_Leaf,Correct,0.999723
datasets/train/Leaf_Blight/Leaf_Blight00543.jpg,Leaf_Blight,Leaf_Blight,Correct,1.000000
datasets/test/Leaf_Gall/Leaf_Gall00612.jpg,Leaf_Gall,Leaf_Gall,Correct,0.999991
datasets/test/Fungal_Leaf_Spot/Fungal_Leaf_Spot00017.jpg,Fungal_Leaf_Spot,Fungal_Leaf_Spot,Correct,0.536790
datasets/test/Curl_Leaf/Curl_Leaf00149.jpg,Curl_Leaf,Curl_Leaf,Correct,1.000000
datasets/test/Leaf_Blight/Leaf_Blight00228.jpg,Leaf_Blight,Leaf_Blight,Correct,1.000000
datasets/train/Dry_Leaf/Dry_Leaf00012.jpg,Dry_Leaf,Dry_Leaf,Correct,0.999999
datasets/test/Leaf_Gall/Leaf_Gall00514.jpg,Leaf_Gall,Leaf_Gall,Correct,0.999998
datasets/train/Fungal_Leaf_Spot/Fungal_Leaf_Spot00209.jpg,Fungal_Leaf_Spot,Fungal_Leaf_Spot,Correct,1.000000
datasets/test/Dry_Leaf/Dry_Leaf00033.jpg,Dry_Leaf,Dry_Leaf,Correct,0.985261
datasets/train/Healthy_Leaf/Healthy_Leaf00617.jpg,Healthy_Leaf,Healthy_Leaf,Correct,0.996565
datasets/test/Leaf_Blight/Leaf_Blight00374.jpg,Leaf_Blight,Leaf_Blight,Correct,1.000000
datasets/test/Anthrax_Leaf/Anthrax_Leaf00125.jpg,Anthrax_Leaf,Anthrax_Leaf,Correct,1.000000
datasets/test/Leaf_Gall/Leaf_Gall00317.jpg,Leaf_Gall,Leaf_Gall,Correct,1.000000
datasets/test/Leaf_Blight/Leaf_Blight00220.jpg,Leaf_Blight,Leaf_Blight,Correct,1.000000
datasets/train/Dry_Leaf/Dry_Leaf00331.jpg,Dry_Leaf,Dry_Leaf,Correct,1.000000
datasets/test/Fungal_Leaf_Spot/Fungal_Leaf_Spot00496.jpg,Fungal_Leaf_Spot,Fungal_Leaf_Spot,Correct,1.000000
datasets/test/Leaf_Gall/Leaf_Gall00232.jpg,Leaf_Gall,Leaf_Gall,Correct,1.000000
datasets/test/Healthy_Leaf/Healthy_Leaf00157.jpg,Healthy_Leaf,Healthy_Leaf,Correct,0.999843
datasets/train/Leaf_Gall/Leaf_Gall00610.jpg,Leaf_Gall,Leaf_Gall,Correct,1.000000
datasets/test/Leaf_Gall/Leaf_Gall00513.jpg,Leaf_Gall,Leaf_Gall,Correct,1.000000
datasets/test/Felt_Leaf/Felt_Leaf00082.jpg,Felt_Leaf,Felt_Leaf,Correct,0.996398
datasets/test/Curl_Leaf/Curl_Leaf00027.jpg,Curl_Leaf,Curl_Leaf,Correct,1.000000
datasets/train/Fungal_Leaf_Spot/Fungal_Leaf_Spot00398.jpg,Fungal_Leaf_Spot,Fungal_Leaf_Spot,Correct,1.000000
datasets/train/Bituminous_Leaf/Bituminous_Leaf00107.jpg,Bituminous_Leaf,Bituminous_Leaf,Correct,0.999844
datasets/train/Leaf_Blight/Leaf_Blight00066.jpg,Leaf_Blight,Leaf_Blight,Correct,0.953062
datasets/test/Leaf_Gall/Leaf_Gall00433.jpg,Leaf_Gall,Leaf_Gall,Correct,1.000000
datasets/test/Healthy_Leaf/Healthy_Leaf00374.jpg,Healthy_Leaf,Healthy_Leaf,Correct,0.999999
datasets/test/Leaf_Gall/Leaf_Gall00316.jpg,Leaf_Gall,Leaf_Gall,Correct,0.997036
datasets/train/Leaf_Blight/Leaf_Blight00211.jpg,Leaf_Blight,Leaf_Blight,Correct,0.828325
datasets/test/Leaf_Blight/Leaf_Blight00585.jpg,Leaf_Blight,Leaf_Blight,Correct,0.999801
datasets/train/Healthy_Leaf/Healthy_Leaf00382.jpg,Healthy_Leaf,Healthy_Leaf,Correct,0.998010
datasets/test/Leaf_Gall/Leaf_Gall00134.jpg,Leaf_Gall,Leaf_Gall,Correct,1.000000
datasets/test/Fungal_Leaf_Spot/Fungal_Leaf_Spot00540.jpg,Fungal_Leaf_Spot,Fungal_Leaf_Spot,Correct,1.000000
datasets/test/Fungal_Leaf_Spot/Fungal_Leaf_Spot00477.jpg,Fungal_Leaf_Spot,Fungal_Leaf_Spot,Correct,0.999994
datasets/train/Fungal_Leaf_Spot/Fungal_Leaf_Spot00075.jpg,Fungal_Leaf_Spot,Fungal_Leaf_Spot,Correct,1.000000
datasets/train/Leaf_Blight/Leaf_Blight00134.jpg,Leaf_Blight,Leaf_Blight,Correct,1.000000
datasets/train/Anthrax_Leaf/Anthrax_Leaf00050.jpg,Anthrax_Leaf,Anthrax_Leaf,Correct,1.000000
datasets/train/Leaf_Blight/Leaf_Blight00316.jpg,Leaf_Blight,Leaf_Blight,Correct,1.000000
datasets/test/Felt_Leaf/Felt_Leaf00029.jpg,Felt_Leaf,Felt_Leaf,Correct,1.000000
datasets/test/Bituminous_Leaf/Bituminous_Leaf00022.jpg,Bituminous_Leaf,Bituminous_Leaf,Correct,0.999998
datasets/test/Leaf_Gall/Leaf_Gall00318.jpg,Leaf_Gall,Leaf_Gall,Correct,0.999964
datasets/test/Healthy_Leaf/Healthy_Leaf00458.jpg,Healthy_Leaf,Healthy_Leaf,Correct,0.999999
datasets/test/Leaf_Blight/Leaf_Blight00037.jpg,Leaf_Blight,Leaf_Blight,Correct,1.000000
datasets/test/Deficiency_Leaf/Deficiency_Leaf00093.jpg,Deficiency_Leaf,Anthrax_Leaf,Incorrect,0.999694
datasets/train/Healthy_Leaf/Healthy_Leaf00464.jpg,Healthy_Leaf,Healthy_Leaf,Correct,1.000000
datasets/test/Healthy_Leaf/Healthy_Leaf00488.jpg,Healthy_Leaf,Healthy_Leaf,Correct,0.996354
datasets/train/Leaf_Gall/Leaf_Gall00276.jpg,Leaf_Gall,Leaf_Gall,Correct,0.999987
datasets/train/Fungal_Leaf_Spot/Fungal_Leaf_Spot00451.jpg,Fungal_Leaf_Spot,Fungal_Leaf_Spot,Correct,0.999844
datasets/test/Fungal_Leaf_Spot/Fungal_Leaf_Spot00055.jpg,Fungal_Leaf_Spot,Fungal_Leaf_Spot,Correct,1.000000
datasets/test/Curl_Leaf/Curl_Leaf00127.jpg,Curl_Leaf,Curl_Leaf,Correct,1.000000
datasets/test/Healthy_Leaf/Healthy_Leaf00300.jpg,Healthy_Leaf,Healthy_Leaf,Correct,1.000000
datasets/train/Fungal_Leaf_Spot/Fungal_Leaf_Spot00049.jpg,Fungal_Leaf_Spot,Fungal_Leaf_Spot,Correct,1.000000
datasets/test/Healthy_Leaf/Healthy_Leaf00007.jpg,Healthy_Leaf,Healthy_Leaf,Correct,0.999995
datasets/train/Anthrax_Leaf/Anthrax_Leaf00049.jpg,Anthrax_Leaf,Anthrax_Leaf,Correct,1.000000
datasets/test/Leaf_Gall/Leaf_Gall00273.jpg,Leaf_Gall,Leaf_Gall,Correct,1.000000
datasets/test/Curl_Leaf/Curl_Leaf00046.jpg,Curl_Leaf,Curl_Leaf,Correct,1.000000
datasets/test/Felt_Leaf/Felt_Leaf00349.jpg,Felt_Leaf,Felt_Leaf,Correct,0.999674
datasets/test/Leaf_Blight/Leaf_Blight00337.jpg,Leaf_Blight,Leaf_Blight,Correct,1.000000
datasets/train/Healthy_Leaf/Healthy_Leaf00431.jpg,Healthy_Leaf,Healthy_Leaf,Correct,1.000000
datasets/test/Dry_Leaf/Dry_Leaf00349.jpg,Dry_Leaf,Dry_Leaf,Correct,1.000000
datasets/test/Felt_Leaf/Felt_Leaf00016.jpg,Felt_Leaf,Felt_Leaf,Correct,0.999975
datasets/test/Leaf_Gall/Leaf_Gall00010.jpg,Leaf_Gall,Leaf_Gall,Correct,0.995395
datasets/test/Deficiency_Leaf/Deficiency_Leaf00108.jpg,Deficiency_Leaf,Deficiency_Leaf,Correct,0.999889
datasets/test/Leaf_Gall/Leaf_Gall00164.jpg,Leaf_Gall,Leaf_Gall,Correct,1.000000
datasets/test/Healthy_Leaf/Healthy_Leaf00297.jpg,Healthy_Leaf,Healthy_Leaf,Correct,1.000000
datasets/train/Leaf_Gall/Leaf_Gall00106.jpg,Leaf_Gall,Leaf_Gall,Correct,0.999968
datasets/train/Felt_Leaf/Felt_Leaf00313.jpg,Felt_Leaf,Felt_Leaf,Correct,0.986303
datasets/test/Fungal_Leaf_Spot/Fungal_Leaf_Spot00088.jpg,Fungal_Leaf_Spot,Fungal_Leaf_Spot,Correct,1.000000
datasets/test/Dry_Leaf/Dry_Leaf00158.jpg,Dry_Leaf,Dry_Leaf,Correct,1.000000
datasets/test/Healthy_Leaf/Healthy_Leaf00167.jpg,Healthy_Leaf,Healthy_Leaf,Correct,1.000000
datasets/train/Fungal_Leaf_Spot/Fungal_Leaf_Spot00113.jpg,Fungal_Leaf_Spot,Fungal_Leaf_Spot,Correct,0.999999
datasets/train/Leaf_Blight/Leaf_Blight00372.jpg,Leaf_Blight,Leaf_Blight,Correct,0.999988
datasets/train/Deficiency_Leaf/Deficiency_Leaf00007.jpg,Deficiency_Leaf,Deficiency_Leaf,Correct,0.984879
datasets/test/Fungal_Leaf_Spot/Fungal_Leaf_Spot00528.jpg,Fungal_Leaf_Spot,Fungal_Leaf_Spot,Correct,1.000000
datasets/test/Curl_Leaf/Curl_Leaf00002.jpg,Curl_Leaf,Curl_Leaf,Correct,0.999134
datasets/train/Curl_Leaf/Curl_Leaf00145.jpg,Curl_Leaf,Curl_Leaf,Correct,0.999808
datasets/train/Deficiency_Leaf/Deficiency_Leaf00060.jpg,Deficiency_Leaf,Deficiency_Leaf,Correct,0.999999
datasets/test/Leaf_Blight/Leaf_Blight00147.jpg,Leaf_Blight,Leaf_Blight,Correct,0.999939
datasets/test/Dry_Leaf/Dry_Leaf00173.jpg,Dry_Leaf,Dry_Leaf,Correct,1.000000
datasets/test/Leaf_Gall/Leaf_Gall00573.jpg,Leaf_Gall,Leaf_Gall,Correct,0.999417
datasets/test/Curl_Leaf/Curl_Leaf00053.jpg,Curl_Leaf,Curl_Leaf,Correct,1.000000
datasets/test/Fungal_Leaf_Spot/Fungal_Leaf_Spot00492.jpg,Fungal_Leaf_Spot,Fungal_Leaf_Spot,Correct,1.000000
datasets/test/Leaf_Blight/Leaf_Blight00314.jpg,Leaf_Blight,Leaf_Blight,Correct,1.000000
datasets/train/Dry_Leaf/Dry_Leaf00065.jpg,Dry_Leaf,Dry_Leaf,Correct,1.000000
datasets/test/Healthy_Leaf/Healthy_Leaf00480.jpg,Healthy_Leaf,Healthy_Leaf,Correct,1.000000
datasets/train/Dry_Leaf/Dry_Leaf00353.jpg,Dry_Leaf,Dry_Leaf,Correct,1.000000
datasets/test/Leaf_Blight/Leaf_Blight00116.jpg,Leaf_Blight,Leaf_Blight,Correct,0.999999
datasets/train/Healthy_Leaf/Healthy_Leaf00311.jpg,Healthy_Leaf,Healthy_Leaf,Correct,1.000000
datasets/test/Fungal_Leaf_Spot/Fungal_Leaf_Spot00195.jpg,Fungal_Leaf_Spot,Fungal_Leaf_Spot,Correct,1.000000
datasets/test/Healthy_Leaf/Healthy_Leaf00428.jpg,Healthy_Leaf,Healthy_Leaf,Correct,1.000000
datasets/train/Anthrax_Leaf/Anthrax_Leaf00080.jpg,Anthrax_Leaf,Anthrax_Leaf,Correct,1.000000
datasets/test/Felt_Leaf/Felt_Leaf00031.jpg,Felt_Leaf,Felt_Leaf,Correct,1.000000
datasets/test/Bituminous_Leaf/Bituminous_Leaf00095.jpg,Bituminous_Leaf,Bituminous_Leaf,Correct,0.999411
datasets/test/Felt_Leaf/Felt_Leaf00065.jpg,Felt_Leaf,Felt_Leaf,Correct,0.999967
datasets/train/Bituminous_Leaf/Bituminous_Leaf00043.jpg,Bituminous_Leaf,Bituminous_Leaf,Correct,0.998829
datasets/test/Leaf_Blight/Leaf_Blight00061.jpg,Leaf_Blight,Leaf_Blight,Correct,0.999471
datasets/test/Bituminous_Leaf/Bituminous_Leaf00126.jpg,Bituminous_Leaf,Bituminous_Leaf,Correct,0.999997
datasets/test/Leaf_Gall/Leaf_Gall00175.jpg,Leaf_Gall,Leaf_Gall,Correct,1.000000
datasets/test/Leaf_Blight/Leaf_Blight00028.jpg,Leaf_Blight,Leaf_Blight,Correct,0.999999
datasets/test/Healthy_Leaf/Healthy_Leaf00249.jpg,Healthy_Leaf,Healthy_Leaf,Correct,0.999958
datasets/train/Healthy_Leaf/Healthy_Leaf00321.jpg,Healthy_Leaf,Healthy_Leaf,Correct,1.000000
datasets/train/Healthy_Leaf/Healthy_Leaf00170.jpg,Healthy_Leaf,Healthy_Leaf,Correct,1.000000
datasets/train/Anthrax_Leaf/Anthrax_Leaf00123.jpg,Anthrax_Leaf,Anthrax_Leaf,Correct,1.000000
datasets/test/Fungal_Leaf_Spot/Fungal_Leaf_Spot00380.jpg,Fungal_Leaf_Spot,Fungal_Leaf_Spot,Correct,0.996104
datasets/train/Leaf_Gall/Leaf_Gall00230.jpg,Leaf_Gall,Leaf_Gall,Correct,1.000000
datasets/test/Healthy_Leaf/Healthy_Leaf00393.jpg,Healthy_Leaf,Healthy_Leaf,Correct,0.999998
datasets/train/Fungal_Leaf_Spot/Fungal_Leaf_Spot00261.jpg,Fungal_Leaf_Spot,Fungal_Leaf_Spot,Correct,1.000000
datasets/train/Leaf_Blight/Leaf_Blight00341.jpg,Leaf_Blight,Leaf_Blight,Correct,1.000000
datasets/train/Leaf_Blight/Leaf_Blight00448.jpg,Leaf_Blight,Leaf_Blight,Correct,1.000000
datasets/train/Leaf_Gall/Leaf_Gall00147.jpg,Leaf_Gall,Leaf_Gall,Correct,0.926925
datasets/test/Leaf_Blight/Leaf_Blight00062.jpg,Leaf_Blight,Leaf_Blight,Correct,0.981497
datasets/test/Leaf_Blight/Leaf_Blight00494.jpg,Leaf_Blight,Leaf_Blight,Correct,1.000000
datasets/test/Bituminous_Leaf/Bituminous_Leaf00121.jpg,Bituminous_Leaf,Bituminous_Leaf,Correct,0.940634
datasets/test/Leaf_Blight/Leaf_Blight00274.jpg,Leaf_Blight,Leaf_Blight,Correct,1.000000
datasets/train/Fungal_Leaf_Spot/Fungal_Leaf_Spot00363.jpg,Fungal_Leaf_Spot,Fungal_Leaf_Spot,Correct,0.999991
datasets/test/Healthy_Leaf/Healthy_Leaf00360.jpg,Healthy_Leaf,Healthy_Leaf,Correct,1.000000
datasets/test/Dry_Leaf/Dry_Leaf00232.jpg,Dry_Leaf,Dry_Leaf,Correct,1.000000
datasets/test/Fungal_Leaf_Spot/Fungal_Leaf_Spot00073.jpg,Fungal_Leaf_Spot,Fungal_Leaf_Spot,Correct,1.000000
datasets/test/Felt_Leaf/Felt_Leaf00179.jpg,Felt_Leaf,Felt_Leaf,Correct,0.999993
datasets/test/Leaf_Blight/Leaf_Blight00177.jpg,Leaf_Blight,Leaf_Blight,Correct,0.998754
datasets/test/Fungal_Leaf_Spot/Fungal_Leaf_Spot00058.jpg,Fungal_Leaf_Spot,Fungal_Leaf_Spot,Correct,1.000000
datasets/test/Felt_Leaf/Felt_Leaf00261.jpg,Felt_Leaf,Felt_Leaf,Correct,0.870138
datasets/train/Leaf_Gall/Leaf_Gall00082.jpg,Leaf_Gall,Leaf_Gall,Correct,1.000000
datasets/train/Felt_Leaf/Felt_Leaf00002.jpg,Felt_Leaf,Felt_Leaf,Correct,0.999995
datasets/test/Dry_Leaf/Dry_Leaf00271.jpg,Dry_Leaf,Dry_Leaf,Correct,1.000000
datasets/test/Deficiency_Leaf/Deficiency_Leaf00099.jpg,Deficiency_Leaf,Deficiency_Leaf,Correct,0.601578
datasets/train/Leaf_Blight/Leaf_Blight00077.jpg,Leaf_Blight,Leaf_Blight,Correct,0.999951
datasets/test/Leaf_Blight/Leaf_Blight00170.jpg,Leaf_Blight,Leaf_Blight,Correct,0.999774
datasets/train/Leaf_Gall/Leaf_Gall00416.jpg,Leaf_Gall,Leaf_Gall,Correct,0.999898
datasets/test/Deficiency_Leaf/Deficiency_Leaf00077.jpg,Deficiency_Leaf,Deficiency_Leaf,Correct,0.998200
datasets/train/Leaf_Gall/Leaf_Gall00614.jpg,Leaf_Gall,Leaf_Gall,Correct,1.000000
datasets/train/Fungal_Leaf_Spot/Fungal_Leaf_Spot00295.jpg,Fungal_Leaf_Spot,Fungal_Leaf_Spot,Correct,1.000000
datasets/train/Fungal_Leaf_Spot/Fungal_Leaf_Spot00035.jpg,Fungal_Leaf_Spot,Fungal_Leaf_Spot,Correct,1.000000
datasets/test/Fungal_Leaf_Spot/Fungal_Leaf_Spot00214.jpg,Fungal_Leaf_Spot,Fungal_Leaf_Spot,Correct,1.000000
datasets/test/Healthy_Leaf/Healthy_Leaf00252.jpg,Healthy_Leaf,Healthy_Leaf,Correct,0.799875
datasets/test/Leaf_Blight/Leaf_Blight00313.jpg,Leaf_Blight,Leaf_Blight,Correct,1.000000
datasets/train/Felt_Leaf/Felt_Leaf00047.jpg,Felt_Leaf,Felt_Leaf,Correct,1.000000
datasets/test/Felt_Leaf/Felt_Leaf00006.jpg,Felt_Leaf,Felt_Leaf,Correct,0.994958
datasets/test/Curl_Leaf/Curl_Leaf00037.jpg,Curl_Leaf,Curl_Leaf,Correct,1.000000
datasets/train/Leaf_Blight/Leaf_Blight00092.jpg,Leaf_Blight,Leaf_Blight,Correct,1.000000
datasets/test/Dry_Leaf/Dry_Leaf00022.jpg,Dry_Leaf,Dry_Leaf,Correct,1.000000
datasets/test/Curl_Leaf/Curl_Leaf00035.jpg,Curl_Leaf,Curl_Leaf,Correct,0.537559
datasets/test/Healthy_Leaf/Healthy_Leaf00119.jpg,Healthy_Leaf,Healthy_Leaf,Correct,1.000000
datasets/test/Felt_Leaf/Felt_Leaf00303.jpg,Felt_Leaf,Felt_Leaf,Correct,0.999987
datasets/test/Bituminous_Leaf/Bituminous_Leaf00138.jpg,Bituminous_Leaf,Bituminous_Leaf,Correct,0.999657
datasets/test/Dry_Leaf/Dry_Leaf00127.jpg,Dry_Leaf,Dry_Leaf,Correct,1.000000
datasets/test/Leaf_Blight/Leaf_Blight00257.jpg,Leaf_Blight,Leaf_Blight,Correct,1.000000
datasets/train/Curl_Leaf/Curl_Leaf00010.jpg,Curl_Leaf,Curl_Leaf,Correct,1.000000
datasets/train/Leaf_Gall/Leaf_Gall00344.jpg,Leaf_Gall,Leaf_Gall,Correct,0.998976
datasets/train/Deficiency_Leaf/Deficiency_Leaf00021.jpg,Deficiency_Leaf,Deficiency_Leaf,Correct,0.999917
datasets/test/Curl_Leaf/Curl_Leaf00008.jpg,Curl_Leaf,Curl_Leaf,Correct,1.000000
datasets/test/Dry_Leaf/Dry_Leaf00306.jpg,Dry_Leaf,Dry_Leaf,Correct,1.000000
datasets/test/Fungal_Leaf_Spot/Fungal_Leaf_Spot00129.jpg,Fungal_Leaf_Spot,Fungal_Leaf_Spot,Correct,0.996762
datasets/test/Dry_Leaf/Dry_Leaf00166.jpg,Dry_Leaf,Dry_Leaf,Correct,1.000000
datasets/test/Felt_Leaf/Felt_Leaf00171.jpg,Felt_Leaf,Felt_Leaf,Correct,1.000000
datasets/test/Leaf_Blight/Leaf_Blight00232.jpg,Leaf_Blight,Leaf_Blight,Correct,0.999993
datasets/train/Fungal_Leaf_Spot/Fungal_Leaf_Spot00179.jpg,Fungal_Leaf_Spot,Fungal_Leaf_Spot,Correct,1.000000
datasets/train/Fungal_Leaf_Spot/Fungal_Leaf_Spot00472.jpg,Fungal_Leaf_Spot,Fungal_Leaf_Spot,Correct,1.000000
datasets/test/Healthy_Leaf/Healthy_Leaf00054.jpg,Healthy_Leaf,Healthy_Leaf,Correct,0.999974
datasets/train/Leaf_Blight/Leaf_Blight00544.jpg,Leaf_Blight,Leaf_Blight,Correct,1.000000
datasets/test/Felt_Leaf/Felt_Leaf00245.jpg,Felt_Leaf,Felt_Leaf,Correct,0.999606
datasets/test/Felt_Leaf/Felt_Leaf00074.jpg,Felt_Leaf,Felt_Leaf,Correct,0.999992
datasets/train/Felt_Leaf/Felt_Leaf00297.jpg,Felt_Leaf,Felt_Leaf,Correct,0.999990
datasets/train/Healthy_Leaf/Healthy_Leaf00421.jpg,Healthy_Leaf,Healthy_Leaf,Correct,1.000000
datasets/train/Felt_Leaf/Felt_Leaf00140.jpg,Felt_Leaf,Felt_Leaf,Correct,0.970386
datasets/test/Felt_Leaf/Felt_Leaf00134.jpg,Felt_Leaf,Felt_Leaf,Correct,0.999994
datasets/test/Fungal_Leaf_Spot/Fungal_Leaf_Spot00515.jpg,Fungal_Leaf_Spot,Fungal_Leaf_Spot,Correct,0.999999
datasets/test/Leaf_Gall/Leaf_Gall00152.jpg,Leaf_Gall,Leaf_Gall,Correct,1.000000
datasets/test/Leaf_Blight/Leaf_Blight00365.jpg,Leaf_Blight,Leaf_Blight,Correct,0.999999
datasets/test/Healthy_Leaf/Healthy_Leaf00055.jpg,Healthy_Leaf,Healthy_Leaf,Correct,0.999973
datasets/test/Leaf_Blight/Leaf_Blight00307.jpg,Leaf_Blight,Leaf_Blight,Correct,1.000000
datasets/train/Leaf_Gall/Leaf_Gall00108.jpg,Leaf_Gall,Leaf_Gall,Correct,1.000000
datasets/test/Leaf_Gall/Leaf_Gall00059.jpg,Leaf_Gall,Leaf_Gall,Correct,1.000000
datasets/test/Felt_Leaf/Felt_Leaf00097.jpg,Felt_Leaf,Felt_Leaf,Correct,0.999993
datasets/train/Fungal_Leaf_Spot/Fungal_Leaf_Spot00274.jpg,Fungal_Leaf_Spot,Fungal_Leaf_Spot,Correct,0.999998
datasets/test/Fungal_Leaf_Spot/Fungal_Leaf_Spot00098.jpg,Fungal_Leaf_Spot,Fungal_Leaf_Spot,Correct,1.000000
datasets/test/Leaf_Gall/Leaf_Gall00347.jpg,Leaf_Gall,Leaf_Gall,Correct,0.999986
datasets/train/Leaf_Blight/Leaf_Blight00302.jpg,Leaf_Blight,Leaf_Blight,Correct,1.000000
datasets/train/Leaf_Gall/Leaf_Gall00588.jpg,Leaf_Gall,Leaf_Gall,Correct,1.000000
datasets/train/Healthy_Leaf/Healthy_Leaf00184.jpg,Healthy_Leaf,Healthy_Leaf,Correct,1.000000
datasets/test/Leaf_Gall/Leaf_Gall00583.jpg,Leaf_Gall,Leaf_Gall,Correct,1.000000
datasets/test/Curl_Leaf/Curl_Leaf00034.jpg,Curl_Leaf,Curl_Leaf,Correct,1.000000
datasets/train/Leaf_Gall/Leaf_Gall00374.jpg,Leaf_Gall,Leaf_Gall,Correct,0.999998
datasets/test/Healthy_Leaf/Healthy_Leaf00531.jpg,Healthy_Leaf,Healthy_Leaf,Correct,1.000000
datasets/test/Leaf_Blight/Leaf_Blight00462.jpg,Leaf_Blight,Leaf_Blight,Correct,1.000000
datasets/test/Leaf_Gall/Leaf_Gall00231.jpg,Leaf_Gall,Leaf_Gall,Correct,1.000000
datasets/train/Leaf_Gall/Leaf_Gall00006.jpg,Leaf_Gall,Leaf_Gall,Correct,0.999585
datasets/train/Leaf_Blight/Leaf_Blight00168.jpg,Leaf_Blight,Leaf_Blight,Correct,0.999991
datasets/train/Fungal_Leaf_Spot/Fungal_Leaf_Spot00355.jpg,Fungal_Leaf_Spot,Fungal_Leaf_Spot,Correct,1.000000
datasets/test/Healthy_Leaf/Healthy_Leaf00165.jpg,Healthy_Leaf,Healthy_Leaf,Correct,1.000000
datasets/test/Leaf_Gall/Leaf_Gall00504.jpg,Leaf_Gall,Leaf_Gall,Correct,0.999983
datasets/test/Leaf_Blight/Leaf_Blight00191.jpg,Leaf_Blight,Leaf_Blight,Correct,0.999998
datasets/test/Anthrax_Leaf/Anthrax_Leaf00031.jpg,Anthrax_Leaf,Anthrax_Leaf,Correct,1.000000
datasets/train/Dry_Leaf/Dry_Leaf00129.jpg,Dry_Leaf,Dry_Leaf,Correct,1.000000
datasets/test/Fungal_Leaf_Spot/Fungal_Leaf_Spot00262.jpg,Fungal_Leaf_Spot,Fungal_Leaf_Spot,Correct,1.000000
datasets/test/Leaf_Gall/Leaf_Gall00579.jpg,Leaf_Gall,Leaf_Gall,Correct,0.999997
datasets/train/Leaf_Blight/Leaf_Blight00535.jpg,Leaf_Blight,Leaf_Blight,Correct,0.999999
datasets/train/Felt_Leaf/Felt_Leaf00206.jpg,Felt_Leaf,Felt_Leaf,Correct,0.783964
datasets/test/Deficiency_Leaf/Deficiency_Leaf00072.jpg,Deficiency_Leaf,Deficiency_Leaf,Correct,0.999979
datasets/train/Felt_Leaf/Felt_Leaf00253.jpg,Felt_Leaf,Felt_Leaf,Correct,1.000000
datasets/test/Dry_Leaf/Dry_Leaf00360.jpg,Dry_Leaf,Dry_Leaf,Correct,0.994202
datasets/test/Fungal_Leaf_Spot/Fungal_Leaf_Spot00229.jpg,Fungal_Leaf_Spot,Fungal_Leaf_Spot,Correct,1.000000
datasets/train/Dry_Leaf/Dry_Leaf00172.jpg,Dry_Leaf,Dry_Leaf,Correct,1.000000
datasets/test/Fungal_Leaf_Spot/Fungal_Leaf_Spot00222.jpg,Fungal_Leaf_Spot,Fungal_Leaf_Spot,Correct,1.000000
datasets/train/Fungal_Leaf_Spot/Fungal_Leaf_Spot00211.jpg,Fungal_Leaf_Spot,Fungal_Leaf_Spot,Correct,1.000000
datasets/train/Leaf_Gall/Leaf_Gall00606.jpg,Leaf_Gall,Leaf_Gall,Correct,0.999975
datasets/test/Leaf_Gall/Leaf_Gall00613.jpg,Leaf_Gall,Leaf_Gall,Correct,1.000000
datasets/test/Leaf_Blight/Leaf_Blight00423.jpg,Leaf_Blight,Leaf_Blight,Correct,0.999907
datasets/test/Deficiency_Leaf/Deficiency_Leaf00070.jpg,Deficiency_Leaf,Deficiency_Leaf,Correct,0.999296
datasets/test/Anthrax_Leaf/Anthrax_Leaf00107.jpg,Anthrax_Leaf,Anthrax_Leaf,Correct,0.999992
datasets/test/Leaf_Blight/Leaf_Blight00146.jpg,Leaf_Blight,Leaf_Blight,Correct,0.999751
datasets/test/Fungal_Leaf_Spot/Fungal_Leaf_Spot00523.jpg,Fungal_Leaf_Spot,Fungal_Leaf_Spot,Correct,1.000000
datasets/test/Felt_Leaf/Felt_Leaf00330.jpg,Felt_Leaf,Felt_Leaf,Correct,0.998927
datasets/train/Healthy_Leaf/Healthy_Leaf00597.jpg,Healthy_Leaf,Healthy_Leaf,Correct,1.000000
datasets/train/Leaf_Blight/Leaf_Blight00539.jpg,Leaf_Blight,Leaf_Blight,Correct,1.000000
datasets/test/Leaf_Gall/Leaf_Gall00012.jpg,Leaf_Gall,Leaf_Gall,Correct,0.999984
datasets/test/Leaf_Gall/Leaf_Gall00601.jpg,Leaf_Gall,Leaf_Gall,Correct,1.000000
datasets/train/Leaf_Gall/Leaf_Gall00585.jpg,Leaf_Gall,Leaf_Gall,Correct,0.975568
datasets/test/Healthy_Leaf/Healthy_Leaf00257.jpg,Healthy_Leaf,Healthy_Leaf,Correct,0.999248
datasets/train/Felt_Leaf/Felt_Leaf00044.jpg,Felt_Leaf,Felt_Leaf,Correct,1.000000
datasets/test/Leaf_Gall/Leaf_Gall00193.jpg,Leaf_Gall,Leaf_Gall,Correct,1.000000
datasets/train/Leaf_Gall/Leaf_Gall00527.jpg,Leaf_Gall,Leaf_Gall,Correct,0.993619
datasets/test/Leaf_Blight/Leaf_Blight00438.jpg,Leaf_Blight,Leaf_Blight,Correct,0.999997
datasets/test/Leaf_Gall/Leaf_Gall00172.jpg,Leaf_Gall,Leaf_Gall,Correct,1.000000
datasets/test/Felt_Leaf/Felt_Leaf00106.jpg,Felt_Leaf,Felt_Leaf,Correct,0.999764
datasets/train/Leaf_Gall/Leaf_Gall00468.jpg,Leaf_Gall,Leaf_Gall,Correct,0.999171
datasets/test/Leaf_Gall/Leaf_Gall00443.jpg,Leaf_Gall,Leaf_Gall,Correct,0.999826
datasets/test/Leaf_Blight/Leaf_Blight00357.jpg,Leaf_Blight,Leaf_Blight,Correct,0.999999
datasets/test/Fungal_Leaf_Spot/Fungal_Leaf_Spot00425.jpg,Fungal_Leaf_Spot,Fungal_Leaf_Spot,Correct,1.000000
datasets/test/Fungal_Leaf_Spot/Fungal_Leaf_Spot00430.jpg,Fungal_Leaf_Spot,Fungal_Leaf_Spot,Correct,1.000000
datasets/train/Fungal_Leaf_Spot/Fungal_Leaf_Spot00147.jpg,Fungal_Leaf_Spot,Fungal_Leaf_Spot,Correct,1.000000
datasets/test/Healthy_Leaf/Healthy_Leaf00607.jpg,Healthy_Leaf,Healthy_Leaf,Correct,1.000000
datasets/train/Dry_Leaf/Dry_Leaf00138.jpg,Dry_Leaf,Dry_Leaf,Correct,1.000000
datasets/test/Felt_Leaf/Felt_Leaf00102.jpg,Felt_Leaf,Felt_Leaf,Correct,0.998032
datasets/test/Healthy_Leaf/Healthy_Leaf00069.jpg,Healthy_Leaf,Healthy_Leaf,Correct,1.000000
datasets/test/Leaf_Gall/Leaf_Gall00248.jpg,Leaf_Gall,Leaf_Gall,Correct,1.000000
datasets/train/Dry_Leaf/Dry_Leaf00251.jpg,Dry_Leaf,Dry_Leaf,Correct,0.992108
datasets/test/Dry_Leaf/Dry_Leaf00126.jpg,Dry_Leaf,Dry_Leaf,Correct,1.000000
datasets/train/Leaf_Gall/Leaf_Gall00190.jpg,Leaf_Gall,Leaf_Gall,Correct,0.999996
datasets/test/Leaf_Gall/Leaf_Gall00622.jpg,Leaf_Gall,Leaf_Gall,Correct,0.999987
datasets/test/Dry_Leaf/Dry_Leaf00272.jpg,Dry_Leaf,Dry_Leaf,Correct,1.000000
datasets/test/Dry_Leaf/Dry_Leaf00171.jpg,Dry_Leaf,Dry_Leaf,Correct,1.000000
datasets/train/Felt_Leaf/Felt_Leaf00222.jpg,Felt_Leaf,Felt_Leaf,Correct,0.999951
datasets/test/Leaf_Blight/Leaf_Blight00493.jpg,Leaf_Blight,Leaf_Blight,Correct,1.000000
datasets/test/Leaf_Gall/Leaf_Gall00293.jpg,Leaf_Gall,Leaf_Gall,Correct,1.000000
datasets/test/Healthy_Leaf/Healthy_Leaf00304.jpg,Healthy_Leaf,Healthy_Leaf,Correct,1.000000
datasets/test/Felt_Leaf/Felt_Leaf00217.jpg,Felt_Leaf,Felt_Leaf,Correct,0.999999
datasets/train/Anthrax_Leaf/Anthrax_Leaf00030.jpg,Anthrax_Leaf,Anthrax_Leaf,Correct,1.000000
datasets/test/Healthy_Leaf/Healthy_Leaf00432.jpg,Healthy_Leaf,Healthy_Leaf,Correct,1.000000
datasets/test/Healthy_Leaf/Healthy_Leaf00025.jpg,Healthy_Leaf,Healthy_Leaf,Correct,0.999719
datasets/train/Healthy_Leaf/Healthy_Leaf00523.jpg,Healthy_Leaf,Healthy_Leaf,Correct,1.000000
datasets/test/Leaf_Blight/Leaf_Blight00281.jpg,Leaf_Blight,Leaf_Blight,Correct,1.000000
datasets/test/Felt_Leaf/Felt_Leaf00282.jpg,Felt_Leaf,Felt_Leaf,Correct,0.999993
datasets/test/Anthrax_Leaf/Anthrax_Leaf00063.jpg,Anthrax_Leaf,Anthrax_Leaf,Correct,0.999999
datasets/train/Curl_Leaf/Curl_Leaf00062.jpg,Curl_Leaf,Curl_Leaf,Correct,1.000000
datasets/test/Leaf_Blight/Leaf_Blight00082.jpg,Leaf_Blight,Leaf_Blight,Correct,0.936452
datasets/test/Curl_Leaf/Curl_Leaf00079.jpg,Curl_Leaf,Curl_Leaf,Correct,1.000000
datasets/train/Felt_Leaf/Felt_Leaf00300.jpg,Felt_Leaf,Felt_Leaf,Correct,0.999999
datasets/test/Leaf_Gall/Leaf_Gall00357.jpg,Leaf_Gall,Leaf_Gall,Correct,0.510259
datasets/test/Fungal_Leaf_Spot/Fungal_Leaf_Spot00118.jpg,Fungal_Leaf_Spot,Fungal_Leaf_Spot,Correct,0.999819
datasets/test/Fungal_Leaf_Spot/Fungal_Leaf_Spot00498.jpg,Fungal_Leaf_Spot,Fungal_Leaf_Spot,Correct,0.999958
datasets/test/Fungal_Leaf_Spot/Fungal_Leaf_Spot00077.jpg,Fungal_Leaf_Spot,Fungal_Leaf_Spot,Correct,1.000000
datasets/test/Felt_Leaf/Felt_Leaf00373.jpg,Felt_Leaf,Felt_Leaf,Correct,0.897794
datasets/train/Healthy_Leaf/Healthy_Leaf00319.jpg,Healthy_Leaf,Healthy_Leaf,Correct,0.999999
datasets/train/Leaf_Gall/Leaf_Gall00071.jpg,Leaf_Gall,Leaf_Gall,Correct,0.999907
datasets/test/Healthy_Leaf/Healthy_Leaf00448.jpg,Healthy_Leaf,Healthy_Leaf,Correct,0.999992
datasets/test/Leaf_Blight/Leaf_Blight00350.jpg,Leaf_Blight,Leaf_Blight,Correct,0.999997
datasets/test/Bituminous_Leaf/Bituminous_Leaf00061.jpg,Bituminous_Leaf,Bituminous_Leaf,Correct,1.000000
datasets/train/Leaf_Gall/Leaf_Gall00189.jpg,Leaf_Gall,Leaf_Gall,Correct,1.000000
datasets/test/Felt_Leaf/Felt_Leaf00092.jpg,Felt_Leaf,Felt_Leaf,Correct,0.999988
datasets/train/Leaf_Gall/Leaf_Gall00506.jpg,Leaf_Gall,Leaf_Gall,Correct,0.999815
datasets/train/Leaf_Blight/Leaf_Blight00559.jpg,Leaf_Blight,Leaf_Blight,Correct,1.000000
datasets/test/Dry_Leaf/Dry_Leaf00162.jpg,Dry_Leaf,Dry_Leaf,Correct,0.999999
datasets/test/Felt_Leaf/Felt_Leaf00049.jpg,Felt_Leaf,Felt_Leaf,Correct,0.999974
datasets/train/Felt_Leaf/Felt_Leaf00115.jpg,Felt_Leaf,Felt_Leaf,Correct,0.995123
datasets/test/Deficiency_Leaf/Deficiency_Leaf00115.jpg,Deficiency_Leaf,Deficiency_Leaf,Correct,0.999987
datasets/train/Dry_Leaf/Dry_Leaf00131.jpg,Dry_Leaf,Dry_Leaf,Correct,1.000000
datasets/train/Fungal_Leaf_Spot/Fungal_Leaf_Spot00105.jpg,Fungal_Leaf_Spot,Fungal_Leaf_Spot,Correct,0.999966
datasets/test/Leaf_Blight/Leaf_Blight00071.jpg,Leaf_Blight,Leaf_Blight,Correct,0.967906
datasets/test/Felt_Leaf/Felt_Leaf00012.jpg,Felt_Leaf,Felt_Leaf,Correct,0.953151
datasets/test/Curl_Leaf/Curl_Leaf00048.jpg,Curl_Leaf,Curl_Leaf,Correct,1.000000
datasets/test/Dry_Leaf/Dry_Leaf00014.jpg,Dry_Leaf,Dry_Leaf,Correct,1.000000
datasets/test/Felt_Leaf/Felt_Leaf00114.jpg,Felt_Leaf,Felt_Leaf,Correct,0.974099
datasets/train/Fungal_Leaf_Spot/Fungal_Leaf_Spot00230.jpg,Fungal_Leaf_Spot,Fungal_Leaf_Spot,Correct,1.000000
datasets/test/Healthy_Leaf/Healthy_Leaf00021.jpg,Healthy_Leaf,Healthy_Leaf,Correct,0.999999
datasets/train/Healthy_Leaf/Healthy_Leaf00040.jpg,Healthy_Leaf,Healthy_Leaf,Correct,1.000000
datasets/test/Bituminous_Leaf/Bituminous_Leaf00082.jpg,Bituminous_Leaf,Bituminous_Leaf,Correct,1.000000
datasets/test/Leaf_Blight/Leaf_Blight00158.jpg,Leaf_Blight,Leaf_Blight,Correct,0.996357
datasets/test/Dry_Leaf/Dry_Leaf00301.jpg,Dry_Leaf,Dry_Leaf,Correct,1.000000
datasets/train/Dry_Leaf/Dry_Leaf00281.jpg,Dry_Leaf,Dry_Leaf,Correct,0.999997
datasets/test/Curl_Leaf/Curl_Leaf00121.jpg,Curl_Leaf,Curl_Leaf,Correct,1.000000
datasets/test/Healthy_Leaf/Healthy_Leaf00241.jpg,Healthy_Leaf,Healthy_Leaf,Correct,1.000000
datasets/test/Leaf_Blight/Leaf_Blight00332.jpg,Leaf_Blight,Leaf_Blight,Correct,1.000000
datasets/train/Fungal_Leaf_Spot/Fungal_Leaf_Spot00257.jpg,Fungal_Leaf_Spot,Fungal_Leaf_Spot,Correct,1.000000
datasets/test/Curl_Leaf/Curl_Leaf00147.jpg,Curl_Leaf,Curl_Leaf,Correct,1.000000
datasets/test/Leaf_Blight/Leaf_Blight00053.jpg,Leaf_Blight,Leaf_Blight,Correct,1.000000
datasets/test/Curl_Leaf/Curl_Leaf00129.jpg,Curl_Leaf,Curl_Leaf,Correct,0.999997
datasets/test/Leaf_Blight/Leaf_Blight00368.jpg,Leaf_Blight,Leaf_Blight,Correct,1.000000
datasets/train/Healthy_Leaf/Healthy_Leaf00619.jpg,Healthy_Leaf,Healthy_Leaf,Correct,1.000000
datasets/train/Dry_Leaf/Dry_Leaf00018.jpg,Dry_Leaf,Dry_Leaf,Correct,1.000000
datasets/test/Leaf_Blight/Leaf_Blight00248.jpg,Leaf_Blight,Leaf_Blight,Correct,0.961565
datasets/test/Bituminous_Leaf/Bituminous_Leaf00094.jpg,Bituminous_Leaf,Bituminous_Leaf,Correct,0.999321
datasets/test/Leaf_Gall/Leaf_Gall00566.jpg,Leaf_Gall,Leaf_Gall,Correct,1.000000
datasets/test/Leaf_Gall/Leaf_Gall00130.jpg,Leaf_Gall,Leaf_Gall,Correct,1.000000
datasets/test/Fungal_Leaf_Spot/Fungal_Leaf_Spot00314.jpg,Fungal_Leaf_Spot,Fungal_Leaf_Spot,Correct,1.000000
datasets/test/Healthy_Leaf/Healthy_Leaf00555.jpg,Healthy_Leaf,Healthy_Leaf,Correct,0.993560
datasets/test/Leaf_Gall/Leaf_Gall00138.jpg,Leaf_Gall,Leaf_Gall,Correct,1.000000
datasets/train/Leaf_Blight/Leaf_Blight00123.jpg,Leaf_Blight,Leaf_Blight,Correct,1.000000
datasets/train/Felt_Leaf/Felt_Leaf00194.jpg,Felt_Leaf,Felt_Leaf,Correct,0.999989
datasets/train/Deficiency_Leaf/Deficiency_Leaf00030.jpg,Deficiency_Leaf,Deficiency_Leaf,Correct,0.873831
datasets/train/Felt_Leaf/Felt_Leaf00381.jpg,Felt_Leaf,Felt_Leaf,Correct,0.992368
datasets/train/Dry_Leaf/Dry_Leaf00300.jpg,Dry_Leaf,Dry_Leaf,Correct,1.000000
datasets/test/Leaf_Blight/Leaf_Blight00467.jpg,Leaf_Blight,Leaf_Blight,Correct,0.999421
datasets/test/Leaf_Blight/Leaf_Blight00261.jpg,Leaf_Blight,Leaf_Blight,Correct,1.000000
datasets/test/Leaf_Blight/Leaf_Blight00367.jpg,Leaf_Blight,Leaf_Blight,Correct,0.999979
datasets/test/Healthy_Leaf/Healthy_Leaf00098.jpg,Healthy_Leaf,Healthy_Leaf,Correct,1.000000
datasets/test/Dry_Leaf/Dry_Leaf00139.jpg,Dry_Leaf,Dry_Leaf,Correct,0.999837
datasets/train/Healthy_Leaf/Healthy_Leaf00493.jpg,Healthy_Leaf,Healthy_Leaf,Correct,0.723622
datasets/test/Leaf_Blight/Leaf_Blight00163.jpg,Leaf_Blight,Leaf_Blight,Correct,0.999998
datasets/test/Anthrax_Leaf/Anthrax_Leaf00141.jpg,Anthrax_Leaf,Anthrax_Leaf,Correct,1.000000
datasets/train/Leaf_Blight/Leaf_Blight00504.jpg,Leaf_Blight,Leaf_Blight,Correct,1.000000
datasets/test/Leaf_Blight/Leaf_Blight00319.jpg,Leaf_Blight,Leaf_Blight,Correct,1.000000
datasets/train/Healthy_Leaf/Healthy_Leaf00031.jpg,Healthy_Leaf,Healthy_Leaf,Correct,0.999999
datasets/train/Bituminous_Leaf/Bituminous_Leaf00111.jpg,Bituminous_Leaf,Bituminous_Leaf,Correct,0.994088
datasets/train/Leaf_Blight/Leaf_Blight00325.jpg,Leaf_Blight,Leaf_Blight,Correct,1.000000
datasets/test/Felt_Leaf/Felt_Leaf00380.jpg,Felt_Leaf,Felt_Leaf,Correct,0.999808
datasets/train/Leaf_Gall/Leaf_Gall00522.jpg,Leaf_Gall,Leaf_Gall,Correct,1.000000
datasets/test/Fungal_Leaf_Spot/Fungal_Leaf_Spot00388.jpg,Fungal_Leaf_Spot,Fungal_Leaf_Spot,Correct,0.999992
datasets/train/Dry_Leaf/Dry_Leaf00315.jpg,Dry_Leaf,Dry_Leaf,Correct,1.000000
datasets/test/Leaf_Gall/Leaf_Gall00428.jpg,Leaf_Gall,Leaf_Gall,Correct,1.000000
datasets/test/Leaf_Blight/Leaf_Blight00120.jpg,Leaf_Blight,Leaf_Blight,Correct,1.000000
datasets/train/Fungal_Leaf_Spot/Fungal_Leaf_Spot00089.jpg,Fungal_Leaf_Spot,Fungal_Leaf_Spot,Correct,0.999999
datasets/test/Healthy_Leaf/Healthy_Leaf00330.jpg,Healthy_Leaf,Healthy_Leaf,Correct,1.000000
datasets/test/Leaf_Blight/Leaf_Blight00272.jpg,Leaf_Blight,Leaf_Blight,Correct,1.000000
datasets/test/Fungal_Leaf_Spot/Fungal_Leaf_Spot00149.jpg,Fungal_Leaf_Spot,Fungal_Leaf_Spot,Correct,1.000000
datasets/test/Dry_Leaf/Dry_Leaf00218.jpg,Dry_Leaf,Dry_Leaf,Correct,0.999971
datasets/test/Dry_Leaf/Dry_Leaf00203.jpg,Dry_Leaf,Dry_Leaf,Correct,1.000000
datasets/train/Curl_Leaf/Curl_Leaf00126.jpg,Curl_Leaf,Curl_Leaf,Correct,1.000000
datasets/test/Healthy_Leaf/Healthy_Leaf00539.jpg,Healthy_Leaf,Healthy_Leaf,Correct,1.000000
datasets/test/Felt_Leaf/Felt_Leaf00023.jpg,Felt_Leaf,Felt_Leaf,Correct,0.999972
datasets/test/Fungal_Leaf_Spot/Fungal_Leaf_Spot00526.jpg,Fungal_Leaf_Spot,Fungal_Leaf_Spot,Correct,1.000000
datasets/test/Felt_Leaf/Felt_Leaf00173.jpg,Felt_Leaf,Felt_Leaf,Correct,1.000000
datasets/test/Felt_Leaf/Felt_Leaf00154.jpg,Felt_Leaf,Felt_Leaf,Correct,0.993890
datasets/train/Dry_Leaf/Dry_Leaf00249.jpg,Dry_Leaf,Dry_Leaf,Correct,0.999989
datasets/test/Leaf_Gall/Leaf_Gall00212.jpg,Leaf_Gall,Leaf_Gall,Correct,0.999984
datasets/test/Felt_Leaf/Felt_Leaf00274.jpg,Felt_Leaf,Felt_Leaf,Correct,0.999999
datasets/test/Fungal_Leaf_Spot/Fungal_Leaf_Spot00283.jpg,Fungal_Leaf_Spot,Fungal_Leaf_Spot,Correct,1.000000
datasets/test/Leaf_Blight/Leaf_Blight00312.jpg,Leaf_Blight,Leaf_Blight,Correct,1.000000
datasets/train/Leaf_Blight/Leaf_Blight00180.jpg,Leaf_Blight,Leaf_Blight,Correct,0.999997
datasets/train/Healthy_Leaf/Healthy_Leaf00472.jpg,Healthy_Leaf,Healthy_Leaf,Correct,1.000000
datasets/test/Anthrax_Leaf/Anthrax_Leaf00052.jpg,Anthrax_Leaf,Anthrax_Leaf,Correct,1.000000
datasets/train/Healthy_Leaf/Healthy_Leaf00614.jpg,Healthy_Leaf,Healthy_Leaf,Correct,0.999998
datasets/train/Leaf_Blight/Leaf_Blight00236.jpg,Leaf_Blight,Leaf_Blight,Correct,0.999894
datasets/train/Anthrax_Leaf/Anthrax_Leaf00070.jpg,Anthrax_Leaf,Anthrax_Leaf,Correct,1.000000
datasets/test/Healthy_Leaf/Healthy_Leaf00518.jpg,Healthy_Leaf,Healthy_Leaf,Correct,0.998778
datasets/test/Bituminous_Leaf/Bituminous_Leaf00079.jpg,Bituminous_Leaf,Bituminous_Leaf,Correct,0.999999
datasets/test/Leaf_Gall/Leaf_Gall00260.jpg,Leaf_Gall,Leaf_Gall,Correct,1.000000
datasets/test/Healthy_Leaf/Healthy_Leaf00465.jpg,Healthy_Leaf,Healthy_Leaf,Correct,0.999997
datasets/test/Healthy_Leaf/Healthy_Leaf00322.jpg,Healthy_Leaf,Healthy_Leaf,Correct,0.999998
datasets/train/Fungal_Leaf_Spot/Fungal_Leaf_Spot00277.jpg,Fungal_Leaf_Spot,Fungal_Leaf_Spot,Correct,0.999915
datasets/train/Leaf_Blight/Leaf_Blight00024.jpg,Leaf_Blight,Leaf_Blight,Correct,1.000000
datasets/train/Leaf_Gall/Leaf_Gall00495.jpg,Leaf_Gall,Leaf_Gall,Correct,1.000000
datasets/test/Curl_Leaf/Curl_Leaf00069.jpg,Curl_Leaf,Curl_Leaf,Correct,0.999915
datasets/train/Fungal_Leaf_Spot/Fungal_Leaf_Spot00250.jpg,Fungal_Leaf_Spot,Fungal_Leaf_Spot,Correct,0.999998
datasets/test/Fungal_Leaf_Spot/Fungal_Leaf_Spot00216.jpg,Fungal_Leaf_Spot,Fungal_Leaf_Spot,Correct,1.000000
datasets/train/Dry_Leaf/Dry_Leaf00234.jpg,Dry_Leaf,Dry_Leaf,Correct,1.000000
datasets/test/Healthy_Leaf/Healthy_Leaf00433.jpg,Healthy_Leaf,Healthy_Leaf,Correct,0.999997
datasets/train/Deficiency_Leaf/Deficiency_Leaf00064.jpg,Deficiency_Leaf,Deficiency_Leaf,Correct,0.999893
datasets/test/Healthy_Leaf/Healthy_Leaf00178.jpg,Healthy_Leaf,Healthy_Leaf,Correct,0.999999
datasets/test/Leaf_Gall/Leaf_Gall00535.jpg,Leaf_Gall,Leaf_Gall,Correct,1.000000
datasets/test/Healthy_Leaf/Healthy_Leaf00018.jpg,Healthy_Leaf,Healthy_Leaf,Correct,0.999146
datasets/test/Healthy_Leaf/Healthy_Leaf00365.jpg,Healthy_Leaf,Healthy_Leaf,Correct,0.967808
datasets/train/Leaf_Gall/Leaf_Gall00183.jpg,Leaf_Gall,Leaf_Gall,Correct,0.999981
datasets/train/Leaf_Blight/Leaf_Blight00352.jpg,Leaf_Blight,Leaf_Blight,Correct,0.999993
datasets/test/Leaf_Blight/Leaf_Blight00586.jpg,Leaf_Blight,Leaf_Blight,Correct,0.999984
datasets/test/Leaf_Gall/Leaf_Gall00127.jpg,Leaf_Gall,Leaf_Gall,Correct,0.999912
datasets/train/Leaf_Gall/Leaf_Gall00534.jpg,Leaf_Gall,Leaf_Gall,Correct,1.000000
datasets/test/Leaf_Blight/Leaf_Blight00045.jpg,Leaf_Blight,Leaf_Blight,Correct,1.000000
datasets/test/Leaf_Gall/Leaf_Gall00032.jpg,Leaf_Gall,Leaf_Gall,Correct,1.000000
datasets/train/Deficiency_Leaf/Deficiency_Leaf00054.jpg,Deficiency_Leaf,Deficiency_Leaf,Correct,0.999983
datasets/train/Fungal_Leaf_Spot/Fungal_Leaf_Spot00459.jpg,Fungal_Leaf_Spot,Fungal_Leaf_Spot,Correct,0.997117
datasets/train/Healthy_Leaf/Healthy_Leaf00217.jpg,Healthy_Leaf,Healthy_Leaf,Correct,0.999992
datasets/train/Dry_Leaf/Dry_Leaf00073.jpg,Dry_Leaf,Dry_Leaf,Correct,1.000000
datasets/test/Fungal_Leaf_Spot/Fungal_Leaf_Spot00438.jpg,Fungal_Leaf_Spot,Fungal_Leaf_Spot,Correct,1.000000
datasets/train/Felt_Leaf/Felt_Leaf00234.jpg,Felt_Leaf,Felt_Leaf,Correct,0.997924
datasets/test/Fungal_Leaf_Spot/Fungal_Leaf_Spot00320.jpg,Fungal_Leaf_Spot,Fungal_Leaf_Spot,Correct,1.000000
datasets/train/Leaf_Gall/Leaf_Gall00282.jpg,Leaf_Gall,Leaf_Gall,Correct,0.999982
datasets/test/Healthy_Leaf/Healthy_Leaf00364.jpg,Healthy_Leaf,Healthy_Leaf,Correct,0.999981
datasets/test/Fungal_Leaf_Spot/Fungal_Leaf_Spot00471.jpg,Fungal_Leaf_Spot,Fungal_Leaf_Spot,Correct,1.000000
datasets/test/Anthrax_Leaf/Anthrax_Leaf00028.jpg,Anthrax_Leaf,Anthrax_Leaf,Correct,0.999999
datasets/test/Felt_Leaf/Felt_Leaf00072.jpg,Felt_Leaf,Felt_Leaf,Correct,0.999983
datasets/train/Healthy_Leaf/Healthy_Leaf00618.jpg,Healthy_Leaf,Healthy_Leaf,Correct,1.000000
datasets/train/Curl_Leaf/Curl_Leaf00009.jpg,Curl_Leaf,Curl_Leaf,Correct,1.000000
datasets/train/Healthy_Leaf/Healthy_Leaf00150.jpg,Healthy_Leaf,Healthy_Leaf,Correct,0.999985
datasets/test/Leaf_Gall/Leaf_Gall00067.jpg,Leaf_Gall,Leaf_Gall,Correct,1.000000
datasets/test/Dry_Leaf/Dry_Leaf00317.jpg,Dry_Leaf,Dry_Leaf,Correct,1.000000
datasets/train/Felt_Leaf/Felt_Leaf00095.jpg,Felt_Leaf,Felt_Leaf,Correct,0.999471
datasets/train/Leaf_Gall/Leaf_Gall00493.jpg,Leaf_Gall,Leaf_Gall,Correct,1.000000
datasets/test/Leaf_Gall/Leaf_Gall00229.jpg,Leaf_Gall,Leaf_Gall,Correct,1.000000
datasets/train/Felt_Leaf/Felt_Leaf00358.jpg,Felt_Leaf,Felt_Leaf,Correct,0.999896
datasets/test/Healthy_Leaf/Healthy_Leaf00296.jpg,Healthy_Leaf,Healthy_Leaf,Correct,0.999999
datasets/test/Curl_Leaf/Curl_Leaf00072.jpg,Curl_Leaf,Curl_Leaf,Correct,1.000000
datasets/train/Felt_Leaf/Felt_Leaf00070.jpg,Felt_Leaf,Felt_Leaf,Correct,0.999984
datasets/test/Leaf_Blight/Leaf_Blight00548.jpg,Leaf_Blight,Leaf_Blight,Correct,0.999998
datasets/train/Felt_Leaf/Felt_Leaf00141.jpg,Felt_Leaf,Felt_Leaf,Correct,0.998598
datasets/train/Bituminous_Leaf/Bituminous_Leaf00115.jpg,Bituminous_Leaf,Bituminous_Leaf,Correct,1.000000
datasets/test/Deficiency_Leaf/Deficiency_Leaf00032.jpg,Deficiency_Leaf,Deficiency_Leaf,Correct,0.999775
datasets/train/Leaf_Gall/Leaf_Gall00427.jpg,Leaf_Gall,Leaf_Gall,Correct,0.999995
datasets/train/Fungal_Leaf_Spot/Fungal_Leaf_Spot00448.jpg,Fungal_Leaf_Spot,Fungal_Leaf_Spot,Correct,0.999572
datasets/train/Felt_Leaf/Felt_Leaf00013.jpg,Felt_Leaf,Felt_Leaf,Correct,0.913787
datasets/test/Fungal_Leaf_Spot/Fungal_Leaf_Spot00079.jpg,Fungal_Leaf_Spot,Fungal_Leaf_Spot,Correct,1.000000
datasets/test/Leaf_Gall/Leaf_Gall00323.jpg,Leaf_Gall,Leaf_Gall,Correct,0.999831
datasets/train/Leaf_Gall/Leaf_Gall00338.jpg,Leaf_Gall,Leaf_Gall,Correct,0.999990
datasets/test/Healthy_Leaf/Healthy_Leaf00204.jpg,Healthy_Leaf,Healthy_Leaf,Correct,0.999997
datasets/test/Dry_Leaf/Dry_Leaf00260.jpg,Dry_Leaf,Dry_Leaf,Correct,0.999782
datasets/test/Healthy_Leaf/Healthy_Leaf00109.jpg,Healthy_Leaf,Healthy_Leaf,Correct,1.000000
datasets/test/Fungal_Leaf_Spot/Fungal_Leaf_Spot00192.jpg,Fungal_Leaf_Spot,Fungal_Leaf_Spot,Correct,1.000000
datasets/test/Anthrax_Leaf/Anthrax_Leaf00018.jpg,Anthrax_Leaf,Anthrax_Leaf,Correct,0.999986
datasets/train/Leaf_Blight/Leaf_Blight00569.jpg,Leaf_Blight,Leaf_Blight,Correct,1.000000
datasets/train/Healthy_Leaf/Healthy_Leaf00528.jpg,Healthy_Leaf,Healthy_Leaf,Correct,0.994300
datasets/test/Deficiency_Leaf/Deficiency_Leaf00106.jpg,Deficiency_Leaf,Deficiency_Leaf,Correct,0.998522
datasets/test/Leaf_Blight/Leaf_Blight00226.jpg,Leaf_Blight,Leaf_Blight,Correct,0.999955
datasets/test/Deficiency_Leaf/Deficiency_Leaf00117.jpg,Deficiency_Leaf,Deficiency_Leaf,Correct,0.999541
datasets/test/Healthy_Leaf/Healthy_Leaf00506.jpg,Healthy_Leaf,Healthy_Leaf,Correct,1.000000
datasets/train/Anthrax_Leaf/Anthrax_Leaf00121.jpg,Anthrax_Leaf,Anthrax_Leaf,Correct,0.999853
datasets/train/Leaf_Blight/Leaf_Blight00426.jpg,Leaf_Blight,Leaf_Blight,Correct,0.999996
datasets/train/Fungal_Leaf_Spot/Fungal_Leaf_Spot00335.jpg,Fungal_Leaf_Spot,Fungal_Leaf_Spot,Correct,1.000000
datasets/train/Fungal_Leaf_Spot/Fungal_Leaf_Spot00345.jpg,Fungal_Leaf_Spot,Fungal_Leaf_Spot,Correct,1.000000
datasets/train/Leaf_Gall/Leaf_Gall00203.jpg,Leaf_Gall,Leaf_Gall,Correct,0.999968
datasets/train/Fungal_Leaf_Spot/Fungal_Leaf_Spot00108.jpg,Fungal_Leaf_Spot,Fungal_Leaf_Spot,Correct,0.999992
datasets/test/Curl_Leaf/Curl_Leaf00042.jpg,Curl_Leaf,Curl_Leaf,Correct,1.000000
datasets/train/Fungal_Leaf_Spot/Fungal_Leaf_Spot00331.jpg,Fungal_Leaf_Spot,Fungal_Leaf_Spot,Correct,1.000000
datasets/test/Leaf_Gall/Leaf_Gall00365.jpg,Leaf_Gall,Leaf_Gall,Correct,0.996423
datasets/test/Fungal_Leaf_Spot/Fungal_Leaf_Spot00348.jpg,Fungal_Leaf_Spot,Fungal_Leaf_Spot,Correct,1.000000
datasets/test/Healthy_Leaf/Healthy_Leaf00181.jpg,Healthy_Leaf,Healthy_Leaf,Correct,1.000000
datasets/train/Leaf_Gall/Leaf_Gall00296.jpg,Leaf_Gall,Leaf_Gall,Correct,1.000000
datasets/test/Dry_Leaf/Dry_Leaf00145.jpg,Dry_Leaf,Dry_Leaf,Correct,1.000000
datasets/test/Fungal_Leaf_Spot/Fungal_Leaf_Spot00453.jpg,Fungal_Leaf_Spot,Fungal_Leaf_Spot,Correct,0.999996
datasets/train/Fungal_Leaf_Spot/Fungal_Leaf_Spot00092.jpg,Fungal_Leaf_Spot,Fungal_Leaf_Spot,Correct,0.999987
datasets/test/Curl_Leaf/Curl_Leaf00094.jpg,Curl_Leaf,Curl_Leaf,Correct,0.999228
datasets/test/Dry_Leaf/Dry_Leaf00289.jpg,Dry_Leaf,Dry_Leaf,Correct,1.000000
datasets/train/Curl_Leaf/Curl_Leaf00051.jpg,Curl_Leaf,Curl_Leaf,Correct,1.000000
datasets/test/Healthy_Leaf/Healthy_Leaf00072.jpg,Healthy_Leaf,Healthy_Leaf,Correct,0.999994
datasets/train/Healthy_Leaf/Healthy_Leaf00041.jpg,Healthy_Leaf,Healthy_Leaf,Correct,1.000000
datasets/test/Felt_Leaf/Felt_Leaf00369.jpg,Felt_Leaf,Felt_Leaf,Correct,0.983149
datasets/test/Leaf_Blight/Leaf_Blight00553.jpg,Leaf_Blight,Leaf_Blight,Correct,1.000000
datasets/train/Felt_Leaf/Felt_Leaf00135.jpg,Felt_Leaf,Felt_Leaf,Correct,0.999997
datasets/test/Fungal_Leaf_Spot/Fungal_Leaf_Spot00275.jpg,Fungal_Leaf_Spot,Fungal_Leaf_Spot,Correct,0.999884
datasets/test/Healthy_Leaf/Healthy_Leaf00536.jpg,Healthy_Leaf,Healthy_Leaf,Correct,0.999995
datasets/test/Fungal_Leaf_Spot/Fungal_Leaf_Spot00193.jpg,Fungal_Leaf_Spot,Fungal_Leaf_Spot,Correct,0.999982
datasets/test/Leaf_Gall/Leaf_Gall00143.jpg,Leaf_Gall,Leaf_Gall,Correct,0.999861
datasets/test/Curl_Leaf/Curl_Leaf00040.jpg,Curl_Leaf,Curl_Leaf,Correct,0.927607
datasets/train/Fungal_Leaf_Spot/Fungal_Leaf_Spot00271.jpg,Fungal_Leaf_Spot,Fungal_Leaf_Spot,Correct,0.998954
datasets/test/Fungal_Leaf_Spot/Fungal_Leaf_Spot00164.jpg,Fungal_Leaf_Spot,Fungal_Leaf_Spot,Correct,1.000000
datasets/test/Leaf_Gall/Leaf_Gall00538.jpg,Leaf_Gall,Leaf_Gall,Correct,1.000000
datasets/train/Healthy_Leaf/Healthy_Leaf00290.jpg,Healthy_Leaf,Healthy_Leaf,Correct,0.999649
datasets/test/Fungal_Leaf_Spot/Fungal_Leaf_Spot00145.jpg,Fungal_Leaf_Spot,Fungal_Leaf_Spot,Correct,1.000000
datasets/train/Healthy_Leaf/Healthy_Leaf00228.jpg,Healthy_Leaf,Healthy_Leaf,Correct,0.999992
datasets/train/Leaf_Gall/Leaf_Gall00570.jpg,Leaf_Gall,Leaf_Gall,Correct,0.998044
datasets/test/Leaf_Gall/Leaf_Gall00406.jpg,Leaf_Gall,Leaf_Gall,Correct,0.999957
datasets/test/Fungal_Leaf_Spot/Fungal_Leaf_Spot00111.jpg,Fungal_Leaf_Spot,Fungal_Leaf_Spot,Correct,0.999999
datasets/train/Felt_Leaf/Felt_Leaf00086.jpg,Felt_Leaf,Felt_Leaf,Correct,0.997055
datasets/train/Healthy_Leaf/Healthy_Leaf00420.jpg,Healthy_Leaf,Healthy_Leaf,Correct,1.000000
datasets/test/Fungal_Leaf_Spot/Fungal_Leaf_Spot00116.jpg,Fungal_Leaf_Spot,Fungal_Leaf_Spot,Correct,0.999994
datasets/test/Healthy_Leaf/Healthy_Leaf00582.jpg,Healthy_Leaf,Healthy_Leaf,Correct,0.999999
datasets/test/Healthy_Leaf/Healthy_Leaf00491.jpg,Healthy_Leaf,Healthy_Leaf,Correct,0.999995
datasets/test/Healthy_Leaf/Healthy_Leaf00200.jpg,Healthy_Leaf,Healthy_Leaf,Correct,1.000000
datasets/test/Leaf_Gall/Leaf_Gall00334.jpg,Leaf_Gall,Leaf_Gall,Correct,0.999995
datasets/train/Curl_Leaf/Curl_Leaf00065.jpg,Curl_Leaf,Curl_Leaf,Correct,1.000000
datasets/train/Bituminous_Leaf/Bituminous_Leaf00024.jpg,Bituminous_Leaf,Bituminous_Leaf,Correct,0.999996
datasets/test/Dry_Leaf/Dry_Leaf00258.jpg,Dry_Leaf,Dry_Leaf,Correct,0.999907
datasets/test/Leaf_Gall/Leaf_Gall00439.jpg,Leaf_Gall,Leaf_Gall,Correct,1.000000
datasets/test/Leaf_Blight/Leaf_Blight00301.jpg,Leaf_Blight,Leaf_Blight,Correct,1.000000
datasets/test/Healthy_Leaf/Healthy_Leaf00398.jpg,Healthy_Leaf,Healthy_Leaf,Correct,1.000000
datasets/test/Fungal_Leaf_Spot/Fungal_Leaf_Spot00087.jpg,Fungal_Leaf_Spot,Fungal_Leaf_Spot,Correct,1.000000
datasets/train/Leaf_Gall/Leaf_Gall00389.jpg,Leaf_Gall,Leaf_Gall,Correct,0.999943
datasets/train/Leaf_Gall/Leaf_Gall00263.jpg,Leaf_Gall,Leaf_Gall,Correct,1.000000
datasets/train/Leaf_Gall/Leaf_Gall00469.jpg,Leaf_Gall,Leaf_Gall,Correct,0.999986
datasets/test/Anthrax_Leaf/Anthrax_Leaf00079.jpg,Anthrax_Leaf,Anthrax_Leaf,Correct,1.000000
datasets/train/Dry_Leaf/Dry_Leaf00092.jpg,Dry_Leaf,Dry_Leaf,Correct,0.999438
datasets/train/Healthy_Leaf/Healthy_Leaf00574.jpg,Healthy_Leaf,Healthy_Leaf,Correct,1.000000
datasets/train/Leaf_Blight/Leaf_Blight00355.jpg,Leaf_Blight,Leaf_Blight,Correct,1.000000
datasets/test/Fungal_Leaf_Spot/Fungal_Leaf_Spot00268.jpg,Fungal_Leaf_Spot,Fungal_Leaf_Spot,Correct,1.000000
datasets/test/Fungal_Leaf_Spot/Fungal_Leaf_Spot00240.jpg,Fungal_Leaf_Spot,Fungal_Leaf_Spot,Correct,1.000000
datasets/test/Healthy_Leaf/Healthy_Leaf00487.jpg,Healthy_Leaf,Healthy_Leaf,Correct,0.976340
datasets/train/Healthy_Leaf/Healthy_Leaf00016.jpg,Healthy_Leaf,Healthy_Leaf,Correct,0.999924
datasets/train/Leaf_Gall/Leaf_Gall00328.jpg,Leaf_Gall,Leaf_Gall,Correct,0.996756
datasets/test/Leaf_Blight/Leaf_Blight00344.jpg,Leaf_Blight,Leaf_Blight,Correct,1.000000
datasets/train/Healthy_Leaf/Healthy_Leaf00434.jpg,Healthy_Leaf,Healthy_Leaf,Correct,1.000000
datasets/test/Fungal_Leaf_Spot/Fungal_Leaf_Spot00232.jpg,Fungal_Leaf_Spot,Fungal_Leaf_Spot,Correct,1.000000
datasets/test/Dry_Leaf/Dry_Leaf00119.jpg,Dry_Leaf,Dry_Leaf,Correct,0.999999
datasets/train/Dry_Leaf/Dry_Leaf00293.jpg,Dry_Leaf,Dry_Leaf,Correct,1.000000
datasets/test/Curl_Leaf/Curl_Leaf00078.jpg,Curl_Leaf,Curl_Leaf,Correct,1.000000
datasets/test/Leaf_Gall/Leaf_Gall00547.jpg,Leaf_Gall,Leaf_Gall,Correct,1.000000
datasets/train/Leaf_Gall/Leaf_Gall00187.jpg,Leaf_Gall,Leaf_Gall,Correct,1.000000
datasets/train/Curl_Leaf/Curl_Leaf00123.jpg,Curl_Leaf,Curl_Leaf,Correct,0.999875
datasets/train/Fungal_Leaf_Spot/Fungal_Leaf_Spot00305.jpg,Fungal_Leaf_Spot,Fungal_Leaf_Spot,Correct,1.000000
datasets/test/Fungal_Leaf_Spot/Fungal_Leaf_Spot00148.jpg,Fungal_Leaf_Spot,Fungal_Leaf_Spot,Correct,0.999992
datasets/test/Fungal_Leaf_Spot/Fungal_Leaf_Spot00427.jpg,Fungal_Leaf_Spot,Fungal_Leaf_Spot,Correct,1.000000
datasets/test/Fungal_Leaf_Spot/Fungal_Leaf_Spot00154.jpg,Fungal_Leaf_Spot,Fungal_Leaf_Spot,Correct,0.999998
datasets/train/Felt_Leaf/Felt_Leaf00332.jpg,Felt_Leaf,Felt_Leaf,Correct,0.998636
datasets/test/Fungal_Leaf_Spot/Fungal_Leaf_Spot00084.jpg,Fungal_Leaf_Spot,Fungal_Leaf_Spot,Correct,1.000000
datasets/test/Healthy_Leaf/Healthy_Leaf00144.jpg,Healthy_Leaf,Healthy_Leaf,Correct,0.999996
datasets/test/Leaf_Blight/Leaf_Blight00080.jpg,Leaf_Blight,Leaf_Blight,Correct,0.990887
datasets/train/Deficiency_Leaf/Deficiency_Leaf00057.jpg,Deficiency_Leaf,Deficiency_Leaf,Correct,0.937795
datasets/test/Fungal_Leaf_Spot/Fungal_Leaf_Spot00097.jpg,Fungal_Leaf_Spot,Fungal_Leaf_Spot,Correct,0.999999
datasets/train/Healthy_Leaf/Healthy_Leaf00037.jpg,Healthy_Leaf,Healthy_Leaf,Correct,1.000000
datasets/test/Felt_Leaf/Felt_Leaf00163.jpg,Felt_Leaf,Felt_Leaf,Correct,0.997663
datasets/train/Curl_Leaf/Curl_Leaf00082.jpg,Curl_Leaf,Curl_Leaf,Correct,0.999999
datasets/test/Leaf_Gall/Leaf_Gall00019.jpg,Leaf_Gall,Leaf_Gall,Correct,0.999995
datasets/test/Curl_Leaf/Curl_Leaf00024.jpg,Curl_Leaf,Curl_Leaf,Correct,1.000000
datasets/train/Leaf_Gall/Leaf_Gall00262.jpg,Leaf_Gall,Leaf_Gall,Correct,1.000000
datasets/test/Bituminous_Leaf/Bituminous_Leaf00032.jpg,Bituminous_Leaf,Bituminous_Leaf,Correct,1.000000
datasets/test/Fungal_Leaf_Spot/Fungal_Leaf_Spot00378.jpg,Fungal_Leaf_Spot,Fungal_Leaf_Spot,Correct,0.999999
datasets/test/Healthy_Leaf/Healthy_Leaf00333.jpg,Healthy_Leaf,Healthy_Leaf,Correct,0.999998
datasets/test/Leaf_Gall/Leaf_Gall00300.jpg,Leaf_Gall,Leaf_Gall,Correct,1.000000
datasets/train/Healthy_Leaf/Healthy_Leaf00379.jpg,Healthy_Leaf,Healthy_Leaf,Correct,1.000000
datasets/test/Fungal_Leaf_Spot/Fungal_Leaf_Spot00367.jpg,Fungal_Leaf_Spot,Fungal_Leaf_Spot,Correct,0.994869
datasets/train/Fungal_Leaf_Spot/Fungal_Leaf_Spot00121.jpg,Fungal_Leaf_Spot,Fungal_Leaf_Spot,Correct,0.999998
datasets/test/Healthy_Leaf/Healthy_Leaf00158.jpg,Healthy_Leaf,Healthy_Leaf,Correct,0.999998
datasets/test/Curl_Leaf/Curl_Leaf00167.jpg,Curl_Leaf,Curl_Leaf,Correct,1.000000
datasets/train/Felt_Leaf/Felt_Leaf00363.jpg,Felt_Leaf,Felt_Leaf,Correct,0.999996
datasets/test/Leaf_Blight/Leaf_Blight00210.jpg,Leaf_Blight,Leaf_Blight,Correct,0.999774
datasets/test/Deficiency_Leaf/Deficiency_Leaf00094.jpg,Deficiency_Leaf,Deficiency_Leaf,Correct,0.969637
datasets/train/Deficiency_Leaf/Deficiency_Leaf00065.jpg,Deficiency_Leaf,Deficiency_Leaf,Correct,0.999998
datasets/test/Felt_Leaf/Felt_Leaf00306.jpg,Felt_Leaf,Felt_Leaf,Correct,0.999997
datasets/train/Healthy_Leaf/Healthy_Leaf00490.jpg,Healthy_Leaf,Healthy_Leaf,Correct,0.999838
datasets/test/Curl_Leaf/Curl_Leaf00019.jpg,Curl_Leaf,Curl_Leaf,Correct,0.999999
datasets/train/Fungal_Leaf_Spot/Fungal_Leaf_Spot00475.jpg,Fungal_Leaf_Spot,Fungal_Leaf_Spot,Correct,0.999999
datasets/train/Leaf_Gall/Leaf_Gall00336.jpg,Leaf_Gall,Leaf_Gall,Correct,0.999997
datasets/test/Fungal_Leaf_Spot/Fungal_Leaf_Spot00038.jpg,Fungal_Leaf_Spot,Fungal_Leaf_Spot,Correct,1.000000
datasets/test/Anthrax_Leaf/Anthrax_Leaf00110.jpg,Anthrax_Leaf,Anthrax_Leaf,Correct,0.999767
datasets/test/Leaf_Gall/Leaf_Gall00269.jpg,Leaf_Gall,Leaf_Gall,Correct,1.000000
datasets/train/Healthy_Leaf/Healthy_Leaf00352.jpg,Healthy_Leaf,Healthy_Leaf,Correct,1.000000
datasets/train/Healthy_Leaf/Healthy_Leaf00512.jpg,Healthy_Leaf,Healthy_Leaf,Correct,1.000000
datasets/test/Leaf_Gall/Leaf_Gall00279.jpg,Leaf_Gall,Leaf_Gall,Correct,0.999930
datasets/test/Leaf_Blight/Leaf_Blight00560.jpg,Leaf_Blight,Leaf_Blight,Correct,1.000000
datasets/test/Leaf_Blight/Leaf_Blight00073.jpg,Leaf_Blight,Leaf_Blight,Correct,0.999955
datasets/test/Felt_Leaf/Felt_Leaf00079.jpg,Felt_Leaf,Felt_Leaf,Correct,0.999996
datasets/test/Fungal_Leaf_Spot/Fungal_Leaf_Spot00014.jpg,Fungal_Leaf_Spot,Fungal_Leaf_Spot,Correct,1.000000
datasets/test/Leaf_Gall/Leaf_Gall00366.jpg,Leaf_Gall,Leaf_Gall,Correct,1.000000
datasets/train/Leaf_Blight/Leaf_Blight00412.jpg,Leaf_Blight,Leaf_Blight,Correct,0.952069
datasets/train/Felt_Leaf/Felt_Leaf00007.jpg,Felt_Leaf,Felt_Leaf,Correct,0.973899
datasets/test/Healthy_Leaf/Healthy_Leaf00093.jpg,Healthy_Leaf,Healthy_Leaf,Correct,1.000000
datasets/train/Leaf_Gall/Leaf_Gall00105.jpg,Leaf_Gall,Leaf_Gall,Correct,0.999999
datasets/test/Deficiency_Leaf/Deficiency_Leaf00105.jpg,Deficiency_Leaf,Deficiency_Leaf,Correct,0.999900
datasets/test/Dry_Leaf/Dry_Leaf00265.jpg,Dry_Leaf,Dry_Leaf,Correct,1.000000
datasets/test/Fungal_Leaf_Spot/Fungal_Leaf_Spot00333.jpg,Fungal_Leaf_Spot,Fungal_Leaf_Spot,Correct,1.000000
datasets/train/Dry_Leaf/Dry_Leaf00350.jpg,Dry_Leaf,Dry_Leaf,Correct,1.000000
datasets/test/Felt_Leaf/Felt_Leaf00089.jpg,Felt_Leaf,Felt_Leaf,Correct,0.994422
datasets/test/Felt_Leaf/Felt_Leaf00116.jpg,Felt_Leaf,Felt_Leaf,Correct,0.999871
datasets/test/Felt_Leaf/Felt_Leaf00246.jpg,Felt_Leaf,Felt_Leaf,Correct,0.942606
datasets/train/Bituminous_Leaf/Bituminous_Leaf00096.jpg,Bituminous_Leaf,Bituminous_Leaf,Correct,0.999994
datasets/train/Healthy_Leaf/Healthy_Leaf00482.jpg,Healthy_Leaf,Healthy_Leaf,Correct,0.998578
datasets/test/Fungal_Leaf_Spot/Fungal_Leaf_Spot00247.jpg,Fungal_Leaf_Spot,Fungal_Leaf_Spot,Correct,0.999714
datasets/test/Fungal_Leaf_Spot/Fungal_Leaf_Spot00317.jpg,Fungal_Leaf_Spot,Fungal_Leaf_Spot,Correct,0.999603
datasets/train/Fungal_Leaf_Spot/Fungal_Leaf_Spot00350.jpg,Fungal_Leaf_Spot,Fungal_Leaf_Spot,Correct,0.999910
datasets/test/Dry_Leaf/Dry_Leaf00112.jpg,Dry_Leaf,Dry_Leaf,Correct,1.000000
datasets/test/Felt_Leaf/Felt_Leaf00331.jpg,Felt_Leaf,Felt_Leaf,Correct,0.999997
datasets/test/Felt_Leaf/Felt_Leaf00377.jpg,Felt_Leaf,Felt_Leaf,Correct,0.999608
datasets/test/Fungal_Leaf_Spot/Fungal_Leaf_Spot00310.jpg,Fungal_Leaf_Spot,Fungal_Leaf_Spot,Correct,1.000000
datasets/test/Curl_Leaf/Curl_Leaf00036.jpg,Curl_Leaf,Curl_Leaf,Correct,0.999997
datasets/train/Healthy_Leaf/Healthy_Leaf00074.jpg,Healthy_Leaf,Healthy_Leaf,Correct,0.999999
datasets/test/Anthrax_Leaf/Anthrax_Leaf00007.jpg,Anthrax_Leaf,Anthrax_Leaf,Correct,0.998572
datasets/test/Fungal_Leaf_Spot/Fungal_Leaf_Spot00186.jpg,Fungal_Leaf_Spot,Fungal_Leaf_Spot,Correct,1.000000
datasets/train/Healthy_Leaf/Healthy_Leaf00235.jpg,Healthy_Leaf,Healthy_Leaf,Correct,1.000000
datasets/train/Leaf_Gall/Leaf_Gall00115.jpg,Leaf_Gall,Leaf_Gall,Correct,1.000000
datasets/test/Leaf_Blight/Leaf_Blight00379.jpg,Leaf_Blight,Leaf_Blight,Correct,1.000000
datasets/test/Dry_Leaf/Dry_Leaf00182.jpg,Dry_Leaf,Dry_Leaf,Correct,0.999998
datasets/train/Healthy_Leaf/Healthy_Leaf00515.jpg,Healthy_Leaf,Felt_Leaf,Incorrect,0.746672
datasets/train/Leaf_Gall/Leaf_Gall00005.jpg,Leaf_Gall,Leaf_Gall,Correct,0.999862
datasets/train/Felt_Leaf/Felt_Leaf00285.jpg,Felt_Leaf,Felt_Leaf,Correct,0.999898
datasets/train/Dry_Leaf/Dry_Leaf00011.jpg,Dry_Leaf,Dry_Leaf,Correct,0.999999
datasets/train/Curl_Leaf/Curl_Leaf00099.jpg,Curl_Leaf,Curl_Leaf,Correct,0.999995
datasets/test/Fungal_Leaf_Spot/Fungal_Leaf_Spot00163.jpg,Fungal_Leaf_Spot,Fungal_Leaf_Spot,Correct,1.000000
datasets/train/Leaf_Gall/Leaf_Gall00079.jpg,Leaf_Gall,Leaf_Gall,Correct,0.999938
datasets/train/Dry_Leaf/Dry_Leaf00039.jpg,Dry_Leaf,Dry_Leaf,Correct,1.000000
datasets/train/Leaf_Blight/Leaf_Blight00203.jpg,Leaf_Blight,Leaf_Blight,Correct,0.998907
datasets/test/Curl_Leaf/Curl_Leaf00168.jpg,Curl_Leaf,Curl_Leaf,Correct,1.000000
datasets/train/Leaf_Blight/Leaf_Blight00240.jpg,Leaf_Blight,Leaf_Blight,Correct,0.999871
datasets/test/Leaf_Blight/Leaf_Blight00156.jpg,Leaf_Blight,Leaf_Blight,Correct,0.999898
datasets/test/Dry_Leaf/Dry_Leaf00160.jpg,Dry_Leaf,Dry_Leaf,Correct,1.000000
datasets/test/Bituminous_Leaf/Bituminous_Leaf00087.jpg,Bituminous_Leaf,Bituminous_Leaf,Correct,0.999989
datasets/train/Leaf_Gall/Leaf_Gall00265.jpg,Leaf_Gall,Leaf_Gall,Correct,1.000000
datasets/train/Bituminous_Leaf/Bituminous_Leaf00136.jpg,Bituminous_Leaf,Bituminous_Leaf,Correct,1.000000
datasets/test/Healthy_Leaf/Healthy_Leaf00195.jpg,Healthy_Leaf,Healthy_Leaf,Correct,0.999930
datasets/test/Leaf_Blight/Leaf_Blight00202.jpg,Leaf_Blight,Leaf_Blight,Correct,0.999996
datasets/test/Leaf_Blight/Leaf_Blight00241.jpg,Leaf_Blight,Leaf_Blight,Correct,0.999990
datasets/train/Leaf_Blight/Leaf_Blight00029.jpg,Leaf_Blight,Leaf_Blight,Correct,1.000000
datasets/train/Leaf_Blight/Leaf_Blight00003.jpg,Leaf_Blight,Leaf_Blight,Correct,0.999996
datasets/train/Curl_Leaf/Curl_Leaf00059.jpg,Curl_Leaf,Felt_Leaf,Incorrect,0.597351
datasets/train/Fungal_Leaf_Spot/Fungal_Leaf_Spot00227.jpg,Fungal_Leaf_Spot,Fungal_Leaf_Spot,Correct,1.000000
datasets/test/Felt_Leaf/Felt_Leaf00081.jpg,Felt_Leaf,Felt_Leaf,Correct,0.894018
datasets/train/Leaf_Blight/Leaf_Blight00402.jpg,Leaf_Blight,Leaf_Blight,Correct,0.999947
datasets/train/Dry_Leaf/Dry_Leaf00021.jpg,Dry_Leaf,Dry_Leaf,Correct,1.000000
datasets/test/Dry_Leaf/Dry_Leaf00194.jpg,Dry_Leaf,Dry_Leaf,Correct,1.000000
datasets/test/Leaf_Gall/Leaf_Gall00466.jpg,Leaf_Gall,Leaf_Gall,Correct,0.999994
datasets/train/Healthy_Leaf/Healthy_Leaf00287.jpg,Healthy_Leaf,Healthy_Leaf,Correct,0.999994
datasets/train/Healthy_Leaf/Healthy_Leaf00005.jpg,Healthy_Leaf,Healthy_Leaf,Correct,1.000000
datasets/train/Leaf_Gall/Leaf_Gall00289.jpg,Leaf_Gall,Leaf_Gall,Correct,1.000000
datasets/test/Felt_Leaf/Felt_Leaf00257.jpg,Felt_Leaf,Leaf_Blight,Incorrect,0.552212
datasets/test/Deficiency_Leaf/Deficiency_Leaf00033.jpg,Deficiency_Leaf,Deficiency_Leaf,Correct,0.999891
datasets/train/Curl_Leaf/Curl_Leaf00023.jpg,Curl_Leaf,Curl_Leaf,Correct,1.000000
datasets/train/Anthrax_Leaf/Anthrax_Leaf00119.jpg,Anthrax_Leaf,Anthrax_Leaf,Correct,0.996863
datasets/train/Healthy_Leaf/Healthy_Leaf00090.jpg,Healthy_Leaf,Healthy_Leaf,Correct,0.999972
datasets/test/Fungal_Leaf_Spot/Fungal_Leaf_Spot00479.jpg,Fungal_Leaf_Spot,Fungal_Leaf_Spot,Correct,0.999998
datasets/test/Leaf_Gall/Leaf_Gall00173.jpg,Leaf_Gall,Leaf_Gall,Correct,0.999976
datasets/train/Dry_Leaf/Dry_Leaf00275.jpg,Dry_Leaf,Dry_Leaf,Correct,1.000000
datasets/test/Felt_Leaf/Felt_Leaf00045.jpg,Felt_Leaf,Felt_Leaf,Correct,1.000000
datasets/test/Fungal_Leaf_Spot/Fungal_Leaf_Spot00197.jpg,Fungal_Leaf_Spot,Fungal_Leaf_Spot,Correct,1.000000
datasets/test/Leaf_Blight/Leaf_Blight00393.jpg,Leaf_Blight,Leaf_Blight,Correct,0.990866
datasets/test/Fungal_Leaf_Spot/Fungal_Leaf_Spot00509.jpg,Fungal_Leaf_Spot,Fungal_Leaf_Spot,Correct,1.000000
datasets/test/Felt_Leaf/Felt_Leaf00162.jpg,Felt_Leaf,Felt_Leaf,Correct,0.991869
datasets/train/Felt_Leaf/Felt_Leaf00069.jpg,Felt_Leaf,Felt_Leaf,Correct,0.999992
datasets/test/Curl_Leaf/Curl_Leaf00128.jpg,Curl_Leaf,Curl_Leaf,Correct,1.000000
datasets/test/Dry_Leaf/Dry_Leaf00304.jpg,Dry_Leaf,Dry_Leaf,Correct,1.000000
datasets/train/Healthy_Leaf/Healthy_Leaf00318.jpg,Healthy_Leaf,Healthy_Leaf,Correct,1.000000
datasets/train/Healthy_Leaf/Healthy_Leaf00166.jpg,Healthy_Leaf,Healthy_Leaf,Correct,1.000000
datasets/test/Deficiency_Leaf/Deficiency_Leaf00113.jpg,Deficiency_Leaf,Deficiency_Leaf,Correct,0.992603
datasets/train/Felt_Leaf/Felt_Leaf00030.jpg,Felt_Leaf,Felt_Leaf,Correct,1.000000
datasets/train/Healthy_Leaf/Healthy_Leaf00396.jpg,Healthy_Leaf,Healthy_Leaf,Correct,1.000000
datasets/test/Leaf_Gall/Leaf_Gall00458.jpg,Leaf_Gall,Leaf_Gall,Correct,0.999999
datasets/train/Anthrax_Leaf/Anthrax_Leaf00113.jpg,Anthrax_Leaf,Anthrax_Leaf,Correct,0.930021
datasets/test/Dry_Leaf/Dry_Leaf00056.jpg,Dry_Leaf,Dry_Leaf,Correct,1.000000
datasets/test/Leaf_Gall/Leaf_Gall00299.jpg,Leaf_Gall,Leaf_Gall,Correct,1.000000
datasets/train/Felt_Leaf/Felt_Leaf00292.jpg,Felt_Leaf,Felt_Leaf,Correct,0.999969
datasets/test/Fungal_Leaf_Spot/Fungal_Leaf_Spot00546.jpg,Fungal_Leaf_Spot,Fungal_Leaf_Spot,Correct,1.000000
datasets/test/Leaf_Gall/Leaf_Gall00558.jpg,Leaf_Gall,Leaf_Gall,Correct,1.000000
datasets/test/Leaf_Gall/Leaf_Gall00605.jpg,Leaf_Gall,Leaf_Gall,Correct,0.999996
datasets/test/Healthy_Leaf/Healthy_Leaf00010.jpg,Healthy_Leaf,Healthy_Leaf,Correct,0.999965
datasets/train/Fungal_Leaf_Spot/Fungal_Leaf_Spot00390.jpg,Fungal_Leaf_Spot,Fungal_Leaf_Spot,Correct,0.919945
datasets/train/Leaf_Blight/Leaf_Blight00370.jpg,Leaf_Blight,Leaf_Blight,Correct,1.000000
datasets/test/Healthy_Leaf/Healthy_Leaf00517.jpg,Healthy_Leaf,Healthy_Leaf,Correct,0.999007
datasets/test/Healthy_Leaf/Healthy_Leaf00359.jpg,Healthy_Leaf,Healthy_Leaf,Correct,1.000000
datasets/test/Leaf_Blight/Leaf_Blight00167.jpg,Leaf_Blight,Leaf_Blight,Correct,0.999993
datasets/test/Anthrax_Leaf/Anthrax_Leaf00138.jpg,Anthrax_Leaf,Anthrax_Leaf,Correct,0.997066
datasets/train/Leaf_Gall/Leaf_Gall00584.jpg,Leaf_Gall,Leaf_Gall,Correct,0.999866
datasets/test/Dry_Leaf/Dry_Leaf00339.jpg,Dry_Leaf,Dry_Leaf,Correct,0.999982
datasets/test/Leaf_Gall/Leaf_Gall00142.jpg,Leaf_Gall,Leaf_Gall,Correct,0.951684
datasets/train/Healthy_Leaf/Healthy_Leaf00312.jpg,Healthy_Leaf,Healthy_Leaf,Correct,0.999727
datasets/train/Dry_Leaf/Dry_Leaf00128.jpg,Dry_Leaf,Dry_Leaf,Correct,1.000000
datasets/test/Dry_Leaf/Dry_Leaf00210.jpg,Dry_Leaf,Dry_Leaf,Correct,0.999084
datasets/test/Anthrax_Leaf/Anthrax_Leaf00008.jpg,Anthrax_Leaf,Anthrax_Leaf,Correct,0.999993
datasets/test/Dry_Leaf/Dry_Leaf00274.jpg,Dry_Leaf,Dry_Leaf,Correct,1.000000
datasets/train/Dry_Leaf/Dry_Leaf00009.jpg,Dry_Leaf,Dry_Leaf,Correct,1.000000
datasets/test/Curl_Leaf/Curl_Leaf00124.jpg,Curl_Leaf,Curl_Leaf,Correct,1.000000
datasets/train/Leaf_Gall/Leaf_Gall00068.jpg,Leaf_Gall,Leaf_Gall,Correct,0.999989
datasets/train/Healthy_Leaf/Healthy_Leaf00510.jpg,Healthy_Leaf,Healthy_Leaf,Correct,0.999432
datasets/train/Anthrax_Leaf/Anthrax_Leaf00029.jpg,Anthrax_Leaf,Anthrax_Leaf,Correct,0.999992
datasets/train/Leaf_Blight/Leaf_Blight00295.jpg,Leaf_Blight,Leaf_Blight,Correct,1.000000
datasets/train/Fungal_Leaf_Spot/Fungal_Leaf_Spot00018.jpg,Fungal_Leaf_Spot,Fungal_Leaf_Spot,Correct,0.999143
datasets/test/Felt_Leaf/Felt_Leaf00337.jpg,Felt_Leaf,Felt_Leaf,Correct,0.999973
datasets/test/Healthy_Leaf/Healthy_Leaf00615.jpg,Healthy_Leaf,Healthy_Leaf,Correct,1.000000
datasets/train/Deficiency_Leaf/Deficiency_Leaf00069.jpg,Deficiency_Leaf,Deficiency_Leaf,Correct,0.999998
datasets/test/Fungal_Leaf_Spot/Fungal_Leaf_Spot00136.jpg,Fungal_Leaf_Spot,Fungal_Leaf_Spot,Correct,1.000000
datasets/train/Dry_Leaf/Dry_Leaf00371.jpg,Dry_Leaf,Dry_Leaf,Correct,1.000000
datasets/test/Felt_Leaf/Felt_Leaf00077.jpg,Felt_Leaf,Felt_Leaf,Correct,0.998524
datasets/test/Bituminous_Leaf/Bituminous_Leaf00056.jpg,Bituminous_Leaf,Bituminous_Leaf,Correct,0.999776
datasets/train/Healthy_Leaf/Healthy_Leaf00190.jpg,Healthy_Leaf,Healthy_Leaf,Correct,1.000000
datasets/train/Felt_Leaf/Felt_Leaf00288.jpg,Felt_Leaf,Felt_Leaf,Correct,0.999998
datasets/test/Dry_Leaf/Dry_Leaf00202.jpg,Dry_Leaf,Dry_Leaf,Correct,1.000000
datasets/test/Dry_Leaf/Dry_Leaf00026.jpg,Dry_Leaf,Dry_Leaf,Correct,1.000000
datasets/train/Healthy_Leaf/Healthy_Leaf00429.jpg,Healthy_Leaf,Healthy_Leaf,Correct,0.999992
datasets/train/Leaf_Blight/Leaf_Blight00537.jpg,Leaf_Blight,Leaf_Blight,Correct,1.000000
datasets/test/Dry_Leaf/Dry_Leaf00152.jpg,Dry_Leaf,Dry_Leaf,Correct,1.000000
datasets/train/Dry_Leaf/Dry_Leaf00165.jpg,Dry_Leaf,Dry_Leaf,Correct,1.000000
datasets/test/Leaf_Gall/Leaf_Gall00096.jpg,Leaf_Gall,Leaf_Gall,Correct,1.000000
datasets/train/Healthy_Leaf/Healthy_Leaf00231.jpg,Healthy_Leaf,Healthy_Leaf,Correct,0.999999
datasets/test/Leaf_Gall/Leaf_Gall00104.jpg,Leaf_Gall,Leaf_Gall,Correct,1.000000
datasets/train/Fungal_Leaf_Spot/Fungal_Leaf_Spot00012.jpg,Fungal_Leaf_Spot,Fungal_Leaf_Spot,Correct,1.000000
datasets/train/Fungal_Leaf_Spot/Fungal_Leaf_Spot00002.jpg,Fungal_Leaf_Spot,Fungal_Leaf_Spot,Correct,1.000000
datasets/train/Bituminous_Leaf/Bituminous_Leaf00023.jpg,Bituminous_Leaf,Bituminous_Leaf,Correct,0.999990
datasets/test/Leaf_Gall/Leaf_Gall00395.jpg,Leaf_Gall,Leaf_Gall,Correct,0.999878
datasets/test/Curl_Leaf/Curl_Leaf00055.jpg,Curl_Leaf,Curl_Leaf,Correct,1.000000
datasets/train/Fungal_Leaf_Spot/Fungal_Leaf_Spot00228.jpg,Fungal_Leaf_Spot,Fungal_Leaf_Spot,Correct,1.000000
datasets/train/Leaf_Blight/Leaf_Blight00011.jpg,Leaf_Blight,Leaf_Blight,Correct,1.000000
datasets/test/Dry_Leaf/Dry_Leaf00042.jpg,Dry_Leaf,Dry_Leaf,Correct,1.000000
datasets/test/Leaf_Blight/Leaf_Blight00458.jpg,Leaf_Blight,Leaf_Blight,Correct,1.000000
datasets/train/Felt_Leaf/Felt_Leaf00304.jpg,Felt_Leaf,Felt_Leaf,Correct,0.999983
datasets/test/Felt_Leaf/Felt_Leaf00105.jpg,Felt_Leaf,Felt_Leaf,Correct,0.999163
datasets/train/Leaf_Blight/Leaf_Blight00592.jpg,Leaf_Blight,Leaf_Blight,Correct,0.999994
datasets/test/Leaf_Blight/Leaf_Blight00033.jpg,Leaf_Blight,Leaf_Blight,Correct,1.000000
datasets/test/Felt_Leaf/Felt_Leaf00011.jpg,Felt_Leaf,Felt_Leaf,Correct,0.934064
datasets/test/Healthy_Leaf/Healthy_Leaf00485.jpg,Healthy_Leaf,Healthy_Leaf,Correct,0.999295
datasets/train/Leaf_Blight/Leaf_Blight00237.jpg,Leaf_Blight,Leaf_Blight,Correct,0.999851
datasets/test/Bituminous_Leaf/Bituminous_Leaf00028.jpg,Bituminous_Leaf,Bituminous_Leaf,Correct,0.999969
datasets/train/Fungal_Leaf_Spot/Fungal_Leaf_Spot00330.jpg,Fungal_Leaf_Spot,Fungal_Leaf_Spot,Correct,1.000000
datasets/train/Leaf_Blight/Leaf_Blight00121.jpg,Leaf_Blight,Leaf_Blight,Correct,1.000000
datasets/train/Healthy_Leaf/Healthy_Leaf00476.jpg,Healthy_Leaf,Healthy_Leaf,Correct,1.000000
datasets/test/Felt_Leaf/Felt_Leaf00196.jpg,Felt_Leaf,Felt_Leaf,Correct,1.000000
datasets/train/Healthy_Leaf/Healthy_Leaf00502.jpg,Healthy_Leaf,Healthy_Leaf,Correct,1.000000
datasets/test/Fungal_Leaf_Spot/Fungal_Leaf_Spot00235.jpg,Fungal_Leaf_Spot,Fungal_Leaf_Spot,Correct,1.000000
datasets/test/Leaf_Gall/Leaf_Gall00277.jpg,Leaf_Gall,Leaf_Gall,Correct,1.000000
datasets/test/Felt_Leaf/Felt_Leaf00113.jpg,Felt_Leaf,Felt_Leaf,Correct,0.999947
datasets/train/Leaf_Gall/Leaf_Gall00526.jpg,Leaf_Gall,Leaf_Gall,Correct,1.000000
datasets/test/Anthrax_Leaf/Anthrax_Leaf00132.jpg,Anthrax_Leaf,Anthrax_Leaf,Correct,1.000000
datasets/test/Dry_Leaf/Dry_Leaf00292.jpg,Dry_Leaf,Dry_Leaf,Correct,1.000000
datasets/test/Healthy_Leaf/Healthy_Leaf00255.jpg,Healthy_Leaf,Healthy_Leaf,Correct,0.996937
datasets/test/Leaf_Gall/Leaf_Gall00402.jpg,Leaf_Gall,Leaf_Gall,Correct,0.999986
datasets/test/Deficiency_Leaf/Deficiency_Leaf00066.jpg,Deficiency_Leaf,Deficiency_Leaf,Correct,0.883849
datasets/test/Leaf_Gall/Leaf_Gall00600.jpg,Leaf_Gall,Leaf_Gall,Correct,1.000000
datasets/test/Healthy_Leaf/Healthy_Leaf00378.jpg,Healthy_Leaf,Healthy_Leaf,Correct,1.000000
datasets/test/Curl_Leaf/Curl_Leaf00135.jpg,Curl_Leaf,Curl_Leaf,Correct,1.000000
datasets/train/Leaf_Blight/Leaf_Blight00036.jpg,Leaf_Blight,Leaf_Blight,Correct,1.000000
datasets/test/Leaf_Blight/Leaf_Blight00108.jpg,Leaf_Blight,Leaf_Blight,Correct,0.999898
datasets/train/Healthy_Leaf/Healthy_Leaf00522.jpg,Healthy_Leaf,Healthy_Leaf,Correct,0.999853
datasets/test/Leaf_Gall/Leaf_Gall00560.jpg,Leaf_Gall,Leaf_Gall,Correct,1.000000
datasets/train/Fungal_Leaf_Spot/Fungal_Leaf_Spot00432.jpg,Fungal_Leaf_Spot,Fungal_Leaf_Spot,Correct,1.000000
datasets/train/Curl_Leaf/Curl_Leaf00028.jpg,Curl_Leaf,Curl_Leaf,Correct,0.999998
datasets/test/Bituminous_Leaf/Bituminous_Leaf00070.jpg,Bituminous_Leaf,Bituminous_Leaf,Correct,0.999995
datasets/test/Healthy_Leaf/Healthy_Leaf00391.jpg,Healthy_Leaf,Healthy_Leaf,Correct,0.999775
datasets/test/Dry_Leaf/Dry_Leaf00059.jpg,Dry_Leaf,Dry_Leaf,Correct,1.000000
datasets/test/Anthrax_Leaf/Anthrax_Leaf00086.jpg,Anthrax_Leaf,Anthrax_Leaf,Correct,1.000000
datasets/test/Curl_Leaf/Curl_Leaf00097.jpg,Curl_Leaf,Curl_Leaf,Correct,0.996856
datasets/train/Dry_Leaf/Dry_Leaf00195.jpg,Dry_Leaf,Dry_Leaf,Correct,1.000000
datasets/train/Deficiency_Leaf/Deficiency_Leaf00015.jpg,Deficiency_Leaf,Deficiency_Leaf,Correct,0.900758
datasets/test/Leaf_Gall/Leaf_Gall00182.jpg,Leaf_Gall,Leaf_Gall,Correct,1.000000
datasets/test/Felt_Leaf/Felt_Leaf00301.jpg,Felt_Leaf,Felt_Leaf,Correct,0.999973
datasets/test/Fungal_Leaf_Spot/Fungal_Leaf_Spot00548.jpg,Fungal_Leaf_Spot,Fungal_Leaf_Spot,Correct,0.998700
datasets/train/Curl_Leaf/Curl_Leaf00134.jpg,Curl_Leaf,Curl_Leaf,Correct,1.000000
datasets/test/Healthy_Leaf/Healthy_Leaf00481.jpg,Healthy_Leaf,Healthy_Leaf,Correct,0.988663
datasets/train/Leaf_Gall/Leaf_Gall00302.jpg,Leaf_Gall,Leaf_Gall,Correct,1.000000
datasets/test/Felt_Leaf/Felt_Leaf00338.jpg,Felt_Leaf,Felt_Leaf,Correct,0.999997
datasets/test/Fungal_Leaf_Spot/Fungal_Leaf_Spot00265.jpg,Fungal_Leaf_Spot,Fungal_Leaf_Spot,Correct,0.999880
datasets/test/Healthy_Leaf/Healthy_Leaf00348.jpg,Healthy_Leaf,Healthy_Leaf,Correct,1.000000
datasets/train/Leaf_Gall/Leaf_Gall00237.jpg,Leaf_Gall,Leaf_Gall,Correct,1.000000
datasets/train/Deficiency_Leaf/Deficiency_Leaf00074.jpg,Deficiency_Leaf,Deficiency_Leaf,Correct,0.999987
datasets/train/Leaf_Gall/Leaf_Gall00572.jpg,Leaf_Gall,Leaf_Gall,Correct,0.999986
datasets/test/Leaf_Gall/Leaf_Gall00561.jpg,Leaf_Gall,Leaf_Gall,Correct,1.000000
datasets/train/Healthy_Leaf/Healthy_Leaf00579.jpg,Healthy_Leaf,Healthy_Leaf,Correct,0.999750
datasets/train/Dry_Leaf/Dry_Leaf00102.jpg,Dry_Leaf,Dry_Leaf,Correct,1.000000
datasets/test/Leaf_Blight/Leaf_Blight00437.jpg,Leaf_Blight,Leaf_Blight,Correct,1.000000
datasets/train/Leaf_Blight/Leaf_Blight00215.jpg,Leaf_Blight,Leaf_Blight,Correct,0.999880
datasets/train/Leaf_Blight/Leaf_Blight00008.jpg,Leaf_Blight,Leaf_Blight,Correct,1.000000
datasets/test/Leaf_Gall/Leaf_Gall00382.jpg,Leaf_Gall,Leaf_Gall,Correct,0.999998
datasets/train/Fungal_Leaf_Spot/Fungal_Leaf_Spot00024.jpg,Fungal_Leaf_Spot,Fungal_Leaf_Spot,Correct,1.000000
datasets/train/Fungal_Leaf_Spot/Fungal_Leaf_Spot00019.jpg,Fungal_Leaf_Spot,Fungal_Leaf_Spot,Correct,0.959073
datasets/test/Healthy_Leaf/Healthy_Leaf00385.jpg,Healthy_Leaf,Healthy_Leaf,Correct,1.000000
datasets/train/Felt_Leaf/Felt_Leaf00096.jpg,Felt_Leaf,Felt_Leaf,Correct,0.999994
datasets/test/Leaf_Gall/Leaf_Gall00311.jpg,Leaf_Gall,Leaf_Gall,Correct,1.000000
datasets/test/Leaf_Blight/Leaf_Blight00533.jpg,Leaf_Blight,Leaf_Blight,Correct,1.000000
datasets/train/Anthrax_Leaf/Anthrax_Leaf00026.jpg,Anthrax_Leaf,Anthrax_Leaf,Correct,0.999998
datasets/train/Curl_Leaf/Curl_Leaf00175.jpg,Curl_Leaf,Curl_Leaf,Correct,0.999974
datasets/test/Healthy_Leaf/Healthy_Leaf00314.jpg,Healthy_Leaf,Healthy_Leaf,Correct,1.000000
datasets/test/Felt_Leaf/Felt_Leaf00122.jpg,Felt_Leaf,Felt_Leaf,Correct,0.998053
datasets/test/Fungal_Leaf_Spot/Fungal_Leaf_Spot00139.jpg,Fungal_Leaf_Spot,Fungal_Leaf_Spot,Correct,1.000000
datasets/test/Curl_Leaf/Curl_Leaf00063.jpg,Curl_Leaf,Curl_Leaf,Correct,0.999989
datasets/test/Leaf_Blight/Leaf_Blight00063.jpg,Leaf_Blight,Leaf_Blight,Correct,0.987108
datasets/train/Felt_Leaf/Felt_Leaf00142.jpg,Felt_Leaf,Felt_Leaf,Correct,0.999972
datasets/train/Leaf_Blight/Leaf_Blight00396.jpg,Leaf_Blight,Leaf_Blight,Correct,0.999985
datasets/train/Anthrax_Leaf/Anthrax_Leaf00056.jpg,Anthrax_Leaf,Anthrax_Leaf,Correct,1.000000
datasets/train/Fungal_Leaf_Spot/Fungal_Leaf_Spot00202.jpg,Fungal_Leaf_Spot,Fungal_Leaf_Spot,Correct,0.999943
datasets/train/Leaf_Gall/Leaf_Gall00125.jpg,Leaf_Gall,Leaf_Gall,Correct,0.999998
datasets/train/Leaf_Gall/Leaf_Gall00124.jpg,Leaf_Gall,Leaf_Gall,Correct,1.000000
datasets/test/Healthy_Leaf/Healthy_Leaf00403.jpg,Healthy_Leaf,Healthy_Leaf,Correct,1.000000
datasets/train/Anthrax_Leaf/Anthrax_Leaf00055.jpg,Anthrax_Leaf,Anthrax_Leaf,Correct,1.000000
datasets/test/Healthy_Leaf/Healthy_Leaf00572.jpg,Healthy_Leaf,Healthy_Leaf,Correct,1.000000
datasets/test/Fungal_Leaf_Spot/Fungal_Leaf_Spot00042.jpg,Fungal_Leaf_Spot,Fungal_Leaf_Spot,Correct,1.000000
datasets/test/Curl_Leaf/Curl_Leaf00084.jpg,Curl_Leaf,Curl_Leaf,Correct,1.000000
datasets/test/Healthy_Leaf/Healthy_Leaf00045.jpg,Healthy_Leaf,Healthy_Leaf,Correct,0.999998
datasets/test/Felt_Leaf/Felt_Leaf00298.jpg,Felt_Leaf,Felt_Leaf,Correct,0.999383
datasets/test/Bituminous_Leaf/Bituminous_Leaf00077.jpg,Bituminous_Leaf,Bituminous_Leaf,Correct,0.999998
datasets/test/Leaf_Blight/Leaf_Blight00362.jpg,Leaf_Blight,Leaf_Blight,Correct,1.000000
datasets/test/Fungal_Leaf_Spot/Fungal_Leaf_Spot00010.jpg,Fungal_Leaf_Spot,Fungal_Leaf_Spot,Correct,1.000000
datasets/train/Leaf_Blight/Leaf_Blight00432.jpg,Leaf_Blight,Leaf_Blight,Correct,1.000000
datasets/train/Leaf_Blight/Leaf_Blight00059.jpg,Leaf_Blight,Leaf_Blight,Correct,0.999958
datasets/test/Leaf_Gall/Leaf_Gall00472.jpg,Leaf_Gall,Leaf_Gall,Correct,1.000000
datasets/test/Felt_Leaf/Felt_Leaf00260.jpg,Felt_Leaf,Felt_Leaf,Correct,0.997523
datasets/test/Leaf_Gall/Leaf_Gall00041.jpg,Leaf_Gall,Leaf_Gall,Correct,0.836556
datasets/train/Fungal_Leaf_Spot/Fungal_Leaf_Spot00062.jpg,Fungal_Leaf_Spot,Fungal_Leaf_Spot,Correct,1.000000
datasets/train/Leaf_Gall/Leaf_Gall00087.jpg,Leaf_Gall,Leaf_Gall,Correct,1.000000
datasets/train/Healthy_Leaf/Healthy_Leaf00609.jpg,Healthy_Leaf,Healthy_Leaf,Correct,0.999979
datasets/test/Fungal_Leaf_Spot/Fungal_Leaf_Spot00437.jpg,Fungal_Leaf_Spot,Fungal_Leaf_Spot,Correct,1.000000
datasets/train/Felt_Leaf/Felt_Leaf00296.jpg,Felt_Leaf,Felt_Leaf,Correct,0.999917
datasets/test/Leaf_Blight/Leaf_Blight00217.jpg,Leaf_Blight,Leaf_Blight,Correct,0.999916
datasets/test/Felt_Leaf/Felt_Leaf00212.jpg,Felt_Leaf,Felt_Leaf,Correct,0.999999
datasets/train/Leaf_Gall/Leaf_Gall00577.jpg,Leaf_Gall,Leaf_Gall,Correct,0.998630
datasets/test/Leaf_Blight/Leaf_Blight00054.jpg,Leaf_Blight,Leaf_Blight,Correct,1.000000
datasets/test/Dry_Leaf/Dry_Leaf00328.jpg,Dry_Leaf,Dry_Leaf,Correct,1.000000
datasets/train/Leaf_Gall/Leaf_Gall00512.jpg,Leaf_Gall,Leaf_Gall,Correct,0.998166
datasets/train/Felt_Leaf/Felt_Leaf00207.jpg,Felt_Leaf,Felt_Leaf,Correct,0.563225
datasets/test/Healthy_Leaf/Healthy_Leaf00313.jpg,Healthy_Leaf,Healthy_Leaf,Correct,0.999998
datasets/train/Dry_Leaf/Dry_Leaf00299.jpg,Dry_Leaf,Dry_Leaf,Correct,1.000000
datasets/test/Healthy_Leaf/Healthy_Leaf00592.jpg,Healthy_Leaf,Healthy_Leaf,Correct,0.999997
datasets/train/Healthy_Leaf/Healthy_Leaf00331.jpg,Healthy_Leaf,Healthy_Leaf,Correct,1.000000
datasets/test/Felt_Leaf/Felt_Leaf00050.jpg,Felt_Leaf,Felt_Leaf,Correct,0.999991
datasets/train/Fungal_Leaf_Spot/Fungal_Leaf_Spot00554.jpg,Fungal_Leaf_Spot,Fungal_Leaf_Spot,Correct,1.000000
datasets/test/Dry_Leaf/Dry_Leaf00074.jpg,Dry_Leaf,Dry_Leaf,Correct,1.000000
datasets/train/Felt_Leaf/Felt_Leaf00314.jpg,Felt_Leaf,Felt_Leaf,Correct,0.999995
datasets/test/Fungal_Leaf_Spot/Fungal_Leaf_Spot00410.jpg,Fungal_Leaf_Spot,Fungal_Leaf_Spot,Correct,1.000000
datasets/test/Felt_Leaf/Felt_Leaf00048.jpg,Felt_Leaf,Felt_Leaf,Correct,0.999987
datasets/train/Healthy_Leaf/Healthy_Leaf00118.jpg,Healthy_Leaf,Healthy_Leaf,Correct,1.000000
datasets/test/Leaf_Blight/Leaf_Blight00159.jpg,Leaf_Blight,Leaf_Blight,Correct,0.989884
datasets/test/Dry_Leaf/Dry_Leaf00320.jpg,Dry_Leaf,Dry_Leaf,Correct,1.000000
datasets/train/Healthy_Leaf/Healthy_Leaf00407.jpg,Healthy_Leaf,Healthy_Leaf,Correct,1.000000
datasets/train/Healthy_Leaf/Healthy_Leaf00317.jpg,Healthy_Leaf,Healthy_Leaf,Correct,0.999999
datasets/test/Leaf_Blight/Leaf_Blight00517.jpg,Leaf_Blight,Leaf_Blight,Correct,0.999999
datasets/train/Leaf_Gall/Leaf_Gall00486.jpg,Leaf_Gall,Leaf_Gall,Correct,0.999987
datasets/test/Leaf_Blight/Leaf_Blight00112.jpg,Leaf_Blight,Leaf_Blight,Correct,0.999992
datasets/test/Healthy_Leaf/Healthy_Leaf00154.jpg,Healthy_Leaf,Healthy_Leaf,Correct,0.999999
datasets/train/Leaf_Blight/Leaf_Blight00376.jpg,Leaf_Blight,Leaf_Blight,Correct,1.000000
datasets/train/Leaf_Blight/Leaf_Blight00135.jpg,Leaf_Blight,Leaf_Blight,Correct,1.000000
datasets/test/Anthrax_Leaf/Anthrax_Leaf00078.jpg,Anthrax_Leaf,Anthrax_Leaf,Correct,1.000000
datasets/test/Leaf_Gall/Leaf_Gall00244.jpg,Leaf_Gall,Leaf_Gall,Correct,1.000000
datasets/train/Healthy_Leaf/Healthy_Leaf00110.jpg,Healthy_Leaf,Healthy_Leaf,Correct,1.000000
datasets/train/Leaf_Blight/Leaf_Blight00088.jpg,Leaf_Blight,Leaf_Blight,Correct,0.974769
datasets/test/Healthy_Leaf/Healthy_Leaf00440.jpg,Healthy_Leaf,Healthy_Leaf,Correct,1.000000
datasets/train/Fungal_Leaf_Spot/Fungal_Leaf_Spot00217.jpg,Fungal_Leaf_Spot,Fungal_Leaf_Spot,Correct,1.000000
datasets/train/Dry_Leaf/Dry_Leaf00050.jpg,Dry_Leaf,Dry_Leaf,Correct,1.000000
datasets/test/Leaf_Gall/Leaf_Gall00593.jpg,Leaf_Gall,Leaf_Gall,Correct,1.000000
datasets/train/Felt_Leaf/Felt_Leaf00117.jpg,Felt_Leaf,Felt_Leaf,Correct,0.999995
datasets/test/Healthy_Leaf/Healthy_Leaf00568.jpg,Healthy_Leaf,Healthy_Leaf,Correct,1.000000
datasets/test/Leaf_Blight/Leaf_Blight00253.jpg,Leaf_Blight,Leaf_Blight,Correct,0.998294
datasets/test/Leaf_Gall/Leaf_Gall00168.jpg,Leaf_Gall,Leaf_Gall,Correct,0.967964
datasets/test/Dry_Leaf/Dry_Leaf00261.jpg,Dry_Leaf,Dry_Leaf,Correct,0.999998
datasets/test/Fungal_Leaf_Spot/Fungal_Leaf_Spot00444.jpg,Fungal_Leaf_Spot,Fungal_Leaf_Spot,Correct,0.999995
datasets/test/Bituminous_Leaf/Bituminous_Leaf00046.jpg,Bituminous_Leaf,Bituminous_Leaf,Correct,0.999820
datasets/test/Leaf_Blight/Leaf_Blight00327.jpg,Leaf_Blight,Leaf_Blight,Correct,1.000000
datasets/test/Leaf_Blight/Leaf_Blight00538.jpg,Leaf_Blight,Leaf_Blight,Correct,0.999974
datasets/test/Leaf_Gall/Leaf_Gall00446.jpg,Leaf_Gall,Leaf_Gall,Correct,0.999872
datasets/test/Curl_Leaf/Curl_Leaf00092.jpg,Curl_Leaf,Curl_Leaf,Correct,0.999996
datasets/test/Bituminous_Leaf/Bituminous_Leaf00122.jpg,Bituminous_Leaf,Bituminous_Leaf,Correct,0.999822
datasets/test/Leaf_Blight/Leaf_Blight00410.jpg,Leaf_Blight,Leaf_Blight,Correct,0.993841
datasets/train/Curl_Leaf/Curl_Leaf00143.jpg,Curl_Leaf,Curl_Leaf,Correct,1.000000
datasets/train/Deficiency_Leaf/Deficiency_Leaf00005.jpg,Deficiency_Leaf,Deficiency_Leaf,Correct,0.999710
datasets/test/Dry_Leaf/Dry_Leaf00226.jpg,Dry_Leaf,Dry_Leaf,Correct,1.000000
datasets/test/Felt_Leaf/Felt_Leaf00353.jpg,Felt_Leaf,Felt_Leaf,Correct,0.992002
datasets/train/Fungal_Leaf_Spot/Fungal_Leaf_Spot00026.jpg,Fungal_Leaf_Spot,Fungal_Leaf_Spot,Correct,1.000000
datasets/train/Felt_Leaf/Felt_Leaf00229.jpg,Felt_Leaf,Felt_Leaf,Correct,0.999962
datasets/test/Healthy_Leaf/Healthy_Leaf00183.jpg,Healthy_Leaf,Healthy_Leaf,Correct,0.999982
datasets/test/Anthrax_Leaf/Anthrax_Leaf00077.jpg,Anthrax_Leaf,Anthrax_Leaf,Correct,1.000000
datasets/test/Felt_Leaf/Felt_Leaf00067.jpg,Felt_Leaf,Felt_Leaf,Correct,0.991694
datasets/test/Leaf_Gall/Leaf_Gall00021.jpg,Leaf_Gall,Leaf_Gall,Correct,0.998327
datasets/test/Healthy_Leaf/Healthy_Leaf00419.jpg,Healthy_Leaf,Healthy_Leaf,Correct,1.000000
datasets/train/Leaf_Blight/Leaf_Blight00471.jpg,Leaf_Blight,Leaf_Blight,Correct,1.000000
datasets/train/Healthy_Leaf/Healthy_Leaf00009.jpg,Healthy_Leaf,Healthy_Leaf,Correct,0.999418
datasets/test/Leaf_Gall/Leaf_Gall00350.jpg,Leaf_Gall,Leaf_Gall,Correct,0.999959
datasets/train/Deficiency_Leaf/Deficiency_Leaf00063.jpg,Deficiency_Leaf,Deficiency_Leaf,Correct,0.999939
datasets/train/Leaf_Blight/Leaf_Blight00408.jpg,Leaf_Blight,Leaf_Blight,Correct,0.999989
datasets/train/Leaf_Blight/Leaf_Blight00568.jpg,Leaf_Blight,Leaf_Blight,Correct,1.000000
datasets/test/Bituminous_Leaf/Bituminous_Leaf00034.jpg,Bituminous_Leaf,Bituminous_Leaf,Correct,0.999965
datasets/test/Dry_Leaf/Dry_Leaf00379.jpg,Dry_Leaf,Dry_Leaf,Correct,1.000000
datasets/test/Healthy_Leaf/Healthy_Leaf00447.jpg,Healthy_Leaf,Healthy_Leaf,Correct,0.999315
datasets/train/Curl_Leaf/Curl_Leaf00066.jpg,Curl_Leaf,Curl_Leaf,Correct,0.999975
datasets/test/Dry_Leaf/Dry_Leaf00034.jpg,Dry_Leaf,Dry_Leaf,Correct,0.999997
datasets/train/Leaf_Blight/Leaf_Blight00516.jpg,Leaf_Blight,Leaf_Blight,Correct,1.000000
datasets/train/Leaf_Blight/Leaf_Blight00034.jpg,Leaf_Blight,Leaf_Blight,Correct,1.000000
datasets/test/Healthy_Leaf/Healthy_Leaf00613.jpg,Healthy_Leaf,Healthy_Leaf,Correct,0.996647
datasets/train/Healthy_Leaf/Healthy_Leaf00500.jpg,Healthy_Leaf,Healthy_Leaf,Correct,0.587949
datasets/train/Bituminous_Leaf/Bituminous_Leaf00015.jpg,Bituminous_Leaf,Bituminous_Leaf,Correct,0.984146
datasets/train/Dry_Leaf/Dry_Leaf00302.jpg,Dry_Leaf,Dry_Leaf,Correct,1.000000
datasets/test/Leaf_Blight/Leaf_Blight00254.jpg,Leaf_Blight,Leaf_Blight,Correct,0.999999
datasets/test/Leaf_Gall/Leaf_Gall00204.jpg,Leaf_Gall,Leaf_Gall,Correct,1.000000
datasets/test/Dry_Leaf/Dry_Leaf00030.jpg,Dry_Leaf,Dry_Leaf,Correct,0.999998
datasets/train/Dry_Leaf/Dry_Leaf00044.jpg,Dry_Leaf,Dry_Leaf,Correct,1.000000
datasets/test/Fungal_Leaf_Spot/Fungal_Leaf_Spot00166.jpg,Fungal_Leaf_Spot,Fungal_Leaf_Spot,Correct,1.000000
datasets/test/Leaf_Gall/Leaf_Gall00463.jpg,Leaf_Gall,Fungal_Leaf_Spot,Incorrect,0.975387
datasets/train/Dry_Leaf/Dry_Leaf00113.jpg,Dry_Leaf,Dry_Leaf,Correct,1.000000
datasets/test/Deficiency_Leaf/Deficiency_Leaf00031.jpg,Deficiency_Leaf,Deficiency_Leaf,Correct,0.999998
datasets/test/Leaf_Gall/Leaf_Gall00097.jpg,Leaf_Gall,Leaf_Gall,Correct,1.000000
datasets/test/Leaf_Gall/Leaf_Gall00484.jpg,Leaf_Gall,Leaf_Gall,Correct,1.000000
datasets/train/Curl_Leaf/Curl_Leaf00070.jpg,Curl_Leaf,Curl_Leaf,Correct,0.999997
datasets/test/Healthy_Leaf/Healthy_Leaf00229.jpg,Healthy_Leaf,Healthy_Leaf,Correct,0.999999
datasets/train/Dry_Leaf/Dry_Leaf00004.jpg,Dry_Leaf,Dry_Leaf,Correct,1.000000
datasets/test/Healthy_Leaf/Healthy_Leaf00342.jpg,Healthy_Leaf,Healthy_Leaf,Correct,1.000000
datasets/test/Bituminous_Leaf/Bituminous_Leaf00031.jpg,Bituminous_Leaf,Bituminous_Leaf,Correct,1.000000
datasets/test/Fungal_Leaf_Spot/Fungal_Leaf_Spot00293.jpg,Fungal_Leaf_Spot,Fungal_Leaf_Spot,Correct,0.999143
datasets/train/Leaf_Gall/Leaf_Gall00376.jpg,Leaf_Gall,Leaf_Gall,Correct,0.999501
datasets/train/Curl_Leaf/Curl_Leaf00071.jpg,Curl_Leaf,Curl_Leaf,Correct,1.000000
datasets/test/Leaf_Blight/Leaf_Blight00212.jpg,Leaf_Blight,Leaf_Blight,Correct,0.884362
datasets/test/Bituminous_Leaf/Bituminous_Leaf00050.jpg,Bituminous_Leaf,Bituminous_Leaf,Correct,0.997424
datasets/test/Leaf_Gall/Leaf_Gall00405.jpg,Leaf_Gall,Leaf_Gall,Correct,0.994975
datasets/test/Curl_Leaf/Curl_Leaf00109.jpg,Curl_Leaf,Curl_Leaf,Correct,1.000000
datasets/test/Leaf_Gall/Leaf_Gall00161.jpg,Leaf_Gall,Leaf_Gall,Correct,1.000000
datasets/train/Leaf_Gall/Leaf_Gall00460.jpg,Leaf_Gall,Leaf_Gall,Correct,0.999156
datasets/train/Healthy_Leaf/Healthy_Leaf00377.jpg,Healthy_Leaf,Healthy_Leaf,Correct,0.999996
datasets/train/Dry_Leaf/Dry_Leaf00345.jpg,Dry_Leaf,Dry_Leaf,Correct,1.000000
datasets/test/Felt_Leaf/Felt_Leaf00379.jpg,Felt_Leaf,Felt_Leaf,Correct,0.999603
datasets/train/Curl_Leaf/Curl_Leaf00171.jpg,Curl_Leaf,Curl_Leaf,Correct,1.000000
datasets/train/Leaf_Blight/Leaf_Blight00127.jpg,Leaf_Blight,Leaf_Blight,Correct,1.000000
datasets/test/Leaf_Gall/Leaf_Gall00039.jpg,Leaf_Gall,Leaf_Gall,Correct,1.000000
datasets/test/Bituminous_Leaf/Bituminous_Leaf00080.jpg,Bituminous_Leaf,Bituminous_Leaf,Correct,0.999997
datasets/train/Leaf_Blight/Leaf_Blight00589.jpg,Leaf_Blight,Leaf_Blight,Correct,0.999999
datasets/test/Leaf_Blight/Leaf_Blight00055.jpg,Leaf_Blight,Leaf_Blight,Correct,0.999796
datasets/test/Bituminous_Leaf/Bituminous_Leaf00128.jpg,Bituminous_Leaf,Bituminous_Leaf,Correct,0.999987
datasets/test/Healthy_Leaf/Healthy_Leaf00430.jpg,Healthy_Leaf,Healthy_Leaf,Correct,0.999997
datasets/test/Leaf_Blight/Leaf_Blight00502.jpg,Leaf_Blight,Leaf_Blight,Correct,1.000000
datasets/test/Leaf_Blight/Leaf_Blight00524.jpg,Leaf_Blight,Leaf_Blight,Correct,1.000000
datasets/test/Felt_Leaf/Felt_Leaf00080.jpg,Felt_Leaf,Felt_Leaf,Correct,0.999684
datasets/train/Dry_Leaf/Dry_Leaf00007.jpg,Dry_Leaf,Dry_Leaf,Correct,1.000000
datasets/test/Dry_Leaf/Dry_Leaf00085.jpg,Dry_Leaf,Dry_Leaf,Correct,1.000000
datasets/test/Curl_Leaf/Curl_Leaf00136.jpg,Curl_Leaf,Curl_Leaf,Correct,1.000000
datasets/test/Bituminous_Leaf/Bituminous_Leaf00048.jpg,Bituminous_Leaf,Bituminous_Leaf,Correct,0.999958
datasets/train/Leaf_Blight/Leaf_Blight00160.jpg,Leaf_Blight,Leaf_Blight,Correct,0.999877
datasets/train/Leaf_Gall/Leaf_Gall00110.jpg,Leaf_Gall,Leaf_Gall,Correct,1.000000
datasets/test/Anthrax_Leaf/Anthrax_Leaf00092.jpg,Anthrax_Leaf,Anthrax_Leaf,Correct,0.999999
datasets/test/Leaf_Blight/Leaf_Blight00338.jpg,Leaf_Blight,Leaf_Blight,Correct,1.000000
datasets/test/Curl_Leaf/Curl_Leaf00154.jpg,Curl_Leaf,Curl_Leaf,Correct,0.999994
datasets/test/Leaf_Gall/Leaf_Gall00457.jpg,Leaf_Gall,Leaf_Gall,Correct,1.000000
datasets/test/Deficiency_Leaf/Deficiency_Leaf00004.jpg,Deficiency_Leaf,Deficiency_Leaf,Correct,0.999940
datasets/test/Fungal_Leaf_Spot/Fungal_Leaf_Spot00464.jpg,Fungal_Leaf_Spot,Fungal_Leaf_Spot,Correct,0.636034
datasets/train/Fungal_Leaf_Spot/Fungal_Leaf_Spot00454.jpg,Fungal_Leaf_Spot,Fungal_Leaf_Spot,Correct,0.999996
datasets/test/Leaf_Gall/Leaf_Gall00455.jpg,Leaf_Gall,Leaf_Gall,Correct,0.999851
datasets/test/Leaf_Blight/Leaf_Blight00269.jpg,Leaf_Blight,Leaf_Blight,Correct,1.000000
datasets/test/Fungal_Leaf_Spot/Fungal_Leaf_Spot00091.jpg,Fungal_Leaf_Spot,Fungal_Leaf_Spot,Correct,0.999999
datasets/test/Anthrax_Leaf/Anthrax_Leaf00147.jpg,Anthrax_Leaf,Anthrax_Leaf,Correct,1.000000
datasets/train/Leaf_Blight/Leaf_Blight00089.jpg,Leaf_Blight,Leaf_Blight,Correct,0.999993
datasets/test/Leaf_Gall/Leaf_Gall00551.jpg,Leaf_Gall,Leaf_Gall,Correct,1.000000
datasets/test/Leaf_Gall/Leaf_Gall00056.jpg,Leaf_Gall,Leaf_Gall,Correct,0.999998
datasets/train/Leaf_Blight/Leaf_Blight00527.jpg,Leaf_Blight,Leaf_Blight,Correct,1.000000
datasets/test/Dry_Leaf/Dry_Leaf00107.jpg,Dry_Leaf,Dry_Leaf,Correct,1.000000
datasets/test/Anthrax_Leaf/Anthrax_Leaf00003.jpg,Anthrax_Leaf,Anthrax_Leaf,Correct,0.999998
datasets/test/Healthy_Leaf/Healthy_Leaf00088.jpg,Healthy_Leaf,Healthy_Leaf,Correct,0.999998
datasets/test/Fungal_Leaf_Spot/Fungal_Leaf_Spot00152.jpg,Fungal_Leaf_Spot,Fungal_Leaf_Spot,Correct,1.000000
datasets/train/Curl_Leaf/Curl_Leaf00085.jpg,Curl_Leaf,Curl_Leaf,Correct,0.999915
datasets/test/Leaf_Gall/Leaf_Gall00611.jpg,Leaf_Gall,Leaf_Gall,Correct,0.999992
datasets/train/Fungal_Leaf_Spot/Fungal_Leaf_Spot00133.jpg,Fungal_Leaf_Spot,Fungal_Leaf_Spot,Correct,0.999966
datasets/test/Felt_Leaf/Felt_Leaf00107.jpg,Felt_Leaf,Felt_Leaf,Correct,0.997933
datasets/train/Leaf_Gall/Leaf_Gall00587.jpg,Leaf_Gall,Leaf_Gall,Correct,1.000000
datasets/test/Leaf_Blight/Leaf_Blight00398.jpg,Leaf_Blight,Leaf_Blight,Correct,0.999907
datasets/test/Fungal_Leaf_Spot/Fungal_Leaf_Spot00269.jpg,Fungal_Leaf_Spot,Fungal_Leaf_Spot,Correct,1.000000
datasets/test/Dry_Leaf/Dry_Leaf00257.jpg,Dry_Leaf,Dry_Leaf,Correct,0.999997
datasets/train/Felt_Leaf/Felt_Leaf00121.jpg,Felt_Leaf,Felt_Leaf,Correct,0.999947
datasets/train/Dry_Leaf/Dry_Leaf00186.jpg,Dry_Leaf,Dry_Leaf,Correct,0.999935
datasets/test/Healthy_Leaf/Healthy_Leaf00338.jpg,Healthy_Leaf,Healthy_Leaf,Correct,1.000000
datasets/train/Fungal_Leaf_Spot/Fungal_Leaf_Spot00392.jpg,Fungal_Leaf_Spot,Fungal_Leaf_Spot,Correct,1.000000
datasets/train/Felt_Leaf/Felt_Leaf00324.jpg,Felt_Leaf,Felt_Leaf,Correct,0.999989
datasets/test/Curl_Leaf/Curl_Leaf00110.jpg,Curl_Leaf,Curl_Leaf,Correct,1.000000
datasets/test/Dry_Leaf/Dry_Leaf00333.jpg,Dry_Leaf,Dry_Leaf,Correct,1.000000
datasets/test/Felt_Leaf/Felt_Leaf00043.jpg,Felt_Leaf,Felt_Leaf,Correct,0.999984
datasets/test/Anthrax_Leaf/Anthrax_Leaf00089.jpg,Anthrax_Leaf,Anthrax_Leaf,Correct,0.999998
datasets/train/Leaf_Gall/Leaf_Gall00157.jpg,Leaf_Gall,Leaf_Gall,Correct,1.000000
datasets/test/Leaf_Gall/Leaf_Gall00413.jpg,Leaf_Gall,Leaf_Gall,Correct,0.999976
datasets/test/Anthrax_Leaf/Anthrax_Leaf00095.jpg,Anthrax_Leaf,Anthrax_Leaf,Correct,0.999995
datasets/test/Leaf_Gall/Leaf_Gall00261.jpg,Leaf_Gall,Leaf_Gall,Correct,1.000000
datasets/test/Leaf_Blight/Leaf_Blight00369.jpg,Leaf_Blight,Leaf_Blight,Correct,0.999998
datasets/train/Fungal_Leaf_Spot/Fungal_Leaf_Spot00529.jpg,Fungal_Leaf_Spot,Fungal_Leaf_Spot,Correct,1.000000
datasets/train/Leaf_Blight/Leaf_Blight00025.jpg,Leaf_Blight,Leaf_Blight,Correct,1.000000
datasets/train/Leaf_Gall/Leaf_Gall00287.jpg,Leaf_Gall,Leaf_Gall,Correct,0.999999
datasets/test/Anthrax_Leaf/Anthrax_Leaf00144.jpg,Anthrax_Leaf,Anthrax_Leaf,Correct,1.000000
datasets/train/Leaf_Blight/Leaf_Blight00439.jpg,Leaf_Blight,Leaf_Blight,Correct,1.000000
datasets/test/Leaf_Blight/Leaf_Blight00573.jpg,Leaf_Blight,Leaf_Blight,Correct,0.994177
datasets/test/Leaf_Gall/Leaf_Gall00333.jpg,Leaf_Gall,Leaf_Gall,Correct,0.999995
datasets/test/Leaf_Blight/Leaf_Blight00387.jpg,Leaf_Blight,Leaf_Blight,Correct,0.999995
datasets/train/Leaf_Gall/Leaf_Gall00257.jpg,Leaf_Gall,Leaf_Gall,Correct,1.000000
datasets/test/Curl_Leaf/Curl_Leaf00133.jpg,Curl_Leaf,Curl_Leaf,Correct,0.999883
datasets/test/Deficiency_Leaf/Deficiency_Leaf00036.jpg,Deficiency_Leaf,Deficiency_Leaf,Correct,0.999793
datasets/test/Leaf_Blight/Leaf_Blight00218.jpg,Leaf_Blight,Leaf_Blight,Correct,0.999954
datasets/test/Leaf_Blight/Leaf_Blight00321.jpg,Leaf_Blight,Leaf_Blight,Correct,1.000000
datasets/train/Dry_Leaf/Dry_Leaf00089.jpg,Dry_Leaf,Dry_Leaf,Correct,1.000000
datasets/test/Fungal_Leaf_Spot/Fungal_Leaf_Spot00083.jpg,Fungal_Leaf_Spot,Fungal_Leaf_Spot,Correct,1.000000
datasets/test/Leaf_Blight/Leaf_Blight00334.jpg,Leaf_Blight,Leaf_Blight,Correct,1.000000
datasets/train/Fungal_Leaf_Spot/Fungal_Leaf_Spot00460.jpg,Fungal_Leaf_Spot,Fungal_Leaf_Spot,Correct,1.000000
datasets/train/Fungal_Leaf_Spot/Fungal_Leaf_Spot00534.jpg,Fungal_Leaf_Spot,Fungal_Leaf_Spot,Correct,0.999999
datasets/test/Leaf_Blight/Leaf_Blight00126.jpg,Leaf_Blight,Leaf_Blight,Correct,0.999990
datasets/train/Leaf_Gall/Leaf_Gall00024.jpg,Leaf_Gall,Leaf_Gall,Correct,0.999474
datasets/test/Dry_Leaf/Dry_Leaf00095.jpg,Dry_Leaf,Dry_Leaf,Correct,1.000000
datasets/test/Dry_Leaf/Dry_Leaf00213.jpg,Dry_Leaf,Dry_Leaf,Correct,0.999992
datasets/train/Leaf_Blight/Leaf_Blight00378.jpg,Leaf_Blight,Leaf_Blight,Correct,1.000000
datasets/train/Dry_Leaf/Dry_Leaf00178.jpg,Dry_Leaf,Dry_Leaf,Correct,0.999969
datasets/test/Leaf_Gall/Leaf_Gall00435.jpg,Leaf_Gall,Leaf_Gall,Correct,1.000000
datasets/test/Dry_Leaf/Dry_Leaf00067.jpg,Dry_Leaf,Dry_Leaf,Correct,1.000000
datasets/test/Bituminous_Leaf/Bituminous_Leaf00109.jpg,Bituminous_Leaf,Bituminous_Leaf,Correct,0.999981
datasets/test/Curl_Leaf/Curl_Leaf00155.jpg,Curl_Leaf,Curl_Leaf,Correct,1.000000
datasets/test/Healthy_Leaf/Healthy_Leaf00616.jpg,Healthy_Leaf,Healthy_Leaf,Correct,0.999997
datasets/train/Felt_Leaf/Felt_Leaf00184.jpg,Felt_Leaf,Felt_Leaf,Correct,0.999496
datasets/train/Fungal_Leaf_Spot/Fungal_Leaf_Spot00313.jpg,Fungal_Leaf_Spot,Fungal_Leaf_Spot,Correct,0.999996
datasets/train/Leaf_Blight/Leaf_Blight00072.jpg,Leaf_Blight,Dry_Leaf,Incorrect,0.505740
datasets/test/Dry_Leaf/Dry_Leaf00147.jpg,Dry_Leaf,Dry_Leaf,Correct,1.000000
datasets/test/Felt_Leaf/Felt_Leaf00372.jpg,Felt_Leaf,Felt_Leaf,Correct,0.997558
datasets/test/Leaf_Gall/Leaf_Gall00313.jpg,Leaf_Gall,Leaf_Gall,Correct,1.000000
datasets/test/Leaf_Gall/Leaf_Gall00444.jpg,Leaf_Gall,Leaf_Gall,Correct,0.999992
datasets/test/Leaf_Gall/Leaf_Gall00205.jpg,Leaf_Gall,Leaf_Gall,Correct,1.000000
datasets/train/Healthy_Leaf/Healthy_Leaf00557.jpg,Healthy_Leaf,Healthy_Leaf,Correct,0.999994
datasets/train/Leaf_Gall/Leaf_Gall00064.jpg,Leaf_Gall,Leaf_Gall,Correct,1.000000
datasets/train/Leaf_Blight/Leaf_Blight00256.jpg,Leaf_Blight,Leaf_Blight,Correct,0.999995
datasets/test/Leaf_Gall/Leaf_Gall00582.jpg,Leaf_Gall,Leaf_Gall,Correct,1.000000
datasets/train/Fungal_Leaf_Spot/Fungal_Leaf_Spot00522.jpg,Fungal_Leaf_Spot,Fungal_Leaf_Spot,Correct,1.000000
datasets/train/Leaf_Gall/Leaf_Gall00058.jpg,Leaf_Gall,Leaf_Gall,Correct,0.999998
datasets/train/Leaf_Gall/Leaf_Gall00013.jpg,Leaf_Gall,Leaf_Gall,Correct,0.999962
datasets/test/Dry_Leaf/Dry_Leaf00019.jpg,Dry_Leaf,Dry_Leaf,Correct,1.000000
datasets/test/Leaf_Blight/Leaf_Blight00142.jpg,Leaf_Blight,Leaf_Blight,Correct,1.000000
datasets/train/Fungal_Leaf_Spot/Fungal_Leaf_Spot00143.jpg,Fungal_Leaf_Spot,Fungal_Leaf_Spot,Correct,1.000000
datasets/train/Bituminous_Leaf/Bituminous_Leaf00058.jpg,Bituminous_Leaf,Bituminous_Leaf,Correct,0.999999
datasets/test/Anthrax_Leaf/Anthrax_Leaf00148.jpg,Anthrax_Leaf,Anthrax_Leaf,Correct,1.000000
datasets/test/Felt_Leaf/Felt_Leaf00348.jpg,Felt_Leaf,Felt_Leaf,Correct,0.999611
datasets/train/Deficiency_Leaf/Deficiency_Leaf00118.jpg,Deficiency_Leaf,Deficiency_Leaf,Correct,0.992563
datasets/test/Dry_Leaf/Dry_Leaf00368.jpg,Dry_Leaf,Dry_Leaf,Correct,1.000000
datasets/train/Dry_Leaf/Dry_Leaf00367.jpg,Dry_Leaf,Dry_Leaf,Correct,1.000000
datasets/test/Healthy_Leaf/Healthy_Leaf00151.jpg,Healthy_Leaf,Healthy_Leaf,Correct,0.999992
datasets/test/Bituminous_Leaf/Bituminous_Leaf00101.jpg,Bituminous_Leaf,Bituminous_Leaf,Correct,0.999993
datasets/test/Healthy_Leaf/Healthy_Leaf00320.jpg,Healthy_Leaf,Healthy_Leaf,Correct,1.000000
datasets/test/Leaf_Gall/Leaf_Gall00552.jpg,Leaf_Gall,Leaf_Gall,Correct,1.000000
datasets/test/Curl_Leaf/Curl_Leaf00013.jpg,Curl_Leaf,Curl_Leaf,Correct,0.999997
datasets/test/Anthrax_Leaf/Anthrax_Leaf00040.jpg,Anthrax_Leaf,Anthrax_Leaf,Correct,1.000000
datasets/train/Bituminous_Leaf/Bituminous_Leaf00065.jpg,Bituminous_Leaf,Bituminous_Leaf,Correct,0.999999
datasets/test/Dry_Leaf/Dry_Leaf00117.jpg,Dry_Leaf,Dry_Leaf,Correct,1.000000
datasets/test/Fungal_Leaf_Spot/Fungal_Leaf_Spot00199.jpg,Fungal_Leaf_Spot,Fungal_Leaf_Spot,Correct,1.000000
datasets/train/Fungal_Leaf_Spot/Fungal_Leaf_Spot00036.jpg,Fungal_Leaf_Spot,Fungal_Leaf_Spot,Correct,1.000000
datasets/train/Curl_Leaf/Curl_Leaf00061.jpg,Curl_Leaf,Curl_Leaf,Correct,1.000000
datasets/test/Leaf_Blight/Leaf_Blight00076.jpg,Leaf_Blight,Leaf_Gall,Incorrect,0.713883
datasets/train/Fungal_Leaf_Spot/Fungal_Leaf_Spot00349.jpg,Fungal_Leaf_Spot,Fungal_Leaf_Spot,Correct,1.000000
datasets/train/Felt_Leaf/Felt_Leaf00035.jpg,Felt_Leaf,Felt_Leaf,Correct,0.999970
datasets/test/Leaf_Blight/Leaf_Blight00174.jpg,Leaf_Blight,Leaf_Blight,Correct,1.000000
datasets/train/Dry_Leaf/Dry_Leaf00220.jpg,Dry_Leaf,Dry_Leaf,Correct,0.999986
datasets/train/Dry_Leaf/Dry_Leaf00008.jpg,Dry_Leaf,Dry_Leaf,Correct,1.000000
datasets/test/Fungal_Leaf_Spot/Fungal_Leaf_Spot00292.jpg,Fungal_Leaf_Spot,Fungal_Leaf_Spot,Correct,1.000000
datasets/train/Healthy_Leaf/Healthy_Leaf00552.jpg,Healthy_Leaf,Healthy_Leaf,Correct,1.000000
datasets/test/Leaf_Gall/Leaf_Gall00042.jpg,Leaf_Gall,Leaf_Gall,Correct,1.000000
datasets/test/Curl_Leaf/Curl_Leaf00158.jpg,Curl_Leaf,Curl_Leaf,Correct,1.000000
datasets/train/Curl_Leaf/Curl_Leaf00093.jpg,Curl_Leaf,Curl_Leaf,Correct,0.999997
datasets/train/Leaf_Gall/Leaf_Gall00396.jpg,Leaf_Gall,Leaf_Gall,Correct,0.999877
datasets/test/Fungal_Leaf_Spot/Fungal_Leaf_Spot00537.jpg,Fungal_Leaf_Spot,Fungal_Leaf_Spot,Correct,0.999997
datasets/train/Healthy_Leaf/Healthy_Leaf00363.jpg,Healthy_Leaf,Healthy_Leaf,Correct,0.496341
datasets/test/Felt_Leaf/Felt_Leaf00028.jpg,Felt_Leaf,Felt_Leaf,Correct,1.000000
datasets/test/Leaf_Gall/Leaf_Gall00135.jpg,Leaf_Gall,Leaf_Gall,Correct,0.999945
datasets/train/Leaf_Blight/Leaf_Blight00219.jpg,Leaf_Blight,Leaf_Blight,Correct,1.000000
datasets/test/Healthy_Leaf/Healthy_Leaf00059.jpg,Healthy_Leaf,Healthy_Leaf,Correct,1.000000
datasets/train/Curl_Leaf/Curl_Leaf00031.jpg,Curl_Leaf,Curl_Leaf,Correct,0.999998
datasets/train/Healthy_Leaf/Healthy_Leaf00104.jpg,Healthy_Leaf,Healthy_Leaf,Correct,1.000000
datasets/test/Leaf_Blight/Leaf_Blight00103.jpg,Leaf_Blight,Leaf_Gall,Incorrect,0.834656
datasets/train/Leaf_Gall/Leaf_Gall00241.jpg,Leaf_Gall,Leaf_Gall,Correct,1.000000
datasets/test/Fungal_Leaf_Spot/Fungal_Leaf_Spot00130.jpg,Fungal_Leaf_Spot,Fungal_Leaf_Spot,Correct,0.999577
datasets/test/Leaf_Gall/Leaf_Gall00494.jpg,Leaf_Gall,Leaf_Gall,Correct,1.000000
datasets/test/Curl_Leaf/Curl_Leaf00117.jpg,Curl_Leaf,Curl_Leaf,Correct,1.000000
datasets/test/Healthy_Leaf/Healthy_Leaf00343.jpg,Healthy_Leaf,Healthy_Leaf,Correct,1.000000
datasets/train/Leaf_Gall/Leaf_Gall00035.jpg,Leaf_Gall,Leaf_Gall,Correct,1.000000
datasets/test/Felt_Leaf/Felt_Leaf00197.jpg,Felt_Leaf,Felt_Leaf,Correct,0.999996
datasets/test/Leaf_Blight/Leaf_Blight00166.jpg,Leaf_Blight,Leaf_Blight,Correct,0.999915
datasets/test/Leaf_Blight/Leaf_Blight00499.jpg,Leaf_Blight,Leaf_Blight,Correct,1.000000
datasets/test/Healthy_Leaf/Healthy_Leaf00474.jpg,Healthy_Leaf,Healthy_Leaf,Correct,0.999992
datasets/test/Healthy_Leaf/Healthy_Leaf00268.jpg,Healthy_Leaf,Healthy_Leaf,Correct,0.999990
datasets/train/Fungal_Leaf_Spot/Fungal_Leaf_Spot00488.jpg,Fungal_Leaf_Spot,Fungal_Leaf_Spot,Correct,0.999962
datasets/train/Leaf_Blight/Leaf_Blight00196.jpg,Leaf_Blight,Leaf_Blight,Correct,0.847354
datasets/test/Healthy_Leaf/Healthy_Leaf00383.jpg,Healthy_Leaf,Healthy_Leaf,Correct,0.999988
datasets/test/Healthy_Leaf/Healthy_Leaf00289.jpg,Healthy_Leaf,Healthy_Leaf,Correct,0.999873
datasets/test/Healthy_Leaf/Healthy_Leaf00388.jpg,Healthy_Leaf,Healthy_Leaf,Correct,0.999999
datasets/test/Felt_Leaf/Felt_Leaf00155.jpg,Felt_Leaf,Felt_Leaf,Correct,0.999739
datasets/test/Fungal_Leaf_Spot/Fungal_Leaf_Spot00374.jpg,Fungal_Leaf_Spot,Felt_Leaf,Incorrect,0.701024
datasets/test/Healthy_Leaf/Healthy_Leaf00498.jpg,Healthy_Leaf,Healthy_Leaf,Correct,0.985325
datasets/train/Leaf_Blight/Leaf_Blight00335.jpg,Leaf_Blight,Leaf_Blight,Correct,0.999991
datasets/test/Dry_Leaf/Dry_Leaf00252.jpg,Dry_Leaf,Dry_Leaf,Correct,0.999995
datasets/test/Leaf_Blight/Leaf_Blight00263.jpg,Leaf_Blight,Leaf_Blight,Correct,0.999849
datasets/train/Leaf_Blight/Leaf_Blight00141.jpg,Leaf_Blight,Leaf_Blight,Correct,0.999997
datasets/test/Healthy_Leaf/Healthy_Leaf00451.jpg,Healthy_Leaf,Healthy_Leaf,Correct,1.000000
datasets/test/Dry_Leaf/Dry_Leaf00180.jpg,Dry_Leaf,Dry_Leaf,Correct,0.999995
datasets/train/Curl_Leaf/Curl_Leaf00150.jpg,Curl_Leaf,Curl_Leaf,Correct,0.965384
datasets/train/Leaf_Blight/Leaf_Blight00013.jpg,Leaf_Blight,Leaf_Blight,Correct,0.999999
datasets/test/Healthy_Leaf/Healthy_Leaf00411.jpg,Healthy_Leaf,Healthy_Leaf,Correct,0.999678
datasets/train/Felt_Leaf/Felt_Leaf00009.jpg,Felt_Leaf,Felt_Leaf,Correct,0.999944
datasets/test/Healthy_Leaf/Healthy_Leaf00463.jpg,Healthy_Leaf,Healthy_Leaf,Correct,0.999999
datasets/test/Healthy_Leaf/Healthy_Leaf00376.jpg,Healthy_Leaf,Healthy_Leaf,Correct,1.000000
datasets/test/Deficiency_Leaf/Deficiency_Leaf00104.jpg,Deficiency_Leaf,Deficiency_Leaf,Correct,0.999983
datasets/train/Fungal_Leaf_Spot/Fungal_Leaf_Spot00302.jpg,Fungal_Leaf_Spot,Fungal_Leaf_Spot,Correct,0.999978
datasets/train/Felt_Leaf/Felt_Leaf00157.jpg,Felt_Leaf,Felt_Leaf,Correct,0.999984
datasets/test/Anthrax_Leaf/Anthrax_Leaf00128.jpg,Anthrax_Leaf,Anthrax_Leaf,Correct,1.000000
datasets/test/Fungal_Leaf_Spot/Fungal_Leaf_Spot00362.jpg,Fungal_Leaf_Spot,Fungal_Leaf_Spot,Correct,0.999991
datasets/test/Leaf_Gall/Leaf_Gall00171.jpg,Leaf_Gall,Leaf_Gall,Correct,1.000000
datasets/test/Fungal_Leaf_Spot/Fungal_Leaf_Spot00076.jpg,Fungal_Leaf_Spot,Fungal_Leaf_Spot,Correct,1.000000
datasets/test/Healthy_Leaf/Healthy_Leaf00120.jpg,Healthy_Leaf,Healthy_Leaf,Correct,1.000000
datasets/test/Felt_Leaf/Felt_Leaf00368.jpg,Felt_Leaf,Felt_Leaf,Correct,0.997977
datasets/train/Healthy_Leaf/Healthy_Leaf00278.jpg,Healthy_Leaf,Healthy_Leaf,Correct,0.999979
datasets/train/Leaf_Blight/Leaf_Blight00447.jpg,Leaf_Blight,Leaf_Blight,Correct,0.999999
datasets/test/Leaf_Gall/Leaf_Gall00283.jpg,Leaf_Gall,Leaf_Gall,Correct,0.999990
datasets/test/Leaf_Blight/Leaf_Blight00351.jpg,Leaf_Blight,Leaf_Blight,Correct,0.999998
datasets/test/Healthy_Leaf/Healthy_Leaf00400.jpg,Healthy_Leaf,Healthy_Leaf,Correct,0.999997
datasets/test/Leaf_Blight/Leaf_Blight00014.jpg,Leaf_Blight,Leaf_Blight,Correct,1.000000
datasets/train/Leaf_Blight/Leaf_Blight00041.jpg,Leaf_Blight,Leaf_Blight,Correct,1.000000
datasets/test/Fungal_Leaf_Spot/Fungal_Leaf_Spot00278.jpg,Fungal_Leaf_Spot,Fungal_Leaf_Spot,Correct,0.999996
datasets/test/Leaf_Blight/Leaf_Blight00276.jpg,Leaf_Blight,Leaf_Blight,Correct,1.000000
datasets/test/Dry_Leaf/Dry_Leaf00347.jpg,Dry_Leaf,Dry_Leaf,Correct,1.000000
datasets/test/Curl_Leaf/Curl_Leaf00098.jpg,Curl_Leaf,Curl_Leaf,Correct,0.999966
datasets/test/Dry_Leaf/Dry_Leaf00212.jpg,Dry_Leaf,Dry_Leaf,Correct,0.999993
datasets/train/Dry_Leaf/Dry_Leaf00294.jpg,Dry_Leaf,Dry_Leaf,Correct,1.000000
datasets/test/Leaf_Blight/Leaf_Blight00562.jpg,Leaf_Blight,Leaf_Blight,Correct,1.000000
datasets/train/Leaf_Blight/Leaf_Blight00436.jpg,Leaf_Blight,Leaf_Blight,Correct,1.000000
datasets/test/Leaf_Gall/Leaf_Gall00569.jpg,Leaf_Gall,Leaf_Gall,Correct,0.999439
datasets/train/Fungal_Leaf_Spot/Fungal_Leaf_Spot00256.jpg,Fungal_Leaf_Spot,Fungal_Leaf_Spot,Correct,1.000000
datasets/test/Dry_Leaf/Dry_Leaf00098.jpg,Dry_Leaf,Dry_Leaf,Correct,1.000000
datasets/train/Healthy_Leaf/Healthy_Leaf00033.jpg,Healthy_Leaf,Healthy_Leaf,Correct,0.999867
datasets/test/Felt_Leaf/Felt_Leaf00239.jpg,Felt_Leaf,Felt_Leaf,Correct,0.999996
datasets/train/Bituminous_Leaf/Bituminous_Leaf00134.jpg,Bituminous_Leaf,Bituminous_Leaf,Correct,0.999989
datasets/train/Healthy_Leaf/Healthy_Leaf00327.jpg,Healthy_Leaf,Healthy_Leaf,Correct,0.999998
datasets/train/Leaf_Gall/Leaf_Gall00340.jpg,Leaf_Gall,Leaf_Gall,Correct,0.970591
datasets/test/Leaf_Blight/Leaf_Blight00495.jpg,Leaf_Blight,Leaf_Blight,Correct,1.000000
datasets/train/Felt_Leaf/Felt_Leaf00283.jpg,Felt_Leaf,Felt_Leaf,Correct,0.999447
datasets/test/Healthy_Leaf/Healthy_Leaf00176.jpg,Healthy_Leaf,Healthy_Leaf,Correct,1.000000
datasets/train/Fungal_Leaf_Spot/Fungal_Leaf_Spot00543.jpg,Fungal_Leaf_Spot,Fungal_Leaf_Spot,Correct,0.999990
datasets/train/Leaf_Gall/Leaf_Gall00381.jpg,Leaf_Gall,Leaf_Gall,Correct,0.999968
datasets/train/Healthy_Leaf/Healthy_Leaf00015.jpg,Healthy_Leaf,Healthy_Leaf,Correct,0.999906
datasets/test/Leaf_Blight/Leaf_Blight00100.jpg,Leaf_Blight,Leaf_Blight,Correct,0.999929
datasets/train/Leaf_Gall/Leaf_Gall00151.jpg,Leaf_Gall,Leaf_Gall,Correct,0.999974
datasets/test/Healthy_Leaf/Healthy_Leaf00012.jpg,Healthy_Leaf,Healthy_Leaf,Correct,0.999988
datasets/train/Leaf_Blight/Leaf_Blight00507.jpg,Leaf_Blight,Leaf_Blight,Correct,0.999993
datasets/test/Felt_Leaf/Felt_Leaf00333.jpg,Felt_Leaf,Felt_Leaf,Correct,0.999697
datasets/train/Dry_Leaf/Dry_Leaf00003.jpg,Dry_Leaf,Dry_Leaf,Correct,1.000000
datasets/test/Leaf_Gall/Leaf_Gall00509.jpg,Leaf_Gall,Leaf_Gall,Correct,0.991737
datasets/train/Leaf_Blight/Leaf_Blight00165.jpg,Leaf_Blight,Leaf_Blight,Correct,0.999944
datasets/train/Healthy_Leaf/Healthy_Leaf00250.jpg,Healthy_Leaf,Healthy_Leaf,Correct,0.997816
datasets/test/Leaf_Blight/Leaf_Blight00176.jpg,Leaf_Blight,Leaf_Blight,Correct,0.999810
datasets/train/Dry_Leaf/Dry_Leaf00087.jpg,Dry_Leaf,Dry_Leaf,Correct,1.000000
datasets/train/Fungal_Leaf_Spot/Fungal_Leaf_Spot00462.jpg,Fungal_Leaf_Spot,Fungal_Leaf_Spot,Correct,0.999948
datasets/test/Dry_Leaf/Dry_Leaf00122.jpg,Dry_Leaf,Dry_Leaf,Correct,1.000000
datasets/train/Fungal_Leaf_Spot/Fungal_Leaf_Spot00415.jpg,Fungal_Leaf_Spot,Fungal_Leaf_Spot,Correct,1.000000
datasets/train/Leaf_Blight/Leaf_Blight00359.jpg,Leaf_Blight,Leaf_Blight,Correct,1.000000
datasets/test/Leaf_Blight/Leaf_Blight00187.jpg,Leaf_Blight,Leaf_Blight,Correct,0.999832
datasets/test/Dry_Leaf/Dry_Leaf00023.jpg,Dry_Leaf,Dry_Leaf,Correct,1.000000
datasets/test/Healthy_Leaf/Healthy_Leaf00509.jpg,Healthy_Leaf,Healthy_Leaf,Correct,0.999994
datasets/train/Dry_Leaf/Dry_Leaf00035.jpg,Dry_Leaf,Dry_Leaf,Correct,1.000000
datasets/train/Leaf_Blight/Leaf_Blight00478.jpg,Leaf_Blight,Leaf_Blight,Correct,1.000000
datasets/train/Fungal_Leaf_Spot/Fungal_Leaf_Spot00568.jpg,Fungal_Leaf_Spot,Fungal_Leaf_Spot,Correct,1.000000
datasets/train/Felt_Leaf/Felt_Leaf00075.jpg,Felt_Leaf,Felt_Leaf,Correct,0.999999
datasets/test/Fungal_Leaf_Spot/Fungal_Leaf_Spot00095.jpg,Fungal_Leaf_Spot,Fungal_Leaf_Spot,Correct,1.000000
datasets/test/Dry_Leaf/Dry_Leaf00255.jpg,Dry_Leaf,Dry_Leaf,Correct,0.999959
datasets/train/Healthy_Leaf/Healthy_Leaf00550.jpg,Healthy_Leaf,Healthy_Leaf,Correct,1.000000
datasets/test/Leaf_Blight/Leaf_Blight00266.jpg,Leaf_Blight,Leaf_Blight,Correct,1.000000
datasets/test/Leaf_Gall/Leaf_Gall00112.jpg,Leaf_Gall,Leaf_Gall,Correct,1.000000
datasets/train/Healthy_Leaf/Healthy_Leaf00462.jpg,Healthy_Leaf,Healthy_Leaf,Correct,0.999997
datasets/train/Leaf_Gall/Leaf_Gall00319.jpg,Leaf_Gall,Leaf_Gall,Correct,1.000000
datasets/test/Healthy_Leaf/Healthy_Leaf00544.jpg,Healthy_Leaf,Healthy_Leaf,Correct,0.999375
datasets/train/Curl_Leaf/Curl_Leaf00102.jpg,Curl_Leaf,Curl_Leaf,Correct,1.000000
datasets/test/Anthrax_Leaf/Anthrax_Leaf00069.jpg,Anthrax_Leaf,Anthrax_Leaf,Correct,1.000000
datasets/test/Anthrax_Leaf/Anthrax_Leaf00015.jpg,Anthrax_Leaf,Anthrax_Leaf,Correct,0.999997
datasets/train/Anthrax_Leaf/Anthrax_Leaf00072.jpg,Anthrax_Leaf,Anthrax_Leaf,Correct,1.000000
datasets/test/Fungal_Leaf_Spot/Fungal_Leaf_Spot00276.jpg,Fungal_Leaf_Spot,Fungal_Leaf_Spot,Correct,0.995300
datasets/test/Leaf_Blight/Leaf_Blight00530.jpg,Leaf_Blight,Leaf_Blight,Correct,0.999999
datasets/train/Felt_Leaf/Felt_Leaf00039.jpg,Felt_Leaf,Felt_Leaf,Correct,1.000000
datasets/train/Leaf_Gall/Leaf_Gall00312.jpg,Leaf_Gall,Leaf_Gall,Correct,1.000000
datasets/train/Fungal_Leaf_Spot/Fungal_Leaf_Spot00027.jpg,Fungal_Leaf_Spot,Fungal_Leaf_Spot,Correct,0.999974
datasets/test/Deficiency_Leaf/Deficiency_Leaf00027.jpg,Deficiency_Leaf,Deficiency_Leaf,Correct,0.999988
datasets/train/Leaf_Gall/Leaf_Gall00407.jpg,Leaf_Gall,Leaf_Gall,Correct,0.984276
datasets/train/Fungal_Leaf_Spot/Fungal_Leaf_Spot00376.jpg,Fungal_Leaf_Spot,Fungal_Leaf_Spot,Correct,0.998365
datasets/test/Bituminous_Leaf/Bituminous_Leaf00076.jpg,Bituminous_Leaf,Bituminous_Leaf,Correct,1.000000
datasets/test/Fungal_Leaf_Spot/Fungal_Leaf_Spot00023.jpg,Fungal_Leaf_Spot,Fungal_Leaf_Spot,Correct,0.999997
datasets/test/Healthy_Leaf/Healthy_Leaf00585.jpg,Healthy_Leaf,Healthy_Leaf,Correct,1.000000
datasets/train/Healthy_Leaf/Healthy_Leaf00265.jpg,Healthy_Leaf,Healthy_Leaf,Correct,0.999819
datasets/train/Felt_Leaf/Felt_Leaf00228.jpg,Felt_Leaf,Felt_Leaf,Correct,0.999846
datasets/train/Leaf_Blight/Leaf_Blight00333.jpg,Leaf_Blight,Leaf_Blight,Correct,0.999999
datasets/test/Dry_Leaf/Dry_Leaf00164.jpg,Dry_Leaf,Dry_Leaf,Correct,1.000000
datasets/test/Healthy_Leaf/Healthy_Leaf00492.jpg,Healthy_Leaf,Healthy_Leaf,Correct,0.999663
datasets/test/Fungal_Leaf_Spot/Fungal_Leaf_Spot00128.jpg,Fungal_Leaf_Spot,Fungal_Leaf_Spot,Correct,0.999956
datasets/test/Leaf_Gall/Leaf_Gall00250.jpg,Leaf_Gall,Leaf_Gall,Correct,1.000000
datasets/test/Leaf_Blight/Leaf_Blight00192.jpg,Leaf_Blight,Leaf_Blight,Correct,1.000000
datasets/test/Felt_Leaf/Felt_Leaf00046.jpg,Felt_Leaf,Felt_Leaf,Correct,1.000000
datasets/train/Dry_Leaf/Dry_Leaf00064.jpg,Dry_Leaf,Dry_Leaf,Correct,1.000000
datasets/train/Fungal_Leaf_Spot/Fungal_Leaf_Spot00382.jpg,Fungal_Leaf_Spot,Fungal_Leaf_Spot,Correct,0.999936
datasets/test/Felt_Leaf/Felt_Leaf00094.jpg,Felt_Leaf,Felt_Leaf,Correct,0.999997
datasets/test/Fungal_Leaf_Spot/Fungal_Leaf_Spot00037.jpg,Fungal_Leaf_Spot,Fungal_Leaf_Spot,Correct,1.000000
datasets/test/Leaf_Blight/Leaf_Blight00557.jpg,Leaf_Blight,Leaf_Blight,Correct,1.000000
datasets/test/Dry_Leaf/Dry_Leaf00243.jpg,Dry_Leaf,Dry_Leaf,Correct,1.000000
datasets/test/Dry_Leaf/Dry_Leaf00193.jpg,Dry_Leaf,Dry_Leaf,Correct,1.000000
datasets/test/Leaf_Gall/Leaf_Gall00146.jpg,Leaf_Gall,Leaf_Gall,Correct,0.843978
datasets/test/Leaf_Blight/Leaf_Blight00049.jpg,Leaf_Blight,Leaf_Blight,Correct,0.999952
datasets/train/Fungal_Leaf_Spot/Fungal_Leaf_Spot00299.jpg,Fungal_Leaf_Spot,Fungal_Leaf_Spot,Correct,0.999998
datasets/train/Leaf_Blight/Leaf_Blight00576.jpg,Leaf_Blight,Leaf_Blight,Correct,0.992245
datasets/test/Leaf_Gall/Leaf_Gall00459.jpg,Leaf_Gall,Leaf_Gall,Correct,0.998196
datasets/test/Anthrax_Leaf/Anthrax_Leaf00097.jpg,Anthrax_Leaf,Anthrax_Leaf,Correct,1.000000
datasets/test/Curl_Leaf/Curl_Leaf00073.jpg,Curl_Leaf,Curl_Leaf,Correct,1.000000
datasets/train/Leaf_Blight/Leaf_Blight00152.jpg,Leaf_Blight,Leaf_Blight,Correct,1.000000
datasets/test/Deficiency_Leaf/Deficiency_Leaf00109.jpg,Deficiency_Leaf,Deficiency_Leaf,Correct,0.999869
datasets/test/Healthy_Leaf/Healthy_Leaf00381.jpg,Healthy_Leaf,Healthy_Leaf,Correct,0.999937
datasets/test/Dry_Leaf/Dry_Leaf00043.jpg,Dry_Leaf,Dry_Leaf,Correct,1.000000
datasets/test/Leaf_Blight/Leaf_Blight00371.jpg,Leaf_Blight,Leaf_Blight,Correct,1.000000
datasets/test/Leaf_Gall/Leaf_Gall00331.jpg,Leaf_Gall,Leaf_Gall,Correct,0.999989
datasets/test/Leaf_Gall/Leaf_Gall00438.jpg,Leaf_Gall,Leaf_Gall,Correct,0.999964
datasets/test/Fungal_Leaf_Spot/Fungal_Leaf_Spot00516.jpg,Fungal_Leaf_Spot,Fungal_Leaf_Spot,Correct,1.000000
datasets/test/Fungal_Leaf_Spot/Fungal_Leaf_Spot00325.jpg,Fungal_Leaf_Spot,Fungal_Leaf_Spot,Correct,1.000000
datasets/train/Dry_Leaf/Dry_Leaf00259.jpg,Dry_Leaf,Dry_Leaf,Correct,0.996702
datasets/train/Healthy_Leaf/Healthy_Leaf00541.jpg,Healthy_Leaf,Healthy_Leaf,Correct,0.998412
datasets/test/Felt_Leaf/Felt_Leaf00221.jpg,Felt_Leaf,Felt_Leaf,Correct,0.999999
datasets/test/Healthy_Leaf/Healthy_Leaf00580.jpg,Healthy_Leaf,Healthy_Leaf,Correct,0.959744
datasets/test/Leaf_Gall/Leaf_Gall00077.jpg,Leaf_Gall,Leaf_Gall,Correct,1.000000
datasets/test/Healthy_Leaf/Healthy_Leaf00370.jpg,Healthy_Leaf,Healthy_Leaf,Correct,0.999987
datasets/train/Fungal_Leaf_Spot/Fungal_Leaf_Spot00334.jpg,Fungal_Leaf_Spot,Fungal_Leaf_Spot,Correct,0.999999
datasets/test/Healthy_Leaf/Healthy_Leaf00622.jpg,Healthy_Leaf,Healthy_Leaf,Correct,0.999999
datasets/test/Curl_Leaf/Curl_Leaf00076.jpg,Curl_Leaf,Curl_Leaf,Correct,1.000000
datasets/test/Leaf_Blight/Leaf_Blight00475.jpg,Leaf_Blight,Leaf_Blight,Correct,1.000000
datasets/test/Fungal_Leaf_Spot/Fungal_Leaf_Spot00122.jpg,Fungal_Leaf_Spot,Fungal_Leaf_Spot,Correct,0.999998
datasets/train/Fungal_Leaf_Spot/Fungal_Leaf_Spot00294.jpg,Fungal_Leaf_Spot,Fungal_Leaf_Spot,Correct,0.999769
datasets/train/Leaf_Gall/Leaf_Gall00150.jpg,Leaf_Gall,Leaf_Gall,Correct,0.986800
datasets/train/Leaf_Blight/Leaf_Blight00057.jpg,Leaf_Blight,Leaf_Blight,Correct,0.998926
datasets/test/Healthy_Leaf/Healthy_Leaf00133.jpg,Healthy_Leaf,Healthy_Leaf,Correct,0.999999
datasets/train/Fungal_Leaf_Spot/Fungal_Leaf_Spot00434.jpg,Fungal_Leaf_Spot,Fungal_Leaf_Spot,Correct,1.000000
datasets/test/Anthrax_Leaf/Anthrax_Leaf00051.jpg,Anthrax_Leaf,Anthrax_Leaf,Correct,1.000000
datasets/train/Leaf_Gall/Leaf_Gall00404.jpg,Leaf_Gall,Leaf_Gall,Correct,0.999992
datasets/train/Fungal_Leaf_Spot/Fungal_Leaf_Spot00270.jpg,Fungal_Leaf_Spot,Fungal_Leaf_Spot,Correct,1.000000
datasets/train/Leaf_Blight/Leaf_Blight00233.jpg,Leaf_Blight,Leaf_Blight,Correct,1.000000
datasets/train/Healthy_Leaf/Healthy_Leaf00316.jpg,Healthy_Leaf,Healthy_Leaf,Correct,1.000000
datasets/train/Anthrax_Leaf/Anthrax_Leaf00022.jpg,Anthrax_Leaf,Anthrax_Leaf,Correct,0.999997
datasets/test/Dry_Leaf/Dry_Leaf00047.jpg,Dry_Leaf,Dry_Leaf,Correct,0.999988
datasets/train/Fungal_Leaf_Spot/Fungal_Leaf_Spot00375.jpg,Fungal_Leaf_Spot,Fungal_Leaf_Spot,Correct,0.999487
datasets/train/Fungal_Leaf_Spot/Fungal_Leaf_Spot00031.jpg,Fungal_Leaf_Spot,Fungal_Leaf_Spot,Correct,1.000000
datasets/test/Felt_Leaf/Felt_Leaf00316.jpg,Felt_Leaf,Felt_Leaf,Correct,0.999765
datasets/test/Fungal_Leaf_Spot/Fungal_Leaf_Spot00439.jpg,Fungal_Leaf_Spot,Fungal_Leaf_Spot,Correct,1.000000
datasets/test/Fungal_Leaf_Spot/Fungal_Leaf_Spot00050.jpg,Fungal_Leaf_Spot,Fungal_Leaf_Spot,Correct,1.000000
datasets/test/Felt_Leaf/Felt_Leaf00357.jpg,Felt_Leaf,Felt_Leaf,Correct,0.999624
datasets/train/Fungal_Leaf_Spot/Fungal_Leaf_Spot00413.jpg,Fungal_Leaf_Spot,Fungal_Leaf_Spot,Correct,1.000000
datasets/test/Leaf_Blight/Leaf_Blight00413.jpg,Leaf_Blight,Leaf_Blight,Correct,0.999531
datasets/test/Leaf_Blight/Leaf_Blight00235.jpg,Leaf_Blight,Leaf_Blight,Correct,0.999997
datasets/test/Leaf_Gall/Leaf_Gall00098.jpg,Leaf_Gall,Leaf_Gall,Correct,0.999999
datasets/train/Leaf_Gall/Leaf_Gall00592.jpg,Leaf_Gall,Leaf_Gall,Correct,1.000000
datasets/train/Anthrax_Leaf/Anthrax_Leaf00083.jpg,Anthrax_Leaf,Anthrax_Leaf,Correct,1.000000
datasets/test/Leaf_Gall/Leaf_Gall00069.jpg,Leaf_Gall,Leaf_Gall,Correct,0.999928
datasets/test/Dry_Leaf/Dry_Leaf00001.jpg,Dry_Leaf,Dry_Leaf,Correct,0.999998
datasets/test/Anthrax_Leaf/Anthrax_Leaf00109.jpg,Anthrax_Leaf,Anthrax_Leaf,Correct,1.000000
datasets/train/Dry_Leaf/Dry_Leaf00118.jpg,Dry_Leaf,Dry_Leaf,Correct,1.000000
datasets/test/Fungal_Leaf_Spot/Fungal_Leaf_Spot00386.jpg,Fungal_Leaf_Spot,Fungal_Leaf_Spot,Correct,0.998787
datasets/train/Deficiency_Leaf/Deficiency_Leaf00110.jpg,Deficiency_Leaf,Bituminous_Leaf,Incorrect,0.958683
datasets/test/Bituminous_Leaf/Bituminous_Leaf00049.jpg,Bituminous_Leaf,Bituminous_Leaf,Correct,0.999788
datasets/test/Curl_Leaf/Curl_Leaf00151.jpg,Curl_Leaf,Curl_Leaf,Correct,0.999999
datasets/test/Dry_Leaf/Dry_Leaf00242.jpg,Dry_Leaf,Dry_Leaf,Correct,0.999999
datasets/test/Leaf_Blight/Leaf_Blight00500.jpg,Leaf_Blight,Leaf_Blight,Correct,1.000000
datasets/test/Dry_Leaf/Dry_Leaf00287.jpg,Dry_Leaf,Dry_Leaf,Correct,1.000000
datasets/train/Curl_Leaf/Curl_Leaf00107.jpg,Curl_Leaf,Curl_Leaf,Correct,0.992508
datasets/train/Dry_Leaf/Dry_Leaf00153.jpg,Dry_Leaf,Dry_Leaf,Correct,1.000000
datasets/train/Leaf_Blight/Leaf_Blight00407.jpg,Leaf_Blight,Leaf_Blight,Correct,0.999320
datasets/test/Felt_Leaf/Felt_Leaf00375.jpg,Felt_Leaf,Felt_Leaf,Correct,0.984504
datasets/train/Healthy_Leaf/Healthy_Leaf00350.jpg,Healthy_Leaf,Healthy_Leaf,Correct,0.999994
datasets/train/Leaf_Gall/Leaf_Gall00281.jpg,Leaf_Gall,Leaf_Gall,Correct,0.999938
datasets/train/Leaf_Gall/Leaf_Gall00594.jpg,Leaf_Gall,Leaf_Gall,Correct,1.000000
datasets/test/Fungal_Leaf_Spot/Fungal_Leaf_Spot00397.jpg,Fungal_Leaf_Spot,Fungal_Leaf_Spot,Correct,1.000000
datasets/test/Leaf_Blight/Leaf_Blight00209.jpg,Leaf_Blight,Leaf_Blight,Correct,0.998208
datasets/train/Curl_Leaf/Curl_Leaf00163.jpg,Curl_Leaf,Curl_Leaf,Correct,0.999983
datasets/train/Leaf_Gall/Leaf_Gall00061.jpg,Leaf_Gall,Anthrax_Leaf,Incorrect,0.562456
datasets/test/Leaf_Gall/Leaf_Gall00228.jpg,Leaf_Gall,Leaf_Gall,Correct,1.000000
datasets/test/Fungal_Leaf_Spot/Fungal_Leaf_Spot00210.jpg,Fungal_Leaf_Spot,Fungal_Leaf_Spot,Correct,1.000000
datasets/train/Leaf_Blight/Leaf_Blight00114.jpg,Leaf_Blight,Leaf_Blight,Correct,0.999491
datasets/test/Leaf_Gall/Leaf_Gall00065.jpg,Leaf_Gall,Leaf_Gall,Correct,1.000000
datasets/test/Healthy_Leaf/Healthy_Leaf00226.jpg,Healthy_Leaf,Healthy_Leaf,Correct,0.999986
datasets/test/Bituminous_Leaf/Bituminous_Leaf00013.jpg,Bituminous_Leaf,Bituminous_Leaf,Correct,0.999783
datasets/test/Dry_Leaf/Dry_Leaf00161.jpg,Dry_Leaf,Dry_Leaf,Correct,1.000000
datasets/train/Healthy_Leaf/Healthy_Leaf00202.jpg,Healthy_Leaf,Healthy_Leaf,Correct,1.000000
datasets/train/Leaf_Gall/Leaf_Gall00066.jpg,Leaf_Gall,Leaf_Gall,Correct,0.999999
datasets/test/Leaf_Gall/Leaf_Gall00047.jpg,Leaf_Gall,Leaf_Gall,Correct,1.000000
datasets/test/Deficiency_Leaf/Deficiency_Leaf00038.jpg,Deficiency_Leaf,Deficiency_Leaf,Correct,0.996931
datasets/test/Leaf_Gall/Leaf_Gall00502.jpg,Leaf_Gall,Leaf_Gall,Correct,0.999330
datasets/train/Leaf_Blight/Leaf_Blight00581.jpg,Leaf_Blight,Leaf_Blight,Correct,0.993139
datasets/test/Healthy_Leaf/Healthy_Leaf00095.jpg,Healthy_Leaf,Healthy_Leaf,Correct,1.000000
datasets/test/Leaf_Gall/Leaf_Gall00451.jpg,Leaf_Gall,Leaf_Gall,Correct,1.000000
datasets/train/Felt_Leaf/Felt_Leaf00085.jpg,Felt_Leaf,Felt_Leaf,Correct,0.961810
datasets/train/Bituminous_Leaf/Bituminous_Leaf00002.jpg,Bituminous_Leaf,Bituminous_Leaf,Correct,1.000000
datasets/test/Felt_Leaf/Felt_Leaf00315.jpg,Felt_Leaf,Felt_Leaf,Correct,0.999998
datasets/train/Fungal_Leaf_Spot/Fungal_Leaf_Spot00524.jpg,Fungal_Leaf_Spot,Fungal_Leaf_Spot,Correct,1.000000
datasets/test/Bituminous_Leaf/Bituminous_Leaf00131.jpg,Bituminous_Leaf,Bituminous_Leaf,Correct,0.999113
datasets/test/Felt_Leaf/Felt_Leaf00294.jpg,Felt_Leaf,Felt_Leaf,Correct,0.999990
datasets/train/Leaf_Blight/Leaf_Blight00185.jpg,Leaf_Blight,Leaf_Blight,Correct,0.999852
datasets/test/Felt_Leaf/Felt_Leaf00010.jpg,Felt_Leaf,Felt_Leaf,Correct,0.786969
datasets/test/Leaf_Gall/Leaf_Gall00609.jpg,Leaf_Gall,Leaf_Gall,Correct,1.000000
datasets/test/Leaf_Gall/Leaf_Gall00530.jpg,Leaf_Gall,Leaf_Gall,Correct,1.000000
datasets/test/Fungal_Leaf_Spot/Fungal_Leaf_Spot00369.jpg,Fungal_Leaf_Spot,Fungal_Leaf_Spot,Correct,0.999979
datasets/test/Leaf_Blight/Leaf_Blight00067.jpg,Leaf_Blight,Leaf_Blight,Correct,0.999816
datasets/test/Dry_Leaf/Dry_Leaf00167.jpg,Dry_Leaf,Dry_Leaf,Correct,1.000000
datasets/train/Healthy_Leaf/Healthy_Leaf00501.jpg,Healthy_Leaf,Healthy_Leaf,Correct,1.000000
datasets/test/Healthy_Leaf/Healthy_Leaf00545.jpg,Healthy_Leaf,Healthy_Leaf,Correct,1.000000
datasets/test/Leaf_Blight/Leaf_Blight00532.jpg,Leaf_Blight,Leaf_Blight,Correct,1.000000
datasets/test/Dry_Leaf/Dry_Leaf00354.jpg,Dry_Leaf,Dry_Leaf,Correct,1.000000
datasets/train/Leaf_Blight/Leaf_Blight00474.jpg,Leaf_Blight,Leaf_Blight,Correct,1.000000
datasets/train/Fungal_Leaf_Spot/Fungal_Leaf_Spot00513.jpg,Fungal_Leaf_Spot,Fungal_Leaf_Spot,Correct,0.999999
datasets/test/Healthy_Leaf/Healthy_Leaf00584.jpg,Healthy_Leaf,Healthy_Leaf,Correct,1.000000
datasets/train/Fungal_Leaf_Spot/Fungal_Leaf_Spot00574.jpg,Fungal_Leaf_Spot,Fungal_Leaf_Spot,Correct,1.000000
datasets/train/Leaf_Gall/Leaf_Gall00196.jpg,Leaf_Gall,Leaf_Gall,Correct,1.000000
datasets/test/Healthy_Leaf/Healthy_Leaf00409.jpg,Healthy_Leaf,Healthy_Leaf,Correct,1.000000
datasets/train/Healthy_Leaf/Healthy_Leaf00375.jpg,Healthy_Leaf,Healthy_Leaf,Correct,1.000000
datasets/train/Felt_Leaf/Felt_Leaf00021.jpg,Felt_Leaf,Felt_Leaf,Correct,0.999979
datasets/test/Leaf_Gall/Leaf_Gall00379.jpg,Leaf_Gall,Leaf_Gall,Correct,0.999815
datasets/test/Leaf_Gall/Leaf_Gall00202.jpg,Leaf_Gall,Leaf_Gall,Correct,1.000000
datasets/train/Fungal_Leaf_Spot/Fungal_Leaf_Spot00407.jpg,Fungal_Leaf_Spot,Fungal_Leaf_Spot,Correct,1.000000
datasets/test/Curl_Leaf/Curl_Leaf00138.jpg,Curl_Leaf,Curl_Leaf,Correct,1.000000
datasets/train/Fungal_Leaf_Spot/Fungal_Leaf_Spot00352.jpg,Fungal_Leaf_Spot,Fungal_Leaf_Spot,Correct,1.000000
datasets/train/Bituminous_Leaf/Bituminous_Leaf00104.jpg,Bituminous_Leaf,Bituminous_Leaf,Correct,0.999988
datasets/train/Fungal_Leaf_Spot/Fungal_Leaf_Spot00359.jpg,Fungal_Leaf_Spot,Fungal_Leaf_Spot,Correct,1.000000
datasets/test/Anthrax_Leaf/Anthrax_Leaf00135.jpg,Anthrax_Leaf,Anthrax_Leaf,Correct,1.000000
datasets/test/Healthy_Leaf/Healthy_Leaf00222.jpg,Healthy_Leaf,Healthy_Leaf,Correct,1.000000
datasets/train/Healthy_Leaf/Healthy_Leaf00146.jpg,Healthy_Leaf,Healthy_Leaf,Correct,0.999999
datasets/train/Fungal_Leaf_Spot/Fungal_Leaf_Spot00285.jpg,Fungal_Leaf_Spot,Fungal_Leaf_Spot,Correct,0.999937
datasets/test/Dry_Leaf/Dry_Leaf00236.jpg,Dry_Leaf,Dry_Leaf,Correct,0.999999
datasets/test/Leaf_Blight/Leaf_Blight00449.jpg,Leaf_Blight,Leaf_Blight,Correct,1.000000
datasets/test/Dry_Leaf/Dry_Leaf00079.jpg,Dry_Leaf,Dry_Leaf,Correct,0.999999
datasets/train/Leaf_Gall/Leaf_Gall00162.jpg,Leaf_Gall,Leaf_Gall,Correct,1.000000
datasets/train/Healthy_Leaf/Healthy_Leaf00438.jpg,Healthy_Leaf,Healthy_Leaf,Correct,1.000000
datasets/test/Fungal_Leaf_Spot/Fungal_Leaf_Spot00422.jpg,Fungal_Leaf_Spot,Fungal_Leaf_Spot,Correct,1.000000
datasets/test/Healthy_Leaf/Healthy_Leaf00011.jpg,Healthy_Leaf,Healthy_Leaf,Correct,1.000000
datasets/train/Healthy_Leaf/Healthy_Leaf00139.jpg,Healthy_Leaf,Healthy_Leaf,Correct,0.999996
datasets/test/Bituminous_Leaf/Bituminous_Leaf00047.jpg,Bituminous_Leaf,Bituminous_Leaf,Correct,0.999473
datasets/test/Leaf_Blight/Leaf_Blight00125.jpg,Leaf_Blight,Leaf_Blight,Correct,1.000000
datasets/test/Fungal_Leaf_Spot/Fungal_Leaf_Spot00442.jpg,Fungal_Leaf_Spot,Fungal_Leaf_Spot,Correct,0.999918
datasets/train/Bituminous_Leaf/Bituminous_Leaf00016.jpg,Bituminous_Leaf,Bituminous_Leaf,Correct,1.000000
datasets/test/Felt_Leaf/Felt_Leaf00018.jpg,Felt_Leaf,Felt_Leaf,Correct,0.999547
datasets/test/Healthy_Leaf/Healthy_Leaf00466.jpg,Healthy_Leaf,Healthy_Leaf,Correct,1.000000
datasets/test/Leaf_Blight/Leaf_Blight00195.jpg,Leaf_Blight,Leaf_Blight,Correct,0.999965
datasets/test/Leaf_Blight/Leaf_Blight00322.jpg,Leaf_Blight,Leaf_Blight,Correct,1.000000
datasets/test/Leaf_Gall/Leaf_Gall00235.jpg,Leaf_Gall,Leaf_Gall,Correct,0.999995
datasets/train/Fungal_Leaf_Spot/Fungal_Leaf_Spot00180.jpg,Fungal_Leaf_Spot,Fungal_Leaf_Spot,Correct,1.000000
datasets/train/Leaf_Gall/Leaf_Gall00176.jpg,Leaf_Gall,Leaf_Gall,Correct,1.000000
datasets/train/Leaf_Gall/Leaf_Gall00397.jpg,Leaf_Gall,Leaf_Gall,Correct,0.999734
datasets/train/Healthy_Leaf/Healthy_Leaf00256.jpg,Healthy_Leaf,Healthy_Leaf,Correct,0.998756
