image_path,true_label,predicted_label,status,confidence
datasets/test/Leaf_Gall/Leaf_Gall00271.jpg,Leaf_Gall,Leaf_Blight,Incorrect,0.611217
datasets/train/Dry_Leaf/Dry_Leaf00063.jpg,Dry_Leaf,Dry_Leaf,Correct,0.678406
datasets/test/Bituminous_Leaf/Bituminous_Leaf00103.jpg,Bituminous_Leaf,Bituminous_Leaf,Correct,0.677265
datasets/test/Bituminous_Leaf/Bituminous_Leaf00102.jpg,Bituminous_Leaf,Deficiency_Leaf,Incorrect,0.288899
datasets/train/Anthrax_Leaf/Anthrax_Leaf00009.jpg,Anthrax_Leaf,Dry_Leaf,Incorrect,0.498410
datasets/test/Anthrax_Leaf/Anthrax_Leaf00106.jpg,Anthrax_Leaf,Dry_Leaf,Incorrect,0.591018
datasets/train/Felt_Leaf/Felt_Leaf00293.jpg,Felt_Leaf,Fungal_Leaf_Spot,Incorrect,0.419734
datasets/test/Leaf_Gall/Leaf_Gall00544.jpg,Leaf_Gall,Healthy_Leaf,Incorrect,0.515579
datasets/train/Healthy_Leaf/Healthy_Leaf00214.jpg,Healthy_Leaf,Healthy_Leaf,Correct,0.432148
datasets/test/Healthy_Leaf/Healthy_Leaf00079.jpg,Healthy_Leaf,Healthy_Leaf,Correct,0.999723
datasets/test/Fungal_Leaf_Spot/Fungal_Leaf_Spot00520.jpg,Fungal_Leaf_Spot,Fungal_Leaf_Spot,Correct,0.688337
datasets/train/Leaf_Blight/Leaf_Blight00130.jpg,Leaf_Blight,Felt_Leaf,Incorrect,0.468361
datasets/test/Leaf_Blight/Leaf_Blight00284.jpg,Leaf_Blight,Leaf_Blight,Correct,0.846113
datasets/train/Leaf_Gall/Leaf_Gall00303.jpg,Leaf_Gall,Leaf_Gall,Correct,0.318931
datasets/test/Healthy_Leaf/Healthy_Leaf00435.jpg,Healthy_Leaf,Healthy_Leaf,Correct,0.895716
datasets/train/Leaf_Blight/Leaf_Blight00124.jpg,Leaf_Blight,Leaf_Blight,Correct,0.876813
datasets/train/Leaf_Blight/Leaf_Blight00133.jpg,Leaf_Blight,Leaf_Blight,Correct,0.478790
datasets/test/Anthrax_Leaf/Anthrax_Leaf00085.jpg,Anthrax_Leaf,Anthrax_Leaf,Correct,0.750302
datasets/test/Leaf_Gall/Leaf_Gall00483.jpg,Leaf_Gall,Leaf_Blight,Incorrect,0.308720
datasets/test/Fungal_Leaf_Spot/Fungal_Leaf_Spot00445.jpg,Fungal_Leaf_Spot,Curl_Leaf,Incorrect,0.211191
datasets/train/Dry_Leaf/Dry_Leaf00136.jpg,Dry_Leaf,Dry_Leaf,Correct,0.948818
datasets/test/Fungal_Leaf_Spot/Fungal_Leaf_Spot00409.jpg,Fungal_Leaf_Spot,Fungal_Leaf_Spot,Correct,0.995161
datasets/test/Fungal_Leaf_Spot/Fungal_Leaf_Spot00501.jpg,Fungal_Leaf_Spot,Leaf_Blight,Incorrect,0.384311
datasets/test/Healthy_Leaf/Healthy_Leaf00008.jpg,Healthy_Leaf,Healthy_Leaf,Correct,0.321854
datasets/test/Felt_Leaf/Felt_Leaf00273.jpg,Felt_Leaf,Fungal_Leaf_Spot,Incorrect,0.550794
datasets/test/Dry_Leaf/Dry_Leaf00025.jpg,Dry_Leaf,Dry_Leaf,Correct,0.805817
datasets/test/Leaf_Blight/Leaf_Blight00206.jpg,Leaf_Blight,Fungal_Leaf_Spot,Incorrect,0.242414
datasets/test/Leaf_Blight/Leaf_Blight00446.jpg,Leaf_Blight,Fungal_Leaf_Spot,Incorrect,0.351137
datasets/train/Healthy_Leaf/Healthy_Leaf00064.jpg,Healthy_Leaf,Healthy_Leaf,Correct,0.998842
datasets/train/Healthy_Leaf/Healthy_Leaf00546.jpg,Healthy_Leaf,Leaf_Gall,Incorrect,0.480718
datasets/train/Healthy_Leaf/Healthy_Leaf00543.jpg,Healthy_Leaf,Leaf_Blight,Incorrect,0.260686
datasets/train/Healthy_Leaf/Healthy_Leaf00267.jpg,Healthy_Leaf,Healthy_Leaf,Correct,0.625130
datasets/test/Leaf_Gall/Leaf_Gall00178.jpg,Leaf_Gall,Leaf_Gall,Correct,0.669435
datasets/test/Fungal_Leaf_Spot/Fungal_Leaf_Spot00478.jpg,Fungal_Leaf_Spot,Fungal_Leaf_Spot,Correct,0.817766
datasets/train/Leaf_Gall/Leaf_Gall00364.jpg,Leaf_Gall,Fungal_Leaf_Spot,Incorrect,0.279502
datasets/test/Fungal_Leaf_Spot/Fungal_Leaf_Spot00323.jpg,Fungal_Leaf_Spot,Fungal_Leaf_Spot,Correct,0.313838
datasets/test/Fungal_Leaf_Spot/Fungal_Leaf_Spot00289.jpg,Fungal_Leaf_Spot,Fungal_Leaf_Spot,Correct,0.600402
datasets/train/Healthy_Leaf/Healthy_Leaf00197.jpg,Healthy_Leaf,Fungal_Leaf_Spot,Incorrect,0.470850
datasets/test/Leaf_Blight/Leaf_Blight00299.jpg,Leaf_Blight,Leaf_Blight,Correct,0.715092
datasets/train/Curl_Leaf/Curl_Leaf00038.jpg,Curl_Leaf,Curl_Leaf,Correct,0.897636
datasets/test/Fungal_Leaf_Spot/Fungal_Leaf_Spot00567.jpg,Fungal_Leaf_Spot,Healthy_Leaf,Incorrect,0.256767
datasets/train/Curl_Leaf/Curl_Leaf00067.jpg,Curl_Leaf,Healthy_Leaf,Incorrect,0.297130
datasets/test/Deficiency_Leaf/Deficiency_Leaf00073.jpg,Deficiency_Leaf,Leaf_Gall,Incorrect,0.443206
datasets/test/Fungal_Leaf_Spot/Fungal_Leaf_Spot00337.jpg,Fungal_Leaf_Spot,Fungal_Leaf_Spot,Correct,0.842971
datasets/test/Bituminous_Leaf/Bituminous_Leaf00132.jpg,Bituminous_Leaf,Bituminous_Leaf,Correct,0.736461
datasets/test/Healthy_Leaf/Healthy_Leaf00357.jpg,Healthy_Leaf,Healthy_Leaf,Correct,0.959980
datasets/test/Dry_Leaf/Dry_Leaf00060.jpg,Dry_Leaf,Dry_Leaf,Correct,0.985415
datasets/test/Felt_Leaf/Felt_Leaf00190.jpg,Felt_Leaf,Leaf_Gall,Incorrect,0.914325
datasets/test/Fungal_Leaf_Spot/Fungal_Leaf_Spot00571.jpg,Fungal_Leaf_Spot,Fungal_Leaf_Spot,Correct,0.835677
datasets/test/Bituminous_Leaf/Bituminous_Leaf00025.jpg,Bituminous_Leaf,Bituminous_Leaf,Correct,0.460211
datasets/train/Fungal_Leaf_Spot/Fungal_Leaf_Spot00255.jpg,Fungal_Leaf_Spot,Fungal_Leaf_Spot,Correct,0.623399
datasets/train/Leaf_Blight/Leaf_Blight00251.jpg,Leaf_Blight,Fungal_Leaf_Spot,Incorrect,0.239863
datasets/test/Leaf_Blight/Leaf_Blight00018.jpg,Leaf_Blight,Leaf_Blight,Correct,0.959517
datasets/test/Healthy_Leaf/Healthy_Leaf00606.jpg,Healthy_Leaf,Healthy_Leaf,Correct,0.351260
datasets/test/Felt_Leaf/Felt_Leaf00022.jpg,Felt_Leaf,Fungal_Leaf_Spot,Incorrect,0.404882
datasets/test/Felt_Leaf/Felt_Leaf00160.jpg,Felt_Leaf,Felt_Leaf,Correct,0.353044
datasets/test/Felt_Leaf/Felt_Leaf00327.jpg,Felt_Leaf,Fungal_Leaf_Spot,Incorrect,0.355518
datasets/test/Curl_Leaf/Curl_Leaf00012.jpg,Curl_Leaf,Healthy_Leaf,Incorrect,0.655226
datasets/test/Leaf_Blight/Leaf_Blight00296.jpg,Leaf_Blight,Leaf_Blight,Correct,0.538934
datasets/test/Healthy_Leaf/Healthy_Leaf00271.jpg,Healthy_Leaf,Healthy_Leaf,Correct,0.661469
datasets/test/Felt_Leaf/Felt_Leaf00227.jpg,Felt_Leaf,Felt_Leaf,Correct,0.665854
datasets/test/Dry_Leaf/Dry_Leaf00322.jpg,Dry_Leaf,Dry_Leaf,Correct,0.841455
datasets/test/Fungal_Leaf_Spot/Fungal_Leaf_Spot00315.jpg,Fungal_Leaf_Spot,Fungal_Leaf_Spot,Correct,0.442446
datasets/test/Healthy_Leaf/Healthy_Leaf00339.jpg,Healthy_Leaf,Healthy_Leaf,Correct,0.483910
datasets/test/Bituminous_Leaf/Bituminous_Leaf00116.jpg,Bituminous_Leaf,Bituminous_Leaf,Correct,0.611257
datasets/test/Deficiency_Leaf/Deficiency_Leaf00088.jpg,Deficiency_Leaf,Fungal_Leaf_Spot,Incorrect,0.325474
datasets/test/Felt_Leaf/Felt_Leaf00005.jpg,Felt_Leaf,Leaf_Gall,Incorrect,0.479392
datasets/test/Healthy_Leaf/Healthy_Leaf00600.jpg,Healthy_Leaf,Healthy_Leaf,Correct,0.778237
datasets/test/Deficiency_Leaf/Deficiency_Leaf00010.jpg,Deficiency_Leaf,Felt_Leaf,Incorrect,0.244615
datasets/train/Deficiency_Leaf/Deficiency_Leaf00012.jpg,Deficiency_Leaf,Healthy_Leaf,Incorrect,0.468583
datasets/train/Anthrax_Leaf/Anthrax_Leaf00084.jpg,Anthrax_Leaf,Leaf_Gall,Incorrect,0.718407
datasets/train/Dry_Leaf/Dry_Leaf00262.jpg,Dry_Leaf,Dry_Leaf,Correct,0.898441
datasets/test/Leaf_Blight/Leaf_Blight00286.jpg,Leaf_Blight,Fungal_Leaf_Spot,Incorrect,0.519938
datasets/train/Anthrax_Leaf/Anthrax_Leaf00042.jpg,Anthrax_Leaf,Leaf_Gall,Incorrect,0.411945
datasets/train/Fungal_Leaf_Spot/Fungal_Leaf_Spot00273.jpg,Fungal_Leaf_Spot,Fungal_Leaf_Spot,Correct,0.719449
datasets/test/Healthy_Leaf/Healthy_Leaf00128.jpg,Healthy_Leaf,Healthy_Leaf,Correct,0.993551
datasets/test/Fungal_Leaf_Spot/Fungal_Leaf_Spot00319.jpg,Fungal_Leaf_Spot,Fungal_Leaf_Spot,Correct,0.930267
datasets/test/Anthrax_Leaf/Anthrax_Leaf00012.jpg,Anthrax_Leaf,Leaf_Blight,Incorrect,0.426666
datasets/test/Leaf_Blight/Leaf_Blight00239.jpg,Leaf_Blight,Felt_Leaf,Incorrect,0.352462
datasets/test/Felt_Leaf/Felt_Leaf00266.jpg,Felt_Leaf,Felt_Leaf,Correct,0.895989
datasets/train/Fungal_Leaf_Spot/Fungal_Leaf_Spot00340.jpg,Fungal_Leaf_Spot,Fungal_Leaf_Spot,Correct,0.406808
datasets/test/Dry_Leaf/Dry_Leaf00270.jpg,Dry_Leaf,Dry_Leaf,Correct,0.924515
datasets/test/Leaf_Gall/Leaf_Gall00139.jpg,Leaf_Gall,Leaf_Gall,Correct,0.320203
datasets/test/Fungal_Leaf_Spot/Fungal_Leaf_Spot00054.jpg,Fungal_Leaf_Spot,Fungal_Leaf_Spot,Correct,0.945384
datasets/train/Healthy_Leaf/Healthy_Leaf00061.jpg,Healthy_Leaf,Healthy_Leaf,Correct,0.997432
datasets/train/Healthy_Leaf/Healthy_Leaf00303.jpg,Healthy_Leaf,Healthy_Leaf,Correct,0.376389
datasets/test/Leaf_Gall/Leaf_Gall00449.jpg,Leaf_Gall,Dry_Leaf,Incorrect,0.253854
datasets/train/Leaf_Blight/Leaf_Blight00513.jpg,Leaf_Blight,Leaf_Blight,Correct,0.881630
datasets/test/Leaf_Gall/Leaf_Gall00247.jpg,Leaf_Gall,Felt_Leaf,Incorrect,0.351111
datasets/train/Fungal_Leaf_Spot/Fungal_Leaf_Spot00071.jpg,Fungal_Leaf_Spot,Fungal_Leaf_Spot,Correct,0.871128
datasets/test/Bituminous_Leaf/Bituminous_Leaf00026.jpg,Bituminous_Leaf,Healthy_Leaf,Incorrect,0.457407
datasets/train/Fungal_Leaf_Spot/Fungal_Leaf_Spot00259.jpg,Fungal_Leaf_Spot,Fungal_Leaf_Spot,Correct,0.961878
datasets/test/Healthy_Leaf/Healthy_Leaf00017.jpg,Healthy_Leaf,Healthy_Leaf,Correct,0.281766
datasets/test/Felt_Leaf/Felt_Leaf00037.jpg,Felt_Leaf,Felt_Leaf,Correct,0.526365
datasets/test/Leaf_Blight/Leaf_Blight00234.jpg,Leaf_Blight,Leaf_Blight,Correct,0.395099
datasets/train/Anthrax_Leaf/Anthrax_Leaf00044.jpg,Anthrax_Leaf,Felt_Leaf,Incorrect,0.449659
datasets/test/Healthy_Leaf/Healthy_Leaf00180.jpg,Healthy_Leaf,Healthy_Leaf,Correct,0.841111
datasets/test/Deficiency_Leaf/Deficiency_Leaf00045.jpg,Deficiency_Leaf,Bituminous_Leaf,Incorrect,0.425327
datasets/test/Leaf_Blight/Leaf_Blight00096.jpg,Leaf_Blight,Leaf_Blight,Correct,0.476837
datasets/test/Dry_Leaf/Dry_Leaf00310.jpg,Dry_Leaf,Dry_Leaf,Correct,0.534001
datasets/test/Dry_Leaf/Dry_Leaf00146.jpg,Dry_Leaf,Dry_Leaf,Correct,0.903129
datasets/test/Fungal_Leaf_Spot/Fungal_Leaf_Spot00119.jpg,Fungal_Leaf_Spot,Leaf_Blight,Incorrect,0.380265
datasets/test/Healthy_Leaf/Healthy_Leaf00542.jpg,Healthy_Leaf,Healthy_Leaf,Correct,0.994039
datasets/train/Deficiency_Leaf/Deficiency_Leaf00103.jpg,Deficiency_Leaf,Leaf_Gall,Incorrect,0.422326
datasets/train/Dry_Leaf/Dry_Leaf00309.jpg,Dry_Leaf,Dry_Leaf,Correct,0.729447
datasets/test/Leaf_Gall/Leaf_Gall00363.jpg,Leaf_Gall,Dry_Leaf,Incorrect,0.220200
datasets/train/Dry_Leaf/Dry_Leaf00097.jpg,Dry_Leaf,Fungal_Leaf_Spot,Incorrect,0.236972
datasets/test/Leaf_Blight/Leaf_Blight00519.jpg,Leaf_Blight,Leaf_Blight,Correct,0.526923
datasets/train/Anthrax_Leaf/Anthrax_Leaf00096.jpg,Anthrax_Leaf,Healthy_Leaf,Incorrect,0.481414
datasets/train/Leaf_Gall/Leaf_Gall00563.jpg,Leaf_Gall,Leaf_Gall,Correct,0.594791
datasets/train/Leaf_Blight/Leaf_Blight00001.jpg,Leaf_Blight,Leaf_Blight,Correct,0.973659
datasets/test/Fungal_Leaf_Spot/Fungal_Leaf_Spot00156.jpg,Fungal_Leaf_Spot,Leaf_Blight,Incorrect,0.315848
datasets/train/Fungal_Leaf_Spot/Fungal_Leaf_Spot00322.jpg,Fungal_Leaf_Spot,Felt_Leaf,Incorrect,0.433823
datasets/test/Leaf_Blight/Leaf_Blight00582.jpg,Leaf_Blight,Dry_Leaf,Incorrect,0.248545
datasets/test/Leaf_Blight/Leaf_Blight00431.jpg,Leaf_Blight,Leaf_Blight,Correct,0.415465
datasets/test/Healthy_Leaf/Healthy_Leaf00020.jpg,Healthy_Leaf,Healthy_Leaf,Correct,0.920557
datasets/test/Healthy_Leaf/Healthy_Leaf00266.jpg,Healthy_Leaf,Healthy_Leaf,Correct,0.678213
datasets/test/Healthy_Leaf/Healthy_Leaf00029.jpg,Healthy_Leaf,Healthy_Leaf,Correct,0.878852
datasets/test/Healthy_Leaf/Healthy_Leaf00529.jpg,Healthy_Leaf,Healthy_Leaf,Correct,0.343521
datasets/test/Leaf_Gall/Leaf_Gall00122.jpg,Leaf_Gall,Leaf_Gall,Correct,0.358522
datasets/test/Curl_Leaf/Curl_Leaf00086.jpg,Curl_Leaf,Leaf_Gall,Incorrect,0.252370
datasets/test/Healthy_Leaf/Healthy_Leaf00372.jpg,Healthy_Leaf,Healthy_Leaf,Correct,0.998027
datasets/test/Fungal_Leaf_Spot/Fungal_Leaf_Spot00127.jpg,Fungal_Leaf_Spot,Leaf_Blight,Incorrect,0.438942
datasets/train/Dry_Leaf/Dry_Leaf00170.jpg,Dry_Leaf,Dry_Leaf,Correct,0.844547
datasets/test/Fungal_Leaf_Spot/Fungal_Leaf_Spot00120.jpg,Fungal_Leaf_Spot,Leaf_Blight,Incorrect,0.410754
datasets/test/Healthy_Leaf/Healthy_Leaf00326.jpg,Healthy_Leaf,Healthy_Leaf,Correct,0.912601
datasets/train/Leaf_Blight/Leaf_Blight00244.jpg,Leaf_Blight,Leaf_Blight,Correct,0.486668
datasets/test/Deficiency_Leaf/Deficiency_Leaf00037.jpg,Deficiency_Leaf,Leaf_Gall,Incorrect,0.422543
datasets/train/Bituminous_Leaf/Bituminous_Leaf00129.jpg,Bituminous_Leaf,Healthy_Leaf,Incorrect,0.433767
datasets/test/Leaf_Blight/Leaf_Blight00416.jpg,Leaf_Blight,Leaf_Blight,Correct,0.526166
datasets/test/Healthy_Leaf/Healthy_Leaf00030.jpg,Healthy_Leaf,Healthy_Leaf,Correct,0.930152
datasets/test/Leaf_Blight/Leaf_Blight00444.jpg,Leaf_Blight,Leaf_Blight,Correct,0.560278
datasets/test/Fungal_Leaf_Spot/Fungal_Leaf_Spot00494.jpg,Fungal_Leaf_Spot,Fungal_Leaf_Spot,Correct,0.689871
datasets/test/Dry_Leaf/Dry_Leaf00235.jpg,Dry_Leaf,Dry_Leaf,Correct,0.566544
datasets/train/Leaf_Gall/Leaf_Gall00498.jpg,Leaf_Gall,Leaf_Gall,Correct,0.309816
datasets/test/Leaf_Gall/Leaf_Gall00297.jpg,Leaf_Gall,Fungal_Leaf_Spot,Incorrect,0.433116
datasets/test/Leaf_Gall/Leaf_Gall00354.jpg,Leaf_Gall,Leaf_Blight,Incorrect,0.441338
datasets/train/Felt_Leaf/Felt_Leaf00220.jpg,Felt_Leaf,Felt_Leaf,Correct,0.481525
datasets/train/Dry_Leaf/Dry_Leaf00052.jpg,Dry_Leaf,Dry_Leaf,Correct,0.833356
datasets/test/Fungal_Leaf_Spot/Fungal_Leaf_Spot00327.jpg,Fungal_Leaf_Spot,Fungal_Leaf_Spot,Correct,0.605750
datasets/test/Dry_Leaf/Dry_Leaf00372.jpg,Dry_Leaf,Dry_Leaf,Correct,0.430651
datasets/test/Leaf_Gall/Leaf_Gall00372.jpg,Leaf_Gall,Leaf_Gall,Correct,0.478503
datasets/train/Fungal_Leaf_Spot/Fungal_Leaf_Spot00061.jpg,Fungal_Leaf_Spot,Fungal_Leaf_Spot,Correct,0.932490
datasets/train/Anthrax_Leaf/Anthrax_Leaf00076.jpg,Anthrax_Leaf,Anthrax_Leaf,Correct,0.559991
datasets/train/Leaf_Gall/Leaf_Gall00094.jpg,Leaf_Gall,Leaf_Gall,Correct,0.762606
datasets/test/Leaf_Gall/Leaf_Gall00488.jpg,Leaf_Gall,Leaf_Gall,Correct,0.338324
datasets/test/Bituminous_Leaf/Bituminous_Leaf00123.jpg,Bituminous_Leaf,Bituminous_Leaf,Correct,0.934758
datasets/train/Leaf_Blight/Leaf_Blight00584.jpg,Leaf_Blight,Fungal_Leaf_Spot,Incorrect,0.490200
datasets/test/Healthy_Leaf/Healthy_Leaf00227.jpg,Healthy_Leaf,Fungal_Leaf_Spot,Incorrect,0.388811
datasets/test/Leaf_Gall/Leaf_Gall00375.jpg,Leaf_Gall,Fungal_Leaf_Spot,Incorrect,0.511867
datasets/test/Leaf_Blight/Leaf_Blight00554.jpg,Leaf_Blight,Leaf_Blight,Correct,0.426884
datasets/test/Fungal_Leaf_Spot/Fungal_Leaf_Spot00482.jpg,Fungal_Leaf_Spot,Leaf_Blight,Incorrect,0.438160
datasets/train/Healthy_Leaf/Healthy_Leaf00261.jpg,Healthy_Leaf,Fungal_Leaf_Spot,Incorrect,0.505011
datasets/train/Leaf_Gall/Leaf_Gall00417.jpg,Leaf_Gall,Leaf_Blight,Incorrect,0.282183
datasets/train/Curl_Leaf/Curl_Leaf00160.jpg,Curl_Leaf,Curl_Leaf,Correct,0.416388
datasets/train/Fungal_Leaf_Spot/Fungal_Leaf_Spot00519.jpg,Fungal_Leaf_Spot,Fungal_Leaf_Spot,Correct,0.402964
datasets/test/Fungal_Leaf_Spot/Fungal_Leaf_Spot00395.jpg,Fungal_Leaf_Spot,Fungal_Leaf_Spot,Correct,0.771760
datasets/test/Leaf_Blight/Leaf_Blight00445.jpg,Leaf_Blight,Leaf_Blight,Correct,0.741608
datasets/train/Anthrax_Leaf/Anthrax_Leaf00043.jpg,Anthrax_Leaf,Anthrax_Leaf,Correct,0.684765
datasets/test/Healthy_Leaf/Healthy_Leaf00394.jpg,Healthy_Leaf,Fungal_Leaf_Spot,Incorrect,0.688554
datasets/test/Leaf_Gall/Leaf_Gall00467.jpg,Leaf_Gall,Bituminous_Leaf,Incorrect,0.253759
datasets/train/Healthy_Leaf/Healthy_Leaf00508.jpg,Healthy_Leaf,Healthy_Leaf,Correct,0.624033
datasets/train/Fungal_Leaf_Spot/Fungal_Leaf_Spot00099.jpg,Fungal_Leaf_Spot,Leaf_Blight,Incorrect,0.530341
datasets/test/Leaf_Gall/Leaf_Gall00275.jpg,Leaf_Gall,Felt_Leaf,Incorrect,0.453668
datasets/test/Dry_Leaf/Dry_Leaf00239.jpg,Dry_Leaf,Dry_Leaf,Correct,0.914881
datasets/train/Leaf_Blight/Leaf_Blight00178.jpg,Leaf_Blight,Leaf_Blight,Correct,0.468499
datasets/train/Felt_Leaf/Felt_Leaf00211.jpg,Felt_Leaf,Felt_Leaf,Correct,0.275583
datasets/test/Leaf_Blight/Leaf_Blight00030.jpg,Leaf_Blight,Leaf_Blight,Correct,0.971452
datasets/test/Leaf_Blight/Leaf_Blight00102.jpg,Leaf_Blight,Healthy_Leaf,Incorrect,0.303879
datasets/train/Leaf_Blight/Leaf_Blight00345.jpg,Leaf_Blight,Leaf_Blight,Correct,0.663092
datasets/train/Curl_Leaf/Curl_Leaf00144.jpg,Curl_Leaf,Curl_Leaf,Correct,0.860364
datasets/test/Healthy_Leaf/Healthy_Leaf00566.jpg,Healthy_Leaf,Leaf_Gall,Incorrect,0.243074
datasets/test/Leaf_Gall/Leaf_Gall00576.jpg,Leaf_Gall,Leaf_Blight,Incorrect,0.249440
datasets/test/Healthy_Leaf/Healthy_Leaf00113.jpg,Healthy_Leaf,Healthy_Leaf,Correct,0.776357
datasets/train/Healthy_Leaf/Healthy_Leaf00052.jpg,Healthy_Leaf,Healthy_Leaf,Correct,0.998199
datasets/test/Healthy_Leaf/Healthy_Leaf00315.jpg,Healthy_Leaf,Healthy_Leaf,Correct,0.456420
datasets/train/Anthrax_Leaf/Anthrax_Leaf00081.jpg,Anthrax_Leaf,Fungal_Leaf_Spot,Incorrect,0.630322
datasets/train/Bituminous_Leaf/Bituminous_Leaf00037.jpg,Bituminous_Leaf,Fungal_Leaf_Spot,Incorrect,0.623224
datasets/test/Leaf_Blight/Leaf_Blight00194.jpg,Leaf_Blight,Leaf_Gall,Incorrect,0.634123
datasets/train/Healthy_Leaf/Healthy_Leaf00155.jpg,Healthy_Leaf,Healthy_Leaf,Correct,0.991774
datasets/train/Fungal_Leaf_Spot/Fungal_Leaf_Spot00171.jpg,Fungal_Leaf_Spot,Dry_Leaf,Incorrect,0.192248
datasets/test/Leaf_Gall/Leaf_Gall00615.jpg,Leaf_Gall,Leaf_Gall,Correct,0.240210
datasets/test/Felt_Leaf/Felt_Leaf00320.jpg,Felt_Leaf,Fungal_Leaf_Spot,Incorrect,0.523279
datasets/train/Leaf_Blight/Leaf_Blight00016.jpg,Leaf_Blight,Leaf_Gall,Incorrect,0.264053
datasets/test/Healthy_Leaf/Healthy_Leaf00562.jpg,Healthy_Leaf,Healthy_Leaf,Correct,0.411189
datasets/train/Dry_Leaf/Dry_Leaf00366.jpg,Dry_Leaf,Dry_Leaf,Correct,0.867101
datasets/test/Leaf_Blight/Leaf_Blight00479.jpg,Leaf_Blight,Leaf_Blight,Correct,0.607504
datasets/test/Healthy_Leaf/Healthy_Leaf00392.jpg,Healthy_Leaf,Healthy_Leaf,Correct,0.726121
datasets/train/Felt_Leaf/Felt_Leaf00258.jpg,Felt_Leaf,Leaf_Blight,Incorrect,0.411309
datasets/test/Dry_Leaf/Dry_Leaf00291.jpg,Dry_Leaf,Dry_Leaf,Correct,0.985196
datasets/test/Leaf_Gall/Leaf_Gall00329.jpg,Leaf_Gall,Leaf_Blight,Incorrect,0.580883
datasets/test/Anthrax_Leaf/Anthrax_Leaf00048.jpg,Anthrax_Leaf,Dry_Leaf,Incorrect,0.460507
datasets/test/Felt_Leaf/Felt_Leaf00334.jpg,Felt_Leaf,Felt_Leaf,Correct,0.903053
datasets/test/Leaf_Gall/Leaf_Gall00617.jpg,Leaf_Gall,Felt_Leaf,Incorrect,0.208366
datasets/train/Fungal_Leaf_Spot/Fungal_Leaf_Spot00219.jpg,Fungal_Leaf_Spot,Fungal_Leaf_Spot,Correct,0.795161
datasets/test/Felt_Leaf/Felt_Leaf00199.jpg,Felt_Leaf,Leaf_Blight,Incorrect,0.387960
datasets/test/Leaf_Gall/Leaf_Gall00031.jpg,Leaf_Gall,Fungal_Leaf_Spot,Incorrect,0.648922
datasets/test/Leaf_Blight/Leaf_Blight00032.jpg,Leaf_Blight,Leaf_Blight,Correct,0.635218
datasets/train/Fungal_Leaf_Spot/Fungal_Leaf_Spot00572.jpg,Fungal_Leaf_Spot,Healthy_Leaf,Incorrect,0.346476
datasets/train/Curl_Leaf/Curl_Leaf00125.jpg,Curl_Leaf,Curl_Leaf,Correct,0.494159
datasets/train/Healthy_Leaf/Healthy_Leaf00269.jpg,Healthy_Leaf,Healthy_Leaf,Correct,0.781335
datasets/train/Leaf_Gall/Leaf_Gall00599.jpg,Leaf_Gall,Leaf_Blight,Incorrect,0.312297
datasets/test/Healthy_Leaf/Healthy_Leaf00096.jpg,Healthy_Leaf,Healthy_Leaf,Correct,0.597507
datasets/test/Bituminous_Leaf/Bituminous_Leaf00001.jpg,Bituminous_Leaf,Healthy_Leaf,Incorrect,0.290113
datasets/test/Fungal_Leaf_Spot/Fungal_Leaf_Spot00328.jpg,Fungal_Leaf_Spot,Fungal_Leaf_Spot,Correct,0.388046
datasets/test/Leaf_Blight/Leaf_Blight00450.jpg,Leaf_Blight,Leaf_Blight,Correct,0.805795
datasets/train/Healthy_Leaf/Healthy_Leaf00293.jpg,Healthy_Leaf,Leaf_Blight,Incorrect,0.263967
datasets/train/Leaf_Gall/Leaf_Gall00337.jpg,Leaf_Gall,Leaf_Blight,Incorrect,0.359140
datasets/train/Felt_Leaf/Felt_Leaf00371.jpg,Felt_Leaf,Healthy_Leaf,Incorrect,0.416804
datasets/train/Healthy_Leaf/Healthy_Leaf00047.jpg,Healthy_Leaf,Healthy_Leaf,Correct,0.972159
datasets/train/Healthy_Leaf/Healthy_Leaf00203.jpg,Healthy_Leaf,Leaf_Blight,Incorrect,0.549886
datasets/train/Dry_Leaf/Dry_Leaf00188.jpg,Dry_Leaf,Dry_Leaf,Correct,0.856724
datasets/test/Leaf_Blight/Leaf_Blight00590.jpg,Leaf_Blight,Leaf_Gall,Incorrect,0.283579
datasets/train/Leaf_Gall/Leaf_Gall00092.jpg,Leaf_Gall,Leaf_Gall,Correct,0.660439
datasets/test/Dry_Leaf/Dry_Leaf00230.jpg,Dry_Leaf,Dry_Leaf,Correct,0.979731
datasets/train/Fungal_Leaf_Spot/Fungal_Leaf_Spot00440.jpg,Fungal_Leaf_Spot,Healthy_Leaf,Incorrect,0.330939
datasets/train/Felt_Leaf/Felt_Leaf00087.jpg,Felt_Leaf,Felt_Leaf,Correct,0.404384
datasets/test/Healthy_Leaf/Healthy_Leaf00520.jpg,Healthy_Leaf,Healthy_Leaf,Correct,0.257364
datasets/test/Leaf_Blight/Leaf_Blight00563.jpg,Leaf_Blight,Leaf_Blight,Correct,0.875839
datasets/train/Bituminous_Leaf/Bituminous_Leaf00083.jpg,Bituminous_Leaf,Bituminous_Leaf,Correct,0.767623
datasets/test/Fungal_Leaf_Spot/Fungal_Leaf_Spot00505.jpg,Fungal_Leaf_Spot,Felt_Leaf,Incorrect,0.445445
datasets/train/Leaf_Gall/Leaf_Gall00362.jpg,Leaf_Gall,Leaf_Blight,Incorrect,0.229027
datasets/test/Felt_Leaf/Felt_Leaf00129.jpg,Felt_Leaf,Felt_Leaf,Correct,0.709447
datasets/train/Curl_Leaf/Curl_Leaf00043.jpg,Curl_Leaf,Curl_Leaf,Correct,0.813181
datasets/test/Felt_Leaf/Felt_Leaf00359.jpg,Felt_Leaf,Fungal_Leaf_Spot,Incorrect,0.383756
datasets/test/Leaf_Gall/Leaf_Gall00418.jpg,Leaf_Gall,Felt_Leaf,Incorrect,0.382065
datasets/train/Leaf_Blight/Leaf_Blight00591.jpg,Leaf_Blight,Healthy_Leaf,Incorrect,0.907574
datasets/train/Leaf_Gall/Leaf_Gall00180.jpg,Leaf_Gall,Curl_Leaf,Incorrect,0.280057
datasets/train/Fungal_Leaf_Spot/Fungal_Leaf_Spot00550.jpg,Fungal_Leaf_Spot,Fungal_Leaf_Spot,Correct,0.526223
datasets/train/Leaf_Gall/Leaf_Gall00536.jpg,Leaf_Gall,Leaf_Gall,Correct,0.219317
datasets/test/Leaf_Blight/Leaf_Blight00358.jpg,Leaf_Blight,Leaf_Blight,Correct,0.653794
datasets/train/Anthrax_Leaf/Anthrax_Leaf00036.jpg,Anthrax_Leaf,Anthrax_Leaf,Correct,0.927983
datasets/test/Leaf_Gall/Leaf_Gall00442.jpg,Leaf_Gall,Fungal_Leaf_Spot,Incorrect,0.599194
datasets/test/Leaf_Blight/Leaf_Blight00578.jpg,Leaf_Blight,Healthy_Leaf,Incorrect,0.650092
datasets/train/Felt_Leaf/Felt_Leaf00054.jpg,Felt_Leaf,Leaf_Gall,Incorrect,0.400215
datasets/train/Leaf_Blight/Leaf_Blight00181.jpg,Leaf_Blight,Fungal_Leaf_Spot,Incorrect,0.239178
datasets/train/Healthy_Leaf/Healthy_Leaf00551.jpg,Healthy_Leaf,Leaf_Gall,Incorrect,0.384761
datasets/train/Fungal_Leaf_Spot/Fungal_Leaf_Spot00022.jpg,Fungal_Leaf_Spot,Healthy_Leaf,Incorrect,0.210371
datasets/test/Dry_Leaf/Dry_Leaf00191.jpg,Dry_Leaf,Dry_Leaf,Correct,0.957979
datasets/test/Dry_Leaf/Dry_Leaf00040.jpg,Dry_Leaf,Healthy_Leaf,Incorrect,0.221350
datasets/train/Felt_Leaf/Felt_Leaf00278.jpg,Felt_Leaf,Fungal_Leaf_Spot,Incorrect,0.385683
datasets/test/Leaf_Blight/Leaf_Blight00221.jpg,Leaf_Blight,Leaf_Blight,Correct,0.342787
datasets/test/Leaf_Gall/Leaf_Gall00251.jpg,Leaf_Gall,Leaf_Gall,Correct,0.944974
datasets/train/Dry_Leaf/Dry_Leaf00377.jpg,Dry_Leaf,Dry_Leaf,Correct,0.524737
datasets/test/Anthrax_Leaf/Anthrax_Leaf00024.jpg,Anthrax_Leaf,Leaf_Gall,Incorrect,0.452856
datasets/train/Healthy_Leaf/Healthy_Leaf00353.jpg,Healthy_Leaf,Healthy_Leaf,Correct,0.903157
datasets/test/Leaf_Gall/Leaf_Gall00266.jpg,Leaf_Gall,Leaf_Gall,Correct,0.316482
datasets/test/Leaf_Gall/Leaf_Gall00074.jpg,Leaf_Gall,Healthy_Leaf,Incorrect,0.382481
datasets/train/Leaf_Gall/Leaf_Gall00103.jpg,Leaf_Gall,Leaf_Blight,Incorrect,0.395914
datasets/test/Leaf_Gall/Leaf_Gall00603.jpg,Leaf_Gall,Leaf_Gall,Correct,0.930629
datasets/test/Bituminous_Leaf/Bituminous_Leaf00093.jpg,Bituminous_Leaf,Bituminous_Leaf,Correct,0.222020
datasets/test/Healthy_Leaf/Healthy_Leaf00589.jpg,Healthy_Leaf,Healthy_Leaf,Correct,0.963299
datasets/test/Deficiency_Leaf/Deficiency_Leaf00075.jpg,Deficiency_Leaf,Leaf_Gall,Incorrect,0.694961
datasets/train/Leaf_Gall/Leaf_Gall00556.jpg,Leaf_Gall,Leaf_Gall,Correct,0.253927
datasets/train/Deficiency_Leaf/Deficiency_Leaf00052.jpg,Deficiency_Leaf,Leaf_Blight,Incorrect,0.399775
datasets/test/Leaf_Blight/Leaf_Blight00434.jpg,Leaf_Blight,Leaf_Blight,Correct,0.691241
datasets/train/Fungal_Leaf_Spot/Fungal_Leaf_Spot00080.jpg,Fungal_Leaf_Spot,Fungal_Leaf_Spot,Correct,0.462116
datasets/train/Dry_Leaf/Dry_Leaf00303.jpg,Dry_Leaf,Dry_Leaf,Correct,0.714898
datasets/test/Leaf_Blight/Leaf_Blight00496.jpg,Leaf_Blight,Leaf_Blight,Correct,0.915581
datasets/test/Fungal_Leaf_Spot/Fungal_Leaf_Spot00181.jpg,Fungal_Leaf_Spot,Curl_Leaf,Incorrect,0.363214
datasets/test/Leaf_Blight/Leaf_Blight00084.jpg,Leaf_Blight,Fungal_Leaf_Spot,Incorrect,0.332322
datasets/test/Healthy_Leaf/Healthy_Leaf00436.jpg,Healthy_Leaf,Healthy_Leaf,Correct,0.898304
datasets/test/Curl_Leaf/Curl_Leaf00088.jpg,Curl_Leaf,Fungal_Leaf_Spot,Incorrect,0.762295
datasets/test/Fungal_Leaf_Spot/Fungal_Leaf_Spot00112.jpg,Fungal_Leaf_Spot,Curl_Leaf,Incorrect,0.288519
datasets/test/Felt_Leaf/Felt_Leaf00329.jpg,Felt_Leaf,Anthrax_Leaf,Incorrect,0.465912
datasets/test/Fungal_Leaf_Spot/Fungal_Leaf_Spot00044.jpg,Fungal_Leaf_Spot,Fungal_Leaf_Spot,Correct,0.997628
datasets/train/Fungal_Leaf_Spot/Fungal_Leaf_Spot00435.jpg,Fungal_Leaf_Spot,Fungal_Leaf_Spot,Correct,0.980085
datasets/test/Healthy_Leaf/Healthy_Leaf00117.jpg,Healthy_Leaf,Healthy_Leaf,Correct,0.940664
datasets/test/Leaf_Blight/Leaf_Blight00270.jpg,Leaf_Blight,Fungal_Leaf_Spot,Incorrect,0.545212
datasets/train/Leaf_Blight/Leaf_Blight00391.jpg,Leaf_Blight,Felt_Leaf,Incorrect,0.366985
datasets/test/Leaf_Gall/Leaf_Gall00310.jpg,Leaf_Gall,Leaf_Gall,Correct,0.914102
datasets/test/Fungal_Leaf_Spot/Fungal_Leaf_Spot00115.jpg,Fungal_Leaf_Spot,Leaf_Gall,Incorrect,0.301116
datasets/test/Leaf_Gall/Leaf_Gall00479.jpg,Leaf_Gall,Leaf_Blight,Incorrect,0.475198
datasets/test/Felt_Leaf/Felt_Leaf00309.jpg,Felt_Leaf,Felt_Leaf,Correct,0.818482
datasets/test/Healthy_Leaf/Healthy_Leaf00156.jpg,Healthy_Leaf,Healthy_Leaf,Correct,0.944841
datasets/test/Deficiency_Leaf/Deficiency_Leaf00046.jpg,Deficiency_Leaf,Leaf_Gall,Incorrect,0.263667
datasets/test/Curl_Leaf/Curl_Leaf00074.jpg,Curl_Leaf,Curl_Leaf,Correct,0.660638
datasets/test/Leaf_Blight/Leaf_Blight00509.jpg,Leaf_Blight,Leaf_Blight,Correct,0.666386
datasets/test/Curl_Leaf/Curl_Leaf00060.jpg,Curl_Leaf,Healthy_Leaf,Incorrect,0.249874
datasets/train/Fungal_Leaf_Spot/Fungal_Leaf_Spot00414.jpg,Fungal_Leaf_Spot,Fungal_Leaf_Spot,Correct,0.980741
datasets/test/Leaf_Blight/Leaf_Blight00169.jpg,Leaf_Blight,Leaf_Blight,Correct,0.797363
datasets/test/Anthrax_Leaf/Anthrax_Leaf00118.jpg,Anthrax_Leaf,Anthrax_Leaf,Correct,0.958199
datasets/test/Leaf_Blight/Leaf_Blight00231.jpg,Leaf_Blight,Leaf_Blight,Correct,0.369261
datasets/test/Leaf_Gall/Leaf_Gall00259.jpg,Leaf_Gall,Leaf_Gall,Correct,0.351893
datasets/train/Leaf_Gall/Leaf_Gall00034.jpg,Leaf_Gall,Leaf_Gall,Correct,0.395267
datasets/train/Felt_Leaf/Felt_Leaf00382.jpg,Felt_Leaf,Curl_Leaf,Incorrect,0.599870
datasets/test/Leaf_Gall/Leaf_Gall00308.jpg,Leaf_Gall,Leaf_Gall,Correct,0.904885
datasets/train/Fungal_Leaf_Spot/Fungal_Leaf_Spot00249.jpg,Fungal_Leaf_Spot,Fungal_Leaf_Spot,Correct,0.766887
datasets/train/Bituminous_Leaf/Bituminous_Leaf00117.jpg,Bituminous_Leaf,Bituminous_Leaf,Correct,0.984973
datasets/test/Bituminous_Leaf/Bituminous_Leaf00081.jpg,Bituminous_Leaf,Bituminous_Leaf,Correct,0.890443
datasets/train/Healthy_Leaf/Healthy_Leaf00349.jpg,Healthy_Leaf,Healthy_Leaf,Correct,0.967476
datasets/test/Leaf_Gall/Leaf_Gall00200.jpg,Leaf_Gall,Leaf_Gall,Correct,0.851006
datasets/test/Leaf_Blight/Leaf_Blight00214.jpg,Leaf_Blight,Leaf_Blight,Correct,0.767161
datasets/train/Leaf_Blight/Leaf_Blight00129.jpg,Leaf_Blight,Leaf_Blight,Correct,0.891531
datasets/test/Fungal_Leaf_Spot/Fungal_Leaf_Spot00372.jpg,Fungal_Leaf_Spot,Healthy_Leaf,Incorrect,0.632677
datasets/test/Anthrax_Leaf/Anthrax_Leaf00013.jpg,Anthrax_Leaf,Healthy_Leaf,Incorrect,0.227115
datasets/train/Leaf_Blight/Leaf_Blight00523.jpg,Leaf_Blight,Leaf_Blight,Correct,0.715103
datasets/test/Leaf_Blight/Leaf_Blight00328.jpg,Leaf_Blight,Leaf_Blight,Correct,0.943010
datasets/train/Leaf_Blight/Leaf_Blight00511.jpg,Leaf_Blight,Leaf_Blight,Correct,0.940881
datasets/test/Deficiency_Leaf/Deficiency_Leaf00067.jpg,Deficiency_Leaf,Deficiency_Leaf,Correct,0.417970
datasets/test/Anthrax_Leaf/Anthrax_Leaf00139.jpg,Anthrax_Leaf,Anthrax_Leaf,Correct,0.989102
datasets/test/Healthy_Leaf/Healthy_Leaf00369.jpg,Healthy_Leaf,Healthy_Leaf,Correct,0.909728
datasets/test/Leaf_Blight/Leaf_Blight00311.jpg,Leaf_Blight,Leaf_Blight,Correct,0.784838
datasets/test/Anthrax_Leaf/Anthrax_Leaf00088.jpg,Anthrax_Leaf,Leaf_Gall,Incorrect,0.461841
datasets/test/Deficiency_Leaf/Deficiency_Leaf00081.jpg,Deficiency_Leaf,Curl_Leaf,Incorrect,0.320168
datasets/test/Leaf_Gall/Leaf_Gall00590.jpg,Leaf_Gall,Leaf_Blight,Incorrect,0.523706
datasets/test/Leaf_Blight/Leaf_Blight00501.jpg,Leaf_Blight,Leaf_Blight,Correct,0.758208
datasets/train/Fungal_Leaf_Spot/Fungal_Leaf_Spot00182.jpg,Fungal_Leaf_Spot,Fungal_Leaf_Spot,Correct,0.845560
datasets/test/Felt_Leaf/Felt_Leaf00336.jpg,Felt_Leaf,Felt_Leaf,Correct,0.728528
datasets/train/Fungal_Leaf_Spot/Fungal_Leaf_Spot00561.jpg,Fungal_Leaf_Spot,Fungal_Leaf_Spot,Correct,0.463271
datasets/train/Fungal_Leaf_Spot/Fungal_Leaf_Spot00558.jpg,Fungal_Leaf_Spot,Leaf_Gall,Incorrect,0.256854
datasets/test/Felt_Leaf/Felt_Leaf00088.jpg,Felt_Leaf,Leaf_Blight,Incorrect,0.259786
datasets/train/Anthrax_Leaf/Anthrax_Leaf00146.jpg,Anthrax_Leaf,Anthrax_Leaf,Correct,0.652237
datasets/test/Leaf_Gall/Leaf_Gall00414.jpg,Leaf_Gall,Fungal_Leaf_Spot,Incorrect,0.429095
datasets/test/Fungal_Leaf_Spot/Fungal_Leaf_Spot00503.jpg,Fungal_Leaf_Spot,Fungal_Leaf_Spot,Correct,0.299745
datasets/test/Healthy_Leaf/Healthy_Leaf00188.jpg,Healthy_Leaf,Healthy_Leaf,Correct,0.759161
datasets/test/Dry_Leaf/Dry_Leaf00091.jpg,Dry_Leaf,Dry_Leaf,Correct,0.998327
datasets/train/Felt_Leaf/Felt_Leaf00208.jpg,Felt_Leaf,Leaf_Blight,Incorrect,0.259871
datasets/test/Leaf_Blight/Leaf_Blight00189.jpg,Leaf_Blight,Leaf_Blight,Correct,0.906991
datasets/test/Felt_Leaf/Felt_Leaf00180.jpg,Felt_Leaf,Leaf_Blight,Incorrect,0.564702
datasets/train/Leaf_Blight/Leaf_Blight00012.jpg,Leaf_Blight,Leaf_Blight,Correct,0.424536
datasets/test/Healthy_Leaf/Healthy_Leaf00035.jpg,Healthy_Leaf,Healthy_Leaf,Correct,0.931776
datasets/test/Leaf_Blight/Leaf_Blight00451.jpg,Leaf_Blight,Fungal_Leaf_Spot,Incorrect,0.358267
datasets/train/Fungal_Leaf_Spot/Fungal_Leaf_Spot00476.jpg,Fungal_Leaf_Spot,Fungal_Leaf_Spot,Correct,0.921358
datasets/test/Leaf_Blight/Leaf_Blight00205.jpg,Leaf_Blight,Leaf_Blight,Correct,0.528657
datasets/train/Healthy_Leaf/Healthy_Leaf00276.jpg,Healthy_Leaf,Healthy_Leaf,Correct,0.303101
datasets/train/Bituminous_Leaf/Bituminous_Leaf00112.jpg,Bituminous_Leaf,Bituminous_Leaf,Correct,0.860045
datasets/test/Fungal_Leaf_Spot/Fungal_Leaf_Spot00177.jpg,Fungal_Leaf_Spot,Fungal_Leaf_Spot,Correct,0.720206
datasets/train/Felt_Leaf/Felt_Leaf00347.jpg,Felt_Leaf,Felt_Leaf,Correct,0.513193
datasets/train/Felt_Leaf/Felt_Leaf00186.jpg,Felt_Leaf,Leaf_Gall,Incorrect,0.507872
datasets/train/Leaf_Gall/Leaf_Gall00447.jpg,Leaf_Gall,Dry_Leaf,Incorrect,0.671269
datasets/train/Dry_Leaf/Dry_Leaf00296.jpg,Dry_Leaf,Dry_Leaf,Correct,0.622215
datasets/train/Fungal_Leaf_Spot/Fungal_Leaf_Spot00204.jpg,Fungal_Leaf_Spot,Fungal_Leaf_Spot,Correct,0.228764
datasets/train/Healthy_Leaf/Healthy_Leaf00424.jpg,Healthy_Leaf,Healthy_Leaf,Correct,0.651493
datasets/test/Fungal_Leaf_Spot/Fungal_Leaf_Spot00034.jpg,Fungal_Leaf_Spot,Fungal_Leaf_Spot,Correct,0.864122
datasets/train/Anthrax_Leaf/Anthrax_Leaf00032.jpg,Anthrax_Leaf,Leaf_Gall,Incorrect,0.343005
datasets/test/Bituminous_Leaf/Bituminous_Leaf00020.jpg,Bituminous_Leaf,Bituminous_Leaf,Correct,0.512641
datasets/test/Leaf_Blight/Leaf_Blight00558.jpg,Leaf_Blight,Leaf_Blight,Correct,0.392585
datasets/train/Leaf_Blight/Leaf_Blight00074.jpg,Leaf_Blight,Healthy_Leaf,Incorrect,0.225356
datasets/test/Fungal_Leaf_Spot/Fungal_Leaf_Spot00342.jpg,Fungal_Leaf_Spot,Fungal_Leaf_Spot,Correct,0.403824
datasets/test/Leaf_Gall/Leaf_Gall00099.jpg,Leaf_Gall,Leaf_Gall,Correct,0.396323
datasets/test/Leaf_Blight/Leaf_Blight00308.jpg,Leaf_Blight,Leaf_Blight,Correct,0.977414
datasets/test/Curl_Leaf/Curl_Leaf00090.jpg,Curl_Leaf,Leaf_Blight,Incorrect,0.297467
datasets/test/Dry_Leaf/Dry_Leaf00336.jpg,Dry_Leaf,Leaf_Blight,Incorrect,0.440096
datasets/test/Bituminous_Leaf/Bituminous_Leaf00042.jpg,Bituminous_Leaf,Bituminous_Leaf,Correct,0.614913
datasets/test/Leaf_Blight/Leaf_Blight00512.jpg,Leaf_Blight,Leaf_Blight,Correct,0.993445
datasets/train/Curl_Leaf/Curl_Leaf00041.jpg,Curl_Leaf,Healthy_Leaf,Incorrect,0.965549
datasets/test/Felt_Leaf/Felt_Leaf00205.jpg,Felt_Leaf,Healthy_Leaf,Incorrect,0.330510
datasets/test/Dry_Leaf/Dry_Leaf00338.jpg,Dry_Leaf,Dry_Leaf,Correct,0.341379
datasets/train/Leaf_Gall/Leaf_Gall00343.jpg,Leaf_Gall,Leaf_Blight,Incorrect,0.363586
datasets/train/Felt_Leaf/Felt_Leaf00242.jpg,Felt_Leaf,Leaf_Gall,Incorrect,0.317677
datasets/test/Curl_Leaf/Curl_Leaf00122.jpg,Curl_Leaf,Curl_Leaf,Correct,0.578356
datasets/train/Felt_Leaf/Felt_Leaf00170.jpg,Felt_Leaf,Felt_Leaf,Correct,0.825942
datasets/train/Felt_Leaf/Felt_Leaf00183.jpg,Felt_Leaf,Leaf_Blight,Incorrect,0.563950
datasets/train/Healthy_Leaf/Healthy_Leaf00258.jpg,Healthy_Leaf,Healthy_Leaf,Correct,0.575548
datasets/test/Healthy_Leaf/Healthy_Leaf00341.jpg,Healthy_Leaf,Healthy_Leaf,Correct,0.953936
datasets/train/Dry_Leaf/Dry_Leaf00375.jpg,Dry_Leaf,Healthy_Leaf,Incorrect,0.733134
datasets/train/Fungal_Leaf_Spot/Fungal_Leaf_Spot00344.jpg,Fungal_Leaf_Spot,Fungal_Leaf_Spot,Correct,0.572624
datasets/train/Leaf_Blight/Leaf_Blight00225.jpg,Leaf_Blight,Fungal_Leaf_Spot,Incorrect,0.473528
datasets/test/Healthy_Leaf/Healthy_Leaf00085.jpg,Healthy_Leaf,Healthy_Leaf,Correct,0.643695
datasets/train/Fungal_Leaf_Spot/Fungal_Leaf_Spot00403.jpg,Fungal_Leaf_Spot,Fungal_Leaf_Spot,Correct,0.513690
datasets/test/Leaf_Gall/Leaf_Gall00420.jpg,Leaf_Gall,Leaf_Gall,Correct,0.290709
datasets/train/Felt_Leaf/Felt_Leaf00224.jpg,Felt_Leaf,Fungal_Leaf_Spot,Incorrect,0.338964
datasets/test/Curl_Leaf/Curl_Leaf00139.jpg,Curl_Leaf,Felt_Leaf,Incorrect,0.368040
datasets/test/Felt_Leaf/Felt_Leaf00052.jpg,Felt_Leaf,Felt_Leaf,Correct,0.868039
datasets/train/Leaf_Blight/Leaf_Blight00417.jpg,Leaf_Blight,Fungal_Leaf_Spot,Incorrect,0.382398
datasets/test/Fungal_Leaf_Spot/Fungal_Leaf_Spot00051.jpg,Fungal_Leaf_Spot,Fungal_Leaf_Spot,Correct,0.852265
datasets/test/Leaf_Gall/Leaf_Gall00280.jpg,Leaf_Gall,Fungal_Leaf_Spot,Incorrect,0.405525
datasets/test/Leaf_Gall/Leaf_Gall00540.jpg,Leaf_Gall,Leaf_Gall,Correct,0.565417
datasets/train/Fungal_Leaf_Spot/Fungal_Leaf_Spot00555.jpg,Fungal_Leaf_Spot,Fungal_Leaf_Spot,Correct,0.591026
datasets/train/Leaf_Blight/Leaf_Blight00017.jpg,Leaf_Blight,Leaf_Blight,Correct,0.692665
datasets/train/Leaf_Blight/Leaf_Blight00157.jpg,Leaf_Blight,Leaf_Blight,Correct,0.773108
datasets/train/Leaf_Blight/Leaf_Blight00173.jpg,Leaf_Blight,Leaf_Blight,Correct,0.398477
datasets/test/Leaf_Blight/Leaf_Blight00278.jpg,Leaf_Blight,Leaf_Blight,Correct,0.494997
datasets/train/Bituminous_Leaf/Bituminous_Leaf00036.jpg,Bituminous_Leaf,Bituminous_Leaf,Correct,0.413745
datasets/train/Dry_Leaf/Dry_Leaf00175.jpg,Dry_Leaf,Dry_Leaf,Correct,0.585596
datasets/test/Leaf_Blight/Leaf_Blight00390.jpg,Leaf_Blight,Leaf_Blight,Correct,0.657179
datasets/train/Anthrax_Leaf/Anthrax_Leaf00120.jpg,Anthrax_Leaf,Leaf_Gall,Incorrect,0.340980
datasets/train/Leaf_Blight/Leaf_Blight00022.jpg,Leaf_Blight,Leaf_Blight,Correct,0.600633
datasets/train/Dry_Leaf/Dry_Leaf00365.jpg,Dry_Leaf,Leaf_Blight,Incorrect,0.449360
datasets/test/Felt_Leaf/Felt_Leaf00374.jpg,Felt_Leaf,Fungal_Leaf_Spot,Incorrect,0.641847
datasets/train/Leaf_Blight/Leaf_Blight00392.jpg,Leaf_Blight,Leaf_Blight,Correct,0.779358
datasets/test/Dry_Leaf/Dry_Leaf00237.jpg,Dry_Leaf,Dry_Leaf,Correct,0.594706
datasets/test/Dry_Leaf/Dry_Leaf00206.jpg,Dry_Leaf,Dry_Leaf,Correct,0.257118
datasets/test/Fungal_Leaf_Spot/Fungal_Leaf_Spot00360.jpg,Fungal_Leaf_Spot,Fungal_Leaf_Spot,Correct,0.407260
datasets/test/Fungal_Leaf_Spot/Fungal_Leaf_Spot00170.jpg,Fungal_Leaf_Spot,Fungal_Leaf_Spot,Correct,0.931531
datasets/train/Leaf_Blight/Leaf_Blight00571.jpg,Leaf_Blight,Leaf_Blight,Correct,0.958442
datasets/test/Deficiency_Leaf/Deficiency_Leaf00120.jpg,Deficiency_Leaf,Deficiency_Leaf,Correct,0.402337
datasets/test/Leaf_Blight/Leaf_Blight00546.jpg,Leaf_Blight,Leaf_Blight,Correct,0.988386
datasets/test/Curl_Leaf/Curl_Leaf00156.jpg,Curl_Leaf,Curl_Leaf,Correct,0.966671
datasets/test/Bituminous_Leaf/Bituminous_Leaf00130.jpg,Bituminous_Leaf,Bituminous_Leaf,Correct,0.385930
datasets/test/Leaf_Gall/Leaf_Gall00387.jpg,Leaf_Gall,Leaf_Blight,Incorrect,0.330715
datasets/test/Fungal_Leaf_Spot/Fungal_Leaf_Spot00321.jpg,Fungal_Leaf_Spot,Fungal_Leaf_Spot,Correct,0.767833
datasets/train/Leaf_Blight/Leaf_Blight00143.jpg,Leaf_Blight,Leaf_Blight,Correct,0.610610
datasets/train/Deficiency_Leaf/Deficiency_Leaf00114.jpg,Deficiency_Leaf,Leaf_Gall,Incorrect,0.171120
datasets/test/Leaf_Gall/Leaf_Gall00440.jpg,Leaf_Gall,Leaf_Gall,Correct,0.765195
datasets/test/Fungal_Leaf_Spot/Fungal_Leaf_Spot00419.jpg,Fungal_Leaf_Spot,Fungal_Leaf_Spot,Correct,0.555142
datasets/test/Healthy_Leaf/Healthy_Leaf00262.jpg,Healthy_Leaf,Leaf_Gall,Incorrect,0.240794
datasets/train/Fungal_Leaf_Spot/Fungal_Leaf_Spot00150.jpg,Fungal_Leaf_Spot,Fungal_Leaf_Spot,Correct,0.604224
datasets/train/Anthrax_Leaf/Anthrax_Leaf00004.jpg,Anthrax_Leaf,Anthrax_Leaf,Correct,0.318006
datasets/train/Leaf_Gall/Leaf_Gall00537.jpg,Leaf_Gall,Leaf_Gall,Correct,0.912522
datasets/test/Healthy_Leaf/Healthy_Leaf00524.jpg,Healthy_Leaf,Healthy_Leaf,Correct,0.798114
datasets/train/Leaf_Blight/Leaf_Blight00588.jpg,Leaf_Blight,Leaf_Blight,Correct,0.713294
datasets/test/Curl_Leaf/Curl_Leaf00030.jpg,Curl_Leaf,Leaf_Blight,Incorrect,0.657273
datasets/train/Leaf_Gall/Leaf_Gall00505.jpg,Leaf_Gall,Leaf_Gall,Correct,0.377501
datasets/test/Healthy_Leaf/Healthy_Leaf00001.jpg,Healthy_Leaf,Healthy_Leaf,Correct,0.841714
datasets/train/Healthy_Leaf/Healthy_Leaf00469.jpg,Healthy_Leaf,Leaf_Gall,Incorrect,0.208077
datasets/train/Leaf_Gall/Leaf_Gall00278.jpg,Leaf_Gall,Leaf_Gall,Correct,0.456916
datasets/test/Healthy_Leaf/Healthy_Leaf00192.jpg,Healthy_Leaf,Healthy_Leaf,Correct,0.214057
datasets/train/Healthy_Leaf/Healthy_Leaf00022.jpg,Healthy_Leaf,Healthy_Leaf,Correct,0.985324
datasets/test/Dry_Leaf/Dry_Leaf00037.jpg,Dry_Leaf,Dry_Leaf,Correct,0.826583
datasets/train/Leaf_Gall/Leaf_Gall00223.jpg,Leaf_Gall,Leaf_Gall,Correct,0.733527
datasets/test/Leaf_Blight/Leaf_Blight00415.jpg,Leaf_Blight,Fungal_Leaf_Spot,Incorrect,0.462028
datasets/test/Leaf_Blight/Leaf_Blight00155.jpg,Leaf_Blight,Leaf_Blight,Correct,0.804851
datasets/test/Leaf_Gall/Leaf_Gall00575.jpg,Leaf_Gall,Leaf_Gall,Correct,0.286623
datasets/test/Fungal_Leaf_Spot/Fungal_Leaf_Spot00029.jpg,Fungal_Leaf_Spot,Felt_Leaf,Incorrect,0.461789
datasets/test/Anthrax_Leaf/Anthrax_Leaf00073.jpg,Anthrax_Leaf,Anthrax_Leaf,Correct,0.659343
datasets/train/Dry_Leaf/Dry_Leaf00380.jpg,Dry_Leaf,Dry_Leaf,Correct,0.935827
datasets/test/Leaf_Blight/Leaf_Blight00128.jpg,Leaf_Blight,Leaf_Blight,Correct,0.970894
datasets/train/Leaf_Gall/Leaf_Gall00621.jpg,Leaf_Gall,Healthy_Leaf,Incorrect,0.270582
datasets/test/Dry_Leaf/Dry_Leaf00151.jpg,Dry_Leaf,Dry_Leaf,Correct,0.983235
datasets/test/Curl_Leaf/Curl_Leaf00001.jpg,Curl_Leaf,Curl_Leaf,Correct,0.918918
datasets/train/Leaf_Gall/Leaf_Gall00258.jpg,Leaf_Gall,Fungal_Leaf_Spot,Incorrect,0.258792
datasets/train/Felt_Leaf/Felt_Leaf00146.jpg,Felt_Leaf,Leaf_Gall,Incorrect,0.355061
datasets/test/Felt_Leaf/Felt_Leaf00241.jpg,Felt_Leaf,Felt_Leaf,Correct,0.495293
datasets/test/Anthrax_Leaf/Anthrax_Leaf00010.jpg,Anthrax_Leaf,Leaf_Gall,Incorrect,0.342320
datasets/test/Dry_Leaf/Dry_Leaf00214.jpg,Dry_Leaf,Dry_Leaf,Correct,0.932274
datasets/test/Leaf_Gall/Leaf_Gall00008.jpg,Leaf_Gall,Leaf_Gall,Correct,0.631130
datasets/test/Leaf_Blight/Leaf_Blight00019.jpg,Leaf_Blight,Leaf_Blight,Correct,0.873165
datasets/test/Anthrax_Leaf/Anthrax_Leaf00062.jpg,Anthrax_Leaf,Anthrax_Leaf,Correct,0.916040
datasets/test/Healthy_Leaf/Healthy_Leaf00211.jpg,Healthy_Leaf,Healthy_Leaf,Correct,0.985977
datasets/test/Leaf_Gall/Leaf_Gall00195.jpg,Leaf_Gall,Leaf_Gall,Correct,0.906451
datasets/train/Leaf_Gall/Leaf_Gall00322.jpg,Leaf_Gall,Leaf_Gall,Correct,0.380388
datasets/test/Felt_Leaf/Felt_Leaf00161.jpg,Felt_Leaf,Felt_Leaf,Correct,0.561533
datasets/test/Deficiency_Leaf/Deficiency_Leaf00018.jpg,Deficiency_Leaf,Fungal_Leaf_Spot,Incorrect,0.349500
datasets/train/Fungal_Leaf_Spot/Fungal_Leaf_Spot00248.jpg,Fungal_Leaf_Spot,Fungal_Leaf_Spot,Correct,0.560738
datasets/train/Leaf_Gall/Leaf_Gall00028.jpg,Leaf_Gall,Leaf_Blight,Incorrect,0.450087
datasets/test/Healthy_Leaf/Healthy_Leaf00608.jpg,Healthy_Leaf,Fungal_Leaf_Spot,Incorrect,0.418775
datasets/train/Healthy_Leaf/Healthy_Leaf00160.jpg,Healthy_Leaf,Healthy_Leaf,Correct,0.998170
datasets/train/Dry_Leaf/Dry_Leaf00183.jpg,Dry_Leaf,Dry_Leaf,Correct,0.600499
datasets/test/Leaf_Blight/Leaf_Blight00403.jpg,Leaf_Blight,Leaf_Blight,Correct,0.918698
datasets/train/Healthy_Leaf/Healthy_Leaf00399.jpg,Healthy_Leaf,Healthy_Leaf,Correct,0.614812
datasets/test/Healthy_Leaf/Healthy_Leaf00588.jpg,Healthy_Leaf,Healthy_Leaf,Correct,0.621656
datasets/test/Fungal_Leaf_Spot/Fungal_Leaf_Spot00450.jpg,Fungal_Leaf_Spot,Healthy_Leaf,Incorrect,0.471749
datasets/test/Bituminous_Leaf/Bituminous_Leaf00063.jpg,Bituminous_Leaf,Bituminous_Leaf,Correct,0.484689
datasets/train/Healthy_Leaf/Healthy_Leaf00323.jpg,Healthy_Leaf,Healthy_Leaf,Correct,0.686172
datasets/test/Bituminous_Leaf/Bituminous_Leaf00089.jpg,Bituminous_Leaf,Bituminous_Leaf,Correct,0.271443
datasets/train/Leaf_Blight/Leaf_Blight00044.jpg,Leaf_Blight,Felt_Leaf,Incorrect,0.496875
datasets/train/Leaf_Blight/Leaf_Blight00105.jpg,Leaf_Blight,Leaf_Blight,Correct,0.608492
datasets/test/Leaf_Blight/Leaf_Blight00148.jpg,Leaf_Blight,Felt_Leaf,Incorrect,0.625243
datasets/test/Fungal_Leaf_Spot/Fungal_Leaf_Spot00201.jpg,Fungal_Leaf_Spot,Fungal_Leaf_Spot,Correct,0.255894
datasets/train/Healthy_Leaf/Healthy_Leaf00077.jpg,Healthy_Leaf,Healthy_Leaf,Correct,0.997906
datasets/test/Leaf_Gall/Leaf_Gall00284.jpg,Leaf_Gall,Healthy_Leaf,Incorrect,0.409748
datasets/train/Leaf_Blight/Leaf_Blight00348.jpg,Leaf_Blight,Leaf_Blight,Correct,0.608424
datasets/test/Leaf_Gall/Leaf_Gall00441.jpg,Leaf_Gall,Fungal_Leaf_Spot,Incorrect,0.322333
datasets/train/Curl_Leaf/Curl_Leaf00052.jpg,Curl_Leaf,Leaf_Gall,Incorrect,0.185615
datasets/train/Dry_Leaf/Dry_Leaf00163.jpg,Dry_Leaf,Dry_Leaf,Correct,0.896001
datasets/test/Healthy_Leaf/Healthy_Leaf00561.jpg,Healthy_Leaf,Healthy_Leaf,Correct,0.587875
datasets/train/Fungal_Leaf_Spot/Fungal_Leaf_Spot00178.jpg,Fungal_Leaf_Spot,Fungal_Leaf_Spot,Correct,0.840395
datasets/train/Leaf_Gall/Leaf_Gall00141.jpg,Leaf_Gall,Leaf_Gall,Correct,0.868718
datasets/train/Felt_Leaf/Felt_Leaf00053.jpg,Felt_Leaf,Leaf_Gall,Incorrect,0.206465
datasets/train/Curl_Leaf/Curl_Leaf00178.jpg,Curl_Leaf,Curl_Leaf,Correct,0.345291
datasets/train/Felt_Leaf/Felt_Leaf00185.jpg,Felt_Leaf,Felt_Leaf,Correct,0.345064
datasets/test/Fungal_Leaf_Spot/Fungal_Leaf_Spot00284.jpg,Fungal_Leaf_Spot,Fungal_Leaf_Spot,Correct,0.334956
datasets/test/Fungal_Leaf_Spot/Fungal_Leaf_Spot00241.jpg,Fungal_Leaf_Spot,Fungal_Leaf_Spot,Correct,0.552135
datasets/train/Felt_Leaf/Felt_Leaf00244.jpg,Felt_Leaf,Felt_Leaf,Correct,0.655431
datasets/train/Healthy_Leaf/Healthy_Leaf00201.jpg,Healthy_Leaf,Healthy_Leaf,Correct,0.582302
datasets/test/Healthy_Leaf/Healthy_Leaf00473.jpg,Healthy_Leaf,Healthy_Leaf,Correct,0.452826
datasets/test/Leaf_Blight/Leaf_Blight00575.jpg,Leaf_Blight,Leaf_Blight,Correct,0.591189
datasets/test/Fungal_Leaf_Spot/Fungal_Leaf_Spot00556.jpg,Fungal_Leaf_Spot,Fungal_Leaf_Spot,Correct,0.274190
datasets/train/Dry_Leaf/Dry_Leaf00290.jpg,Dry_Leaf,Dry_Leaf,Correct,0.944104
datasets/test/Healthy_Leaf/Healthy_Leaf00121.jpg,Healthy_Leaf,Healthy_Leaf,Correct,0.992069
datasets/train/Healthy_Leaf/Healthy_Leaf00066.jpg,Healthy_Leaf,Healthy_Leaf,Correct,0.996703
datasets/test/Fungal_Leaf_Spot/Fungal_Leaf_Spot00162.jpg,Fungal_Leaf_Spot,Fungal_Leaf_Spot,Correct,0.496887
datasets/test/Fungal_Leaf_Spot/Fungal_Leaf_Spot00401.jpg,Fungal_Leaf_Spot,Fungal_Leaf_Spot,Correct,0.479793
datasets/test/Leaf_Gall/Leaf_Gall00471.jpg,Leaf_Gall,Curl_Leaf,Incorrect,0.526014
datasets/test/Fungal_Leaf_Spot/Fungal_Leaf_Spot00296.jpg,Fungal_Leaf_Spot,Fungal_Leaf_Spot,Correct,0.573330
datasets/test/Leaf_Gall/Leaf_Gall00185.jpg,Leaf_Gall,Felt_Leaf,Incorrect,0.578758
datasets/train/Curl_Leaf/Curl_Leaf00018.jpg,Curl_Leaf,Leaf_Blight,Incorrect,0.456868
datasets/train/Leaf_Blight/Leaf_Blight00273.jpg,Leaf_Blight,Leaf_Blight,Correct,0.572924
datasets/train/Fungal_Leaf_Spot/Fungal_Leaf_Spot00264.jpg,Fungal_Leaf_Spot,Fungal_Leaf_Spot,Correct,0.762769
datasets/test/Dry_Leaf/Dry_Leaf00201.jpg,Dry_Leaf,Dry_Leaf,Correct,0.917047
datasets/train/Leaf_Blight/Leaf_Blight00300.jpg,Leaf_Blight,Fungal_Leaf_Spot,Incorrect,0.365215
datasets/test/Leaf_Gall/Leaf_Gall00305.jpg,Leaf_Gall,Leaf_Gall,Correct,0.632967
datasets/train/Healthy_Leaf/Healthy_Leaf00105.jpg,Healthy_Leaf,Healthy_Leaf,Correct,0.656038
datasets/test/Anthrax_Leaf/Anthrax_Leaf00019.jpg,Anthrax_Leaf,Leaf_Gall,Incorrect,0.485230
datasets/test/Leaf_Blight/Leaf_Blight00473.jpg,Leaf_Blight,Leaf_Blight,Correct,0.996547
datasets/test/Anthrax_Leaf/Anthrax_Leaf00033.jpg,Anthrax_Leaf,Anthrax_Leaf,Correct,0.724945
datasets/train/Leaf_Gall/Leaf_Gall00348.jpg,Leaf_Gall,Leaf_Gall,Correct,0.344555
datasets/test/Bituminous_Leaf/Bituminous_Leaf00114.jpg,Bituminous_Leaf,Bituminous_Leaf,Correct,0.828478
datasets/test/Healthy_Leaf/Healthy_Leaf00177.jpg,Healthy_Leaf,Healthy_Leaf,Correct,0.563793
datasets/train/Curl_Leaf/Curl_Leaf00056.jpg,Curl_Leaf,Leaf_Gall,Incorrect,0.229792
datasets/train/Leaf_Blight/Leaf_Blight00381.jpg,Leaf_Blight,Leaf_Blight,Correct,0.389652
datasets/train/Deficiency_Leaf/Deficiency_Leaf00121.jpg,Deficiency_Leaf,Healthy_Leaf,Incorrect,0.416528
datasets/train/Fungal_Leaf_Spot/Fungal_Leaf_Spot00500.jpg,Fungal_Leaf_Spot,Fungal_Leaf_Spot,Correct,0.504717
datasets/train/Leaf_Blight/Leaf_Blight00204.jpg,Leaf_Blight,Fungal_Leaf_Spot,Incorrect,0.415870
datasets/train/Healthy_Leaf/Healthy_Leaf00623.jpg,Healthy_Leaf,Healthy_Leaf,Correct,0.645121
datasets/train/Healthy_Leaf/Healthy_Leaf00486.jpg,Healthy_Leaf,Healthy_Leaf,Correct,0.728870
datasets/test/Anthrax_Leaf/Anthrax_Leaf00054.jpg,Anthrax_Leaf,Anthrax_Leaf,Correct,0.982180
datasets/train/Leaf_Gall/Leaf_Gall00473.jpg,Leaf_Gall,Leaf_Gall,Correct,0.332338
datasets/train/Leaf_Blight/Leaf_Blight00048.jpg,Leaf_Blight,Felt_Leaf,Incorrect,0.353503
datasets/test/Leaf_Blight/Leaf_Blight00409.jpg,Leaf_Blight,Fungal_Leaf_Spot,Incorrect,0.584394
datasets/test/Fungal_Leaf_Spot/Fungal_Leaf_Spot00063.jpg,Fungal_Leaf_Spot,Fungal_Leaf_Spot,Correct,0.609496
datasets/train/Felt_Leaf/Felt_Leaf00019.jpg,Felt_Leaf,Felt_Leaf,Correct,0.725332
datasets/test/Dry_Leaf/Dry_Leaf00343.jpg,Dry_Leaf,Dry_Leaf,Correct,0.629724
datasets/train/Dry_Leaf/Dry_Leaf00223.jpg,Dry_Leaf,Dry_Leaf,Correct,0.734714
datasets/train/Anthrax_Leaf/Anthrax_Leaf00114.jpg,Anthrax_Leaf,Anthrax_Leaf,Correct,0.642625
datasets/test/Fungal_Leaf_Spot/Fungal_Leaf_Spot00176.jpg,Fungal_Leaf_Spot,Fungal_Leaf_Spot,Correct,0.622670
datasets/train/Leaf_Blight/Leaf_Blight00460.jpg,Leaf_Blight,Leaf_Blight,Correct,0.873801
datasets/train/Leaf_Gall/Leaf_Gall00113.jpg,Leaf_Gall,Leaf_Gall,Correct,0.328200
datasets/train/Fungal_Leaf_Spot/Fungal_Leaf_Spot00525.jpg,Fungal_Leaf_Spot,Fungal_Leaf_Spot,Correct,0.907905
datasets/test/Fungal_Leaf_Spot/Fungal_Leaf_Spot00223.jpg,Fungal_Leaf_Spot,Fungal_Leaf_Spot,Correct,0.587896
datasets/test/Bituminous_Leaf/Bituminous_Leaf00053.jpg,Bituminous_Leaf,Bituminous_Leaf,Correct,0.294641
datasets/train/Felt_Leaf/Felt_Leaf00275.jpg,Felt_Leaf,Fungal_Leaf_Spot,Incorrect,0.723648
datasets/test/Dry_Leaf/Dry_Leaf00244.jpg,Dry_Leaf,Fungal_Leaf_Spot,Incorrect,0.295348
datasets/train/Healthy_Leaf/Healthy_Leaf00193.jpg,Healthy_Leaf,Healthy_Leaf,Correct,0.229484
datasets/train/Healthy_Leaf/Healthy_Leaf00065.jpg,Healthy_Leaf,Healthy_Leaf,Correct,0.996229
datasets/test/Healthy_Leaf/Healthy_Leaf00073.jpg,Healthy_Leaf,Healthy_Leaf,Correct,0.998512
datasets/test/Anthrax_Leaf/Anthrax_Leaf00059.jpg,Anthrax_Leaf,Anthrax_Leaf,Correct,0.492718
datasets/train/Anthrax_Leaf/Anthrax_Leaf00117.jpg,Anthrax_Leaf,Anthrax_Leaf,Correct,0.649713
datasets/train/Leaf_Gall/Leaf_Gall00330.jpg,Leaf_Gall,Dry_Leaf,Incorrect,0.514026
datasets/train/Dry_Leaf/Dry_Leaf00363.jpg,Dry_Leaf,Leaf_Blight,Incorrect,0.507072
datasets/test/Curl_Leaf/Curl_Leaf00022.jpg,Curl_Leaf,Curl_Leaf,Correct,0.474272
datasets/train/Fungal_Leaf_Spot/Fungal_Leaf_Spot00225.jpg,Fungal_Leaf_Spot,Fungal_Leaf_Spot,Correct,0.791405
datasets/train/Fungal_Leaf_Spot/Fungal_Leaf_Spot00039.jpg,Fungal_Leaf_Spot,Leaf_Gall,Incorrect,0.531219
datasets/test/Leaf_Gall/Leaf_Gall00369.jpg,Leaf_Gall,Healthy_Leaf,Incorrect,0.402249
datasets/test/Anthrax_Leaf/Anthrax_Leaf00100.jpg,Anthrax_Leaf,Felt_Leaf,Incorrect,0.266640
datasets/test/Dry_Leaf/Dry_Leaf00082.jpg,Dry_Leaf,Leaf_Blight,Incorrect,0.602021
datasets/test/Fungal_Leaf_Spot/Fungal_Leaf_Spot00424.jpg,Fungal_Leaf_Spot,Fungal_Leaf_Spot,Correct,0.785021
datasets/test/Leaf_Blight/Leaf_Blight00468.jpg,Leaf_Blight,Leaf_Blight,Correct,0.939710
datasets/test/Dry_Leaf/Dry_Leaf00114.jpg,Dry_Leaf,Dry_Leaf,Correct,0.903614
datasets/test/Fungal_Leaf_Spot/Fungal_Leaf_Spot00569.jpg,Fungal_Leaf_Spot,Fungal_Leaf_Spot,Correct,0.619133
datasets/train/Fungal_Leaf_Spot/Fungal_Leaf_Spot00282.jpg,Fungal_Leaf_Spot,Fungal_Leaf_Spot,Correct,0.972078
datasets/train/Anthrax_Leaf/Anthrax_Leaf00075.jpg,Anthrax_Leaf,Anthrax_Leaf,Correct,0.494051
datasets/test/Felt_Leaf/Felt_Leaf00100.jpg,Felt_Leaf,Felt_Leaf,Correct,0.555289
datasets/train/Fungal_Leaf_Spot/Fungal_Leaf_Spot00467.jpg,Fungal_Leaf_Spot,Healthy_Leaf,Incorrect,0.302017
datasets/test/Healthy_Leaf/Healthy_Leaf00470.jpg,Healthy_Leaf,Healthy_Leaf,Correct,0.862657
datasets/test/Fungal_Leaf_Spot/Fungal_Leaf_Spot00421.jpg,Fungal_Leaf_Spot,Fungal_Leaf_Spot,Correct,0.744883
datasets/test/Bituminous_Leaf/Bituminous_Leaf00075.jpg,Bituminous_Leaf,Bituminous_Leaf,Correct,0.913771
datasets/train/Felt_Leaf/Felt_Leaf00231.jpg,Felt_Leaf,Leaf_Gall,Incorrect,0.445424
datasets/test/Dry_Leaf/Dry_Leaf00344.jpg,Dry_Leaf,Healthy_Leaf,Incorrect,0.422919
datasets/test/Healthy_Leaf/Healthy_Leaf00569.jpg,Healthy_Leaf,Fungal_Leaf_Spot,Incorrect,0.517026
datasets/test/Curl_Leaf/Curl_Leaf00005.jpg,Curl_Leaf,Fungal_Leaf_Spot,Incorrect,0.280984
datasets/test/Curl_Leaf/Curl_Leaf00112.jpg,Curl_Leaf,Curl_Leaf,Correct,0.599535
datasets/test/Leaf_Blight/Leaf_Blight00565.jpg,Leaf_Blight,Leaf_Blight,Correct,0.985062
datasets/train/Felt_Leaf/Felt_Leaf00147.jpg,Felt_Leaf,Leaf_Gall,Incorrect,0.284651
datasets/train/Fungal_Leaf_Spot/Fungal_Leaf_Spot00175.jpg,Fungal_Leaf_Spot,Fungal_Leaf_Spot,Correct,0.596993
datasets/test/Leaf_Blight/Leaf_Blight00531.jpg,Leaf_Blight,Leaf_Blight,Correct,0.903797
datasets/train/Dry_Leaf/Dry_Leaf00209.jpg,Dry_Leaf,Dry_Leaf,Correct,0.991475
datasets/test/Leaf_Blight/Leaf_Blight00342.jpg,Leaf_Blight,Leaf_Blight,Correct,0.750398
datasets/train/Fungal_Leaf_Spot/Fungal_Leaf_Spot00070.jpg,Fungal_Leaf_Spot,Fungal_Leaf_Spot,Correct,0.942186
datasets/test/Healthy_Leaf/Healthy_Leaf00253.jpg,Healthy_Leaf,Fungal_Leaf_Spot,Incorrect,0.601471
datasets/train/Deficiency_Leaf/Deficiency_Leaf00047.jpg,Deficiency_Leaf,Leaf_Blight,Incorrect,0.517925
datasets/test/Fungal_Leaf_Spot/Fungal_Leaf_Spot00013.jpg,Fungal_Leaf_Spot,Leaf_Blight,Incorrect,0.526194
datasets/train/Healthy_Leaf/Healthy_Leaf00108.jpg,Healthy_Leaf,Healthy_Leaf,Correct,0.802235
datasets/train/Leaf_Blight/Leaf_Blight00465.jpg,Leaf_Blight,Leaf_Blight,Correct,0.936495
datasets/train/Leaf_Blight/Leaf_Blight00193.jpg,Leaf_Blight,Leaf_Gall,Incorrect,0.417659
datasets/train/Dry_Leaf/Dry_Leaf00177.jpg,Dry_Leaf,Dry_Leaf,Correct,0.989153
datasets/train/Leaf_Gall/Leaf_Gall00553.jpg,Leaf_Gall,Leaf_Gall,Correct,0.787895
datasets/test/Leaf_Gall/Leaf_Gall00501.jpg,Leaf_Gall,Leaf_Gall,Correct,0.761101
datasets/test/Curl_Leaf/Curl_Leaf00177.jpg,Curl_Leaf,Anthrax_Leaf,Incorrect,0.456643
datasets/test/Felt_Leaf/Felt_Leaf00248.jpg,Felt_Leaf,Felt_Leaf,Correct,0.567936
datasets/train/Leaf_Blight/Leaf_Blight00265.jpg,Leaf_Blight,Leaf_Blight,Correct,0.851671
datasets/test/Fungal_Leaf_Spot/Fungal_Leaf_Spot00491.jpg,Fungal_Leaf_Spot,Felt_Leaf,Incorrect,0.581023
datasets/test/Leaf_Gall/Leaf_Gall00309.jpg,Leaf_Gall,Leaf_Gall,Correct,0.517051
datasets/test/Dry_Leaf/Dry_Leaf00002.jpg,Dry_Leaf,Healthy_Leaf,Incorrect,0.888788
datasets/test/Curl_Leaf/Curl_Leaf00015.jpg,Curl_Leaf,Leaf_Gall,Incorrect,0.234967
datasets/train/Leaf_Blight/Leaf_Blight00579.jpg,Leaf_Blight,Dry_Leaf,Incorrect,0.542137
datasets/test/Fungal_Leaf_Spot/Fungal_Leaf_Spot00213.jpg,Fungal_Leaf_Spot,Fungal_Leaf_Spot,Correct,0.978492
datasets/test/Curl_Leaf/Curl_Leaf00166.jpg,Curl_Leaf,Curl_Leaf,Correct,0.541680
datasets/train/Leaf_Blight/Leaf_Blight00109.jpg,Leaf_Blight,Fungal_Leaf_Spot,Incorrect,0.723619
datasets/train/Healthy_Leaf/Healthy_Leaf00408.jpg,Healthy_Leaf,Healthy_Leaf,Correct,0.367420
datasets/test/Dry_Leaf/Dry_Leaf00373.jpg,Dry_Leaf,Dry_Leaf,Correct,0.230053
datasets/train/Leaf_Gall/Leaf_Gall00453.jpg,Leaf_Gall,Leaf_Gall,Correct,0.796321
datasets/test/Healthy_Leaf/Healthy_Leaf00111.jpg,Healthy_Leaf,Healthy_Leaf,Correct,0.999443
datasets/test/Anthrax_Leaf/Anthrax_Leaf00001.jpg,Anthrax_Leaf,Leaf_Blight,Incorrect,0.678190
datasets/train/Fungal_Leaf_Spot/Fungal_Leaf_Spot00336.jpg,Fungal_Leaf_Spot,Fungal_Leaf_Spot,Correct,0.478934
datasets/test/Felt_Leaf/Felt_Leaf00240.jpg,Felt_Leaf,Leaf_Blight,Incorrect,0.543725
datasets/test/Healthy_Leaf/Healthy_Leaf00239.jpg,Healthy_Leaf,Healthy_Leaf,Correct,0.979671
datasets/test/Felt_Leaf/Felt_Leaf00215.jpg,Felt_Leaf,Felt_Leaf,Correct,0.867732
datasets/test/Curl_Leaf/Curl_Leaf00047.jpg,Curl_Leaf,Leaf_Gall,Incorrect,0.704189
datasets/test/Curl_Leaf/Curl_Leaf00095.jpg,Curl_Leaf,Curl_Leaf,Correct,0.372007
datasets/test/Fungal_Leaf_Spot/Fungal_Leaf_Spot00137.jpg,Fungal_Leaf_Spot,Fungal_Leaf_Spot,Correct,0.386790
datasets/test/Curl_Leaf/Curl_Leaf00039.jpg,Curl_Leaf,Curl_Leaf,Correct,0.722669
datasets/train/Fungal_Leaf_Spot/Fungal_Leaf_Spot00469.jpg,Fungal_Leaf_Spot,Felt_Leaf,Incorrect,0.400463
datasets/train/Healthy_Leaf/Healthy_Leaf00603.jpg,Healthy_Leaf,Healthy_Leaf,Correct,0.960178
datasets/test/Deficiency_Leaf/Deficiency_Leaf00048.jpg,Deficiency_Leaf,Leaf_Gall,Incorrect,0.413906
datasets/test/Fungal_Leaf_Spot/Fungal_Leaf_Spot00082.jpg,Fungal_Leaf_Spot,Healthy_Leaf,Incorrect,0.750306
datasets/train/Dry_Leaf/Dry_Leaf00279.jpg,Dry_Leaf,Dry_Leaf,Correct,0.973638
datasets/test/Leaf_Gall/Leaf_Gall00007.jpg,Leaf_Gall,Leaf_Blight,Incorrect,0.553949
datasets/train/Leaf_Blight/Leaf_Blight00113.jpg,Leaf_Blight,Leaf_Blight,Correct,0.960316
datasets/train/Anthrax_Leaf/Anthrax_Leaf00145.jpg,Anthrax_Leaf,Fungal_Leaf_Spot,Incorrect,0.675258
datasets/test/Leaf_Gall/Leaf_Gall00503.jpg,Leaf_Gall,Dry_Leaf,Incorrect,0.602010
datasets/test/Leaf_Gall/Leaf_Gall00288.jpg,Leaf_Gall,Leaf_Gall,Correct,0.935788
datasets/train/Bituminous_Leaf/Bituminous_Leaf00125.jpg,Bituminous_Leaf,Bituminous_Leaf,Correct,0.972643
datasets/test/Fungal_Leaf_Spot/Fungal_Leaf_Spot00078.jpg,Fungal_Leaf_Spot,Fungal_Leaf_Spot,Correct,0.547155
datasets/train/Leaf_Blight/Leaf_Blight00004.jpg,Leaf_Blight,Leaf_Blight,Correct,0.953193
datasets/test/Healthy_Leaf/Healthy_Leaf00410.jpg,Healthy_Leaf,Healthy_Leaf,Correct,0.543956
datasets/train/Fungal_Leaf_Spot/Fungal_Leaf_Spot00135.jpg,Fungal_Leaf_Spot,Fungal_Leaf_Spot,Correct,0.686543
datasets/test/Leaf_Gall/Leaf_Gall00462.jpg,Leaf_Gall,Leaf_Blight,Incorrect,0.423422
datasets/test/Leaf_Blight/Leaf_Blight00020.jpg,Leaf_Blight,Leaf_Blight,Correct,0.653640
datasets/train/Curl_Leaf/Curl_Leaf00045.jpg,Curl_Leaf,Healthy_Leaf,Incorrect,0.263243
datasets/test/Leaf_Gall/Leaf_Gall00268.jpg,Leaf_Gall,Leaf_Blight,Incorrect,0.528448
datasets/train/Leaf_Gall/Leaf_Gall00383.jpg,Leaf_Gall,Leaf_Blight,Incorrect,0.473623
datasets/train/Felt_Leaf/Felt_Leaf00367.jpg,Felt_Leaf,Fungal_Leaf_Spot,Incorrect,0.351803
datasets/train/Healthy_Leaf/Healthy_Leaf00571.jpg,Healthy_Leaf,Healthy_Leaf,Correct,0.921759
datasets/test/Leaf_Gall/Leaf_Gall00123.jpg,Leaf_Gall,Leaf_Gall,Correct,0.475251
datasets/test/Felt_Leaf/Felt_Leaf00026.jpg,Felt_Leaf,Leaf_Gall,Incorrect,0.435433
datasets/test/Fungal_Leaf_Spot/Fungal_Leaf_Spot00517.jpg,Fungal_Leaf_Spot,Fungal_Leaf_Spot,Correct,0.877784
datasets/train/Fungal_Leaf_Spot/Fungal_Leaf_Spot00172.jpg,Fungal_Leaf_Spot,Fungal_Leaf_Spot,Correct,0.505698
datasets/train/Fungal_Leaf_Spot/Fungal_Leaf_Spot00457.jpg,Fungal_Leaf_Spot,Fungal_Leaf_Spot,Correct,0.575526
datasets/test/Leaf_Gall/Leaf_Gall00431.jpg,Leaf_Gall,Leaf_Gall,Correct,0.708611
datasets/train/Healthy_Leaf/Healthy_Leaf00086.jpg,Healthy_Leaf,Healthy_Leaf,Correct,0.972901
datasets/test/Felt_Leaf/Felt_Leaf00165.jpg,Felt_Leaf,Felt_Leaf,Correct,0.411792
datasets/test/Fungal_Leaf_Spot/Fungal_Leaf_Spot00183.jpg,Fungal_Leaf_Spot,Fungal_Leaf_Spot,Correct,0.537387
datasets/test/Healthy_Leaf/Healthy_Leaf00191.jpg,Healthy_Leaf,Healthy_Leaf,Correct,0.781075
datasets/train/Fungal_Leaf_Spot/Fungal_Leaf_Spot00383.jpg,Fungal_Leaf_Spot,Fungal_Leaf_Spot,Correct,0.413091
datasets/test/Fungal_Leaf_Spot/Fungal_Leaf_Spot00288.jpg,Fungal_Leaf_Spot,Leaf_Blight,Incorrect,0.317492
datasets/test/Felt_Leaf/Felt_Leaf00109.jpg,Felt_Leaf,Fungal_Leaf_Spot,Incorrect,0.614345
datasets/test/Felt_Leaf/Felt_Leaf00256.jpg,Felt_Leaf,Felt_Leaf,Correct,0.490288
datasets/train/Bituminous_Leaf/Bituminous_Leaf00135.jpg,Bituminous_Leaf,Bituminous_Leaf,Correct,0.881258
datasets/test/Leaf_Gall/Leaf_Gall00254.jpg,Leaf_Gall,Leaf_Blight,Incorrect,0.254170
datasets/train/Fungal_Leaf_Spot/Fungal_Leaf_Spot00364.jpg,Fungal_Leaf_Spot,Leaf_Blight,Incorrect,0.460642
datasets/test/Leaf_Gall/Leaf_Gall00213.jpg,Leaf_Gall,Leaf_Gall,Correct,0.718309
datasets/train/Healthy_Leaf/Healthy_Leaf00102.jpg,Healthy_Leaf,Healthy_Leaf,Correct,0.997660
datasets/train/Leaf_Gall/Leaf_Gall00221.jpg,Leaf_Gall,Leaf_Gall,Correct,0.813449
datasets/train/Felt_Leaf/Felt_Leaf00343.jpg,Felt_Leaf,Leaf_Blight,Incorrect,0.711462
datasets/test/Anthrax_Leaf/Anthrax_Leaf00102.jpg,Anthrax_Leaf,Anthrax_Leaf,Correct,0.896781
datasets/test/Felt_Leaf/Felt_Leaf00128.jpg,Felt_Leaf,Felt_Leaf,Correct,0.898014
datasets/train/Fungal_Leaf_Spot/Fungal_Leaf_Spot00245.jpg,Fungal_Leaf_Spot,Healthy_Leaf,Incorrect,0.390480
datasets/test/Dry_Leaf/Dry_Leaf00327.jpg,Dry_Leaf,Healthy_Leaf,Incorrect,0.290193
datasets/test/Anthrax_Leaf/Anthrax_Leaf00143.jpg,Anthrax_Leaf,Leaf_Gall,Incorrect,0.804894
datasets/test/Healthy_Leaf/Healthy_Leaf00443.jpg,Healthy_Leaf,Healthy_Leaf,Correct,0.348659
datasets/test/Healthy_Leaf/Healthy_Leaf00347.jpg,Healthy_Leaf,Healthy_Leaf,Correct,0.965872
datasets/test/Anthrax_Leaf/Anthrax_Leaf00002.jpg,Anthrax_Leaf,Healthy_Leaf,Incorrect,0.423847
datasets/train/Felt_Leaf/Felt_Leaf00305.jpg,Felt_Leaf,Felt_Leaf,Correct,0.861416
datasets/test/Fungal_Leaf_Spot/Fungal_Leaf_Spot00041.jpg,Fungal_Leaf_Spot,Fungal_Leaf_Spot,Correct,0.637110
datasets/test/Leaf_Gall/Leaf_Gall00075.jpg,Leaf_Gall,Leaf_Gall,Correct,0.882261
datasets/test/Dry_Leaf/Dry_Leaf00240.jpg,Dry_Leaf,Leaf_Blight,Incorrect,0.273988
datasets/train/Leaf_Gall/Leaf_Gall00349.jpg,Leaf_Gall,Leaf_Gall,Correct,0.528681
datasets/test/Fungal_Leaf_Spot/Fungal_Leaf_Spot00532.jpg,Fungal_Leaf_Spot,Fungal_Leaf_Spot,Correct,0.856874
datasets/train/Leaf_Gall/Leaf_Gall00165.jpg,Leaf_Gall,Leaf_Blight,Incorrect,0.245760
datasets/train/Felt_Leaf/Felt_Leaf00098.jpg,Felt_Leaf,Fungal_Leaf_Spot,Incorrect,0.328559
datasets/test/Leaf_Blight/Leaf_Blight00339.jpg,Leaf_Blight,Leaf_Blight,Correct,0.932278
datasets/test/Leaf_Blight/Leaf_Blight00306.jpg,Leaf_Blight,Leaf_Blight,Correct,0.993239
datasets/train/Bituminous_Leaf/Bituminous_Leaf00005.jpg,Bituminous_Leaf,Bituminous_Leaf,Correct,0.730608
datasets/test/Felt_Leaf/Felt_Leaf00352.jpg,Felt_Leaf,Leaf_Blight,Incorrect,0.352737
datasets/train/Bituminous_Leaf/Bituminous_Leaf00108.jpg,Bituminous_Leaf,Anthrax_Leaf,Incorrect,0.335208
datasets/test/Healthy_Leaf/Healthy_Leaf00601.jpg,Healthy_Leaf,Healthy_Leaf,Correct,0.519668
datasets/test/Anthrax_Leaf/Anthrax_Leaf00017.jpg,Anthrax_Leaf,Anthrax_Leaf,Correct,0.379502
datasets/train/Leaf_Blight/Leaf_Blight00043.jpg,Leaf_Blight,Leaf_Blight,Correct,0.437803
datasets/train/Fungal_Leaf_Spot/Fungal_Leaf_Spot00446.jpg,Fungal_Leaf_Spot,Fungal_Leaf_Spot,Correct,0.886035
datasets/train/Bituminous_Leaf/Bituminous_Leaf00118.jpg,Bituminous_Leaf,Bituminous_Leaf,Correct,0.825079
datasets/test/Fungal_Leaf_Spot/Fungal_Leaf_Spot00426.jpg,Fungal_Leaf_Spot,Fungal_Leaf_Spot,Correct,0.803405
datasets/test/Healthy_Leaf/Healthy_Leaf00324.jpg,Healthy_Leaf,Healthy_Leaf,Correct,0.964869
datasets/test/Leaf_Blight/Leaf_Blight00420.jpg,Leaf_Blight,Leaf_Blight,Correct,0.635025
datasets/test/Healthy_Leaf/Healthy_Leaf00142.jpg,Healthy_Leaf,Healthy_Leaf,Correct,0.895935
datasets/train/Leaf_Gall/Leaf_Gall00324.jpg,Leaf_Gall,Dry_Leaf,Incorrect,0.270459
datasets/test/Deficiency_Leaf/Deficiency_Leaf00085.jpg,Deficiency_Leaf,Leaf_Gall,Incorrect,0.607221
datasets/test/Leaf_Blight/Leaf_Blight00463.jpg,Leaf_Blight,Leaf_Blight,Correct,0.708127
datasets/test/Healthy_Leaf/Healthy_Leaf00129.jpg,Healthy_Leaf,Healthy_Leaf,Correct,0.748563
datasets/train/Healthy_Leaf/Healthy_Leaf00461.jpg,Healthy_Leaf,Healthy_Leaf,Correct,0.381370
datasets/test/Leaf_Blight/Leaf_Blight00200.jpg,Leaf_Blight,Leaf_Blight,Correct,0.925133
datasets/test/Felt_Leaf/Felt_Leaf00299.jpg,Felt_Leaf,Fungal_Leaf_Spot,Incorrect,0.570040
datasets/train/Healthy_Leaf/Healthy_Leaf00507.jpg,Healthy_Leaf,Leaf_Blight,Incorrect,0.705270
datasets/train/Leaf_Gall/Leaf_Gall00355.jpg,Leaf_Gall,Leaf_Gall,Correct,0.289335
datasets/train/Dry_Leaf/Dry_Leaf00355.jpg,Dry_Leaf,Leaf_Gall,Incorrect,0.745831
datasets/test/Fungal_Leaf_Spot/Fungal_Leaf_Spot00389.jpg,Fungal_Leaf_Spot,Fungal_Leaf_Spot,Correct,0.635601
datasets/test/Leaf_Blight/Leaf_Blight00405.jpg,Leaf_Blight,Leaf_Blight,Correct,0.395094
datasets/test/Dry_Leaf/Dry_Leaf00111.jpg,Dry_Leaf,Dry_Leaf,Correct,0.331733
datasets/test/Leaf_Blight/Leaf_Blight00545.jpg,Leaf_Blight,Leaf_Blight,Correct,0.993594
datasets/train/Leaf_Gall/Leaf_Gall00481.jpg,Leaf_Gall,Leaf_Gall,Correct,0.495182
datasets/test/Felt_Leaf/Felt_Leaf00111.jpg,Felt_Leaf,Felt_Leaf,Correct,0.664222
datasets/train/Dry_Leaf/Dry_Leaf00233.jpg,Dry_Leaf,Dry_Leaf,Correct,0.898142
datasets/test/Leaf_Blight/Leaf_Blight00098.jpg,Leaf_Blight,Leaf_Blight,Correct,0.547974
datasets/train/Fungal_Leaf_Spot/Fungal_Leaf_Spot00106.jpg,Fungal_Leaf_Spot,Leaf_Gall,Incorrect,0.323180
datasets/train/Leaf_Blight/Leaf_Blight00292.jpg,Leaf_Blight,Leaf_Blight,Correct,0.799310
datasets/test/Leaf_Blight/Leaf_Blight00005.jpg,Leaf_Blight,Leaf_Gall,Incorrect,0.235275
datasets/test/Leaf_Gall/Leaf_Gall00078.jpg,Leaf_Gall,Anthrax_Leaf,Incorrect,0.398490
datasets/test/Leaf_Blight/Leaf_Blight00461.jpg,Leaf_Blight,Fungal_Leaf_Spot,Incorrect,0.668882
datasets/test/Leaf_Blight/Leaf_Blight00291.jpg,Leaf_Blight,Leaf_Blight,Correct,0.436661
datasets/test/Healthy_Leaf/Healthy_Leaf00309.jpg,Healthy_Leaf,Healthy_Leaf,Correct,0.992729
datasets/train/Leaf_Gall/Leaf_Gall00571.jpg,Leaf_Gall,Leaf_Gall,Correct,0.398756
datasets/test/Fungal_Leaf_Spot/Fungal_Leaf_Spot00559.jpg,Fungal_Leaf_Spot,Fungal_Leaf_Spot,Correct,0.594590
datasets/test/Healthy_Leaf/Healthy_Leaf00182.jpg,Healthy_Leaf,Healthy_Leaf,Correct,0.661762
datasets/train/Fungal_Leaf_Spot/Fungal_Leaf_Spot00008.jpg,Fungal_Leaf_Spot,Fungal_Leaf_Spot,Correct,0.824123
datasets/train/Healthy_Leaf/Healthy_Leaf00130.jpg,Healthy_Leaf,Healthy_Leaf,Correct,0.977463
datasets/train/Fungal_Leaf_Spot/Fungal_Leaf_Spot00254.jpg,Fungal_Leaf_Spot,Fungal_Leaf_Spot,Correct,0.368903
datasets/test/Dry_Leaf/Dry_Leaf00185.jpg,Dry_Leaf,Dry_Leaf,Correct,0.998750
datasets/train/Dry_Leaf/Dry_Leaf00006.jpg,Dry_Leaf,Dry_Leaf,Correct,0.872627
datasets/test/Felt_Leaf/Felt_Leaf00182.jpg,Felt_Leaf,Felt_Leaf,Correct,0.527281
datasets/train/Bituminous_Leaf/Bituminous_Leaf00029.jpg,Bituminous_Leaf,Fungal_Leaf_Spot,Incorrect,0.550546
datasets/train/Dry_Leaf/Dry_Leaf00199.jpg,Dry_Leaf,Dry_Leaf,Correct,0.699570
datasets/train/Felt_Leaf/Felt_Leaf00148.jpg,Felt_Leaf,Leaf_Blight,Incorrect,0.523294
datasets/test/Dry_Leaf/Dry_Leaf00364.jpg,Dry_Leaf,Leaf_Blight,Incorrect,0.194855
datasets/test/Dry_Leaf/Dry_Leaf00282.jpg,Dry_Leaf,Healthy_Leaf,Incorrect,0.529624
datasets/test/Leaf_Blight/Leaf_Blight00400.jpg,Leaf_Blight,Leaf_Blight,Correct,0.968941
datasets/test/Healthy_Leaf/Healthy_Leaf00503.jpg,Healthy_Leaf,Healthy_Leaf,Correct,0.928454
datasets/test/Fungal_Leaf_Spot/Fungal_Leaf_Spot00144.jpg,Fungal_Leaf_Spot,Fungal_Leaf_Spot,Correct,0.845369
datasets/train/Felt_Leaf/Felt_Leaf00132.jpg,Felt_Leaf,Dry_Leaf,Incorrect,0.463734
datasets/test/Healthy_Leaf/Healthy_Leaf00620.jpg,Healthy_Leaf,Dry_Leaf,Incorrect,0.813766
datasets/train/Healthy_Leaf/Healthy_Leaf00056.jpg,Healthy_Leaf,Healthy_Leaf,Correct,0.938524
datasets/train/Anthrax_Leaf/Anthrax_Leaf00094.jpg,Anthrax_Leaf,Anthrax_Leaf,Correct,0.839568
datasets/test/Deficiency_Leaf/Deficiency_Leaf00100.jpg,Deficiency_Leaf,Bituminous_Leaf,Incorrect,0.651580
datasets/train/Felt_Leaf/Felt_Leaf00254.jpg,Felt_Leaf,Leaf_Gall,Incorrect,0.343312
datasets/test/Leaf_Blight/Leaf_Blight00229.jpg,Leaf_Blight,Leaf_Blight,Correct,0.773017
datasets/train/Curl_Leaf/Curl_Leaf00165.jpg,Curl_Leaf,Curl_Leaf,Correct,0.445489
datasets/test/Leaf_Gall/Leaf_Gall00091.jpg,Leaf_Gall,Leaf_Gall,Correct,0.392228
datasets/train/Fungal_Leaf_Spot/Fungal_Leaf_Spot00489.jpg,Fungal_Leaf_Spot,Fungal_Leaf_Spot,Correct,0.697737
datasets/train/Healthy_Leaf/Healthy_Leaf00172.jpg,Healthy_Leaf,Healthy_Leaf,Correct,0.990463
datasets/test/Felt_Leaf/Felt_Leaf00209.jpg,Felt_Leaf,Felt_Leaf,Correct,0.752740
datasets/test/Felt_Leaf/Felt_Leaf00360.jpg,Felt_Leaf,Felt_Leaf,Correct,0.394235
datasets/train/Healthy_Leaf/Healthy_Leaf00147.jpg,Healthy_Leaf,Healthy_Leaf,Correct,0.632975
datasets/train/Leaf_Gall/Leaf_Gall00118.jpg,Leaf_Gall,Fungal_Leaf_Spot,Incorrect,0.305817
datasets/test/Leaf_Gall/Leaf_Gall00160.jpg,Leaf_Gall,Felt_Leaf,Incorrect,0.400904
datasets/test/Leaf_Gall/Leaf_Gall00549.jpg,Leaf_Gall,Leaf_Gall,Correct,0.391110
datasets/test/Healthy_Leaf/Healthy_Leaf00067.jpg,Healthy_Leaf,Healthy_Leaf,Correct,0.977978
datasets/test/Fungal_Leaf_Spot/Fungal_Leaf_Spot00158.jpg,Fungal_Leaf_Spot,Fungal_Leaf_Spot,Correct,0.559497
datasets/test/Leaf_Blight/Leaf_Blight00122.jpg,Leaf_Blight,Leaf_Blight,Correct,0.470981
datasets/test/Healthy_Leaf/Healthy_Leaf00075.jpg,Healthy_Leaf,Healthy_Leaf,Correct,0.958967
datasets/test/Leaf_Gall/Leaf_Gall00542.jpg,Leaf_Gall,Fungal_Leaf_Spot,Incorrect,0.435430
datasets/train/Felt_Leaf/Felt_Leaf00342.jpg,Felt_Leaf,Felt_Leaf,Correct,0.446760
datasets/test/Dry_Leaf/Dry_Leaf00229.jpg,Dry_Leaf,Dry_Leaf,Correct,0.959521
datasets/test/Dry_Leaf/Dry_Leaf00312.jpg,Dry_Leaf,Fungal_Leaf_Spot,Incorrect,0.377837
datasets/test/Healthy_Leaf/Healthy_Leaf00380.jpg,Healthy_Leaf,Healthy_Leaf,Correct,0.896143
datasets/train/Felt_Leaf/Felt_Leaf00255.jpg,Felt_Leaf,Leaf_Blight,Incorrect,0.394504
datasets/train/Leaf_Gall/Leaf_Gall00224.jpg,Leaf_Gall,Leaf_Gall,Correct,0.952403
datasets/test/Felt_Leaf/Felt_Leaf00325.jpg,Felt_Leaf,Leaf_Gall,Incorrect,0.357125
datasets/test/Leaf_Gall/Leaf_Gall00023.jpg,Leaf_Gall,Leaf_Blight,Incorrect,0.381099
datasets/test/Fungal_Leaf_Spot/Fungal_Leaf_Spot00511.jpg,Fungal_Leaf_Spot,Felt_Leaf,Incorrect,0.309700
datasets/train/Fungal_Leaf_Spot/Fungal_Leaf_Spot00502.jpg,Fungal_Leaf_Spot,Dry_Leaf,Incorrect,0.531171
datasets/train/Bituminous_Leaf/Bituminous_Leaf00057.jpg,Bituminous_Leaf,Bituminous_Leaf,Correct,0.218673
datasets/train/Dry_Leaf/Dry_Leaf00369.jpg,Dry_Leaf,Dry_Leaf,Correct,0.633894
datasets/test/Healthy_Leaf/Healthy_Leaf00563.jpg,Healthy_Leaf,Healthy_Leaf,Correct,0.468410
datasets/test/Bituminous_Leaf/Bituminous_Leaf00074.jpg,Bituminous_Leaf,Bituminous_Leaf,Correct,0.898356
datasets/train/Healthy_Leaf/Healthy_Leaf00026.jpg,Healthy_Leaf,Healthy_Leaf,Correct,0.614260
datasets/train/Leaf_Blight/Leaf_Blight00315.jpg,Leaf_Blight,Leaf_Blight,Correct,0.824269
datasets/test/Fungal_Leaf_Spot/Fungal_Leaf_Spot00565.jpg,Fungal_Leaf_Spot,Fungal_Leaf_Spot,Correct,0.428662
datasets/test/Dry_Leaf/Dry_Leaf00058.jpg,Dry_Leaf,Dry_Leaf,Correct,0.715269
datasets/train/Curl_Leaf/Curl_Leaf00152.jpg,Curl_Leaf,Curl_Leaf,Correct,0.200708
datasets/test/Anthrax_Leaf/Anthrax_Leaf00108.jpg,Anthrax_Leaf,Anthrax_Leaf,Correct,0.819666
datasets/train/Leaf_Gall/Leaf_Gall00137.jpg,Leaf_Gall,Leaf_Gall,Correct,0.705736
datasets/test/Leaf_Gall/Leaf_Gall00089.jpg,Leaf_Gall,Leaf_Gall,Correct,0.890992
datasets/test/Bituminous_Leaf/Bituminous_Leaf00003.jpg,Bituminous_Leaf,Leaf_Gall,Incorrect,0.236540
datasets/train/Healthy_Leaf/Healthy_Leaf00599.jpg,Healthy_Leaf,Healthy_Leaf,Correct,0.998272
datasets/test/Leaf_Blight/Leaf_Blight00520.jpg,Leaf_Blight,Leaf_Blight,Correct,0.745622
datasets/test/Bituminous_Leaf/Bituminous_Leaf00021.jpg,Bituminous_Leaf,Healthy_Leaf,Incorrect,0.379336
datasets/train/Dry_Leaf/Dry_Leaf00313.jpg,Dry_Leaf,Leaf_Blight,Incorrect,0.236153
datasets/test/Bituminous_Leaf/Bituminous_Leaf00090.jpg,Bituminous_Leaf,Bituminous_Leaf,Correct,0.953825
datasets/test/Leaf_Gall/Leaf_Gall00475.jpg,Leaf_Gall,Leaf_Gall,Correct,0.300959
datasets/train/Leaf_Gall/Leaf_Gall00086.jpg,Leaf_Gall,Leaf_Gall,Correct,0.635279
datasets/test/Dry_Leaf/Dry_Leaf00219.jpg,Dry_Leaf,Dry_Leaf,Correct,0.715510
datasets/test/Curl_Leaf/Curl_Leaf00081.jpg,Curl_Leaf,Curl_Leaf,Correct,0.727933
datasets/test/Leaf_Blight/Leaf_Blight00277.jpg,Leaf_Blight,Leaf_Blight,Correct,0.819178
datasets/train/Leaf_Gall/Leaf_Gall00140.jpg,Leaf_Gall,Leaf_Gall,Correct,0.519685
datasets/train/Leaf_Gall/Leaf_Gall00062.jpg,Leaf_Gall,Dry_Leaf,Incorrect,0.296341
datasets/train/Leaf_Gall/Leaf_Gall00093.jpg,Leaf_Gall,Leaf_Gall,Correct,0.824439
datasets/train/Anthrax_Leaf/Anthrax_Leaf00105.jpg,Anthrax_Leaf,Felt_Leaf,Incorrect,0.668778
datasets/train/Dry_Leaf/Dry_Leaf00110.jpg,Dry_Leaf,Dry_Leaf,Correct,0.658619
datasets/train/Leaf_Gall/Leaf_Gall00464.jpg,Leaf_Gall,Leaf_Blight,Incorrect,0.485023
datasets/test/Bituminous_Leaf/Bituminous_Leaf00133.jpg,Bituminous_Leaf,Bituminous_Leaf,Correct,0.857879
datasets/test/Healthy_Leaf/Healthy_Leaf00413.jpg,Healthy_Leaf,Healthy_Leaf,Correct,0.510695
datasets/test/Healthy_Leaf/Healthy_Leaf00526.jpg,Healthy_Leaf,Healthy_Leaf,Correct,0.506184
datasets/test/Healthy_Leaf/Healthy_Leaf00547.jpg,Healthy_Leaf,Leaf_Gall,Incorrect,0.365829
datasets/test/Dry_Leaf/Dry_Leaf00181.jpg,Dry_Leaf,Dry_Leaf,Correct,0.894777
datasets/train/Fungal_Leaf_Spot/Fungal_Leaf_Spot00184.jpg,Fungal_Leaf_Spot,Fungal_Leaf_Spot,Correct,0.500972
datasets/test/Dry_Leaf/Dry_Leaf00208.jpg,Dry_Leaf,Dry_Leaf,Correct,0.995202
datasets/test/Dry_Leaf/Dry_Leaf00221.jpg,Dry_Leaf,Dry_Leaf,Correct,0.786128
datasets/train/Leaf_Gall/Leaf_Gall00554.jpg,Leaf_Gall,Leaf_Gall,Correct,0.565862
datasets/train/Leaf_Gall/Leaf_Gall00240.jpg,Leaf_Gall,Leaf_Gall,Correct,0.743225
datasets/train/Felt_Leaf/Felt_Leaf00118.jpg,Felt_Leaf,Fungal_Leaf_Spot,Incorrect,0.238733
datasets/test/Leaf_Blight/Leaf_Blight00583.jpg,Leaf_Blight,Felt_Leaf,Incorrect,0.449849
datasets/test/Leaf_Blight/Leaf_Blight00087.jpg,Leaf_Blight,Felt_Leaf,Incorrect,0.403776
datasets/test/Dry_Leaf/Dry_Leaf00150.jpg,Dry_Leaf,Dry_Leaf,Correct,0.960322
datasets/test/Fungal_Leaf_Spot/Fungal_Leaf_Spot00109.jpg,Fungal_Leaf_Spot,Fungal_Leaf_Spot,Correct,0.872462
datasets/test/Leaf_Blight/Leaf_Blight00472.jpg,Leaf_Blight,Leaf_Blight,Correct,0.975184
datasets/train/Leaf_Gall/Leaf_Gall00412.jpg,Leaf_Gall,Leaf_Gall,Correct,0.469071
datasets/test/Leaf_Blight/Leaf_Blight00052.jpg,Leaf_Blight,Leaf_Blight,Correct,0.468618
datasets/train/Healthy_Leaf/Healthy_Leaf00495.jpg,Healthy_Leaf,Dry_Leaf,Incorrect,0.399767
datasets/train/Healthy_Leaf/Healthy_Leaf00049.jpg,Healthy_Leaf,Healthy_Leaf,Correct,0.968267
datasets/train/Leaf_Gall/Leaf_Gall00186.jpg,Leaf_Gall,Leaf_Gall,Correct,0.761299
datasets/train/Felt_Leaf/Felt_Leaf00168.jpg,Felt_Leaf,Felt_Leaf,Correct,0.376428
datasets/test/Leaf_Blight/Leaf_Blight00305.jpg,Leaf_Blight,Leaf_Blight,Correct,0.740698
datasets/test/Healthy_Leaf/Healthy_Leaf00626.jpg,Healthy_Leaf,Healthy_Leaf,Correct,0.615351
datasets/train/Leaf_Blight/Leaf_Blight00282.jpg,Leaf_Blight,Leaf_Gall,Incorrect,0.827927
datasets/test/Felt_Leaf/Felt_Leaf00279.jpg,Felt_Leaf,Fungal_Leaf_Spot,Incorrect,0.490517
datasets/test/Leaf_Blight/Leaf_Blight00469.jpg,Leaf_Blight,Leaf_Blight,Correct,0.968456
datasets/test/Leaf_Gall/Leaf_Gall00524.jpg,Leaf_Gall,Fungal_Leaf_Spot,Incorrect,0.733759
datasets/test/Healthy_Leaf/Healthy_Leaf00279.jpg,Healthy_Leaf,Healthy_Leaf,Correct,0.980772
datasets/train/Leaf_Gall/Leaf_Gall00516.jpg,Leaf_Gall,Leaf_Gall,Correct,0.748345
datasets/test/Dry_Leaf/Dry_Leaf00088.jpg,Dry_Leaf,Dry_Leaf,Correct,0.583540
datasets/test/Anthrax_Leaf/Anthrax_Leaf00104.jpg,Anthrax_Leaf,Anthrax_Leaf,Correct,0.894852
datasets/train/Felt_Leaf/Felt_Leaf00091.jpg,Felt_Leaf,Healthy_Leaf,Incorrect,0.305708
datasets/test/Felt_Leaf/Felt_Leaf00341.jpg,Felt_Leaf,Felt_Leaf,Correct,0.733946
datasets/test/Bituminous_Leaf/Bituminous_Leaf00120.jpg,Bituminous_Leaf,Healthy_Leaf,Incorrect,0.445811
datasets/test/Bituminous_Leaf/Bituminous_Leaf00072.jpg,Bituminous_Leaf,Bituminous_Leaf,Correct,0.568204
datasets/test/Fungal_Leaf_Spot/Fungal_Leaf_Spot00291.jpg,Fungal_Leaf_Spot,Healthy_Leaf,Incorrect,0.668115
datasets/train/Healthy_Leaf/Healthy_Leaf00034.jpg,Healthy_Leaf,Healthy_Leaf,Correct,0.984856
datasets/train/Leaf_Gall/Leaf_Gall00145.jpg,Leaf_Gall,Leaf_Gall,Correct,0.520078
datasets/train/Leaf_Gall/Leaf_Gall00361.jpg,Leaf_Gall,Leaf_Gall,Correct,0.434675
datasets/test/Leaf_Gall/Leaf_Gall00452.jpg,Leaf_Gall,Leaf_Gall,Correct,0.243099
datasets/train/Fungal_Leaf_Spot/Fungal_Leaf_Spot00072.jpg,Fungal_Leaf_Spot,Fungal_Leaf_Spot,Correct,0.802282
datasets/test/Fungal_Leaf_Spot/Fungal_Leaf_Spot00564.jpg,Fungal_Leaf_Spot,Fungal_Leaf_Spot,Correct,0.663542
datasets/train/Leaf_Blight/Leaf_Blight00486.jpg,Leaf_Blight,Leaf_Blight,Correct,0.824247
datasets/test/Anthrax_Leaf/Anthrax_Leaf00020.jpg,Anthrax_Leaf,Leaf_Blight,Incorrect,0.537969
datasets/test/Dry_Leaf/Dry_Leaf00144.jpg,Dry_Leaf,Dry_Leaf,Correct,0.952831
datasets/test/Dry_Leaf/Dry_Leaf00204.jpg,Dry_Leaf,Dry_Leaf,Correct,0.477497
datasets/train/Healthy_Leaf/Healthy_Leaf00236.jpg,Healthy_Leaf,Healthy_Leaf,Correct,0.981310
datasets/test/Fungal_Leaf_Spot/Fungal_Leaf_Spot00530.jpg,Fungal_Leaf_Spot,Fungal_Leaf_Spot,Correct,0.586483
datasets/test/Felt_Leaf/Felt_Leaf00058.jpg,Felt_Leaf,Felt_Leaf,Correct,0.545110
datasets/train/Healthy_Leaf/Healthy_Leaf00137.jpg,Healthy_Leaf,Healthy_Leaf,Correct,0.999129
datasets/train/Curl_Leaf/Curl_Leaf00004.jpg,Curl_Leaf,Curl_Leaf,Correct,0.354578
datasets/test/Felt_Leaf/Felt_Leaf00249.jpg,Felt_Leaf,Leaf_Blight,Incorrect,0.303641
datasets/test/Leaf_Blight/Leaf_Blight00375.jpg,Leaf_Blight,Leaf_Blight,Correct,0.900571
datasets/test/Fungal_Leaf_Spot/Fungal_Leaf_Spot00173.jpg,Fungal_Leaf_Spot,Fungal_Leaf_Spot,Correct,0.693254
datasets/train/Fungal_Leaf_Spot/Fungal_Leaf_Spot00090.jpg,Fungal_Leaf_Spot,Leaf_Blight,Incorrect,0.442949
datasets/test/Deficiency_Leaf/Deficiency_Leaf00086.jpg,Deficiency_Leaf,Bituminous_Leaf,Incorrect,0.476684
datasets/train/Leaf_Gall/Leaf_Gall00528.jpg,Leaf_Gall,Dry_Leaf,Incorrect,0.348292
datasets/train/Anthrax_Leaf/Anthrax_Leaf00136.jpg,Anthrax_Leaf,Anthrax_Leaf,Correct,0.900062
datasets/train/Bituminous_Leaf/Bituminous_Leaf00030.jpg,Bituminous_Leaf,Bituminous_Leaf,Correct,0.218860
datasets/test/Leaf_Gall/Leaf_Gall00011.jpg,Leaf_Gall,Leaf_Blight,Incorrect,0.386186
datasets/test/Healthy_Leaf/Healthy_Leaf00237.jpg,Healthy_Leaf,Healthy_Leaf,Correct,0.990468
datasets/test/Leaf_Gall/Leaf_Gall00210.jpg,Leaf_Gall,Leaf_Gall,Correct,0.603884
datasets/test/Leaf_Gall/Leaf_Gall00580.jpg,Leaf_Gall,Leaf_Gall,Correct,0.621758
datasets/test/Healthy_Leaf/Healthy_Leaf00153.jpg,Healthy_Leaf,Healthy_Leaf,Correct,0.988030
datasets/test/Felt_Leaf/Felt_Leaf00203.jpg,Felt_Leaf,Felt_Leaf,Correct,0.711477
datasets/train/Bituminous_Leaf/Bituminous_Leaf00054.jpg,Bituminous_Leaf,Bituminous_Leaf,Correct,0.418999
datasets/test/Deficiency_Leaf/Deficiency_Leaf00040.jpg,Deficiency_Leaf,Dry_Leaf,Incorrect,0.196169
datasets/train/Leaf_Blight/Leaf_Blight00216.jpg,Leaf_Blight,Leaf_Blight,Correct,0.622683
datasets/test/Leaf_Gall/Leaf_Gall00595.jpg,Leaf_Gall,Leaf_Gall,Correct,0.856244
datasets/train/Leaf_Blight/Leaf_Blight00515.jpg,Leaf_Blight,Leaf_Blight,Correct,0.349533
datasets/test/Felt_Leaf/Felt_Leaf00124.jpg,Felt_Leaf,Felt_Leaf,Correct,0.814496
datasets/test/Felt_Leaf/Felt_Leaf00062.jpg,Felt_Leaf,Leaf_Gall,Incorrect,0.180854
datasets/test/Fungal_Leaf_Spot/Fungal_Leaf_Spot00456.jpg,Fungal_Leaf_Spot,Fungal_Leaf_Spot,Correct,0.835945
datasets/test/Dry_Leaf/Dry_Leaf00321.jpg,Dry_Leaf,Dry_Leaf,Correct,0.995554
datasets/train/Fungal_Leaf_Spot/Fungal_Leaf_Spot00341.jpg,Fungal_Leaf_Spot,Fungal_Leaf_Spot,Correct,0.561215
datasets/test/Felt_Leaf/Felt_Leaf00150.jpg,Felt_Leaf,Dry_Leaf,Incorrect,0.318691
datasets/train/Healthy_Leaf/Healthy_Leaf00444.jpg,Healthy_Leaf,Fungal_Leaf_Spot,Incorrect,0.442311
datasets/train/Felt_Leaf/Felt_Leaf00270.jpg,Felt_Leaf,Felt_Leaf,Correct,0.393494
datasets/test/Dry_Leaf/Dry_Leaf00051.jpg,Dry_Leaf,Dry_Leaf,Correct,0.977440
datasets/test/Leaf_Blight/Leaf_Blight00484.jpg,Leaf_Blight,Leaf_Blight,Correct,0.634479
datasets/train/Fungal_Leaf_Spot/Fungal_Leaf_Spot00212.jpg,Fungal_Leaf_Spot,Fungal_Leaf_Spot,Correct,0.801310
datasets/train/Anthrax_Leaf/Anthrax_Leaf00064.jpg,Anthrax_Leaf,Anthrax_Leaf,Correct,0.983816
datasets/train/Leaf_Gall/Leaf_Gall00497.jpg,Leaf_Gall,Leaf_Gall,Correct,0.644169
datasets/test/Leaf_Blight/Leaf_Blight00131.jpg,Leaf_Blight,Felt_Leaf,Incorrect,0.367835
datasets/train/Healthy_Leaf/Healthy_Leaf00082.jpg,Healthy_Leaf,Healthy_Leaf,Correct,0.864500
datasets/test/Fungal_Leaf_Spot/Fungal_Leaf_Spot00402.jpg,Fungal_Leaf_Spot,Fungal_Leaf_Spot,Correct,0.777577
datasets/train/Dry_Leaf/Dry_Leaf00224.jpg,Dry_Leaf,Healthy_Leaf,Incorrect,0.498984
datasets/test/Healthy_Leaf/Healthy_Leaf00081.jpg,Healthy_Leaf,Healthy_Leaf,Correct,0.986909
datasets/train/Healthy_Leaf/Healthy_Leaf00186.jpg,Healthy_Leaf,Healthy_Leaf,Correct,0.852935
datasets/test/Dry_Leaf/Dry_Leaf00278.jpg,Dry_Leaf,Dry_Leaf,Correct,0.772506
datasets/train/Dry_Leaf/Dry_Leaf00105.jpg,Dry_Leaf,Leaf_Gall,Incorrect,0.501890
datasets/train/Dry_Leaf/Dry_Leaf00054.jpg,Dry_Leaf,Dry_Leaf,Correct,0.543563
datasets/test/Dry_Leaf/Dry_Leaf00288.jpg,Dry_Leaf,Dry_Leaf,Correct,0.995194
datasets/train/Dry_Leaf/Dry_Leaf00081.jpg,Dry_Leaf,Dry_Leaf,Correct,0.482771
datasets/test/Dry_Leaf/Dry_Leaf00337.jpg,Dry_Leaf,Leaf_Blight,Incorrect,0.345732
datasets/test/Fungal_Leaf_Spot/Fungal_Leaf_Spot00146.jpg,Fungal_Leaf_Spot,Felt_Leaf,Incorrect,0.159472
datasets/train/Deficiency_Leaf/Deficiency_Leaf00006.jpg,Deficiency_Leaf,Leaf_Blight,Incorrect,0.362128
datasets/test/Deficiency_Leaf/Deficiency_Leaf00041.jpg,Deficiency_Leaf,Leaf_Gall,Incorrect,0.582713
datasets/test/Fungal_Leaf_Spot/Fungal_Leaf_Spot00535.jpg,Fungal_Leaf_Spot,Felt_Leaf,Incorrect,0.273012
datasets/test/Leaf_Blight/Leaf_Blight00069.jpg,Leaf_Blight,Leaf_Blight,Correct,0.433648
datasets/test/Fungal_Leaf_Spot/Fungal_Leaf_Spot00549.jpg,Fungal_Leaf_Spot,Healthy_Leaf,Incorrect,0.628911
datasets/test/Healthy_Leaf/Healthy_Leaf00575.jpg,Healthy_Leaf,Healthy_Leaf,Correct,0.578236
datasets/test/Healthy_Leaf/Healthy_Leaf00414.jpg,Healthy_Leaf,Fungal_Leaf_Spot,Incorrect,0.633661
datasets/test/Leaf_Gall/Leaf_Gall00490.jpg,Leaf_Gall,Leaf_Gall,Correct,0.745410
datasets/test/Felt_Leaf/Felt_Leaf00251.jpg,Felt_Leaf,Felt_Leaf,Correct,0.526700
datasets/train/Dry_Leaf/Dry_Leaf00276.jpg,Dry_Leaf,Dry_Leaf,Correct,0.780645
datasets/train/Deficiency_Leaf/Deficiency_Leaf00082.jpg,Deficiency_Leaf,Leaf_Blight,Incorrect,0.243202
datasets/train/Leaf_Gall/Leaf_Gall00456.jpg,Leaf_Gall,Leaf_Gall,Correct,0.246715
datasets/test/Felt_Leaf/Felt_Leaf00250.jpg,Felt_Leaf,Fungal_Leaf_Spot,Incorrect,0.608381
datasets/test/Leaf_Gall/Leaf_Gall00301.jpg,Leaf_Gall,Leaf_Gall,Correct,0.370030
datasets/test/Fungal_Leaf_Spot/Fungal_Leaf_Spot00381.jpg,Fungal_Leaf_Spot,Fungal_Leaf_Spot,Correct,0.756875
datasets/test/Fungal_Leaf_Spot/Fungal_Leaf_Spot00131.jpg,Fungal_Leaf_Spot,Fungal_Leaf_Spot,Correct,0.645364
datasets/test/Leaf_Gall/Leaf_Gall00294.jpg,Leaf_Gall,Leaf_Gall,Correct,0.548340
datasets/test/Leaf_Blight/Leaf_Blight00587.jpg,Leaf_Blight,Leaf_Gall,Incorrect,0.411422
datasets/test/Curl_Leaf/Curl_Leaf00132.jpg,Curl_Leaf,Leaf_Blight,Incorrect,0.346671
datasets/test/Leaf_Gall/Leaf_Gall00367.jpg,Leaf_Gall,Healthy_Leaf,Incorrect,0.559497
datasets/train/Leaf_Gall/Leaf_Gall00491.jpg,Leaf_Gall,Leaf_Gall,Correct,0.276483
datasets/train/Dry_Leaf/Dry_Leaf00374.jpg,Dry_Leaf,Dry_Leaf,Correct,0.434246
datasets/test/Anthrax_Leaf/Anthrax_Leaf00061.jpg,Anthrax_Leaf,Anthrax_Leaf,Correct,0.306242
datasets/train/Leaf_Blight/Leaf_Blight00422.jpg,Leaf_Blight,Leaf_Gall,Incorrect,0.308398
datasets/train/Fungal_Leaf_Spot/Fungal_Leaf_Spot00094.jpg,Fungal_Leaf_Spot,Leaf_Blight,Incorrect,0.420840
datasets/test/Curl_Leaf/Curl_Leaf00096.jpg,Curl_Leaf,Leaf_Blight,Incorrect,0.279326
datasets/test/Fungal_Leaf_Spot/Fungal_Leaf_Spot00512.jpg,Fungal_Leaf_Spot,Felt_Leaf,Incorrect,0.342849
datasets/train/Healthy_Leaf/Healthy_Leaf00305.jpg,Healthy_Leaf,Healthy_Leaf,Correct,0.932528
datasets/train/Dry_Leaf/Dry_Leaf00015.jpg,Dry_Leaf,Dry_Leaf,Correct,0.685138
datasets/test/Healthy_Leaf/Healthy_Leaf00125.jpg,Healthy_Leaf,Healthy_Leaf,Correct,0.941465
datasets/train/Healthy_Leaf/Healthy_Leaf00189.jpg,Healthy_Leaf,Healthy_Leaf,Correct,0.880235
datasets/test/Healthy_Leaf/Healthy_Leaf00516.jpg,Healthy_Leaf,Healthy_Leaf,Correct,0.875950
datasets/test/Deficiency_Leaf/Deficiency_Leaf00076.jpg,Deficiency_Leaf,Anthrax_Leaf,Incorrect,0.344055
datasets/test/Healthy_Leaf/Healthy_Leaf00332.jpg,Healthy_Leaf,Healthy_Leaf,Correct,0.868989
datasets/train/Healthy_Leaf/Healthy_Leaf00621.jpg,Healthy_Leaf,Healthy_Leaf,Correct,0.409287
datasets/test/Felt_Leaf/Felt_Leaf00210.jpg,Felt_Leaf,Felt_Leaf,Correct,0.420317
datasets/train/Leaf_Blight/Leaf_Blight00040.jpg,Leaf_Blight,Leaf_Blight,Correct,0.514016
datasets/test/Healthy_Leaf/Healthy_Leaf00532.jpg,Healthy_Leaf,Healthy_Leaf,Correct,0.388058
datasets/test/Bituminous_Leaf/Bituminous_Leaf00017.jpg,Bituminous_Leaf,Bituminous_Leaf,Correct,0.964345
datasets/test/Healthy_Leaf/Healthy_Leaf00483.jpg,Healthy_Leaf,Dry_Leaf,Incorrect,0.408003
datasets/train/Dry_Leaf/Dry_Leaf00217.jpg,Dry_Leaf,Dry_Leaf,Correct,0.837155
datasets/test/Leaf_Blight/Leaf_Blight00318.jpg,Leaf_Blight,Leaf_Blight,Correct,0.986991
datasets/test/Healthy_Leaf/Healthy_Leaf00560.jpg,Healthy_Leaf,Healthy_Leaf,Correct,0.963622
datasets/test/Felt_Leaf/Felt_Leaf00233.jpg,Felt_Leaf,Leaf_Blight,Incorrect,0.356817
datasets/test/Dry_Leaf/Dry_Leaf00179.jpg,Dry_Leaf,Dry_Leaf,Correct,0.815078
datasets/test/Leaf_Blight/Leaf_Blight00245.jpg,Leaf_Blight,Leaf_Blight,Correct,0.932301
datasets/test/Leaf_Blight/Leaf_Blight00567.jpg,Leaf_Blight,Leaf_Blight,Correct,0.983900
datasets/test/Leaf_Blight/Leaf_Blight00079.jpg,Leaf_Blight,Fungal_Leaf_Spot,Incorrect,0.292008
datasets/train/Healthy_Leaf/Healthy_Leaf00254.jpg,Healthy_Leaf,Healthy_Leaf,Correct,0.914087
datasets/train/Leaf_Blight/Leaf_Blight00243.jpg,Leaf_Blight,Leaf_Blight,Correct,0.725093
datasets/train/Leaf_Gall/Leaf_Gall00557.jpg,Leaf_Gall,Leaf_Gall,Correct,0.780420
datasets/test/Leaf_Blight/Leaf_Blight00111.jpg,Leaf_Blight,Leaf_Blight,Correct,0.556229
datasets/test/Healthy_Leaf/Healthy_Leaf00401.jpg,Healthy_Leaf,Healthy_Leaf,Correct,0.699467
datasets/test/Anthrax_Leaf/Anthrax_Leaf00011.jpg,Anthrax_Leaf,Fungal_Leaf_Spot,Incorrect,0.366964
datasets/train/Curl_Leaf/Curl_Leaf00170.jpg,Curl_Leaf,Curl_Leaf,Correct,0.393117
datasets/test/Leaf_Gall/Leaf_Gall00482.jpg,Leaf_Gall,Leaf_Gall,Correct,0.806919
datasets/train/Leaf_Gall/Leaf_Gall00272.jpg,Leaf_Gall,Leaf_Gall,Correct,0.704676
datasets/train/Healthy_Leaf/Healthy_Leaf00023.jpg,Healthy_Leaf,Healthy_Leaf,Correct,0.985945
datasets/test/Dry_Leaf/Dry_Leaf00041.jpg,Dry_Leaf,Dry_Leaf,Correct,0.455922
datasets/test/Dry_Leaf/Dry_Leaf00273.jpg,Dry_Leaf,Dry_Leaf,Correct,0.548999
datasets/train/Healthy_Leaf/Healthy_Leaf00240.jpg,Healthy_Leaf,Healthy_Leaf,Correct,0.772255
datasets/test/Leaf_Blight/Leaf_Blight00561.jpg,Leaf_Blight,Leaf_Blight,Correct,0.906106
datasets/test/Healthy_Leaf/Healthy_Leaf00246.jpg,Healthy_Leaf,Healthy_Leaf,Correct,0.935560
datasets/test/Dry_Leaf/Dry_Leaf00197.jpg,Dry_Leaf,Dry_Leaf,Correct,0.560043
datasets/test/Dry_Leaf/Dry_Leaf00155.jpg,Dry_Leaf,Dry_Leaf,Correct,0.980840
datasets/test/Fungal_Leaf_Spot/Fungal_Leaf_Spot00566.jpg,Fungal_Leaf_Spot,Fungal_Leaf_Spot,Correct,0.378672
datasets/train/Fungal_Leaf_Spot/Fungal_Leaf_Spot00443.jpg,Fungal_Leaf_Spot,Leaf_Blight,Incorrect,0.601670
datasets/train/Anthrax_Leaf/Anthrax_Leaf00142.jpg,Anthrax_Leaf,Bituminous_Leaf,Incorrect,0.313014
datasets/test/Fungal_Leaf_Spot/Fungal_Leaf_Spot00441.jpg,Fungal_Leaf_Spot,Healthy_Leaf,Incorrect,0.285518
datasets/train/Fungal_Leaf_Spot/Fungal_Leaf_Spot00351.jpg,Fungal_Leaf_Spot,Felt_Leaf,Incorrect,0.455857
datasets/train/Dry_Leaf/Dry_Leaf00248.jpg,Dry_Leaf,Dry_Leaf,Correct,0.944861
datasets/test/Fungal_Leaf_Spot/Fungal_Leaf_Spot00318.jpg,Fungal_Leaf_Spot,Fungal_Leaf_Spot,Correct,0.671819
datasets/train/Healthy_Leaf/Healthy_Leaf00263.jpg,Healthy_Leaf,Leaf_Blight,Incorrect,0.696894
datasets/test/Leaf_Blight/Leaf_Blight00213.jpg,Leaf_Blight,Leaf_Blight,Correct,0.937952
datasets/test/Leaf_Blight/Leaf_Blight00549.jpg,Leaf_Blight,Leaf_Blight,Correct,0.980919
datasets/test/Fungal_Leaf_Spot/Fungal_Leaf_Spot00198.jpg,Fungal_Leaf_Spot,Fungal_Leaf_Spot,Correct,0.628044
datasets/test/Healthy_Leaf/Healthy_Leaf00248.jpg,Healthy_Leaf,Healthy_Leaf,Correct,0.652443
datasets/train/Healthy_Leaf/Healthy_Leaf00264.jpg,Healthy_Leaf,Healthy_Leaf,Correct,0.927897
datasets/test/Dry_Leaf/Dry_Leaf00132.jpg,Dry_Leaf,Dry_Leaf,Correct,0.335252
datasets/train/Healthy_Leaf/Healthy_Leaf00453.jpg,Healthy_Leaf,Healthy_Leaf,Correct,0.759328
datasets/test/Healthy_Leaf/Healthy_Leaf00294.jpg,Healthy_Leaf,Leaf_Blight,Incorrect,0.474967
datasets/test/Fungal_Leaf_Spot/Fungal_Leaf_Spot00233.jpg,Fungal_Leaf_Spot,Fungal_Leaf_Spot,Correct,0.515687
datasets/train/Dry_Leaf/Dry_Leaf00247.jpg,Dry_Leaf,Dry_Leaf,Correct,0.805643
datasets/test/Leaf_Blight/Leaf_Blight00058.jpg,Leaf_Blight,Leaf_Blight,Correct,0.655543
datasets/test/Leaf_Gall/Leaf_Gall00264.jpg,Leaf_Gall,Leaf_Blight,Incorrect,0.731609
datasets/test/Curl_Leaf/Curl_Leaf00011.jpg,Curl_Leaf,Curl_Leaf,Correct,0.226900
datasets/test/Bituminous_Leaf/Bituminous_Leaf00091.jpg,Bituminous_Leaf,Bituminous_Leaf,Correct,0.251291
datasets/train/Healthy_Leaf/Healthy_Leaf00238.jpg,Healthy_Leaf,Healthy_Leaf,Correct,0.972973
datasets/test/Leaf_Gall/Leaf_Gall00126.jpg,Leaf_Gall,Leaf_Gall,Correct,0.561704
datasets/test/Leaf_Blight/Leaf_Blight00485.jpg,Leaf_Blight,Leaf_Blight,Correct,0.523230
datasets/train/Leaf_Blight/Leaf_Blight00404.jpg,Leaf_Blight,Fungal_Leaf_Spot,Incorrect,0.468697
datasets/train/Healthy_Leaf/Healthy_Leaf00234.jpg,Healthy_Leaf,Healthy_Leaf,Correct,0.494687
datasets/test/Felt_Leaf/Felt_Leaf00366.jpg,Felt_Leaf,Felt_Leaf,Correct,0.371073
datasets/test/Leaf_Blight/Leaf_Blight00456.jpg,Leaf_Blight,Leaf_Gall,Incorrect,0.394392
datasets/test/Leaf_Gall/Leaf_Gall00391.jpg,Leaf_Gall,Leaf_Blight,Incorrect,0.435814
datasets/test/Leaf_Gall/Leaf_Gall00191.jpg,Leaf_Gall,Leaf_Gall,Correct,0.891751
datasets/test/Healthy_Leaf/Healthy_Leaf00389.jpg,Healthy_Leaf,Healthy_Leaf,Correct,0.534049
datasets/test/Leaf_Blight/Leaf_Blight00083.jpg,Leaf_Blight,Leaf_Blight,Correct,0.339995
datasets/test/Leaf_Gall/Leaf_Gall00016.jpg,Leaf_Gall,Leaf_Gall,Correct,0.261340
datasets/test/Curl_Leaf/Curl_Leaf00157.jpg,Curl_Leaf,Curl_Leaf,Correct,0.722129
datasets/test/Leaf_Blight/Leaf_Blight00046.jpg,Leaf_Blight,Leaf_Gall,Incorrect,0.316616
datasets/test/Healthy_Leaf/Healthy_Leaf00281.jpg,Healthy_Leaf,Healthy_Leaf,Correct,0.846152
datasets/test/Anthrax_Leaf/Anthrax_Leaf00140.jpg,Anthrax_Leaf,Anthrax_Leaf,Correct,0.973469
datasets/train/Fungal_Leaf_Spot/Fungal_Leaf_Spot00187.jpg,Fungal_Leaf_Spot,Fungal_Leaf_Spot,Correct,0.777874
datasets/test/Healthy_Leaf/Healthy_Leaf00292.jpg,Healthy_Leaf,Healthy_Leaf,Correct,0.873065
datasets/test/Fungal_Leaf_Spot/Fungal_Leaf_Spot00064.jpg,Fungal_Leaf_Spot,Fungal_Leaf_Spot,Correct,0.571528
datasets/train/Fungal_Leaf_Spot/Fungal_Leaf_Spot00287.jpg,Fungal_Leaf_Spot,Fungal_Leaf_Spot,Correct,0.865199
datasets/test/Felt_Leaf/Felt_Leaf00036.jpg,Felt_Leaf,Felt_Leaf,Correct,0.445379
datasets/test/Dry_Leaf/Dry_Leaf00351.jpg,Dry_Leaf,Dry_Leaf,Correct,0.940291
datasets/test/Fungal_Leaf_Spot/Fungal_Leaf_Spot00301.jpg,Fungal_Leaf_Spot,Fungal_Leaf_Spot,Correct,0.739721
datasets/train/Leaf_Blight/Leaf_Blight00280.jpg,Leaf_Blight,Leaf_Blight,Correct,0.450696
datasets/test/Fungal_Leaf_Spot/Fungal_Leaf_Spot00346.jpg,Fungal_Leaf_Spot,Fungal_Leaf_Spot,Correct,0.523371
datasets/train/Felt_Leaf/Felt_Leaf00295.jpg,Felt_Leaf,Fungal_Leaf_Spot,Incorrect,0.811954
datasets/test/Fungal_Leaf_Spot/Fungal_Leaf_Spot00280.jpg,Fungal_Leaf_Spot,Fungal_Leaf_Spot,Correct,0.568283
datasets/test/Leaf_Blight/Leaf_Blight00497.jpg,Leaf_Blight,Leaf_Blight,Correct,0.984458
datasets/train/Leaf_Blight/Leaf_Blight00464.jpg,Leaf_Blight,Leaf_Blight,Correct,0.538305
datasets/test/Leaf_Gall/Leaf_Gall00194.jpg,Leaf_Gall,Leaf_Gall,Correct,0.883963
datasets/test/Leaf_Gall/Leaf_Gall00518.jpg,Leaf_Gall,Leaf_Gall,Correct,0.448286
datasets/train/Leaf_Blight/Leaf_Blight00443.jpg,Leaf_Blight,Leaf_Blight,Correct,0.828480
datasets/train/Dry_Leaf/Dry_Leaf00013.jpg,Dry_Leaf,Dry_Leaf,Correct,0.418483
datasets/test/Leaf_Gall/Leaf_Gall00539.jpg,Leaf_Gall,Leaf_Gall,Correct,0.571020
datasets/train/Anthrax_Leaf/Anthrax_Leaf00035.jpg,Anthrax_Leaf,Healthy_Leaf,Incorrect,0.647735
datasets/test/Felt_Leaf/Felt_Leaf00187.jpg,Felt_Leaf,Leaf_Gall,Incorrect,0.520859
datasets/test/Healthy_Leaf/Healthy_Leaf00208.jpg,Healthy_Leaf,Healthy_Leaf,Correct,0.757968
datasets/test/Leaf_Gall/Leaf_Gall00339.jpg,Leaf_Gall,Felt_Leaf,Incorrect,0.457692
datasets/test/Felt_Leaf/Felt_Leaf00041.jpg,Felt_Leaf,Felt_Leaf,Correct,0.307896
datasets/test/Healthy_Leaf/Healthy_Leaf00112.jpg,Healthy_Leaf,Healthy_Leaf,Correct,0.997200
datasets/test/Deficiency_Leaf/Deficiency_Leaf00029.jpg,Deficiency_Leaf,Bituminous_Leaf,Incorrect,0.258270
datasets/train/Leaf_Gall/Leaf_Gall00090.jpg,Leaf_Gall,Leaf_Gall,Correct,0.679314
datasets/test/Healthy_Leaf/Healthy_Leaf00138.jpg,Healthy_Leaf,Healthy_Leaf,Correct,0.997860
datasets/train/Leaf_Blight/Leaf_Blight00454.jpg,Leaf_Blight,Leaf_Gall,Incorrect,0.299923
datasets/test/Felt_Leaf/Felt_Leaf00286.jpg,Felt_Leaf,Fungal_Leaf_Spot,Incorrect,0.833925
datasets/test/Felt_Leaf/Felt_Leaf00238.jpg,Felt_Leaf,Leaf_Blight,Incorrect,0.684072
datasets/test/Healthy_Leaf/Healthy_Leaf00549.jpg,Healthy_Leaf,Leaf_Gall,Incorrect,0.265623
datasets/test/Leaf_Gall/Leaf_Gall00531.jpg,Leaf_Gall,Healthy_Leaf,Incorrect,0.385065
datasets/train/Fungal_Leaf_Spot/Fungal_Leaf_Spot00373.jpg,Fungal_Leaf_Spot,Felt_Leaf,Incorrect,0.428344
datasets/train/Curl_Leaf/Curl_Leaf00025.jpg,Curl_Leaf,Dry_Leaf,Incorrect,0.223376
datasets/train/Felt_Leaf/Felt_Leaf00042.jpg,Felt_Leaf,Felt_Leaf,Correct,0.512922
datasets/train/Healthy_Leaf/Healthy_Leaf00270.jpg,Healthy_Leaf,Healthy_Leaf,Correct,0.272585
datasets/train/Dry_Leaf/Dry_Leaf00032.jpg,Dry_Leaf,Dry_Leaf,Correct,0.999375
datasets/train/Leaf_Blight/Leaf_Blight00505.jpg,Leaf_Blight,Leaf_Blight,Correct,0.938319
datasets/test/Healthy_Leaf/Healthy_Leaf00171.jpg,Healthy_Leaf,Healthy_Leaf,Correct,0.412563
datasets/train/Leaf_Blight/Leaf_Blight00252.jpg,Leaf_Blight,Leaf_Blight,Correct,0.419984
datasets/test/Fungal_Leaf_Spot/Fungal_Leaf_Spot00046.jpg,Fungal_Leaf_Spot,Fungal_Leaf_Spot,Correct,0.918923
datasets/train/Felt_Leaf/Felt_Leaf00345.jpg,Felt_Leaf,Felt_Leaf,Correct,0.258089
datasets/test/Leaf_Gall/Leaf_Gall00385.jpg,Leaf_Gall,Leaf_Gall,Correct,0.336031
datasets/test/Leaf_Blight/Leaf_Blight00255.jpg,Leaf_Blight,Leaf_Blight,Correct,0.570829
datasets/train/Deficiency_Leaf/Deficiency_Leaf00002.jpg,Deficiency_Leaf,Healthy_Leaf,Incorrect,0.580904
datasets/test/Leaf_Blight/Leaf_Blight00440.jpg,Leaf_Blight,Healthy_Leaf,Incorrect,0.395732
datasets/train/Leaf_Blight/Leaf_Blight00435.jpg,Leaf_Blight,Leaf_Blight,Correct,0.799754
datasets/test/Leaf_Blight/Leaf_Blight00526.jpg,Leaf_Blight,Felt_Leaf,Incorrect,0.488330
datasets/train/Felt_Leaf/Felt_Leaf00263.jpg,Felt_Leaf,Leaf_Gall,Incorrect,0.232854
datasets/train/Dry_Leaf/Dry_Leaf00108.jpg,Dry_Leaf,Dry_Leaf,Correct,0.491346
datasets/test/Fungal_Leaf_Spot/Fungal_Leaf_Spot00308.jpg,Fungal_Leaf_Spot,Healthy_Leaf,Incorrect,0.483889
datasets/train/Leaf_Gall/Leaf_Gall00419.jpg,Leaf_Gall,Leaf_Gall,Correct,0.426115
datasets/test/Healthy_Leaf/Healthy_Leaf00605.jpg,Healthy_Leaf,Healthy_Leaf,Correct,0.487120
datasets/train/Curl_Leaf/Curl_Leaf00091.jpg,Curl_Leaf,Curl_Leaf,Correct,0.661018
datasets/train/Anthrax_Leaf/Anthrax_Leaf00021.jpg,Anthrax_Leaf,Dry_Leaf,Incorrect,0.559307
datasets/test/Felt_Leaf/Felt_Leaf00281.jpg,Felt_Leaf,Fungal_Leaf_Spot,Incorrect,0.656898
datasets/train/Leaf_Blight/Leaf_Blight00483.jpg,Leaf_Blight,Leaf_Blight,Correct,0.760305
datasets/test/Leaf_Gall/Leaf_Gall00608.jpg,Leaf_Gall,Leaf_Gall,Correct,0.777202
datasets/train/Healthy_Leaf/Healthy_Leaf00115.jpg,Healthy_Leaf,Healthy_Leaf,Correct,0.983992
datasets/train/Felt_Leaf/Felt_Leaf00362.jpg,Felt_Leaf,Felt_Leaf,Correct,0.331229
datasets/train/Felt_Leaf/Felt_Leaf00127.jpg,Felt_Leaf,Leaf_Blight,Incorrect,0.532165
datasets/test/Leaf_Gall/Leaf_Gall00564.jpg,Leaf_Gall,Leaf_Blight,Incorrect,0.874663
datasets/train/Felt_Leaf/Felt_Leaf00033.jpg,Felt_Leaf,Felt_Leaf,Correct,0.639907
datasets/test/Leaf_Gall/Leaf_Gall00290.jpg,Leaf_Gall,Leaf_Gall,Correct,0.826461
datasets/test/Healthy_Leaf/Healthy_Leaf00307.jpg,Healthy_Leaf,Healthy_Leaf,Correct,0.985294
datasets/test/Leaf_Blight/Leaf_Blight00427.jpg,Leaf_Blight,Leaf_Blight,Correct,0.990144
datasets/test/Bituminous_Leaf/Bituminous_Leaf00069.jpg,Bituminous_Leaf,Bituminous_Leaf,Correct,0.504059
datasets/test/Leaf_Gall/Leaf_Gall00353.jpg,Leaf_Gall,Leaf_Blight,Incorrect,0.270461
datasets/test/Healthy_Leaf/Healthy_Leaf00302.jpg,Healthy_Leaf,Healthy_Leaf,Correct,0.452884
datasets/train/Dry_Leaf/Dry_Leaf00246.jpg,Dry_Leaf,Dry_Leaf,Correct,0.996269
datasets/test/Healthy_Leaf/Healthy_Leaf00076.jpg,Healthy_Leaf,Healthy_Leaf,Correct,0.988155
datasets/test/Healthy_Leaf/Healthy_Leaf00163.jpg,Healthy_Leaf,Healthy_Leaf,Correct,0.998473
datasets/test/Bituminous_Leaf/Bituminous_Leaf00100.jpg,Bituminous_Leaf,Bituminous_Leaf,Correct,0.811001
datasets/train/Leaf_Gall/Leaf_Gall00216.jpg,Leaf_Gall,Leaf_Gall,Correct,0.988578
datasets/test/Leaf_Gall/Leaf_Gall00616.jpg,Leaf_Gall,Fungal_Leaf_Spot,Incorrect,0.280229
datasets/test/Leaf_Gall/Leaf_Gall00022.jpg,Leaf_Gall,Leaf_Gall,Correct,0.419002
datasets/train/Curl_Leaf/Curl_Leaf00179.jpg,Curl_Leaf,Curl_Leaf,Correct,0.969457
datasets/test/Deficiency_Leaf/Deficiency_Leaf00097.jpg,Deficiency_Leaf,Healthy_Leaf,Incorrect,0.186440
datasets/train/Anthrax_Leaf/Anthrax_Leaf00005.jpg,Anthrax_Leaf,Anthrax_Leaf,Correct,0.432812
datasets/test/Leaf_Gall/Leaf_Gall00358.jpg,Leaf_Gall,Leaf_Blight,Incorrect,0.620480
datasets/train/Fungal_Leaf_Spot/Fungal_Leaf_Spot00394.jpg,Fungal_Leaf_Spot,Fungal_Leaf_Spot,Correct,0.632774
datasets/train/Leaf_Blight/Leaf_Blight00227.jpg,Leaf_Blight,Leaf_Gall,Incorrect,0.539380
datasets/train/Leaf_Blight/Leaf_Blight00093.jpg,Leaf_Blight,Curl_Leaf,Incorrect,0.190344
datasets/test/Deficiency_Leaf/Deficiency_Leaf00089.jpg,Deficiency_Leaf,Healthy_Leaf,Incorrect,0.427154
datasets/train/Leaf_Blight/Leaf_Blight00377.jpg,Leaf_Blight,Fungal_Leaf_Spot,Incorrect,0.286405
datasets/train/Dry_Leaf/Dry_Leaf00352.jpg,Dry_Leaf,Leaf_Gall,Incorrect,0.274563
datasets/train/Leaf_Gall/Leaf_Gall00144.jpg,Leaf_Gall,Fungal_Leaf_Spot,Incorrect,0.328369
datasets/test/Leaf_Gall/Leaf_Gall00054.jpg,Leaf_Gall,Leaf_Gall,Correct,0.495011
datasets/test/Leaf_Blight/Leaf_Blight00119.jpg,Leaf_Blight,Leaf_Blight,Correct,0.926067
datasets/test/Healthy_Leaf/Healthy_Leaf00559.jpg,Healthy_Leaf,Healthy_Leaf,Correct,0.546711
datasets/test/Leaf_Gall/Leaf_Gall00184.jpg,Leaf_Gall,Felt_Leaf,Incorrect,0.444936
datasets/test/Leaf_Blight/Leaf_Blight00042.jpg,Leaf_Blight,Leaf_Blight,Correct,0.380825
datasets/test/Leaf_Gall/Leaf_Gall00188.jpg,Leaf_Gall,Leaf_Gall,Correct,0.338700
datasets/test/Dry_Leaf/Dry_Leaf00361.jpg,Dry_Leaf,Leaf_Gall,Incorrect,0.250705
datasets/test/Healthy_Leaf/Healthy_Leaf00358.jpg,Healthy_Leaf,Healthy_Leaf,Correct,0.927474
datasets/test/Healthy_Leaf/Healthy_Leaf00521.jpg,Healthy_Leaf,Leaf_Gall,Incorrect,0.394761
datasets/train/Healthy_Leaf/Healthy_Leaf00417.jpg,Healthy_Leaf,Healthy_Leaf,Correct,0.491363
datasets/test/Fungal_Leaf_Spot/Fungal_Leaf_Spot00358.jpg,Fungal_Leaf_Spot,Fungal_Leaf_Spot,Correct,0.500728
datasets/test/Leaf_Blight/Leaf_Blight00574.jpg,Leaf_Blight,Anthrax_Leaf,Incorrect,0.167029
datasets/test/Anthrax_Leaf/Anthrax_Leaf00112.jpg,Anthrax_Leaf,Anthrax_Leaf,Correct,0.404699
datasets/test/Healthy_Leaf/Healthy_Leaf00578.jpg,Healthy_Leaf,Dry_Leaf,Incorrect,0.351467
datasets/train/Felt_Leaf/Felt_Leaf00071.jpg,Felt_Leaf,Leaf_Gall,Incorrect,0.274687
datasets/train/Healthy_Leaf/Healthy_Leaf00132.jpg,Healthy_Leaf,Healthy_Leaf,Correct,0.995229
datasets/test/Leaf_Blight/Leaf_Blight00201.jpg,Leaf_Blight,Leaf_Blight,Correct,0.678608
datasets/test/Fungal_Leaf_Spot/Fungal_Leaf_Spot00484.jpg,Fungal_Leaf_Spot,Felt_Leaf,Incorrect,0.629264
datasets/train/Felt_Leaf/Felt_Leaf00247.jpg,Felt_Leaf,Felt_Leaf,Correct,0.405444
datasets/test/Dry_Leaf/Dry_Leaf00053.jpg,Dry_Leaf,Dry_Leaf,Correct,0.971393
datasets/train/Leaf_Gall/Leaf_Gall00508.jpg,Leaf_Gall,Leaf_Gall,Correct,0.266538
datasets/train/Bituminous_Leaf/Bituminous_Leaf00068.jpg,Bituminous_Leaf,Bituminous_Leaf,Correct,0.837546
datasets/train/Fungal_Leaf_Spot/Fungal_Leaf_Spot00281.jpg,Fungal_Leaf_Spot,Fungal_Leaf_Spot,Correct,0.686423
datasets/test/Fungal_Leaf_Spot/Fungal_Leaf_Spot00557.jpg,Fungal_Leaf_Spot,Healthy_Leaf,Incorrect,0.291067
datasets/train/Felt_Leaf/Felt_Leaf00103.jpg,Felt_Leaf,Felt_Leaf,Correct,0.845423
datasets/test/Leaf_Gall/Leaf_Gall00359.jpg,Leaf_Gall,Leaf_Blight,Incorrect,0.611166
datasets/test/Dry_Leaf/Dry_Leaf00357.jpg,Dry_Leaf,Dry_Leaf,Correct,0.995058
datasets/train/Healthy_Leaf/Healthy_Leaf00494.jpg,Healthy_Leaf,Anthrax_Leaf,Incorrect,0.221975
datasets/test/Leaf_Gall/Leaf_Gall00559.jpg,Leaf_Gall,Leaf_Gall,Correct,0.872338
datasets/test/Felt_Leaf/Felt_Leaf00198.jpg,Felt_Leaf,Felt_Leaf,Correct,0.484911
datasets/train/Felt_Leaf/Felt_Leaf00223.jpg,Felt_Leaf,Fungal_Leaf_Spot,Incorrect,0.376087
datasets/train/Leaf_Gall/Leaf_Gall00051.jpg,Leaf_Gall,Felt_Leaf,Incorrect,0.321371
datasets/train/Healthy_Leaf/Healthy_Leaf00224.jpg,Healthy_Leaf,Healthy_Leaf,Correct,0.849083
datasets/test/Leaf_Blight/Leaf_Blight00564.jpg,Leaf_Blight,Leaf_Blight,Correct,0.954718
datasets/test/Leaf_Gall/Leaf_Gall00386.jpg,Leaf_Gall,Leaf_Gall,Correct,0.494988
datasets/test/Leaf_Gall/Leaf_Gall00018.jpg,Leaf_Gall,Felt_Leaf,Incorrect,0.359159
datasets/test/Leaf_Gall/Leaf_Gall00114.jpg,Leaf_Gall,Leaf_Gall,Correct,0.290600
datasets/train/Leaf_Gall/Leaf_Gall00121.jpg,Leaf_Gall,Leaf_Gall,Correct,0.426135
datasets/test/Healthy_Leaf/Healthy_Leaf00216.jpg,Healthy_Leaf,Fungal_Leaf_Spot,Incorrect,0.571822
datasets/test/Leaf_Blight/Leaf_Blight00346.jpg,Leaf_Blight,Leaf_Blight,Correct,0.510862
datasets/test/Felt_Leaf/Felt_Leaf00230.jpg,Felt_Leaf,Fungal_Leaf_Spot,Incorrect,0.369390
datasets/test/Healthy_Leaf/Healthy_Leaf00335.jpg,Healthy_Leaf,Healthy_Leaf,Correct,0.900492
datasets/test/Curl_Leaf/Curl_Leaf00106.jpg,Curl_Leaf,Leaf_Blight,Incorrect,0.644339
datasets/train/Bituminous_Leaf/Bituminous_Leaf00092.jpg,Bituminous_Leaf,Bituminous_Leaf,Correct,0.916141
datasets/test/Leaf_Gall/Leaf_Gall00253.jpg,Leaf_Gall,Felt_Leaf,Incorrect,0.450879
datasets/train/Dry_Leaf/Dry_Leaf00316.jpg,Dry_Leaf,Healthy_Leaf,Incorrect,0.442991
datasets/test/Leaf_Blight/Leaf_Blight00363.jpg,Leaf_Blight,Leaf_Blight,Correct,0.730752
datasets/test/Fungal_Leaf_Spot/Fungal_Leaf_Spot00497.jpg,Fungal_Leaf_Spot,Leaf_Blight,Incorrect,0.346227
datasets/train/Deficiency_Leaf/Deficiency_Leaf00008.jpg,Deficiency_Leaf,Fungal_Leaf_Spot,Incorrect,0.712765
datasets/test/Fungal_Leaf_Spot/Fungal_Leaf_Spot00366.jpg,Fungal_Leaf_Spot,Curl_Leaf,Incorrect,0.378773
datasets/test/Bituminous_Leaf/Bituminous_Leaf00059.jpg,Bituminous_Leaf,Dry_Leaf,Incorrect,0.548422
datasets/test/Deficiency_Leaf/Deficiency_Leaf00050.jpg,Deficiency_Leaf,Felt_Leaf,Incorrect,0.363830
datasets/test/Leaf_Blight/Leaf_Blight00264.jpg,Leaf_Blight,Leaf_Blight,Correct,0.909420
datasets/test/Bituminous_Leaf/Bituminous_Leaf00011.jpg,Bituminous_Leaf,Bituminous_Leaf,Correct,0.821062
datasets/test/Leaf_Gall/Leaf_Gall00167.jpg,Leaf_Gall,Leaf_Blight,Incorrect,0.347014
datasets/test/Leaf_Blight/Leaf_Blight00551.jpg,Leaf_Blight,Leaf_Blight,Correct,0.678256
datasets/test/Felt_Leaf/Felt_Leaf00204.jpg,Felt_Leaf,Leaf_Gall,Incorrect,0.267878
datasets/test/Fungal_Leaf_Spot/Fungal_Leaf_Spot00420.jpg,Fungal_Leaf_Spot,Fungal_Leaf_Spot,Correct,0.468554
datasets/test/Healthy_Leaf/Healthy_Leaf00205.jpg,Healthy_Leaf,Healthy_Leaf,Correct,0.753114
datasets/train/Leaf_Gall/Leaf_Gall00602.jpg,Leaf_Gall,Leaf_Gall,Correct,0.794069
datasets/train/Healthy_Leaf/Healthy_Leaf00406.jpg,Healthy_Leaf,Healthy_Leaf,Correct,0.953822
datasets/train/Leaf_Blight/Leaf_Blight00491.jpg,Leaf_Blight,Leaf_Blight,Correct,0.972525
datasets/test/Leaf_Gall/Leaf_Gall00477.jpg,Leaf_Gall,Leaf_Gall,Correct,0.256139
datasets/train/Leaf_Gall/Leaf_Gall00286.jpg,Leaf_Gall,Leaf_Gall,Correct,0.601635
datasets/test/Dry_Leaf/Dry_Leaf00227.jpg,Dry_Leaf,Dry_Leaf,Correct,0.920387
datasets/train/Curl_Leaf/Curl_Leaf00075.jpg,Curl_Leaf,Curl_Leaf,Correct,0.561039
datasets/train/Fungal_Leaf_Spot/Fungal_Leaf_Spot00066.jpg,Fungal_Leaf_Spot,Fungal_Leaf_Spot,Correct,0.943367
datasets/test/Healthy_Leaf/Healthy_Leaf00103.jpg,Healthy_Leaf,Healthy_Leaf,Correct,0.992533
datasets/test/Leaf_Gall/Leaf_Gall00295.jpg,Leaf_Gall,Leaf_Gall,Correct,0.974168
datasets/train/Leaf_Blight/Leaf_Blight00250.jpg,Leaf_Blight,Leaf_Blight,Correct,0.543270
datasets/test/Dry_Leaf/Dry_Leaf00228.jpg,Dry_Leaf,Dry_Leaf,Correct,0.993306
datasets/test/Healthy_Leaf/Healthy_Leaf00306.jpg,Healthy_Leaf,Healthy_Leaf,Correct,0.995848
datasets/test/Fungal_Leaf_Spot/Fungal_Leaf_Spot00132.jpg,Fungal_Leaf_Spot,Fungal_Leaf_Spot,Correct,0.736457
datasets/test/Leaf_Gall/Leaf_Gall00004.jpg,Leaf_Gall,Leaf_Blight,Incorrect,0.442612
datasets/train/Leaf_Gall/Leaf_Gall00080.jpg,Leaf_Gall,Curl_Leaf,Incorrect,0.216536
datasets/test/Deficiency_Leaf/Deficiency_Leaf00009.jpg,Deficiency_Leaf,Leaf_Gall,Incorrect,0.582108
datasets/train/Fungal_Leaf_Spot/Fungal_Leaf_Spot00384.jpg,Fungal_Leaf_Spot,Fungal_Leaf_Spot,Correct,0.654078
datasets/train/Fungal_Leaf_Spot/Fungal_Leaf_Spot00499.jpg,Fungal_Leaf_Spot,Anthrax_Leaf,Incorrect,0.402819
datasets/test/Leaf_Blight/Leaf_Blight00153.jpg,Leaf_Blight,Leaf_Blight,Correct,0.664843
datasets/train/Healthy_Leaf/Healthy_Leaf00457.jpg,Healthy_Leaf,Dry_Leaf,Incorrect,0.662218
datasets/test/Fungal_Leaf_Spot/Fungal_Leaf_Spot00093.jpg,Fungal_Leaf_Spot,Felt_Leaf,Incorrect,0.489821
datasets/test/Leaf_Gall/Leaf_Gall00095.jpg,Leaf_Gall,Leaf_Gall,Correct,0.231686
datasets/test/Felt_Leaf/Felt_Leaf00167.jpg,Felt_Leaf,Fungal_Leaf_Spot,Incorrect,0.497813
datasets/test/Curl_Leaf/Curl_Leaf00050.jpg,Curl_Leaf,Leaf_Gall,Incorrect,0.281150
datasets/test/Dry_Leaf/Dry_Leaf00066.jpg,Dry_Leaf,Dry_Leaf,Correct,0.508100
datasets/train/Felt_Leaf/Felt_Leaf00355.jpg,Felt_Leaf,Felt_Leaf,Correct,0.394750
datasets/test/Curl_Leaf/Curl_Leaf00020.jpg,Curl_Leaf,Curl_Leaf,Correct,0.522851
datasets/test/Felt_Leaf/Felt_Leaf00191.jpg,Felt_Leaf,Leaf_Blight,Incorrect,0.518088
datasets/test/Leaf_Blight/Leaf_Blight00101.jpg,Leaf_Blight,Leaf_Blight,Correct,0.845952
datasets/test/Leaf_Gall/Leaf_Gall00500.jpg,Leaf_Gall,Healthy_Leaf,Incorrect,0.465325
datasets/train/Leaf_Blight/Leaf_Blight00279.jpg,Leaf_Blight,Leaf_Blight,Correct,0.361485
datasets/test/Felt_Leaf/Felt_Leaf00176.jpg,Felt_Leaf,Healthy_Leaf,Incorrect,0.662127
datasets/test/Healthy_Leaf/Healthy_Leaf00046.jpg,Healthy_Leaf,Healthy_Leaf,Correct,0.633202
datasets/train/Deficiency_Leaf/Deficiency_Leaf00043.jpg,Deficiency_Leaf,Healthy_Leaf,Incorrect,0.938198
datasets/test/Leaf_Blight/Leaf_Blight00258.jpg,Leaf_Blight,Leaf_Gall,Incorrect,0.359578
datasets/test/Deficiency_Leaf/Deficiency_Leaf00079.jpg,Deficiency_Leaf,Fungal_Leaf_Spot,Incorrect,0.197929
datasets/test/Fungal_Leaf_Spot/Fungal_Leaf_Spot00357.jpg,Fungal_Leaf_Spot,Fungal_Leaf_Spot,Correct,0.478083
datasets/test/Felt_Leaf/Felt_Leaf00139.jpg,Felt_Leaf,Felt_Leaf,Correct,0.900627
datasets/train/Healthy_Leaf/Healthy_Leaf00459.jpg,Healthy_Leaf,Healthy_Leaf,Correct,0.869986
datasets/train/Felt_Leaf/Felt_Leaf00020.jpg,Felt_Leaf,Felt_Leaf,Correct,0.456046
datasets/test/Leaf_Blight/Leaf_Blight00540.jpg,Leaf_Blight,Leaf_Blight,Correct,0.996833
datasets/test/Healthy_Leaf/Healthy_Leaf00140.jpg,Healthy_Leaf,Healthy_Leaf,Correct,0.979802
datasets/test/Fungal_Leaf_Spot/Fungal_Leaf_Spot00266.jpg,Fungal_Leaf_Spot,Fungal_Leaf_Spot,Correct,0.908533
datasets/train/Felt_Leaf/Felt_Leaf00276.jpg,Felt_Leaf,Fungal_Leaf_Spot,Incorrect,0.333471
datasets/train/Fungal_Leaf_Spot/Fungal_Leaf_Spot00563.jpg,Fungal_Leaf_Spot,Fungal_Leaf_Spot,Correct,0.715891
datasets/train/Leaf_Gall/Leaf_Gall00378.jpg,Leaf_Gall,Leaf_Gall,Correct,0.249001
datasets/train/Fungal_Leaf_Spot/Fungal_Leaf_Spot00466.jpg,Fungal_Leaf_Spot,Healthy_Leaf,Incorrect,0.873235
datasets/train/Deficiency_Leaf/Deficiency_Leaf00119.jpg,Deficiency_Leaf,Leaf_Blight,Incorrect,0.590645
datasets/train/Curl_Leaf/Curl_Leaf00105.jpg,Curl_Leaf,Curl_Leaf,Correct,0.704332
datasets/train/Healthy_Leaf/Healthy_Leaf00272.jpg,Healthy_Leaf,Healthy_Leaf,Correct,0.764888
datasets/train/Healthy_Leaf/Healthy_Leaf00425.jpg,Healthy_Leaf,Healthy_Leaf,Correct,0.802752
datasets/train/Fungal_Leaf_Spot/Fungal_Leaf_Spot00365.jpg,Fungal_Leaf_Spot,Leaf_Blight,Incorrect,0.293111
datasets/train/Dry_Leaf/Dry_Leaf00121.jpg,Dry_Leaf,Dry_Leaf,Correct,0.999871
datasets/test/Healthy_Leaf/Healthy_Leaf00567.jpg,Healthy_Leaf,Healthy_Leaf,Correct,0.619628
datasets/test/Felt_Leaf/Felt_Leaf00001.jpg,Felt_Leaf,Leaf_Gall,Incorrect,0.413201
datasets/test/Healthy_Leaf/Healthy_Leaf00134.jpg,Healthy_Leaf,Healthy_Leaf,Correct,0.999725
datasets/train/Felt_Leaf/Felt_Leaf00024.jpg,Felt_Leaf,Leaf_Blight,Incorrect,0.891951
datasets/test/Leaf_Gall/Leaf_Gall00238.jpg,Leaf_Gall,Leaf_Gall,Correct,0.922260
datasets/test/Dry_Leaf/Dry_Leaf00318.jpg,Dry_Leaf,Dry_Leaf,Correct,0.727027
datasets/train/Leaf_Blight/Leaf_Blight00428.jpg,Leaf_Blight,Leaf_Blight,Correct,0.789045
datasets/test/Fungal_Leaf_Spot/Fungal_Leaf_Spot00468.jpg,Fungal_Leaf_Spot,Healthy_Leaf,Incorrect,0.304338
datasets/test/Leaf_Blight/Leaf_Blight00179.jpg,Leaf_Blight,Leaf_Blight,Correct,0.203447
datasets/test/Deficiency_Leaf/Deficiency_Leaf00011.jpg,Deficiency_Leaf,Leaf_Gall,Incorrect,0.352757
datasets/test/Leaf_Gall/Leaf_Gall00596.jpg,Leaf_Gall,Leaf_Blight,Incorrect,0.708056
datasets/test/Leaf_Gall/Leaf_Gall00102.jpg,Leaf_Gall,Leaf_Gall,Correct,0.392358
datasets/test/Fungal_Leaf_Spot/Fungal_Leaf_Spot00536.jpg,Fungal_Leaf_Spot,Fungal_Leaf_Spot,Correct,0.811822
datasets/train/Deficiency_Leaf/Deficiency_Leaf00092.jpg,Deficiency_Leaf,Felt_Leaf,Incorrect,0.218689
datasets/test/Leaf_Blight/Leaf_Blight00389.jpg,Leaf_Blight,Leaf_Blight,Correct,0.660374
datasets/test/Fungal_Leaf_Spot/Fungal_Leaf_Spot00125.jpg,Fungal_Leaf_Spot,Fungal_Leaf_Spot,Correct,0.402083
datasets/train/Leaf_Gall/Leaf_Gall00492.jpg,Leaf_Gall,Leaf_Gall,Correct,0.323289
datasets/test/Dry_Leaf/Dry_Leaf00016.jpg,Dry_Leaf,Dry_Leaf,Correct,0.989676
datasets/test/Leaf_Blight/Leaf_Blight00536.jpg,Leaf_Blight,Leaf_Blight,Correct,0.964948
datasets/train/Leaf_Blight/Leaf_Blight00242.jpg,Leaf_Blight,Leaf_Blight,Correct,0.581745
datasets/test/Leaf_Blight/Leaf_Blight00139.jpg,Leaf_Blight,Leaf_Blight,Correct,0.827816
datasets/test/Leaf_Blight/Leaf_Blight00095.jpg,Leaf_Blight,Leaf_Blight,Correct,0.524627
datasets/train/Dry_Leaf/Dry_Leaf00211.jpg,Dry_Leaf,Dry_Leaf,Correct,0.936334
datasets/train/Leaf_Gall/Leaf_Gall00578.jpg,Leaf_Gall,Leaf_Blight,Incorrect,0.704155
datasets/test/Healthy_Leaf/Healthy_Leaf00530.jpg,Healthy_Leaf,Healthy_Leaf,Correct,0.641508
datasets/train/Fungal_Leaf_Spot/Fungal_Leaf_Spot00377.jpg,Fungal_Leaf_Spot,Healthy_Leaf,Incorrect,0.288187
datasets/train/Fungal_Leaf_Spot/Fungal_Leaf_Spot00408.jpg,Fungal_Leaf_Spot,Fungal_Leaf_Spot,Correct,0.452374
datasets/train/Dry_Leaf/Dry_Leaf00083.jpg,Dry_Leaf,Leaf_Blight,Incorrect,0.588981
datasets/test/Leaf_Blight/Leaf_Blight00081.jpg,Leaf_Blight,Leaf_Blight,Correct,0.391711
datasets/test/Leaf_Gall/Leaf_Gall00368.jpg,Leaf_Gall,Dry_Leaf,Incorrect,0.596386
datasets/train/Felt_Leaf/Felt_Leaf00323.jpg,Felt_Leaf,Fungal_Leaf_Spot,Incorrect,0.759507
datasets/train/Curl_Leaf/Curl_Leaf00057.jpg,Curl_Leaf,Fungal_Leaf_Spot,Incorrect,0.233619
datasets/test/Dry_Leaf/Dry_Leaf00125.jpg,Dry_Leaf,Dry_Leaf,Correct,0.923209
datasets/test/Leaf_Gall/Leaf_Gall00292.jpg,Leaf_Gall,Leaf_Gall,Correct,0.566939
datasets/test/Healthy_Leaf/Healthy_Leaf00259.jpg,Healthy_Leaf,Healthy_Leaf,Correct,0.450050
datasets/train/Leaf_Blight/Leaf_Blight00275.jpg,Leaf_Blight,Leaf_Blight,Correct,0.638414
datasets/train/Dry_Leaf/Dry_Leaf00075.jpg,Dry_Leaf,Healthy_Leaf,Incorrect,0.226456
datasets/test/Leaf_Gall/Leaf_Gall00020.jpg,Leaf_Gall,Leaf_Blight,Incorrect,0.326341
datasets/test/Healthy_Leaf/Healthy_Leaf00173.jpg,Healthy_Leaf,Healthy_Leaf,Correct,0.994770
datasets/train/Healthy_Leaf/Healthy_Leaf00043.jpg,Healthy_Leaf,Healthy_Leaf,Correct,0.961668
datasets/train/Curl_Leaf/Curl_Leaf00007.jpg,Curl_Leaf,Curl_Leaf,Correct,0.340398
datasets/test/Healthy_Leaf/Healthy_Leaf00126.jpg,Healthy_Leaf,Healthy_Leaf,Correct,0.997126
datasets/train/Felt_Leaf/Felt_Leaf00034.jpg,Felt_Leaf,Healthy_Leaf,Incorrect,0.397410
datasets/train/Curl_Leaf/Curl_Leaf00054.jpg,Curl_Leaf,Curl_Leaf,Correct,0.906278
datasets/train/Bituminous_Leaf/Bituminous_Leaf00073.jpg,Bituminous_Leaf,Bituminous_Leaf,Correct,0.882027
datasets/test/Healthy_Leaf/Healthy_Leaf00445.jpg,Healthy_Leaf,Healthy_Leaf,Correct,0.966741
datasets/test/Healthy_Leaf/Healthy_Leaf00573.jpg,Healthy_Leaf,Healthy_Leaf,Correct,0.971543
datasets/test/Leaf_Gall/Leaf_Gall00507.jpg,Leaf_Gall,Leaf_Gall,Correct,0.370687
datasets/train/Leaf_Blight/Leaf_Blight00068.jpg,Leaf_Blight,Leaf_Blight,Correct,0.537668
datasets/train/Leaf_Blight/Leaf_Blight00070.jpg,Leaf_Blight,Leaf_Blight,Correct,0.575185
datasets/train/Leaf_Blight/Leaf_Blight00336.jpg,Leaf_Blight,Leaf_Blight,Correct,0.919254
datasets/test/Deficiency_Leaf/Deficiency_Leaf00096.jpg,Deficiency_Leaf,Deficiency_Leaf,Correct,0.215561
datasets/test/Healthy_Leaf/Healthy_Leaf00298.jpg,Healthy_Leaf,Healthy_Leaf,Correct,0.783174
datasets/test/Fungal_Leaf_Spot/Fungal_Leaf_Spot00560.jpg,Fungal_Leaf_Spot,Fungal_Leaf_Spot,Correct,0.764160
datasets/test/Leaf_Gall/Leaf_Gall00517.jpg,Leaf_Gall,Leaf_Gall,Correct,0.702025
datasets/test/Leaf_Blight/Leaf_Blight00424.jpg,Leaf_Blight,Leaf_Blight,Correct,0.915246
datasets/train/Fungal_Leaf_Spot/Fungal_Leaf_Spot00562.jpg,Fungal_Leaf_Spot,Fungal_Leaf_Spot,Correct,0.491826
datasets/test/Fungal_Leaf_Spot/Fungal_Leaf_Spot00553.jpg,Fungal_Leaf_Spot,Fungal_Leaf_Spot,Correct,0.558534
datasets/test/Leaf_Gall/Leaf_Gall00445.jpg,Leaf_Gall,Leaf_Blight,Incorrect,0.522143
datasets/test/Leaf_Gall/Leaf_Gall00048.jpg,Leaf_Gall,Leaf_Gall,Correct,0.348306
datasets/test/Healthy_Leaf/Healthy_Leaf00460.jpg,Healthy_Leaf,Healthy_Leaf,Correct,0.838520
datasets/test/Fungal_Leaf_Spot/Fungal_Leaf_Spot00096.jpg,Fungal_Leaf_Spot,Fungal_Leaf_Spot,Correct,0.412884
datasets/test/Dry_Leaf/Dry_Leaf00253.jpg,Dry_Leaf,Fungal_Leaf_Spot,Incorrect,0.403021
datasets/test/Healthy_Leaf/Healthy_Leaf00225.jpg,Healthy_Leaf,Fungal_Leaf_Spot,Incorrect,0.377089
datasets/test/Leaf_Gall/Leaf_Gall00227.jpg,Leaf_Gall,Leaf_Blight,Incorrect,0.694795
datasets/train/Anthrax_Leaf/Anthrax_Leaf00127.jpg,Anthrax_Leaf,Anthrax_Leaf,Correct,0.991523
datasets/test/Leaf_Blight/Leaf_Blight00132.jpg,Leaf_Blight,Leaf_Gall,Incorrect,0.634618
datasets/test/Fungal_Leaf_Spot/Fungal_Leaf_Spot00021.jpg,Fungal_Leaf_Spot,Curl_Leaf,Incorrect,0.259237
datasets/train/Leaf_Gall/Leaf_Gall00529.jpg,Leaf_Gall,Dry_Leaf,Incorrect,0.208164
datasets/train/Leaf_Blight/Leaf_Blight00366.jpg,Leaf_Blight,Leaf_Blight,Correct,0.880713
datasets/test/Leaf_Blight/Leaf_Blight00470.jpg,Leaf_Blight,Leaf_Blight,Correct,0.692901
datasets/train/Dry_Leaf/Dry_Leaf00308.jpg,Dry_Leaf,Dry_Leaf,Correct,0.548371
datasets/test/Leaf_Blight/Leaf_Blight00260.jpg,Leaf_Blight,Fungal_Leaf_Spot,Incorrect,0.332986
datasets/train/Healthy_Leaf/Healthy_Leaf00036.jpg,Healthy_Leaf,Healthy_Leaf,Correct,0.964026
datasets/test/Fungal_Leaf_Spot/Fungal_Leaf_Spot00190.jpg,Fungal_Leaf_Spot,Fungal_Leaf_Spot,Correct,0.756512
datasets/test/Deficiency_Leaf/Deficiency_Leaf00080.jpg,Deficiency_Leaf,Fungal_Leaf_Spot,Incorrect,0.911724
datasets/test/Dry_Leaf/Dry_Leaf00103.jpg,Dry_Leaf,Dry_Leaf,Correct,0.755296
datasets/test/Leaf_Blight/Leaf_Blight00521.jpg,Leaf_Blight,Leaf_Blight,Correct,0.667275
datasets/train/Dry_Leaf/Dry_Leaf00207.jpg,Dry_Leaf,Dry_Leaf,Correct,0.986481
datasets/train/Bituminous_Leaf/Bituminous_Leaf00066.jpg,Bituminous_Leaf,Bituminous_Leaf,Correct,0.434541
datasets/train/Leaf_Blight/Leaf_Blight00395.jpg,Leaf_Blight,Leaf_Blight,Correct,0.641104
datasets/test/Felt_Leaf/Felt_Leaf00318.jpg,Felt_Leaf,Felt_Leaf,Correct,0.394850
datasets/test/Healthy_Leaf/Healthy_Leaf00583.jpg,Healthy_Leaf,Anthrax_Leaf,Incorrect,0.465868
datasets/train/Leaf_Gall/Leaf_Gall00356.jpg,Leaf_Gall,Leaf_Gall,Correct,0.463938
datasets/test/Felt_Leaf/Felt_Leaf00076.jpg,Felt_Leaf,Healthy_Leaf,Incorrect,0.278990
datasets/test/Fungal_Leaf_Spot/Fungal_Leaf_Spot00234.jpg,Fungal_Leaf_Spot,Fungal_Leaf_Spot,Correct,0.926841
datasets/test/Leaf_Blight/Leaf_Blight00555.jpg,Leaf_Blight,Leaf_Blight,Correct,0.431731
datasets/test/Dry_Leaf/Dry_Leaf00341.jpg,Dry_Leaf,Dry_Leaf,Correct,0.638341
datasets/test/Healthy_Leaf/Healthy_Leaf00625.jpg,Healthy_Leaf,Healthy_Leaf,Correct,0.611851
datasets/test/Healthy_Leaf/Healthy_Leaf00581.jpg,Healthy_Leaf,Healthy_Leaf,Correct,0.749566
datasets/train/Leaf_Gall/Leaf_Gall00073.jpg,Leaf_Gall,Leaf_Blight,Incorrect,0.337853
datasets/train/Leaf_Gall/Leaf_Gall00380.jpg,Leaf_Gall,Leaf_Gall,Correct,0.942262
datasets/train/Dry_Leaf/Dry_Leaf00038.jpg,Dry_Leaf,Dry_Leaf,Correct,0.566954
datasets/test/Fungal_Leaf_Spot/Fungal_Leaf_Spot00140.jpg,Fungal_Leaf_Spot,Fungal_Leaf_Spot,Correct,0.301315
datasets/train/Healthy_Leaf/Healthy_Leaf00063.jpg,Healthy_Leaf,Healthy_Leaf,Correct,0.966590
datasets/train/Leaf_Blight/Leaf_Blight00164.jpg,Leaf_Blight,Leaf_Blight,Correct,0.789478
datasets/test/Fungal_Leaf_Spot/Fungal_Leaf_Spot00433.jpg,Fungal_Leaf_Spot,Fungal_Leaf_Spot,Correct,0.978486
datasets/test/Felt_Leaf/Felt_Leaf00143.jpg,Felt_Leaf,Dry_Leaf,Incorrect,0.211703
datasets/train/Curl_Leaf/Curl_Leaf00087.jpg,Curl_Leaf,Fungal_Leaf_Spot,Incorrect,0.520817
datasets/test/Fungal_Leaf_Spot/Fungal_Leaf_Spot00048.jpg,Fungal_Leaf_Spot,Fungal_Leaf_Spot,Correct,0.930835
datasets/train/Felt_Leaf/Felt_Leaf00364.jpg,Felt_Leaf,Felt_Leaf,Correct,0.581883
datasets/test/Curl_Leaf/Curl_Leaf00174.jpg,Curl_Leaf,Curl_Leaf,Correct,0.282819
datasets/test/Leaf_Gall/Leaf_Gall00424.jpg,Leaf_Gall,Fungal_Leaf_Spot,Incorrect,0.399987
datasets/test/Leaf_Blight/Leaf_Blight00015.jpg,Leaf_Blight,Leaf_Gall,Incorrect,0.264531
datasets/train/Healthy_Leaf/Healthy_Leaf00071.jpg,Healthy_Leaf,Healthy_Leaf,Correct,0.947879
datasets/test/Healthy_Leaf/Healthy_Leaf00062.jpg,Healthy_Leaf,Healthy_Leaf,Correct,0.995776
datasets/test/Deficiency_Leaf/Deficiency_Leaf00084.jpg,Deficiency_Leaf,Leaf_Blight,Incorrect,0.506143
datasets/train/Leaf_Gall/Leaf_Gall00426.jpg,Leaf_Gall,Leaf_Blight,Incorrect,0.316702
datasets/train/Healthy_Leaf/Healthy_Leaf00295.jpg,Healthy_Leaf,Healthy_Leaf,Correct,0.917207
datasets/train/Anthrax_Leaf/Anthrax_Leaf00067.jpg,Anthrax_Leaf,Anthrax_Leaf,Correct,0.961671
datasets/train/Healthy_Leaf/Healthy_Leaf00449.jpg,Healthy_Leaf,Leaf_Blight,Incorrect,0.309134
datasets/train/Healthy_Leaf/Healthy_Leaf00209.jpg,Healthy_Leaf,Healthy_Leaf,Correct,0.313449
datasets/test/Leaf_Blight/Leaf_Blight00397.jpg,Leaf_Blight,Dry_Leaf,Incorrect,0.339256
datasets/test/Fungal_Leaf_Spot/Fungal_Leaf_Spot00221.jpg,Fungal_Leaf_Spot,Fungal_Leaf_Spot,Correct,0.485612
datasets/test/Leaf_Blight/Leaf_Blight00453.jpg,Leaf_Blight,Leaf_Blight,Correct,0.810385
datasets/test/Fungal_Leaf_Spot/Fungal_Leaf_Spot00104.jpg,Fungal_Leaf_Spot,Fungal_Leaf_Spot,Correct,0.662303
datasets/test/Felt_Leaf/Felt_Leaf00063.jpg,Felt_Leaf,Anthrax_Leaf,Incorrect,0.852111
datasets/test/Leaf_Gall/Leaf_Gall00236.jpg,Leaf_Gall,Leaf_Gall,Correct,0.518639
datasets/test/Fungal_Leaf_Spot/Fungal_Leaf_Spot00391.jpg,Fungal_Leaf_Spot,Fungal_Leaf_Spot,Correct,0.381925
datasets/train/Felt_Leaf/Felt_Leaf00126.jpg,Felt_Leaf,Leaf_Blight,Incorrect,0.356755
datasets/train/Leaf_Blight/Leaf_Blight00047.jpg,Leaf_Blight,Anthrax_Leaf,Incorrect,0.281554
datasets/test/Felt_Leaf/Felt_Leaf00235.jpg,Felt_Leaf,Felt_Leaf,Correct,0.800705
datasets/test/Dry_Leaf/Dry_Leaf00198.jpg,Dry_Leaf,Dry_Leaf,Correct,0.624349
datasets/test/Healthy_Leaf/Healthy_Leaf00534.jpg,Healthy_Leaf,Healthy_Leaf,Correct,0.200542
datasets/test/Felt_Leaf/Felt_Leaf00123.jpg,Felt_Leaf,Felt_Leaf,Correct,0.267980
datasets/test/Leaf_Gall/Leaf_Gall00129.jpg,Leaf_Gall,Leaf_Gall,Correct,0.395914
datasets/test/Healthy_Leaf/Healthy_Leaf00404.jpg,Healthy_Leaf,Healthy_Leaf,Correct,0.683007
datasets/train/Fungal_Leaf_Spot/Fungal_Leaf_Spot00059.jpg,Fungal_Leaf_Spot,Fungal_Leaf_Spot,Correct,0.963634
datasets/test/Fungal_Leaf_Spot/Fungal_Leaf_Spot00151.jpg,Fungal_Leaf_Spot,Fungal_Leaf_Spot,Correct,0.558461
datasets/train/Dry_Leaf/Dry_Leaf00225.jpg,Dry_Leaf,Dry_Leaf,Correct,0.789698
datasets/train/Leaf_Blight/Leaf_Blight00477.jpg,Leaf_Blight,Leaf_Blight,Correct,0.953332
datasets/train/Healthy_Leaf/Healthy_Leaf00060.jpg,Healthy_Leaf,Healthy_Leaf,Correct,0.985597
datasets/train/Healthy_Leaf/Healthy_Leaf00048.jpg,Healthy_Leaf,Healthy_Leaf,Correct,0.999018
datasets/train/Fungal_Leaf_Spot/Fungal_Leaf_Spot00057.jpg,Fungal_Leaf_Spot,Fungal_Leaf_Spot,Correct,0.976632
datasets/test/Healthy_Leaf/Healthy_Leaf00187.jpg,Healthy_Leaf,Healthy_Leaf,Correct,0.632876
datasets/train/Deficiency_Leaf/Deficiency_Leaf00098.jpg,Deficiency_Leaf,Leaf_Gall,Incorrect,0.506503
datasets/train/Leaf_Blight/Leaf_Blight00199.jpg,Leaf_Blight,Healthy_Leaf,Incorrect,0.630671
datasets/test/Leaf_Gall/Leaf_Gall00425.jpg,Leaf_Gall,Fungal_Leaf_Spot,Incorrect,0.588711
datasets/test/Dry_Leaf/Dry_Leaf00141.jpg,Dry_Leaf,Dry_Leaf,Correct,0.984861
datasets/train/Healthy_Leaf/Healthy_Leaf00282.jpg,Healthy_Leaf,Healthy_Leaf,Correct,0.395891
datasets/test/Healthy_Leaf/Healthy_Leaf00004.jpg,Healthy_Leaf,Healthy_Leaf,Correct,0.575421
datasets/test/Healthy_Leaf/Healthy_Leaf00273.jpg,Healthy_Leaf,Fungal_Leaf_Spot,Incorrect,0.359302
datasets/train/Healthy_Leaf/Healthy_Leaf00044.jpg,Healthy_Leaf,Healthy_Leaf,Correct,0.774765
datasets/train/Leaf_Blight/Leaf_Blight00406.jpg,Leaf_Blight,Leaf_Blight,Correct,0.591857
datasets/train/Deficiency_Leaf/Deficiency_Leaf00023.jpg,Deficiency_Leaf,Leaf_Gall,Incorrect,0.285175
datasets/train/Fungal_Leaf_Spot/Fungal_Leaf_Spot00155.jpg,Fungal_Leaf_Spot,Fungal_Leaf_Spot,Correct,0.762350
datasets/train/Leaf_Gall/Leaf_Gall00072.jpg,Leaf_Gall,Leaf_Gall,Correct,0.860162
datasets/test/Anthrax_Leaf/Anthrax_Leaf00131.jpg,Anthrax_Leaf,Anthrax_Leaf,Correct,0.911616
datasets/train/Anthrax_Leaf/Anthrax_Leaf00087.jpg,Anthrax_Leaf,Anthrax_Leaf,Correct,0.270832
datasets/test/Felt_Leaf/Felt_Leaf00354.jpg,Felt_Leaf,Fungal_Leaf_Spot,Incorrect,0.568662
datasets/test/Fungal_Leaf_Spot/Fungal_Leaf_Spot00060.jpg,Fungal_Leaf_Spot,Fungal_Leaf_Spot,Correct,0.936420
datasets/test/Healthy_Leaf/Healthy_Leaf00612.jpg,Healthy_Leaf,Healthy_Leaf,Correct,0.364164
datasets/train/Leaf_Gall/Leaf_Gall00525.jpg,Leaf_Gall,Fungal_Leaf_Spot,Incorrect,0.447337
datasets/test/Healthy_Leaf/Healthy_Leaf00355.jpg,Healthy_Leaf,Healthy_Leaf,Correct,0.366987
datasets/train/Fungal_Leaf_Spot/Fungal_Leaf_Spot00416.jpg,Fungal_Leaf_Spot,Fungal_Leaf_Spot,Correct,0.828933
datasets/test/Bituminous_Leaf/Bituminous_Leaf00071.jpg,Bituminous_Leaf,Healthy_Leaf,Incorrect,0.586193
datasets/test/Bituminous_Leaf/Bituminous_Leaf00040.jpg,Bituminous_Leaf,Healthy_Leaf,Incorrect,0.413902
datasets/test/Dry_Leaf/Dry_Leaf00100.jpg,Dry_Leaf,Dry_Leaf,Correct,0.735889
datasets/train/Deficiency_Leaf/Deficiency_Leaf00049.jpg,Deficiency_Leaf,Deficiency_Leaf,Correct,0.351827
datasets/train/Fungal_Leaf_Spot/Fungal_Leaf_Spot00312.jpg,Fungal_Leaf_Spot,Healthy_Leaf,Incorrect,0.490551
datasets/train/Leaf_Gall/Leaf_Gall00136.jpg,Leaf_Gall,Leaf_Gall,Correct,0.369233
datasets/train/Healthy_Leaf/Healthy_Leaf00591.jpg,Healthy_Leaf,Leaf_Gall,Incorrect,0.258198
datasets/test/Healthy_Leaf/Healthy_Leaf00497.jpg,Healthy_Leaf,Leaf_Gall,Incorrect,0.438367
datasets/train/Leaf_Blight/Leaf_Blight00171.jpg,Leaf_Blight,Fungal_Leaf_Spot,Incorrect,0.249163
datasets/test/Healthy_Leaf/Healthy_Leaf00538.jpg,Healthy_Leaf,Felt_Leaf,Incorrect,0.351777
datasets/train/Healthy_Leaf/Healthy_Leaf00233.jpg,Healthy_Leaf,Dry_Leaf,Incorrect,0.625686
datasets/train/Deficiency_Leaf/Deficiency_Leaf00020.jpg,Deficiency_Leaf,Healthy_Leaf,Incorrect,0.956514
datasets/train/Dry_Leaf/Dry_Leaf00346.jpg,Dry_Leaf,Dry_Leaf,Correct,0.684263
datasets/test/Leaf_Gall/Leaf_Gall00201.jpg,Leaf_Gall,Leaf_Gall,Correct,0.956365
datasets/test/Healthy_Leaf/Healthy_Leaf00336.jpg,Healthy_Leaf,Healthy_Leaf,Correct,0.962619
datasets/train/Leaf_Blight/Leaf_Blight00514.jpg,Leaf_Blight,Leaf_Blight,Correct,0.565966
datasets/train/Healthy_Leaf/Healthy_Leaf00423.jpg,Healthy_Leaf,Healthy_Leaf,Correct,0.960378
datasets/train/Leaf_Blight/Leaf_Blight00267.jpg,Leaf_Blight,Leaf_Blight,Correct,0.543120
datasets/train/Leaf_Gall/Leaf_Gall00177.jpg,Leaf_Gall,Leaf_Blight,Incorrect,0.477381
datasets/test/Fungal_Leaf_Spot/Fungal_Leaf_Spot00007.jpg,Fungal_Leaf_Spot,Fungal_Leaf_Spot,Correct,0.870501
datasets/train/Leaf_Gall/Leaf_Gall00384.jpg,Leaf_Gall,Felt_Leaf,Incorrect,0.640960
datasets/train/Leaf_Blight/Leaf_Blight00091.jpg,Leaf_Blight,Leaf_Blight,Correct,0.510781
datasets/test/Healthy_Leaf/Healthy_Leaf00477.jpg,Healthy_Leaf,Healthy_Leaf,Correct,0.454768
datasets/test/Leaf_Blight/Leaf_Blight00442.jpg,Leaf_Blight,Leaf_Blight,Correct,0.528930
datasets/train/Leaf_Blight/Leaf_Blight00541.jpg,Leaf_Blight,Leaf_Blight,Correct,0.858475
datasets/train/Healthy_Leaf/Healthy_Leaf00212.jpg,Healthy_Leaf,Healthy_Leaf,Correct,0.946787
datasets/test/Bituminous_Leaf/Bituminous_Leaf00038.jpg,Bituminous_Leaf,Bituminous_Leaf,Correct,0.328932
datasets/test/Curl_Leaf/Curl_Leaf00044.jpg,Curl_Leaf,Healthy_Leaf,Incorrect,0.382151
datasets/train/Fungal_Leaf_Spot/Fungal_Leaf_Spot00086.jpg,Fungal_Leaf_Spot,Leaf_Blight,Incorrect,0.396160
datasets/test/Leaf_Gall/Leaf_Gall00521.jpg,Leaf_Gall,Felt_Leaf,Incorrect,0.278441
datasets/test/Leaf_Blight/Leaf_Blight00094.jpg,Leaf_Blight,Fungal_Leaf_Spot,Incorrect,0.559338
datasets/train/Felt_Leaf/Felt_Leaf00014.jpg,Felt_Leaf,Leaf_Blight,Incorrect,0.461042
datasets/test/Fungal_Leaf_Spot/Fungal_Leaf_Spot00404.jpg,Fungal_Leaf_Spot,Fungal_Leaf_Spot,Correct,0.932020
datasets/test/Curl_Leaf/Curl_Leaf00029.jpg,Curl_Leaf,Fungal_Leaf_Spot,Incorrect,0.342402
datasets/train/Dry_Leaf/Dry_Leaf00046.jpg,Dry_Leaf,Dry_Leaf,Correct,0.651092
datasets/test/Dry_Leaf/Dry_Leaf00109.jpg,Dry_Leaf,Deficiency_Leaf,Incorrect,0.226331
datasets/train/Leaf_Blight/Leaf_Blight00330.jpg,Leaf_Blight,Leaf_Blight,Correct,0.997059
datasets/test/Dry_Leaf/Dry_Leaf00076.jpg,Dry_Leaf,Fungal_Leaf_Spot,Incorrect,0.256880
datasets/train/Leaf_Blight/Leaf_Blight00026.jpg,Leaf_Blight,Leaf_Blight,Correct,0.658160
datasets/test/Felt_Leaf/Felt_Leaf00272.jpg,Felt_Leaf,Felt_Leaf,Correct,0.349221
datasets/train/Felt_Leaf/Felt_Leaf00262.jpg,Felt_Leaf,Felt_Leaf,Correct,0.553110
datasets/test/Felt_Leaf/Felt_Leaf00219.jpg,Felt_Leaf,Felt_Leaf,Correct,0.481103
datasets/train/Fungal_Leaf_Spot/Fungal_Leaf_Spot00338.jpg,Fungal_Leaf_Spot,Fungal_Leaf_Spot,Correct,0.327258
datasets/test/Dry_Leaf/Dry_Leaf00157.jpg,Dry_Leaf,Dry_Leaf,Correct,0.880027
datasets/test/Healthy_Leaf/Healthy_Leaf00149.jpg,Healthy_Leaf,Healthy_Leaf,Correct,0.668878
datasets/train/Leaf_Blight/Leaf_Blight00259.jpg,Leaf_Blight,Fungal_Leaf_Spot,Incorrect,0.435743
datasets/train/Curl_Leaf/Curl_Leaf00083.jpg,Curl_Leaf,Healthy_Leaf,Incorrect,0.754762
datasets/test/Leaf_Gall/Leaf_Gall00434.jpg,Leaf_Gall,Leaf_Gall,Correct,0.299245
datasets/test/Leaf_Gall/Leaf_Gall00411.jpg,Leaf_Gall,Leaf_Gall,Correct,0.898875
datasets/test/Healthy_Leaf/Healthy_Leaf00565.jpg,Healthy_Leaf,Leaf_Gall,Incorrect,0.263189
datasets/train/Fungal_Leaf_Spot/Fungal_Leaf_Spot00165.jpg,Fungal_Leaf_Spot,Leaf_Blight,Incorrect,0.352726
datasets/train/Fungal_Leaf_Spot/Fungal_Leaf_Spot00286.jpg,Fungal_Leaf_Spot,Fungal_Leaf_Spot,Correct,0.703359
datasets/train/Felt_Leaf/Felt_Leaf00055.jpg,Felt_Leaf,Felt_Leaf,Correct,0.345422
datasets/test/Leaf_Blight/Leaf_Blight00078.jpg,Leaf_Blight,Fungal_Leaf_Spot,Incorrect,0.886833
datasets/test/Healthy_Leaf/Healthy_Leaf00169.jpg,Healthy_Leaf,Healthy_Leaf,Correct,0.803173
datasets/train/Leaf_Gall/Leaf_Gall00532.jpg,Leaf_Gall,Leaf_Blight,Incorrect,0.376177
datasets/train/Healthy_Leaf/Healthy_Leaf00219.jpg,Healthy_Leaf,Healthy_Leaf,Correct,0.391483
datasets/train/Healthy_Leaf/Healthy_Leaf00604.jpg,Healthy_Leaf,Healthy_Leaf,Correct,0.238271
datasets/test/Leaf_Gall/Leaf_Gall00226.jpg,Leaf_Gall,Leaf_Gall,Correct,0.526377
datasets/test/Felt_Leaf/Felt_Leaf00066.jpg,Felt_Leaf,Felt_Leaf,Correct,0.449265
datasets/test/Fungal_Leaf_Spot/Fungal_Leaf_Spot00504.jpg,Fungal_Leaf_Spot,Fungal_Leaf_Spot,Correct,0.621970
datasets/test/Anthrax_Leaf/Anthrax_Leaf00045.jpg,Anthrax_Leaf,Anthrax_Leaf,Correct,0.551324
datasets/test/Felt_Leaf/Felt_Leaf00057.jpg,Felt_Leaf,Fungal_Leaf_Spot,Incorrect,0.327988
datasets/train/Dry_Leaf/Dry_Leaf00189.jpg,Dry_Leaf,Dry_Leaf,Correct,0.718808
datasets/train/Leaf_Blight/Leaf_Blight00385.jpg,Leaf_Blight,Leaf_Blight,Correct,0.818782
datasets/train/Felt_Leaf/Felt_Leaf00068.jpg,Felt_Leaf,Felt_Leaf,Correct,0.493055
datasets/train/Leaf_Gall/Leaf_Gall00208.jpg,Leaf_Gall,Leaf_Gall,Correct,0.778143
datasets/train/Fungal_Leaf_Spot/Fungal_Leaf_Spot00231.jpg,Fungal_Leaf_Spot,Fungal_Leaf_Spot,Correct,0.909115
datasets/train/Healthy_Leaf/Healthy_Leaf00244.jpg,Healthy_Leaf,Healthy_Leaf,Correct,0.991224
datasets/test/Fungal_Leaf_Spot/Fungal_Leaf_Spot00207.jpg,Fungal_Leaf_Spot,Dry_Leaf,Incorrect,0.395574
datasets/train/Curl_Leaf/Curl_Leaf00006.jpg,Curl_Leaf,Curl_Leaf,Correct,0.531054
datasets/train/Deficiency_Leaf/Deficiency_Leaf00091.jpg,Deficiency_Leaf,Leaf_Gall,Incorrect,0.288226
datasets/test/Bituminous_Leaf/Bituminous_Leaf00085.jpg,Bituminous_Leaf,Bituminous_Leaf,Correct,0.877592
datasets/test/Leaf_Gall/Leaf_Gall00038.jpg,Leaf_Gall,Leaf_Blight,Incorrect,0.672022
datasets/test/Dry_Leaf/Dry_Leaf00049.jpg,Dry_Leaf,Dry_Leaf,Correct,0.630813
datasets/test/Healthy_Leaf/Healthy_Leaf00611.jpg,Healthy_Leaf,Healthy_Leaf,Correct,0.853033
datasets/train/Healthy_Leaf/Healthy_Leaf00003.jpg,Healthy_Leaf,Dry_Leaf,Incorrect,0.416018
datasets/test/Felt_Leaf/Felt_Leaf00156.jpg,Felt_Leaf,Leaf_Blight,Incorrect,0.295845
datasets/train/Healthy_Leaf/Healthy_Leaf00089.jpg,Healthy_Leaf,Healthy_Leaf,Correct,0.879009
datasets/test/Felt_Leaf/Felt_Leaf00144.jpg,Felt_Leaf,Leaf_Blight,Incorrect,0.555974
datasets/test/Leaf_Gall/Leaf_Gall00132.jpg,Leaf_Gall,Leaf_Blight,Incorrect,0.666027
datasets/train/Anthrax_Leaf/Anthrax_Leaf00116.jpg,Anthrax_Leaf,Anthrax_Leaf,Correct,0.536060
datasets/train/Dry_Leaf/Dry_Leaf00094.jpg,Dry_Leaf,Dry_Leaf,Correct,0.564029
datasets/train/Bituminous_Leaf/Bituminous_Leaf00027.jpg,Bituminous_Leaf,Bituminous_Leaf,Correct,0.586207
datasets/train/Healthy_Leaf/Healthy_Leaf00136.jpg,Healthy_Leaf,Healthy_Leaf,Correct,0.663342
datasets/test/Felt_Leaf/Felt_Leaf00149.jpg,Felt_Leaf,Healthy_Leaf,Incorrect,0.621517
datasets/test/Leaf_Blight/Leaf_Blight00320.jpg,Leaf_Blight,Leaf_Blight,Correct,0.817870
datasets/train/Fungal_Leaf_Spot/Fungal_Leaf_Spot00194.jpg,Fungal_Leaf_Spot,Fungal_Leaf_Spot,Correct,0.951574
datasets/test/Healthy_Leaf/Healthy_Leaf00384.jpg,Healthy_Leaf,Dry_Leaf,Incorrect,0.600701
datasets/train/Fungal_Leaf_Spot/Fungal_Leaf_Spot00473.jpg,Fungal_Leaf_Spot,Felt_Leaf,Incorrect,0.433001
datasets/test/Dry_Leaf/Dry_Leaf00159.jpg,Dry_Leaf,Dry_Leaf,Correct,0.800709
datasets/train/Leaf_Blight/Leaf_Blight00161.jpg,Leaf_Blight,Leaf_Blight,Correct,0.558242
datasets/test/Leaf_Gall/Leaf_Gall00346.jpg,Leaf_Gall,Leaf_Blight,Incorrect,0.462874
datasets/train/Leaf_Gall/Leaf_Gall00550.jpg,Leaf_Gall,Leaf_Gall,Correct,0.547809
datasets/test/Fungal_Leaf_Spot/Fungal_Leaf_Spot00246.jpg,Fungal_Leaf_Spot,Fungal_Leaf_Spot,Correct,0.508686
datasets/train/Fungal_Leaf_Spot/Fungal_Leaf_Spot00167.jpg,Fungal_Leaf_Spot,Fungal_Leaf_Spot,Correct,0.360400
datasets/test/Leaf_Blight/Leaf_Blight00294.jpg,Leaf_Blight,Leaf_Blight,Correct,0.742945
datasets/train/Leaf_Gall/Leaf_Gall00373.jpg,Leaf_Gall,Fungal_Leaf_Spot,Incorrect,0.232986
datasets/train/Dry_Leaf/Dry_Leaf00284.jpg,Dry_Leaf,Dry_Leaf,Correct,0.993311
datasets/test/Felt_Leaf/Felt_Leaf00038.jpg,Felt_Leaf,Fungal_Leaf_Spot,Incorrect,0.579360
datasets/train/Leaf_Gall/Leaf_Gall00014.jpg,Leaf_Gall,Leaf_Gall,Correct,0.477226
datasets/test/Dry_Leaf/Dry_Leaf00356.jpg,Dry_Leaf,Dry_Leaf,Correct,0.990601
datasets/test/Anthrax_Leaf/Anthrax_Leaf00065.jpg,Anthrax_Leaf,Dry_Leaf,Incorrect,0.374383
datasets/test/Anthrax_Leaf/Anthrax_Leaf00082.jpg,Anthrax_Leaf,Healthy_Leaf,Incorrect,0.346037
datasets/test/Fungal_Leaf_Spot/Fungal_Leaf_Spot00508.jpg,Fungal_Leaf_Spot,Fungal_Leaf_Spot,Correct,0.575001
datasets/test/Leaf_Blight/Leaf_Blight00104.jpg,Leaf_Blight,Healthy_Leaf,Incorrect,0.398940
datasets/train/Felt_Leaf/Felt_Leaf00321.jpg,Felt_Leaf,Leaf_Blight,Incorrect,0.384228
datasets/test/Leaf_Gall/Leaf_Gall00040.jpg,Leaf_Gall,Leaf_Gall,Correct,0.719177
datasets/test/Leaf_Gall/Leaf_Gall00327.jpg,Leaf_Gall,Leaf_Blight,Incorrect,0.393295
datasets/test/Felt_Leaf/Felt_Leaf00145.jpg,Felt_Leaf,Leaf_Gall,Incorrect,0.377970
datasets/test/Dry_Leaf/Dry_Leaf00184.jpg,Dry_Leaf,Dry_Leaf,Correct,0.993269
datasets/train/Leaf_Gall/Leaf_Gall00043.jpg,Leaf_Gall,Leaf_Gall,Correct,0.437916
datasets/test/Anthrax_Leaf/Anthrax_Leaf00103.jpg,Anthrax_Leaf,Curl_Leaf,Incorrect,0.479023
datasets/train/Bituminous_Leaf/Bituminous_Leaf00035.jpg,Bituminous_Leaf,Bituminous_Leaf,Correct,0.323931
datasets/train/Felt_Leaf/Felt_Leaf00101.jpg,Felt_Leaf,Felt_Leaf,Correct,0.344736
datasets/train/Fungal_Leaf_Spot/Fungal_Leaf_Spot00507.jpg,Fungal_Leaf_Spot,Leaf_Blight,Incorrect,0.527160
datasets/test/Fungal_Leaf_Spot/Fungal_Leaf_Spot00272.jpg,Fungal_Leaf_Spot,Fungal_Leaf_Spot,Correct,0.943463
datasets/train/Healthy_Leaf/Healthy_Leaf00284.jpg,Healthy_Leaf,Leaf_Blight,Incorrect,0.511260
datasets/test/Healthy_Leaf/Healthy_Leaf00540.jpg,Healthy_Leaf,Healthy_Leaf,Correct,0.590492
datasets/test/Felt_Leaf/Felt_Leaf00164.jpg,Felt_Leaf,Leaf_Blight,Incorrect,0.392258
datasets/test/Dry_Leaf/Dry_Leaf00283.jpg,Dry_Leaf,Healthy_Leaf,Incorrect,0.524328
datasets/test/Leaf_Gall/Leaf_Gall00408.jpg,Leaf_Gall,Healthy_Leaf,Incorrect,0.449644
datasets/train/Bituminous_Leaf/Bituminous_Leaf00062.jpg,Bituminous_Leaf,Bituminous_Leaf,Correct,0.372344
datasets/test/Felt_Leaf/Felt_Leaf00017.jpg,Felt_Leaf,Felt_Leaf,Correct,0.444123
datasets/test/Fungal_Leaf_Spot/Fungal_Leaf_Spot00011.jpg,Fungal_Leaf_Spot,Fungal_Leaf_Spot,Correct,0.570563
datasets/train/Healthy_Leaf/Healthy_Leaf00602.jpg,Healthy_Leaf,Healthy_Leaf,Correct,0.351826
datasets/train/Leaf_Gall/Leaf_Gall00220.jpg,Leaf_Gall,Leaf_Gall,Correct,0.932426
datasets/train/Fungal_Leaf_Spot/Fungal_Leaf_Spot00418.jpg,Fungal_Leaf_Spot,Fungal_Leaf_Spot,Correct,0.964130
datasets/test/Dry_Leaf/Dry_Leaf00307.jpg,Dry_Leaf,Healthy_Leaf,Incorrect,0.629197
datasets/test/Healthy_Leaf/Healthy_Leaf00068.jpg,Healthy_Leaf,Healthy_Leaf,Correct,0.998781
datasets/test/Felt_Leaf/Felt_Leaf00213.jpg,Felt_Leaf,Felt_Leaf,Correct,0.669354
datasets/train/Felt_Leaf/Felt_Leaf00040.jpg,Felt_Leaf,Leaf_Blight,Incorrect,0.443858
datasets/train/Healthy_Leaf/Healthy_Leaf00354.jpg,Healthy_Leaf,Healthy_Leaf,Correct,0.959015
datasets/test/Healthy_Leaf/Healthy_Leaf00513.jpg,Healthy_Leaf,Healthy_Leaf,Correct,0.823328
datasets/train/Anthrax_Leaf/Anthrax_Leaf00129.jpg,Anthrax_Leaf,Anthrax_Leaf,Correct,0.516822
datasets/test/Leaf_Gall/Leaf_Gall00320.jpg,Leaf_Gall,Leaf_Gall,Correct,0.432179
datasets/test/Leaf_Gall/Leaf_Gall00437.jpg,Leaf_Gall,Leaf_Gall,Correct,0.607924
datasets/train/Bituminous_Leaf/Bituminous_Leaf00106.jpg,Bituminous_Leaf,Bituminous_Leaf,Correct,0.835884
datasets/test/Felt_Leaf/Felt_Leaf00152.jpg,Felt_Leaf,Anthrax_Leaf,Incorrect,0.291660
datasets/test/Fungal_Leaf_Spot/Fungal_Leaf_Spot00495.jpg,Fungal_Leaf_Spot,Fungal_Leaf_Spot,Correct,0.463644
datasets/test/Leaf_Gall/Leaf_Gall00415.jpg,Leaf_Gall,Leaf_Blight,Incorrect,0.695361
datasets/test/Healthy_Leaf/Healthy_Leaf00564.jpg,Healthy_Leaf,Healthy_Leaf,Correct,0.402945
datasets/test/Leaf_Gall/Leaf_Gall00306.jpg,Leaf_Gall,Leaf_Blight,Incorrect,0.545257
datasets/test/Fungal_Leaf_Spot/Fungal_Leaf_Spot00461.jpg,Fungal_Leaf_Spot,Fungal_Leaf_Spot,Correct,0.445285
datasets/test/Healthy_Leaf/Healthy_Leaf00164.jpg,Healthy_Leaf,Healthy_Leaf,Correct,0.992027
datasets/test/Leaf_Gall/Leaf_Gall00541.jpg,Leaf_Gall,Dry_Leaf,Incorrect,0.442425
datasets/train/Felt_Leaf/Felt_Leaf00153.jpg,Felt_Leaf,Healthy_Leaf,Incorrect,0.419514
datasets/train/Fungal_Leaf_Spot/Fungal_Leaf_Spot00573.jpg,Fungal_Leaf_Spot,Felt_Leaf,Incorrect,0.287929
datasets/train/Curl_Leaf/Curl_Leaf00021.jpg,Curl_Leaf,Curl_Leaf,Correct,0.666088
datasets/test/Deficiency_Leaf/Deficiency_Leaf00051.jpg,Deficiency_Leaf,Deficiency_Leaf,Correct,0.290887
datasets/train/Leaf_Blight/Leaf_Blight00106.jpg,Leaf_Blight,Leaf_Blight,Correct,0.680506
datasets/train/Leaf_Blight/Leaf_Blight00118.jpg,Leaf_Blight,Healthy_Leaf,Incorrect,0.267020
datasets/test/Leaf_Gall/Leaf_Gall00291.jpg,Leaf_Gall,Leaf_Blight,Incorrect,0.582217
datasets/test/Leaf_Gall/Leaf_Gall00233.jpg,Leaf_Gall,Leaf_Gall,Correct,0.526479
datasets/test/Leaf_Blight/Leaf_Blight00297.jpg,Leaf_Blight,Leaf_Blight,Correct,0.354995
datasets/test/Dry_Leaf/Dry_Leaf00090.jpg,Dry_Leaf,Dry_Leaf,Correct,0.421005
datasets/test/Leaf_Gall/Leaf_Gall00591.jpg,Leaf_Gall,Leaf_Blight,Incorrect,0.738455
datasets/test/Leaf_Blight/Leaf_Blight00382.jpg,Leaf_Blight,Leaf_Blight,Correct,0.960381
datasets/test/Leaf_Gall/Leaf_Gall00450.jpg,Leaf_Gall,Leaf_Blight,Incorrect,0.544987
datasets/test/Fungal_Leaf_Spot/Fungal_Leaf_Spot00251.jpg,Fungal_Leaf_Spot,Healthy_Leaf,Incorrect,0.455979
datasets/test/Felt_Leaf/Felt_Leaf00365.jpg,Felt_Leaf,Felt_Leaf,Correct,0.282629
datasets/test/Healthy_Leaf/Healthy_Leaf00196.jpg,Healthy_Leaf,Healthy_Leaf,Correct,0.538219
datasets/test/Dry_Leaf/Dry_Leaf00254.jpg,Dry_Leaf,Dry_Leaf,Correct,0.817984
datasets/train/Healthy_Leaf/Healthy_Leaf00097.jpg,Healthy_Leaf,Healthy_Leaf,Correct,0.999986
datasets/test/Dry_Leaf/Dry_Leaf00174.jpg,Dry_Leaf,Dry_Leaf,Correct,0.872010
datasets/test/Leaf_Blight/Leaf_Blight00075.jpg,Leaf_Blight,Healthy_Leaf,Incorrect,0.304691
datasets/train/Felt_Leaf/Felt_Leaf00112.jpg,Felt_Leaf,Felt_Leaf,Correct,0.638363
datasets/test/Fungal_Leaf_Spot/Fungal_Leaf_Spot00102.jpg,Fungal_Leaf_Spot,Leaf_Blight,Incorrect,0.557675
datasets/train/Healthy_Leaf/Healthy_Leaf00593.jpg,Healthy_Leaf,Healthy_Leaf,Correct,0.345814
datasets/test/Healthy_Leaf/Healthy_Leaf00596.jpg,Healthy_Leaf,Healthy_Leaf,Correct,0.667789
datasets/train/Anthrax_Leaf/Anthrax_Leaf00014.jpg,Anthrax_Leaf,Anthrax_Leaf,Correct,0.426275
datasets/test/Leaf_Gall/Leaf_Gall00515.jpg,Leaf_Gall,Healthy_Leaf,Incorrect,0.294649
datasets/train/Leaf_Blight/Leaf_Blight00577.jpg,Leaf_Blight,Leaf_Blight,Correct,0.596152
datasets/train/Fungal_Leaf_Spot/Fungal_Leaf_Spot00205.jpg,Fungal_Leaf_Spot,Fungal_Leaf_Spot,Correct,0.697803
datasets/test/Fungal_Leaf_Spot/Fungal_Leaf_Spot00303.jpg,Fungal_Leaf_Spot,Felt_Leaf,Incorrect,0.651148
datasets/train/Leaf_Gall/Leaf_Gall00211.jpg,Leaf_Gall,Leaf_Gall,Correct,0.943478
datasets/train/Leaf_Blight/Leaf_Blight00360.jpg,Leaf_Blight,Felt_Leaf,Incorrect,0.317316
datasets/train/Leaf_Gall/Leaf_Gall00036.jpg,Leaf_Gall,Healthy_Leaf,Incorrect,0.164613
datasets/test/Leaf_Gall/Leaf_Gall00088.jpg,Leaf_Gall,Leaf_Gall,Correct,0.940089
datasets/test/Leaf_Gall/Leaf_Gall00246.jpg,Leaf_Gall,Leaf_Gall,Correct,0.884781
datasets/test/Deficiency_Leaf/Deficiency_Leaf00001.jpg,Deficiency_Leaf,Healthy_Leaf,Incorrect,0.178187
datasets/train/Deficiency_Leaf/Deficiency_Leaf00087.jpg,Deficiency_Leaf,Curl_Leaf,Incorrect,0.308762
datasets/train/Fungal_Leaf_Spot/Fungal_Leaf_Spot00547.jpg,Fungal_Leaf_Spot,Fungal_Leaf_Spot,Correct,0.531589
datasets/test/Fungal_Leaf_Spot/Fungal_Leaf_Spot00045.jpg,Fungal_Leaf_Spot,Fungal_Leaf_Spot,Correct,0.728964
datasets/test/Leaf_Gall/Leaf_Gall00307.jpg,Leaf_Gall,Fungal_Leaf_Spot,Incorrect,0.339153
datasets/train/Healthy_Leaf/Healthy_Leaf00094.jpg,Healthy_Leaf,Healthy_Leaf,Correct,0.992912
datasets/test/Dry_Leaf/Dry_Leaf00314.jpg,Dry_Leaf,Dry_Leaf,Correct,0.399941
datasets/test/Bituminous_Leaf/Bituminous_Leaf00012.jpg,Bituminous_Leaf,Fungal_Leaf_Spot,Incorrect,0.246177
datasets/test/Felt_Leaf/Felt_Leaf00137.jpg,Felt_Leaf,Felt_Leaf,Correct,0.893292
datasets/test/Fungal_Leaf_Spot/Fungal_Leaf_Spot00332.jpg,Fungal_Leaf_Spot,Fungal_Leaf_Spot,Correct,0.318677
datasets/train/Dry_Leaf/Dry_Leaf00187.jpg,Dry_Leaf,Dry_Leaf,Correct,0.467362
datasets/train/Fungal_Leaf_Spot/Fungal_Leaf_Spot00428.jpg,Fungal_Leaf_Spot,Fungal_Leaf_Spot,Correct,0.417457
datasets/test/Leaf_Gall/Leaf_Gall00045.jpg,Leaf_Gall,Leaf_Blight,Incorrect,0.813028
datasets/train/Leaf_Blight/Leaf_Blight00110.jpg,Leaf_Blight,Leaf_Blight,Correct,0.282154
datasets/test/Fungal_Leaf_Spot/Fungal_Leaf_Spot00161.jpg,Fungal_Leaf_Spot,Fungal_Leaf_Spot,Correct,0.500871
datasets/test/Deficiency_Leaf/Deficiency_Leaf00016.jpg,Deficiency_Leaf,Curl_Leaf,Incorrect,0.213766
datasets/test/Leaf_Gall/Leaf_Gall00487.jpg,Leaf_Gall,Leaf_Gall,Correct,0.447605
datasets/train/Felt_Leaf/Felt_Leaf00110.jpg,Felt_Leaf,Leaf_Gall,Incorrect,0.268726
datasets/test/Fungal_Leaf_Spot/Fungal_Leaf_Spot00400.jpg,Fungal_Leaf_Spot,Fungal_Leaf_Spot,Correct,0.354425
datasets/train/Leaf_Gall/Leaf_Gall00410.jpg,Leaf_Gall,Leaf_Gall,Correct,0.325314
datasets/test/Leaf_Gall/Leaf_Gall00555.jpg,Leaf_Gall,Leaf_Gall,Correct,0.608559
datasets/test/Healthy_Leaf/Healthy_Leaf00275.jpg,Healthy_Leaf,Healthy_Leaf,Correct,0.635866
datasets/test/Healthy_Leaf/Healthy_Leaf00325.jpg,Healthy_Leaf,Healthy_Leaf,Correct,0.780715
datasets/train/Fungal_Leaf_Spot/Fungal_Leaf_Spot00405.jpg,Fungal_Leaf_Spot,Fungal_Leaf_Spot,Correct,0.768946
datasets/test/Fungal_Leaf_Spot/Fungal_Leaf_Spot00309.jpg,Fungal_Leaf_Spot,Felt_Leaf,Incorrect,0.473825
datasets/test/Deficiency_Leaf/Deficiency_Leaf00019.jpg,Deficiency_Leaf,Healthy_Leaf,Incorrect,0.654559
datasets/test/Healthy_Leaf/Healthy_Leaf00080.jpg,Healthy_Leaf,Healthy_Leaf,Correct,0.952284
datasets/test/Leaf_Blight/Leaf_Blight00324.jpg,Leaf_Blight,Leaf_Blight,Correct,0.986977
datasets/train/Felt_Leaf/Felt_Leaf00090.jpg,Felt_Leaf,Felt_Leaf,Correct,0.235008
datasets/train/Leaf_Gall/Leaf_Gall00360.jpg,Leaf_Gall,Leaf_Gall,Correct,0.207323
datasets/train/Leaf_Blight/Leaf_Blight00009.jpg,Leaf_Blight,Leaf_Gall,Incorrect,0.311763
datasets/train/Leaf_Blight/Leaf_Blight00208.jpg,Leaf_Blight,Leaf_Blight,Correct,0.909183
datasets/test/Healthy_Leaf/Healthy_Leaf00152.jpg,Healthy_Leaf,Healthy_Leaf,Correct,0.995250
datasets/test/Fungal_Leaf_Spot/Fungal_Leaf_Spot00290.jpg,Fungal_Leaf_Spot,Fungal_Leaf_Spot,Correct,0.662168
datasets/test/Healthy_Leaf/Healthy_Leaf00242.jpg,Healthy_Leaf,Healthy_Leaf,Correct,0.987798
datasets/test/Deficiency_Leaf/Deficiency_Leaf00095.jpg,Deficiency_Leaf,Leaf_Gall,Incorrect,0.426373
datasets/test/Leaf_Gall/Leaf_Gall00392.jpg,Leaf_Gall,Healthy_Leaf,Incorrect,0.263964
datasets/train/Healthy_Leaf/Healthy_Leaf00556.jpg,Healthy_Leaf,Dry_Leaf,Incorrect,0.771768
datasets/train/Dry_Leaf/Dry_Leaf00099.jpg,Dry_Leaf,Leaf_Gall,Incorrect,0.486426
datasets/test/Felt_Leaf/Felt_Leaf00151.jpg,Felt_Leaf,Felt_Leaf,Correct,0.438031
datasets/test/Dry_Leaf/Dry_Leaf00250.jpg,Dry_Leaf,Dry_Leaf,Correct,0.993836
datasets/test/Fungal_Leaf_Spot/Fungal_Leaf_Spot00016.jpg,Fungal_Leaf_Spot,Fungal_Leaf_Spot,Correct,0.348293
datasets/test/Dry_Leaf/Dry_Leaf00267.jpg,Dry_Leaf,Dry_Leaf,Correct,0.976257
datasets/train/Healthy_Leaf/Healthy_Leaf00361.jpg,Healthy_Leaf,Healthy_Leaf,Correct,0.448667
datasets/test/Anthrax_Leaf/Anthrax_Leaf00091.jpg,Anthrax_Leaf,Leaf_Blight,Incorrect,0.865277
datasets/train/Dry_Leaf/Dry_Leaf00106.jpg,Dry_Leaf,Dry_Leaf,Correct,0.823587
datasets/test/Leaf_Gall/Leaf_Gall00285.jpg,Leaf_Gall,Leaf_Gall,Correct,0.505720
datasets/test/Dry_Leaf/Dry_Leaf00024.jpg,Dry_Leaf,Dry_Leaf,Correct,0.976771
datasets/train/Fungal_Leaf_Spot/Fungal_Leaf_Spot00100.jpg,Fungal_Leaf_Spot,Leaf_Blight,Incorrect,0.703921
datasets/test/Dry_Leaf/Dry_Leaf00062.jpg,Dry_Leaf,Dry_Leaf,Correct,0.834623
datasets/test/Leaf_Gall/Leaf_Gall00133.jpg,Leaf_Gall,Leaf_Gall,Correct,0.597089
datasets/train/Leaf_Gall/Leaf_Gall00401.jpg,Leaf_Gall,Leaf_Gall,Correct,0.757059
datasets/test/Leaf_Blight/Leaf_Blight00182.jpg,Leaf_Blight,Leaf_Blight,Correct,0.467913
datasets/train/Felt_Leaf/Felt_Leaf00346.jpg,Felt_Leaf,Felt_Leaf,Correct,0.602610
datasets/test/Leaf_Blight/Leaf_Blight00394.jpg,Leaf_Blight,Leaf_Blight,Correct,0.745160
datasets/test/Bituminous_Leaf/Bituminous_Leaf00051.jpg,Bituminous_Leaf,Bituminous_Leaf,Correct,0.706945
datasets/train/Leaf_Gall/Leaf_Gall00052.jpg,Leaf_Gall,Leaf_Gall,Correct,0.590246
datasets/test/Curl_Leaf/Curl_Leaf00017.jpg,Curl_Leaf,Fungal_Leaf_Spot,Incorrect,0.321881
datasets/train/Leaf_Gall/Leaf_Gall00027.jpg,Leaf_Gall,Bituminous_Leaf,Incorrect,0.642328
datasets/test/Deficiency_Leaf/Deficiency_Leaf00101.jpg,Deficiency_Leaf,Bituminous_Leaf,Incorrect,0.551740
datasets/train/Fungal_Leaf_Spot/Fungal_Leaf_Spot00074.jpg,Fungal_Leaf_Spot,Fungal_Leaf_Spot,Correct,0.805963
datasets/train/Leaf_Gall/Leaf_Gall00070.jpg,Leaf_Gall,Anthrax_Leaf,Incorrect,0.266976
datasets/test/Dry_Leaf/Dry_Leaf00286.jpg,Dry_Leaf,Healthy_Leaf,Incorrect,0.513779
datasets/test/Bituminous_Leaf/Bituminous_Leaf00052.jpg,Bituminous_Leaf,Bituminous_Leaf,Correct,0.456749
datasets/test/Felt_Leaf/Felt_Leaf00108.jpg,Felt_Leaf,Fungal_Leaf_Spot,Incorrect,0.405240
datasets/test/Bituminous_Leaf/Bituminous_Leaf00119.jpg,Bituminous_Leaf,Fungal_Leaf_Spot,Incorrect,0.410158
datasets/test/Felt_Leaf/Felt_Leaf00356.jpg,Felt_Leaf,Felt_Leaf,Correct,0.754963
datasets/train/Deficiency_Leaf/Deficiency_Leaf00062.jpg,Deficiency_Leaf,Leaf_Gall,Incorrect,0.371487
datasets/train/Leaf_Gall/Leaf_Gall00149.jpg,Leaf_Gall,Leaf_Gall,Correct,0.505551
datasets/train/Felt_Leaf/Felt_Leaf00104.jpg,Felt_Leaf,Leaf_Blight,Incorrect,0.282045
datasets/test/Deficiency_Leaf/Deficiency_Leaf00061.jpg,Deficiency_Leaf,Leaf_Gall,Incorrect,0.231138
datasets/train/Deficiency_Leaf/Deficiency_Leaf00044.jpg,Deficiency_Leaf,Dry_Leaf,Incorrect,0.193921
datasets/test/Fungal_Leaf_Spot/Fungal_Leaf_Spot00107.jpg,Fungal_Leaf_Spot,Fungal_Leaf_Spot,Correct,0.983320
datasets/test/Fungal_Leaf_Spot/Fungal_Leaf_Spot00481.jpg,Fungal_Leaf_Spot,Fungal_Leaf_Spot,Correct,0.465340
datasets/test/Anthrax_Leaf/Anthrax_Leaf00099.jpg,Anthrax_Leaf,Anthrax_Leaf,Correct,0.985903
datasets/train/Dry_Leaf/Dry_Leaf00298.jpg,Dry_Leaf,Dry_Leaf,Correct,0.996112
datasets/train/Fungal_Leaf_Spot/Fungal_Leaf_Spot00101.jpg,Fungal_Leaf_Spot,Fungal_Leaf_Spot,Correct,0.314699
datasets/train/Fungal_Leaf_Spot/Fungal_Leaf_Spot00339.jpg,Fungal_Leaf_Spot,Fungal_Leaf_Spot,Correct,0.311129
datasets/test/Fungal_Leaf_Spot/Fungal_Leaf_Spot00033.jpg,Fungal_Leaf_Spot,Fungal_Leaf_Spot,Correct,0.873095
datasets/test/Fungal_Leaf_Spot/Fungal_Leaf_Spot00480.jpg,Fungal_Leaf_Spot,Felt_Leaf,Incorrect,0.324838
datasets/train/Leaf_Gall/Leaf_Gall00215.jpg,Leaf_Gall,Fungal_Leaf_Spot,Incorrect,0.411199
datasets/test/Dry_Leaf/Dry_Leaf00297.jpg,Dry_Leaf,Dry_Leaf,Correct,0.736466
datasets/train/Curl_Leaf/Curl_Leaf00159.jpg,Curl_Leaf,Curl_Leaf,Correct,0.964628
datasets/test/Fungal_Leaf_Spot/Fungal_Leaf_Spot00545.jpg,Fungal_Leaf_Spot,Healthy_Leaf,Incorrect,0.456391
datasets/test/Healthy_Leaf/Healthy_Leaf00340.jpg,Healthy_Leaf,Healthy_Leaf,Correct,0.988943
datasets/test/Anthrax_Leaf/Anthrax_Leaf00115.jpg,Anthrax_Leaf,Dry_Leaf,Incorrect,0.416486
datasets/train/Healthy_Leaf/Healthy_Leaf00141.jpg,Healthy_Leaf,Healthy_Leaf,Correct,0.994016
datasets/test/Healthy_Leaf/Healthy_Leaf00091.jpg,Healthy_Leaf,Healthy_Leaf,Correct,0.840735
datasets/train/Felt_Leaf/Felt_Leaf00308.jpg,Felt_Leaf,Felt_Leaf,Correct,0.673017
datasets/test/Curl_Leaf/Curl_Leaf00113.jpg,Curl_Leaf,Curl_Leaf,Correct,0.840259
datasets/test/Healthy_Leaf/Healthy_Leaf00402.jpg,Healthy_Leaf,Healthy_Leaf,Correct,0.767277
datasets/train/Fungal_Leaf_Spot/Fungal_Leaf_Spot00370.jpg,Fungal_Leaf_Spot,Felt_Leaf,Incorrect,0.464961
datasets/test/Dry_Leaf/Dry_Leaf00010.jpg,Dry_Leaf,Dry_Leaf,Correct,0.950363
datasets/train/Healthy_Leaf/Healthy_Leaf00058.jpg,Healthy_Leaf,Healthy_Leaf,Correct,0.980582
datasets/test/Leaf_Gall/Leaf_Gall00166.jpg,Leaf_Gall,Fungal_Leaf_Spot,Incorrect,0.489734
datasets/test/Curl_Leaf/Curl_Leaf00101.jpg,Curl_Leaf,Curl_Leaf,Correct,0.471546
datasets/train/Leaf_Gall/Leaf_Gall00454.jpg,Leaf_Gall,Leaf_Gall,Correct,0.299671
datasets/train/Leaf_Blight/Leaf_Blight00035.jpg,Leaf_Blight,Leaf_Blight,Correct,0.847510
datasets/test/Felt_Leaf/Felt_Leaf00291.jpg,Felt_Leaf,Felt_Leaf,Correct,0.788347
datasets/train/Leaf_Blight/Leaf_Blight00354.jpg,Leaf_Blight,Leaf_Blight,Correct,0.877040
datasets/test/Fungal_Leaf_Spot/Fungal_Leaf_Spot00311.jpg,Fungal_Leaf_Spot,Healthy_Leaf,Incorrect,0.847770
datasets/train/Leaf_Gall/Leaf_Gall00120.jpg,Leaf_Gall,Leaf_Gall,Correct,0.302474
datasets/train/Felt_Leaf/Felt_Leaf00084.jpg,Felt_Leaf,Leaf_Blight,Incorrect,0.432618
datasets/train/Felt_Leaf/Felt_Leaf00311.jpg,Felt_Leaf,Felt_Leaf,Correct,0.505390
datasets/test/Deficiency_Leaf/Deficiency_Leaf00116.jpg,Deficiency_Leaf,Bituminous_Leaf,Incorrect,0.475726
datasets/test/Fungal_Leaf_Spot/Fungal_Leaf_Spot00417.jpg,Fungal_Leaf_Spot,Fungal_Leaf_Spot,Correct,0.918963
datasets/test/Healthy_Leaf/Healthy_Leaf00328.jpg,Healthy_Leaf,Healthy_Leaf,Correct,0.808869
datasets/test/Dry_Leaf/Dry_Leaf00048.jpg,Dry_Leaf,Dry_Leaf,Correct,0.926219
datasets/test/Leaf_Blight/Leaf_Blight00386.jpg,Leaf_Blight,Leaf_Blight,Correct,0.865989
datasets/train/Fungal_Leaf_Spot/Fungal_Leaf_Spot00354.jpg,Fungal_Leaf_Spot,Leaf_Gall,Incorrect,0.563698
datasets/train/Fungal_Leaf_Spot/Fungal_Leaf_Spot00242.jpg,Fungal_Leaf_Spot,Healthy_Leaf,Incorrect,0.422853
datasets/test/Deficiency_Leaf/Deficiency_Leaf00034.jpg,Deficiency_Leaf,Healthy_Leaf,Incorrect,0.317339
datasets/test/Dry_Leaf/Dry_Leaf00029.jpg,Dry_Leaf,Dry_Leaf,Correct,0.757200
datasets/test/Curl_Leaf/Curl_Leaf00180.jpg,Curl_Leaf,Fungal_Leaf_Spot,Incorrect,0.303215
datasets/test/Leaf_Blight/Leaf_Blight00288.jpg,Leaf_Blight,Leaf_Blight,Correct,0.978981
datasets/train/Bituminous_Leaf/Bituminous_Leaf00009.jpg,Bituminous_Leaf,Fungal_Leaf_Spot,Incorrect,0.838609
datasets/test/Fungal_Leaf_Spot/Fungal_Leaf_Spot00159.jpg,Fungal_Leaf_Spot,Fungal_Leaf_Spot,Correct,0.326076
datasets/train/Leaf_Gall/Leaf_Gall00063.jpg,Leaf_Gall,Fungal_Leaf_Spot,Incorrect,0.357480
datasets/test/Healthy_Leaf/Healthy_Leaf00286.jpg,Healthy_Leaf,Healthy_Leaf,Correct,0.384574
datasets/train/Curl_Leaf/Curl_Leaf00130.jpg,Curl_Leaf,Curl_Leaf,Correct,0.232514
datasets/train/Fungal_Leaf_Spot/Fungal_Leaf_Spot00040.jpg,Fungal_Leaf_Spot,Healthy_Leaf,Incorrect,0.626403
datasets/test/Deficiency_Leaf/Deficiency_Leaf00003.jpg,Deficiency_Leaf,Anthrax_Leaf,Incorrect,0.972969
datasets/test/Fungal_Leaf_Spot/Fungal_Leaf_Spot00485.jpg,Fungal_Leaf_Spot,Fungal_Leaf_Spot,Correct,0.595424
datasets/train/Leaf_Gall/Leaf_Gall00015.jpg,Leaf_Gall,Leaf_Blight,Incorrect,0.248277
datasets/train/Leaf_Blight/Leaf_Blight00136.jpg,Leaf_Blight,Leaf_Gall,Incorrect,0.413538
datasets/train/Leaf_Gall/Leaf_Gall00568.jpg,Leaf_Gall,Fungal_Leaf_Spot,Incorrect,0.310890
datasets/train/Leaf_Blight/Leaf_Blight00197.jpg,Leaf_Blight,Leaf_Blight,Correct,0.897275
datasets/test/Healthy_Leaf/Healthy_Leaf00416.jpg,Healthy_Leaf,Healthy_Leaf,Correct,0.947915
datasets/test/Healthy_Leaf/Healthy_Leaf00206.jpg,Healthy_Leaf,Healthy_Leaf,Correct,0.435805
datasets/test/Leaf_Gall/Leaf_Gall00422.jpg,Leaf_Gall,Fungal_Leaf_Spot,Incorrect,0.277951
datasets/test/Leaf_Blight/Leaf_Blight00107.jpg,Leaf_Blight,Leaf_Gall,Incorrect,0.400194
datasets/train/Dry_Leaf/Dry_Leaf00077.jpg,Dry_Leaf,Dry_Leaf,Correct,0.728441
datasets/test/Dry_Leaf/Dry_Leaf00070.jpg,Dry_Leaf,Dry_Leaf,Correct,0.925711
datasets/test/Fungal_Leaf_Spot/Fungal_Leaf_Spot00493.jpg,Fungal_Leaf_Spot,Leaf_Gall,Incorrect,0.504596
datasets/test/Felt_Leaf/Felt_Leaf00125.jpg,Felt_Leaf,Leaf_Blight,Incorrect,0.683182
datasets/test/Dry_Leaf/Dry_Leaf00324.jpg,Dry_Leaf,Dry_Leaf,Correct,0.368623
datasets/test/Dry_Leaf/Dry_Leaf00305.jpg,Dry_Leaf,Curl_Leaf,Incorrect,0.388987
datasets/test/Dry_Leaf/Dry_Leaf00200.jpg,Dry_Leaf,Dry_Leaf,Correct,0.647426
datasets/test/Anthrax_Leaf/Anthrax_Leaf00060.jpg,Anthrax_Leaf,Anthrax_Leaf,Correct,0.479883
datasets/train/Felt_Leaf/Felt_Leaf00361.jpg,Felt_Leaf,Felt_Leaf,Correct,0.588232
datasets/train/Healthy_Leaf/Healthy_Leaf00504.jpg,Healthy_Leaf,Healthy_Leaf,Correct,0.491094
datasets/train/Healthy_Leaf/Healthy_Leaf00168.jpg,Healthy_Leaf,Healthy_Leaf,Correct,0.498831
datasets/test/Fungal_Leaf_Spot/Fungal_Leaf_Spot00279.jpg,Fungal_Leaf_Spot,Fungal_Leaf_Spot,Correct,0.912190
datasets/test/Felt_Leaf/Felt_Leaf00060.jpg,Felt_Leaf,Felt_Leaf,Correct,0.482470
datasets/test/Fungal_Leaf_Spot/Fungal_Leaf_Spot00304.jpg,Fungal_Leaf_Spot,Fungal_Leaf_Spot,Correct,0.922825
datasets/train/Leaf_Blight/Leaf_Blight00065.jpg,Leaf_Blight,Leaf_Blight,Correct,0.254283
datasets/test/Fungal_Leaf_Spot/Fungal_Leaf_Spot00047.jpg,Fungal_Leaf_Spot,Fungal_Leaf_Spot,Correct,0.611384
datasets/test/Healthy_Leaf/Healthy_Leaf00245.jpg,Healthy_Leaf,Healthy_Leaf,Correct,0.976237
datasets/test/Healthy_Leaf/Healthy_Leaf00427.jpg,Healthy_Leaf,Healthy_Leaf,Correct,0.970920
datasets/test/Healthy_Leaf/Healthy_Leaf00053.jpg,Healthy_Leaf,Healthy_Leaf,Correct,0.971634
datasets/test/Healthy_Leaf/Healthy_Leaf00078.jpg,Healthy_Leaf,Healthy_Leaf,Correct,0.976890
datasets/train/Felt_Leaf/Felt_Leaf00326.jpg,Felt_Leaf,Leaf_Blight,Incorrect,0.294507
datasets/train/Leaf_Gall/Leaf_Gall00352.jpg,Leaf_Gall,Leaf_Gall,Correct,0.718099
datasets/train/Leaf_Gall/Leaf_Gall00017.jpg,Leaf_Gall,Felt_Leaf,Incorrect,0.248034
datasets/test/Leaf_Blight/Leaf_Blight00198.jpg,Leaf_Blight,Healthy_Leaf,Incorrect,0.798536
datasets/train/Leaf_Gall/Leaf_Gall00619.jpg,Leaf_Gall,Healthy_Leaf,Incorrect,0.738958
datasets/test/Fungal_Leaf_Spot/Fungal_Leaf_Spot00032.jpg,Fungal_Leaf_Spot,Fungal_Leaf_Spot,Correct,0.914018
datasets/train/Leaf_Gall/Leaf_Gall00206.jpg,Leaf_Gall,Leaf_Gall,Correct,0.431048
datasets/test/Bituminous_Leaf/Bituminous_Leaf00006.jpg,Bituminous_Leaf,Healthy_Leaf,Incorrect,0.361697
datasets/test/Leaf_Gall/Leaf_Gall00234.jpg,Leaf_Gall,Leaf_Gall,Correct,0.973523
datasets/test/Leaf_Gall/Leaf_Gall00574.jpg,Leaf_Gall,Dry_Leaf,Incorrect,0.334310
datasets/test/Healthy_Leaf/Healthy_Leaf00610.jpg,Healthy_Leaf,Healthy_Leaf,Correct,0.850486
datasets/test/Leaf_Gall/Leaf_Gall00390.jpg,Leaf_Gall,Leaf_Blight,Incorrect,0.487361
datasets/train/Leaf_Blight/Leaf_Blight00506.jpg,Leaf_Blight,Leaf_Blight,Correct,0.963487
datasets/test/Healthy_Leaf/Healthy_Leaf00412.jpg,Healthy_Leaf,Leaf_Blight,Incorrect,0.304680
datasets/train/Fungal_Leaf_Spot/Fungal_Leaf_Spot00114.jpg,Fungal_Leaf_Spot,Fungal_Leaf_Spot,Correct,0.604843
datasets/train/Healthy_Leaf/Healthy_Leaf00586.jpg,Healthy_Leaf,Healthy_Leaf,Correct,0.731236
datasets/train/Anthrax_Leaf/Anthrax_Leaf00038.jpg,Anthrax_Leaf,Anthrax_Leaf,Correct,0.958038
datasets/test/Fungal_Leaf_Spot/Fungal_Leaf_Spot00191.jpg,Fungal_Leaf_Spot,Fungal_Leaf_Spot,Correct,0.572810
datasets/test/Dry_Leaf/Dry_Leaf00323.jpg,Dry_Leaf,Dry_Leaf,Correct,0.806125
datasets/test/Healthy_Leaf/Healthy_Leaf00452.jpg,Healthy_Leaf,Leaf_Blight,Incorrect,0.290738
datasets/test/Curl_Leaf/Curl_Leaf00068.jpg,Curl_Leaf,Curl_Leaf,Correct,0.373837
datasets/test/Deficiency_Leaf/Deficiency_Leaf00111.jpg,Deficiency_Leaf,Bituminous_Leaf,Incorrect,0.950627
datasets/train/Fungal_Leaf_Spot/Fungal_Leaf_Spot00465.jpg,Fungal_Leaf_Spot,Fungal_Leaf_Spot,Correct,0.443724
datasets/test/Healthy_Leaf/Healthy_Leaf00386.jpg,Healthy_Leaf,Healthy_Leaf,Correct,0.359598
datasets/test/Leaf_Gall/Leaf_Gall00003.jpg,Leaf_Gall,Leaf_Blight,Incorrect,0.508836
datasets/train/Healthy_Leaf/Healthy_Leaf00525.jpg,Healthy_Leaf,Healthy_Leaf,Correct,0.971731
datasets/train/Dry_Leaf/Dry_Leaf00340.jpg,Dry_Leaf,Felt_Leaf,Incorrect,0.296322
datasets/train/Felt_Leaf/Felt_Leaf00280.jpg,Felt_Leaf,Fungal_Leaf_Spot,Incorrect,0.392263
datasets/train/Bituminous_Leaf/Bituminous_Leaf00010.jpg,Bituminous_Leaf,Bituminous_Leaf,Correct,0.969308
datasets/train/Healthy_Leaf/Healthy_Leaf00570.jpg,Healthy_Leaf,Healthy_Leaf,Correct,0.931973
datasets/test/Leaf_Blight/Leaf_Blight00343.jpg,Leaf_Blight,Leaf_Blight,Correct,0.778250
datasets/train/Healthy_Leaf/Healthy_Leaf00366.jpg,Healthy_Leaf,Healthy_Leaf,Correct,0.760406
datasets/train/Healthy_Leaf/Healthy_Leaf00594.jpg,Healthy_Leaf,Healthy_Leaf,Correct,0.452895
datasets/test/Felt_Leaf/Felt_Leaf00284.jpg,Felt_Leaf,Fungal_Leaf_Spot,Incorrect,0.416735
datasets/train/Dry_Leaf/Dry_Leaf00241.jpg,Dry_Leaf,Dry_Leaf,Correct,0.459005
datasets/test/Leaf_Blight/Leaf_Blight00480.jpg,Leaf_Blight,Leaf_Blight,Correct,0.987277
datasets/test/Leaf_Blight/Leaf_Blight00547.jpg,Leaf_Blight,Leaf_Blight,Correct,0.892338
datasets/test/Dry_Leaf/Dry_Leaf00071.jpg,Dry_Leaf,Fungal_Leaf_Spot,Incorrect,0.228516
datasets/test/Felt_Leaf/Felt_Leaf00271.jpg,Felt_Leaf,Fungal_Leaf_Spot,Incorrect,0.441013
datasets/train/Healthy_Leaf/Healthy_Leaf00027.jpg,Healthy_Leaf,Healthy_Leaf,Correct,0.808707
datasets/test/Leaf_Gall/Leaf_Gall00270.jpg,Leaf_Gall,Leaf_Gall,Correct,0.490298
datasets/test/Dry_Leaf/Dry_Leaf00005.jpg,Dry_Leaf,Dry_Leaf,Correct,0.979057
datasets/train/Dry_Leaf/Dry_Leaf00256.jpg,Dry_Leaf,Dry_Leaf,Correct,0.988690
datasets/train/Leaf_Gall/Leaf_Gall00370.jpg,Leaf_Gall,Felt_Leaf,Incorrect,0.274080
datasets/train/Leaf_Gall/Leaf_Gall00436.jpg,Leaf_Gall,Leaf_Gall,Correct,0.571621
datasets/train/Leaf_Blight/Leaf_Blight00010.jpg,Leaf_Blight,Leaf_Blight,Correct,0.952529
datasets/test/Felt_Leaf/Felt_Leaf00307.jpg,Felt_Leaf,Leaf_Blight,Incorrect,0.460827
datasets/test/Leaf_Gall/Leaf_Gall00377.jpg,Leaf_Gall,Leaf_Gall,Correct,0.601630
datasets/test/Healthy_Leaf/Healthy_Leaf00288.jpg,Healthy_Leaf,Healthy_Leaf,Correct,0.351444
datasets/test/Leaf_Gall/Leaf_Gall00107.jpg,Leaf_Gall,Leaf_Gall,Correct,0.911516
datasets/test/Dry_Leaf/Dry_Leaf00196.jpg,Dry_Leaf,Dry_Leaf,Correct,0.696900
datasets/train/Leaf_Blight/Leaf_Blight00246.jpg,Leaf_Blight,Leaf_Blight,Correct,0.546097
datasets/train/Healthy_Leaf/Healthy_Leaf00013.jpg,Healthy_Leaf,Healthy_Leaf,Correct,0.585926
datasets/train/Dry_Leaf/Dry_Leaf00335.jpg,Dry_Leaf,Dry_Leaf,Correct,0.714419
datasets/test/Fungal_Leaf_Spot/Fungal_Leaf_Spot00236.jpg,Fungal_Leaf_Spot,Fungal_Leaf_Spot,Correct,0.778863
datasets/train/Leaf_Gall/Leaf_Gall00197.jpg,Leaf_Gall,Leaf_Gall,Correct,0.503939
datasets/test/Leaf_Gall/Leaf_Gall00533.jpg,Leaf_Gall,Leaf_Gall,Correct,0.387212
datasets/test/Healthy_Leaf/Healthy_Leaf00387.jpg,Healthy_Leaf,Felt_Leaf,Incorrect,0.468132
datasets/test/Healthy_Leaf/Healthy_Leaf00124.jpg,Healthy_Leaf,Healthy_Leaf,Correct,0.858572
datasets/test/Fungal_Leaf_Spot/Fungal_Leaf_Spot00356.jpg,Fungal_Leaf_Spot,Leaf_Gall,Incorrect,0.308477
datasets/test/Fungal_Leaf_Spot/Fungal_Leaf_Spot00541.jpg,Fungal_Leaf_Spot,Fungal_Leaf_Spot,Correct,0.996837
datasets/train/Deficiency_Leaf/Deficiency_Leaf00026.jpg,Deficiency_Leaf,Leaf_Blight,Incorrect,0.322733
datasets/test/Leaf_Blight/Leaf_Blight00528.jpg,Leaf_Blight,Leaf_Gall,Incorrect,0.271210
datasets/test/Felt_Leaf/Felt_Leaf00015.jpg,Felt_Leaf,Felt_Leaf,Correct,0.277944
datasets/test/Leaf_Gall/Leaf_Gall00199.jpg,Leaf_Gall,Leaf_Gall,Correct,0.928397
datasets/test/Leaf_Blight/Leaf_Blight00247.jpg,Leaf_Blight,Leaf_Blight,Correct,0.512376
datasets/test/Fungal_Leaf_Spot/Fungal_Leaf_Spot00117.jpg,Fungal_Leaf_Spot,Fungal_Leaf_Spot,Correct,0.391670
datasets/train/Healthy_Leaf/Healthy_Leaf00371.jpg,Healthy_Leaf,Healthy_Leaf,Correct,0.906814
datasets/test/Healthy_Leaf/Healthy_Leaf00554.jpg,Healthy_Leaf,Healthy_Leaf,Correct,0.530988
datasets/test/Felt_Leaf/Felt_Leaf00131.jpg,Felt_Leaf,Leaf_Blight,Incorrect,0.451575
datasets/train/Leaf_Blight/Leaf_Blight00543.jpg,Leaf_Blight,Leaf_Blight,Correct,0.502613
datasets/test/Leaf_Gall/Leaf_Gall00612.jpg,Leaf_Gall,Fungal_Leaf_Spot,Incorrect,0.305615
datasets/test/Fungal_Leaf_Spot/Fungal_Leaf_Spot00017.jpg,Fungal_Leaf_Spot,Fungal_Leaf_Spot,Correct,0.506118
datasets/test/Curl_Leaf/Curl_Leaf00149.jpg,Curl_Leaf,Leaf_Gall,Incorrect,0.722724
datasets/test/Leaf_Blight/Leaf_Blight00228.jpg,Leaf_Blight,Leaf_Blight,Correct,0.511714
datasets/train/Dry_Leaf/Dry_Leaf00012.jpg,Dry_Leaf,Dry_Leaf,Correct,0.937092
datasets/test/Leaf_Gall/Leaf_Gall00514.jpg,Leaf_Gall,Leaf_Gall,Correct,0.407250
datasets/train/Fungal_Leaf_Spot/Fungal_Leaf_Spot00209.jpg,Fungal_Leaf_Spot,Healthy_Leaf,Incorrect,0.301744
datasets/test/Dry_Leaf/Dry_Leaf00033.jpg,Dry_Leaf,Dry_Leaf,Correct,0.773996
datasets/train/Healthy_Leaf/Healthy_Leaf00617.jpg,Healthy_Leaf,Healthy_Leaf,Correct,0.300320
datasets/test/Leaf_Blight/Leaf_Blight00374.jpg,Leaf_Blight,Leaf_Blight,Correct,0.773157
datasets/test/Anthrax_Leaf/Anthrax_Leaf00125.jpg,Anthrax_Leaf,Leaf_Blight,Incorrect,0.314567
datasets/test/Leaf_Gall/Leaf_Gall00317.jpg,Leaf_Gall,Leaf_Gall,Correct,0.611367
datasets/test/Leaf_Blight/Leaf_Blight00220.jpg,Leaf_Blight,Leaf_Blight,Correct,0.902789
datasets/train/Dry_Leaf/Dry_Leaf00331.jpg,Dry_Leaf,Healthy_Leaf,Incorrect,0.354583
datasets/test/Fungal_Leaf_Spot/Fungal_Leaf_Spot00496.jpg,Fungal_Leaf_Spot,Leaf_Blight,Incorrect,0.379300
datasets/test/Leaf_Gall/Leaf_Gall00232.jpg,Leaf_Gall,Leaf_Gall,Correct,0.979760
datasets/test/Healthy_Leaf/Healthy_Leaf00157.jpg,Healthy_Leaf,Healthy_Leaf,Correct,0.995166
datasets/train/Leaf_Gall/Leaf_Gall00610.jpg,Leaf_Gall,Leaf_Gall,Correct,0.486616
datasets/test/Leaf_Gall/Leaf_Gall00513.jpg,Leaf_Gall,Leaf_Gall,Correct,0.478184
datasets/test/Felt_Leaf/Felt_Leaf00082.jpg,Felt_Leaf,Fungal_Leaf_Spot,Incorrect,0.732240
datasets/test/Curl_Leaf/Curl_Leaf00027.jpg,Curl_Leaf,Curl_Leaf,Correct,0.852801
datasets/train/Fungal_Leaf_Spot/Fungal_Leaf_Spot00398.jpg,Fungal_Leaf_Spot,Fungal_Leaf_Spot,Correct,0.598723
datasets/train/Bituminous_Leaf/Bituminous_Leaf00107.jpg,Bituminous_Leaf,Healthy_Leaf,Incorrect,0.500029
datasets/train/Leaf_Blight/Leaf_Blight00066.jpg,Leaf_Blight,Leaf_Gall,Incorrect,0.423510
datasets/test/Leaf_Gall/Leaf_Gall00433.jpg,Leaf_Gall,Fungal_Leaf_Spot,Incorrect,0.315888
datasets/test/Healthy_Leaf/Healthy_Leaf00374.jpg,Healthy_Leaf,Healthy_Leaf,Correct,0.965963
datasets/test/Leaf_Gall/Leaf_Gall00316.jpg,Leaf_Gall,Leaf_Gall,Correct,0.278676
datasets/train/Leaf_Blight/Leaf_Blight00211.jpg,Leaf_Blight,Leaf_Blight,Correct,0.744515
datasets/test/Leaf_Blight/Leaf_Blight00585.jpg,Leaf_Blight,Fungal_Leaf_Spot,Incorrect,0.483948
datasets/train/Healthy_Leaf/Healthy_Leaf00382.jpg,Healthy_Leaf,Dry_Leaf,Incorrect,0.688286
datasets/test/Leaf_Gall/Leaf_Gall00134.jpg,Leaf_Gall,Leaf_Gall,Correct,0.548044
datasets/test/Fungal_Leaf_Spot/Fungal_Leaf_Spot00540.jpg,Fungal_Leaf_Spot,Fungal_Leaf_Spot,Correct,0.773347
datasets/test/Fungal_Leaf_Spot/Fungal_Leaf_Spot00477.jpg,Fungal_Leaf_Spot,Fungal_Leaf_Spot,Correct,0.944416
datasets/train/Fungal_Leaf_Spot/Fungal_Leaf_Spot00075.jpg,Fungal_Leaf_Spot,Fungal_Leaf_Spot,Correct,0.838911
datasets/train/Leaf_Blight/Leaf_Blight00134.jpg,Leaf_Blight,Leaf_Blight,Correct,0.977580
datasets/train/Anthrax_Leaf/Anthrax_Leaf00050.jpg,Anthrax_Leaf,Anthrax_Leaf,Correct,0.844546
datasets/train/Leaf_Blight/Leaf_Blight00316.jpg,Leaf_Blight,Leaf_Blight,Correct,0.997425
datasets/test/Felt_Leaf/Felt_Leaf00029.jpg,Felt_Leaf,Felt_Leaf,Correct,0.742433
datasets/test/Bituminous_Leaf/Bituminous_Leaf00022.jpg,Bituminous_Leaf,Fungal_Leaf_Spot,Incorrect,0.743628
datasets/test/Leaf_Gall/Leaf_Gall00318.jpg,Leaf_Gall,Dry_Leaf,Incorrect,0.657909
datasets/test/Healthy_Leaf/Healthy_Leaf00458.jpg,Healthy_Leaf,Fungal_Leaf_Spot,Incorrect,0.345872
datasets/test/Leaf_Blight/Leaf_Blight00037.jpg,Leaf_Blight,Leaf_Blight,Correct,0.891800
datasets/test/Deficiency_Leaf/Deficiency_Leaf00093.jpg,Deficiency_Leaf,Leaf_Gall,Incorrect,0.515168
datasets/train/Healthy_Leaf/Healthy_Leaf00464.jpg,Healthy_Leaf,Dry_Leaf,Incorrect,0.279373
datasets/test/Healthy_Leaf/Healthy_Leaf00488.jpg,Healthy_Leaf,Curl_Leaf,Incorrect,0.336846
datasets/train/Leaf_Gall/Leaf_Gall00276.jpg,Leaf_Gall,Felt_Leaf,Incorrect,0.236435
datasets/train/Fungal_Leaf_Spot/Fungal_Leaf_Spot00451.jpg,Fungal_Leaf_Spot,Fungal_Leaf_Spot,Correct,0.708489
datasets/test/Fungal_Leaf_Spot/Fungal_Leaf_Spot00055.jpg,Fungal_Leaf_Spot,Anthrax_Leaf,Incorrect,0.275067
datasets/test/Curl_Leaf/Curl_Leaf00127.jpg,Curl_Leaf,Curl_Leaf,Correct,0.852144
datasets/test/Healthy_Leaf/Healthy_Leaf00300.jpg,Healthy_Leaf,Leaf_Blight,Incorrect,0.600354
datasets/train/Fungal_Leaf_Spot/Fungal_Leaf_Spot00049.jpg,Fungal_Leaf_Spot,Fungal_Leaf_Spot,Correct,0.987728
datasets/test/Healthy_Leaf/Healthy_Leaf00007.jpg,Healthy_Leaf,Healthy_Leaf,Correct,0.993873
datasets/train/Anthrax_Leaf/Anthrax_Leaf00049.jpg,Anthrax_Leaf,Healthy_Leaf,Incorrect,0.472702
datasets/test/Leaf_Gall/Leaf_Gall00273.jpg,Leaf_Gall,Leaf_Gall,Correct,0.862048
datasets/test/Curl_Leaf/Curl_Leaf00046.jpg,Curl_Leaf,Curl_Leaf,Correct,0.421430
datasets/test/Felt_Leaf/Felt_Leaf00349.jpg,Felt_Leaf,Felt_Leaf,Correct,0.672637
datasets/test/Leaf_Blight/Leaf_Blight00337.jpg,Leaf_Blight,Leaf_Blight,Correct,0.961739
datasets/train/Healthy_Leaf/Healthy_Leaf00431.jpg,Healthy_Leaf,Healthy_Leaf,Correct,0.237384
datasets/test/Dry_Leaf/Dry_Leaf00349.jpg,Dry_Leaf,Leaf_Blight,Incorrect,0.477861
datasets/test/Felt_Leaf/Felt_Leaf00016.jpg,Felt_Leaf,Felt_Leaf,Correct,0.484704
datasets/test/Leaf_Gall/Leaf_Gall00010.jpg,Leaf_Gall,Leaf_Gall,Correct,0.606867
datasets/test/Deficiency_Leaf/Deficiency_Leaf00108.jpg,Deficiency_Leaf,Leaf_Blight,Incorrect,0.331454
datasets/test/Leaf_Gall/Leaf_Gall00164.jpg,Leaf_Gall,Leaf_Gall,Correct,0.669528
datasets/test/Healthy_Leaf/Healthy_Leaf00297.jpg,Healthy_Leaf,Healthy_Leaf,Correct,0.990639
datasets/train/Leaf_Gall/Leaf_Gall00106.jpg,Leaf_Gall,Leaf_Gall,Correct,0.337999
datasets/train/Felt_Leaf/Felt_Leaf00313.jpg,Felt_Leaf,Felt_Leaf,Correct,0.470290
datasets/test/Fungal_Leaf_Spot/Fungal_Leaf_Spot00088.jpg,Fungal_Leaf_Spot,Leaf_Blight,Incorrect,0.372564
datasets/test/Dry_Leaf/Dry_Leaf00158.jpg,Dry_Leaf,Dry_Leaf,Correct,0.869879
datasets/test/Healthy_Leaf/Healthy_Leaf00167.jpg,Healthy_Leaf,Healthy_Leaf,Correct,0.998384
datasets/train/Fungal_Leaf_Spot/Fungal_Leaf_Spot00113.jpg,Fungal_Leaf_Spot,Fungal_Leaf_Spot,Correct,0.902169
datasets/train/Leaf_Blight/Leaf_Blight00372.jpg,Leaf_Blight,Leaf_Blight,Correct,0.619784
datasets/train/Deficiency_Leaf/Deficiency_Leaf00007.jpg,Deficiency_Leaf,Anthrax_Leaf,Incorrect,0.588871
datasets/test/Fungal_Leaf_Spot/Fungal_Leaf_Spot00528.jpg,Fungal_Leaf_Spot,Fungal_Leaf_Spot,Correct,0.335563
datasets/test/Curl_Leaf/Curl_Leaf00002.jpg,Curl_Leaf,Curl_Leaf,Correct,0.732229
datasets/train/Curl_Leaf/Curl_Leaf00145.jpg,Curl_Leaf,Felt_Leaf,Incorrect,0.305484
datasets/train/Deficiency_Leaf/Deficiency_Leaf00060.jpg,Deficiency_Leaf,Leaf_Blight,Incorrect,0.195125
datasets/test/Leaf_Blight/Leaf_Blight00147.jpg,Leaf_Blight,Leaf_Blight,Correct,0.947308
datasets/test/Dry_Leaf/Dry_Leaf00173.jpg,Dry_Leaf,Dry_Leaf,Correct,0.962034
datasets/test/Leaf_Gall/Leaf_Gall00573.jpg,Leaf_Gall,Leaf_Gall,Correct,0.172465
datasets/test/Curl_Leaf/Curl_Leaf00053.jpg,Curl_Leaf,Curl_Leaf,Correct,0.686530
datasets/test/Fungal_Leaf_Spot/Fungal_Leaf_Spot00492.jpg,Fungal_Leaf_Spot,Fungal_Leaf_Spot,Correct,0.466591
datasets/test/Leaf_Blight/Leaf_Blight00314.jpg,Leaf_Blight,Leaf_Blight,Correct,0.968432
datasets/train/Dry_Leaf/Dry_Leaf00065.jpg,Dry_Leaf,Dry_Leaf,Correct,0.771631
datasets/test/Healthy_Leaf/Healthy_Leaf00480.jpg,Healthy_Leaf,Healthy_Leaf,Correct,0.718785
datasets/train/Dry_Leaf/Dry_Leaf00353.jpg,Dry_Leaf,Dry_Leaf,Correct,0.617107
datasets/test/Leaf_Blight/Leaf_Blight00116.jpg,Leaf_Blight,Felt_Leaf,Incorrect,0.415307
datasets/train/Healthy_Leaf/Healthy_Leaf00311.jpg,Healthy_Leaf,Leaf_Blight,Incorrect,0.616925
datasets/test/Fungal_Leaf_Spot/Fungal_Leaf_Spot00195.jpg,Fungal_Leaf_Spot,Fungal_Leaf_Spot,Correct,0.419456
datasets/test/Healthy_Leaf/Healthy_Leaf00428.jpg,Healthy_Leaf,Healthy_Leaf,Correct,0.949080
datasets/train/Anthrax_Leaf/Anthrax_Leaf00080.jpg,Anthrax_Leaf,Anthrax_Leaf,Correct,0.448356
datasets/test/Felt_Leaf/Felt_Leaf00031.jpg,Felt_Leaf,Fungal_Leaf_Spot,Incorrect,0.423890
datasets/test/Bituminous_Leaf/Bituminous_Leaf00095.jpg,Bituminous_Leaf,Bituminous_Leaf,Correct,0.534496
datasets/test/Felt_Leaf/Felt_Leaf00065.jpg,Felt_Leaf,Felt_Leaf,Correct,0.234887
datasets/train/Bituminous_Leaf/Bituminous_Leaf00043.jpg,Bituminous_Leaf,Bituminous_Leaf,Correct,0.437787
datasets/test/Leaf_Blight/Leaf_Blight00061.jpg,Leaf_Blight,Leaf_Blight,Correct,0.424725
datasets/test/Bituminous_Leaf/Bituminous_Leaf00126.jpg,Bituminous_Leaf,Bituminous_Leaf,Correct,0.597869
datasets/test/Leaf_Gall/Leaf_Gall00175.jpg,Leaf_Gall,Felt_Leaf,Incorrect,0.432525
datasets/test/Leaf_Blight/Leaf_Blight00028.jpg,Leaf_Blight,Leaf_Blight,Correct,0.985968
datasets/test/Healthy_Leaf/Healthy_Leaf00249.jpg,Healthy_Leaf,Healthy_Leaf,Correct,0.765545
datasets/train/Healthy_Leaf/Healthy_Leaf00321.jpg,Healthy_Leaf,Healthy_Leaf,Correct,0.966403
datasets/train/Healthy_Leaf/Healthy_Leaf00170.jpg,Healthy_Leaf,Healthy_Leaf,Correct,0.764871
datasets/train/Anthrax_Leaf/Anthrax_Leaf00123.jpg,Anthrax_Leaf,Anthrax_Leaf,Correct,0.526588
datasets/test/Fungal_Leaf_Spot/Fungal_Leaf_Spot00380.jpg,Fungal_Leaf_Spot,Felt_Leaf,Incorrect,0.411621
datasets/train/Leaf_Gall/Leaf_Gall00230.jpg,Leaf_Gall,Leaf_Gall,Correct,0.708392
datasets/test/Healthy_Leaf/Healthy_Leaf00393.jpg,Healthy_Leaf,Healthy_Leaf,Correct,0.350481
datasets/train/Fungal_Leaf_Spot/Fungal_Leaf_Spot00261.jpg,Fungal_Leaf_Spot,Fungal_Leaf_Spot,Correct,0.716181
datasets/train/Leaf_Blight/Leaf_Blight00341.jpg,Leaf_Blight,Leaf_Blight,Correct,0.416091
datasets/train/Leaf_Blight/Leaf_Blight00448.jpg,Leaf_Blight,Leaf_Blight,Correct,0.978832
datasets/train/Leaf_Gall/Leaf_Gall00147.jpg,Leaf_Gall,Felt_Leaf,Incorrect,0.402482
datasets/test/Leaf_Blight/Leaf_Blight00062.jpg,Leaf_Blight,Leaf_Blight,Correct,0.331532
datasets/test/Leaf_Blight/Leaf_Blight00494.jpg,Leaf_Blight,Leaf_Blight,Correct,0.854874
datasets/test/Bituminous_Leaf/Bituminous_Leaf00121.jpg,Bituminous_Leaf,Dry_Leaf,Incorrect,0.390002
datasets/test/Leaf_Blight/Leaf_Blight00274.jpg,Leaf_Blight,Leaf_Blight,Correct,0.695096
datasets/train/Fungal_Leaf_Spot/Fungal_Leaf_Spot00363.jpg,Fungal_Leaf_Spot,Leaf_Blight,Incorrect,0.344407
datasets/test/Healthy_Leaf/Healthy_Leaf00360.jpg,Healthy_Leaf,Healthy_Leaf,Correct,0.968098
datasets/test/Dry_Leaf/Dry_Leaf00232.jpg,Dry_Leaf,Dry_Leaf,Correct,0.540657
datasets/test/Fungal_Leaf_Spot/Fungal_Leaf_Spot00073.jpg,Fungal_Leaf_Spot,Fungal_Leaf_Spot,Correct,0.898909
datasets/test/Felt_Leaf/Felt_Leaf00179.jpg,Felt_Leaf,Leaf_Gall,Incorrect,0.529597
datasets/test/Leaf_Blight/Leaf_Blight00177.jpg,Leaf_Blight,Leaf_Blight,Correct,0.911415
datasets/test/Fungal_Leaf_Spot/Fungal_Leaf_Spot00058.jpg,Fungal_Leaf_Spot,Fungal_Leaf_Spot,Correct,0.971998
datasets/test/Felt_Leaf/Felt_Leaf00261.jpg,Felt_Leaf,Leaf_Gall,Incorrect,0.296142
datasets/train/Leaf_Gall/Leaf_Gall00082.jpg,Leaf_Gall,Leaf_Gall,Correct,0.418131
datasets/train/Felt_Leaf/Felt_Leaf00002.jpg,Felt_Leaf,Fungal_Leaf_Spot,Incorrect,0.863022
datasets/test/Dry_Leaf/Dry_Leaf00271.jpg,Dry_Leaf,Dry_Leaf,Correct,0.999873
datasets/test/Deficiency_Leaf/Deficiency_Leaf00099.jpg,Deficiency_Leaf,Healthy_Leaf,Incorrect,0.277190
datasets/train/Leaf_Blight/Leaf_Blight00077.jpg,Leaf_Blight,Leaf_Blight,Correct,0.286074
datasets/test/Leaf_Blight/Leaf_Blight00170.jpg,Leaf_Blight,Fungal_Leaf_Spot,Incorrect,0.364282
datasets/train/Leaf_Gall/Leaf_Gall00416.jpg,Leaf_Gall,Leaf_Blight,Incorrect,0.321644
datasets/test/Deficiency_Leaf/Deficiency_Leaf00077.jpg,Deficiency_Leaf,Leaf_Gall,Incorrect,0.551066
datasets/train/Leaf_Gall/Leaf_Gall00614.jpg,Leaf_Gall,Leaf_Gall,Correct,0.822959
datasets/train/Fungal_Leaf_Spot/Fungal_Leaf_Spot00295.jpg,Fungal_Leaf_Spot,Fungal_Leaf_Spot,Correct,0.703913
datasets/train/Fungal_Leaf_Spot/Fungal_Leaf_Spot00035.jpg,Fungal_Leaf_Spot,Fungal_Leaf_Spot,Correct,0.347443
datasets/test/Fungal_Leaf_Spot/Fungal_Leaf_Spot00214.jpg,Fungal_Leaf_Spot,Fungal_Leaf_Spot,Correct,0.808334
datasets/test/Healthy_Leaf/Healthy_Leaf00252.jpg,Healthy_Leaf,Healthy_Leaf,Correct,0.700950
datasets/test/Leaf_Blight/Leaf_Blight00313.jpg,Leaf_Blight,Leaf_Blight,Correct,0.671699
datasets/train/Felt_Leaf/Felt_Leaf00047.jpg,Felt_Leaf,Felt_Leaf,Correct,0.468687
datasets/test/Felt_Leaf/Felt_Leaf00006.jpg,Felt_Leaf,Dry_Leaf,Incorrect,0.388563
datasets/test/Curl_Leaf/Curl_Leaf00037.jpg,Curl_Leaf,Leaf_Gall,Incorrect,0.743777
datasets/train/Leaf_Blight/Leaf_Blight00092.jpg,Leaf_Blight,Leaf_Blight,Correct,0.235364
datasets/test/Dry_Leaf/Dry_Leaf00022.jpg,Dry_Leaf,Healthy_Leaf,Incorrect,0.546858
datasets/test/Curl_Leaf/Curl_Leaf00035.jpg,Curl_Leaf,Leaf_Gall,Incorrect,0.669135
datasets/test/Healthy_Leaf/Healthy_Leaf00119.jpg,Healthy_Leaf,Healthy_Leaf,Correct,0.951713
datasets/test/Felt_Leaf/Felt_Leaf00303.jpg,Felt_Leaf,Felt_Leaf,Correct,0.792872
datasets/test/Bituminous_Leaf/Bituminous_Leaf00138.jpg,Bituminous_Leaf,Bituminous_Leaf,Correct,0.712078
datasets/test/Dry_Leaf/Dry_Leaf00127.jpg,Dry_Leaf,Dry_Leaf,Correct,0.966203
datasets/test/Leaf_Blight/Leaf_Blight00257.jpg,Leaf_Blight,Leaf_Blight,Correct,0.828812
datasets/train/Curl_Leaf/Curl_Leaf00010.jpg,Curl_Leaf,Curl_Leaf,Correct,0.587708
datasets/train/Leaf_Gall/Leaf_Gall00344.jpg,Leaf_Gall,Leaf_Blight,Incorrect,0.780666
datasets/train/Deficiency_Leaf/Deficiency_Leaf00021.jpg,Deficiency_Leaf,Leaf_Gall,Incorrect,0.801272
datasets/test/Curl_Leaf/Curl_Leaf00008.jpg,Curl_Leaf,Curl_Leaf,Correct,0.852504
datasets/test/Dry_Leaf/Dry_Leaf00306.jpg,Dry_Leaf,Leaf_Gall,Incorrect,0.604106
datasets/test/Fungal_Leaf_Spot/Fungal_Leaf_Spot00129.jpg,Fungal_Leaf_Spot,Leaf_Blight,Incorrect,0.288454
datasets/test/Dry_Leaf/Dry_Leaf00166.jpg,Dry_Leaf,Dry_Leaf,Correct,0.925988
datasets/test/Felt_Leaf/Felt_Leaf00171.jpg,Felt_Leaf,Felt_Leaf,Correct,0.868477
datasets/test/Leaf_Blight/Leaf_Blight00232.jpg,Leaf_Blight,Leaf_Blight,Correct,0.708159
datasets/train/Fungal_Leaf_Spot/Fungal_Leaf_Spot00179.jpg,Fungal_Leaf_Spot,Fungal_Leaf_Spot,Correct,0.655694
datasets/train/Fungal_Leaf_Spot/Fungal_Leaf_Spot00472.jpg,Fungal_Leaf_Spot,Fungal_Leaf_Spot,Correct,0.462267
datasets/test/Healthy_Leaf/Healthy_Leaf00054.jpg,Healthy_Leaf,Healthy_Leaf,Correct,0.998119
datasets/train/Leaf_Blight/Leaf_Blight00544.jpg,Leaf_Blight,Leaf_Blight,Correct,0.525972
datasets/test/Felt_Leaf/Felt_Leaf00245.jpg,Felt_Leaf,Felt_Leaf,Correct,0.369155
datasets/test/Felt_Leaf/Felt_Leaf00074.jpg,Felt_Leaf,Leaf_Gall,Incorrect,0.353350
datasets/train/Felt_Leaf/Felt_Leaf00297.jpg,Felt_Leaf,Felt_Leaf,Correct,0.492679
datasets/train/Healthy_Leaf/Healthy_Leaf00421.jpg,Healthy_Leaf,Healthy_Leaf,Correct,0.635483
datasets/train/Felt_Leaf/Felt_Leaf00140.jpg,Felt_Leaf,Felt_Leaf,Correct,0.784301
datasets/test/Felt_Leaf/Felt_Leaf00134.jpg,Felt_Leaf,Felt_Leaf,Correct,0.561220
datasets/test/Fungal_Leaf_Spot/Fungal_Leaf_Spot00515.jpg,Fungal_Leaf_Spot,Leaf_Blight,Incorrect,0.471293
datasets/test/Leaf_Gall/Leaf_Gall00152.jpg,Leaf_Gall,Leaf_Gall,Correct,0.871084
datasets/test/Leaf_Blight/Leaf_Blight00365.jpg,Leaf_Blight,Leaf_Blight,Correct,0.831316
datasets/test/Healthy_Leaf/Healthy_Leaf00055.jpg,Healthy_Leaf,Fungal_Leaf_Spot,Incorrect,0.870973
datasets/test/Leaf_Blight/Leaf_Blight00307.jpg,Leaf_Blight,Leaf_Blight,Correct,0.947936
datasets/train/Leaf_Gall/Leaf_Gall00108.jpg,Leaf_Gall,Leaf_Gall,Correct,0.937998
datasets/test/Leaf_Gall/Leaf_Gall00059.jpg,Leaf_Gall,Leaf_Blight,Incorrect,0.583880
datasets/test/Felt_Leaf/Felt_Leaf00097.jpg,Felt_Leaf,Fungal_Leaf_Spot,Incorrect,0.383712
datasets/train/Fungal_Leaf_Spot/Fungal_Leaf_Spot00274.jpg,Fungal_Leaf_Spot,Fungal_Leaf_Spot,Correct,0.791052
datasets/test/Fungal_Leaf_Spot/Fungal_Leaf_Spot00098.jpg,Fungal_Leaf_Spot,Leaf_Blight,Incorrect,0.351776
datasets/test/Leaf_Gall/Leaf_Gall00347.jpg,Leaf_Gall,Leaf_Gall,Correct,0.327677
datasets/train/Leaf_Blight/Leaf_Blight00302.jpg,Leaf_Blight,Leaf_Blight,Correct,0.979669
datasets/train/Leaf_Gall/Leaf_Gall00588.jpg,Leaf_Gall,Leaf_Gall,Correct,0.673803
datasets/train/Healthy_Leaf/Healthy_Leaf00184.jpg,Healthy_Leaf,Healthy_Leaf,Correct,0.907481
datasets/test/Leaf_Gall/Leaf_Gall00583.jpg,Leaf_Gall,Leaf_Gall,Correct,0.458890
datasets/test/Curl_Leaf/Curl_Leaf00034.jpg,Curl_Leaf,Curl_Leaf,Correct,0.524214
datasets/train/Leaf_Gall/Leaf_Gall00374.jpg,Leaf_Gall,Deficiency_Leaf,Incorrect,0.223513
datasets/test/Healthy_Leaf/Healthy_Leaf00531.jpg,Healthy_Leaf,Felt_Leaf,Incorrect,0.243238
datasets/test/Leaf_Blight/Leaf_Blight00462.jpg,Leaf_Blight,Leaf_Blight,Correct,0.720936
datasets/test/Leaf_Gall/Leaf_Gall00231.jpg,Leaf_Gall,Leaf_Gall,Correct,0.765332
datasets/train/Leaf_Gall/Leaf_Gall00006.jpg,Leaf_Gall,Fungal_Leaf_Spot,Incorrect,0.658453
datasets/train/Leaf_Blight/Leaf_Blight00168.jpg,Leaf_Blight,Leaf_Blight,Correct,0.716421
datasets/train/Fungal_Leaf_Spot/Fungal_Leaf_Spot00355.jpg,Fungal_Leaf_Spot,Leaf_Blight,Incorrect,0.439955
datasets/test/Healthy_Leaf/Healthy_Leaf00165.jpg,Healthy_Leaf,Healthy_Leaf,Correct,0.999886
datasets/test/Leaf_Gall/Leaf_Gall00504.jpg,Leaf_Gall,Leaf_Blight,Incorrect,0.442377
datasets/test/Leaf_Blight/Leaf_Blight00191.jpg,Leaf_Blight,Leaf_Gall,Incorrect,0.587730
datasets/test/Anthrax_Leaf/Anthrax_Leaf00031.jpg,Anthrax_Leaf,Anthrax_Leaf,Correct,0.535735
datasets/train/Dry_Leaf/Dry_Leaf00129.jpg,Dry_Leaf,Dry_Leaf,Correct,0.978831
datasets/test/Fungal_Leaf_Spot/Fungal_Leaf_Spot00262.jpg,Fungal_Leaf_Spot,Leaf_Blight,Incorrect,0.436260
datasets/test/Leaf_Gall/Leaf_Gall00579.jpg,Leaf_Gall,Leaf_Gall,Correct,0.327763
datasets/train/Leaf_Blight/Leaf_Blight00535.jpg,Leaf_Blight,Leaf_Blight,Correct,0.952142
datasets/train/Felt_Leaf/Felt_Leaf00206.jpg,Felt_Leaf,Felt_Leaf,Correct,0.858867
datasets/test/Deficiency_Leaf/Deficiency_Leaf00072.jpg,Deficiency_Leaf,Leaf_Gall,Incorrect,0.368779
datasets/train/Felt_Leaf/Felt_Leaf00253.jpg,Felt_Leaf,Leaf_Gall,Incorrect,0.550292
datasets/test/Dry_Leaf/Dry_Leaf00360.jpg,Dry_Leaf,Healthy_Leaf,Incorrect,0.439163
datasets/test/Fungal_Leaf_Spot/Fungal_Leaf_Spot00229.jpg,Fungal_Leaf_Spot,Fungal_Leaf_Spot,Correct,0.934795
datasets/train/Dry_Leaf/Dry_Leaf00172.jpg,Dry_Leaf,Dry_Leaf,Correct,0.928398
datasets/test/Fungal_Leaf_Spot/Fungal_Leaf_Spot00222.jpg,Fungal_Leaf_Spot,Fungal_Leaf_Spot,Correct,0.364082
datasets/train/Fungal_Leaf_Spot/Fungal_Leaf_Spot00211.jpg,Fungal_Leaf_Spot,Fungal_Leaf_Spot,Correct,0.541570
datasets/train/Leaf_Gall/Leaf_Gall00606.jpg,Leaf_Gall,Leaf_Gall,Correct,0.464962
datasets/test/Leaf_Gall/Leaf_Gall00613.jpg,Leaf_Gall,Leaf_Blight,Incorrect,0.799944
datasets/test/Leaf_Blight/Leaf_Blight00423.jpg,Leaf_Blight,Fungal_Leaf_Spot,Incorrect,0.563448
datasets/test/Deficiency_Leaf/Deficiency_Leaf00070.jpg,Deficiency_Leaf,Leaf_Gall,Incorrect,0.208465
datasets/test/Anthrax_Leaf/Anthrax_Leaf00107.jpg,Anthrax_Leaf,Anthrax_Leaf,Correct,0.924041
datasets/test/Leaf_Blight/Leaf_Blight00146.jpg,Leaf_Blight,Leaf_Blight,Correct,0.514782
datasets/test/Fungal_Leaf_Spot/Fungal_Leaf_Spot00523.jpg,Fungal_Leaf_Spot,Fungal_Leaf_Spot,Correct,0.813805
datasets/test/Felt_Leaf/Felt_Leaf00330.jpg,Felt_Leaf,Healthy_Leaf,Incorrect,0.350281
datasets/train/Healthy_Leaf/Healthy_Leaf00597.jpg,Healthy_Leaf,Healthy_Leaf,Correct,0.984786
datasets/train/Leaf_Blight/Leaf_Blight00539.jpg,Leaf_Blight,Leaf_Blight,Correct,0.671949
datasets/test/Leaf_Gall/Leaf_Gall00012.jpg,Leaf_Gall,Leaf_Blight,Incorrect,0.805533
datasets/test/Leaf_Gall/Leaf_Gall00601.jpg,Leaf_Gall,Leaf_Gall,Correct,0.668677
datasets/train/Leaf_Gall/Leaf_Gall00585.jpg,Leaf_Gall,Leaf_Blight,Incorrect,0.384472
datasets/test/Healthy_Leaf/Healthy_Leaf00257.jpg,Healthy_Leaf,Healthy_Leaf,Correct,0.857514
datasets/train/Felt_Leaf/Felt_Leaf00044.jpg,Felt_Leaf,Felt_Leaf,Correct,0.737842
datasets/test/Leaf_Gall/Leaf_Gall00193.jpg,Leaf_Gall,Leaf_Gall,Correct,0.270481
datasets/train/Leaf_Gall/Leaf_Gall00527.jpg,Leaf_Gall,Leaf_Blight,Incorrect,0.657139
datasets/test/Leaf_Blight/Leaf_Blight00438.jpg,Leaf_Blight,Healthy_Leaf,Incorrect,0.353554
datasets/test/Leaf_Gall/Leaf_Gall00172.jpg,Leaf_Gall,Leaf_Blight,Incorrect,0.510569
datasets/test/Felt_Leaf/Felt_Leaf00106.jpg,Felt_Leaf,Fungal_Leaf_Spot,Incorrect,0.526801
datasets/train/Leaf_Gall/Leaf_Gall00468.jpg,Leaf_Gall,Leaf_Blight,Incorrect,0.192174
datasets/test/Leaf_Gall/Leaf_Gall00443.jpg,Leaf_Gall,Leaf_Gall,Correct,0.242108
datasets/test/Leaf_Blight/Leaf_Blight00357.jpg,Leaf_Blight,Leaf_Blight,Correct,0.457094
datasets/test/Fungal_Leaf_Spot/Fungal_Leaf_Spot00425.jpg,Fungal_Leaf_Spot,Fungal_Leaf_Spot,Correct,0.887014
datasets/test/Fungal_Leaf_Spot/Fungal_Leaf_Spot00430.jpg,Fungal_Leaf_Spot,Fungal_Leaf_Spot,Correct,0.373880
datasets/train/Fungal_Leaf_Spot/Fungal_Leaf_Spot00147.jpg,Fungal_Leaf_Spot,Healthy_Leaf,Incorrect,0.198204
datasets/test/Healthy_Leaf/Healthy_Leaf00607.jpg,Healthy_Leaf,Healthy_Leaf,Correct,0.266338
datasets/train/Dry_Leaf/Dry_Leaf00138.jpg,Dry_Leaf,Dry_Leaf,Correct,0.582703
datasets/test/Felt_Leaf/Felt_Leaf00102.jpg,Felt_Leaf,Felt_Leaf,Correct,0.556665
datasets/test/Healthy_Leaf/Healthy_Leaf00069.jpg,Healthy_Leaf,Healthy_Leaf,Correct,0.991094
datasets/test/Leaf_Gall/Leaf_Gall00248.jpg,Leaf_Gall,Leaf_Gall,Correct,0.305426
datasets/train/Dry_Leaf/Dry_Leaf00251.jpg,Dry_Leaf,Dry_Leaf,Correct,0.911681
datasets/test/Dry_Leaf/Dry_Leaf00126.jpg,Dry_Leaf,Dry_Leaf,Correct,0.961344
datasets/train/Leaf_Gall/Leaf_Gall00190.jpg,Leaf_Gall,Fungal_Leaf_Spot,Incorrect,0.394835
datasets/test/Leaf_Gall/Leaf_Gall00622.jpg,Leaf_Gall,Fungal_Leaf_Spot,Incorrect,0.528000
datasets/test/Dry_Leaf/Dry_Leaf00272.jpg,Dry_Leaf,Dry_Leaf,Correct,0.961547
datasets/test/Dry_Leaf/Dry_Leaf00171.jpg,Dry_Leaf,Dry_Leaf,Correct,0.962341
datasets/train/Felt_Leaf/Felt_Leaf00222.jpg,Felt_Leaf,Felt_Leaf,Correct,0.333962
datasets/test/Leaf_Blight/Leaf_Blight00493.jpg,Leaf_Blight,Leaf_Blight,Correct,0.837568
datasets/test/Leaf_Gall/Leaf_Gall00293.jpg,Leaf_Gall,Leaf_Gall,Correct,0.388786
datasets/test/Healthy_Leaf/Healthy_Leaf00304.jpg,Healthy_Leaf,Fungal_Leaf_Spot,Incorrect,0.454670
datasets/test/Felt_Leaf/Felt_Leaf00217.jpg,Felt_Leaf,Felt_Leaf,Correct,0.562905
datasets/train/Anthrax_Leaf/Anthrax_Leaf00030.jpg,Anthrax_Leaf,Anthrax_Leaf,Correct,0.690913
datasets/test/Healthy_Leaf/Healthy_Leaf00432.jpg,Healthy_Leaf,Healthy_Leaf,Correct,0.895033
datasets/test/Healthy_Leaf/Healthy_Leaf00025.jpg,Healthy_Leaf,Healthy_Leaf,Correct,0.557294
datasets/train/Healthy_Leaf/Healthy_Leaf00523.jpg,Healthy_Leaf,Healthy_Leaf,Correct,0.678948
datasets/test/Leaf_Blight/Leaf_Blight00281.jpg,Leaf_Blight,Leaf_Blight,Correct,0.998490
datasets/test/Felt_Leaf/Felt_Leaf00282.jpg,Felt_Leaf,Leaf_Blight,Incorrect,0.308463
datasets/test/Anthrax_Leaf/Anthrax_Leaf00063.jpg,Anthrax_Leaf,Anthrax_Leaf,Correct,0.535172
datasets/train/Curl_Leaf/Curl_Leaf00062.jpg,Curl_Leaf,Curl_Leaf,Correct,0.315175
datasets/test/Leaf_Blight/Leaf_Blight00082.jpg,Leaf_Blight,Leaf_Blight,Correct,0.476779
datasets/test/Curl_Leaf/Curl_Leaf00079.jpg,Curl_Leaf,Curl_Leaf,Correct,0.978400
datasets/train/Felt_Leaf/Felt_Leaf00300.jpg,Felt_Leaf,Felt_Leaf,Correct,0.670430
datasets/test/Leaf_Gall/Leaf_Gall00357.jpg,Leaf_Gall,Leaf_Blight,Incorrect,0.389550
datasets/test/Fungal_Leaf_Spot/Fungal_Leaf_Spot00118.jpg,Fungal_Leaf_Spot,Leaf_Gall,Incorrect,0.287914
datasets/test/Fungal_Leaf_Spot/Fungal_Leaf_Spot00498.jpg,Fungal_Leaf_Spot,Fungal_Leaf_Spot,Correct,0.531874
datasets/test/Fungal_Leaf_Spot/Fungal_Leaf_Spot00077.jpg,Fungal_Leaf_Spot,Leaf_Blight,Incorrect,0.306518
datasets/test/Felt_Leaf/Felt_Leaf00373.jpg,Felt_Leaf,Fungal_Leaf_Spot,Incorrect,0.227431
datasets/train/Healthy_Leaf/Healthy_Leaf00319.jpg,Healthy_Leaf,Healthy_Leaf,Correct,0.703788
datasets/train/Leaf_Gall/Leaf_Gall00071.jpg,Leaf_Gall,Leaf_Gall,Correct,0.790446
datasets/test/Healthy_Leaf/Healthy_Leaf00448.jpg,Healthy_Leaf,Healthy_Leaf,Correct,0.989622
datasets/test/Leaf_Blight/Leaf_Blight00350.jpg,Leaf_Blight,Leaf_Blight,Correct,0.727139
datasets/test/Bituminous_Leaf/Bituminous_Leaf00061.jpg,Bituminous_Leaf,Felt_Leaf,Incorrect,0.205372
datasets/train/Leaf_Gall/Leaf_Gall00189.jpg,Leaf_Gall,Fungal_Leaf_Spot,Incorrect,0.408400
datasets/test/Felt_Leaf/Felt_Leaf00092.jpg,Felt_Leaf,Felt_Leaf,Correct,0.336973
datasets/train/Leaf_Gall/Leaf_Gall00506.jpg,Leaf_Gall,Leaf_Blight,Incorrect,0.378491
datasets/train/Leaf_Blight/Leaf_Blight00559.jpg,Leaf_Blight,Leaf_Blight,Correct,0.994293
datasets/test/Dry_Leaf/Dry_Leaf00162.jpg,Dry_Leaf,Dry_Leaf,Correct,0.910680
datasets/test/Felt_Leaf/Felt_Leaf00049.jpg,Felt_Leaf,Felt_Leaf,Correct,0.272813
datasets/train/Felt_Leaf/Felt_Leaf00115.jpg,Felt_Leaf,Felt_Leaf,Correct,0.479621
datasets/test/Deficiency_Leaf/Deficiency_Leaf00115.jpg,Deficiency_Leaf,Leaf_Gall,Incorrect,0.250546
datasets/train/Dry_Leaf/Dry_Leaf00131.jpg,Dry_Leaf,Fungal_Leaf_Spot,Incorrect,0.313244
datasets/train/Fungal_Leaf_Spot/Fungal_Leaf_Spot00105.jpg,Fungal_Leaf_Spot,Leaf_Blight,Incorrect,0.432402
datasets/test/Leaf_Blight/Leaf_Blight00071.jpg,Leaf_Blight,Leaf_Blight,Correct,0.509320
datasets/test/Felt_Leaf/Felt_Leaf00012.jpg,Felt_Leaf,Fungal_Leaf_Spot,Incorrect,0.315917
datasets/test/Curl_Leaf/Curl_Leaf00048.jpg,Curl_Leaf,Curl_Leaf,Correct,0.642460
datasets/test/Dry_Leaf/Dry_Leaf00014.jpg,Dry_Leaf,Dry_Leaf,Correct,0.504431
datasets/test/Felt_Leaf/Felt_Leaf00114.jpg,Felt_Leaf,Curl_Leaf,Incorrect,0.451748
datasets/train/Fungal_Leaf_Spot/Fungal_Leaf_Spot00230.jpg,Fungal_Leaf_Spot,Healthy_Leaf,Incorrect,0.554993
datasets/test/Healthy_Leaf/Healthy_Leaf00021.jpg,Healthy_Leaf,Healthy_Leaf,Correct,0.985481
datasets/train/Healthy_Leaf/Healthy_Leaf00040.jpg,Healthy_Leaf,Healthy_Leaf,Correct,0.987469
datasets/test/Bituminous_Leaf/Bituminous_Leaf00082.jpg,Bituminous_Leaf,Bituminous_Leaf,Correct,0.409774
datasets/test/Leaf_Blight/Leaf_Blight00158.jpg,Leaf_Blight,Leaf_Blight,Correct,0.973201
datasets/test/Dry_Leaf/Dry_Leaf00301.jpg,Dry_Leaf,Healthy_Leaf,Incorrect,0.708112
datasets/train/Dry_Leaf/Dry_Leaf00281.jpg,Dry_Leaf,Healthy_Leaf,Incorrect,0.589593
datasets/test/Curl_Leaf/Curl_Leaf00121.jpg,Curl_Leaf,Curl_Leaf,Correct,0.563240
datasets/test/Healthy_Leaf/Healthy_Leaf00241.jpg,Healthy_Leaf,Healthy_Leaf,Correct,0.985931
datasets/test/Leaf_Blight/Leaf_Blight00332.jpg,Leaf_Blight,Leaf_Blight,Correct,0.976998
datasets/train/Fungal_Leaf_Spot/Fungal_Leaf_Spot00257.jpg,Fungal_Leaf_Spot,Fungal_Leaf_Spot,Correct,0.632288
datasets/test/Curl_Leaf/Curl_Leaf00147.jpg,Curl_Leaf,Leaf_Blight,Incorrect,0.434234
datasets/test/Leaf_Blight/Leaf_Blight00053.jpg,Leaf_Blight,Fungal_Leaf_Spot,Incorrect,0.293964
datasets/test/Curl_Leaf/Curl_Leaf00129.jpg,Curl_Leaf,Curl_Leaf,Correct,0.530362
datasets/test/Leaf_Blight/Leaf_Blight00368.jpg,Leaf_Blight,Leaf_Blight,Correct,0.720151
datasets/train/Healthy_Leaf/Healthy_Leaf00619.jpg,Healthy_Leaf,Healthy_Leaf,Correct,0.705087
datasets/train/Dry_Leaf/Dry_Leaf00018.jpg,Dry_Leaf,Dry_Leaf,Correct,0.963658
datasets/test/Leaf_Blight/Leaf_Blight00248.jpg,Leaf_Blight,Leaf_Gall,Incorrect,0.539161
datasets/test/Bituminous_Leaf/Bituminous_Leaf00094.jpg,Bituminous_Leaf,Curl_Leaf,Incorrect,0.187650
datasets/test/Leaf_Gall/Leaf_Gall00566.jpg,Leaf_Gall,Healthy_Leaf,Incorrect,0.346665
datasets/test/Leaf_Gall/Leaf_Gall00130.jpg,Leaf_Gall,Leaf_Gall,Correct,0.469489
datasets/test/Fungal_Leaf_Spot/Fungal_Leaf_Spot00314.jpg,Fungal_Leaf_Spot,Fungal_Leaf_Spot,Correct,0.542726
datasets/test/Healthy_Leaf/Healthy_Leaf00555.jpg,Healthy_Leaf,Healthy_Leaf,Correct,0.356746
datasets/test/Leaf_Gall/Leaf_Gall00138.jpg,Leaf_Gall,Leaf_Gall,Correct,0.361209
datasets/train/Leaf_Blight/Leaf_Blight00123.jpg,Leaf_Blight,Leaf_Blight,Correct,0.993386
datasets/train/Felt_Leaf/Felt_Leaf00194.jpg,Felt_Leaf,Felt_Leaf,Correct,0.938361
datasets/train/Deficiency_Leaf/Deficiency_Leaf00030.jpg,Deficiency_Leaf,Anthrax_Leaf,Incorrect,0.267053
datasets/train/Felt_Leaf/Felt_Leaf00381.jpg,Felt_Leaf,Felt_Leaf,Correct,0.965359
datasets/train/Dry_Leaf/Dry_Leaf00300.jpg,Dry_Leaf,Dry_Leaf,Correct,0.890829
datasets/test/Leaf_Blight/Leaf_Blight00467.jpg,Leaf_Blight,Leaf_Blight,Correct,0.965454
datasets/test/Leaf_Blight/Leaf_Blight00261.jpg,Leaf_Blight,Leaf_Blight,Correct,0.528988
datasets/test/Leaf_Blight/Leaf_Blight00367.jpg,Leaf_Blight,Leaf_Blight,Correct,0.482940
datasets/test/Healthy_Leaf/Healthy_Leaf00098.jpg,Healthy_Leaf,Healthy_Leaf,Correct,0.990550
datasets/test/Dry_Leaf/Dry_Leaf00139.jpg,Dry_Leaf,Dry_Leaf,Correct,0.973524
datasets/train/Healthy_Leaf/Healthy_Leaf00493.jpg,Healthy_Leaf,Healthy_Leaf,Correct,0.268877
datasets/test/Leaf_Blight/Leaf_Blight00163.jpg,Leaf_Blight,Leaf_Blight,Correct,0.632213
datasets/test/Anthrax_Leaf/Anthrax_Leaf00141.jpg,Anthrax_Leaf,Anthrax_Leaf,Correct,0.515184
datasets/train/Leaf_Blight/Leaf_Blight00504.jpg,Leaf_Blight,Leaf_Blight,Correct,0.503544
datasets/test/Leaf_Blight/Leaf_Blight00319.jpg,Leaf_Blight,Leaf_Blight,Correct,0.666264
datasets/train/Healthy_Leaf/Healthy_Leaf00031.jpg,Healthy_Leaf,Healthy_Leaf,Correct,0.806202
datasets/train/Bituminous_Leaf/Bituminous_Leaf00111.jpg,Bituminous_Leaf,Healthy_Leaf,Incorrect,0.300579
datasets/train/Leaf_Blight/Leaf_Blight00325.jpg,Leaf_Blight,Leaf_Blight,Correct,0.975785
datasets/test/Felt_Leaf/Felt_Leaf00380.jpg,Felt_Leaf,Felt_Leaf,Correct,0.952069
datasets/train/Leaf_Gall/Leaf_Gall00522.jpg,Leaf_Gall,Leaf_Gall,Correct,0.928154
datasets/test/Fungal_Leaf_Spot/Fungal_Leaf_Spot00388.jpg,Fungal_Leaf_Spot,Fungal_Leaf_Spot,Correct,0.425503
datasets/train/Dry_Leaf/Dry_Leaf00315.jpg,Dry_Leaf,Dry_Leaf,Correct,0.207932
datasets/test/Leaf_Gall/Leaf_Gall00428.jpg,Leaf_Gall,Leaf_Gall,Correct,0.435819
datasets/test/Leaf_Blight/Leaf_Blight00120.jpg,Leaf_Blight,Leaf_Blight,Correct,0.971480
datasets/train/Fungal_Leaf_Spot/Fungal_Leaf_Spot00089.jpg,Fungal_Leaf_Spot,Leaf_Blight,Incorrect,0.795772
datasets/test/Healthy_Leaf/Healthy_Leaf00330.jpg,Healthy_Leaf,Healthy_Leaf,Correct,0.370228
datasets/test/Leaf_Blight/Leaf_Blight00272.jpg,Leaf_Blight,Leaf_Blight,Correct,0.828176
datasets/test/Fungal_Leaf_Spot/Fungal_Leaf_Spot00149.jpg,Fungal_Leaf_Spot,Fungal_Leaf_Spot,Correct,0.725777
datasets/test/Dry_Leaf/Dry_Leaf00218.jpg,Dry_Leaf,Dry_Leaf,Correct,0.899052
datasets/test/Dry_Leaf/Dry_Leaf00203.jpg,Dry_Leaf,Dry_Leaf,Correct,0.972241
datasets/train/Curl_Leaf/Curl_Leaf00126.jpg,Curl_Leaf,Curl_Leaf,Correct,0.357500
datasets/test/Healthy_Leaf/Healthy_Leaf00539.jpg,Healthy_Leaf,Healthy_Leaf,Correct,0.577898
datasets/test/Felt_Leaf/Felt_Leaf00023.jpg,Felt_Leaf,Healthy_Leaf,Incorrect,0.881278
datasets/test/Fungal_Leaf_Spot/Fungal_Leaf_Spot00526.jpg,Fungal_Leaf_Spot,Fungal_Leaf_Spot,Correct,0.451239
datasets/test/Felt_Leaf/Felt_Leaf00173.jpg,Felt_Leaf,Felt_Leaf,Correct,0.853182
datasets/test/Felt_Leaf/Felt_Leaf00154.jpg,Felt_Leaf,Felt_Leaf,Correct,0.295387
datasets/train/Dry_Leaf/Dry_Leaf00249.jpg,Dry_Leaf,Dry_Leaf,Correct,0.991302
datasets/test/Leaf_Gall/Leaf_Gall00212.jpg,Leaf_Gall,Leaf_Gall,Correct,0.918876
datasets/test/Felt_Leaf/Felt_Leaf00274.jpg,Felt_Leaf,Leaf_Gall,Incorrect,0.326980
datasets/test/Fungal_Leaf_Spot/Fungal_Leaf_Spot00283.jpg,Fungal_Leaf_Spot,Fungal_Leaf_Spot,Correct,0.971680
datasets/test/Leaf_Blight/Leaf_Blight00312.jpg,Leaf_Blight,Leaf_Blight,Correct,0.955595
datasets/train/Leaf_Blight/Leaf_Blight00180.jpg,Leaf_Blight,Felt_Leaf,Incorrect,0.473749
datasets/train/Healthy_Leaf/Healthy_Leaf00472.jpg,Healthy_Leaf,Leaf_Blight,Incorrect,0.233058
datasets/test/Anthrax_Leaf/Anthrax_Leaf00052.jpg,Anthrax_Leaf,Anthrax_Leaf,Correct,0.985482
datasets/train/Healthy_Leaf/Healthy_Leaf00614.jpg,Healthy_Leaf,Healthy_Leaf,Correct,0.865813
datasets/train/Leaf_Blight/Leaf_Blight00236.jpg,Leaf_Blight,Leaf_Blight,Correct,0.523491
datasets/train/Anthrax_Leaf/Anthrax_Leaf00070.jpg,Anthrax_Leaf,Leaf_Gall,Incorrect,0.371734
datasets/test/Healthy_Leaf/Healthy_Leaf00518.jpg,Healthy_Leaf,Leaf_Gall,Incorrect,0.633342
datasets/test/Bituminous_Leaf/Bituminous_Leaf00079.jpg,Bituminous_Leaf,Bituminous_Leaf,Correct,0.686039
datasets/test/Leaf_Gall/Leaf_Gall00260.jpg,Leaf_Gall,Leaf_Blight,Incorrect,0.836498
datasets/test/Healthy_Leaf/Healthy_Leaf00465.jpg,Healthy_Leaf,Healthy_Leaf,Correct,0.516035
datasets/test/Healthy_Leaf/Healthy_Leaf00322.jpg,Healthy_Leaf,Healthy_Leaf,Correct,0.920373
datasets/train/Fungal_Leaf_Spot/Fungal_Leaf_Spot00277.jpg,Fungal_Leaf_Spot,Fungal_Leaf_Spot,Correct,0.890203
datasets/train/Leaf_Blight/Leaf_Blight00024.jpg,Leaf_Blight,Leaf_Blight,Correct,0.420938
datasets/train/Leaf_Gall/Leaf_Gall00495.jpg,Leaf_Gall,Leaf_Gall,Correct,0.895846
datasets/test/Curl_Leaf/Curl_Leaf00069.jpg,Curl_Leaf,Healthy_Leaf,Incorrect,0.539666
datasets/train/Fungal_Leaf_Spot/Fungal_Leaf_Spot00250.jpg,Fungal_Leaf_Spot,Fungal_Leaf_Spot,Correct,0.474951
datasets/test/Fungal_Leaf_Spot/Fungal_Leaf_Spot00216.jpg,Fungal_Leaf_Spot,Healthy_Leaf,Incorrect,0.485578
datasets/train/Dry_Leaf/Dry_Leaf00234.jpg,Dry_Leaf,Dry_Leaf,Correct,0.853438
datasets/test/Healthy_Leaf/Healthy_Leaf00433.jpg,Healthy_Leaf,Healthy_Leaf,Correct,0.965773
datasets/train/Deficiency_Leaf/Deficiency_Leaf00064.jpg,Deficiency_Leaf,Fungal_Leaf_Spot,Incorrect,0.333260
datasets/test/Healthy_Leaf/Healthy_Leaf00178.jpg,Healthy_Leaf,Healthy_Leaf,Correct,0.942208
datasets/test/Leaf_Gall/Leaf_Gall00535.jpg,Leaf_Gall,Dry_Leaf,Incorrect,0.366866
datasets/test/Healthy_Leaf/Healthy_Leaf00018.jpg,Healthy_Leaf,Healthy_Leaf,Correct,0.521965
datasets/test/Healthy_Leaf/Healthy_Leaf00365.jpg,Healthy_Leaf,Fungal_Leaf_Spot,Incorrect,0.227709
datasets/train/Leaf_Gall/Leaf_Gall00183.jpg,Leaf_Gall,Felt_Leaf,Incorrect,0.389329
datasets/train/Leaf_Blight/Leaf_Blight00352.jpg,Leaf_Blight,Leaf_Blight,Correct,0.754692
datasets/test/Leaf_Blight/Leaf_Blight00586.jpg,Leaf_Blight,Leaf_Gall,Incorrect,0.453288
datasets/test/Leaf_Gall/Leaf_Gall00127.jpg,Leaf_Gall,Healthy_Leaf,Incorrect,0.588809
datasets/train/Leaf_Gall/Leaf_Gall00534.jpg,Leaf_Gall,Leaf_Gall,Correct,0.342151
datasets/test/Leaf_Blight/Leaf_Blight00045.jpg,Leaf_Blight,Felt_Leaf,Incorrect,0.289358
datasets/test/Leaf_Gall/Leaf_Gall00032.jpg,Leaf_Gall,Leaf_Gall,Correct,0.603368
datasets/train/Deficiency_Leaf/Deficiency_Leaf00054.jpg,Deficiency_Leaf,Healthy_Leaf,Incorrect,0.307661
datasets/train/Fungal_Leaf_Spot/Fungal_Leaf_Spot00459.jpg,Fungal_Leaf_Spot,Fungal_Leaf_Spot,Correct,0.388663
datasets/train/Healthy_Leaf/Healthy_Leaf00217.jpg,Healthy_Leaf,Fungal_Leaf_Spot,Incorrect,0.311541
datasets/train/Dry_Leaf/Dry_Leaf00073.jpg,Dry_Leaf,Dry_Leaf,Correct,0.392537
datasets/test/Fungal_Leaf_Spot/Fungal_Leaf_Spot00438.jpg,Fungal_Leaf_Spot,Fungal_Leaf_Spot,Correct,0.478714
datasets/train/Felt_Leaf/Felt_Leaf00234.jpg,Felt_Leaf,Fungal_Leaf_Spot,Incorrect,0.532089
datasets/test/Fungal_Leaf_Spot/Fungal_Leaf_Spot00320.jpg,Fungal_Leaf_Spot,Fungal_Leaf_Spot,Correct,0.459665
datasets/train/Leaf_Gall/Leaf_Gall00282.jpg,Leaf_Gall,Fungal_Leaf_Spot,Incorrect,0.350992
datasets/test/Healthy_Leaf/Healthy_Leaf00364.jpg,Healthy_Leaf,Fungal_Leaf_Spot,Incorrect,0.451482
datasets/test/Fungal_Leaf_Spot/Fungal_Leaf_Spot00471.jpg,Fungal_Leaf_Spot,Felt_Leaf,Incorrect,0.385055
datasets/test/Anthrax_Leaf/Anthrax_Leaf00028.jpg,Anthrax_Leaf,Anthrax_Leaf,Correct,0.935344
datasets/test/Felt_Leaf/Felt_Leaf00072.jpg,Felt_Leaf,Felt_Leaf,Correct,0.637328
datasets/train/Healthy_Leaf/Healthy_Leaf00618.jpg,Healthy_Leaf,Healthy_Leaf,Correct,0.798031
datasets/train/Curl_Leaf/Curl_Leaf00009.jpg,Curl_Leaf,Curl_Leaf,Correct,0.338130
datasets/train/Healthy_Leaf/Healthy_Leaf00150.jpg,Healthy_Leaf,Healthy_Leaf,Correct,0.996258
datasets/test/Leaf_Gall/Leaf_Gall00067.jpg,Leaf_Gall,Felt_Leaf,Incorrect,0.337747
datasets/test/Dry_Leaf/Dry_Leaf00317.jpg,Dry_Leaf,Dry_Leaf,Correct,0.974564
datasets/train/Felt_Leaf/Felt_Leaf00095.jpg,Felt_Leaf,Leaf_Blight,Incorrect,0.352670
datasets/train/Leaf_Gall/Leaf_Gall00493.jpg,Leaf_Gall,Leaf_Blight,Incorrect,0.716078
datasets/test/Leaf_Gall/Leaf_Gall00229.jpg,Leaf_Gall,Leaf_Gall,Correct,0.663648
datasets/train/Felt_Leaf/Felt_Leaf00358.jpg,Felt_Leaf,Felt_Leaf,Correct,0.650419
datasets/test/Healthy_Leaf/Healthy_Leaf00296.jpg,Healthy_Leaf,Healthy_Leaf,Correct,0.963695
datasets/test/Curl_Leaf/Curl_Leaf00072.jpg,Curl_Leaf,Leaf_Blight,Incorrect,0.221225
datasets/train/Felt_Leaf/Felt_Leaf00070.jpg,Felt_Leaf,Curl_Leaf,Incorrect,0.389697
datasets/test/Leaf_Blight/Leaf_Blight00548.jpg,Leaf_Blight,Leaf_Blight,Correct,0.997628
datasets/train/Felt_Leaf/Felt_Leaf00141.jpg,Felt_Leaf,Felt_Leaf,Correct,0.591987
datasets/train/Bituminous_Leaf/Bituminous_Leaf00115.jpg,Bituminous_Leaf,Bituminous_Leaf,Correct,0.792324
datasets/test/Deficiency_Leaf/Deficiency_Leaf00032.jpg,Deficiency_Leaf,Curl_Leaf,Incorrect,0.384169
datasets/train/Leaf_Gall/Leaf_Gall00427.jpg,Leaf_Gall,Curl_Leaf,Incorrect,0.260017
datasets/train/Fungal_Leaf_Spot/Fungal_Leaf_Spot00448.jpg,Fungal_Leaf_Spot,Healthy_Leaf,Incorrect,0.763691
datasets/train/Felt_Leaf/Felt_Leaf00013.jpg,Felt_Leaf,Curl_Leaf,Incorrect,0.426299
datasets/test/Fungal_Leaf_Spot/Fungal_Leaf_Spot00079.jpg,Fungal_Leaf_Spot,Healthy_Leaf,Incorrect,0.338416
datasets/test/Leaf_Gall/Leaf_Gall00323.jpg,Leaf_Gall,Leaf_Blight,Incorrect,0.371868
datasets/train/Leaf_Gall/Leaf_Gall00338.jpg,Leaf_Gall,Leaf_Blight,Incorrect,0.745947
datasets/test/Healthy_Leaf/Healthy_Leaf00204.jpg,Healthy_Leaf,Leaf_Blight,Incorrect,0.308527
datasets/test/Dry_Leaf/Dry_Leaf00260.jpg,Dry_Leaf,Healthy_Leaf,Incorrect,0.619967
datasets/test/Healthy_Leaf/Healthy_Leaf00109.jpg,Healthy_Leaf,Healthy_Leaf,Correct,0.998702
datasets/test/Fungal_Leaf_Spot/Fungal_Leaf_Spot00192.jpg,Fungal_Leaf_Spot,Fungal_Leaf_Spot,Correct,0.934933
datasets/test/Anthrax_Leaf/Anthrax_Leaf00018.jpg,Anthrax_Leaf,Dry_Leaf,Incorrect,0.436760
datasets/train/Leaf_Blight/Leaf_Blight00569.jpg,Leaf_Blight,Leaf_Blight,Correct,0.959006
datasets/train/Healthy_Leaf/Healthy_Leaf00528.jpg,Healthy_Leaf,Fungal_Leaf_Spot,Incorrect,0.563486
datasets/test/Deficiency_Leaf/Deficiency_Leaf00106.jpg,Deficiency_Leaf,Deficiency_Leaf,Correct,0.366847
datasets/test/Leaf_Blight/Leaf_Blight00226.jpg,Leaf_Blight,Leaf_Gall,Incorrect,0.259592
datasets/test/Deficiency_Leaf/Deficiency_Leaf00117.jpg,Deficiency_Leaf,Healthy_Leaf,Incorrect,0.309754
datasets/test/Healthy_Leaf/Healthy_Leaf00506.jpg,Healthy_Leaf,Healthy_Leaf,Correct,0.232826
datasets/train/Anthrax_Leaf/Anthrax_Leaf00121.jpg,Anthrax_Leaf,Dry_Leaf,Incorrect,0.398638
datasets/train/Leaf_Blight/Leaf_Blight00426.jpg,Leaf_Blight,Leaf_Blight,Correct,0.768560
datasets/train/Fungal_Leaf_Spot/Fungal_Leaf_Spot00335.jpg,Fungal_Leaf_Spot,Fungal_Leaf_Spot,Correct,0.619309
datasets/train/Fungal_Leaf_Spot/Fungal_Leaf_Spot00345.jpg,Fungal_Leaf_Spot,Fungal_Leaf_Spot,Correct,0.598409
datasets/train/Leaf_Gall/Leaf_Gall00203.jpg,Leaf_Gall,Fungal_Leaf_Spot,Incorrect,0.544157
datasets/train/Fungal_Leaf_Spot/Fungal_Leaf_Spot00108.jpg,Fungal_Leaf_Spot,Fungal_Leaf_Spot,Correct,0.938125
datasets/test/Curl_Leaf/Curl_Leaf00042.jpg,Curl_Leaf,Healthy_Leaf,Incorrect,0.219798
datasets/train/Fungal_Leaf_Spot/Fungal_Leaf_Spot00331.jpg,Fungal_Leaf_Spot,Fungal_Leaf_Spot,Correct,0.333477
datasets/test/Leaf_Gall/Leaf_Gall00365.jpg,Leaf_Gall,Leaf_Gall,Correct,0.707441
datasets/test/Fungal_Leaf_Spot/Fungal_Leaf_Spot00348.jpg,Fungal_Leaf_Spot,Leaf_Blight,Incorrect,0.284709
datasets/test/Healthy_Leaf/Healthy_Leaf00181.jpg,Healthy_Leaf,Healthy_Leaf,Correct,0.777405
datasets/train/Leaf_Gall/Leaf_Gall00296.jpg,Leaf_Gall,Leaf_Gall,Correct,0.616499
datasets/test/Dry_Leaf/Dry_Leaf00145.jpg,Dry_Leaf,Dry_Leaf,Correct,0.990651
datasets/test/Fungal_Leaf_Spot/Fungal_Leaf_Spot00453.jpg,Fungal_Leaf_Spot,Leaf_Blight,Incorrect,0.827368
datasets/train/Fungal_Leaf_Spot/Fungal_Leaf_Spot00092.jpg,Fungal_Leaf_Spot,Fungal_Leaf_Spot,Correct,0.381011
datasets/test/Curl_Leaf/Curl_Leaf00094.jpg,Curl_Leaf,Curl_Leaf,Correct,0.611878
datasets/test/Dry_Leaf/Dry_Leaf00289.jpg,Dry_Leaf,Dry_Leaf,Correct,0.998966
datasets/train/Curl_Leaf/Curl_Leaf00051.jpg,Curl_Leaf,Curl_Leaf,Correct,0.596843
datasets/test/Healthy_Leaf/Healthy_Leaf00072.jpg,Healthy_Leaf,Healthy_Leaf,Correct,0.987055
datasets/train/Healthy_Leaf/Healthy_Leaf00041.jpg,Healthy_Leaf,Healthy_Leaf,Correct,0.996064
datasets/test/Felt_Leaf/Felt_Leaf00369.jpg,Felt_Leaf,Felt_Leaf,Correct,0.310762
datasets/test/Leaf_Blight/Leaf_Blight00553.jpg,Leaf_Blight,Leaf_Blight,Correct,0.512698
datasets/train/Felt_Leaf/Felt_Leaf00135.jpg,Felt_Leaf,Felt_Leaf,Correct,0.849787
datasets/test/Fungal_Leaf_Spot/Fungal_Leaf_Spot00275.jpg,Fungal_Leaf_Spot,Fungal_Leaf_Spot,Correct,0.588570
datasets/test/Healthy_Leaf/Healthy_Leaf00536.jpg,Healthy_Leaf,Fungal_Leaf_Spot,Incorrect,0.454194
datasets/test/Fungal_Leaf_Spot/Fungal_Leaf_Spot00193.jpg,Fungal_Leaf_Spot,Fungal_Leaf_Spot,Correct,0.434520
datasets/test/Leaf_Gall/Leaf_Gall00143.jpg,Leaf_Gall,Leaf_Gall,Correct,0.682869
datasets/test/Curl_Leaf/Curl_Leaf00040.jpg,Curl_Leaf,Curl_Leaf,Correct,0.846957
datasets/train/Fungal_Leaf_Spot/Fungal_Leaf_Spot00271.jpg,Fungal_Leaf_Spot,Fungal_Leaf_Spot,Correct,0.788704
datasets/test/Fungal_Leaf_Spot/Fungal_Leaf_Spot00164.jpg,Fungal_Leaf_Spot,Fungal_Leaf_Spot,Correct,0.485934
datasets/test/Leaf_Gall/Leaf_Gall00538.jpg,Leaf_Gall,Leaf_Gall,Correct,0.887313
datasets/train/Healthy_Leaf/Healthy_Leaf00290.jpg,Healthy_Leaf,Healthy_Leaf,Correct,0.749813
datasets/test/Fungal_Leaf_Spot/Fungal_Leaf_Spot00145.jpg,Fungal_Leaf_Spot,Fungal_Leaf_Spot,Correct,0.173984
datasets/train/Healthy_Leaf/Healthy_Leaf00228.jpg,Healthy_Leaf,Healthy_Leaf,Correct,0.414867
datasets/train/Leaf_Gall/Leaf_Gall00570.jpg,Leaf_Gall,Leaf_Gall,Correct,0.449396
datasets/test/Leaf_Gall/Leaf_Gall00406.jpg,Leaf_Gall,Felt_Leaf,Incorrect,0.334041
datasets/test/Fungal_Leaf_Spot/Fungal_Leaf_Spot00111.jpg,Fungal_Leaf_Spot,Felt_Leaf,Incorrect,0.573207
datasets/train/Felt_Leaf/Felt_Leaf00086.jpg,Felt_Leaf,Felt_Leaf,Correct,0.348528
datasets/train/Healthy_Leaf/Healthy_Leaf00420.jpg,Healthy_Leaf,Healthy_Leaf,Correct,0.453388
datasets/test/Fungal_Leaf_Spot/Fungal_Leaf_Spot00116.jpg,Fungal_Leaf_Spot,Leaf_Gall,Incorrect,0.239555
datasets/test/Healthy_Leaf/Healthy_Leaf00582.jpg,Healthy_Leaf,Fungal_Leaf_Spot,Incorrect,0.314348
datasets/test/Healthy_Leaf/Healthy_Leaf00491.jpg,Healthy_Leaf,Leaf_Blight,Incorrect,0.348194
datasets/test/Healthy_Leaf/Healthy_Leaf00200.jpg,Healthy_Leaf,Fungal_Leaf_Spot,Incorrect,0.798619
datasets/test/Leaf_Gall/Leaf_Gall00334.jpg,Leaf_Gall,Leaf_Gall,Correct,0.773970
datasets/train/Curl_Leaf/Curl_Leaf00065.jpg,Curl_Leaf,Curl_Leaf,Correct,0.321908
datasets/train/Bituminous_Leaf/Bituminous_Leaf00024.jpg,Bituminous_Leaf,Healthy_Leaf,Incorrect,0.343155
datasets/test/Dry_Leaf/Dry_Leaf00258.jpg,Dry_Leaf,Dry_Leaf,Correct,0.894907
datasets/test/Leaf_Gall/Leaf_Gall00439.jpg,Leaf_Gall,Felt_Leaf,Incorrect,0.817271
datasets/test/Leaf_Blight/Leaf_Blight00301.jpg,Leaf_Blight,Leaf_Blight,Correct,0.842428
datasets/test/Healthy_Leaf/Healthy_Leaf00398.jpg,Healthy_Leaf,Healthy_Leaf,Correct,0.868449
datasets/test/Fungal_Leaf_Spot/Fungal_Leaf_Spot00087.jpg,Fungal_Leaf_Spot,Leaf_Blight,Incorrect,0.309576
datasets/train/Leaf_Gall/Leaf_Gall00389.jpg,Leaf_Gall,Leaf_Gall,Correct,0.293635
datasets/train/Leaf_Gall/Leaf_Gall00263.jpg,Leaf_Gall,Leaf_Blight,Incorrect,0.839263
datasets/train/Leaf_Gall/Leaf_Gall00469.jpg,Leaf_Gall,Leaf_Gall,Correct,0.925602
datasets/test/Anthrax_Leaf/Anthrax_Leaf00079.jpg,Anthrax_Leaf,Leaf_Gall,Incorrect,0.563575
datasets/train/Dry_Leaf/Dry_Leaf00092.jpg,Dry_Leaf,Healthy_Leaf,Incorrect,0.533682
datasets/train/Healthy_Leaf/Healthy_Leaf00574.jpg,Healthy_Leaf,Healthy_Leaf,Correct,0.964697
datasets/train/Leaf_Blight/Leaf_Blight00355.jpg,Leaf_Blight,Leaf_Blight,Correct,0.761147
datasets/test/Fungal_Leaf_Spot/Fungal_Leaf_Spot00268.jpg,Fungal_Leaf_Spot,Fungal_Leaf_Spot,Correct,0.949095
datasets/test/Fungal_Leaf_Spot/Fungal_Leaf_Spot00240.jpg,Fungal_Leaf_Spot,Fungal_Leaf_Spot,Correct,0.691107
datasets/test/Healthy_Leaf/Healthy_Leaf00487.jpg,Healthy_Leaf,Fungal_Leaf_Spot,Incorrect,0.406055
datasets/train/Healthy_Leaf/Healthy_Leaf00016.jpg,Healthy_Leaf,Healthy_Leaf,Correct,0.904848
datasets/train/Leaf_Gall/Leaf_Gall00328.jpg,Leaf_Gall,Leaf_Blight,Incorrect,0.790160
datasets/test/Leaf_Blight/Leaf_Blight00344.jpg,Leaf_Blight,Leaf_Blight,Correct,0.717942
datasets/train/Healthy_Leaf/Healthy_Leaf00434.jpg,Healthy_Leaf,Healthy_Leaf,Correct,0.993059
datasets/test/Fungal_Leaf_Spot/Fungal_Leaf_Spot00232.jpg,Fungal_Leaf_Spot,Fungal_Leaf_Spot,Correct,0.933693
datasets/test/Dry_Leaf/Dry_Leaf00119.jpg,Dry_Leaf,Dry_Leaf,Correct,0.910249
datasets/train/Dry_Leaf/Dry_Leaf00293.jpg,Dry_Leaf,Curl_Leaf,Incorrect,0.472845
datasets/test/Curl_Leaf/Curl_Leaf00078.jpg,Curl_Leaf,Leaf_Blight,Incorrect,0.496856
datasets/test/Leaf_Gall/Leaf_Gall00547.jpg,Leaf_Gall,Leaf_Gall,Correct,0.812905
datasets/train/Leaf_Gall/Leaf_Gall00187.jpg,Leaf_Gall,Leaf_Blight,Incorrect,0.269345
datasets/train/Curl_Leaf/Curl_Leaf00123.jpg,Curl_Leaf,Healthy_Leaf,Incorrect,0.324425
datasets/train/Fungal_Leaf_Spot/Fungal_Leaf_Spot00305.jpg,Fungal_Leaf_Spot,Dry_Leaf,Incorrect,0.261190
datasets/test/Fungal_Leaf_Spot/Fungal_Leaf_Spot00148.jpg,Fungal_Leaf_Spot,Fungal_Leaf_Spot,Correct,0.741575
datasets/test/Fungal_Leaf_Spot/Fungal_Leaf_Spot00427.jpg,Fungal_Leaf_Spot,Fungal_Leaf_Spot,Correct,0.730225
datasets/test/Fungal_Leaf_Spot/Fungal_Leaf_Spot00154.jpg,Fungal_Leaf_Spot,Healthy_Leaf,Incorrect,0.420135
datasets/train/Felt_Leaf/Felt_Leaf00332.jpg,Felt_Leaf,Fungal_Leaf_Spot,Incorrect,0.308462
datasets/test/Fungal_Leaf_Spot/Fungal_Leaf_Spot00084.jpg,Fungal_Leaf_Spot,Healthy_Leaf,Incorrect,0.554531
datasets/test/Healthy_Leaf/Healthy_Leaf00144.jpg,Healthy_Leaf,Healthy_Leaf,Correct,0.997128
datasets/test/Leaf_Blight/Leaf_Blight00080.jpg,Leaf_Blight,Healthy_Leaf,Incorrect,0.270368
datasets/train/Deficiency_Leaf/Deficiency_Leaf00057.jpg,Deficiency_Leaf,Leaf_Gall,Incorrect,0.494218
datasets/test/Fungal_Leaf_Spot/Fungal_Leaf_Spot00097.jpg,Fungal_Leaf_Spot,Fungal_Leaf_Spot,Correct,0.275559
datasets/train/Healthy_Leaf/Healthy_Leaf00037.jpg,Healthy_Leaf,Healthy_Leaf,Correct,0.856329
datasets/test/Felt_Leaf/Felt_Leaf00163.jpg,Felt_Leaf,Felt_Leaf,Correct,0.604595
datasets/train/Curl_Leaf/Curl_Leaf00082.jpg,Curl_Leaf,Curl_Leaf,Correct,0.862261
datasets/test/Leaf_Gall/Leaf_Gall00019.jpg,Leaf_Gall,Leaf_Gall,Correct,0.675823
datasets/test/Curl_Leaf/Curl_Leaf00024.jpg,Curl_Leaf,Curl_Leaf,Correct,0.819026
datasets/train/Leaf_Gall/Leaf_Gall00262.jpg,Leaf_Gall,Leaf_Gall,Correct,0.356993
datasets/test/Bituminous_Leaf/Bituminous_Leaf00032.jpg,Bituminous_Leaf,Bituminous_Leaf,Correct,0.539961
datasets/test/Fungal_Leaf_Spot/Fungal_Leaf_Spot00378.jpg,Fungal_Leaf_Spot,Fungal_Leaf_Spot,Correct,0.600574
datasets/test/Healthy_Leaf/Healthy_Leaf00333.jpg,Healthy_Leaf,Healthy_Leaf,Correct,0.983261
datasets/test/Leaf_Gall/Leaf_Gall00300.jpg,Leaf_Gall,Leaf_Gall,Correct,0.530444
datasets/train/Healthy_Leaf/Healthy_Leaf00379.jpg,Healthy_Leaf,Healthy_Leaf,Correct,0.686308
datasets/test/Fungal_Leaf_Spot/Fungal_Leaf_Spot00367.jpg,Fungal_Leaf_Spot,Felt_Leaf,Incorrect,0.524611
datasets/train/Fungal_Leaf_Spot/Fungal_Leaf_Spot00121.jpg,Fungal_Leaf_Spot,Leaf_Blight,Incorrect,0.538017
datasets/test/Healthy_Leaf/Healthy_Leaf00158.jpg,Healthy_Leaf,Healthy_Leaf,Correct,0.807062
datasets/test/Curl_Leaf/Curl_Leaf00167.jpg,Curl_Leaf,Curl_Leaf,Correct,0.960450
datasets/train/Felt_Leaf/Felt_Leaf00363.jpg,Felt_Leaf,Felt_Leaf,Correct,0.521154
datasets/test/Leaf_Blight/Leaf_Blight00210.jpg,Leaf_Blight,Leaf_Blight,Correct,0.819527
datasets/test/Deficiency_Leaf/Deficiency_Leaf00094.jpg,Deficiency_Leaf,Leaf_Gall,Incorrect,0.363003
datasets/train/Deficiency_Leaf/Deficiency_Leaf00065.jpg,Deficiency_Leaf,Leaf_Gall,Incorrect,0.540423
datasets/test/Felt_Leaf/Felt_Leaf00306.jpg,Felt_Leaf,Felt_Leaf,Correct,0.862395
datasets/train/Healthy_Leaf/Healthy_Leaf00490.jpg,Healthy_Leaf,Healthy_Leaf,Correct,0.682990
datasets/test/Curl_Leaf/Curl_Leaf00019.jpg,Curl_Leaf,Felt_Leaf,Incorrect,0.287668
datasets/train/Fungal_Leaf_Spot/Fungal_Leaf_Spot00475.jpg,Fungal_Leaf_Spot,Fungal_Leaf_Spot,Correct,0.542396
datasets/train/Leaf_Gall/Leaf_Gall00336.jpg,Leaf_Gall,Healthy_Leaf,Incorrect,0.273331
datasets/test/Fungal_Leaf_Spot/Fungal_Leaf_Spot00038.jpg,Fungal_Leaf_Spot,Fungal_Leaf_Spot,Correct,0.910864
datasets/test/Anthrax_Leaf/Anthrax_Leaf00110.jpg,Anthrax_Leaf,Anthrax_Leaf,Correct,0.311522
datasets/test/Leaf_Gall/Leaf_Gall00269.jpg,Leaf_Gall,Leaf_Gall,Correct,0.827813
datasets/train/Healthy_Leaf/Healthy_Leaf00352.jpg,Healthy_Leaf,Healthy_Leaf,Correct,0.876270
datasets/train/Healthy_Leaf/Healthy_Leaf00512.jpg,Healthy_Leaf,Healthy_Leaf,Correct,0.505458
datasets/test/Leaf_Gall/Leaf_Gall00279.jpg,Leaf_Gall,Fungal_Leaf_Spot,Incorrect,0.583541
datasets/test/Leaf_Blight/Leaf_Blight00560.jpg,Leaf_Blight,Leaf_Blight,Correct,0.635770
datasets/test/Leaf_Blight/Leaf_Blight00073.jpg,Leaf_Blight,Leaf_Blight,Correct,0.252496
datasets/test/Felt_Leaf/Felt_Leaf00079.jpg,Felt_Leaf,Felt_Leaf,Correct,0.372126
datasets/test/Fungal_Leaf_Spot/Fungal_Leaf_Spot00014.jpg,Fungal_Leaf_Spot,Fungal_Leaf_Spot,Correct,0.412501
datasets/test/Leaf_Gall/Leaf_Gall00366.jpg,Leaf_Gall,Leaf_Gall,Correct,0.824010
datasets/train/Leaf_Blight/Leaf_Blight00412.jpg,Leaf_Blight,Fungal_Leaf_Spot,Incorrect,0.419091
datasets/train/Felt_Leaf/Felt_Leaf00007.jpg,Felt_Leaf,Felt_Leaf,Correct,0.434567
datasets/test/Healthy_Leaf/Healthy_Leaf00093.jpg,Healthy_Leaf,Healthy_Leaf,Correct,0.948681
datasets/train/Leaf_Gall/Leaf_Gall00105.jpg,Leaf_Gall,Leaf_Gall,Correct,0.502343
datasets/test/Deficiency_Leaf/Deficiency_Leaf00105.jpg,Deficiency_Leaf,Healthy_Leaf,Incorrect,0.807865
datasets/test/Dry_Leaf/Dry_Leaf00265.jpg,Dry_Leaf,Dry_Leaf,Correct,0.923784
datasets/test/Fungal_Leaf_Spot/Fungal_Leaf_Spot00333.jpg,Fungal_Leaf_Spot,Felt_Leaf,Incorrect,0.390063
datasets/train/Dry_Leaf/Dry_Leaf00350.jpg,Dry_Leaf,Healthy_Leaf,Incorrect,0.316294
datasets/test/Felt_Leaf/Felt_Leaf00089.jpg,Felt_Leaf,Leaf_Gall,Incorrect,0.359219
datasets/test/Felt_Leaf/Felt_Leaf00116.jpg,Felt_Leaf,Felt_Leaf,Correct,0.374764
datasets/test/Felt_Leaf/Felt_Leaf00246.jpg,Felt_Leaf,Felt_Leaf,Correct,0.482423
datasets/train/Bituminous_Leaf/Bituminous_Leaf00096.jpg,Bituminous_Leaf,Bituminous_Leaf,Correct,0.958461
datasets/train/Healthy_Leaf/Healthy_Leaf00482.jpg,Healthy_Leaf,Healthy_Leaf,Correct,0.812843
datasets/test/Fungal_Leaf_Spot/Fungal_Leaf_Spot00247.jpg,Fungal_Leaf_Spot,Healthy_Leaf,Incorrect,0.813136
datasets/test/Fungal_Leaf_Spot/Fungal_Leaf_Spot00317.jpg,Fungal_Leaf_Spot,Fungal_Leaf_Spot,Correct,0.586277
datasets/train/Fungal_Leaf_Spot/Fungal_Leaf_Spot00350.jpg,Fungal_Leaf_Spot,Felt_Leaf,Incorrect,0.462357
datasets/test/Dry_Leaf/Dry_Leaf00112.jpg,Dry_Leaf,Dry_Leaf,Correct,0.536456
datasets/test/Felt_Leaf/Felt_Leaf00331.jpg,Felt_Leaf,Felt_Leaf,Correct,0.684013
datasets/test/Felt_Leaf/Felt_Leaf00377.jpg,Felt_Leaf,Fungal_Leaf_Spot,Incorrect,0.371546
datasets/test/Fungal_Leaf_Spot/Fungal_Leaf_Spot00310.jpg,Fungal_Leaf_Spot,Healthy_Leaf,Incorrect,0.442302
datasets/test/Curl_Leaf/Curl_Leaf00036.jpg,Curl_Leaf,Curl_Leaf,Correct,0.670773
datasets/train/Healthy_Leaf/Healthy_Leaf00074.jpg,Healthy_Leaf,Healthy_Leaf,Correct,0.995093
datasets/test/Anthrax_Leaf/Anthrax_Leaf00007.jpg,Anthrax_Leaf,Healthy_Leaf,Incorrect,0.444847
datasets/test/Fungal_Leaf_Spot/Fungal_Leaf_Spot00186.jpg,Fungal_Leaf_Spot,Fungal_Leaf_Spot,Correct,0.605297
datasets/train/Healthy_Leaf/Healthy_Leaf00235.jpg,Healthy_Leaf,Healthy_Leaf,Correct,0.995389
datasets/train/Leaf_Gall/Leaf_Gall00115.jpg,Leaf_Gall,Bituminous_Leaf,Incorrect,0.459266
datasets/test/Leaf_Blight/Leaf_Blight00379.jpg,Leaf_Blight,Leaf_Blight,Correct,0.964749
datasets/test/Dry_Leaf/Dry_Leaf00182.jpg,Dry_Leaf,Dry_Leaf,Correct,0.967719
datasets/train/Healthy_Leaf/Healthy_Leaf00515.jpg,Healthy_Leaf,Healthy_Leaf,Correct,0.465906
datasets/train/Leaf_Gall/Leaf_Gall00005.jpg,Leaf_Gall,Dry_Leaf,Incorrect,0.302504
datasets/train/Felt_Leaf/Felt_Leaf00285.jpg,Felt_Leaf,Fungal_Leaf_Spot,Incorrect,0.740409
datasets/train/Dry_Leaf/Dry_Leaf00011.jpg,Dry_Leaf,Dry_Leaf,Correct,0.876051
datasets/train/Curl_Leaf/Curl_Leaf00099.jpg,Curl_Leaf,Leaf_Blight,Incorrect,0.406068
datasets/test/Fungal_Leaf_Spot/Fungal_Leaf_Spot00163.jpg,Fungal_Leaf_Spot,Fungal_Leaf_Spot,Correct,0.372725
datasets/train/Leaf_Gall/Leaf_Gall00079.jpg,Leaf_Gall,Leaf_Gall,Correct,0.495264
datasets/train/Dry_Leaf/Dry_Leaf00039.jpg,Dry_Leaf,Dry_Leaf,Correct,0.367789
datasets/train/Leaf_Blight/Leaf_Blight00203.jpg,Leaf_Blight,Leaf_Blight,Correct,0.408460
datasets/test/Curl_Leaf/Curl_Leaf00168.jpg,Curl_Leaf,Curl_Leaf,Correct,0.468168
datasets/train/Leaf_Blight/Leaf_Blight00240.jpg,Leaf_Blight,Leaf_Blight,Correct,0.528918
datasets/test/Leaf_Blight/Leaf_Blight00156.jpg,Leaf_Blight,Leaf_Blight,Correct,0.852141
datasets/test/Dry_Leaf/Dry_Leaf00160.jpg,Dry_Leaf,Dry_Leaf,Correct,0.951279
datasets/test/Bituminous_Leaf/Bituminous_Leaf00087.jpg,Bituminous_Leaf,Healthy_Leaf,Incorrect,0.376107
datasets/train/Leaf_Gall/Leaf_Gall00265.jpg,Leaf_Gall,Leaf_Gall,Correct,0.424850
datasets/train/Bituminous_Leaf/Bituminous_Leaf00136.jpg,Bituminous_Leaf,Bituminous_Leaf,Correct,0.891224
datasets/test/Healthy_Leaf/Healthy_Leaf00195.jpg,Healthy_Leaf,Healthy_Leaf,Correct,0.301610
datasets/test/Leaf_Blight/Leaf_Blight00202.jpg,Leaf_Blight,Leaf_Blight,Correct,0.402962
datasets/test/Leaf_Blight/Leaf_Blight00241.jpg,Leaf_Blight,Leaf_Blight,Correct,0.659260
datasets/train/Leaf_Blight/Leaf_Blight00029.jpg,Leaf_Blight,Healthy_Leaf,Incorrect,0.578065
datasets/train/Leaf_Blight/Leaf_Blight00003.jpg,Leaf_Blight,Dry_Leaf,Incorrect,0.353979
datasets/train/Curl_Leaf/Curl_Leaf00059.jpg,Curl_Leaf,Anthrax_Leaf,Incorrect,0.329749
datasets/train/Fungal_Leaf_Spot/Fungal_Leaf_Spot00227.jpg,Fungal_Leaf_Spot,Fungal_Leaf_Spot,Correct,0.863081
datasets/test/Felt_Leaf/Felt_Leaf00081.jpg,Felt_Leaf,Healthy_Leaf,Incorrect,0.782625
datasets/train/Leaf_Blight/Leaf_Blight00402.jpg,Leaf_Blight,Leaf_Blight,Correct,0.772350
datasets/train/Dry_Leaf/Dry_Leaf00021.jpg,Dry_Leaf,Dry_Leaf,Correct,0.901987
datasets/test/Dry_Leaf/Dry_Leaf00194.jpg,Dry_Leaf,Dry_Leaf,Correct,0.774724
datasets/test/Leaf_Gall/Leaf_Gall00466.jpg,Leaf_Gall,Leaf_Gall,Correct,0.687965
datasets/train/Healthy_Leaf/Healthy_Leaf00287.jpg,Healthy_Leaf,Healthy_Leaf,Correct,0.806896
datasets/train/Healthy_Leaf/Healthy_Leaf00005.jpg,Healthy_Leaf,Healthy_Leaf,Correct,0.983355
datasets/train/Leaf_Gall/Leaf_Gall00289.jpg,Leaf_Gall,Leaf_Blight,Incorrect,0.424982
datasets/test/Felt_Leaf/Felt_Leaf00257.jpg,Felt_Leaf,Felt_Leaf,Correct,0.610972
datasets/test/Deficiency_Leaf/Deficiency_Leaf00033.jpg,Deficiency_Leaf,Leaf_Blight,Incorrect,0.394937
datasets/train/Curl_Leaf/Curl_Leaf00023.jpg,Curl_Leaf,Curl_Leaf,Correct,0.670126
datasets/train/Anthrax_Leaf/Anthrax_Leaf00119.jpg,Anthrax_Leaf,Anthrax_Leaf,Correct,0.559322
datasets/train/Healthy_Leaf/Healthy_Leaf00090.jpg,Healthy_Leaf,Fungal_Leaf_Spot,Incorrect,0.478609
datasets/test/Fungal_Leaf_Spot/Fungal_Leaf_Spot00479.jpg,Fungal_Leaf_Spot,Fungal_Leaf_Spot,Correct,0.584661
datasets/test/Leaf_Gall/Leaf_Gall00173.jpg,Leaf_Gall,Leaf_Blight,Incorrect,0.667214
datasets/train/Dry_Leaf/Dry_Leaf00275.jpg,Dry_Leaf,Healthy_Leaf,Incorrect,0.510068
datasets/test/Felt_Leaf/Felt_Leaf00045.jpg,Felt_Leaf,Felt_Leaf,Correct,0.728695
datasets/test/Fungal_Leaf_Spot/Fungal_Leaf_Spot00197.jpg,Fungal_Leaf_Spot,Fungal_Leaf_Spot,Correct,0.464649
datasets/test/Leaf_Blight/Leaf_Blight00393.jpg,Leaf_Blight,Leaf_Blight,Correct,0.732816
datasets/test/Fungal_Leaf_Spot/Fungal_Leaf_Spot00509.jpg,Fungal_Leaf_Spot,Leaf_Blight,Incorrect,0.414278
datasets/test/Felt_Leaf/Felt_Leaf00162.jpg,Felt_Leaf,Felt_Leaf,Correct,0.707802
datasets/train/Felt_Leaf/Felt_Leaf00069.jpg,Felt_Leaf,Felt_Leaf,Correct,0.699016
datasets/test/Curl_Leaf/Curl_Leaf00128.jpg,Curl_Leaf,Curl_Leaf,Correct,0.988086
datasets/test/Dry_Leaf/Dry_Leaf00304.jpg,Dry_Leaf,Dry_Leaf,Correct,0.425391
datasets/train/Healthy_Leaf/Healthy_Leaf00318.jpg,Healthy_Leaf,Healthy_Leaf,Correct,0.897834
datasets/train/Healthy_Leaf/Healthy_Leaf00166.jpg,Healthy_Leaf,Healthy_Leaf,Correct,0.996334
datasets/test/Deficiency_Leaf/Deficiency_Leaf00113.jpg,Deficiency_Leaf,Healthy_Leaf,Incorrect,0.949950
datasets/train/Felt_Leaf/Felt_Leaf00030.jpg,Felt_Leaf,Felt_Leaf,Correct,0.442886
datasets/train/Healthy_Leaf/Healthy_Leaf00396.jpg,Healthy_Leaf,Healthy_Leaf,Correct,0.915181
datasets/test/Leaf_Gall/Leaf_Gall00458.jpg,Leaf_Gall,Leaf_Blight,Incorrect,0.216016
datasets/train/Anthrax_Leaf/Anthrax_Leaf00113.jpg,Anthrax_Leaf,Healthy_Leaf,Incorrect,0.289945
datasets/test/Dry_Leaf/Dry_Leaf00056.jpg,Dry_Leaf,Dry_Leaf,Correct,0.652458
datasets/test/Leaf_Gall/Leaf_Gall00299.jpg,Leaf_Gall,Leaf_Gall,Correct,0.856713
datasets/train/Felt_Leaf/Felt_Leaf00292.jpg,Felt_Leaf,Felt_Leaf,Correct,0.371718
datasets/test/Fungal_Leaf_Spot/Fungal_Leaf_Spot00546.jpg,Fungal_Leaf_Spot,Healthy_Leaf,Incorrect,0.741307
datasets/test/Leaf_Gall/Leaf_Gall00558.jpg,Leaf_Gall,Leaf_Gall,Correct,0.874736
datasets/test/Leaf_Gall/Leaf_Gall00605.jpg,Leaf_Gall,Fungal_Leaf_Spot,Incorrect,0.283654
datasets/test/Healthy_Leaf/Healthy_Leaf00010.jpg,Healthy_Leaf,Healthy_Leaf,Correct,0.376199
datasets/train/Fungal_Leaf_Spot/Fungal_Leaf_Spot00390.jpg,Fungal_Leaf_Spot,Fungal_Leaf_Spot,Correct,0.511565
datasets/train/Leaf_Blight/Leaf_Blight00370.jpg,Leaf_Blight,Leaf_Blight,Correct,0.481316
datasets/test/Healthy_Leaf/Healthy_Leaf00517.jpg,Healthy_Leaf,Leaf_Gall,Incorrect,0.392229
datasets/test/Healthy_Leaf/Healthy_Leaf00359.jpg,Healthy_Leaf,Healthy_Leaf,Correct,0.999097
datasets/test/Leaf_Blight/Leaf_Blight00167.jpg,Leaf_Blight,Leaf_Blight,Correct,0.982058
datasets/test/Anthrax_Leaf/Anthrax_Leaf00138.jpg,Anthrax_Leaf,Anthrax_Leaf,Correct,0.666859
datasets/train/Leaf_Gall/Leaf_Gall00584.jpg,Leaf_Gall,Leaf_Blight,Incorrect,0.490776
datasets/test/Dry_Leaf/Dry_Leaf00339.jpg,Dry_Leaf,Healthy_Leaf,Incorrect,0.764133
datasets/test/Leaf_Gall/Leaf_Gall00142.jpg,Leaf_Gall,Leaf_Gall,Correct,0.872335
datasets/train/Healthy_Leaf/Healthy_Leaf00312.jpg,Healthy_Leaf,Healthy_Leaf,Correct,0.612058
datasets/train/Dry_Leaf/Dry_Leaf00128.jpg,Dry_Leaf,Dry_Leaf,Correct,0.858821
datasets/test/Dry_Leaf/Dry_Leaf00210.jpg,Dry_Leaf,Dry_Leaf,Correct,0.964670
datasets/test/Anthrax_Leaf/Anthrax_Leaf00008.jpg,Anthrax_Leaf,Leaf_Gall,Incorrect,0.237148
datasets/test/Dry_Leaf/Dry_Leaf00274.jpg,Dry_Leaf,Dry_Leaf,Correct,0.960900
datasets/train/Dry_Leaf/Dry_Leaf00009.jpg,Dry_Leaf,Dry_Leaf,Correct,0.981333
datasets/test/Curl_Leaf/Curl_Leaf00124.jpg,Curl_Leaf,Curl_Leaf,Correct,0.768923
datasets/train/Leaf_Gall/Leaf_Gall00068.jpg,Leaf_Gall,Leaf_Blight,Incorrect,0.638439
datasets/train/Healthy_Leaf/Healthy_Leaf00510.jpg,Healthy_Leaf,Healthy_Leaf,Correct,0.928970
datasets/train/Anthrax_Leaf/Anthrax_Leaf00029.jpg,Anthrax_Leaf,Anthrax_Leaf,Correct,0.437858
datasets/train/Leaf_Blight/Leaf_Blight00295.jpg,Leaf_Blight,Dry_Leaf,Incorrect,0.611845
datasets/train/Fungal_Leaf_Spot/Fungal_Leaf_Spot00018.jpg,Fungal_Leaf_Spot,Fungal_Leaf_Spot,Correct,0.925737
datasets/test/Felt_Leaf/Felt_Leaf00337.jpg,Felt_Leaf,Leaf_Blight,Incorrect,0.347749
datasets/test/Healthy_Leaf/Healthy_Leaf00615.jpg,Healthy_Leaf,Dry_Leaf,Incorrect,0.230507
datasets/train/Deficiency_Leaf/Deficiency_Leaf00069.jpg,Deficiency_Leaf,Leaf_Gall,Incorrect,0.253943
datasets/test/Fungal_Leaf_Spot/Fungal_Leaf_Spot00136.jpg,Fungal_Leaf_Spot,Fungal_Leaf_Spot,Correct,0.484689
datasets/train/Dry_Leaf/Dry_Leaf00371.jpg,Dry_Leaf,Dry_Leaf,Correct,0.827900
datasets/test/Felt_Leaf/Felt_Leaf00077.jpg,Felt_Leaf,Leaf_Blight,Incorrect,0.563255
datasets/test/Bituminous_Leaf/Bituminous_Leaf00056.jpg,Bituminous_Leaf,Bituminous_Leaf,Correct,0.815805
datasets/train/Healthy_Leaf/Healthy_Leaf00190.jpg,Healthy_Leaf,Healthy_Leaf,Correct,0.801980
datasets/train/Felt_Leaf/Felt_Leaf00288.jpg,Felt_Leaf,Fungal_Leaf_Spot,Incorrect,0.463272
datasets/test/Dry_Leaf/Dry_Leaf00202.jpg,Dry_Leaf,Dry_Leaf,Correct,0.992971
datasets/test/Dry_Leaf/Dry_Leaf00026.jpg,Dry_Leaf,Dry_Leaf,Correct,0.926238
datasets/train/Healthy_Leaf/Healthy_Leaf00429.jpg,Healthy_Leaf,Dry_Leaf,Incorrect,0.891927
datasets/train/Leaf_Blight/Leaf_Blight00537.jpg,Leaf_Blight,Leaf_Blight,Correct,0.984309
datasets/test/Dry_Leaf/Dry_Leaf00152.jpg,Dry_Leaf,Dry_Leaf,Correct,0.976700
datasets/train/Dry_Leaf/Dry_Leaf00165.jpg,Dry_Leaf,Dry_Leaf,Correct,0.746898
datasets/test/Leaf_Gall/Leaf_Gall00096.jpg,Leaf_Gall,Anthrax_Leaf,Incorrect,0.314042
datasets/train/Healthy_Leaf/Healthy_Leaf00231.jpg,Healthy_Leaf,Healthy_Leaf,Correct,0.909513
datasets/test/Leaf_Gall/Leaf_Gall00104.jpg,Leaf_Gall,Anthrax_Leaf,Incorrect,0.366467
datasets/train/Fungal_Leaf_Spot/Fungal_Leaf_Spot00012.jpg,Fungal_Leaf_Spot,Leaf_Blight,Incorrect,0.344539
datasets/train/Fungal_Leaf_Spot/Fungal_Leaf_Spot00002.jpg,Fungal_Leaf_Spot,Fungal_Leaf_Spot,Correct,0.548508
datasets/train/Bituminous_Leaf/Bituminous_Leaf00023.jpg,Bituminous_Leaf,Fungal_Leaf_Spot,Incorrect,0.554907
datasets/test/Leaf_Gall/Leaf_Gall00395.jpg,Leaf_Gall,Curl_Leaf,Incorrect,0.168464
datasets/test/Curl_Leaf/Curl_Leaf00055.jpg,Curl_Leaf,Curl_Leaf,Correct,0.228782
datasets/train/Fungal_Leaf_Spot/Fungal_Leaf_Spot00228.jpg,Fungal_Leaf_Spot,Fungal_Leaf_Spot,Correct,0.940243
datasets/train/Leaf_Blight/Leaf_Blight00011.jpg,Leaf_Blight,Leaf_Blight,Correct,0.779433
datasets/test/Dry_Leaf/Dry_Leaf00042.jpg,Dry_Leaf,Dry_Leaf,Correct,0.916648
datasets/test/Leaf_Blight/Leaf_Blight00458.jpg,Leaf_Blight,Leaf_Blight,Correct,0.990555
datasets/train/Felt_Leaf/Felt_Leaf00304.jpg,Felt_Leaf,Felt_Leaf,Correct,0.751678
datasets/test/Felt_Leaf/Felt_Leaf00105.jpg,Felt_Leaf,Leaf_Gall,Incorrect,0.409661
datasets/train/Leaf_Blight/Leaf_Blight00592.jpg,Leaf_Blight,Curl_Leaf,Incorrect,0.302282
datasets/test/Leaf_Blight/Leaf_Blight00033.jpg,Leaf_Blight,Leaf_Blight,Correct,0.803497
datasets/test/Felt_Leaf/Felt_Leaf00011.jpg,Felt_Leaf,Felt_Leaf,Correct,0.388774
datasets/test/Healthy_Leaf/Healthy_Leaf00485.jpg,Healthy_Leaf,Healthy_Leaf,Correct,0.738156
datasets/train/Leaf_Blight/Leaf_Blight00237.jpg,Leaf_Blight,Leaf_Blight,Correct,0.322922
datasets/test/Bituminous_Leaf/Bituminous_Leaf00028.jpg,Bituminous_Leaf,Bituminous_Leaf,Correct,0.824495
datasets/train/Fungal_Leaf_Spot/Fungal_Leaf_Spot00330.jpg,Fungal_Leaf_Spot,Leaf_Blight,Incorrect,0.380864
datasets/train/Leaf_Blight/Leaf_Blight00121.jpg,Leaf_Blight,Leaf_Blight,Correct,0.927467
datasets/train/Healthy_Leaf/Healthy_Leaf00476.jpg,Healthy_Leaf,Healthy_Leaf,Correct,0.790106
datasets/test/Felt_Leaf/Felt_Leaf00196.jpg,Felt_Leaf,Leaf_Blight,Incorrect,0.333918
datasets/train/Healthy_Leaf/Healthy_Leaf00502.jpg,Healthy_Leaf,Healthy_Leaf,Correct,0.598693
datasets/test/Fungal_Leaf_Spot/Fungal_Leaf_Spot00235.jpg,Fungal_Leaf_Spot,Fungal_Leaf_Spot,Correct,0.611185
datasets/test/Leaf_Gall/Leaf_Gall00277.jpg,Leaf_Gall,Leaf_Gall,Correct,0.442512
datasets/test/Felt_Leaf/Felt_Leaf00113.jpg,Felt_Leaf,Felt_Leaf,Correct,0.663277
datasets/train/Leaf_Gall/Leaf_Gall00526.jpg,Leaf_Gall,Leaf_Gall,Correct,0.480651
datasets/test/Anthrax_Leaf/Anthrax_Leaf00132.jpg,Anthrax_Leaf,Anthrax_Leaf,Correct,0.319179
datasets/test/Dry_Leaf/Dry_Leaf00292.jpg,Dry_Leaf,Dry_Leaf,Correct,0.766708
datasets/test/Healthy_Leaf/Healthy_Leaf00255.jpg,Healthy_Leaf,Healthy_Leaf,Correct,0.959284
datasets/test/Leaf_Gall/Leaf_Gall00402.jpg,Leaf_Gall,Leaf_Gall,Correct,0.311618
datasets/test/Deficiency_Leaf/Deficiency_Leaf00066.jpg,Deficiency_Leaf,Leaf_Gall,Incorrect,0.342256
datasets/test/Leaf_Gall/Leaf_Gall00600.jpg,Leaf_Gall,Leaf_Gall,Correct,0.907431
datasets/test/Healthy_Leaf/Healthy_Leaf00378.jpg,Healthy_Leaf,Healthy_Leaf,Correct,0.818071
datasets/test/Curl_Leaf/Curl_Leaf00135.jpg,Curl_Leaf,Curl_Leaf,Correct,0.985726
datasets/train/Leaf_Blight/Leaf_Blight00036.jpg,Leaf_Blight,Leaf_Blight,Correct,0.857079
datasets/test/Leaf_Blight/Leaf_Blight00108.jpg,Leaf_Blight,Leaf_Gall,Incorrect,0.197253
datasets/train/Healthy_Leaf/Healthy_Leaf00522.jpg,Healthy_Leaf,Healthy_Leaf,Correct,0.803258
datasets/test/Leaf_Gall/Leaf_Gall00560.jpg,Leaf_Gall,Dry_Leaf,Incorrect,0.327911
datasets/train/Fungal_Leaf_Spot/Fungal_Leaf_Spot00432.jpg,Fungal_Leaf_Spot,Fungal_Leaf_Spot,Correct,0.425495
datasets/train/Curl_Leaf/Curl_Leaf00028.jpg,Curl_Leaf,Leaf_Blight,Incorrect,0.566360
datasets/test/Bituminous_Leaf/Bituminous_Leaf00070.jpg,Bituminous_Leaf,Curl_Leaf,Incorrect,0.467338
datasets/test/Healthy_Leaf/Healthy_Leaf00391.jpg,Healthy_Leaf,Healthy_Leaf,Correct,0.681976
datasets/test/Dry_Leaf/Dry_Leaf00059.jpg,Dry_Leaf,Dry_Leaf,Correct,0.693407
datasets/test/Anthrax_Leaf/Anthrax_Leaf00086.jpg,Anthrax_Leaf,Dry_Leaf,Incorrect,0.776421
datasets/test/Curl_Leaf/Curl_Leaf00097.jpg,Curl_Leaf,Healthy_Leaf,Incorrect,0.282944
datasets/train/Dry_Leaf/Dry_Leaf00195.jpg,Dry_Leaf,Dry_Leaf,Correct,0.741675
datasets/train/Deficiency_Leaf/Deficiency_Leaf00015.jpg,Deficiency_Leaf,Deficiency_Leaf,Correct,0.250273
datasets/test/Leaf_Gall/Leaf_Gall00182.jpg,Leaf_Gall,Leaf_Gall,Correct,0.582038
datasets/test/Felt_Leaf/Felt_Leaf00301.jpg,Felt_Leaf,Fungal_Leaf_Spot,Incorrect,0.319167
datasets/test/Fungal_Leaf_Spot/Fungal_Leaf_Spot00548.jpg,Fungal_Leaf_Spot,Fungal_Leaf_Spot,Correct,0.384064
datasets/train/Curl_Leaf/Curl_Leaf00134.jpg,Curl_Leaf,Leaf_Gall,Incorrect,0.283833
datasets/test/Healthy_Leaf/Healthy_Leaf00481.jpg,Healthy_Leaf,Healthy_Leaf,Correct,0.487664
datasets/train/Leaf_Gall/Leaf_Gall00302.jpg,Leaf_Gall,Leaf_Gall,Correct,0.407810
datasets/test/Felt_Leaf/Felt_Leaf00338.jpg,Felt_Leaf,Leaf_Blight,Incorrect,0.296800
datasets/test/Fungal_Leaf_Spot/Fungal_Leaf_Spot00265.jpg,Fungal_Leaf_Spot,Fungal_Leaf_Spot,Correct,0.827582
datasets/test/Healthy_Leaf/Healthy_Leaf00348.jpg,Healthy_Leaf,Healthy_Leaf,Correct,0.766226
datasets/train/Leaf_Gall/Leaf_Gall00237.jpg,Leaf_Gall,Felt_Leaf,Incorrect,0.491959
datasets/train/Deficiency_Leaf/Deficiency_Leaf00074.jpg,Deficiency_Leaf,Healthy_Leaf,Incorrect,0.609790
datasets/train/Leaf_Gall/Leaf_Gall00572.jpg,Leaf_Gall,Dry_Leaf,Incorrect,0.440628
datasets/test/Leaf_Gall/Leaf_Gall00561.jpg,Leaf_Gall,Leaf_Gall,Correct,0.271581
datasets/train/Healthy_Leaf/Healthy_Leaf00579.jpg,Healthy_Leaf,Healthy_Leaf,Correct,0.534465
datasets/train/Dry_Leaf/Dry_Leaf00102.jpg,Dry_Leaf,Dry_Leaf,Correct,0.817661
datasets/test/Leaf_Blight/Leaf_Blight00437.jpg,Leaf_Blight,Leaf_Blight,Correct,0.961599
datasets/train/Leaf_Blight/Leaf_Blight00215.jpg,Leaf_Blight,Leaf_Blight,Correct,0.967942
datasets/train/Leaf_Blight/Leaf_Blight00008.jpg,Leaf_Blight,Leaf_Blight,Correct,0.851217
datasets/test/Leaf_Gall/Leaf_Gall00382.jpg,Leaf_Gall,Fungal_Leaf_Spot,Incorrect,0.339912
datasets/train/Fungal_Leaf_Spot/Fungal_Leaf_Spot00024.jpg,Fungal_Leaf_Spot,Fungal_Leaf_Spot,Correct,0.827048
datasets/train/Fungal_Leaf_Spot/Fungal_Leaf_Spot00019.jpg,Fungal_Leaf_Spot,Leaf_Blight,Incorrect,0.398790
datasets/test/Healthy_Leaf/Healthy_Leaf00385.jpg,Healthy_Leaf,Dry_Leaf,Incorrect,0.514908
datasets/train/Felt_Leaf/Felt_Leaf00096.jpg,Felt_Leaf,Felt_Leaf,Correct,0.554192
datasets/test/Leaf_Gall/Leaf_Gall00311.jpg,Leaf_Gall,Leaf_Gall,Correct,0.717329
datasets/test/Leaf_Blight/Leaf_Blight00533.jpg,Leaf_Blight,Leaf_Blight,Correct,0.672329
datasets/train/Anthrax_Leaf/Anthrax_Leaf00026.jpg,Anthrax_Leaf,Anthrax_Leaf,Correct,0.448541
datasets/train/Curl_Leaf/Curl_Leaf00175.jpg,Curl_Leaf,Curl_Leaf,Correct,0.825586
datasets/test/Healthy_Leaf/Healthy_Leaf00314.jpg,Healthy_Leaf,Healthy_Leaf,Correct,0.439465
datasets/test/Felt_Leaf/Felt_Leaf00122.jpg,Felt_Leaf,Healthy_Leaf,Incorrect,0.456731
datasets/test/Fungal_Leaf_Spot/Fungal_Leaf_Spot00139.jpg,Fungal_Leaf_Spot,Fungal_Leaf_Spot,Correct,0.709624
datasets/test/Curl_Leaf/Curl_Leaf00063.jpg,Curl_Leaf,Healthy_Leaf,Incorrect,0.302045
datasets/test/Leaf_Blight/Leaf_Blight00063.jpg,Leaf_Blight,Leaf_Blight,Correct,0.813963
datasets/train/Felt_Leaf/Felt_Leaf00142.jpg,Felt_Leaf,Leaf_Blight,Incorrect,0.446004
datasets/train/Leaf_Blight/Leaf_Blight00396.jpg,Leaf_Blight,Fungal_Leaf_Spot,Incorrect,0.362319
datasets/train/Anthrax_Leaf/Anthrax_Leaf00056.jpg,Anthrax_Leaf,Anthrax_Leaf,Correct,0.404100
datasets/train/Fungal_Leaf_Spot/Fungal_Leaf_Spot00202.jpg,Fungal_Leaf_Spot,Fungal_Leaf_Spot,Correct,0.450459
datasets/train/Leaf_Gall/Leaf_Gall00125.jpg,Leaf_Gall,Bituminous_Leaf,Incorrect,0.315826
datasets/train/Leaf_Gall/Leaf_Gall00124.jpg,Leaf_Gall,Leaf_Gall,Correct,0.605422
datasets/test/Healthy_Leaf/Healthy_Leaf00403.jpg,Healthy_Leaf,Healthy_Leaf,Correct,0.979579
datasets/train/Anthrax_Leaf/Anthrax_Leaf00055.jpg,Anthrax_Leaf,Anthrax_Leaf,Correct,0.779785
datasets/test/Healthy_Leaf/Healthy_Leaf00572.jpg,Healthy_Leaf,Healthy_Leaf,Correct,0.912328
datasets/test/Fungal_Leaf_Spot/Fungal_Leaf_Spot00042.jpg,Fungal_Leaf_Spot,Fungal_Leaf_Spot,Correct,0.430962
datasets/test/Curl_Leaf/Curl_Leaf00084.jpg,Curl_Leaf,Curl_Leaf,Correct,0.945933
datasets/test/Healthy_Leaf/Healthy_Leaf00045.jpg,Healthy_Leaf,Healthy_Leaf,Correct,0.925310
datasets/test/Felt_Leaf/Felt_Leaf00298.jpg,Felt_Leaf,Leaf_Blight,Incorrect,0.517748
datasets/test/Bituminous_Leaf/Bituminous_Leaf00077.jpg,Bituminous_Leaf,Bituminous_Leaf,Correct,0.844462
datasets/test/Leaf_Blight/Leaf_Blight00362.jpg,Leaf_Blight,Leaf_Blight,Correct,0.753089
datasets/test/Fungal_Leaf_Spot/Fungal_Leaf_Spot00010.jpg,Fungal_Leaf_Spot,Fungal_Leaf_Spot,Correct,0.662655
datasets/train/Leaf_Blight/Leaf_Blight00432.jpg,Leaf_Blight,Leaf_Blight,Correct,0.484097
datasets/train/Leaf_Blight/Leaf_Blight00059.jpg,Leaf_Blight,Leaf_Blight,Correct,0.753711
datasets/test/Leaf_Gall/Leaf_Gall00472.jpg,Leaf_Gall,Leaf_Gall,Correct,0.925283
datasets/test/Felt_Leaf/Felt_Leaf00260.jpg,Felt_Leaf,Leaf_Blight,Incorrect,0.699771
datasets/test/Leaf_Gall/Leaf_Gall00041.jpg,Leaf_Gall,Leaf_Gall,Correct,0.567991
datasets/train/Fungal_Leaf_Spot/Fungal_Leaf_Spot00062.jpg,Fungal_Leaf_Spot,Fungal_Leaf_Spot,Correct,0.987653
datasets/train/Leaf_Gall/Leaf_Gall00087.jpg,Leaf_Gall,Leaf_Gall,Correct,0.324553
datasets/train/Healthy_Leaf/Healthy_Leaf00609.jpg,Healthy_Leaf,Healthy_Leaf,Correct,0.557900
datasets/test/Fungal_Leaf_Spot/Fungal_Leaf_Spot00437.jpg,Fungal_Leaf_Spot,Fungal_Leaf_Spot,Correct,0.627552
datasets/train/Felt_Leaf/Felt_Leaf00296.jpg,Felt_Leaf,Felt_Leaf,Correct,0.603798
datasets/test/Leaf_Blight/Leaf_Blight00217.jpg,Leaf_Blight,Leaf_Blight,Correct,0.975741
datasets/test/Felt_Leaf/Felt_Leaf00212.jpg,Felt_Leaf,Felt_Leaf,Correct,0.482906
datasets/train/Leaf_Gall/Leaf_Gall00577.jpg,Leaf_Gall,Leaf_Blight,Incorrect,0.339203
datasets/test/Leaf_Blight/Leaf_Blight00054.jpg,Leaf_Blight,Leaf_Blight,Correct,0.469311
datasets/test/Dry_Leaf/Dry_Leaf00328.jpg,Dry_Leaf,Dry_Leaf,Correct,0.327844
datasets/train/Leaf_Gall/Leaf_Gall00512.jpg,Leaf_Gall,Fungal_Leaf_Spot,Incorrect,0.311037
datasets/train/Felt_Leaf/Felt_Leaf00207.jpg,Felt_Leaf,Dry_Leaf,Incorrect,0.500538
datasets/test/Healthy_Leaf/Healthy_Leaf00313.jpg,Healthy_Leaf,Healthy_Leaf,Correct,0.957938
datasets/train/Dry_Leaf/Dry_Leaf00299.jpg,Dry_Leaf,Dry_Leaf,Correct,0.702055
datasets/test/Healthy_Leaf/Healthy_Leaf00592.jpg,Healthy_Leaf,Healthy_Leaf,Correct,0.883109
datasets/train/Healthy_Leaf/Healthy_Leaf00331.jpg,Healthy_Leaf,Fungal_Leaf_Spot,Incorrect,0.298566
datasets/test/Felt_Leaf/Felt_Leaf00050.jpg,Felt_Leaf,Felt_Leaf,Correct,0.691435
datasets/train/Fungal_Leaf_Spot/Fungal_Leaf_Spot00554.jpg,Fungal_Leaf_Spot,Fungal_Leaf_Spot,Correct,0.419109
datasets/test/Dry_Leaf/Dry_Leaf00074.jpg,Dry_Leaf,Leaf_Gall,Incorrect,0.251342
datasets/train/Felt_Leaf/Felt_Leaf00314.jpg,Felt_Leaf,Felt_Leaf,Correct,0.669047
datasets/test/Fungal_Leaf_Spot/Fungal_Leaf_Spot00410.jpg,Fungal_Leaf_Spot,Fungal_Leaf_Spot,Correct,0.450222
datasets/test/Felt_Leaf/Felt_Leaf00048.jpg,Felt_Leaf,Felt_Leaf,Correct,0.383102
datasets/train/Healthy_Leaf/Healthy_Leaf00118.jpg,Healthy_Leaf,Healthy_Leaf,Correct,0.998569
datasets/test/Leaf_Blight/Leaf_Blight00159.jpg,Leaf_Blight,Leaf_Blight,Correct,0.589462
datasets/test/Dry_Leaf/Dry_Leaf00320.jpg,Dry_Leaf,Dry_Leaf,Correct,0.955859
datasets/train/Healthy_Leaf/Healthy_Leaf00407.jpg,Healthy_Leaf,Healthy_Leaf,Correct,0.564628
datasets/train/Healthy_Leaf/Healthy_Leaf00317.jpg,Healthy_Leaf,Healthy_Leaf,Correct,0.826295
datasets/test/Leaf_Blight/Leaf_Blight00517.jpg,Leaf_Blight,Leaf_Blight,Correct,0.955164
datasets/train/Leaf_Gall/Leaf_Gall00486.jpg,Leaf_Gall,Leaf_Gall,Correct,0.346053
datasets/test/Leaf_Blight/Leaf_Blight00112.jpg,Leaf_Blight,Leaf_Blight,Correct,0.574024
datasets/test/Healthy_Leaf/Healthy_Leaf00154.jpg,Healthy_Leaf,Healthy_Leaf,Correct,0.997953
datasets/train/Leaf_Blight/Leaf_Blight00376.jpg,Leaf_Blight,Leaf_Blight,Correct,0.575347
datasets/train/Leaf_Blight/Leaf_Blight00135.jpg,Leaf_Blight,Felt_Leaf,Incorrect,0.296272
datasets/test/Anthrax_Leaf/Anthrax_Leaf00078.jpg,Anthrax_Leaf,Anthrax_Leaf,Correct,0.871343
datasets/test/Leaf_Gall/Leaf_Gall00244.jpg,Leaf_Gall,Healthy_Leaf,Incorrect,0.313078
datasets/train/Healthy_Leaf/Healthy_Leaf00110.jpg,Healthy_Leaf,Healthy_Leaf,Correct,0.999845
datasets/train/Leaf_Blight/Leaf_Blight00088.jpg,Leaf_Blight,Leaf_Blight,Correct,0.547993
datasets/test/Healthy_Leaf/Healthy_Leaf00440.jpg,Healthy_Leaf,Healthy_Leaf,Correct,0.666012
datasets/train/Fungal_Leaf_Spot/Fungal_Leaf_Spot00217.jpg,Fungal_Leaf_Spot,Fungal_Leaf_Spot,Correct,0.908126
datasets/train/Dry_Leaf/Dry_Leaf00050.jpg,Dry_Leaf,Dry_Leaf,Correct,0.647599
datasets/test/Leaf_Gall/Leaf_Gall00593.jpg,Leaf_Gall,Leaf_Blight,Incorrect,0.568921
datasets/train/Felt_Leaf/Felt_Leaf00117.jpg,Felt_Leaf,Felt_Leaf,Correct,0.789491
datasets/test/Healthy_Leaf/Healthy_Leaf00568.jpg,Healthy_Leaf,Curl_Leaf,Incorrect,0.354658
datasets/test/Leaf_Blight/Leaf_Blight00253.jpg,Leaf_Blight,Leaf_Gall,Incorrect,0.810466
datasets/test/Leaf_Gall/Leaf_Gall00168.jpg,Leaf_Gall,Felt_Leaf,Incorrect,0.351345
datasets/test/Dry_Leaf/Dry_Leaf00261.jpg,Dry_Leaf,Dry_Leaf,Correct,0.989570
datasets/test/Fungal_Leaf_Spot/Fungal_Leaf_Spot00444.jpg,Fungal_Leaf_Spot,Leaf_Gall,Incorrect,0.301448
datasets/test/Bituminous_Leaf/Bituminous_Leaf00046.jpg,Bituminous_Leaf,Bituminous_Leaf,Correct,0.227465
datasets/test/Leaf_Blight/Leaf_Blight00327.jpg,Leaf_Blight,Leaf_Blight,Correct,0.611290
datasets/test/Leaf_Blight/Leaf_Blight00538.jpg,Leaf_Blight,Leaf_Blight,Correct,0.906950
datasets/test/Leaf_Gall/Leaf_Gall00446.jpg,Leaf_Gall,Fungal_Leaf_Spot,Incorrect,0.232562
datasets/test/Curl_Leaf/Curl_Leaf00092.jpg,Curl_Leaf,Leaf_Blight,Incorrect,0.565857
datasets/test/Bituminous_Leaf/Bituminous_Leaf00122.jpg,Bituminous_Leaf,Anthrax_Leaf,Incorrect,0.332290
datasets/test/Leaf_Blight/Leaf_Blight00410.jpg,Leaf_Blight,Leaf_Blight,Correct,0.877019
datasets/train/Curl_Leaf/Curl_Leaf00143.jpg,Curl_Leaf,Deficiency_Leaf,Incorrect,0.184362
datasets/train/Deficiency_Leaf/Deficiency_Leaf00005.jpg,Deficiency_Leaf,Anthrax_Leaf,Incorrect,0.377865
datasets/test/Dry_Leaf/Dry_Leaf00226.jpg,Dry_Leaf,Dry_Leaf,Correct,0.929179
datasets/test/Felt_Leaf/Felt_Leaf00353.jpg,Felt_Leaf,Fungal_Leaf_Spot,Incorrect,0.431223
datasets/train/Fungal_Leaf_Spot/Fungal_Leaf_Spot00026.jpg,Fungal_Leaf_Spot,Leaf_Blight,Incorrect,0.452123
datasets/train/Felt_Leaf/Felt_Leaf00229.jpg,Felt_Leaf,Felt_Leaf,Correct,0.497697
datasets/test/Healthy_Leaf/Healthy_Leaf00183.jpg,Healthy_Leaf,Healthy_Leaf,Correct,0.695615
datasets/test/Anthrax_Leaf/Anthrax_Leaf00077.jpg,Anthrax_Leaf,Anthrax_Leaf,Correct,0.542292
datasets/test/Felt_Leaf/Felt_Leaf00067.jpg,Felt_Leaf,Curl_Leaf,Incorrect,0.253711
datasets/test/Leaf_Gall/Leaf_Gall00021.jpg,Leaf_Gall,Leaf_Gall,Correct,0.593347
datasets/test/Healthy_Leaf/Healthy_Leaf00419.jpg,Healthy_Leaf,Healthy_Leaf,Correct,0.384343
datasets/train/Leaf_Blight/Leaf_Blight00471.jpg,Leaf_Blight,Leaf_Blight,Correct,0.961690
datasets/train/Healthy_Leaf/Healthy_Leaf00009.jpg,Healthy_Leaf,Healthy_Leaf,Correct,0.570724
datasets/test/Leaf_Gall/Leaf_Gall00350.jpg,Leaf_Gall,Leaf_Gall,Correct,0.798902
datasets/train/Deficiency_Leaf/Deficiency_Leaf00063.jpg,Deficiency_Leaf,Fungal_Leaf_Spot,Incorrect,0.402631
datasets/train/Leaf_Blight/Leaf_Blight00408.jpg,Leaf_Blight,Leaf_Gall,Incorrect,0.322968
datasets/train/Leaf_Blight/Leaf_Blight00568.jpg,Leaf_Blight,Leaf_Blight,Correct,0.458065
datasets/test/Bituminous_Leaf/Bituminous_Leaf00034.jpg,Bituminous_Leaf,Bituminous_Leaf,Correct,0.378038
datasets/test/Dry_Leaf/Dry_Leaf00379.jpg,Dry_Leaf,Dry_Leaf,Correct,0.253438
datasets/test/Healthy_Leaf/Healthy_Leaf00447.jpg,Healthy_Leaf,Leaf_Blight,Incorrect,0.360396
datasets/train/Curl_Leaf/Curl_Leaf00066.jpg,Curl_Leaf,Deficiency_Leaf,Incorrect,0.206479
datasets/test/Dry_Leaf/Dry_Leaf00034.jpg,Dry_Leaf,Dry_Leaf,Correct,0.983600
datasets/train/Leaf_Blight/Leaf_Blight00516.jpg,Leaf_Blight,Leaf_Blight,Correct,0.964552
datasets/train/Leaf_Blight/Leaf_Blight00034.jpg,Leaf_Blight,Leaf_Blight,Correct,0.868190
datasets/test/Healthy_Leaf/Healthy_Leaf00613.jpg,Healthy_Leaf,Healthy_Leaf,Correct,0.390589
datasets/train/Healthy_Leaf/Healthy_Leaf00500.jpg,Healthy_Leaf,Leaf_Gall,Incorrect,0.341423
datasets/train/Bituminous_Leaf/Bituminous_Leaf00015.jpg,Bituminous_Leaf,Dry_Leaf,Incorrect,0.741273
datasets/train/Dry_Leaf/Dry_Leaf00302.jpg,Dry_Leaf,Dry_Leaf,Correct,0.962700
datasets/test/Leaf_Blight/Leaf_Blight00254.jpg,Leaf_Blight,Leaf_Blight,Correct,0.850463
datasets/test/Leaf_Gall/Leaf_Gall00204.jpg,Leaf_Gall,Leaf_Gall,Correct,0.826430
datasets/test/Dry_Leaf/Dry_Leaf00030.jpg,Dry_Leaf,Dry_Leaf,Correct,0.956083
datasets/train/Dry_Leaf/Dry_Leaf00044.jpg,Dry_Leaf,Dry_Leaf,Correct,0.926476
datasets/test/Fungal_Leaf_Spot/Fungal_Leaf_Spot00166.jpg,Fungal_Leaf_Spot,Dry_Leaf,Incorrect,0.200229
datasets/test/Leaf_Gall/Leaf_Gall00463.jpg,Leaf_Gall,Fungal_Leaf_Spot,Incorrect,0.270774
datasets/train/Dry_Leaf/Dry_Leaf00113.jpg,Dry_Leaf,Dry_Leaf,Correct,0.888990
datasets/test/Deficiency_Leaf/Deficiency_Leaf00031.jpg,Deficiency_Leaf,Leaf_Gall,Incorrect,0.603087
datasets/test/Leaf_Gall/Leaf_Gall00097.jpg,Leaf_Gall,Leaf_Gall,Correct,0.801978
datasets/test/Leaf_Gall/Leaf_Gall00484.jpg,Leaf_Gall,Leaf_Gall,Correct,0.491770
datasets/train/Curl_Leaf/Curl_Leaf00070.jpg,Curl_Leaf,Curl_Leaf,Correct,0.306737
datasets/test/Healthy_Leaf/Healthy_Leaf00229.jpg,Healthy_Leaf,Healthy_Leaf,Correct,0.571143
datasets/train/Dry_Leaf/Dry_Leaf00004.jpg,Dry_Leaf,Dry_Leaf,Correct,0.984412
datasets/test/Healthy_Leaf/Healthy_Leaf00342.jpg,Healthy_Leaf,Healthy_Leaf,Correct,0.986385
datasets/test/Bituminous_Leaf/Bituminous_Leaf00031.jpg,Bituminous_Leaf,Bituminous_Leaf,Correct,0.381467
datasets/test/Fungal_Leaf_Spot/Fungal_Leaf_Spot00293.jpg,Fungal_Leaf_Spot,Fungal_Leaf_Spot,Correct,0.441446
datasets/train/Leaf_Gall/Leaf_Gall00376.jpg,Leaf_Gall,Felt_Leaf,Incorrect,0.286657
datasets/train/Curl_Leaf/Curl_Leaf00071.jpg,Curl_Leaf,Fungal_Leaf_Spot,Incorrect,0.494720
datasets/test/Leaf_Blight/Leaf_Blight00212.jpg,Leaf_Blight,Leaf_Blight,Correct,0.342598
datasets/test/Bituminous_Leaf/Bituminous_Leaf00050.jpg,Bituminous_Leaf,Bituminous_Leaf,Correct,0.407540
datasets/test/Leaf_Gall/Leaf_Gall00405.jpg,Leaf_Gall,Leaf_Blight,Incorrect,0.331396
datasets/test/Curl_Leaf/Curl_Leaf00109.jpg,Curl_Leaf,Curl_Leaf,Correct,0.926091
datasets/test/Leaf_Gall/Leaf_Gall00161.jpg,Leaf_Gall,Leaf_Blight,Incorrect,0.554541
datasets/train/Leaf_Gall/Leaf_Gall00460.jpg,Leaf_Gall,Fungal_Leaf_Spot,Incorrect,0.346188
datasets/train/Healthy_Leaf/Healthy_Leaf00377.jpg,Healthy_Leaf,Leaf_Gall,Incorrect,0.282273
datasets/train/Dry_Leaf/Dry_Leaf00345.jpg,Dry_Leaf,Dry_Leaf,Correct,0.435868
datasets/test/Felt_Leaf/Felt_Leaf00379.jpg,Felt_Leaf,Felt_Leaf,Correct,0.721435
datasets/train/Curl_Leaf/Curl_Leaf00171.jpg,Curl_Leaf,Curl_Leaf,Correct,0.839112
datasets/train/Leaf_Blight/Leaf_Blight00127.jpg,Leaf_Blight,Fungal_Leaf_Spot,Incorrect,0.326315
datasets/test/Leaf_Gall/Leaf_Gall00039.jpg,Leaf_Gall,Curl_Leaf,Incorrect,0.347563
datasets/test/Bituminous_Leaf/Bituminous_Leaf00080.jpg,Bituminous_Leaf,Bituminous_Leaf,Correct,0.651767
datasets/train/Leaf_Blight/Leaf_Blight00589.jpg,Leaf_Blight,Leaf_Blight,Correct,0.480435
datasets/test/Leaf_Blight/Leaf_Blight00055.jpg,Leaf_Blight,Leaf_Blight,Correct,0.587903
datasets/test/Bituminous_Leaf/Bituminous_Leaf00128.jpg,Bituminous_Leaf,Healthy_Leaf,Incorrect,0.236510
datasets/test/Healthy_Leaf/Healthy_Leaf00430.jpg,Healthy_Leaf,Fungal_Leaf_Spot,Incorrect,0.511915
datasets/test/Leaf_Blight/Leaf_Blight00502.jpg,Leaf_Blight,Leaf_Blight,Correct,0.715100
datasets/test/Leaf_Blight/Leaf_Blight00524.jpg,Leaf_Blight,Leaf_Blight,Correct,0.854864
datasets/test/Felt_Leaf/Felt_Leaf00080.jpg,Felt_Leaf,Felt_Leaf,Correct,0.297098
datasets/train/Dry_Leaf/Dry_Leaf00007.jpg,Dry_Leaf,Dry_Leaf,Correct,0.747312
datasets/test/Dry_Leaf/Dry_Leaf00085.jpg,Dry_Leaf,Dry_Leaf,Correct,0.955691
datasets/test/Curl_Leaf/Curl_Leaf00136.jpg,Curl_Leaf,Curl_Leaf,Correct,0.710872
datasets/test/Bituminous_Leaf/Bituminous_Leaf00048.jpg,Bituminous_Leaf,Bituminous_Leaf,Correct,0.925311
datasets/train/Leaf_Blight/Leaf_Blight00160.jpg,Leaf_Blight,Leaf_Blight,Correct,0.997057
datasets/train/Leaf_Gall/Leaf_Gall00110.jpg,Leaf_Gall,Leaf_Gall,Correct,0.446353
datasets/test/Anthrax_Leaf/Anthrax_Leaf00092.jpg,Anthrax_Leaf,Anthrax_Leaf,Correct,0.684488
datasets/test/Leaf_Blight/Leaf_Blight00338.jpg,Leaf_Blight,Leaf_Blight,Correct,0.943466
datasets/test/Curl_Leaf/Curl_Leaf00154.jpg,Curl_Leaf,Healthy_Leaf,Incorrect,0.283216
datasets/test/Leaf_Gall/Leaf_Gall00457.jpg,Leaf_Gall,Leaf_Gall,Correct,0.396794
datasets/test/Deficiency_Leaf/Deficiency_Leaf00004.jpg,Deficiency_Leaf,Deficiency_Leaf,Correct,0.289185
datasets/test/Fungal_Leaf_Spot/Fungal_Leaf_Spot00464.jpg,Fungal_Leaf_Spot,Healthy_Leaf,Incorrect,0.504138
datasets/train/Fungal_Leaf_Spot/Fungal_Leaf_Spot00454.jpg,Fungal_Leaf_Spot,Fungal_Leaf_Spot,Correct,0.829193
datasets/test/Leaf_Gall/Leaf_Gall00455.jpg,Leaf_Gall,Dry_Leaf,Incorrect,0.305031
datasets/test/Leaf_Blight/Leaf_Blight00269.jpg,Leaf_Blight,Leaf_Blight,Correct,0.675253
datasets/test/Fungal_Leaf_Spot/Fungal_Leaf_Spot00091.jpg,Fungal_Leaf_Spot,Felt_Leaf,Incorrect,0.554365
datasets/test/Anthrax_Leaf/Anthrax_Leaf00147.jpg,Anthrax_Leaf,Dry_Leaf,Incorrect,0.743228
datasets/train/Leaf_Blight/Leaf_Blight00089.jpg,Leaf_Blight,Healthy_Leaf,Incorrect,0.320742
datasets/test/Leaf_Gall/Leaf_Gall00551.jpg,Leaf_Gall,Leaf_Gall,Correct,0.324850
datasets/test/Leaf_Gall/Leaf_Gall00056.jpg,Leaf_Gall,Dry_Leaf,Incorrect,0.442579
datasets/train/Leaf_Blight/Leaf_Blight00527.jpg,Leaf_Blight,Leaf_Blight,Correct,0.981776
datasets/test/Dry_Leaf/Dry_Leaf00107.jpg,Dry_Leaf,Dry_Leaf,Correct,0.769065
datasets/test/Anthrax_Leaf/Anthrax_Leaf00003.jpg,Anthrax_Leaf,Dry_Leaf,Incorrect,0.251587
datasets/test/Healthy_Leaf/Healthy_Leaf00088.jpg,Healthy_Leaf,Healthy_Leaf,Correct,0.935362
datasets/test/Fungal_Leaf_Spot/Fungal_Leaf_Spot00152.jpg,Fungal_Leaf_Spot,Fungal_Leaf_Spot,Correct,0.853179
datasets/train/Curl_Leaf/Curl_Leaf00085.jpg,Curl_Leaf,Healthy_Leaf,Incorrect,0.310256
datasets/test/Leaf_Gall/Leaf_Gall00611.jpg,Leaf_Gall,Leaf_Blight,Incorrect,0.442492
datasets/train/Fungal_Leaf_Spot/Fungal_Leaf_Spot00133.jpg,Fungal_Leaf_Spot,Fungal_Leaf_Spot,Correct,0.687273
datasets/test/Felt_Leaf/Felt_Leaf00107.jpg,Felt_Leaf,Felt_Leaf,Correct,0.556466
datasets/train/Leaf_Gall/Leaf_Gall00587.jpg,Leaf_Gall,Leaf_Gall,Correct,0.709534
datasets/test/Leaf_Blight/Leaf_Blight00398.jpg,Leaf_Blight,Leaf_Blight,Correct,0.964009
datasets/test/Fungal_Leaf_Spot/Fungal_Leaf_Spot00269.jpg,Fungal_Leaf_Spot,Fungal_Leaf_Spot,Correct,0.553144
datasets/test/Dry_Leaf/Dry_Leaf00257.jpg,Dry_Leaf,Dry_Leaf,Correct,0.982292
datasets/train/Felt_Leaf/Felt_Leaf00121.jpg,Felt_Leaf,Felt_Leaf,Correct,0.342419
datasets/train/Dry_Leaf/Dry_Leaf00186.jpg,Dry_Leaf,Dry_Leaf,Correct,0.912166
datasets/test/Healthy_Leaf/Healthy_Leaf00338.jpg,Healthy_Leaf,Healthy_Leaf,Correct,0.870928
datasets/train/Fungal_Leaf_Spot/Fungal_Leaf_Spot00392.jpg,Fungal_Leaf_Spot,Fungal_Leaf_Spot,Correct,0.977987
datasets/train/Felt_Leaf/Felt_Leaf00324.jpg,Felt_Leaf,Felt_Leaf,Correct,0.327072
datasets/test/Curl_Leaf/Curl_Leaf00110.jpg,Curl_Leaf,Healthy_Leaf,Incorrect,0.590564
datasets/test/Dry_Leaf/Dry_Leaf00333.jpg,Dry_Leaf,Dry_Leaf,Correct,0.932234
datasets/test/Felt_Leaf/Felt_Leaf00043.jpg,Felt_Leaf,Fungal_Leaf_Spot,Incorrect,0.401617
datasets/test/Anthrax_Leaf/Anthrax_Leaf00089.jpg,Anthrax_Leaf,Anthrax_Leaf,Correct,0.281982
datasets/train/Leaf_Gall/Leaf_Gall00157.jpg,Leaf_Gall,Leaf_Blight,Incorrect,0.416869
datasets/test/Leaf_Gall/Leaf_Gall00413.jpg,Leaf_Gall,Leaf_Blight,Incorrect,0.343279
datasets/test/Anthrax_Leaf/Anthrax_Leaf00095.jpg,Anthrax_Leaf,Leaf_Gall,Incorrect,0.402499
datasets/test/Leaf_Gall/Leaf_Gall00261.jpg,Leaf_Gall,Leaf_Gall,Correct,0.555739
datasets/test/Leaf_Blight/Leaf_Blight00369.jpg,Leaf_Blight,Leaf_Blight,Correct,0.612341
datasets/train/Fungal_Leaf_Spot/Fungal_Leaf_Spot00529.jpg,Fungal_Leaf_Spot,Fungal_Leaf_Spot,Correct,0.577525
datasets/train/Leaf_Blight/Leaf_Blight00025.jpg,Leaf_Blight,Healthy_Leaf,Incorrect,0.382943
datasets/train/Leaf_Gall/Leaf_Gall00287.jpg,Leaf_Gall,Leaf_Gall,Correct,0.487021
datasets/test/Anthrax_Leaf/Anthrax_Leaf00144.jpg,Anthrax_Leaf,Anthrax_Leaf,Correct,0.955389
datasets/train/Leaf_Blight/Leaf_Blight00439.jpg,Leaf_Blight,Leaf_Blight,Correct,0.981391
datasets/test/Leaf_Blight/Leaf_Blight00573.jpg,Leaf_Blight,Dry_Leaf,Incorrect,0.219615
datasets/test/Leaf_Gall/Leaf_Gall00333.jpg,Leaf_Gall,Leaf_Gall,Correct,0.546150
datasets/test/Leaf_Blight/Leaf_Blight00387.jpg,Leaf_Blight,Leaf_Blight,Correct,0.868113
datasets/train/Leaf_Gall/Leaf_Gall00257.jpg,Leaf_Gall,Leaf_Blight,Incorrect,0.441518
datasets/test/Curl_Leaf/Curl_Leaf00133.jpg,Curl_Leaf,Felt_Leaf,Incorrect,0.418155
datasets/test/Deficiency_Leaf/Deficiency_Leaf00036.jpg,Deficiency_Leaf,Healthy_Leaf,Incorrect,0.487177
datasets/test/Leaf_Blight/Leaf_Blight00218.jpg,Leaf_Blight,Leaf_Blight,Correct,0.798492
datasets/test/Leaf_Blight/Leaf_Blight00321.jpg,Leaf_Blight,Leaf_Blight,Correct,0.659966
datasets/train/Dry_Leaf/Dry_Leaf00089.jpg,Dry_Leaf,Dry_Leaf,Correct,0.487969
datasets/test/Fungal_Leaf_Spot/Fungal_Leaf_Spot00083.jpg,Fungal_Leaf_Spot,Fungal_Leaf_Spot,Correct,0.853367
datasets/test/Leaf_Blight/Leaf_Blight00334.jpg,Leaf_Blight,Leaf_Blight,Correct,0.886472
datasets/train/Fungal_Leaf_Spot/Fungal_Leaf_Spot00460.jpg,Fungal_Leaf_Spot,Fungal_Leaf_Spot,Correct,0.707068
datasets/train/Fungal_Leaf_Spot/Fungal_Leaf_Spot00534.jpg,Fungal_Leaf_Spot,Fungal_Leaf_Spot,Correct,0.317478
datasets/test/Leaf_Blight/Leaf_Blight00126.jpg,Leaf_Blight,Leaf_Blight,Correct,0.623737
datasets/train/Leaf_Gall/Leaf_Gall00024.jpg,Leaf_Gall,Felt_Leaf,Incorrect,0.684953
datasets/test/Dry_Leaf/Dry_Leaf00095.jpg,Dry_Leaf,Dry_Leaf,Correct,0.404418
datasets/test/Dry_Leaf/Dry_Leaf00213.jpg,Dry_Leaf,Dry_Leaf,Correct,0.989127
datasets/train/Leaf_Blight/Leaf_Blight00378.jpg,Leaf_Blight,Leaf_Blight,Correct,0.772828
datasets/train/Dry_Leaf/Dry_Leaf00178.jpg,Dry_Leaf,Dry_Leaf,Correct,0.933089
datasets/test/Leaf_Gall/Leaf_Gall00435.jpg,Leaf_Gall,Fungal_Leaf_Spot,Incorrect,0.414791
datasets/test/Dry_Leaf/Dry_Leaf00067.jpg,Dry_Leaf,Dry_Leaf,Correct,0.938859
datasets/test/Bituminous_Leaf/Bituminous_Leaf00109.jpg,Bituminous_Leaf,Bituminous_Leaf,Correct,0.408922
datasets/test/Curl_Leaf/Curl_Leaf00155.jpg,Curl_Leaf,Curl_Leaf,Correct,0.352512
datasets/test/Healthy_Leaf/Healthy_Leaf00616.jpg,Healthy_Leaf,Healthy_Leaf,Correct,0.979686
datasets/train/Felt_Leaf/Felt_Leaf00184.jpg,Felt_Leaf,Leaf_Blight,Incorrect,0.282323
datasets/train/Fungal_Leaf_Spot/Fungal_Leaf_Spot00313.jpg,Fungal_Leaf_Spot,Fungal_Leaf_Spot,Correct,0.935667
datasets/train/Leaf_Blight/Leaf_Blight00072.jpg,Leaf_Blight,Dry_Leaf,Incorrect,0.304885
datasets/test/Dry_Leaf/Dry_Leaf00147.jpg,Dry_Leaf,Dry_Leaf,Correct,0.804119
datasets/test/Felt_Leaf/Felt_Leaf00372.jpg,Felt_Leaf,Felt_Leaf,Correct,0.598454
datasets/test/Leaf_Gall/Leaf_Gall00313.jpg,Leaf_Gall,Leaf_Gall,Correct,0.982680
datasets/test/Leaf_Gall/Leaf_Gall00444.jpg,Leaf_Gall,Felt_Leaf,Incorrect,0.315303
datasets/test/Leaf_Gall/Leaf_Gall00205.jpg,Leaf_Gall,Leaf_Gall,Correct,0.617932
datasets/train/Healthy_Leaf/Healthy_Leaf00557.jpg,Healthy_Leaf,Healthy_Leaf,Correct,0.505249
datasets/train/Leaf_Gall/Leaf_Gall00064.jpg,Leaf_Gall,Leaf_Blight,Incorrect,0.486738
datasets/train/Leaf_Blight/Leaf_Blight00256.jpg,Leaf_Blight,Leaf_Blight,Correct,0.291739
datasets/test/Leaf_Gall/Leaf_Gall00582.jpg,Leaf_Gall,Leaf_Blight,Incorrect,0.820747
datasets/train/Fungal_Leaf_Spot/Fungal_Leaf_Spot00522.jpg,Fungal_Leaf_Spot,Fungal_Leaf_Spot,Correct,0.473415
datasets/train/Leaf_Gall/Leaf_Gall00058.jpg,Leaf_Gall,Fungal_Leaf_Spot,Incorrect,0.500504
datasets/train/Leaf_Gall/Leaf_Gall00013.jpg,Leaf_Gall,Leaf_Blight,Incorrect,0.605610
datasets/test/Dry_Leaf/Dry_Leaf00019.jpg,Dry_Leaf,Dry_Leaf,Correct,0.998944
datasets/test/Leaf_Blight/Leaf_Blight00142.jpg,Leaf_Blight,Leaf_Blight,Correct,0.838587
datasets/train/Fungal_Leaf_Spot/Fungal_Leaf_Spot00143.jpg,Fungal_Leaf_Spot,Fungal_Leaf_Spot,Correct,0.956636
datasets/train/Bituminous_Leaf/Bituminous_Leaf00058.jpg,Bituminous_Leaf,Bituminous_Leaf,Correct,0.447697
datasets/test/Anthrax_Leaf/Anthrax_Leaf00148.jpg,Anthrax_Leaf,Anthrax_Leaf,Correct,0.759943
datasets/test/Felt_Leaf/Felt_Leaf00348.jpg,Felt_Leaf,Felt_Leaf,Correct,0.755784
datasets/train/Deficiency_Leaf/Deficiency_Leaf00118.jpg,Deficiency_Leaf,Healthy_Leaf,Incorrect,0.481666
datasets/test/Dry_Leaf/Dry_Leaf00368.jpg,Dry_Leaf,Dry_Leaf,Correct,0.325876
datasets/train/Dry_Leaf/Dry_Leaf00367.jpg,Dry_Leaf,Dry_Leaf,Correct,0.436161
datasets/test/Healthy_Leaf/Healthy_Leaf00151.jpg,Healthy_Leaf,Healthy_Leaf,Correct,0.846442
datasets/test/Bituminous_Leaf/Bituminous_Leaf00101.jpg,Bituminous_Leaf,Bituminous_Leaf,Correct,0.893165
datasets/test/Healthy_Leaf/Healthy_Leaf00320.jpg,Healthy_Leaf,Healthy_Leaf,Correct,0.945476
datasets/test/Leaf_Gall/Leaf_Gall00552.jpg,Leaf_Gall,Leaf_Gall,Correct,0.804424
datasets/test/Curl_Leaf/Curl_Leaf00013.jpg,Curl_Leaf,Healthy_Leaf,Incorrect,0.220580
datasets/test/Anthrax_Leaf/Anthrax_Leaf00040.jpg,Anthrax_Leaf,Anthrax_Leaf,Correct,0.858403
datasets/train/Bituminous_Leaf/Bituminous_Leaf00065.jpg,Bituminous_Leaf,Fungal_Leaf_Spot,Incorrect,0.241449
datasets/test/Dry_Leaf/Dry_Leaf00117.jpg,Dry_Leaf,Dry_Leaf,Correct,0.932079
datasets/test/Fungal_Leaf_Spot/Fungal_Leaf_Spot00199.jpg,Fungal_Leaf_Spot,Felt_Leaf,Incorrect,0.415042
datasets/train/Fungal_Leaf_Spot/Fungal_Leaf_Spot00036.jpg,Fungal_Leaf_Spot,Fungal_Leaf_Spot,Correct,0.389159
datasets/train/Curl_Leaf/Curl_Leaf00061.jpg,Curl_Leaf,Leaf_Gall,Incorrect,0.160044
datasets/test/Leaf_Blight/Leaf_Blight00076.jpg,Leaf_Blight,Leaf_Blight,Correct,0.439611
datasets/train/Fungal_Leaf_Spot/Fungal_Leaf_Spot00349.jpg,Fungal_Leaf_Spot,Felt_Leaf,Incorrect,0.365833
datasets/train/Felt_Leaf/Felt_Leaf00035.jpg,Felt_Leaf,Fungal_Leaf_Spot,Incorrect,0.344897
datasets/test/Leaf_Blight/Leaf_Blight00174.jpg,Leaf_Blight,Fungal_Leaf_Spot,Incorrect,0.320762
datasets/train/Dry_Leaf/Dry_Leaf00220.jpg,Dry_Leaf,Dry_Leaf,Correct,0.876486
datasets/train/Dry_Leaf/Dry_Leaf00008.jpg,Dry_Leaf,Fungal_Leaf_Spot,Incorrect,0.296309
datasets/test/Fungal_Leaf_Spot/Fungal_Leaf_Spot00292.jpg,Fungal_Leaf_Spot,Fungal_Leaf_Spot,Correct,0.963910
datasets/train/Healthy_Leaf/Healthy_Leaf00552.jpg,Healthy_Leaf,Leaf_Gall,Incorrect,0.481383
datasets/test/Leaf_Gall/Leaf_Gall00042.jpg,Leaf_Gall,Leaf_Gall,Correct,0.453145
datasets/test/Curl_Leaf/Curl_Leaf00158.jpg,Curl_Leaf,Curl_Leaf,Correct,0.832626
datasets/train/Curl_Leaf/Curl_Leaf00093.jpg,Curl_Leaf,Curl_Leaf,Correct,0.590260
datasets/train/Leaf_Gall/Leaf_Gall00396.jpg,Leaf_Gall,Leaf_Gall,Correct,0.676014
datasets/test/Fungal_Leaf_Spot/Fungal_Leaf_Spot00537.jpg,Fungal_Leaf_Spot,Fungal_Leaf_Spot,Correct,0.935803
datasets/train/Healthy_Leaf/Healthy_Leaf00363.jpg,Healthy_Leaf,Fungal_Leaf_Spot,Incorrect,0.307745
datasets/test/Felt_Leaf/Felt_Leaf00028.jpg,Felt_Leaf,Fungal_Leaf_Spot,Incorrect,0.244319
datasets/test/Leaf_Gall/Leaf_Gall00135.jpg,Leaf_Gall,Leaf_Gall,Correct,0.729563
datasets/train/Leaf_Blight/Leaf_Blight00219.jpg,Leaf_Blight,Leaf_Blight,Correct,0.964062
datasets/test/Healthy_Leaf/Healthy_Leaf00059.jpg,Healthy_Leaf,Healthy_Leaf,Correct,0.998363
datasets/train/Curl_Leaf/Curl_Leaf00031.jpg,Curl_Leaf,Curl_Leaf,Correct,0.572231
datasets/train/Healthy_Leaf/Healthy_Leaf00104.jpg,Healthy_Leaf,Healthy_Leaf,Correct,0.982514
datasets/test/Leaf_Blight/Leaf_Blight00103.jpg,Leaf_Blight,Leaf_Blight,Correct,0.651054
datasets/train/Leaf_Gall/Leaf_Gall00241.jpg,Leaf_Gall,Leaf_Gall,Correct,0.958594
datasets/test/Fungal_Leaf_Spot/Fungal_Leaf_Spot00130.jpg,Fungal_Leaf_Spot,Felt_Leaf,Incorrect,0.598370
datasets/test/Leaf_Gall/Leaf_Gall00494.jpg,Leaf_Gall,Leaf_Blight,Incorrect,0.290340
datasets/test/Curl_Leaf/Curl_Leaf00117.jpg,Curl_Leaf,Anthrax_Leaf,Incorrect,0.328521
datasets/test/Healthy_Leaf/Healthy_Leaf00343.jpg,Healthy_Leaf,Healthy_Leaf,Correct,0.979207
datasets/train/Leaf_Gall/Leaf_Gall00035.jpg,Leaf_Gall,Leaf_Gall,Correct,0.504043
datasets/test/Felt_Leaf/Felt_Leaf00197.jpg,Felt_Leaf,Felt_Leaf,Correct,0.424219
datasets/test/Leaf_Blight/Leaf_Blight00166.jpg,Leaf_Blight,Leaf_Blight,Correct,0.731514
datasets/test/Leaf_Blight/Leaf_Blight00499.jpg,Leaf_Blight,Leaf_Blight,Correct,0.844786
datasets/test/Healthy_Leaf/Healthy_Leaf00474.jpg,Healthy_Leaf,Healthy_Leaf,Correct,0.981173
datasets/test/Healthy_Leaf/Healthy_Leaf00268.jpg,Healthy_Leaf,Healthy_Leaf,Correct,0.859329
datasets/train/Fungal_Leaf_Spot/Fungal_Leaf_Spot00488.jpg,Fungal_Leaf_Spot,Fungal_Leaf_Spot,Correct,0.394821
datasets/train/Leaf_Blight/Leaf_Blight00196.jpg,Leaf_Blight,Leaf_Blight,Correct,0.361317
datasets/test/Healthy_Leaf/Healthy_Leaf00383.jpg,Healthy_Leaf,Healthy_Leaf,Correct,0.565808
datasets/test/Healthy_Leaf/Healthy_Leaf00289.jpg,Healthy_Leaf,Fungal_Leaf_Spot,Incorrect,0.254938
datasets/test/Healthy_Leaf/Healthy_Leaf00388.jpg,Healthy_Leaf,Healthy_Leaf,Correct,0.995381
datasets/test/Felt_Leaf/Felt_Leaf00155.jpg,Felt_Leaf,Leaf_Blight,Incorrect,0.359397
datasets/test/Fungal_Leaf_Spot/Fungal_Leaf_Spot00374.jpg,Fungal_Leaf_Spot,Felt_Leaf,Incorrect,0.296720
datasets/test/Healthy_Leaf/Healthy_Leaf00498.jpg,Healthy_Leaf,Healthy_Leaf,Correct,0.506049
datasets/train/Leaf_Blight/Leaf_Blight00335.jpg,Leaf_Blight,Leaf_Gall,Incorrect,0.824891
datasets/test/Dry_Leaf/Dry_Leaf00252.jpg,Dry_Leaf,Dry_Leaf,Correct,0.676486
datasets/test/Leaf_Blight/Leaf_Blight00263.jpg,Leaf_Blight,Leaf_Blight,Correct,0.520746
datasets/train/Leaf_Blight/Leaf_Blight00141.jpg,Leaf_Blight,Leaf_Blight,Correct,0.800765
datasets/test/Healthy_Leaf/Healthy_Leaf00451.jpg,Healthy_Leaf,Fungal_Leaf_Spot,Incorrect,0.310905
datasets/test/Dry_Leaf/Dry_Leaf00180.jpg,Dry_Leaf,Dry_Leaf,Correct,0.989101
datasets/train/Curl_Leaf/Curl_Leaf00150.jpg,Curl_Leaf,Healthy_Leaf,Incorrect,0.500404
datasets/train/Leaf_Blight/Leaf_Blight00013.jpg,Leaf_Blight,Leaf_Blight,Correct,0.358982
datasets/test/Healthy_Leaf/Healthy_Leaf00411.jpg,Healthy_Leaf,Fungal_Leaf_Spot,Incorrect,0.449090
datasets/train/Felt_Leaf/Felt_Leaf00009.jpg,Felt_Leaf,Leaf_Gall,Incorrect,0.747743
datasets/test/Healthy_Leaf/Healthy_Leaf00463.jpg,Healthy_Leaf,Dry_Leaf,Incorrect,0.271113
datasets/test/Healthy_Leaf/Healthy_Leaf00376.jpg,Healthy_Leaf,Dry_Leaf,Incorrect,0.809285
datasets/test/Deficiency_Leaf/Deficiency_Leaf00104.jpg,Deficiency_Leaf,Bituminous_Leaf,Incorrect,0.252748
datasets/train/Fungal_Leaf_Spot/Fungal_Leaf_Spot00302.jpg,Fungal_Leaf_Spot,Felt_Leaf,Incorrect,0.490372
datasets/train/Felt_Leaf/Felt_Leaf00157.jpg,Felt_Leaf,Felt_Leaf,Correct,0.492185
datasets/test/Anthrax_Leaf/Anthrax_Leaf00128.jpg,Anthrax_Leaf,Anthrax_Leaf,Correct,0.616981
datasets/test/Fungal_Leaf_Spot/Fungal_Leaf_Spot00362.jpg,Fungal_Leaf_Spot,Fungal_Leaf_Spot,Correct,0.626855
datasets/test/Leaf_Gall/Leaf_Gall00171.jpg,Leaf_Gall,Leaf_Gall,Correct,0.441022
datasets/test/Fungal_Leaf_Spot/Fungal_Leaf_Spot00076.jpg,Fungal_Leaf_Spot,Fungal_Leaf_Spot,Correct,0.955692
datasets/test/Healthy_Leaf/Healthy_Leaf00120.jpg,Healthy_Leaf,Healthy_Leaf,Correct,0.987459
datasets/test/Felt_Leaf/Felt_Leaf00368.jpg,Felt_Leaf,Felt_Leaf,Correct,0.937721
datasets/train/Healthy_Leaf/Healthy_Leaf00278.jpg,Healthy_Leaf,Healthy_Leaf,Correct,0.806946
datasets/train/Leaf_Blight/Leaf_Blight00447.jpg,Leaf_Blight,Leaf_Blight,Correct,0.851088
datasets/test/Leaf_Gall/Leaf_Gall00283.jpg,Leaf_Gall,Leaf_Gall,Correct,0.312324
datasets/test/Leaf_Blight/Leaf_Blight00351.jpg,Leaf_Blight,Fungal_Leaf_Spot,Incorrect,0.409287
datasets/test/Healthy_Leaf/Healthy_Leaf00400.jpg,Healthy_Leaf,Healthy_Leaf,Correct,0.662400
datasets/test/Leaf_Blight/Leaf_Blight00014.jpg,Leaf_Blight,Leaf_Blight,Correct,0.364524
datasets/train/Leaf_Blight/Leaf_Blight00041.jpg,Leaf_Blight,Leaf_Blight,Correct,0.946429
datasets/test/Fungal_Leaf_Spot/Fungal_Leaf_Spot00278.jpg,Fungal_Leaf_Spot,Fungal_Leaf_Spot,Correct,0.595329
datasets/test/Leaf_Blight/Leaf_Blight00276.jpg,Leaf_Blight,Leaf_Blight,Correct,0.764139
datasets/test/Dry_Leaf/Dry_Leaf00347.jpg,Dry_Leaf,Leaf_Blight,Incorrect,0.387275
datasets/test/Curl_Leaf/Curl_Leaf00098.jpg,Curl_Leaf,Leaf_Gall,Incorrect,0.569412
datasets/test/Dry_Leaf/Dry_Leaf00212.jpg,Dry_Leaf,Dry_Leaf,Correct,0.867274
datasets/train/Dry_Leaf/Dry_Leaf00294.jpg,Dry_Leaf,Dry_Leaf,Correct,0.649833
datasets/test/Leaf_Blight/Leaf_Blight00562.jpg,Leaf_Blight,Leaf_Blight,Correct,0.597969
datasets/train/Leaf_Blight/Leaf_Blight00436.jpg,Leaf_Blight,Leaf_Blight,Correct,0.718626
datasets/test/Leaf_Gall/Leaf_Gall00569.jpg,Leaf_Gall,Leaf_Gall,Correct,0.313147
datasets/train/Fungal_Leaf_Spot/Fungal_Leaf_Spot00256.jpg,Fungal_Leaf_Spot,Fungal_Leaf_Spot,Correct,0.482927
datasets/test/Dry_Leaf/Dry_Leaf00098.jpg,Dry_Leaf,Anthrax_Leaf,Incorrect,0.362298
datasets/train/Healthy_Leaf/Healthy_Leaf00033.jpg,Healthy_Leaf,Healthy_Leaf,Correct,0.968970
datasets/test/Felt_Leaf/Felt_Leaf00239.jpg,Felt_Leaf,Fungal_Leaf_Spot,Incorrect,0.442324
datasets/train/Bituminous_Leaf/Bituminous_Leaf00134.jpg,Bituminous_Leaf,Bituminous_Leaf,Correct,0.294533
datasets/train/Healthy_Leaf/Healthy_Leaf00327.jpg,Healthy_Leaf,Healthy_Leaf,Correct,0.990039
datasets/train/Leaf_Gall/Leaf_Gall00340.jpg,Leaf_Gall,Felt_Leaf,Incorrect,0.508561
datasets/test/Leaf_Blight/Leaf_Blight00495.jpg,Leaf_Blight,Leaf_Blight,Correct,0.995554
datasets/train/Felt_Leaf/Felt_Leaf00283.jpg,Felt_Leaf,Leaf_Gall,Incorrect,0.374510
datasets/test/Healthy_Leaf/Healthy_Leaf00176.jpg,Healthy_Leaf,Healthy_Leaf,Correct,0.780130
datasets/train/Fungal_Leaf_Spot/Fungal_Leaf_Spot00543.jpg,Fungal_Leaf_Spot,Fungal_Leaf_Spot,Correct,0.684572
datasets/train/Leaf_Gall/Leaf_Gall00381.jpg,Leaf_Gall,Leaf_Blight,Incorrect,0.439743
datasets/train/Healthy_Leaf/Healthy_Leaf00015.jpg,Healthy_Leaf,Healthy_Leaf,Correct,0.672719
datasets/test/Leaf_Blight/Leaf_Blight00100.jpg,Leaf_Blight,Leaf_Blight,Correct,0.930130
datasets/train/Leaf_Gall/Leaf_Gall00151.jpg,Leaf_Gall,Leaf_Gall,Correct,0.833708
datasets/test/Healthy_Leaf/Healthy_Leaf00012.jpg,Healthy_Leaf,Leaf_Blight,Incorrect,0.369167
datasets/train/Leaf_Blight/Leaf_Blight00507.jpg,Leaf_Blight,Leaf_Blight,Correct,0.935146
datasets/test/Felt_Leaf/Felt_Leaf00333.jpg,Felt_Leaf,Felt_Leaf,Correct,0.739834
datasets/train/Dry_Leaf/Dry_Leaf00003.jpg,Dry_Leaf,Healthy_Leaf,Incorrect,0.757532
datasets/test/Leaf_Gall/Leaf_Gall00509.jpg,Leaf_Gall,Leaf_Blight,Incorrect,0.361833
datasets/train/Leaf_Blight/Leaf_Blight00165.jpg,Leaf_Blight,Leaf_Blight,Correct,0.598620
datasets/train/Healthy_Leaf/Healthy_Leaf00250.jpg,Healthy_Leaf,Healthy_Leaf,Correct,0.894293
datasets/test/Leaf_Blight/Leaf_Blight00176.jpg,Leaf_Blight,Leaf_Blight,Correct,0.748750
datasets/train/Dry_Leaf/Dry_Leaf00087.jpg,Dry_Leaf,Fungal_Leaf_Spot,Incorrect,0.517136
datasets/train/Fungal_Leaf_Spot/Fungal_Leaf_Spot00462.jpg,Fungal_Leaf_Spot,Fungal_Leaf_Spot,Correct,0.487973
datasets/test/Dry_Leaf/Dry_Leaf00122.jpg,Dry_Leaf,Dry_Leaf,Correct,0.951392
datasets/train/Fungal_Leaf_Spot/Fungal_Leaf_Spot00415.jpg,Fungal_Leaf_Spot,Fungal_Leaf_Spot,Correct,0.736006
datasets/train/Leaf_Blight/Leaf_Blight00359.jpg,Leaf_Blight,Leaf_Blight,Correct,0.802470
datasets/test/Leaf_Blight/Leaf_Blight00187.jpg,Leaf_Blight,Leaf_Gall,Incorrect,0.292771
datasets/test/Dry_Leaf/Dry_Leaf00023.jpg,Dry_Leaf,Dry_Leaf,Correct,0.905510
datasets/test/Healthy_Leaf/Healthy_Leaf00509.jpg,Healthy_Leaf,Healthy_Leaf,Correct,0.717743
datasets/train/Dry_Leaf/Dry_Leaf00035.jpg,Dry_Leaf,Dry_Leaf,Correct,0.661845
datasets/train/Leaf_Blight/Leaf_Blight00478.jpg,Leaf_Blight,Leaf_Blight,Correct,0.873297
datasets/train/Fungal_Leaf_Spot/Fungal_Leaf_Spot00568.jpg,Fungal_Leaf_Spot,Healthy_Leaf,Incorrect,0.548704
datasets/train/Felt_Leaf/Felt_Leaf00075.jpg,Felt_Leaf,Fungal_Leaf_Spot,Incorrect,0.302785
datasets/test/Fungal_Leaf_Spot/Fungal_Leaf_Spot00095.jpg,Fungal_Leaf_Spot,Leaf_Blight,Incorrect,0.495484
datasets/test/Dry_Leaf/Dry_Leaf00255.jpg,Dry_Leaf,Dry_Leaf,Correct,0.759449
datasets/train/Healthy_Leaf/Healthy_Leaf00550.jpg,Healthy_Leaf,Fungal_Leaf_Spot,Incorrect,0.284734
datasets/test/Leaf_Blight/Leaf_Blight00266.jpg,Leaf_Blight,Leaf_Blight,Correct,0.639782
datasets/test/Leaf_Gall/Leaf_Gall00112.jpg,Leaf_Gall,Leaf_Gall,Correct,0.853240
datasets/train/Healthy_Leaf/Healthy_Leaf00462.jpg,Healthy_Leaf,Dry_Leaf,Incorrect,0.192982
datasets/train/Leaf_Gall/Leaf_Gall00319.jpg,Leaf_Gall,Leaf_Gall,Correct,0.580634
datasets/test/Healthy_Leaf/Healthy_Leaf00544.jpg,Healthy_Leaf,Healthy_Leaf,Correct,0.742941
datasets/train/Curl_Leaf/Curl_Leaf00102.jpg,Curl_Leaf,Anthrax_Leaf,Incorrect,0.680457
datasets/test/Anthrax_Leaf/Anthrax_Leaf00069.jpg,Anthrax_Leaf,Anthrax_Leaf,Correct,0.995716
datasets/test/Anthrax_Leaf/Anthrax_Leaf00015.jpg,Anthrax_Leaf,Fungal_Leaf_Spot,Incorrect,0.283821
datasets/train/Anthrax_Leaf/Anthrax_Leaf00072.jpg,Anthrax_Leaf,Anthrax_Leaf,Correct,0.847449
datasets/test/Fungal_Leaf_Spot/Fungal_Leaf_Spot00276.jpg,Fungal_Leaf_Spot,Fungal_Leaf_Spot,Correct,0.654317
datasets/test/Leaf_Blight/Leaf_Blight00530.jpg,Leaf_Blight,Leaf_Blight,Correct,0.317980
datasets/train/Felt_Leaf/Felt_Leaf00039.jpg,Felt_Leaf,Felt_Leaf,Correct,0.304829
datasets/train/Leaf_Gall/Leaf_Gall00312.jpg,Leaf_Gall,Leaf_Gall,Correct,0.991122
datasets/train/Fungal_Leaf_Spot/Fungal_Leaf_Spot00027.jpg,Fungal_Leaf_Spot,Fungal_Leaf_Spot,Correct,0.821718
datasets/test/Deficiency_Leaf/Deficiency_Leaf00027.jpg,Deficiency_Leaf,Dry_Leaf,Incorrect,0.470075
datasets/train/Leaf_Gall/Leaf_Gall00407.jpg,Leaf_Gall,Felt_Leaf,Incorrect,0.463030
datasets/train/Fungal_Leaf_Spot/Fungal_Leaf_Spot00376.jpg,Fungal_Leaf_Spot,Leaf_Blight,Incorrect,0.707161
datasets/test/Bituminous_Leaf/Bituminous_Leaf00076.jpg,Bituminous_Leaf,Bituminous_Leaf,Correct,0.394646
datasets/test/Fungal_Leaf_Spot/Fungal_Leaf_Spot00023.jpg,Fungal_Leaf_Spot,Fungal_Leaf_Spot,Correct,0.392909
datasets/test/Healthy_Leaf/Healthy_Leaf00585.jpg,Healthy_Leaf,Healthy_Leaf,Correct,0.963491
datasets/train/Healthy_Leaf/Healthy_Leaf00265.jpg,Healthy_Leaf,Healthy_Leaf,Correct,0.964082
datasets/train/Felt_Leaf/Felt_Leaf00228.jpg,Felt_Leaf,Felt_Leaf,Correct,0.475175
datasets/train/Leaf_Blight/Leaf_Blight00333.jpg,Leaf_Blight,Leaf_Blight,Correct,0.687037
datasets/test/Dry_Leaf/Dry_Leaf00164.jpg,Dry_Leaf,Dry_Leaf,Correct,0.916842
datasets/test/Healthy_Leaf/Healthy_Leaf00492.jpg,Healthy_Leaf,Leaf_Gall,Incorrect,0.390801
datasets/test/Fungal_Leaf_Spot/Fungal_Leaf_Spot00128.jpg,Fungal_Leaf_Spot,Leaf_Blight,Incorrect,0.609660
datasets/test/Leaf_Gall/Leaf_Gall00250.jpg,Leaf_Gall,Leaf_Gall,Correct,0.326145
datasets/test/Leaf_Blight/Leaf_Blight00192.jpg,Leaf_Blight,Leaf_Gall,Incorrect,0.419814
datasets/test/Felt_Leaf/Felt_Leaf00046.jpg,Felt_Leaf,Felt_Leaf,Correct,0.685069
datasets/train/Dry_Leaf/Dry_Leaf00064.jpg,Dry_Leaf,Dry_Leaf,Correct,0.929653
datasets/train/Fungal_Leaf_Spot/Fungal_Leaf_Spot00382.jpg,Fungal_Leaf_Spot,Fungal_Leaf_Spot,Correct,0.552023
datasets/test/Felt_Leaf/Felt_Leaf00094.jpg,Felt_Leaf,Felt_Leaf,Correct,0.446350
datasets/test/Fungal_Leaf_Spot/Fungal_Leaf_Spot00037.jpg,Fungal_Leaf_Spot,Fungal_Leaf_Spot,Correct,0.960596
datasets/test/Leaf_Blight/Leaf_Blight00557.jpg,Leaf_Blight,Leaf_Blight,Correct,0.531197
datasets/test/Dry_Leaf/Dry_Leaf00243.jpg,Dry_Leaf,Dry_Leaf,Correct,0.637547
datasets/test/Dry_Leaf/Dry_Leaf00193.jpg,Dry_Leaf,Dry_Leaf,Correct,0.981162
datasets/test/Leaf_Gall/Leaf_Gall00146.jpg,Leaf_Gall,Fungal_Leaf_Spot,Incorrect,0.290993
datasets/test/Leaf_Blight/Leaf_Blight00049.jpg,Leaf_Blight,Anthrax_Leaf,Incorrect,0.235095
datasets/train/Fungal_Leaf_Spot/Fungal_Leaf_Spot00299.jpg,Fungal_Leaf_Spot,Fungal_Leaf_Spot,Correct,0.942576
datasets/train/Leaf_Blight/Leaf_Blight00576.jpg,Leaf_Blight,Felt_Leaf,Incorrect,0.349829
datasets/test/Leaf_Gall/Leaf_Gall00459.jpg,Leaf_Gall,Leaf_Gall,Correct,0.396893
datasets/test/Anthrax_Leaf/Anthrax_Leaf00097.jpg,Anthrax_Leaf,Anthrax_Leaf,Correct,0.327168
datasets/test/Curl_Leaf/Curl_Leaf00073.jpg,Curl_Leaf,Leaf_Blight,Incorrect,0.476028
datasets/train/Leaf_Blight/Leaf_Blight00152.jpg,Leaf_Blight,Leaf_Blight,Correct,0.709255
datasets/test/Deficiency_Leaf/Deficiency_Leaf00109.jpg,Deficiency_Leaf,Bituminous_Leaf,Incorrect,0.280450
datasets/test/Healthy_Leaf/Healthy_Leaf00381.jpg,Healthy_Leaf,Healthy_Leaf,Correct,0.918983
datasets/test/Dry_Leaf/Dry_Leaf00043.jpg,Dry_Leaf,Dry_Leaf,Correct,0.991858
datasets/test/Leaf_Blight/Leaf_Blight00371.jpg,Leaf_Blight,Leaf_Blight,Correct,0.901256
datasets/test/Leaf_Gall/Leaf_Gall00331.jpg,Leaf_Gall,Felt_Leaf,Incorrect,0.525039
datasets/test/Leaf_Gall/Leaf_Gall00438.jpg,Leaf_Gall,Fungal_Leaf_Spot,Incorrect,0.525819
datasets/test/Fungal_Leaf_Spot/Fungal_Leaf_Spot00516.jpg,Fungal_Leaf_Spot,Fungal_Leaf_Spot,Correct,0.833214
datasets/test/Fungal_Leaf_Spot/Fungal_Leaf_Spot00325.jpg,Fungal_Leaf_Spot,Leaf_Blight,Incorrect,0.307544
datasets/train/Dry_Leaf/Dry_Leaf00259.jpg,Dry_Leaf,Dry_Leaf,Correct,0.397008
datasets/train/Healthy_Leaf/Healthy_Leaf00541.jpg,Healthy_Leaf,Healthy_Leaf,Correct,0.866929
datasets/test/Felt_Leaf/Felt_Leaf00221.jpg,Felt_Leaf,Felt_Leaf,Correct,0.574767
datasets/test/Healthy_Leaf/Healthy_Leaf00580.jpg,Healthy_Leaf,Leaf_Gall,Incorrect,0.289289
datasets/test/Leaf_Gall/Leaf_Gall00077.jpg,Leaf_Gall,Leaf_Gall,Correct,0.552153
datasets/test/Healthy_Leaf/Healthy_Leaf00370.jpg,Healthy_Leaf,Healthy_Leaf,Correct,0.741768
datasets/train/Fungal_Leaf_Spot/Fungal_Leaf_Spot00334.jpg,Fungal_Leaf_Spot,Fungal_Leaf_Spot,Correct,0.809484
datasets/test/Healthy_Leaf/Healthy_Leaf00622.jpg,Healthy_Leaf,Healthy_Leaf,Correct,0.770147
datasets/test/Curl_Leaf/Curl_Leaf00076.jpg,Curl_Leaf,Leaf_Gall,Incorrect,0.719689
datasets/test/Leaf_Blight/Leaf_Blight00475.jpg,Leaf_Blight,Leaf_Blight,Correct,0.936041
datasets/test/Fungal_Leaf_Spot/Fungal_Leaf_Spot00122.jpg,Fungal_Leaf_Spot,Felt_Leaf,Incorrect,0.720957
datasets/train/Fungal_Leaf_Spot/Fungal_Leaf_Spot00294.jpg,Fungal_Leaf_Spot,Fungal_Leaf_Spot,Correct,0.558870
datasets/train/Leaf_Gall/Leaf_Gall00150.jpg,Leaf_Gall,Leaf_Gall,Correct,0.493647
datasets/train/Leaf_Blight/Leaf_Blight00057.jpg,Leaf_Blight,Fungal_Leaf_Spot,Incorrect,0.459380
datasets/test/Healthy_Leaf/Healthy_Leaf00133.jpg,Healthy_Leaf,Healthy_Leaf,Correct,0.985254
datasets/train/Fungal_Leaf_Spot/Fungal_Leaf_Spot00434.jpg,Fungal_Leaf_Spot,Fungal_Leaf_Spot,Correct,0.643029
datasets/test/Anthrax_Leaf/Anthrax_Leaf00051.jpg,Anthrax_Leaf,Anthrax_Leaf,Correct,0.833545
datasets/train/Leaf_Gall/Leaf_Gall00404.jpg,Leaf_Gall,Leaf_Blight,Incorrect,0.209486
datasets/train/Fungal_Leaf_Spot/Fungal_Leaf_Spot00270.jpg,Fungal_Leaf_Spot,Fungal_Leaf_Spot,Correct,0.939465
datasets/train/Leaf_Blight/Leaf_Blight00233.jpg,Leaf_Blight,Leaf_Blight,Correct,0.373440
datasets/train/Healthy_Leaf/Healthy_Leaf00316.jpg,Healthy_Leaf,Healthy_Leaf,Correct,0.365341
datasets/train/Anthrax_Leaf/Anthrax_Leaf00022.jpg,Anthrax_Leaf,Anthrax_Leaf,Correct,0.283635
datasets/test/Dry_Leaf/Dry_Leaf00047.jpg,Dry_Leaf,Dry_Leaf,Correct,0.988528
datasets/train/Fungal_Leaf_Spot/Fungal_Leaf_Spot00375.jpg,Fungal_Leaf_Spot,Felt_Leaf,Incorrect,0.634827
datasets/train/Fungal_Leaf_Spot/Fungal_Leaf_Spot00031.jpg,Fungal_Leaf_Spot,Fungal_Leaf_Spot,Correct,0.985093
datasets/test/Felt_Leaf/Felt_Leaf00316.jpg,Felt_Leaf,Felt_Leaf,Correct,0.825852
datasets/test/Fungal_Leaf_Spot/Fungal_Leaf_Spot00439.jpg,Fungal_Leaf_Spot,Fungal_Leaf_Spot,Correct,0.895599
datasets/test/Fungal_Leaf_Spot/Fungal_Leaf_Spot00050.jpg,Fungal_Leaf_Spot,Fungal_Leaf_Spot,Correct,0.967284
datasets/test/Felt_Leaf/Felt_Leaf00357.jpg,Felt_Leaf,Felt_Leaf,Correct,0.322668
datasets/train/Fungal_Leaf_Spot/Fungal_Leaf_Spot00413.jpg,Fungal_Leaf_Spot,Fungal_Leaf_Spot,Correct,0.874523
datasets/test/Leaf_Blight/Leaf_Blight00413.jpg,Leaf_Blight,Leaf_Blight,Correct,0.450100
datasets/test/Leaf_Blight/Leaf_Blight00235.jpg,Leaf_Blight,Leaf_Blight,Correct,0.865003
datasets/test/Leaf_Gall/Leaf_Gall00098.jpg,Leaf_Gall,Leaf_Gall,Correct,0.426860
datasets/train/Leaf_Gall/Leaf_Gall00592.jpg,Leaf_Gall,Leaf_Gall,Correct,0.652250
datasets/train/Anthrax_Leaf/Anthrax_Leaf00083.jpg,Anthrax_Leaf,Healthy_Leaf,Incorrect,0.457319
datasets/test/Leaf_Gall/Leaf_Gall00069.jpg,Leaf_Gall,Leaf_Gall,Correct,0.425020
datasets/test/Dry_Leaf/Dry_Leaf00001.jpg,Dry_Leaf,Healthy_Leaf,Incorrect,0.743372
datasets/test/Anthrax_Leaf/Anthrax_Leaf00109.jpg,Anthrax_Leaf,Anthrax_Leaf,Correct,0.887578
datasets/train/Dry_Leaf/Dry_Leaf00118.jpg,Dry_Leaf,Dry_Leaf,Correct,0.992546
datasets/test/Fungal_Leaf_Spot/Fungal_Leaf_Spot00386.jpg,Fungal_Leaf_Spot,Fungal_Leaf_Spot,Correct,0.977004
datasets/train/Deficiency_Leaf/Deficiency_Leaf00110.jpg,Deficiency_Leaf,Fungal_Leaf_Spot,Incorrect,0.319517
datasets/test/Bituminous_Leaf/Bituminous_Leaf00049.jpg,Bituminous_Leaf,Bituminous_Leaf,Correct,0.278970
datasets/test/Curl_Leaf/Curl_Leaf00151.jpg,Curl_Leaf,Curl_Leaf,Correct,0.522143
datasets/test/Dry_Leaf/Dry_Leaf00242.jpg,Dry_Leaf,Anthrax_Leaf,Incorrect,0.430299
datasets/test/Leaf_Blight/Leaf_Blight00500.jpg,Leaf_Blight,Leaf_Blight,Correct,0.737147
datasets/test/Dry_Leaf/Dry_Leaf00287.jpg,Dry_Leaf,Dry_Leaf,Correct,0.997636
datasets/train/Curl_Leaf/Curl_Leaf00107.jpg,Curl_Leaf,Curl_Leaf,Correct,0.477593
datasets/train/Dry_Leaf/Dry_Leaf00153.jpg,Dry_Leaf,Dry_Leaf,Correct,0.974404
datasets/train/Leaf_Blight/Leaf_Blight00407.jpg,Leaf_Blight,Leaf_Blight,Correct,0.639114
datasets/test/Felt_Leaf/Felt_Leaf00375.jpg,Felt_Leaf,Healthy_Leaf,Incorrect,0.519777
datasets/train/Healthy_Leaf/Healthy_Leaf00350.jpg,Healthy_Leaf,Healthy_Leaf,Correct,0.702013
datasets/train/Leaf_Gall/Leaf_Gall00281.jpg,Leaf_Gall,Healthy_Leaf,Incorrect,0.443884
datasets/train/Leaf_Gall/Leaf_Gall00594.jpg,Leaf_Gall,Leaf_Gall,Correct,0.691189
datasets/test/Fungal_Leaf_Spot/Fungal_Leaf_Spot00397.jpg,Fungal_Leaf_Spot,Fungal_Leaf_Spot,Correct,0.705372
datasets/test/Leaf_Blight/Leaf_Blight00209.jpg,Leaf_Blight,Leaf_Gall,Incorrect,0.362566
datasets/train/Curl_Leaf/Curl_Leaf00163.jpg,Curl_Leaf,Curl_Leaf,Correct,0.809755
datasets/train/Leaf_Gall/Leaf_Gall00061.jpg,Leaf_Gall,Leaf_Gall,Correct,0.271415
datasets/test/Leaf_Gall/Leaf_Gall00228.jpg,Leaf_Gall,Leaf_Blight,Incorrect,0.358958
datasets/test/Fungal_Leaf_Spot/Fungal_Leaf_Spot00210.jpg,Fungal_Leaf_Spot,Fungal_Leaf_Spot,Correct,0.600594
datasets/train/Leaf_Blight/Leaf_Blight00114.jpg,Leaf_Blight,Leaf_Blight,Correct,0.978644
datasets/test/Leaf_Gall/Leaf_Gall00065.jpg,Leaf_Gall,Leaf_Gall,Correct,0.617831
datasets/test/Healthy_Leaf/Healthy_Leaf00226.jpg,Healthy_Leaf,Healthy_Leaf,Correct,0.413887
datasets/test/Bituminous_Leaf/Bituminous_Leaf00013.jpg,Bituminous_Leaf,Bituminous_Leaf,Correct,0.537920
datasets/test/Dry_Leaf/Dry_Leaf00161.jpg,Dry_Leaf,Dry_Leaf,Correct,0.965993
datasets/train/Healthy_Leaf/Healthy_Leaf00202.jpg,Healthy_Leaf,Healthy_Leaf,Correct,0.934296
datasets/train/Leaf_Gall/Leaf_Gall00066.jpg,Leaf_Gall,Leaf_Gall,Correct,0.454955
datasets/test/Leaf_Gall/Leaf_Gall00047.jpg,Leaf_Gall,Leaf_Gall,Correct,0.754107
datasets/test/Deficiency_Leaf/Deficiency_Leaf00038.jpg,Deficiency_Leaf,Deficiency_Leaf,Correct,0.301526
datasets/test/Leaf_Gall/Leaf_Gall00502.jpg,Leaf_Gall,Leaf_Gall,Correct,0.382970
datasets/train/Leaf_Blight/Leaf_Blight00581.jpg,Leaf_Blight,Leaf_Blight,Correct,0.254353
datasets/test/Healthy_Leaf/Healthy_Leaf00095.jpg,Healthy_Leaf,Leaf_Blight,Incorrect,0.477044
datasets/test/Leaf_Gall/Leaf_Gall00451.jpg,Leaf_Gall,Leaf_Blight,Incorrect,0.421338
datasets/train/Felt_Leaf/Felt_Leaf00085.jpg,Felt_Leaf,Leaf_Blight,Incorrect,0.444624
datasets/train/Bituminous_Leaf/Bituminous_Leaf00002.jpg,Bituminous_Leaf,Bituminous_Leaf,Correct,0.613027
datasets/test/Felt_Leaf/Felt_Leaf00315.jpg,Felt_Leaf,Felt_Leaf,Correct,0.684558
datasets/train/Fungal_Leaf_Spot/Fungal_Leaf_Spot00524.jpg,Fungal_Leaf_Spot,Fungal_Leaf_Spot,Correct,0.779146
datasets/test/Bituminous_Leaf/Bituminous_Leaf00131.jpg,Bituminous_Leaf,Bituminous_Leaf,Correct,0.689099
datasets/test/Felt_Leaf/Felt_Leaf00294.jpg,Felt_Leaf,Leaf_Blight,Incorrect,0.673941
datasets/train/Leaf_Blight/Leaf_Blight00185.jpg,Leaf_Blight,Fungal_Leaf_Spot,Incorrect,0.334666
datasets/test/Felt_Leaf/Felt_Leaf00010.jpg,Felt_Leaf,Leaf_Gall,Incorrect,0.677669
datasets/test/Leaf_Gall/Leaf_Gall00609.jpg,Leaf_Gall,Leaf_Gall,Correct,0.905461
datasets/test/Leaf_Gall/Leaf_Gall00530.jpg,Leaf_Gall,Leaf_Gall,Correct,0.285347
datasets/test/Fungal_Leaf_Spot/Fungal_Leaf_Spot00369.jpg,Fungal_Leaf_Spot,Leaf_Blight,Incorrect,0.485924
datasets/test/Leaf_Blight/Leaf_Blight00067.jpg,Leaf_Blight,Leaf_Gall,Incorrect,0.276785
datasets/test/Dry_Leaf/Dry_Leaf00167.jpg,Dry_Leaf,Dry_Leaf,Correct,0.985589
datasets/train/Healthy_Leaf/Healthy_Leaf00501.jpg,Healthy_Leaf,Healthy_Leaf,Correct,0.826835
datasets/test/Healthy_Leaf/Healthy_Leaf00545.jpg,Healthy_Leaf,Leaf_Gall,Incorrect,0.390155
datasets/test/Leaf_Blight/Leaf_Blight00532.jpg,Leaf_Blight,Leaf_Blight,Correct,0.469213
datasets/test/Dry_Leaf/Dry_Leaf00354.jpg,Dry_Leaf,Dry_Leaf,Correct,0.792154
datasets/train/Leaf_Blight/Leaf_Blight00474.jpg,Leaf_Blight,Leaf_Blight,Correct,0.750994
datasets/train/Fungal_Leaf_Spot/Fungal_Leaf_Spot00513.jpg,Fungal_Leaf_Spot,Fungal_Leaf_Spot,Correct,0.461517
datasets/test/Healthy_Leaf/Healthy_Leaf00584.jpg,Healthy_Leaf,Healthy_Leaf,Correct,0.384310
datasets/train/Fungal_Leaf_Spot/Fungal_Leaf_Spot00574.jpg,Fungal_Leaf_Spot,Fungal_Leaf_Spot,Correct,0.903873
datasets/train/Leaf_Gall/Leaf_Gall00196.jpg,Leaf_Gall,Leaf_Gall,Correct,0.724172
datasets/test/Healthy_Leaf/Healthy_Leaf00409.jpg,Healthy_Leaf,Healthy_Leaf,Correct,0.883559
datasets/train/Healthy_Leaf/Healthy_Leaf00375.jpg,Healthy_Leaf,Healthy_Leaf,Correct,0.774838
datasets/train/Felt_Leaf/Felt_Leaf00021.jpg,Felt_Leaf,Leaf_Gall,Incorrect,0.305450
datasets/test/Leaf_Gall/Leaf_Gall00379.jpg,Leaf_Gall,Leaf_Gall,Correct,0.570586
datasets/test/Leaf_Gall/Leaf_Gall00202.jpg,Leaf_Gall,Leaf_Gall,Correct,0.825260
datasets/train/Fungal_Leaf_Spot/Fungal_Leaf_Spot00407.jpg,Fungal_Leaf_Spot,Healthy_Leaf,Incorrect,0.452236
datasets/test/Curl_Leaf/Curl_Leaf00138.jpg,Curl_Leaf,Curl_Leaf,Correct,0.497464
datasets/train/Fungal_Leaf_Spot/Fungal_Leaf_Spot00352.jpg,Fungal_Leaf_Spot,Fungal_Leaf_Spot,Correct,0.454040
datasets/train/Bituminous_Leaf/Bituminous_Leaf00104.jpg,Bituminous_Leaf,Dry_Leaf,Incorrect,0.638688
datasets/train/Fungal_Leaf_Spot/Fungal_Leaf_Spot00359.jpg,Fungal_Leaf_Spot,Fungal_Leaf_Spot,Correct,0.284146
datasets/test/Anthrax_Leaf/Anthrax_Leaf00135.jpg,Anthrax_Leaf,Anthrax_Leaf,Correct,0.954516
datasets/test/Healthy_Leaf/Healthy_Leaf00222.jpg,Healthy_Leaf,Healthy_Leaf,Correct,0.724481
datasets/train/Healthy_Leaf/Healthy_Leaf00146.jpg,Healthy_Leaf,Healthy_Leaf,Correct,0.469793
datasets/train/Fungal_Leaf_Spot/Fungal_Leaf_Spot00285.jpg,Fungal_Leaf_Spot,Fungal_Leaf_Spot,Correct,0.584640
datasets/test/Dry_Leaf/Dry_Leaf00236.jpg,Dry_Leaf,Dry_Leaf,Correct,0.691384
datasets/test/Leaf_Blight/Leaf_Blight00449.jpg,Leaf_Blight,Leaf_Blight,Correct,0.662982
datasets/test/Dry_Leaf/Dry_Leaf00079.jpg,Dry_Leaf,Dry_Leaf,Correct,0.656687
datasets/train/Leaf_Gall/Leaf_Gall00162.jpg,Leaf_Gall,Leaf_Gall,Correct,0.885708
datasets/train/Healthy_Leaf/Healthy_Leaf00438.jpg,Healthy_Leaf,Healthy_Leaf,Correct,0.962198
datasets/test/Fungal_Leaf_Spot/Fungal_Leaf_Spot00422.jpg,Fungal_Leaf_Spot,Fungal_Leaf_Spot,Correct,0.928845
datasets/test/Healthy_Leaf/Healthy_Leaf00011.jpg,Healthy_Leaf,Healthy_Leaf,Correct,0.940822
datasets/train/Healthy_Leaf/Healthy_Leaf00139.jpg,Healthy_Leaf,Healthy_Leaf,Correct,0.241583
datasets/test/Bituminous_Leaf/Bituminous_Leaf00047.jpg,Bituminous_Leaf,Bituminous_Leaf,Correct,0.378956
datasets/test/Leaf_Blight/Leaf_Blight00125.jpg,Leaf_Blight,Leaf_Blight,Correct,0.847451
datasets/test/Fungal_Leaf_Spot/Fungal_Leaf_Spot00442.jpg,Fungal_Leaf_Spot,Fungal_Leaf_Spot,Correct,0.592573
datasets/train/Bituminous_Leaf/Bituminous_Leaf00016.jpg,Bituminous_Leaf,Bituminous_Leaf,Correct,0.982678
datasets/test/Felt_Leaf/Felt_Leaf00018.jpg,Felt_Leaf,Fungal_Leaf_Spot,Incorrect,0.354372
datasets/test/Healthy_Leaf/Healthy_Leaf00466.jpg,Healthy_Leaf,Healthy_Leaf,Correct,0.813093
datasets/test/Leaf_Blight/Leaf_Blight00195.jpg,Leaf_Blight,Curl_Leaf,Incorrect,0.540087
datasets/test/Leaf_Blight/Leaf_Blight00322.jpg,Leaf_Blight,Leaf_Blight,Correct,0.995455
datasets/test/Leaf_Gall/Leaf_Gall00235.jpg,Leaf_Gall,Leaf_Gall,Correct,0.800681
datasets/train/Fungal_Leaf_Spot/Fungal_Leaf_Spot00180.jpg,Fungal_Leaf_Spot,Fungal_Leaf_Spot,Correct,0.565709
datasets/train/Leaf_Gall/Leaf_Gall00176.jpg,Leaf_Gall,Fungal_Leaf_Spot,Incorrect,0.537382
datasets/train/Leaf_Gall/Leaf_Gall00397.jpg,Leaf_Gall,Leaf_Gall,Correct,0.564199
datasets/train/Healthy_Leaf/Healthy_Leaf00256.jpg,Healthy_Leaf,Healthy_Leaf,Correct,0.787698
