image_path,true_label,predicted_label,status,confidence
datasets/test/Leaf_Gall/Leaf_Gall00002.jpg,Leaf_Gall,Felt_Leaf,Incorrect,0.998911
datasets/train/Leaf_Blight/Leaf_Blight00121.jpg,Leaf_Blight,Leaf_Blight,Correct,1.000000
datasets/test/Healthy_Leaf/Healthy_Leaf00448.jpg,Healthy_Leaf,Healthy_Leaf,Correct,0.999990
datasets/test/Fungal_Leaf_Spot/Fungal_Leaf_Spot00154.jpg,Fungal_Leaf_Spot,Fungal_Leaf_Spot,Correct,0.999958
datasets/test/Leaf_Gall/Leaf_Gall00351.jpg,Leaf_Gall,Leaf_Gall,Correct,0.970582
datasets/test/Dry_Leaf/Dry_Leaf00056.jpg,Dry_Leaf,Dry_Leaf,Correct,1.000000
datasets/test/Dry_Leaf/Dry_Leaf00344.jpg,Dry_Leaf,Dry_Leaf,Correct,0.982813
datasets/test/Fungal_Leaf_Spot/Fungal_Leaf_Spot00436.jpg,Fungal_Leaf_Spot,Fungal_Leaf_Spot,Correct,1.000000
datasets/test/Leaf_Blight/Leaf_Blight00174.jpg,Leaf_Blight,Leaf_Blight,Correct,0.987519
datasets/train/Dry_Leaf/Dry_Leaf00075.jpg,Dry_Leaf,Dry_Leaf,Correct,1.000000
datasets/test/Leaf_Blight/Leaf_Blight00401.jpg,Leaf_Blight,Leaf_Blight,Correct,0.999208
datasets/test/Leaf_Gall/Leaf_Gall00003.jpg,Leaf_Gall,Felt_Leaf,Incorrect,0.996940
datasets/test/Leaf_Gall/Leaf_Gall00441.jpg,Leaf_Gall,Leaf_Gall,Correct,0.999998
datasets/test/Anthrax_Leaf/Anthrax_Leaf00069.jpg,Anthrax_Leaf,Anthrax_Leaf,Correct,0.999985
datasets/train/Fungal_Leaf_Spot/Fungal_Leaf_Spot00285.jpg,Fungal_Leaf_Spot,Fungal_Leaf_Spot,Correct,0.998901
datasets/train/Deficiency_Leaf/Deficiency_Leaf00107.jpg,Deficiency_Leaf,Deficiency_Leaf,Correct,0.969297
datasets/train/Leaf_Gall/Leaf_Gall00176.jpg,Leaf_Gall,Leaf_Gall,Correct,0.999961
datasets/train/Felt_Leaf/Felt_Leaf00130.jpg,Felt_Leaf,Felt_Leaf,Correct,0.991199
datasets/test/Fungal_Leaf_Spot/Fungal_Leaf_Spot00275.jpg,Fungal_Leaf_Spot,Fungal_Leaf_Spot,Correct,0.977904
datasets/test/Anthrax_Leaf/Anthrax_Leaf00031.jpg,Anthrax_Leaf,Anthrax_Leaf,Correct,1.000000
datasets/train/Felt_Leaf/Felt_Leaf00053.jpg,Felt_Leaf,Felt_Leaf,Correct,0.994311
datasets/train/Leaf_Blight/Leaf_Blight00265.jpg,Leaf_Blight,Leaf_Blight,Correct,0.999969
datasets/train/Leaf_Gall/Leaf_Gall00498.jpg,Leaf_Gall,Leaf_Gall,Correct,0.998038
datasets/test/Leaf_Gall/Leaf_Gall00016.jpg,Leaf_Gall,Leaf_Gall,Correct,0.546698
datasets/test/Leaf_Blight/Leaf_Blight00039.jpg,Leaf_Blight,Leaf_Blight,Correct,0.999985
datasets/test/Leaf_Gall/Leaf_Gall00530.jpg,Leaf_Gall,Leaf_Gall,Correct,1.000000
datasets/train/Leaf_Gall/Leaf_Gall00404.jpg,Leaf_Gall,Leaf_Gall,Correct,0.999926
datasets/train/Leaf_Blight/Leaf_Blight00199.jpg,Leaf_Blight,Leaf_Blight,Correct,0.999986
datasets/train/Fungal_Leaf_Spot/Fungal_Leaf_Spot00398.jpg,Fungal_Leaf_Spot,Fungal_Leaf_Spot,Correct,1.000000
datasets/train/Deficiency_Leaf/Deficiency_Leaf00057.jpg,Deficiency_Leaf,Deficiency_Leaf,Correct,0.948933
datasets/test/Leaf_Gall/Leaf_Gall00455.jpg,Leaf_Gall,Leaf_Gall,Correct,0.999992
datasets/train/Felt_Leaf/Felt_Leaf00208.jpg,Felt_Leaf,Felt_Leaf,Correct,0.873182
datasets/test/Fungal_Leaf_Spot/Fungal_Leaf_Spot00314.jpg,Fungal_Leaf_Spot,Fungal_Leaf_Spot,Correct,0.999977
datasets/train/Curl_Leaf/Curl_Leaf00006.jpg,Curl_Leaf,Curl_Leaf,Correct,1.000000
datasets/test/Leaf_Blight/Leaf_Blight00288.jpg,Leaf_Blight,Leaf_Blight,Correct,1.000000
datasets/test/Anthrax_Leaf/Anthrax_Leaf00001.jpg,Anthrax_Leaf,Anthrax_Leaf,Correct,0.968083
datasets/test/Leaf_Blight/Leaf_Blight00060.jpg,Leaf_Blight,Leaf_Blight,Correct,0.922531
datasets/test/Leaf_Gall/Leaf_Gall00065.jpg,Leaf_Gall,Leaf_Gall,Correct,0.999995
datasets/test/Leaf_Blight/Leaf_Blight00261.jpg,Leaf_Blight,Leaf_Blight,Correct,1.000000
datasets/train/Leaf_Gall/Leaf_Gall00170.jpg,Leaf_Gall,Leaf_Gall,Correct,0.999974
datasets/train/Healthy_Leaf/Healthy_Leaf00036.jpg,Healthy_Leaf,Healthy_Leaf,Correct,0.998059
datasets/train/Leaf_Blight/Leaf_Blight00002.jpg,Leaf_Blight,Leaf_Blight,Correct,0.999994
datasets/train/Leaf_Blight/Leaf_Blight00433.jpg,Leaf_Blight,Leaf_Blight,Correct,0.999280
datasets/train/Healthy_Leaf/Healthy_Leaf00464.jpg,Healthy_Leaf,Healthy_Leaf,Correct,0.997806
datasets/test/Healthy_Leaf/Healthy_Leaf00625.jpg,Healthy_Leaf,Healthy_Leaf,Correct,0.999763
datasets/test/Healthy_Leaf/Healthy_Leaf00584.jpg,Healthy_Leaf,Healthy_Leaf,Correct,0.999996
datasets/test/Leaf_Blight/Leaf_Blight00383.jpg,Leaf_Blight,Leaf_Blight,Correct,0.999252
datasets/train/Leaf_Gall/Leaf_Gall00187.jpg,Leaf_Gall,Leaf_Gall,Correct,1.000000
datasets/test/Felt_Leaf/Felt_Leaf00312.jpg,Felt_Leaf,Felt_Leaf,Correct,0.999866
datasets/train/Anthrax_Leaf/Anthrax_Leaf00035.jpg,Anthrax_Leaf,Anthrax_Leaf,Correct,0.999158
datasets/test/Fungal_Leaf_Spot/Fungal_Leaf_Spot00438.jpg,Fungal_Leaf_Spot,Fungal_Leaf_Spot,Correct,0.999210
datasets/train/Healthy_Leaf/Healthy_Leaf00269.jpg,Healthy_Leaf,Healthy_Leaf,Correct,0.999987
datasets/train/Curl_Leaf/Curl_Leaf00126.jpg,Curl_Leaf,Curl_Leaf,Correct,1.000000
datasets/train/Fungal_Leaf_Spot/Fungal_Leaf_Spot00457.jpg,Fungal_Leaf_Spot,Fungal_Leaf_Spot,Correct,0.998484
datasets/train/Fungal_Leaf_Spot/Fungal_Leaf_Spot00100.jpg,Fungal_Leaf_Spot,Fungal_Leaf_Spot,Correct,0.999998
datasets/test/Dry_Leaf/Dry_Leaf00250.jpg,Dry_Leaf,Dry_Leaf,Correct,1.000000
datasets/test/Leaf_Gall/Leaf_Gall00542.jpg,Leaf_Gall,Leaf_Gall,Correct,1.000000
datasets/test/Fungal_Leaf_Spot/Fungal_Leaf_Spot00269.jpg,Fungal_Leaf_Spot,Fungal_Leaf_Spot,Correct,0.999869
datasets/train/Fungal_Leaf_Spot/Fungal_Leaf_Spot00339.jpg,Fungal_Leaf_Spot,Fungal_Leaf_Spot,Correct,0.999120
datasets/test/Fungal_Leaf_Spot/Fungal_Leaf_Spot00032.jpg,Fungal_Leaf_Spot,Fungal_Leaf_Spot,Correct,0.999952
datasets/test/Dry_Leaf/Dry_Leaf00076.jpg,Dry_Leaf,Dry_Leaf,Correct,0.999999
datasets/test/Fungal_Leaf_Spot/Fungal_Leaf_Spot00337.jpg,Fungal_Leaf_Spot,Fungal_Leaf_Spot,Correct,0.999972
datasets/test/Leaf_Blight/Leaf_Blight00427.jpg,Leaf_Blight,Leaf_Blight,Correct,0.999999
datasets/test/Fungal_Leaf_Spot/Fungal_Leaf_Spot00085.jpg,Fungal_Leaf_Spot,Fungal_Leaf_Spot,Correct,0.999994
datasets/test/Healthy_Leaf/Healthy_Leaf00536.jpg,Healthy_Leaf,Healthy_Leaf,Correct,0.999962
datasets/test/Leaf_Blight/Leaf_Blight00502.jpg,Leaf_Blight,Leaf_Blight,Correct,1.000000
datasets/train/Leaf_Blight/Leaf_Blight00282.jpg,Leaf_Blight,Leaf_Blight,Correct,1.000000
datasets/train/Fungal_Leaf_Spot/Fungal_Leaf_Spot00143.jpg,Fungal_Leaf_Spot,Fungal_Leaf_Spot,Correct,0.999056
datasets/train/Leaf_Blight/Leaf_Blight00335.jpg,Leaf_Blight,Leaf_Blight,Correct,0.999657
datasets/train/Felt_Leaf/Felt_Leaf00345.jpg,Felt_Leaf,Felt_Leaf,Correct,0.997079
datasets/test/Dry_Leaf/Dry_Leaf00214.jpg,Dry_Leaf,Dry_Leaf,Correct,0.999999
datasets/test/Healthy_Leaf/Healthy_Leaf00307.jpg,Healthy_Leaf,Healthy_Leaf,Correct,0.999998
datasets/train/Felt_Leaf/Felt_Leaf00206.jpg,Felt_Leaf,Felt_Leaf,Correct,0.897648
datasets/test/Fungal_Leaf_Spot/Fungal_Leaf_Spot00401.jpg,Fungal_Leaf_Spot,Fungal_Leaf_Spot,Correct,0.999931
datasets/test/Dry_Leaf/Dry_Leaf00260.jpg,Dry_Leaf,Dry_Leaf,Correct,0.999987
datasets/test/Leaf_Gall/Leaf_Gall00191.jpg,Leaf_Gall,Leaf_Gall,Correct,1.000000
datasets/train/Leaf_Gall/Leaf_Gall00497.jpg,Leaf_Gall,Leaf_Gall,Correct,0.949909
datasets/train/Leaf_Gall/Leaf_Gall00034.jpg,Leaf_Gall,Leaf_Gall,Correct,0.999893
datasets/train/Healthy_Leaf/Healthy_Leaf00594.jpg,Healthy_Leaf,Healthy_Leaf,Correct,0.999802
datasets/test/Leaf_Gall/Leaf_Gall00385.jpg,Leaf_Gall,Leaf_Gall,Correct,1.000000
datasets/train/Leaf_Gall/Leaf_Gall00064.jpg,Leaf_Gall,Leaf_Gall,Correct,0.999953
datasets/test/Dry_Leaf/Dry_Leaf00159.jpg,Dry_Leaf,Dry_Leaf,Correct,1.000000
datasets/test/Leaf_Gall/Leaf_Gall00047.jpg,Leaf_Gall,Leaf_Gall,Correct,0.999981
datasets/test/Leaf_Blight/Leaf_Blight00453.jpg,Leaf_Blight,Leaf_Blight,Correct,0.999989
datasets/train/Fungal_Leaf_Spot/Fungal_Leaf_Spot00551.jpg,Fungal_Leaf_Spot,Fungal_Leaf_Spot,Correct,0.999910
datasets/test/Dry_Leaf/Dry_Leaf00227.jpg,Dry_Leaf,Dry_Leaf,Correct,1.000000
datasets/test/Fungal_Leaf_Spot/Fungal_Leaf_Spot00320.jpg,Fungal_Leaf_Spot,Fungal_Leaf_Spot,Correct,0.999989
datasets/test/Leaf_Gall/Leaf_Gall00008.jpg,Leaf_Gall,Leaf_Gall,Correct,0.979105
datasets/train/Leaf_Gall/Leaf_Gall00186.jpg,Leaf_Gall,Leaf_Gall,Correct,1.000000
datasets/test/Fungal_Leaf_Spot/Fungal_Leaf_Spot00186.jpg,Fungal_Leaf_Spot,Fungal_Leaf_Spot,Correct,0.999676
datasets/test/Healthy_Leaf/Healthy_Leaf00181.jpg,Healthy_Leaf,Healthy_Leaf,Correct,0.996474
datasets/test/Fungal_Leaf_Spot/Fungal_Leaf_Spot00115.jpg,Fungal_Leaf_Spot,Fungal_Leaf_Spot,Correct,0.985979
datasets/test/Leaf_Blight/Leaf_Blight00206.jpg,Leaf_Blight,Leaf_Blight,Correct,0.999988
datasets/train/Curl_Leaf/Curl_Leaf00107.jpg,Curl_Leaf,Curl_Leaf,Correct,0.865522
datasets/test/Leaf_Blight/Leaf_Blight00032.jpg,Leaf_Blight,Leaf_Blight,Correct,0.999997
datasets/test/Anthrax_Leaf/Anthrax_Leaf00006.jpg,Anthrax_Leaf,Anthrax_Leaf,Correct,0.999998
datasets/train/Curl_Leaf/Curl_Leaf00145.jpg,Curl_Leaf,Curl_Leaf,Correct,0.999609
datasets/train/Felt_Leaf/Felt_Leaf00253.jpg,Felt_Leaf,Felt_Leaf,Correct,0.999328
datasets/train/Leaf_Blight/Leaf_Blight00208.jpg,Leaf_Blight,Leaf_Blight,Correct,0.999983
datasets/test/Leaf_Gall/Leaf_Gall00368.jpg,Leaf_Gall,Leaf_Gall,Correct,1.000000
datasets/test/Deficiency_Leaf/Deficiency_Leaf00115.jpg,Deficiency_Leaf,Deficiency_Leaf,Correct,0.999773
datasets/train/Healthy_Leaf/Healthy_Leaf00318.jpg,Healthy_Leaf,Healthy_Leaf,Correct,0.999983
datasets/test/Bituminous_Leaf/Bituminous_Leaf00124.jpg,Bituminous_Leaf,Bituminous_Leaf,Correct,0.995322
datasets/test/Felt_Leaf/Felt_Leaf00298.jpg,Felt_Leaf,Felt_Leaf,Correct,0.737237
datasets/train/Healthy_Leaf/Healthy_Leaf00184.jpg,Healthy_Leaf,Healthy_Leaf,Correct,0.999193
datasets/train/Healthy_Leaf/Healthy_Leaf00495.jpg,Healthy_Leaf,Healthy_Leaf,Correct,0.999904
datasets/test/Curl_Leaf/Curl_Leaf00078.jpg,Curl_Leaf,Curl_Leaf,Correct,0.999815
datasets/train/Felt_Leaf/Felt_Leaf00087.jpg,Felt_Leaf,Felt_Leaf,Correct,0.978276
datasets/train/Dry_Leaf/Dry_Leaf00281.jpg,Dry_Leaf,Dry_Leaf,Correct,1.000000
datasets/test/Deficiency_Leaf/Deficiency_Leaf00101.jpg,Deficiency_Leaf,Deficiency_Leaf,Correct,0.979013
datasets/train/Healthy_Leaf/Healthy_Leaf00202.jpg,Healthy_Leaf,Healthy_Leaf,Correct,0.999994
datasets/test/Fungal_Leaf_Spot/Fungal_Leaf_Spot00291.jpg,Fungal_Leaf_Spot,Fungal_Leaf_Spot,Correct,0.999961
datasets/test/Leaf_Blight/Leaf_Blight00449.jpg,Leaf_Blight,Leaf_Blight,Correct,0.999880
datasets/test/Healthy_Leaf/Healthy_Leaf00173.jpg,Healthy_Leaf,Healthy_Leaf,Correct,1.000000
datasets/test/Felt_Leaf/Felt_Leaf00281.jpg,Felt_Leaf,Felt_Leaf,Correct,0.997068
datasets/test/Felt_Leaf/Felt_Leaf00064.jpg,Felt_Leaf,Felt_Leaf,Correct,0.999999
datasets/test/Deficiency_Leaf/Deficiency_Leaf00003.jpg,Deficiency_Leaf,Deficiency_Leaf,Correct,0.599602
datasets/test/Curl_Leaf/Curl_Leaf00092.jpg,Curl_Leaf,Curl_Leaf,Correct,0.986534
datasets/train/Bituminous_Leaf/Bituminous_Leaf00027.jpg,Bituminous_Leaf,Bituminous_Leaf,Correct,0.999980
datasets/test/Leaf_Blight/Leaf_Blight00353.jpg,Leaf_Blight,Leaf_Blight,Correct,0.999918
datasets/train/Dry_Leaf/Dry_Leaf00300.jpg,Dry_Leaf,Dry_Leaf,Correct,1.000000
datasets/test/Fungal_Leaf_Spot/Fungal_Leaf_Spot00042.jpg,Fungal_Leaf_Spot,Fungal_Leaf_Spot,Correct,1.000000
datasets/test/Dry_Leaf/Dry_Leaf00216.jpg,Dry_Leaf,Dry_Leaf,Correct,0.998608
datasets/test/Leaf_Blight/Leaf_Blight00220.jpg,Leaf_Blight,Leaf_Blight,Correct,0.999999
datasets/train/Dry_Leaf/Dry_Leaf00350.jpg,Dry_Leaf,Dry_Leaf,Correct,0.999601
datasets/test/Dry_Leaf/Dry_Leaf00379.jpg,Dry_Leaf,Dry_Leaf,Correct,1.000000
datasets/train/Leaf_Blight/Leaf_Blight00157.jpg,Leaf_Blight,Leaf_Blight,Correct,0.999816
datasets/test/Healthy_Leaf/Healthy_Leaf00308.jpg,Healthy_Leaf,Healthy_Leaf,Correct,1.000000
datasets/train/Curl_Leaf/Curl_Leaf00119.jpg,Curl_Leaf,Curl_Leaf,Correct,1.000000
datasets/test/Leaf_Blight/Leaf_Blight00299.jpg,Leaf_Blight,Leaf_Blight,Correct,0.999999
datasets/train/Fungal_Leaf_Spot/Fungal_Leaf_Spot00121.jpg,Fungal_Leaf_Spot,Fungal_Leaf_Spot,Correct,0.999982
datasets/test/Healthy_Leaf/Healthy_Leaf00252.jpg,Healthy_Leaf,Healthy_Leaf,Correct,0.999994
datasets/train/Curl_Leaf/Curl_Leaf00066.jpg,Curl_Leaf,Curl_Leaf,Correct,0.999976
datasets/train/Felt_Leaf/Felt_Leaf00362.jpg,Felt_Leaf,Felt_Leaf,Correct,0.999990
datasets/train/Healthy_Leaf/Healthy_Leaf00450.jpg,Healthy_Leaf,Healthy_Leaf,Correct,0.915192
datasets/test/Felt_Leaf/Felt_Leaf00260.jpg,Felt_Leaf,Fungal_Leaf_Spot,Incorrect,0.526917
datasets/train/Leaf_Gall/Leaf_Gall00410.jpg,Leaf_Gall,Leaf_Gall,Correct,0.999465
datasets/test/Anthrax_Leaf/Anthrax_Leaf00003.jpg,Anthrax_Leaf,Anthrax_Leaf,Correct,0.999925
datasets/train/Healthy_Leaf/Healthy_Leaf00515.jpg,Healthy_Leaf,Healthy_Leaf,Correct,0.839224
datasets/test/Healthy_Leaf/Healthy_Leaf00259.jpg,Healthy_Leaf,Healthy_Leaf,Correct,0.998081
datasets/train/Dry_Leaf/Dry_Leaf00329.jpg,Dry_Leaf,Dry_Leaf,Correct,1.000000
datasets/train/Healthy_Leaf/Healthy_Leaf00118.jpg,Healthy_Leaf,Healthy_Leaf,Correct,1.000000
datasets/train/Dry_Leaf/Dry_Leaf00004.jpg,Dry_Leaf,Dry_Leaf,Correct,1.000000
datasets/test/Bituminous_Leaf/Bituminous_Leaf00042.jpg,Bituminous_Leaf,Bituminous_Leaf,Correct,0.999992
datasets/test/Healthy_Leaf/Healthy_Leaf00516.jpg,Healthy_Leaf,Healthy_Leaf,Correct,0.861307
datasets/test/Leaf_Gall/Leaf_Gall00372.jpg,Leaf_Gall,Leaf_Gall,Correct,0.999998
datasets/test/Felt_Leaf/Felt_Leaf00200.jpg,Felt_Leaf,Felt_Leaf,Correct,0.999439
datasets/test/Healthy_Leaf/Healthy_Leaf00241.jpg,Healthy_Leaf,Healthy_Leaf,Correct,0.999985
datasets/test/Fungal_Leaf_Spot/Fungal_Leaf_Spot00461.jpg,Fungal_Leaf_Spot,Fungal_Leaf_Spot,Correct,0.999849
datasets/test/Leaf_Blight/Leaf_Blight00409.jpg,Leaf_Blight,Leaf_Blight,Correct,0.999521
datasets/train/Leaf_Gall/Leaf_Gall00009.jpg,Leaf_Gall,Leaf_Gall,Correct,0.794754
datasets/test/Leaf_Gall/Leaf_Gall00341.jpg,Leaf_Gall,Leaf_Gall,Correct,0.991124
datasets/train/Leaf_Blight/Leaf_Blight00571.jpg,Leaf_Blight,Leaf_Blight,Correct,0.999801
datasets/test/Fungal_Leaf_Spot/Fungal_Leaf_Spot00235.jpg,Fungal_Leaf_Spot,Fungal_Leaf_Spot,Correct,1.000000
datasets/test/Healthy_Leaf/Healthy_Leaf00128.jpg,Healthy_Leaf,Healthy_Leaf,Correct,0.999997
datasets/test/Dry_Leaf/Dry_Leaf00208.jpg,Dry_Leaf,Dry_Leaf,Correct,0.999966
datasets/test/Felt_Leaf/Felt_Leaf00216.jpg,Felt_Leaf,Felt_Leaf,Correct,0.999893
datasets/test/Leaf_Gall/Leaf_Gall00039.jpg,Leaf_Gall,Leaf_Gall,Correct,0.999976
datasets/train/Healthy_Leaf/Healthy_Leaf00350.jpg,Healthy_Leaf,Healthy_Leaf,Correct,0.997883
datasets/train/Felt_Leaf/Felt_Leaf00370.jpg,Felt_Leaf,Felt_Leaf,Correct,0.998525
datasets/test/Leaf_Blight/Leaf_Blight00552.jpg,Leaf_Blight,Leaf_Blight,Correct,1.000000
datasets/test/Anthrax_Leaf/Anthrax_Leaf00071.jpg,Anthrax_Leaf,Anthrax_Leaf,Correct,0.999998
datasets/test/Healthy_Leaf/Healthy_Leaf00549.jpg,Healthy_Leaf,Healthy_Leaf,Correct,0.979080
datasets/test/Healthy_Leaf/Healthy_Leaf00471.jpg,Healthy_Leaf,Healthy_Leaf,Correct,0.999308
datasets/test/Healthy_Leaf/Healthy_Leaf00467.jpg,Healthy_Leaf,Healthy_Leaf,Correct,0.845372
datasets/train/Leaf_Blight/Leaf_Blight00181.jpg,Leaf_Blight,Leaf_Blight,Correct,0.995340
datasets/test/Leaf_Blight/Leaf_Blight00081.jpg,Leaf_Blight,Leaf_Blight,Correct,0.999215
datasets/train/Dry_Leaf/Dry_Leaf00276.jpg,Dry_Leaf,Dry_Leaf,Correct,0.999995
datasets/train/Leaf_Gall/Leaf_Gall00137.jpg,Leaf_Gall,Leaf_Gall,Correct,0.999848
datasets/test/Leaf_Gall/Leaf_Gall00128.jpg,Leaf_Gall,Leaf_Gall,Correct,0.981991
datasets/train/Healthy_Leaf/Healthy_Leaf00434.jpg,Healthy_Leaf,Healthy_Leaf,Correct,0.999998
datasets/train/Fungal_Leaf_Spot/Fungal_Leaf_Spot00298.jpg,Fungal_Leaf_Spot,Fungal_Leaf_Spot,Correct,0.997382
datasets/test/Leaf_Gall/Leaf_Gall00159.jpg,Leaf_Gall,Leaf_Gall,Correct,0.999538
datasets/train/Leaf_Gall/Leaf_Gall00289.jpg,Leaf_Gall,Leaf_Gall,Correct,1.000000
datasets/train/Leaf_Gall/Leaf_Gall00206.jpg,Leaf_Gall,Leaf_Gall,Correct,1.000000
datasets/train/Healthy_Leaf/Healthy_Leaf00311.jpg,Healthy_Leaf,Healthy_Leaf,Correct,0.999574
datasets/test/Leaf_Gall/Leaf_Gall00114.jpg,Leaf_Gall,Leaf_Gall,Correct,1.000000
datasets/train/Deficiency_Leaf/Deficiency_Leaf00044.jpg,Deficiency_Leaf,Bituminous_Leaf,Incorrect,0.709537
datasets/train/Leaf_Blight/Leaf_Blight00376.jpg,Leaf_Blight,Leaf_Blight,Correct,0.999992
datasets/train/Dry_Leaf/Dry_Leaf00102.jpg,Dry_Leaf,Dry_Leaf,Correct,1.000000
datasets/train/Healthy_Leaf/Healthy_Leaf00147.jpg,Healthy_Leaf,Healthy_Leaf,Correct,0.999999
datasets/train/Leaf_Gall/Leaf_Gall00553.jpg,Leaf_Gall,Leaf_Gall,Correct,0.999994
datasets/train/Healthy_Leaf/Healthy_Leaf00287.jpg,Healthy_Leaf,Healthy_Leaf,Correct,0.999984
datasets/train/Anthrax_Leaf/Anthrax_Leaf00090.jpg,Anthrax_Leaf,Anthrax_Leaf,Correct,0.999696
datasets/test/Fungal_Leaf_Spot/Fungal_Leaf_Spot00417.jpg,Fungal_Leaf_Spot,Fungal_Leaf_Spot,Correct,1.000000
datasets/test/Fungal_Leaf_Spot/Fungal_Leaf_Spot00272.jpg,Fungal_Leaf_Spot,Fungal_Leaf_Spot,Correct,0.999982
datasets/train/Healthy_Leaf/Healthy_Leaf00250.jpg,Healthy_Leaf,Healthy_Leaf,Correct,0.999981
datasets/test/Anthrax_Leaf/Anthrax_Leaf00104.jpg,Anthrax_Leaf,Anthrax_Leaf,Correct,0.999928
datasets/test/Bituminous_Leaf/Bituminous_Leaf00049.jpg,Bituminous_Leaf,Bituminous_Leaf,Correct,0.999930
datasets/test/Healthy_Leaf/Healthy_Leaf00218.jpg,Healthy_Leaf,Healthy_Leaf,Correct,0.999998
datasets/test/Healthy_Leaf/Healthy_Leaf00381.jpg,Healthy_Leaf,Healthy_Leaf,Correct,0.999985
datasets/train/Fungal_Leaf_Spot/Fungal_Leaf_Spot00431.jpg,Fungal_Leaf_Spot,Fungal_Leaf_Spot,Correct,0.999983
datasets/train/Felt_Leaf/Felt_Leaf00013.jpg,Felt_Leaf,Felt_Leaf,Correct,0.998644
datasets/test/Leaf_Gall/Leaf_Gall00096.jpg,Leaf_Gall,Leaf_Gall,Correct,1.000000
datasets/test/Leaf_Blight/Leaf_Blight00493.jpg,Leaf_Blight,Leaf_Blight,Correct,0.999996
datasets/test/Healthy_Leaf/Healthy_Leaf00309.jpg,Healthy_Leaf,Healthy_Leaf,Correct,0.999975
datasets/train/Leaf_Gall/Leaf_Gall00543.jpg,Leaf_Gall,Leaf_Gall,Correct,0.999997
datasets/test/Dry_Leaf/Dry_Leaf00111.jpg,Dry_Leaf,Dry_Leaf,Correct,1.000000
datasets/test/Healthy_Leaf/Healthy_Leaf00134.jpg,Healthy_Leaf,Healthy_Leaf,Correct,1.000000
datasets/test/Felt_Leaf/Felt_Leaf00259.jpg,Felt_Leaf,Felt_Leaf,Correct,0.751290
datasets/test/Dry_Leaf/Dry_Leaf00041.jpg,Dry_Leaf,Dry_Leaf,Correct,1.000000
datasets/train/Healthy_Leaf/Healthy_Leaf00499.jpg,Healthy_Leaf,Healthy_Leaf,Correct,0.971944
datasets/train/Fungal_Leaf_Spot/Fungal_Leaf_Spot00211.jpg,Fungal_Leaf_Spot,Fungal_Leaf_Spot,Correct,0.999999
datasets/train/Bituminous_Leaf/Bituminous_Leaf00136.jpg,Bituminous_Leaf,Bituminous_Leaf,Correct,0.999993
datasets/test/Deficiency_Leaf/Deficiency_Leaf00004.jpg,Deficiency_Leaf,Deficiency_Leaf,Correct,0.999887
datasets/train/Dry_Leaf/Dry_Leaf00369.jpg,Dry_Leaf,Dry_Leaf,Correct,0.999999
datasets/test/Dry_Leaf/Dry_Leaf00219.jpg,Dry_Leaf,Dry_Leaf,Correct,0.998824
datasets/test/Leaf_Blight/Leaf_Blight00125.jpg,Leaf_Blight,Leaf_Blight,Correct,1.000000
datasets/test/Dry_Leaf/Dry_Leaf00149.jpg,Dry_Leaf,Dry_Leaf,Correct,1.000000
datasets/test/Fungal_Leaf_Spot/Fungal_Leaf_Spot00079.jpg,Fungal_Leaf_Spot,Fungal_Leaf_Spot,Correct,1.000000
datasets/test/Felt_Leaf/Felt_Leaf00060.jpg,Felt_Leaf,Felt_Leaf,Correct,0.999988
datasets/test/Curl_Leaf/Curl_Leaf00116.jpg,Curl_Leaf,Curl_Leaf,Correct,0.999996
datasets/test/Healthy_Leaf/Healthy_Leaf00447.jpg,Healthy_Leaf,Healthy_Leaf,Correct,0.622832
datasets/test/Healthy_Leaf/Healthy_Leaf00206.jpg,Healthy_Leaf,Healthy_Leaf,Correct,0.998784
datasets/train/Leaf_Blight/Leaf_Blight00027.jpg,Leaf_Blight,Leaf_Blight,Correct,0.999869
datasets/test/Leaf_Gall/Leaf_Gall00332.jpg,Leaf_Gall,Leaf_Gall,Correct,0.971451
datasets/train/Healthy_Leaf/Healthy_Leaf00406.jpg,Healthy_Leaf,Healthy_Leaf,Correct,1.000000
datasets/test/Healthy_Leaf/Healthy_Leaf00380.jpg,Healthy_Leaf,Healthy_Leaf,Correct,0.999926
datasets/test/Felt_Leaf/Felt_Leaf00161.jpg,Felt_Leaf,Felt_Leaf,Correct,0.977921
datasets/train/Felt_Leaf/Felt_Leaf00126.jpg,Felt_Leaf,Felt_Leaf,Correct,1.000000
datasets/train/Fungal_Leaf_Spot/Fungal_Leaf_Spot00382.jpg,Fungal_Leaf_Spot,Fungal_Leaf_Spot,Correct,0.992442
datasets/test/Dry_Leaf/Dry_Leaf00368.jpg,Dry_Leaf,Dry_Leaf,Correct,0.998573
datasets/test/Felt_Leaf/Felt_Leaf00335.jpg,Felt_Leaf,Felt_Leaf,Correct,0.901357
datasets/train/Leaf_Blight/Leaf_Blight00225.jpg,Leaf_Blight,Leaf_Blight,Correct,0.999416
datasets/test/Healthy_Leaf/Healthy_Leaf00445.jpg,Healthy_Leaf,Healthy_Leaf,Correct,0.999939
datasets/test/Dry_Leaf/Dry_Leaf00305.jpg,Dry_Leaf,Dry_Leaf,Correct,1.000000
datasets/train/Leaf_Gall/Leaf_Gall00180.jpg,Leaf_Gall,Leaf_Gall,Correct,0.999998
datasets/train/Leaf_Gall/Leaf_Gall00546.jpg,Leaf_Gall,Leaf_Gall,Correct,0.999998
datasets/train/Leaf_Blight/Leaf_Blight00329.jpg,Leaf_Blight,Leaf_Blight,Correct,0.999945
datasets/train/Fungal_Leaf_Spot/Fungal_Leaf_Spot00089.jpg,Fungal_Leaf_Spot,Fungal_Leaf_Spot,Correct,0.999935
datasets/test/Dry_Leaf/Dry_Leaf00319.jpg,Dry_Leaf,Dry_Leaf,Correct,1.000000
datasets/test/Dry_Leaf/Dry_Leaf00287.jpg,Dry_Leaf,Dry_Leaf,Correct,0.999984
datasets/test/Fungal_Leaf_Spot/Fungal_Leaf_Spot00196.jpg,Fungal_Leaf_Spot,Fungal_Leaf_Spot,Correct,0.999999
datasets/test/Leaf_Gall/Leaf_Gall00135.jpg,Leaf_Gall,Leaf_Gall,Correct,0.998957
datasets/test/Dry_Leaf/Dry_Leaf00130.jpg,Dry_Leaf,Dry_Leaf,Correct,1.000000
datasets/test/Healthy_Leaf/Healthy_Leaf00223.jpg,Healthy_Leaf,Healthy_Leaf,Correct,0.999967
datasets/test/Fungal_Leaf_Spot/Fungal_Leaf_Spot00471.jpg,Fungal_Leaf_Spot,Fungal_Leaf_Spot,Correct,0.999999
datasets/test/Fungal_Leaf_Spot/Fungal_Leaf_Spot00361.jpg,Fungal_Leaf_Spot,Fungal_Leaf_Spot,Correct,0.999380
datasets/test/Felt_Leaf/Felt_Leaf00066.jpg,Felt_Leaf,Felt_Leaf,Correct,0.999998
datasets/test/Leaf_Blight/Leaf_Blight00323.jpg,Leaf_Blight,Leaf_Blight,Correct,1.000000
datasets/train/Healthy_Leaf/Healthy_Leaf00486.jpg,Healthy_Leaf,Healthy_Leaf,Correct,0.995708
datasets/test/Fungal_Leaf_Spot/Fungal_Leaf_Spot00509.jpg,Fungal_Leaf_Spot,Fungal_Leaf_Spot,Correct,0.997745
datasets/test/Leaf_Gall/Leaf_Gall00238.jpg,Leaf_Gall,Leaf_Gall,Correct,1.000000
datasets/train/Leaf_Blight/Leaf_Blight00105.jpg,Leaf_Blight,Leaf_Blight,Correct,0.997715
datasets/test/Felt_Leaf/Felt_Leaf00217.jpg,Felt_Leaf,Felt_Leaf,Correct,0.999957
datasets/test/Fungal_Leaf_Spot/Fungal_Leaf_Spot00016.jpg,Fungal_Leaf_Spot,Fungal_Leaf_Spot,Correct,0.982929
datasets/test/Curl_Leaf/Curl_Leaf00039.jpg,Curl_Leaf,Curl_Leaf,Correct,0.999859
datasets/train/Leaf_Gall/Leaf_Gall00211.jpg,Leaf_Gall,Leaf_Gall,Correct,0.992352
datasets/train/Dry_Leaf/Dry_Leaf00097.jpg,Dry_Leaf,Dry_Leaf,Correct,0.982992
datasets/train/Leaf_Blight/Leaf_Blight00370.jpg,Leaf_Blight,Leaf_Blight,Correct,1.000000
datasets/test/Fungal_Leaf_Spot/Fungal_Leaf_Spot00234.jpg,Fungal_Leaf_Spot,Fungal_Leaf_Spot,Correct,0.999999
datasets/train/Fungal_Leaf_Spot/Fungal_Leaf_Spot00273.jpg,Fungal_Leaf_Spot,Fungal_Leaf_Spot,Correct,0.999999
datasets/test/Leaf_Gall/Leaf_Gall00435.jpg,Leaf_Gall,Leaf_Gall,Correct,0.999999
datasets/test/Leaf_Gall/Leaf_Gall00021.jpg,Leaf_Gall,Felt_Leaf,Incorrect,0.651791
datasets/train/Dry_Leaf/Dry_Leaf00296.jpg,Dry_Leaf,Dry_Leaf,Correct,1.000000
datasets/train/Healthy_Leaf/Healthy_Leaf00624.jpg,Healthy_Leaf,Healthy_Leaf,Correct,0.999442
datasets/test/Dry_Leaf/Dry_Leaf00210.jpg,Dry_Leaf,Dry_Leaf,Correct,0.733614
datasets/train/Fungal_Leaf_Spot/Fungal_Leaf_Spot00080.jpg,Fungal_Leaf_Spot,Fungal_Leaf_Spot,Correct,0.999987
datasets/train/Fungal_Leaf_Spot/Fungal_Leaf_Spot00126.jpg,Fungal_Leaf_Spot,Fungal_Leaf_Spot,Correct,0.987362
datasets/test/Leaf_Blight/Leaf_Blight00095.jpg,Leaf_Blight,Leaf_Blight,Correct,0.999910
datasets/train/Anthrax_Leaf/Anthrax_Leaf00101.jpg,Anthrax_Leaf,Anthrax_Leaf,Correct,0.999911
datasets/test/Felt_Leaf/Felt_Leaf00094.jpg,Felt_Leaf,Felt_Leaf,Correct,0.999998
datasets/test/Leaf_Gall/Leaf_Gall00580.jpg,Leaf_Gall,Leaf_Gall,Correct,0.999999
datasets/train/Healthy_Leaf/Healthy_Leaf00456.jpg,Healthy_Leaf,Healthy_Leaf,Correct,0.999979
datasets/train/Leaf_Gall/Leaf_Gall00113.jpg,Leaf_Gall,Leaf_Gall,Correct,0.999924
datasets/train/Felt_Leaf/Felt_Leaf00367.jpg,Felt_Leaf,Felt_Leaf,Correct,0.999936
datasets/test/Healthy_Leaf/Healthy_Leaf00183.jpg,Healthy_Leaf,Healthy_Leaf,Correct,0.991649
datasets/test/Deficiency_Leaf/Deficiency_Leaf00051.jpg,Deficiency_Leaf,Deficiency_Leaf,Correct,0.522018
datasets/test/Felt_Leaf/Felt_Leaf00038.jpg,Felt_Leaf,Felt_Leaf,Correct,0.999999
datasets/test/Leaf_Gall/Leaf_Gall00033.jpg,Leaf_Gall,Leaf_Gall,Correct,0.988019
datasets/test/Dry_Leaf/Dry_Leaf00253.jpg,Dry_Leaf,Dry_Leaf,Correct,1.000000
datasets/test/Leaf_Blight/Leaf_Blight00239.jpg,Leaf_Blight,Leaf_Blight,Correct,0.999999
datasets/test/Anthrax_Leaf/Anthrax_Leaf00099.jpg,Anthrax_Leaf,Anthrax_Leaf,Correct,0.999962
datasets/test/Curl_Leaf/Curl_Leaf00032.jpg,Curl_Leaf,Curl_Leaf,Correct,0.999990
datasets/test/Dry_Leaf/Dry_Leaf00088.jpg,Dry_Leaf,Dry_Leaf,Correct,0.999999
datasets/test/Fungal_Leaf_Spot/Fungal_Leaf_Spot00494.jpg,Fungal_Leaf_Spot,Fungal_Leaf_Spot,Correct,0.999976
datasets/test/Dry_Leaf/Dry_Leaf00325.jpg,Dry_Leaf,Dry_Leaf,Correct,1.000000
datasets/test/Leaf_Blight/Leaf_Blight00307.jpg,Leaf_Blight,Leaf_Blight,Correct,1.000000
datasets/test/Leaf_Blight/Leaf_Blight00221.jpg,Leaf_Blight,Leaf_Blight,Correct,0.999999
datasets/test/Dry_Leaf/Dry_Leaf00158.jpg,Dry_Leaf,Dry_Leaf,Correct,1.000000
datasets/test/Deficiency_Leaf/Deficiency_Leaf00100.jpg,Deficiency_Leaf,Deficiency_Leaf,Correct,0.972496
datasets/test/Healthy_Leaf/Healthy_Leaf00329.jpg,Healthy_Leaf,Healthy_Leaf,Correct,0.999990
datasets/test/Leaf_Gall/Leaf_Gall00499.jpg,Leaf_Gall,Leaf_Gall,Correct,0.999553
datasets/test/Dry_Leaf/Dry_Leaf00198.jpg,Dry_Leaf,Dry_Leaf,Correct,1.000000
datasets/test/Fungal_Leaf_Spot/Fungal_Leaf_Spot00010.jpg,Fungal_Leaf_Spot,Fungal_Leaf_Spot,Correct,0.999988
datasets/test/Leaf_Blight/Leaf_Blight00357.jpg,Leaf_Blight,Leaf_Blight,Correct,0.999974
datasets/train/Dry_Leaf/Dry_Leaf00375.jpg,Dry_Leaf,Dry_Leaf,Correct,0.999998
datasets/train/Dry_Leaf/Dry_Leaf00121.jpg,Dry_Leaf,Dry_Leaf,Correct,1.000000
datasets/test/Leaf_Blight/Leaf_Blight00362.jpg,Leaf_Blight,Leaf_Blight,Correct,0.999998
datasets/test/Fungal_Leaf_Spot/Fungal_Leaf_Spot00021.jpg,Fungal_Leaf_Spot,Fungal_Leaf_Spot,Correct,0.996951
datasets/train/Fungal_Leaf_Spot/Fungal_Leaf_Spot00022.jpg,Fungal_Leaf_Spot,Fungal_Leaf_Spot,Correct,0.999971
datasets/test/Curl_Leaf/Curl_Leaf00060.jpg,Curl_Leaf,Anthrax_Leaf,Incorrect,0.717345
datasets/train/Dry_Leaf/Dry_Leaf00277.jpg,Dry_Leaf,Dry_Leaf,Correct,0.999999
datasets/train/Leaf_Blight/Leaf_Blight00506.jpg,Leaf_Blight,Leaf_Blight,Correct,0.914956
datasets/train/Dry_Leaf/Dry_Leaf00013.jpg,Dry_Leaf,Dry_Leaf,Correct,1.000000
datasets/test/Leaf_Blight/Leaf_Blight00405.jpg,Leaf_Blight,Leaf_Blight,Correct,0.876983
datasets/test/Fungal_Leaf_Spot/Fungal_Leaf_Spot00233.jpg,Fungal_Leaf_Spot,Fungal_Leaf_Spot,Correct,0.999998
datasets/test/Anthrax_Leaf/Anthrax_Leaf00058.jpg,Anthrax_Leaf,Anthrax_Leaf,Correct,0.999935
datasets/test/Leaf_Blight/Leaf_Blight00573.jpg,Leaf_Blight,Leaf_Blight,Correct,0.999963
datasets/test/Fungal_Leaf_Spot/Fungal_Leaf_Spot00347.jpg,Fungal_Leaf_Spot,Fungal_Leaf_Spot,Correct,0.999985
datasets/train/Healthy_Leaf/Healthy_Leaf00337.jpg,Healthy_Leaf,Healthy_Leaf,Correct,1.000000
datasets/train/Healthy_Leaf/Healthy_Leaf00420.jpg,Healthy_Leaf,Healthy_Leaf,Correct,0.998828
datasets/test/Anthrax_Leaf/Anthrax_Leaf00024.jpg,Anthrax_Leaf,Anthrax_Leaf,Correct,0.999931
datasets/train/Leaf_Gall/Leaf_Gall00286.jpg,Leaf_Gall,Leaf_Gall,Correct,1.000000
datasets/train/Fungal_Leaf_Spot/Fungal_Leaf_Spot00487.jpg,Fungal_Leaf_Spot,Fungal_Leaf_Spot,Correct,0.995036
datasets/test/Fungal_Leaf_Spot/Fungal_Leaf_Spot00553.jpg,Fungal_Leaf_Spot,Fungal_Leaf_Spot,Correct,0.996869
datasets/test/Fungal_Leaf_Spot/Fungal_Leaf_Spot00328.jpg,Fungal_Leaf_Spot,Fungal_Leaf_Spot,Correct,0.999996
datasets/test/Healthy_Leaf/Healthy_Leaf00229.jpg,Healthy_Leaf,Healthy_Leaf,Correct,0.999999
datasets/train/Dry_Leaf/Dry_Leaf00295.jpg,Dry_Leaf,Dry_Leaf,Correct,1.000000
datasets/test/Healthy_Leaf/Healthy_Leaf00544.jpg,Healthy_Leaf,Healthy_Leaf,Correct,0.992852
datasets/train/Leaf_Blight/Leaf_Blight00150.jpg,Leaf_Blight,Leaf_Blight,Correct,0.996976
datasets/test/Felt_Leaf/Felt_Leaf00046.jpg,Felt_Leaf,Felt_Leaf,Correct,1.000000
datasets/test/Healthy_Leaf/Healthy_Leaf00149.jpg,Healthy_Leaf,Healthy_Leaf,Correct,0.999999
datasets/test/Leaf_Blight/Leaf_Blight00163.jpg,Leaf_Blight,Leaf_Blight,Correct,0.973054
datasets/train/Healthy_Leaf/Healthy_Leaf00049.jpg,Healthy_Leaf,Healthy_Leaf,Correct,0.999996
datasets/train/Leaf_Blight/Leaf_Blight00059.jpg,Leaf_Blight,Leaf_Blight,Correct,0.986659
datasets/test/Healthy_Leaf/Healthy_Leaf00135.jpg,Healthy_Leaf,Healthy_Leaf,Correct,1.000000
datasets/train/Anthrax_Leaf/Anthrax_Leaf00130.jpg,Anthrax_Leaf,Anthrax_Leaf,Correct,0.999997
datasets/test/Leaf_Gall/Leaf_Gall00308.jpg,Leaf_Gall,Leaf_Gall,Correct,0.999995
datasets/test/Leaf_Gall/Leaf_Gall00544.jpg,Leaf_Gall,Leaf_Gall,Correct,0.999950
datasets/test/Healthy_Leaf/Healthy_Leaf00561.jpg,Healthy_Leaf,Healthy_Leaf,Correct,0.999967
datasets/train/Fungal_Leaf_Spot/Fungal_Leaf_Spot00377.jpg,Fungal_Leaf_Spot,Fungal_Leaf_Spot,Correct,0.999724
datasets/test/Leaf_Gall/Leaf_Gall00131.jpg,Leaf_Gall,Leaf_Gall,Correct,0.999699
datasets/test/Leaf_Blight/Leaf_Blight00062.jpg,Leaf_Blight,Leaf_Blight,Correct,0.971777
datasets/train/Bituminous_Leaf/Bituminous_Leaf00030.jpg,Bituminous_Leaf,Bituminous_Leaf,Correct,1.000000
datasets/test/Fungal_Leaf_Spot/Fungal_Leaf_Spot00005.jpg,Fungal_Leaf_Spot,Fungal_Leaf_Spot,Correct,0.999990
datasets/test/Fungal_Leaf_Spot/Fungal_Leaf_Spot00501.jpg,Fungal_Leaf_Spot,Fungal_Leaf_Spot,Correct,0.999826
datasets/test/Healthy_Leaf/Healthy_Leaf00273.jpg,Healthy_Leaf,Healthy_Leaf,Correct,0.989178
datasets/train/Healthy_Leaf/Healthy_Leaf00077.jpg,Healthy_Leaf,Healthy_Leaf,Correct,0.999999
datasets/train/Healthy_Leaf/Healthy_Leaf00591.jpg,Healthy_Leaf,Healthy_Leaf,Correct,0.999806
datasets/test/Bituminous_Leaf/Bituminous_Leaf00060.jpg,Bituminous_Leaf,Bituminous_Leaf,Correct,0.999908
datasets/train/Healthy_Leaf/Healthy_Leaf00082.jpg,Healthy_Leaf,Healthy_Leaf,Correct,1.000000
datasets/train/Leaf_Gall/Leaf_Gall00103.jpg,Leaf_Gall,Leaf_Gall,Correct,0.999926
datasets/train/Dry_Leaf/Dry_Leaf00211.jpg,Dry_Leaf,Dry_Leaf,Correct,0.999998
datasets/train/Leaf_Gall/Leaf_Gall00529.jpg,Leaf_Gall,Leaf_Gall,Correct,0.999994
datasets/test/Leaf_Gall/Leaf_Gall00078.jpg,Leaf_Gall,Leaf_Gall,Correct,0.999905
datasets/train/Leaf_Blight/Leaf_Blight00262.jpg,Leaf_Blight,Leaf_Blight,Correct,0.999998
datasets/test/Leaf_Gall/Leaf_Gall00603.jpg,Leaf_Gall,Leaf_Gall,Correct,0.999995
datasets/test/Deficiency_Leaf/Deficiency_Leaf00120.jpg,Deficiency_Leaf,Deficiency_Leaf,Correct,0.781342
datasets/test/Healthy_Leaf/Healthy_Leaf00002.jpg,Healthy_Leaf,Healthy_Leaf,Correct,0.999905
datasets/test/Leaf_Gall/Leaf_Gall00042.jpg,Leaf_Gall,Leaf_Gall,Correct,0.998570
datasets/test/Leaf_Blight/Leaf_Blight00053.jpg,Leaf_Blight,Leaf_Blight,Correct,0.999999
datasets/test/Leaf_Gall/Leaf_Gall00253.jpg,Leaf_Gall,Leaf_Gall,Correct,1.000000
datasets/train/Curl_Leaf/Curl_Leaf00091.jpg,Curl_Leaf,Curl_Leaf,Correct,0.998436
datasets/test/Fungal_Leaf_Spot/Fungal_Leaf_Spot00425.jpg,Fungal_Leaf_Spot,Fungal_Leaf_Spot,Correct,1.000000
datasets/test/Healthy_Leaf/Healthy_Leaf00335.jpg,Healthy_Leaf,Healthy_Leaf,Correct,0.999995
datasets/train/Fungal_Leaf_Spot/Fungal_Leaf_Spot00574.jpg,Fungal_Leaf_Spot,Fungal_Leaf_Spot,Correct,0.999992
datasets/train/Felt_Leaf/Felt_Leaf00056.jpg,Felt_Leaf,Felt_Leaf,Correct,0.999987
datasets/train/Felt_Leaf/Felt_Leaf00007.jpg,Felt_Leaf,Felt_Leaf,Correct,0.999828
datasets/test/Healthy_Leaf/Healthy_Leaf00004.jpg,Healthy_Leaf,Healthy_Leaf,Correct,0.999976
datasets/test/Dry_Leaf/Dry_Leaf00164.jpg,Dry_Leaf,Dry_Leaf,Correct,1.000000
datasets/train/Curl_Leaf/Curl_Leaf00058.jpg,Curl_Leaf,Curl_Leaf,Correct,0.999973
datasets/train/Felt_Leaf/Felt_Leaf00184.jpg,Felt_Leaf,Felt_Leaf,Correct,0.993162
datasets/test/Leaf_Blight/Leaf_Blight00132.jpg,Leaf_Blight,Leaf_Blight,Correct,0.999657
datasets/test/Fungal_Leaf_Spot/Fungal_Leaf_Spot00096.jpg,Fungal_Leaf_Spot,Fungal_Leaf_Spot,Correct,0.999577
datasets/test/Dry_Leaf/Dry_Leaf00103.jpg,Dry_Leaf,Dry_Leaf,Correct,1.000000
datasets/test/Leaf_Gall/Leaf_Gall00173.jpg,Leaf_Gall,Leaf_Gall,Correct,0.999439
datasets/test/Fungal_Leaf_Spot/Fungal_Leaf_Spot00548.jpg,Fungal_Leaf_Spot,Fungal_Leaf_Spot,Correct,0.485821
datasets/train/Leaf_Blight/Leaf_Blight00031.jpg,Leaf_Blight,Leaf_Blight,Correct,0.999997
datasets/test/Dry_Leaf/Dry_Leaf00285.jpg,Dry_Leaf,Dry_Leaf,Correct,0.999999
datasets/train/Leaf_Blight/Leaf_Blight00077.jpg,Leaf_Blight,Leaf_Blight,Correct,0.999649
datasets/test/Felt_Leaf/Felt_Leaf00284.jpg,Felt_Leaf,Felt_Leaf,Correct,0.999723
datasets/test/Leaf_Blight/Leaf_Blight00274.jpg,Leaf_Blight,Leaf_Blight,Correct,0.999999
datasets/test/Leaf_Blight/Leaf_Blight00312.jpg,Leaf_Blight,Leaf_Blight,Correct,0.999998
datasets/test/Curl_Leaf/Curl_Leaf00048.jpg,Curl_Leaf,Curl_Leaf,Correct,0.999994
datasets/test/Curl_Leaf/Curl_Leaf00166.jpg,Curl_Leaf,Curl_Leaf,Correct,0.999855
datasets/test/Fungal_Leaf_Spot/Fungal_Leaf_Spot00220.jpg,Fungal_Leaf_Spot,Fungal_Leaf_Spot,Correct,0.999992
datasets/test/Bituminous_Leaf/Bituminous_Leaf00100.jpg,Bituminous_Leaf,Bituminous_Leaf,Correct,0.999999
datasets/test/Fungal_Leaf_Spot/Fungal_Leaf_Spot00055.jpg,Fungal_Leaf_Spot,Fungal_Leaf_Spot,Correct,0.999992
datasets/test/Dry_Leaf/Dry_Leaf00150.jpg,Dry_Leaf,Dry_Leaf,Correct,1.000000
datasets/test/Dry_Leaf/Dry_Leaf00226.jpg,Dry_Leaf,Dry_Leaf,Correct,1.000000
datasets/train/Leaf_Blight/Leaf_Blight00287.jpg,Leaf_Blight,Leaf_Blight,Correct,0.999975
datasets/train/Leaf_Gall/Leaf_Gall00527.jpg,Leaf_Gall,Leaf_Gall,Correct,0.999380
datasets/test/Dry_Leaf/Dry_Leaf00028.jpg,Dry_Leaf,Dry_Leaf,Correct,0.999994
datasets/test/Bituminous_Leaf/Bituminous_Leaf00110.jpg,Bituminous_Leaf,Bituminous_Leaf,Correct,0.999077
datasets/test/Felt_Leaf/Felt_Leaf00240.jpg,Felt_Leaf,Felt_Leaf,Correct,0.861842
datasets/test/Leaf_Blight/Leaf_Blight00045.jpg,Leaf_Blight,Leaf_Blight,Correct,0.999990
datasets/train/Deficiency_Leaf/Deficiency_Leaf00042.jpg,Deficiency_Leaf,Deficiency_Leaf,Correct,0.989285
datasets/test/Healthy_Leaf/Healthy_Leaf00443.jpg,Healthy_Leaf,Healthy_Leaf,Correct,0.998922
datasets/train/Fungal_Leaf_Spot/Fungal_Leaf_Spot00295.jpg,Fungal_Leaf_Spot,Fungal_Leaf_Spot,Correct,0.999996
datasets/test/Leaf_Blight/Leaf_Blight00475.jpg,Leaf_Blight,Leaf_Blight,Correct,1.000000
datasets/test/Leaf_Gall/Leaf_Gall00172.jpg,Leaf_Gall,Leaf_Gall,Correct,0.999708
datasets/test/Fungal_Leaf_Spot/Fungal_Leaf_Spot00532.jpg,Fungal_Leaf_Spot,Fungal_Leaf_Spot,Correct,0.992792
datasets/train/Felt_Leaf/Felt_Leaf00201.jpg,Felt_Leaf,Felt_Leaf,Correct,0.994930
datasets/train/Leaf_Blight/Leaf_Blight00348.jpg,Leaf_Blight,Leaf_Blight,Correct,1.000000
datasets/train/Leaf_Gall/Leaf_Gall00156.jpg,Leaf_Gall,Leaf_Gall,Correct,0.999752
datasets/test/Leaf_Blight/Leaf_Blight00327.jpg,Leaf_Blight,Leaf_Blight,Correct,1.000000
datasets/test/Fungal_Leaf_Spot/Fungal_Leaf_Spot00318.jpg,Fungal_Leaf_Spot,Fungal_Leaf_Spot,Correct,0.996567
datasets/test/Felt_Leaf/Felt_Leaf00336.jpg,Felt_Leaf,Felt_Leaf,Correct,0.993004
datasets/test/Leaf_Gall/Leaf_Gall00133.jpg,Leaf_Gall,Leaf_Gall,Correct,1.000000
datasets/train/Fungal_Leaf_Spot/Fungal_Leaf_Spot00094.jpg,Fungal_Leaf_Spot,Fungal_Leaf_Spot,Correct,0.999963
datasets/test/Felt_Leaf/Felt_Leaf00316.jpg,Felt_Leaf,Felt_Leaf,Correct,0.996036
datasets/test/Healthy_Leaf/Healthy_Leaf00116.jpg,Healthy_Leaf,Healthy_Leaf,Correct,1.000000
datasets/test/Leaf_Gall/Leaf_Gall00259.jpg,Leaf_Gall,Leaf_Gall,Correct,0.999992
datasets/test/Curl_Leaf/Curl_Leaf00106.jpg,Curl_Leaf,Curl_Leaf,Correct,0.978667
datasets/test/Fungal_Leaf_Spot/Fungal_Leaf_Spot00102.jpg,Fungal_Leaf_Spot,Fungal_Leaf_Spot,Correct,0.995604
datasets/test/Bituminous_Leaf/Bituminous_Leaf00131.jpg,Bituminous_Leaf,Bituminous_Leaf,Correct,0.999826
datasets/test/Healthy_Leaf/Healthy_Leaf00340.jpg,Healthy_Leaf,Healthy_Leaf,Correct,0.999997
datasets/test/Dry_Leaf/Dry_Leaf00126.jpg,Dry_Leaf,Dry_Leaf,Correct,1.000000
datasets/train/Fungal_Leaf_Spot/Fungal_Leaf_Spot00554.jpg,Fungal_Leaf_Spot,Fungal_Leaf_Spot,Correct,0.999791
datasets/test/Leaf_Gall/Leaf_Gall00450.jpg,Leaf_Gall,Leaf_Gall,Correct,0.999836
datasets/train/Fungal_Leaf_Spot/Fungal_Leaf_Spot00242.jpg,Fungal_Leaf_Spot,Fungal_Leaf_Spot,Correct,0.999904
datasets/train/Deficiency_Leaf/Deficiency_Leaf00008.jpg,Deficiency_Leaf,Deficiency_Leaf,Correct,0.999711
datasets/test/Leaf_Blight/Leaf_Blight00087.jpg,Leaf_Blight,Leaf_Blight,Correct,0.999797
datasets/train/Anthrax_Leaf/Anthrax_Leaf00145.jpg,Anthrax_Leaf,Anthrax_Leaf,Correct,0.999996
datasets/train/Leaf_Gall/Leaf_Gall00349.jpg,Leaf_Gall,Leaf_Gall,Correct,0.997589
datasets/test/Fungal_Leaf_Spot/Fungal_Leaf_Spot00151.jpg,Fungal_Leaf_Spot,Fungal_Leaf_Spot,Correct,0.999870
datasets/test/Fungal_Leaf_Spot/Fungal_Leaf_Spot00422.jpg,Fungal_Leaf_Spot,Fungal_Leaf_Spot,Correct,0.982615
datasets/test/Fungal_Leaf_Spot/Fungal_Leaf_Spot00410.jpg,Fungal_Leaf_Spot,Fungal_Leaf_Spot,Correct,1.000000
datasets/test/Fungal_Leaf_Spot/Fungal_Leaf_Spot00470.jpg,Fungal_Leaf_Spot,Fungal_Leaf_Spot,Correct,1.000000
datasets/test/Felt_Leaf/Felt_Leaf00160.jpg,Felt_Leaf,Felt_Leaf,Correct,0.961378
datasets/test/Dry_Leaf/Dry_Leaf00098.jpg,Dry_Leaf,Dry_Leaf,Correct,0.999999
datasets/train/Fungal_Leaf_Spot/Fungal_Leaf_Spot00368.jpg,Fungal_Leaf_Spot,Fungal_Leaf_Spot,Correct,0.999979
datasets/test/Felt_Leaf/Felt_Leaf00227.jpg,Felt_Leaf,Felt_Leaf,Correct,0.986302
datasets/test/Dry_Leaf/Dry_Leaf00047.jpg,Dry_Leaf,Dry_Leaf,Correct,0.999384
datasets/train/Leaf_Blight/Leaf_Blight00230.jpg,Leaf_Blight,Leaf_Blight,Correct,0.999988
datasets/train/Leaf_Blight/Leaf_Blight00414.jpg,Leaf_Blight,Leaf_Blight,Correct,0.509652
datasets/train/Curl_Leaf/Curl_Leaf00170.jpg,Curl_Leaf,Curl_Leaf,Correct,1.000000
datasets/train/Leaf_Blight/Leaf_Blight00542.jpg,Leaf_Blight,Leaf_Blight,Correct,0.999999
datasets/test/Healthy_Leaf/Healthy_Leaf00531.jpg,Healthy_Leaf,Healthy_Leaf,Correct,0.999733
datasets/test/Fungal_Leaf_Spot/Fungal_Leaf_Spot00200.jpg,Fungal_Leaf_Spot,Fungal_Leaf_Spot,Correct,0.999993
datasets/test/Leaf_Blight/Leaf_Blight00050.jpg,Leaf_Blight,Leaf_Blight,Correct,0.974175
datasets/train/Leaf_Gall/Leaf_Gall00389.jpg,Leaf_Gall,Leaf_Gall,Correct,0.999996
datasets/test/Healthy_Leaf/Healthy_Leaf00524.jpg,Healthy_Leaf,Healthy_Leaf,Correct,0.999877
datasets/train/Leaf_Blight/Leaf_Blight00300.jpg,Leaf_Blight,Leaf_Blight,Correct,0.999733
datasets/train/Healthy_Leaf/Healthy_Leaf00039.jpg,Healthy_Leaf,Healthy_Leaf,Correct,0.996141
datasets/train/Dry_Leaf/Dry_Leaf00092.jpg,Dry_Leaf,Dry_Leaf,Correct,1.000000
datasets/train/Leaf_Gall/Leaf_Gall00537.jpg,Leaf_Gall,Leaf_Gall,Correct,1.000000
datasets/train/Healthy_Leaf/Healthy_Leaf00533.jpg,Healthy_Leaf,Healthy_Leaf,Correct,0.996773
datasets/train/Fungal_Leaf_Spot/Fungal_Leaf_Spot00418.jpg,Fungal_Leaf_Spot,Fungal_Leaf_Spot,Correct,0.999999
datasets/test/Felt_Leaf/Felt_Leaf00134.jpg,Felt_Leaf,Felt_Leaf,Correct,0.730729
datasets/train/Felt_Leaf/Felt_Leaf00075.jpg,Felt_Leaf,Felt_Leaf,Correct,0.998819
datasets/test/Felt_Leaf/Felt_Leaf00176.jpg,Felt_Leaf,Felt_Leaf,Correct,0.999954
datasets/train/Leaf_Gall/Leaf_Gall00570.jpg,Leaf_Gall,Leaf_Gall,Correct,0.999992
datasets/train/Fungal_Leaf_Spot/Fungal_Leaf_Spot00178.jpg,Fungal_Leaf_Spot,Fungal_Leaf_Spot,Correct,0.999881
datasets/train/Leaf_Blight/Leaf_Blight00378.jpg,Leaf_Blight,Leaf_Blight,Correct,1.000000
datasets/test/Deficiency_Leaf/Deficiency_Leaf00033.jpg,Deficiency_Leaf,Deficiency_Leaf,Correct,0.998890
datasets/test/Bituminous_Leaf/Bituminous_Leaf00075.jpg,Bituminous_Leaf,Bituminous_Leaf,Correct,0.999970
datasets/test/Leaf_Gall/Leaf_Gall00612.jpg,Leaf_Gall,Leaf_Gall,Correct,0.999043
datasets/test/Healthy_Leaf/Healthy_Leaf00587.jpg,Healthy_Leaf,Healthy_Leaf,Correct,0.999996
datasets/test/Healthy_Leaf/Healthy_Leaf00384.jpg,Healthy_Leaf,Healthy_Leaf,Correct,0.999902
datasets/train/Fungal_Leaf_Spot/Fungal_Leaf_Spot00572.jpg,Fungal_Leaf_Spot,Fungal_Leaf_Spot,Correct,0.914362
datasets/test/Healthy_Leaf/Healthy_Leaf00226.jpg,Healthy_Leaf,Healthy_Leaf,Correct,0.999828
datasets/test/Curl_Leaf/Curl_Leaf00002.jpg,Curl_Leaf,Curl_Leaf,Correct,0.997904
datasets/train/Leaf_Blight/Leaf_Blight00244.jpg,Leaf_Blight,Leaf_Blight,Correct,0.999996
datasets/train/Fungal_Leaf_Spot/Fungal_Leaf_Spot00538.jpg,Fungal_Leaf_Spot,Fungal_Leaf_Spot,Correct,0.514850
datasets/test/Leaf_Blight/Leaf_Blight00420.jpg,Leaf_Blight,Leaf_Gall,Incorrect,0.894608
datasets/test/Dry_Leaf/Dry_Leaf00202.jpg,Dry_Leaf,Dry_Leaf,Correct,1.000000
datasets/test/Healthy_Leaf/Healthy_Leaf00616.jpg,Healthy_Leaf,Healthy_Leaf,Correct,0.999148
datasets/test/Bituminous_Leaf/Bituminous_Leaf00123.jpg,Bituminous_Leaf,Bituminous_Leaf,Correct,0.999981
datasets/test/Healthy_Leaf/Healthy_Leaf00151.jpg,Healthy_Leaf,Healthy_Leaf,Correct,1.000000
datasets/train/Leaf_Gall/Leaf_Gall00412.jpg,Leaf_Gall,Leaf_Gall,Correct,0.999992
datasets/train/Leaf_Gall/Leaf_Gall00080.jpg,Leaf_Gall,Leaf_Gall,Correct,0.999976
datasets/train/Healthy_Leaf/Healthy_Leaf00312.jpg,Healthy_Leaf,Healthy_Leaf,Correct,0.999996
datasets/train/Healthy_Leaf/Healthy_Leaf00086.jpg,Healthy_Leaf,Healthy_Leaf,Correct,0.999984
datasets/test/Fungal_Leaf_Spot/Fungal_Leaf_Spot00038.jpg,Fungal_Leaf_Spot,Fungal_Leaf_Spot,Correct,1.000000
datasets/train/Healthy_Leaf/Healthy_Leaf00552.jpg,Healthy_Leaf,Healthy_Leaf,Correct,0.998842
datasets/test/Leaf_Blight/Leaf_Blight00431.jpg,Leaf_Blight,Leaf_Blight,Correct,0.999241
datasets/train/Healthy_Leaf/Healthy_Leaf00426.jpg,Healthy_Leaf,Healthy_Leaf,Correct,1.000000
datasets/test/Felt_Leaf/Felt_Leaf00036.jpg,Felt_Leaf,Felt_Leaf,Correct,0.991797
datasets/test/Healthy_Leaf/Healthy_Leaf00409.jpg,Healthy_Leaf,Healthy_Leaf,Correct,0.999999
datasets/test/Felt_Leaf/Felt_Leaf00150.jpg,Felt_Leaf,Felt_Leaf,Correct,0.991642
datasets/test/Anthrax_Leaf/Anthrax_Leaf00046.jpg,Anthrax_Leaf,Anthrax_Leaf,Correct,0.999709
datasets/test/Leaf_Blight/Leaf_Blight00365.jpg,Leaf_Blight,Leaf_Blight,Correct,0.999861
datasets/test/Fungal_Leaf_Spot/Fungal_Leaf_Spot00316.jpg,Fungal_Leaf_Spot,Fungal_Leaf_Spot,Correct,0.999995
datasets/test/Curl_Leaf/Curl_Leaf00036.jpg,Curl_Leaf,Curl_Leaf,Correct,0.999332
datasets/test/Felt_Leaf/Felt_Leaf00257.jpg,Felt_Leaf,Leaf_Gall,Incorrect,0.820183
datasets/test/Leaf_Blight/Leaf_Blight00424.jpg,Leaf_Blight,Leaf_Blight,Correct,0.999999
datasets/test/Fungal_Leaf_Spot/Fungal_Leaf_Spot00103.jpg,Fungal_Leaf_Spot,Fungal_Leaf_Spot,Correct,0.759418
datasets/test/Felt_Leaf/Felt_Leaf00268.jpg,Felt_Leaf,Felt_Leaf,Correct,0.705006
datasets/test/Felt_Leaf/Felt_Leaf00209.jpg,Felt_Leaf,Felt_Leaf,Correct,0.945997
datasets/train/Dry_Leaf/Dry_Leaf00073.jpg,Dry_Leaf,Dry_Leaf,Correct,1.000000
datasets/test/Leaf_Blight/Leaf_Blight00212.jpg,Leaf_Blight,Leaf_Blight,Correct,0.992232
datasets/test/Bituminous_Leaf/Bituminous_Leaf00126.jpg,Bituminous_Leaf,Bituminous_Leaf,Correct,0.999986
datasets/test/Curl_Leaf/Curl_Leaf00156.jpg,Curl_Leaf,Curl_Leaf,Correct,1.000000
datasets/test/Dry_Leaf/Dry_Leaf00067.jpg,Dry_Leaf,Dry_Leaf,Correct,1.000000
datasets/train/Healthy_Leaf/Healthy_Leaf00256.jpg,Healthy_Leaf,Healthy_Leaf,Correct,0.999998
datasets/train/Leaf_Blight/Leaf_Blight00197.jpg,Leaf_Blight,Leaf_Blight,Correct,0.999995
datasets/test/Curl_Leaf/Curl_Leaf00005.jpg,Curl_Leaf,Curl_Leaf,Correct,0.999984
datasets/test/Leaf_Gall/Leaf_Gall00613.jpg,Leaf_Gall,Leaf_Gall,Correct,0.999865
datasets/test/Leaf_Gall/Leaf_Gall00055.jpg,Leaf_Gall,Leaf_Gall,Correct,0.999998
datasets/test/Fungal_Leaf_Spot/Fungal_Leaf_Spot00232.jpg,Fungal_Leaf_Spot,Fungal_Leaf_Spot,Correct,0.999998
datasets/test/Fungal_Leaf_Spot/Fungal_Leaf_Spot00054.jpg,Fungal_Leaf_Spot,Fungal_Leaf_Spot,Correct,0.999999
datasets/train/Leaf_Blight/Leaf_Blight00580.jpg,Leaf_Blight,Leaf_Blight,Correct,0.999601
datasets/test/Healthy_Leaf/Healthy_Leaf00360.jpg,Healthy_Leaf,Healthy_Leaf,Correct,0.999910
datasets/train/Felt_Leaf/Felt_Leaf00069.jpg,Felt_Leaf,Felt_Leaf,Correct,1.000000
datasets/test/Dry_Leaf/Dry_Leaf00053.jpg,Dry_Leaf,Dry_Leaf,Correct,1.000000
datasets/test/Leaf_Blight/Leaf_Blight00209.jpg,Leaf_Blight,Leaf_Blight,Correct,0.985128
datasets/train/Leaf_Blight/Leaf_Blight00333.jpg,Leaf_Blight,Leaf_Blight,Correct,0.999998
datasets/test/Leaf_Blight/Leaf_Blight00080.jpg,Leaf_Blight,Leaf_Blight,Correct,0.992955
datasets/train/Leaf_Blight/Leaf_Blight00559.jpg,Leaf_Blight,Leaf_Blight,Correct,0.999999
datasets/train/Fungal_Leaf_Spot/Fungal_Leaf_Spot00225.jpg,Fungal_Leaf_Spot,Fungal_Leaf_Spot,Correct,0.999999
datasets/train/Leaf_Blight/Leaf_Blight00034.jpg,Leaf_Blight,Leaf_Blight,Correct,0.999950
datasets/test/Bituminous_Leaf/Bituminous_Leaf00109.jpg,Bituminous_Leaf,Bituminous_Leaf,Correct,0.999720
datasets/train/Healthy_Leaf/Healthy_Leaf00186.jpg,Healthy_Leaf,Healthy_Leaf,Correct,0.976846
datasets/test/Leaf_Gall/Leaf_Gall00472.jpg,Leaf_Gall,Leaf_Gall,Correct,0.999997
datasets/test/Felt_Leaf/Felt_Leaf00226.jpg,Felt_Leaf,Felt_Leaf,Correct,0.971638
datasets/train/Leaf_Blight/Leaf_Blight00523.jpg,Leaf_Blight,Leaf_Blight,Correct,0.999985
datasets/train/Healthy_Leaf/Healthy_Leaf00618.jpg,Healthy_Leaf,Healthy_Leaf,Correct,0.999997
datasets/train/Leaf_Blight/Leaf_Blight00448.jpg,Leaf_Blight,Leaf_Blight,Correct,0.999991
datasets/test/Leaf_Gall/Leaf_Gall00323.jpg,Leaf_Gall,Leaf_Gall,Correct,1.000000
datasets/train/Anthrax_Leaf/Anthrax_Leaf00080.jpg,Anthrax_Leaf,Anthrax_Leaf,Correct,0.999994
datasets/train/Healthy_Leaf/Healthy_Leaf00528.jpg,Healthy_Leaf,Healthy_Leaf,Correct,0.981436
datasets/test/Healthy_Leaf/Healthy_Leaf00315.jpg,Healthy_Leaf,Healthy_Leaf,Correct,0.999955
datasets/train/Leaf_Blight/Leaf_Blight00412.jpg,Leaf_Blight,Leaf_Gall,Incorrect,0.877221
datasets/test/Leaf_Blight/Leaf_Blight00554.jpg,Leaf_Blight,Leaf_Blight,Correct,0.999999
datasets/train/Fungal_Leaf_Spot/Fungal_Leaf_Spot00483.jpg,Fungal_Leaf_Spot,Fungal_Leaf_Spot,Correct,0.996183
datasets/train/Curl_Leaf/Curl_Leaf00102.jpg,Curl_Leaf,Curl_Leaf,Correct,0.999914
datasets/train/Fungal_Leaf_Spot/Fungal_Leaf_Spot00026.jpg,Fungal_Leaf_Spot,Fungal_Leaf_Spot,Correct,0.997662
datasets/test/Felt_Leaf/Felt_Leaf00338.jpg,Felt_Leaf,Felt_Leaf,Correct,0.997130
datasets/train/Dry_Leaf/Dry_Leaf00223.jpg,Dry_Leaf,Dry_Leaf,Correct,1.000000
datasets/test/Healthy_Leaf/Healthy_Leaf00288.jpg,Healthy_Leaf,Healthy_Leaf,Correct,0.999749
datasets/train/Healthy_Leaf/Healthy_Leaf00100.jpg,Healthy_Leaf,Healthy_Leaf,Correct,1.000000
datasets/test/Curl_Leaf/Curl_Leaf00157.jpg,Curl_Leaf,Curl_Leaf,Correct,1.000000
datasets/test/Healthy_Leaf/Healthy_Leaf00518.jpg,Healthy_Leaf,Leaf_Gall,Incorrect,0.885791
datasets/train/Fungal_Leaf_Spot/Fungal_Leaf_Spot00350.jpg,Fungal_Leaf_Spot,Fungal_Leaf_Spot,Correct,0.994805
datasets/train/Fungal_Leaf_Spot/Fungal_Leaf_Spot00405.jpg,Fungal_Leaf_Spot,Fungal_Leaf_Spot,Correct,0.999999
datasets/test/Dry_Leaf/Dry_Leaf00364.jpg,Dry_Leaf,Dry_Leaf,Correct,0.942205
datasets/test/Anthrax_Leaf/Anthrax_Leaf00062.jpg,Anthrax_Leaf,Anthrax_Leaf,Correct,0.999995
datasets/train/Healthy_Leaf/Healthy_Leaf00459.jpg,Healthy_Leaf,Healthy_Leaf,Correct,1.000000
datasets/train/Curl_Leaf/Curl_Leaf00087.jpg,Curl_Leaf,Curl_Leaf,Correct,1.000000
datasets/test/Fungal_Leaf_Spot/Fungal_Leaf_Spot00521.jpg,Fungal_Leaf_Spot,Fungal_Leaf_Spot,Correct,0.924388
datasets/train/Dry_Leaf/Dry_Leaf00178.jpg,Dry_Leaf,Dry_Leaf,Correct,0.999903
datasets/test/Leaf_Gall/Leaf_Gall00590.jpg,Leaf_Gall,Leaf_Gall,Correct,0.999993
datasets/test/Healthy_Leaf/Healthy_Leaf00567.jpg,Healthy_Leaf,Healthy_Leaf,Correct,0.999827
datasets/test/Healthy_Leaf/Healthy_Leaf00113.jpg,Healthy_Leaf,Healthy_Leaf,Correct,1.000000
datasets/test/Felt_Leaf/Felt_Leaf00299.jpg,Felt_Leaf,Felt_Leaf,Correct,0.850983
datasets/test/Felt_Leaf/Felt_Leaf00107.jpg,Felt_Leaf,Fungal_Leaf_Spot,Incorrect,0.639593
datasets/train/Leaf_Gall/Leaf_Gall00453.jpg,Leaf_Gall,Leaf_Gall,Correct,1.000000
datasets/test/Felt_Leaf/Felt_Leaf00026.jpg,Felt_Leaf,Felt_Leaf,Correct,0.994145
datasets/train/Anthrax_Leaf/Anthrax_Leaf00113.jpg,Anthrax_Leaf,Anthrax_Leaf,Correct,0.967268
datasets/test/Leaf_Gall/Leaf_Gall00182.jpg,Leaf_Gall,Leaf_Gall,Correct,0.999998
datasets/test/Leaf_Blight/Leaf_Blight00520.jpg,Leaf_Blight,Leaf_Blight,Correct,0.999688
datasets/test/Felt_Leaf/Felt_Leaf00327.jpg,Felt_Leaf,Felt_Leaf,Correct,0.993277
datasets/train/Fungal_Leaf_Spot/Fungal_Leaf_Spot00035.jpg,Fungal_Leaf_Spot,Fungal_Leaf_Spot,Correct,0.999964
datasets/test/Fungal_Leaf_Spot/Fungal_Leaf_Spot00083.jpg,Fungal_Leaf_Spot,Fungal_Leaf_Spot,Correct,1.000000
datasets/train/Healthy_Leaf/Healthy_Leaf00032.jpg,Healthy_Leaf,Healthy_Leaf,Correct,1.000000
datasets/test/Deficiency_Leaf/Deficiency_Leaf00067.jpg,Deficiency_Leaf,Deficiency_Leaf,Correct,0.924388
datasets/train/Healthy_Leaf/Healthy_Leaf00457.jpg,Healthy_Leaf,Healthy_Leaf,Correct,0.999970
datasets/test/Felt_Leaf/Felt_Leaf00344.jpg,Felt_Leaf,Felt_Leaf,Correct,0.999858
datasets/test/Curl_Leaf/Curl_Leaf00042.jpg,Curl_Leaf,Curl_Leaf,Correct,0.999996
datasets/train/Curl_Leaf/Curl_Leaf00052.jpg,Curl_Leaf,Curl_Leaf,Correct,0.999958
datasets/test/Leaf_Blight/Leaf_Blight00122.jpg,Leaf_Blight,Leaf_Blight,Correct,1.000000
datasets/test/Healthy_Leaf/Healthy_Leaf00053.jpg,Healthy_Leaf,Healthy_Leaf,Correct,0.999968
datasets/train/Fungal_Leaf_Spot/Fungal_Leaf_Spot00488.jpg,Fungal_Leaf_Spot,Fungal_Leaf_Spot,Correct,0.999507
datasets/test/Leaf_Blight/Leaf_Blight00073.jpg,Leaf_Blight,Leaf_Blight,Correct,0.999989
datasets/test/Dry_Leaf/Dry_Leaf00040.jpg,Dry_Leaf,Dry_Leaf,Correct,1.000000
datasets/train/Felt_Leaf/Felt_Leaf00085.jpg,Felt_Leaf,Felt_Leaf,Correct,0.999911
datasets/train/Dry_Leaf/Dry_Leaf00279.jpg,Dry_Leaf,Dry_Leaf,Correct,1.000000
datasets/train/Healthy_Leaf/Healthy_Leaf00212.jpg,Healthy_Leaf,Healthy_Leaf,Correct,0.999787
datasets/test/Healthy_Leaf/Healthy_Leaf00620.jpg,Healthy_Leaf,Healthy_Leaf,Correct,0.999890
datasets/train/Felt_Leaf/Felt_Leaf00234.jpg,Felt_Leaf,Leaf_Gall,Incorrect,0.792442
datasets/test/Healthy_Leaf/Healthy_Leaf00024.jpg,Healthy_Leaf,Healthy_Leaf,Correct,0.999998
datasets/test/Leaf_Blight/Leaf_Blight00217.jpg,Leaf_Blight,Leaf_Blight,Correct,0.999285
datasets/train/Felt_Leaf/Felt_Leaf00127.jpg,Felt_Leaf,Felt_Leaf,Correct,1.000000
datasets/train/Fungal_Leaf_Spot/Fungal_Leaf_Spot00365.jpg,Fungal_Leaf_Spot,Fungal_Leaf_Spot,Correct,0.999973
datasets/train/Felt_Leaf/Felt_Leaf00112.jpg,Felt_Leaf,Felt_Leaf,Correct,0.999999
datasets/train/Healthy_Leaf/Healthy_Leaf00013.jpg,Healthy_Leaf,Healthy_Leaf,Correct,0.981575
datasets/test/Leaf_Gall/Leaf_Gall00517.jpg,Leaf_Gall,Leaf_Gall,Correct,0.996520
datasets/train/Felt_Leaf/Felt_Leaf00263.jpg,Felt_Leaf,Felt_Leaf,Correct,0.662917
datasets/test/Dry_Leaf/Dry_Leaf00156.jpg,Dry_Leaf,Dry_Leaf,Correct,1.000000
datasets/train/Fungal_Leaf_Spot/Fungal_Leaf_Spot00338.jpg,Fungal_Leaf_Spot,Fungal_Leaf_Spot,Correct,0.999993
datasets/test/Fungal_Leaf_Spot/Fungal_Leaf_Spot00037.jpg,Fungal_Leaf_Spot,Fungal_Leaf_Spot,Correct,0.999996
datasets/test/Leaf_Blight/Leaf_Blight00131.jpg,Leaf_Blight,Leaf_Blight,Correct,0.998618
datasets/test/Fungal_Leaf_Spot/Fungal_Leaf_Spot00197.jpg,Fungal_Leaf_Spot,Fungal_Leaf_Spot,Correct,0.999979
datasets/test/Fungal_Leaf_Spot/Fungal_Leaf_Spot00516.jpg,Fungal_Leaf_Spot,Fungal_Leaf_Spot,Correct,0.999923
datasets/test/Leaf_Blight/Leaf_Blight00567.jpg,Leaf_Blight,Leaf_Blight,Correct,0.999999
datasets/test/Leaf_Gall/Leaf_Gall00346.jpg,Leaf_Gall,Leaf_Gall,Correct,0.982740
datasets/train/Curl_Leaf/Curl_Leaf00130.jpg,Curl_Leaf,Curl_Leaf,Correct,1.000000
datasets/train/Fungal_Leaf_Spot/Fungal_Leaf_Spot00061.jpg,Fungal_Leaf_Spot,Fungal_Leaf_Spot,Correct,0.999230
datasets/train/Leaf_Gall/Leaf_Gall00312.jpg,Leaf_Gall,Leaf_Gall,Correct,1.000000
datasets/train/Healthy_Leaf/Healthy_Leaf00295.jpg,Healthy_Leaf,Healthy_Leaf,Correct,0.999998
datasets/train/Dry_Leaf/Dry_Leaf00020.jpg,Dry_Leaf,Dry_Leaf,Correct,1.000000
datasets/test/Leaf_Gall/Leaf_Gall00132.jpg,Leaf_Gall,Leaf_Gall,Correct,0.999996
datasets/test/Anthrax_Leaf/Anthrax_Leaf00073.jpg,Anthrax_Leaf,Anthrax_Leaf,Correct,1.000000
datasets/train/Anthrax_Leaf/Anthrax_Leaf00029.jpg,Anthrax_Leaf,Anthrax_Leaf,Correct,0.999442
datasets/test/Fungal_Leaf_Spot/Fungal_Leaf_Spot00324.jpg,Fungal_Leaf_Spot,Fungal_Leaf_Spot,Correct,0.999882
datasets/train/Healthy_Leaf/Healthy_Leaf00574.jpg,Healthy_Leaf,Healthy_Leaf,Correct,0.999819
datasets/test/Healthy_Leaf/Healthy_Leaf00435.jpg,Healthy_Leaf,Healthy_Leaf,Correct,0.999930
datasets/test/Fungal_Leaf_Spot/Fungal_Leaf_Spot00506.jpg,Fungal_Leaf_Spot,Fungal_Leaf_Spot,Correct,0.997428
datasets/test/Felt_Leaf/Felt_Leaf00166.jpg,Felt_Leaf,Leaf_Gall,Incorrect,0.878277
datasets/train/Leaf_Gall/Leaf_Gall00512.jpg,Leaf_Gall,Leaf_Gall,Correct,0.999638
datasets/test/Healthy_Leaf/Healthy_Leaf00509.jpg,Healthy_Leaf,Healthy_Leaf,Correct,0.982465
datasets/train/Bituminous_Leaf/Bituminous_Leaf00002.jpg,Bituminous_Leaf,Bituminous_Leaf,Correct,0.987480
datasets/train/Healthy_Leaf/Healthy_Leaf00543.jpg,Healthy_Leaf,Healthy_Leaf,Correct,0.999850
datasets/test/Healthy_Leaf/Healthy_Leaf00517.jpg,Healthy_Leaf,Healthy_Leaf,Correct,0.504858
datasets/train/Leaf_Gall/Leaf_Gall00370.jpg,Leaf_Gall,Leaf_Gall,Correct,0.999997
datasets/test/Curl_Leaf/Curl_Leaf00084.jpg,Curl_Leaf,Curl_Leaf,Correct,0.999986
datasets/test/Healthy_Leaf/Healthy_Leaf00474.jpg,Healthy_Leaf,Healthy_Leaf,Correct,0.996924
datasets/train/Felt_Leaf/Felt_Leaf00220.jpg,Felt_Leaf,Felt_Leaf,Correct,0.999288
datasets/test/Bituminous_Leaf/Bituminous_Leaf00087.jpg,Bituminous_Leaf,Bituminous_Leaf,Correct,0.999643
datasets/train/Felt_Leaf/Felt_Leaf00283.jpg,Felt_Leaf,Felt_Leaf,Correct,0.978961
datasets/test/Healthy_Leaf/Healthy_Leaf00341.jpg,Healthy_Leaf,Healthy_Leaf,Correct,1.000000
datasets/train/Dry_Leaf/Dry_Leaf00011.jpg,Dry_Leaf,Dry_Leaf,Correct,0.999999
datasets/test/Bituminous_Leaf/Bituminous_Leaf00020.jpg,Bituminous_Leaf,Bituminous_Leaf,Correct,0.999896
datasets/test/Leaf_Gall/Leaf_Gall00291.jpg,Leaf_Gall,Leaf_Gall,Correct,1.000000
datasets/test/Fungal_Leaf_Spot/Fungal_Leaf_Spot00421.jpg,Fungal_Leaf_Spot,Fungal_Leaf_Spot,Correct,0.999915
datasets/test/Leaf_Gall/Leaf_Gall00465.jpg,Leaf_Gall,Leaf_Gall,Correct,0.845489
datasets/test/Bituminous_Leaf/Bituminous_Leaf00047.jpg,Bituminous_Leaf,Bituminous_Leaf,Correct,0.999112
datasets/test/Healthy_Leaf/Healthy_Leaf00171.jpg,Healthy_Leaf,Healthy_Leaf,Correct,1.000000
datasets/test/Dry_Leaf/Dry_Leaf00218.jpg,Dry_Leaf,Dry_Leaf,Correct,0.999956
datasets/test/Dry_Leaf/Dry_Leaf00084.jpg,Dry_Leaf,Dry_Leaf,Correct,0.999915
datasets/train/Anthrax_Leaf/Anthrax_Leaf00096.jpg,Anthrax_Leaf,Anthrax_Leaf,Correct,0.999952
datasets/test/Bituminous_Leaf/Bituminous_Leaf00074.jpg,Bituminous_Leaf,Bituminous_Leaf,Correct,0.999999
datasets/test/Curl_Leaf/Curl_Leaf00167.jpg,Curl_Leaf,Curl_Leaf,Correct,0.999999
datasets/train/Healthy_Leaf/Healthy_Leaf00489.jpg,Healthy_Leaf,Healthy_Leaf,Correct,0.999532
datasets/train/Leaf_Gall/Leaf_Gall00145.jpg,Leaf_Gall,Leaf_Gall,Correct,0.998078
datasets/train/Leaf_Gall/Leaf_Gall00460.jpg,Leaf_Gall,Leaf_Gall,Correct,0.998719
datasets/train/Fungal_Leaf_Spot/Fungal_Leaf_Spot00189.jpg,Fungal_Leaf_Spot,Fungal_Leaf_Spot,Correct,0.999299
datasets/test/Healthy_Leaf/Healthy_Leaf00204.jpg,Healthy_Leaf,Healthy_Leaf,Correct,0.991346
datasets/train/Leaf_Gall/Leaf_Gall00319.jpg,Leaf_Gall,Leaf_Gall,Correct,1.000000
datasets/train/Bituminous_Leaf/Bituminous_Leaf00062.jpg,Bituminous_Leaf,Bituminous_Leaf,Correct,0.999989
datasets/test/Bituminous_Leaf/Bituminous_Leaf00032.jpg,Bituminous_Leaf,Bituminous_Leaf,Correct,0.999994
datasets/test/Felt_Leaf/Felt_Leaf00354.jpg,Felt_Leaf,Felt_Leaf,Correct,0.935340
datasets/test/Leaf_Blight/Leaf_Blight00508.jpg,Leaf_Blight,Leaf_Blight,Correct,0.999998
datasets/train/Leaf_Blight/Leaf_Blight00168.jpg,Leaf_Blight,Leaf_Blight,Correct,0.964966
datasets/test/Bituminous_Leaf/Bituminous_Leaf00001.jpg,Bituminous_Leaf,Bituminous_Leaf,Correct,0.889865
datasets/train/Fungal_Leaf_Spot/Fungal_Leaf_Spot00248.jpg,Fungal_Leaf_Spot,Fungal_Leaf_Spot,Correct,0.999416
datasets/test/Leaf_Gall/Leaf_Gall00246.jpg,Leaf_Gall,Leaf_Gall,Correct,1.000000
datasets/test/Leaf_Blight/Leaf_Blight00094.jpg,Leaf_Blight,Leaf_Blight,Correct,0.999898
datasets/test/Healthy_Leaf/Healthy_Leaf00540.jpg,Healthy_Leaf,Healthy_Leaf,Correct,0.999960
datasets/train/Leaf_Gall/Leaf_Gall00585.jpg,Leaf_Gall,Leaf_Gall,Correct,0.997978
datasets/train/Fungal_Leaf_Spot/Fungal_Leaf_Spot00018.jpg,Fungal_Leaf_Spot,Fungal_Leaf_Spot,Correct,0.998465
datasets/train/Fungal_Leaf_Spot/Fungal_Leaf_Spot00543.jpg,Fungal_Leaf_Spot,Fungal_Leaf_Spot,Correct,0.997024
datasets/train/Healthy_Leaf/Healthy_Leaf00074.jpg,Healthy_Leaf,Healthy_Leaf,Correct,0.999999
datasets/test/Dry_Leaf/Dry_Leaf00245.jpg,Dry_Leaf,Dry_Leaf,Correct,0.999993
datasets/test/Dry_Leaf/Dry_Leaf00239.jpg,Dry_Leaf,Dry_Leaf,Correct,1.000000
datasets/test/Healthy_Leaf/Healthy_Leaf00093.jpg,Healthy_Leaf,Healthy_Leaf,Correct,1.000000
datasets/train/Leaf_Gall/Leaf_Gall00093.jpg,Leaf_Gall,Leaf_Gall,Correct,1.000000
datasets/test/Healthy_Leaf/Healthy_Leaf00569.jpg,Healthy_Leaf,Healthy_Leaf,Correct,0.999751
datasets/test/Felt_Leaf/Felt_Leaf00022.jpg,Felt_Leaf,Felt_Leaf,Correct,0.999234
datasets/test/Fungal_Leaf_Spot/Fungal_Leaf_Spot00020.jpg,Fungal_Leaf_Spot,Fungal_Leaf_Spot,Correct,0.997730
datasets/test/Anthrax_Leaf/Anthrax_Leaf00048.jpg,Anthrax_Leaf,Anthrax_Leaf,Correct,0.999435
datasets/train/Felt_Leaf/Felt_Leaf00177.jpg,Felt_Leaf,Felt_Leaf,Correct,0.999985
datasets/train/Leaf_Blight/Leaf_Blight00185.jpg,Leaf_Blight,Leaf_Blight,Correct,0.996900
datasets/train/Felt_Leaf/Felt_Leaf00035.jpg,Felt_Leaf,Felt_Leaf,Correct,0.990906
datasets/train/Leaf_Blight/Leaf_Blight00504.jpg,Leaf_Blight,Leaf_Blight,Correct,0.999785
datasets/test/Curl_Leaf/Curl_Leaf00148.jpg,Curl_Leaf,Curl_Leaf,Correct,0.999717
datasets/test/Healthy_Leaf/Healthy_Leaf00001.jpg,Healthy_Leaf,Healthy_Leaf,Correct,1.000000
datasets/train/Dry_Leaf/Dry_Leaf00115.jpg,Dry_Leaf,Dry_Leaf,Correct,1.000000
datasets/test/Leaf_Gall/Leaf_Gall00059.jpg,Leaf_Gall,Leaf_Gall,Correct,0.999965
datasets/test/Fungal_Leaf_Spot/Fungal_Leaf_Spot00183.jpg,Fungal_Leaf_Spot,Fungal_Leaf_Spot,Correct,0.999950
datasets/test/Anthrax_Leaf/Anthrax_Leaf00045.jpg,Anthrax_Leaf,Anthrax_Leaf,Correct,0.999988
datasets/test/Deficiency_Leaf/Deficiency_Leaf00088.jpg,Deficiency_Leaf,Deficiency_Leaf,Correct,0.792704
datasets/test/Dry_Leaf/Dry_Leaf00341.jpg,Dry_Leaf,Dry_Leaf,Correct,1.000000
datasets/test/Fungal_Leaf_Spot/Fungal_Leaf_Spot00159.jpg,Fungal_Leaf_Spot,Fungal_Leaf_Spot,Correct,0.999995
datasets/test/Felt_Leaf/Felt_Leaf00379.jpg,Felt_Leaf,Felt_Leaf,Correct,0.994763
datasets/train/Deficiency_Leaf/Deficiency_Leaf00035.jpg,Deficiency_Leaf,Deficiency_Leaf,Correct,0.987754
datasets/train/Felt_Leaf/Felt_Leaf00285.jpg,Felt_Leaf,Felt_Leaf,Correct,0.999830
datasets/train/Leaf_Blight/Leaf_Blight00243.jpg,Leaf_Blight,Leaf_Blight,Correct,0.999999
datasets/train/Fungal_Leaf_Spot/Fungal_Leaf_Spot00434.jpg,Fungal_Leaf_Spot,Fungal_Leaf_Spot,Correct,0.999995
datasets/test/Fungal_Leaf_Spot/Fungal_Leaf_Spot00123.jpg,Fungal_Leaf_Spot,Fungal_Leaf_Spot,Correct,0.990047
datasets/test/Leaf_Gall/Leaf_Gall00521.jpg,Leaf_Gall,Leaf_Gall,Correct,0.999646
datasets/test/Fungal_Leaf_Spot/Fungal_Leaf_Spot00244.jpg,Fungal_Leaf_Spot,Fungal_Leaf_Spot,Correct,0.996658
datasets/train/Healthy_Leaf/Healthy_Leaf00462.jpg,Healthy_Leaf,Healthy_Leaf,Correct,0.999865
datasets/train/Healthy_Leaf/Healthy_Leaf00099.jpg,Healthy_Leaf,Healthy_Leaf,Correct,1.000000
datasets/test/Leaf_Blight/Leaf_Blight00555.jpg,Leaf_Blight,Leaf_Blight,Correct,1.000000
datasets/test/Felt_Leaf/Felt_Leaf00290.jpg,Felt_Leaf,Felt_Leaf,Correct,0.993070
datasets/test/Healthy_Leaf/Healthy_Leaf00400.jpg,Healthy_Leaf,Healthy_Leaf,Correct,0.997434
datasets/test/Fungal_Leaf_Spot/Fungal_Leaf_Spot00479.jpg,Fungal_Leaf_Spot,Fungal_Leaf_Spot,Correct,0.997772
datasets/test/Dry_Leaf/Dry_Leaf00288.jpg,Dry_Leaf,Dry_Leaf,Correct,0.999997
datasets/test/Healthy_Leaf/Healthy_Leaf00535.jpg,Healthy_Leaf,Healthy_Leaf,Correct,0.999882
datasets/train/Fungal_Leaf_Spot/Fungal_Leaf_Spot00147.jpg,Fungal_Leaf_Spot,Fungal_Leaf_Spot,Correct,0.999968
datasets/test/Leaf_Blight/Leaf_Blight00462.jpg,Leaf_Blight,Leaf_Blight,Correct,0.995172
datasets/test/Leaf_Gall/Leaf_Gall00365.jpg,Leaf_Gall,Leaf_Gall,Correct,0.999778
datasets/test/Healthy_Leaf/Healthy_Leaf00320.jpg,Healthy_Leaf,Healthy_Leaf,Correct,0.999875
datasets/test/Anthrax_Leaf/Anthrax_Leaf00007.jpg,Anthrax_Leaf,Anthrax_Leaf,Correct,0.989962
datasets/test/Healthy_Leaf/Healthy_Leaf00057.jpg,Healthy_Leaf,Healthy_Leaf,Correct,1.000000
datasets/train/Dry_Leaf/Dry_Leaf00365.jpg,Dry_Leaf,Dry_Leaf,Correct,0.999891
datasets/test/Dry_Leaf/Dry_Leaf00306.jpg,Dry_Leaf,Dry_Leaf,Correct,1.000000
datasets/test/Anthrax_Leaf/Anthrax_Leaf00027.jpg,Anthrax_Leaf,Anthrax_Leaf,Correct,0.979444
datasets/test/Healthy_Leaf/Healthy_Leaf00364.jpg,Healthy_Leaf,Healthy_Leaf,Correct,0.998200
datasets/test/Fungal_Leaf_Spot/Fungal_Leaf_Spot00241.jpg,Fungal_Leaf_Spot,Fungal_Leaf_Spot,Correct,0.994648
datasets/test/Fungal_Leaf_Spot/Fungal_Leaf_Spot00427.jpg,Fungal_Leaf_Spot,Fungal_Leaf_Spot,Correct,0.991112
datasets/train/Leaf_Blight/Leaf_Blight00252.jpg,Leaf_Blight,Leaf_Blight,Correct,0.999999
datasets/train/Leaf_Blight/Leaf_Blight00072.jpg,Leaf_Blight,Leaf_Blight,Correct,0.999819
datasets/train/Dry_Leaf/Dry_Leaf00313.jpg,Dry_Leaf,Dry_Leaf,Correct,1.000000
datasets/train/Healthy_Leaf/Healthy_Leaf00139.jpg,Healthy_Leaf,Healthy_Leaf,Correct,1.000000
datasets/train/Fungal_Leaf_Spot/Fungal_Leaf_Spot00514.jpg,Fungal_Leaf_Spot,Fungal_Leaf_Spot,Correct,0.999022
datasets/test/Curl_Leaf/Curl_Leaf00113.jpg,Curl_Leaf,Curl_Leaf,Correct,0.999984
datasets/test/Leaf_Gall/Leaf_Gall00041.jpg,Leaf_Gall,Bituminous_Leaf,Incorrect,0.707609
datasets/train/Fungal_Leaf_Spot/Fungal_Leaf_Spot00257.jpg,Fungal_Leaf_Spot,Fungal_Leaf_Spot,Correct,0.999999
datasets/test/Fungal_Leaf_Spot/Fungal_Leaf_Spot00523.jpg,Fungal_Leaf_Spot,Fungal_Leaf_Spot,Correct,0.998827
datasets/test/Fungal_Leaf_Spot/Fungal_Leaf_Spot00223.jpg,Fungal_Leaf_Spot,Fungal_Leaf_Spot,Correct,0.999987
datasets/test/Curl_Leaf/Curl_Leaf00139.jpg,Curl_Leaf,Curl_Leaf,Correct,1.000000
datasets/train/Dry_Leaf/Dry_Leaf00137.jpg,Dry_Leaf,Dry_Leaf,Correct,1.000000
datasets/test/Healthy_Leaf/Healthy_Leaf00393.jpg,Healthy_Leaf,Healthy_Leaf,Correct,0.998652
datasets/test/Bituminous_Leaf/Bituminous_Leaf00088.jpg,Bituminous_Leaf,Bituminous_Leaf,Correct,0.991763
datasets/test/Dry_Leaf/Dry_Leaf00361.jpg,Dry_Leaf,Dry_Leaf,Correct,0.889368
datasets/train/Fungal_Leaf_Spot/Fungal_Leaf_Spot00414.jpg,Fungal_Leaf_Spot,Fungal_Leaf_Spot,Correct,0.999915
datasets/test/Healthy_Leaf/Healthy_Leaf00177.jpg,Healthy_Leaf,Healthy_Leaf,Correct,0.999917
datasets/test/Leaf_Blight/Leaf_Blight00151.jpg,Leaf_Blight,Leaf_Blight,Correct,0.998941
datasets/test/Healthy_Leaf/Healthy_Leaf00485.jpg,Healthy_Leaf,Healthy_Leaf,Correct,0.999421
datasets/test/Leaf_Gall/Leaf_Gall00293.jpg,Leaf_Gall,Leaf_Gall,Correct,0.999999
datasets/test/Healthy_Leaf/Healthy_Leaf00440.jpg,Healthy_Leaf,Healthy_Leaf,Correct,0.999996
datasets/train/Dry_Leaf/Dry_Leaf00017.jpg,Dry_Leaf,Dry_Leaf,Correct,1.000000
datasets/test/Fungal_Leaf_Spot/Fungal_Leaf_Spot00045.jpg,Fungal_Leaf_Spot,Fungal_Leaf_Spot,Correct,1.000000
datasets/train/Anthrax_Leaf/Anthrax_Leaf00116.jpg,Anthrax_Leaf,Anthrax_Leaf,Correct,0.999990
datasets/test/Leaf_Gall/Leaf_Gall00609.jpg,Leaf_Gall,Leaf_Gall,Correct,0.999995
datasets/test/Dry_Leaf/Dry_Leaf00332.jpg,Dry_Leaf,Dry_Leaf,Correct,1.000000
datasets/train/Leaf_Blight/Leaf_Blight00492.jpg,Leaf_Blight,Leaf_Blight,Correct,0.999999
datasets/test/Leaf_Blight/Leaf_Blight00082.jpg,Leaf_Blight,Leaf_Blight,Correct,0.999031
datasets/test/Anthrax_Leaf/Anthrax_Leaf00011.jpg,Anthrax_Leaf,Anthrax_Leaf,Correct,0.998764
datasets/test/Curl_Leaf/Curl_Leaf00142.jpg,Curl_Leaf,Curl_Leaf,Correct,0.605010
datasets/test/Fungal_Leaf_Spot/Fungal_Leaf_Spot00268.jpg,Fungal_Leaf_Spot,Fungal_Leaf_Spot,Correct,0.999988
datasets/test/Leaf_Blight/Leaf_Blight00495.jpg,Leaf_Blight,Leaf_Blight,Correct,1.000000
datasets/test/Healthy_Leaf/Healthy_Leaf00188.jpg,Healthy_Leaf,Healthy_Leaf,Correct,0.999996
datasets/test/Leaf_Gall/Leaf_Gall00562.jpg,Leaf_Gall,Leaf_Gall,Correct,1.000000
datasets/test/Healthy_Leaf/Healthy_Leaf00622.jpg,Healthy_Leaf,Healthy_Leaf,Correct,0.999995
datasets/test/Curl_Leaf/Curl_Leaf00136.jpg,Curl_Leaf,Curl_Leaf,Correct,1.000000
datasets/test/Healthy_Leaf/Healthy_Leaf00021.jpg,Healthy_Leaf,Healthy_Leaf,Correct,0.999921
datasets/train/Leaf_Blight/Leaf_Blight00219.jpg,Leaf_Blight,Leaf_Blight,Correct,1.000000
datasets/test/Dry_Leaf/Dry_Leaf00167.jpg,Dry_Leaf,Dry_Leaf,Correct,1.000000
datasets/train/Healthy_Leaf/Healthy_Leaf00494.jpg,Healthy_Leaf,Healthy_Leaf,Correct,0.994766
datasets/test/Leaf_Gall/Leaf_Gall00123.jpg,Leaf_Gall,Leaf_Gall,Correct,0.995441
datasets/train/Leaf_Gall/Leaf_Gall00262.jpg,Leaf_Gall,Leaf_Gall,Correct,0.999995
datasets/train/Felt_Leaf/Felt_Leaf00254.jpg,Felt_Leaf,Felt_Leaf,Correct,0.990097
datasets/train/Fungal_Leaf_Spot/Fungal_Leaf_Spot00057.jpg,Fungal_Leaf_Spot,Fungal_Leaf_Spot,Correct,0.999988
datasets/test/Fungal_Leaf_Spot/Fungal_Leaf_Spot00051.jpg,Fungal_Leaf_Spot,Fungal_Leaf_Spot,Correct,0.999927
datasets/test/Bituminous_Leaf/Bituminous_Leaf00128.jpg,Bituminous_Leaf,Bituminous_Leaf,Correct,0.999977
datasets/test/Leaf_Gall/Leaf_Gall00267.jpg,Leaf_Gall,Leaf_Gall,Correct,0.999926
datasets/test/Leaf_Blight/Leaf_Blight00269.jpg,Leaf_Blight,Leaf_Blight,Correct,0.999999
datasets/train/Leaf_Gall/Leaf_Gall00066.jpg,Leaf_Gall,Leaf_Gall,Correct,0.999986
datasets/test/Curl_Leaf/Curl_Leaf00168.jpg,Curl_Leaf,Curl_Leaf,Correct,1.000000
datasets/test/Bituminous_Leaf/Bituminous_Leaf00063.jpg,Bituminous_Leaf,Bituminous_Leaf,Correct,0.999996
datasets/test/Healthy_Leaf/Healthy_Leaf00120.jpg,Healthy_Leaf,Healthy_Leaf,Correct,1.000000
datasets/test/Leaf_Blight/Leaf_Blight00064.jpg,Leaf_Blight,Leaf_Blight,Correct,0.997377
datasets/test/Deficiency_Leaf/Deficiency_Leaf00076.jpg,Deficiency_Leaf,Deficiency_Leaf,Correct,0.991175
datasets/train/Leaf_Gall/Leaf_Gall00315.jpg,Leaf_Gall,Leaf_Gall,Correct,0.999990
datasets/train/Anthrax_Leaf/Anthrax_Leaf00146.jpg,Anthrax_Leaf,Anthrax_Leaf,Correct,0.999998
datasets/test/Deficiency_Leaf/Deficiency_Leaf00117.jpg,Deficiency_Leaf,Deficiency_Leaf,Correct,0.990757
datasets/train/Healthy_Leaf/Healthy_Leaf00280.jpg,Healthy_Leaf,Healthy_Leaf,Correct,0.999991
datasets/test/Healthy_Leaf/Healthy_Leaf00294.jpg,Healthy_Leaf,Healthy_Leaf,Correct,0.999575
datasets/train/Dry_Leaf/Dry_Leaf00015.jpg,Dry_Leaf,Dry_Leaf,Correct,1.000000
datasets/test/Leaf_Blight/Leaf_Blight00276.jpg,Leaf_Blight,Leaf_Blight,Correct,0.999995
datasets/test/Leaf_Gall/Leaf_Gall00091.jpg,Leaf_Gall,Leaf_Gall,Correct,1.000000
datasets/test/Leaf_Gall/Leaf_Gall00558.jpg,Leaf_Gall,Leaf_Gall,Correct,0.999997
datasets/test/Anthrax_Leaf/Anthrax_Leaf00054.jpg,Anthrax_Leaf,Anthrax_Leaf,Correct,0.999998
datasets/test/Leaf_Blight/Leaf_Blight00469.jpg,Leaf_Blight,Leaf_Blight,Correct,0.999999
datasets/test/Healthy_Leaf/Healthy_Leaf00367.jpg,Healthy_Leaf,Healthy_Leaf,Correct,0.998541
datasets/train/Deficiency_Leaf/Deficiency_Leaf00015.jpg,Deficiency_Leaf,Deficiency_Leaf,Correct,0.601344
datasets/test/Felt_Leaf/Felt_Leaf00214.jpg,Felt_Leaf,Felt_Leaf,Correct,0.994966
datasets/test/Deficiency_Leaf/Deficiency_Leaf00116.jpg,Deficiency_Leaf,Deficiency_Leaf,Correct,0.999546
datasets/train/Healthy_Leaf/Healthy_Leaf00619.jpg,Healthy_Leaf,Healthy_Leaf,Correct,0.999999
datasets/train/Healthy_Leaf/Healthy_Leaf00236.jpg,Healthy_Leaf,Healthy_Leaf,Correct,0.999941
datasets/test/Leaf_Blight/Leaf_Blight00403.jpg,Leaf_Blight,Leaf_Blight,Correct,0.999743
datasets/test/Dry_Leaf/Dry_Leaf00254.jpg,Dry_Leaf,Dry_Leaf,Correct,1.000000
datasets/test/Leaf_Gall/Leaf_Gall00424.jpg,Leaf_Gall,Leaf_Gall,Correct,0.999838
datasets/test/Leaf_Blight/Leaf_Blight00270.jpg,Leaf_Blight,Leaf_Blight,Correct,0.999994
datasets/test/Healthy_Leaf/Healthy_Leaf00313.jpg,Healthy_Leaf,Healthy_Leaf,Correct,0.999996
datasets/test/Healthy_Leaf/Healthy_Leaf00497.jpg,Healthy_Leaf,Healthy_Leaf,Correct,0.999756
datasets/test/Deficiency_Leaf/Deficiency_Leaf00032.jpg,Deficiency_Leaf,Deficiency_Leaf,Correct,0.995522
datasets/test/Dry_Leaf/Dry_Leaf00271.jpg,Dry_Leaf,Dry_Leaf,Correct,0.999993
datasets/test/Leaf_Blight/Leaf_Blight00563.jpg,Leaf_Blight,Leaf_Blight,Correct,1.000000
datasets/test/Leaf_Gall/Leaf_Gall00260.jpg,Leaf_Gall,Leaf_Gall,Correct,0.999951
datasets/train/Healthy_Leaf/Healthy_Leaf00198.jpg,Healthy_Leaf,Healthy_Leaf,Correct,0.999896
datasets/test/Leaf_Gall/Leaf_Gall00359.jpg,Leaf_Gall,Leaf_Gall,Correct,0.527839
datasets/test/Dry_Leaf/Dry_Leaf00212.jpg,Dry_Leaf,Dry_Leaf,Correct,0.999976
datasets/test/Leaf_Gall/Leaf_Gall00518.jpg,Leaf_Gall,Leaf_Gall,Correct,0.996138
datasets/train/Anthrax_Leaf/Anthrax_Leaf00021.jpg,Anthrax_Leaf,Anthrax_Leaf,Correct,0.998957
datasets/test/Fungal_Leaf_Spot/Fungal_Leaf_Spot00279.jpg,Fungal_Leaf_Spot,Fungal_Leaf_Spot,Correct,0.999954
datasets/test/Leaf_Blight/Leaf_Blight00104.jpg,Leaf_Blight,Leaf_Blight,Correct,0.991973
datasets/train/Bituminous_Leaf/Bituminous_Leaf00125.jpg,Bituminous_Leaf,Bituminous_Leaf,Correct,0.999997
datasets/test/Felt_Leaf/Felt_Leaf00074.jpg,Felt_Leaf,Felt_Leaf,Correct,0.999997
datasets/train/Healthy_Leaf/Healthy_Leaf00240.jpg,Healthy_Leaf,Healthy_Leaf,Correct,0.999969
datasets/train/Bituminous_Leaf/Bituminous_Leaf00033.jpg,Bituminous_Leaf,Bituminous_Leaf,Correct,0.990187
datasets/test/Deficiency_Leaf/Deficiency_Leaf00099.jpg,Deficiency_Leaf,Deficiency_Leaf,Correct,0.533712
datasets/test/Healthy_Leaf/Healthy_Leaf00059.jpg,Healthy_Leaf,Healthy_Leaf,Correct,1.000000
datasets/test/Fungal_Leaf_Spot/Fungal_Leaf_Spot00366.jpg,Fungal_Leaf_Spot,Fungal_Leaf_Spot,Correct,0.999813
datasets/test/Leaf_Gall/Leaf_Gall00184.jpg,Leaf_Gall,Leaf_Gall,Correct,0.999996
datasets/test/Anthrax_Leaf/Anthrax_Leaf00074.jpg,Anthrax_Leaf,Anthrax_Leaf,Correct,0.999997
datasets/train/Fungal_Leaf_Spot/Fungal_Leaf_Spot00175.jpg,Fungal_Leaf_Spot,Fungal_Leaf_Spot,Correct,0.996547
datasets/test/Healthy_Leaf/Healthy_Leaf00255.jpg,Healthy_Leaf,Healthy_Leaf,Correct,0.999996
datasets/train/Leaf_Blight/Leaf_Blight00443.jpg,Leaf_Blight,Leaf_Blight,Correct,0.999996
datasets/test/Leaf_Blight/Leaf_Blight00321.jpg,Leaf_Blight,Leaf_Blight,Correct,1.000000
datasets/test/Fungal_Leaf_Spot/Fungal_Leaf_Spot00265.jpg,Fungal_Leaf_Spot,Fungal_Leaf_Spot,Correct,0.999801
datasets/test/Dry_Leaf/Dry_Leaf00036.jpg,Dry_Leaf,Dry_Leaf,Correct,1.000000
datasets/test/Healthy_Leaf/Healthy_Leaf00613.jpg,Healthy_Leaf,Healthy_Leaf,Correct,0.858642
datasets/train/Anthrax_Leaf/Anthrax_Leaf00056.jpg,Anthrax_Leaf,Anthrax_Leaf,Correct,0.999997
datasets/test/Dry_Leaf/Dry_Leaf00114.jpg,Dry_Leaf,Dry_Leaf,Correct,1.000000
datasets/train/Leaf_Gall/Leaf_Gall00548.jpg,Leaf_Gall,Leaf_Gall,Correct,0.999920
datasets/test/Leaf_Gall/Leaf_Gall00273.jpg,Leaf_Gall,Leaf_Gall,Correct,1.000000
datasets/test/Healthy_Leaf/Healthy_Leaf00180.jpg,Healthy_Leaf,Healthy_Leaf,Correct,0.998066
datasets/test/Felt_Leaf/Felt_Leaf00250.jpg,Felt_Leaf,Felt_Leaf,Correct,0.938298
datasets/test/Leaf_Blight/Leaf_Blight00102.jpg,Leaf_Blight,Leaf_Blight,Correct,0.986490
datasets/train/Curl_Leaf/Curl_Leaf00062.jpg,Curl_Leaf,Curl_Leaf,Correct,0.999999
datasets/test/Healthy_Leaf/Healthy_Leaf00087.jpg,Healthy_Leaf,Healthy_Leaf,Correct,0.999999
datasets/test/Healthy_Leaf/Healthy_Leaf00035.jpg,Healthy_Leaf,Healthy_Leaf,Correct,0.999119
datasets/test/Leaf_Blight/Leaf_Blight00052.jpg,Leaf_Blight,Leaf_Blight,Correct,0.999094
datasets/test/Fungal_Leaf_Spot/Fungal_Leaf_Spot00053.jpg,Fungal_Leaf_Spot,Fungal_Leaf_Spot,Correct,1.000000
datasets/test/Anthrax_Leaf/Anthrax_Leaf00125.jpg,Anthrax_Leaf,Anthrax_Leaf,Correct,1.000000
datasets/test/Leaf_Blight/Leaf_Blight00582.jpg,Leaf_Blight,Leaf_Blight,Correct,0.999932
datasets/train/Leaf_Gall/Leaf_Gall00587.jpg,Leaf_Gall,Leaf_Gall,Correct,1.000000
datasets/train/Felt_Leaf/Felt_Leaf00361.jpg,Felt_Leaf,Felt_Leaf,Correct,0.999947
datasets/test/Fungal_Leaf_Spot/Fungal_Leaf_Spot00284.jpg,Fungal_Leaf_Spot,Fungal_Leaf_Spot,Correct,0.999882
datasets/test/Felt_Leaf/Felt_Leaf00353.jpg,Felt_Leaf,Felt_Leaf,Correct,0.966114
datasets/train/Fungal_Leaf_Spot/Fungal_Leaf_Spot00340.jpg,Fungal_Leaf_Spot,Fungal_Leaf_Spot,Correct,0.999874
datasets/train/Dry_Leaf/Dry_Leaf00065.jpg,Dry_Leaf,Dry_Leaf,Correct,1.000000
datasets/train/Leaf_Blight/Leaf_Blight00460.jpg,Leaf_Blight,Leaf_Blight,Correct,0.998309
datasets/test/Leaf_Gall/Leaf_Gall00226.jpg,Leaf_Gall,Leaf_Gall,Correct,1.000000
datasets/train/Leaf_Gall/Leaf_Gall00144.jpg,Leaf_Gall,Leaf_Gall,Correct,1.000000
datasets/test/Felt_Leaf/Felt_Leaf00048.jpg,Felt_Leaf,Felt_Leaf,Correct,0.999999
datasets/test/Deficiency_Leaf/Deficiency_Leaf00016.jpg,Deficiency_Leaf,Deficiency_Leaf,Correct,0.995629
datasets/train/Felt_Leaf/Felt_Leaf00300.jpg,Felt_Leaf,Felt_Leaf,Correct,0.994557
datasets/train/Fungal_Leaf_Spot/Fungal_Leaf_Spot00561.jpg,Fungal_Leaf_Spot,Fungal_Leaf_Spot,Correct,0.996725
datasets/train/Deficiency_Leaf/Deficiency_Leaf00053.jpg,Deficiency_Leaf,Deficiency_Leaf,Correct,0.994740
datasets/test/Leaf_Blight/Leaf_Blight00499.jpg,Leaf_Blight,Leaf_Blight,Correct,1.000000
datasets/test/Dry_Leaf/Dry_Leaf00051.jpg,Dry_Leaf,Dry_Leaf,Correct,0.999999
datasets/train/Felt_Leaf/Felt_Leaf00047.jpg,Felt_Leaf,Felt_Leaf,Correct,1.000000
datasets/train/Healthy_Leaf/Healthy_Leaf00303.jpg,Healthy_Leaf,Healthy_Leaf,Correct,0.999725
datasets/test/Leaf_Blight/Leaf_Blight00564.jpg,Leaf_Blight,Leaf_Blight,Correct,0.999999
datasets/test/Curl_Leaf/Curl_Leaf00129.jpg,Curl_Leaf,Curl_Leaf,Correct,0.999994
datasets/test/Leaf_Gall/Leaf_Gall00219.jpg,Leaf_Gall,Leaf_Gall,Correct,1.000000
datasets/test/Leaf_Gall/Leaf_Gall00392.jpg,Leaf_Gall,Leaf_Gall,Correct,1.000000
datasets/test/Felt_Leaf/Felt_Leaf00306.jpg,Felt_Leaf,Felt_Leaf,Correct,0.997717
datasets/train/Felt_Leaf/Felt_Leaf00142.jpg,Felt_Leaf,Felt_Leaf,Correct,0.998536
datasets/test/Healthy_Leaf/Healthy_Leaf00545.jpg,Healthy_Leaf,Healthy_Leaf,Correct,0.999974
datasets/train/Leaf_Blight/Leaf_Blight00036.jpg,Leaf_Blight,Leaf_Blight,Correct,1.000000
datasets/test/Leaf_Gall/Leaf_Gall00471.jpg,Leaf_Gall,Leaf_Gall,Correct,1.000000
datasets/train/Leaf_Gall/Leaf_Gall00336.jpg,Leaf_Gall,Leaf_Gall,Correct,0.987989
datasets/test/Healthy_Leaf/Healthy_Leaf00460.jpg,Healthy_Leaf,Healthy_Leaf,Correct,1.000000
datasets/test/Healthy_Leaf/Healthy_Leaf00291.jpg,Healthy_Leaf,Healthy_Leaf,Correct,0.999993
datasets/train/Bituminous_Leaf/Bituminous_Leaf00106.jpg,Bituminous_Leaf,Bituminous_Leaf,Correct,0.980970
datasets/test/Dry_Leaf/Dry_Leaf00107.jpg,Dry_Leaf,Dry_Leaf,Correct,1.000000
datasets/train/Leaf_Blight/Leaf_Blight00404.jpg,Leaf_Blight,Leaf_Blight,Correct,0.982866
datasets/test/Fungal_Leaf_Spot/Fungal_Leaf_Spot00357.jpg,Fungal_Leaf_Spot,Fungal_Leaf_Spot,Correct,0.999041
datasets/test/Healthy_Leaf/Healthy_Leaf00121.jpg,Healthy_Leaf,Healthy_Leaf,Correct,1.000000
datasets/test/Dry_Leaf/Dry_Leaf00122.jpg,Dry_Leaf,Dry_Leaf,Correct,1.000000
datasets/test/Felt_Leaf/Felt_Leaf00017.jpg,Felt_Leaf,Felt_Leaf,Correct,0.987966
datasets/test/Leaf_Blight/Leaf_Blight00272.jpg,Leaf_Blight,Leaf_Blight,Correct,0.999999
datasets/test/Felt_Leaf/Felt_Leaf00129.jpg,Felt_Leaf,Felt_Leaf,Correct,1.000000
datasets/train/Healthy_Leaf/Healthy_Leaf00037.jpg,Healthy_Leaf,Healthy_Leaf,Correct,0.998673
datasets/train/Leaf_Gall/Leaf_Gall00060.jpg,Leaf_Gall,Leaf_Gall,Correct,0.999900
datasets/test/Dry_Leaf/Dry_Leaf00179.jpg,Dry_Leaf,Dry_Leaf,Correct,1.000000
datasets/test/Felt_Leaf/Felt_Leaf00380.jpg,Felt_Leaf,Felt_Leaf,Correct,0.999992
datasets/train/Healthy_Leaf/Healthy_Leaf00396.jpg,Healthy_Leaf,Healthy_Leaf,Correct,0.999996
datasets/train/Leaf_Blight/Leaf_Blight00428.jpg,Leaf_Blight,Leaf_Blight,Correct,1.000000
datasets/test/Leaf_Gall/Leaf_Gall00099.jpg,Leaf_Gall,Leaf_Gall,Correct,1.000000
datasets/test/Leaf_Blight/Leaf_Blight00361.jpg,Leaf_Blight,Leaf_Blight,Correct,0.999999
datasets/test/Bituminous_Leaf/Bituminous_Leaf00017.jpg,Bituminous_Leaf,Bituminous_Leaf,Correct,0.999966
datasets/train/Felt_Leaf/Felt_Leaf00181.jpg,Felt_Leaf,Felt_Leaf,Correct,0.999150
datasets/test/Dry_Leaf/Dry_Leaf00132.jpg,Dry_Leaf,Dry_Leaf,Correct,1.000000
datasets/test/Leaf_Gall/Leaf_Gall00483.jpg,Leaf_Gall,Leaf_Gall,Correct,1.000000
datasets/test/Fungal_Leaf_Spot/Fungal_Leaf_Spot00087.jpg,Fungal_Leaf_Spot,Fungal_Leaf_Spot,Correct,0.999876
datasets/train/Dry_Leaf/Dry_Leaf00309.jpg,Dry_Leaf,Dry_Leaf,Correct,1.000000
datasets/train/Dry_Leaf/Dry_Leaf00113.jpg,Dry_Leaf,Dry_Leaf,Correct,1.000000
datasets/train/Healthy_Leaf/Healthy_Leaf00027.jpg,Healthy_Leaf,Healthy_Leaf,Correct,0.999927
datasets/train/Leaf_Gall/Leaf_Gall00245.jpg,Leaf_Gall,Leaf_Gall,Correct,0.999994
datasets/train/Leaf_Gall/Leaf_Gall00214.jpg,Leaf_Gall,Leaf_Gall,Correct,1.000000
datasets/test/Leaf_Gall/Leaf_Gall00334.jpg,Leaf_Gall,Leaf_Gall,Correct,0.984500
datasets/test/Leaf_Gall/Leaf_Gall00541.jpg,Leaf_Gall,Leaf_Gall,Correct,0.999618
datasets/train/Healthy_Leaf/Healthy_Leaf00377.jpg,Healthy_Leaf,Healthy_Leaf,Correct,0.990074
datasets/train/Anthrax_Leaf/Anthrax_Leaf00136.jpg,Anthrax_Leaf,Anthrax_Leaf,Correct,0.999997
datasets/train/Leaf_Blight/Leaf_Blight00454.jpg,Leaf_Blight,Leaf_Blight,Correct,0.999946
datasets/test/Healthy_Leaf/Healthy_Leaf00187.jpg,Healthy_Leaf,Healthy_Leaf,Correct,0.999792
datasets/test/Curl_Leaf/Curl_Leaf00064.jpg,Curl_Leaf,Curl_Leaf,Correct,0.999996
datasets/test/Leaf_Blight/Leaf_Blight00318.jpg,Leaf_Blight,Leaf_Blight,Correct,1.000000
datasets/train/Leaf_Blight/Leaf_Blight00138.jpg,Leaf_Blight,Leaf_Blight,Correct,0.999585
datasets/test/Leaf_Blight/Leaf_Blight00137.jpg,Leaf_Blight,Leaf_Blight,Correct,0.999980
datasets/test/Leaf_Blight/Leaf_Blight00519.jpg,Leaf_Blight,Leaf_Blight,Correct,0.999188
datasets/test/Dry_Leaf/Dry_Leaf00347.jpg,Dry_Leaf,Dry_Leaf,Correct,0.999247
datasets/test/Leaf_Blight/Leaf_Blight00154.jpg,Leaf_Blight,Leaf_Blight,Correct,0.978009
datasets/test/Healthy_Leaf/Healthy_Leaf00175.jpg,Healthy_Leaf,Healthy_Leaf,Correct,1.000000
datasets/test/Leaf_Gall/Leaf_Gall00333.jpg,Leaf_Gall,Leaf_Gall,Correct,0.999881
datasets/test/Leaf_Gall/Leaf_Gall00500.jpg,Leaf_Gall,Leaf_Gall,Correct,1.000000
datasets/test/Leaf_Gall/Leaf_Gall00353.jpg,Leaf_Gall,Leaf_Gall,Correct,0.987048
datasets/train/Leaf_Blight/Leaf_Blight00215.jpg,Leaf_Blight,Leaf_Blight,Correct,0.997955
datasets/test/Felt_Leaf/Felt_Leaf00083.jpg,Felt_Leaf,Felt_Leaf,Correct,0.997913
datasets/train/Leaf_Gall/Leaf_Gall00110.jpg,Leaf_Gall,Leaf_Gall,Correct,0.999969
datasets/test/Curl_Leaf/Curl_Leaf00011.jpg,Curl_Leaf,Curl_Leaf,Correct,0.999990
datasets/test/Healthy_Leaf/Healthy_Leaf00605.jpg,Healthy_Leaf,Healthy_Leaf,Correct,0.994480
datasets/test/Healthy_Leaf/Healthy_Leaf00117.jpg,Healthy_Leaf,Healthy_Leaf,Correct,1.000000
datasets/test/Leaf_Blight/Leaf_Blight00033.jpg,Leaf_Blight,Leaf_Blight,Correct,1.000000
datasets/train/Dry_Leaf/Dry_Leaf00262.jpg,Dry_Leaf,Dry_Leaf,Correct,1.000000
datasets/train/Leaf_Blight/Leaf_Blight00273.jpg,Leaf_Blight,Leaf_Blight,Correct,0.999992
datasets/train/Healthy_Leaf/Healthy_Leaf00132.jpg,Healthy_Leaf,Healthy_Leaf,Correct,1.000000
datasets/train/Leaf_Blight/Leaf_Blight00568.jpg,Leaf_Blight,Leaf_Blight,Correct,0.999997
datasets/test/Leaf_Blight/Leaf_Blight00371.jpg,Leaf_Blight,Leaf_Blight,Correct,0.999991
datasets/train/Leaf_Blight/Leaf_Blight00127.jpg,Leaf_Blight,Leaf_Blight,Correct,1.000000
datasets/train/Deficiency_Leaf/Deficiency_Leaf00098.jpg,Deficiency_Leaf,Deficiency_Leaf,Correct,0.985113
datasets/test/Anthrax_Leaf/Anthrax_Leaf00002.jpg,Anthrax_Leaf,Anthrax_Leaf,Correct,0.999615
datasets/train/Leaf_Gall/Leaf_Gall00520.jpg,Leaf_Gall,Leaf_Gall,Correct,0.995265
datasets/test/Felt_Leaf/Felt_Leaf00144.jpg,Felt_Leaf,Felt_Leaf,Correct,0.999021
datasets/train/Leaf_Blight/Leaf_Blight00013.jpg,Leaf_Blight,Leaf_Blight,Correct,0.999999
datasets/train/Felt_Leaf/Felt_Leaf00033.jpg,Felt_Leaf,Felt_Leaf,Correct,0.999999
datasets/test/Anthrax_Leaf/Anthrax_Leaf00028.jpg,Anthrax_Leaf,Anthrax_Leaf,Correct,0.996600
datasets/train/Felt_Leaf/Felt_Leaf00032.jpg,Felt_Leaf,Felt_Leaf,Correct,0.999992
datasets/train/Dry_Leaf/Dry_Leaf00129.jpg,Dry_Leaf,Dry_Leaf,Correct,1.000000
datasets/test/Leaf_Blight/Leaf_Blight00096.jpg,Leaf_Blight,Leaf_Blight,Correct,0.999968
datasets/train/Leaf_Gall/Leaf_Gall00610.jpg,Leaf_Gall,Leaf_Gall,Correct,0.999977
datasets/train/Anthrax_Leaf/Anthrax_Leaf00075.jpg,Anthrax_Leaf,Anthrax_Leaf,Correct,0.999992
datasets/test/Leaf_Blight/Leaf_Blight00575.jpg,Leaf_Blight,Leaf_Blight,Correct,0.999975
datasets/test/Healthy_Leaf/Healthy_Leaf00127.jpg,Healthy_Leaf,Healthy_Leaf,Correct,1.000000
datasets/train/Healthy_Leaf/Healthy_Leaf00238.jpg,Healthy_Leaf,Healthy_Leaf,Correct,0.999548
datasets/test/Fungal_Leaf_Spot/Fungal_Leaf_Spot00221.jpg,Fungal_Leaf_Spot,Fungal_Leaf_Spot,Correct,0.999938
datasets/test/Fungal_Leaf_Spot/Fungal_Leaf_Spot00029.jpg,Fungal_Leaf_Spot,Fungal_Leaf_Spot,Correct,0.842918
datasets/train/Leaf_Gall/Leaf_Gall00416.jpg,Leaf_Gall,Leaf_Gall,Correct,0.999954
datasets/test/Fungal_Leaf_Spot/Fungal_Leaf_Spot00505.jpg,Fungal_Leaf_Spot,Fungal_Leaf_Spot,Correct,0.997825
datasets/test/Dry_Leaf/Dry_Leaf00372.jpg,Dry_Leaf,Dry_Leaf,Correct,0.997015
datasets/train/Leaf_Gall/Leaf_Gall00345.jpg,Leaf_Gall,Leaf_Gall,Correct,0.995757
datasets/test/Leaf_Blight/Leaf_Blight00583.jpg,Leaf_Blight,Leaf_Blight,Correct,0.999546
datasets/train/Leaf_Blight/Leaf_Blight00024.jpg,Leaf_Blight,Leaf_Blight,Correct,0.999994
datasets/test/Healthy_Leaf/Healthy_Leaf00306.jpg,Healthy_Leaf,Healthy_Leaf,Correct,0.999993
datasets/test/Dry_Leaf/Dry_Leaf00191.jpg,Dry_Leaf,Dry_Leaf,Correct,1.000000
datasets/train/Felt_Leaf/Felt_Leaf00117.jpg,Felt_Leaf,Felt_Leaf,Correct,0.999997
datasets/test/Felt_Leaf/Felt_Leaf00331.jpg,Felt_Leaf,Felt_Leaf,Correct,0.981022
datasets/train/Fungal_Leaf_Spot/Fungal_Leaf_Spot00172.jpg,Fungal_Leaf_Spot,Fungal_Leaf_Spot,Correct,0.998513
datasets/train/Leaf_Blight/Leaf_Blight00366.jpg,Leaf_Blight,Leaf_Blight,Correct,0.999454
datasets/train/Leaf_Gall/Leaf_Gall00150.jpg,Leaf_Gall,Leaf_Gall,Correct,0.974168
datasets/train/Felt_Leaf/Felt_Leaf00009.jpg,Felt_Leaf,Felt_Leaf,Correct,0.999490
datasets/train/Bituminous_Leaf/Bituminous_Leaf00112.jpg,Bituminous_Leaf,Bituminous_Leaf,Correct,0.990074
datasets/train/Fungal_Leaf_Spot/Fungal_Leaf_Spot00531.jpg,Fungal_Leaf_Spot,Fungal_Leaf_Spot,Correct,0.993845
datasets/test/Dry_Leaf/Dry_Leaf00289.jpg,Dry_Leaf,Dry_Leaf,Correct,1.000000
datasets/test/Healthy_Leaf/Healthy_Leaf00333.jpg,Healthy_Leaf,Healthy_Leaf,Correct,0.999999
datasets/test/Dry_Leaf/Dry_Leaf00116.jpg,Dry_Leaf,Dry_Leaf,Correct,1.000000
datasets/test/Fungal_Leaf_Spot/Fungal_Leaf_Spot00495.jpg,Fungal_Leaf_Spot,Fungal_Leaf_Spot,Correct,0.999980
datasets/train/Healthy_Leaf/Healthy_Leaf00033.jpg,Healthy_Leaf,Healthy_Leaf,Correct,0.999974
datasets/train/Leaf_Blight/Leaf_Blight00240.jpg,Leaf_Blight,Leaf_Blight,Correct,0.999919
datasets/train/Anthrax_Leaf/Anthrax_Leaf00026.jpg,Anthrax_Leaf,Anthrax_Leaf,Correct,0.999276
datasets/test/Deficiency_Leaf/Deficiency_Leaf00111.jpg,Deficiency_Leaf,Bituminous_Leaf,Incorrect,0.989020
datasets/train/Fungal_Leaf_Spot/Fungal_Leaf_Spot00071.jpg,Fungal_Leaf_Spot,Fungal_Leaf_Spot,Correct,0.999478
datasets/test/Fungal_Leaf_Spot/Fungal_Leaf_Spot00439.jpg,Fungal_Leaf_Spot,Fungal_Leaf_Spot,Correct,0.999377
datasets/test/Fungal_Leaf_Spot/Fungal_Leaf_Spot00252.jpg,Fungal_Leaf_Spot,Fungal_Leaf_Spot,Correct,0.998244
datasets/test/Dry_Leaf/Dry_Leaf00243.jpg,Dry_Leaf,Dry_Leaf,Correct,1.000000
datasets/test/Curl_Leaf/Curl_Leaf00180.jpg,Curl_Leaf,Curl_Leaf,Correct,0.999801
datasets/train/Fungal_Leaf_Spot/Fungal_Leaf_Spot00446.jpg,Fungal_Leaf_Spot,Fungal_Leaf_Spot,Correct,0.999632
datasets/test/Curl_Leaf/Curl_Leaf00024.jpg,Curl_Leaf,Curl_Leaf,Correct,1.000000
datasets/test/Fungal_Leaf_Spot/Fungal_Leaf_Spot00397.jpg,Fungal_Leaf_Spot,Fungal_Leaf_Spot,Correct,1.000000
datasets/test/Leaf_Gall/Leaf_Gall00616.jpg,Leaf_Gall,Leaf_Gall,Correct,0.999959
datasets/test/Dry_Leaf/Dry_Leaf00125.jpg,Dry_Leaf,Dry_Leaf,Correct,1.000000
datasets/test/Leaf_Blight/Leaf_Blight00248.jpg,Leaf_Blight,Leaf_Blight,Correct,0.999984
datasets/train/Leaf_Gall/Leaf_Gall00550.jpg,Leaf_Gall,Leaf_Gall,Correct,0.999977
datasets/test/Leaf_Blight/Leaf_Blight00257.jpg,Leaf_Blight,Leaf_Blight,Correct,0.999987
datasets/test/Felt_Leaf/Felt_Leaf00261.jpg,Felt_Leaf,Fungal_Leaf_Spot,Incorrect,0.789564
datasets/test/Leaf_Blight/Leaf_Blight00556.jpg,Leaf_Blight,Leaf_Blight,Correct,0.999988
datasets/train/Leaf_Blight/Leaf_Blight00135.jpg,Leaf_Blight,Leaf_Blight,Correct,0.999977
datasets/test/Healthy_Leaf/Healthy_Leaf00072.jpg,Healthy_Leaf,Healthy_Leaf,Correct,0.999996
datasets/test/Fungal_Leaf_Spot/Fungal_Leaf_Spot00107.jpg,Fungal_Leaf_Spot,Fungal_Leaf_Spot,Correct,0.999963
datasets/test/Leaf_Gall/Leaf_Gall00155.jpg,Leaf_Gall,Leaf_Gall,Correct,0.999983
datasets/test/Bituminous_Leaf/Bituminous_Leaf00048.jpg,Bituminous_Leaf,Bituminous_Leaf,Correct,0.999990
datasets/test/Fungal_Leaf_Spot/Fungal_Leaf_Spot00207.jpg,Fungal_Leaf_Spot,Fungal_Leaf_Spot,Correct,0.999986
datasets/test/Healthy_Leaf/Healthy_Leaf00182.jpg,Healthy_Leaf,Healthy_Leaf,Correct,0.999517
datasets/train/Dry_Leaf/Dry_Leaf00089.jpg,Dry_Leaf,Dry_Leaf,Correct,1.000000
datasets/test/Fungal_Leaf_Spot/Fungal_Leaf_Spot00327.jpg,Fungal_Leaf_Spot,Fungal_Leaf_Spot,Correct,0.999995
datasets/train/Bituminous_Leaf/Bituminous_Leaf00057.jpg,Bituminous_Leaf,Bituminous_Leaf,Correct,0.999864
datasets/train/Healthy_Leaf/Healthy_Leaf00614.jpg,Healthy_Leaf,Healthy_Leaf,Correct,0.997327
datasets/train/Curl_Leaf/Curl_Leaf00031.jpg,Curl_Leaf,Curl_Leaf,Correct,0.999638
datasets/test/Leaf_Blight/Leaf_Blight00069.jpg,Leaf_Blight,Leaf_Blight,Correct,0.998719
datasets/test/Leaf_Gall/Leaf_Gall00607.jpg,Leaf_Gall,Leaf_Gall,Correct,0.842751
datasets/test/Dry_Leaf/Dry_Leaf00174.jpg,Dry_Leaf,Dry_Leaf,Correct,0.999186
datasets/train/Leaf_Gall/Leaf_Gall00105.jpg,Leaf_Gall,Leaf_Gall,Correct,0.999950
datasets/test/Fungal_Leaf_Spot/Fungal_Leaf_Spot00400.jpg,Fungal_Leaf_Spot,Fungal_Leaf_Spot,Correct,0.999989
datasets/test/Leaf_Gall/Leaf_Gall00339.jpg,Leaf_Gall,Leaf_Gall,Correct,0.992101
datasets/test/Felt_Leaf/Felt_Leaf00373.jpg,Felt_Leaf,Felt_Leaf,Correct,0.948457
datasets/train/Anthrax_Leaf/Anthrax_Leaf00076.jpg,Anthrax_Leaf,Anthrax_Leaf,Correct,0.999998
datasets/test/Dry_Leaf/Dry_Leaf00079.jpg,Dry_Leaf,Dry_Leaf,Correct,0.999999
datasets/train/Leaf_Gall/Leaf_Gall00029.jpg,Leaf_Gall,Leaf_Gall,Correct,0.999718
datasets/test/Deficiency_Leaf/Deficiency_Leaf00112.jpg,Deficiency_Leaf,Deficiency_Leaf,Correct,0.992317
datasets/test/Leaf_Gall/Leaf_Gall00178.jpg,Leaf_Gall,Leaf_Gall,Correct,0.999995
datasets/test/Fungal_Leaf_Spot/Fungal_Leaf_Spot00490.jpg,Fungal_Leaf_Spot,Fungal_Leaf_Spot,Correct,0.999733
datasets/train/Leaf_Gall/Leaf_Gall00396.jpg,Leaf_Gall,Leaf_Gall,Correct,0.999965
datasets/train/Leaf_Gall/Leaf_Gall00337.jpg,Leaf_Gall,Leaf_Gall,Correct,0.973057
datasets/test/Healthy_Leaf/Healthy_Leaf00101.jpg,Healthy_Leaf,Healthy_Leaf,Correct,0.999999
datasets/train/Leaf_Gall/Leaf_Gall00473.jpg,Leaf_Gall,Leaf_Gall,Correct,0.999997
datasets/test/Deficiency_Leaf/Deficiency_Leaf00001.jpg,Deficiency_Leaf,Deficiency_Leaf,Correct,0.614891
datasets/train/Fungal_Leaf_Spot/Fungal_Leaf_Spot00187.jpg,Fungal_Leaf_Spot,Fungal_Leaf_Spot,Correct,0.998540
datasets/test/Felt_Leaf/Felt_Leaf00116.jpg,Felt_Leaf,Felt_Leaf,Correct,0.999938
datasets/train/Leaf_Blight/Leaf_Blight00391.jpg,Leaf_Blight,Leaf_Blight,Correct,0.999484
datasets/test/Curl_Leaf/Curl_Leaf00128.jpg,Curl_Leaf,Curl_Leaf,Correct,0.999997
datasets/train/Leaf_Blight/Leaf_Blight00544.jpg,Leaf_Blight,Leaf_Blight,Correct,0.999999
datasets/train/Felt_Leaf/Felt_Leaf00157.jpg,Felt_Leaf,Felt_Leaf,Correct,0.959488
datasets/test/Leaf_Gall/Leaf_Gall00457.jpg,Leaf_Gall,Leaf_Gall,Correct,0.999956
datasets/test/Fungal_Leaf_Spot/Fungal_Leaf_Spot00527.jpg,Fungal_Leaf_Spot,Fungal_Leaf_Spot,Correct,0.999829
datasets/test/Healthy_Leaf/Healthy_Leaf00362.jpg,Healthy_Leaf,Healthy_Leaf,Correct,0.997801
datasets/test/Fungal_Leaf_Spot/Fungal_Leaf_Spot00091.jpg,Fungal_Leaf_Spot,Fungal_Leaf_Spot,Correct,0.999855
datasets/train/Felt_Leaf/Felt_Leaf00158.jpg,Felt_Leaf,Felt_Leaf,Correct,0.972825
datasets/test/Leaf_Gall/Leaf_Gall00431.jpg,Leaf_Gall,Leaf_Gall,Correct,1.000000
datasets/test/Healthy_Leaf/Healthy_Leaf00010.jpg,Healthy_Leaf,Healthy_Leaf,Correct,0.999988
datasets/train/Dry_Leaf/Dry_Leaf00118.jpg,Dry_Leaf,Dry_Leaf,Correct,1.000000
datasets/test/Fungal_Leaf_Spot/Fungal_Leaf_Spot00441.jpg,Fungal_Leaf_Spot,Fungal_Leaf_Spot,Correct,0.938792
datasets/test/Anthrax_Leaf/Anthrax_Leaf00010.jpg,Anthrax_Leaf,Anthrax_Leaf,Correct,0.999985
datasets/test/Fungal_Leaf_Spot/Fungal_Leaf_Spot00226.jpg,Fungal_Leaf_Spot,Fungal_Leaf_Spot,Correct,1.000000
datasets/test/Dry_Leaf/Dry_Leaf00059.jpg,Dry_Leaf,Dry_Leaf,Correct,1.000000
datasets/train/Dry_Leaf/Dry_Leaf00238.jpg,Dry_Leaf,Dry_Leaf,Correct,1.000000
datasets/test/Healthy_Leaf/Healthy_Leaf00526.jpg,Healthy_Leaf,Healthy_Leaf,Correct,0.999997
datasets/test/Healthy_Leaf/Healthy_Leaf00391.jpg,Healthy_Leaf,Healthy_Leaf,Correct,0.998647
datasets/test/Leaf_Gall/Leaf_Gall00327.jpg,Leaf_Gall,Leaf_Gall,Correct,0.999998
datasets/test/Healthy_Leaf/Healthy_Leaf00007.jpg,Healthy_Leaf,Healthy_Leaf,Correct,0.999999
datasets/test/Leaf_Blight/Leaf_Blight00231.jpg,Leaf_Blight,Leaf_Blight,Correct,0.997446
datasets/train/Fungal_Leaf_Spot/Fungal_Leaf_Spot00393.jpg,Fungal_Leaf_Spot,Fungal_Leaf_Spot,Correct,0.999954
datasets/test/Leaf_Blight/Leaf_Blight00413.jpg,Leaf_Blight,Leaf_Blight,Correct,0.749677
datasets/test/Healthy_Leaf/Healthy_Leaf00487.jpg,Healthy_Leaf,Healthy_Leaf,Correct,0.886176
datasets/test/Leaf_Gall/Leaf_Gall00400.jpg,Leaf_Gall,Leaf_Gall,Correct,0.999834
datasets/test/Dry_Leaf/Dry_Leaf00068.jpg,Dry_Leaf,Dry_Leaf,Correct,0.999993
datasets/test/Fungal_Leaf_Spot/Fungal_Leaf_Spot00556.jpg,Fungal_Leaf_Spot,Fungal_Leaf_Spot,Correct,0.998858
datasets/test/Healthy_Leaf/Healthy_Leaf00211.jpg,Healthy_Leaf,Healthy_Leaf,Correct,0.999377
datasets/test/Healthy_Leaf/Healthy_Leaf00576.jpg,Healthy_Leaf,Healthy_Leaf,Correct,0.998223
datasets/train/Felt_Leaf/Felt_Leaf00159.jpg,Felt_Leaf,Felt_Leaf,Correct,0.855956
datasets/train/Leaf_Blight/Leaf_Blight00203.jpg,Leaf_Blight,Leaf_Blight,Correct,0.999973
datasets/test/Healthy_Leaf/Healthy_Leaf00260.jpg,Healthy_Leaf,Healthy_Leaf,Correct,0.998482
datasets/test/Healthy_Leaf/Healthy_Leaf00124.jpg,Healthy_Leaf,Healthy_Leaf,Correct,0.999999
datasets/test/Leaf_Blight/Leaf_Blight00319.jpg,Leaf_Blight,Leaf_Blight,Correct,1.000000
datasets/test/Fungal_Leaf_Spot/Fungal_Leaf_Spot00540.jpg,Fungal_Leaf_Spot,Fungal_Leaf_Spot,Correct,0.999938
datasets/test/Healthy_Leaf/Healthy_Leaf00562.jpg,Healthy_Leaf,Healthy_Leaf,Correct,0.999848
datasets/test/Leaf_Blight/Leaf_Blight00586.jpg,Leaf_Blight,Leaf_Blight,Correct,0.999912
datasets/train/Fungal_Leaf_Spot/Fungal_Leaf_Spot00330.jpg,Fungal_Leaf_Spot,Fungal_Leaf_Spot,Correct,1.000000
datasets/test/Leaf_Blight/Leaf_Blight00570.jpg,Leaf_Blight,Leaf_Blight,Correct,0.999997
datasets/test/Fungal_Leaf_Spot/Fungal_Leaf_Spot00095.jpg,Fungal_Leaf_Spot,Fungal_Leaf_Spot,Correct,0.999941
datasets/test/Leaf_Gall/Leaf_Gall00304.jpg,Leaf_Gall,Leaf_Gall,Correct,1.000000
datasets/test/Bituminous_Leaf/Bituminous_Leaf00089.jpg,Bituminous_Leaf,Bituminous_Leaf,Correct,0.998656
datasets/test/Felt_Leaf/Felt_Leaf00027.jpg,Felt_Leaf,Felt_Leaf,Correct,0.974575
datasets/train/Dry_Leaf/Dry_Leaf00290.jpg,Dry_Leaf,Dry_Leaf,Correct,1.000000
datasets/test/Deficiency_Leaf/Deficiency_Leaf00061.jpg,Deficiency_Leaf,Deficiency_Leaf,Correct,0.961884
datasets/test/Leaf_Blight/Leaf_Blight00140.jpg,Leaf_Blight,Leaf_Blight,Correct,0.999932
datasets/test/Healthy_Leaf/Healthy_Leaf00521.jpg,Healthy_Leaf,Healthy_Leaf,Correct,0.956344
datasets/test/Curl_Leaf/Curl_Leaf00147.jpg,Curl_Leaf,Curl_Leaf,Correct,0.999145
datasets/train/Anthrax_Leaf/Anthrax_Leaf00094.jpg,Anthrax_Leaf,Anthrax_Leaf,Correct,0.999800
datasets/test/Felt_Leaf/Felt_Leaf00369.jpg,Felt_Leaf,Felt_Leaf,Correct,0.999754
datasets/test/Deficiency_Leaf/Deficiency_Leaf00104.jpg,Deficiency_Leaf,Deficiency_Leaf,Correct,0.999887
datasets/test/Fungal_Leaf_Spot/Fungal_Leaf_Spot00539.jpg,Fungal_Leaf_Spot,Fungal_Leaf_Spot,Correct,0.988850
datasets/test/Dry_Leaf/Dry_Leaf00124.jpg,Dry_Leaf,Dry_Leaf,Correct,1.000000
datasets/test/Healthy_Leaf/Healthy_Leaf00019.jpg,Healthy_Leaf,Healthy_Leaf,Correct,0.999995
datasets/train/Leaf_Blight/Leaf_Blight00251.jpg,Leaf_Blight,Leaf_Blight,Correct,0.999989
datasets/train/Deficiency_Leaf/Deficiency_Leaf00030.jpg,Deficiency_Leaf,Bituminous_Leaf,Incorrect,0.510393
datasets/test/Felt_Leaf/Felt_Leaf00010.jpg,Felt_Leaf,Felt_Leaf,Correct,0.982975
datasets/train/Leaf_Blight/Leaf_Blight00068.jpg,Leaf_Blight,Leaf_Blight,Correct,0.980440
datasets/test/Fungal_Leaf_Spot/Fungal_Leaf_Spot00342.jpg,Fungal_Leaf_Spot,Fungal_Leaf_Spot,Correct,0.999948
datasets/test/Anthrax_Leaf/Anthrax_Leaf00111.jpg,Anthrax_Leaf,Anthrax_Leaf,Correct,0.999912
datasets/test/Fungal_Leaf_Spot/Fungal_Leaf_Spot00481.jpg,Fungal_Leaf_Spot,Fungal_Leaf_Spot,Correct,0.999330
datasets/train/Leaf_Gall/Leaf_Gall00360.jpg,Leaf_Gall,Leaf_Gall,Correct,0.998547
datasets/train/Healthy_Leaf/Healthy_Leaf00108.jpg,Healthy_Leaf,Healthy_Leaf,Correct,1.000000
datasets/train/Leaf_Blight/Leaf_Blight00165.jpg,Leaf_Blight,Leaf_Blight,Correct,0.996182
datasets/train/Felt_Leaf/Felt_Leaf00243.jpg,Felt_Leaf,Felt_Leaf,Correct,0.998617
datasets/test/Felt_Leaf/Felt_Leaf00050.jpg,Felt_Leaf,Felt_Leaf,Correct,0.993985
datasets/train/Felt_Leaf/Felt_Leaf00193.jpg,Felt_Leaf,Felt_Leaf,Correct,0.999824
datasets/test/Felt_Leaf/Felt_Leaf00065.jpg,Felt_Leaf,Felt_Leaf,Correct,1.000000
datasets/test/Fungal_Leaf_Spot/Fungal_Leaf_Spot00203.jpg,Fungal_Leaf_Spot,Fungal_Leaf_Spot,Correct,0.998931
datasets/test/Leaf_Gall/Leaf_Gall00382.jpg,Leaf_Gall,Leaf_Gall,Correct,1.000000
datasets/train/Felt_Leaf/Felt_Leaf00317.jpg,Felt_Leaf,Felt_Leaf,Correct,0.999158
datasets/test/Leaf_Gall/Leaf_Gall00200.jpg,Leaf_Gall,Leaf_Gall,Correct,1.000000
datasets/test/Healthy_Leaf/Healthy_Leaf00326.jpg,Healthy_Leaf,Healthy_Leaf,Correct,0.999999
datasets/test/Fungal_Leaf_Spot/Fungal_Leaf_Spot00290.jpg,Fungal_Leaf_Spot,Fungal_Leaf_Spot,Correct,0.989873
datasets/train/Leaf_Gall/Leaf_Gall00071.jpg,Leaf_Gall,Leaf_Gall,Correct,0.999937
datasets/train/Healthy_Leaf/Healthy_Leaf00379.jpg,Healthy_Leaf,Healthy_Leaf,Correct,0.999994
datasets/train/Dry_Leaf/Dry_Leaf00209.jpg,Dry_Leaf,Dry_Leaf,Correct,0.999996
datasets/train/Anthrax_Leaf/Anthrax_Leaf00142.jpg,Anthrax_Leaf,Anthrax_Leaf,Correct,0.999849
datasets/test/Leaf_Blight/Leaf_Blight00205.jpg,Leaf_Blight,Leaf_Blight,Correct,0.999997
datasets/train/Leaf_Blight/Leaf_Blight00481.jpg,Leaf_Blight,Leaf_Blight,Correct,0.999998
datasets/test/Leaf_Blight/Leaf_Blight00480.jpg,Leaf_Blight,Leaf_Blight,Correct,0.999999
datasets/train/Dry_Leaf/Dry_Leaf00172.jpg,Dry_Leaf,Dry_Leaf,Correct,1.000000
datasets/train/Felt_Leaf/Felt_Leaf00030.jpg,Felt_Leaf,Felt_Leaf,Correct,1.000000
datasets/test/Leaf_Blight/Leaf_Blight00084.jpg,Leaf_Blight,Leaf_Blight,Correct,0.997680
datasets/test/Healthy_Leaf/Healthy_Leaf00513.jpg,Healthy_Leaf,Healthy_Leaf,Correct,0.997813
datasets/test/Leaf_Blight/Leaf_Blight00213.jpg,Leaf_Blight,Leaf_Blight,Correct,0.992614
datasets/test/Curl_Leaf/Curl_Leaf00101.jpg,Curl_Leaf,Curl_Leaf,Correct,1.000000
datasets/train/Curl_Leaf/Curl_Leaf00067.jpg,Curl_Leaf,Curl_Leaf,Correct,1.000000
datasets/train/Dry_Leaf/Dry_Leaf00224.jpg,Dry_Leaf,Dry_Leaf,Correct,0.999999
datasets/train/Fungal_Leaf_Spot/Fungal_Leaf_Spot00286.jpg,Fungal_Leaf_Spot,Fungal_Leaf_Spot,Correct,0.999510
datasets/test/Fungal_Leaf_Spot/Fungal_Leaf_Spot00444.jpg,Fungal_Leaf_Spot,Fungal_Leaf_Spot,Correct,0.999180
datasets/train/Dry_Leaf/Dry_Leaf00175.jpg,Dry_Leaf,Dry_Leaf,Correct,0.999839
datasets/train/Deficiency_Leaf/Deficiency_Leaf00007.jpg,Deficiency_Leaf,Deficiency_Leaf,Correct,0.972380
datasets/test/Fungal_Leaf_Spot/Fungal_Leaf_Spot00148.jpg,Fungal_Leaf_Spot,Fungal_Leaf_Spot,Correct,0.999880
datasets/train/Healthy_Leaf/Healthy_Leaf00097.jpg,Healthy_Leaf,Healthy_Leaf,Correct,1.000000
datasets/test/Leaf_Blight/Leaf_Blight00549.jpg,Leaf_Blight,Leaf_Blight,Correct,0.999999
datasets/train/Leaf_Gall/Leaf_Gall00115.jpg,Leaf_Gall,Leaf_Gall,Correct,0.999999
datasets/test/Fungal_Leaf_Spot/Fungal_Leaf_Spot00308.jpg,Fungal_Leaf_Spot,Fungal_Leaf_Spot,Correct,0.996871
datasets/train/Curl_Leaf/Curl_Leaf00105.jpg,Curl_Leaf,Curl_Leaf,Correct,1.000000
datasets/test/Anthrax_Leaf/Anthrax_Leaf00097.jpg,Anthrax_Leaf,Anthrax_Leaf,Correct,0.999905
datasets/test/Leaf_Blight/Leaf_Blight00099.jpg,Leaf_Blight,Leaf_Blight,Correct,0.999947
datasets/train/Fungal_Leaf_Spot/Fungal_Leaf_Spot00182.jpg,Fungal_Leaf_Spot,Fungal_Leaf_Spot,Correct,0.999942
datasets/train/Healthy_Leaf/Healthy_Leaf00421.jpg,Healthy_Leaf,Healthy_Leaf,Correct,0.997488
datasets/test/Leaf_Blight/Leaf_Blight00078.jpg,Leaf_Blight,Leaf_Blight,Correct,0.999233
datasets/train/Anthrax_Leaf/Anthrax_Leaf00014.jpg,Anthrax_Leaf,Anthrax_Leaf,Correct,0.999764
datasets/test/Curl_Leaf/Curl_Leaf00022.jpg,Curl_Leaf,Curl_Leaf,Correct,0.999985
datasets/test/Fungal_Leaf_Spot/Fungal_Leaf_Spot00015.jpg,Fungal_Leaf_Spot,Fungal_Leaf_Spot,Correct,0.999830
datasets/train/Fungal_Leaf_Spot/Fungal_Leaf_Spot00352.jpg,Fungal_Leaf_Spot,Fungal_Leaf_Spot,Correct,0.999851
datasets/train/Healthy_Leaf/Healthy_Leaf00272.jpg,Healthy_Leaf,Healthy_Leaf,Correct,0.997306
datasets/train/Leaf_Blight/Leaf_Blight00134.jpg,Leaf_Blight,Leaf_Blight,Correct,0.999962
datasets/test/Fungal_Leaf_Spot/Fungal_Leaf_Spot00177.jpg,Fungal_Leaf_Spot,Fungal_Leaf_Spot,Correct,0.999259
datasets/train/Leaf_Blight/Leaf_Blight00507.jpg,Leaf_Blight,Leaf_Blight,Correct,0.999940
datasets/test/Felt_Leaf/Felt_Leaf00375.jpg,Felt_Leaf,Felt_Leaf,Correct,0.900776
datasets/test/Leaf_Gall/Leaf_Gall00201.jpg,Leaf_Gall,Leaf_Gall,Correct,1.000000
datasets/train/Leaf_Gall/Leaf_Gall00265.jpg,Leaf_Gall,Leaf_Gall,Correct,0.999969
datasets/test/Leaf_Gall/Leaf_Gall00591.jpg,Leaf_Gall,Leaf_Gall,Correct,0.999955
datasets/test/Leaf_Blight/Leaf_Blight00587.jpg,Leaf_Blight,Leaf_Blight,Correct,0.999991
datasets/test/Fungal_Leaf_Spot/Fungal_Leaf_Spot00406.jpg,Fungal_Leaf_Spot,Fungal_Leaf_Spot,Correct,0.999994
datasets/test/Healthy_Leaf/Healthy_Leaf00392.jpg,Healthy_Leaf,Healthy_Leaf,Correct,0.999810
datasets/test/Leaf_Gall/Leaf_Gall00596.jpg,Leaf_Gall,Leaf_Gall,Correct,1.000000
datasets/train/Fungal_Leaf_Spot/Fungal_Leaf_Spot00489.jpg,Fungal_Leaf_Spot,Fungal_Leaf_Spot,Correct,0.999679
datasets/train/Fungal_Leaf_Spot/Fungal_Leaf_Spot00383.jpg,Fungal_Leaf_Spot,Fungal_Leaf_Spot,Correct,0.999683
datasets/train/Dry_Leaf/Dry_Leaf00083.jpg,Dry_Leaf,Dry_Leaf,Correct,0.999999
datasets/test/Felt_Leaf/Felt_Leaf00349.jpg,Felt_Leaf,Felt_Leaf,Correct,0.995998
datasets/test/Fungal_Leaf_Spot/Fungal_Leaf_Spot00325.jpg,Fungal_Leaf_Spot,Fungal_Leaf_Spot,Correct,0.998903
datasets/train/Healthy_Leaf/Healthy_Leaf00090.jpg,Healthy_Leaf,Healthy_Leaf,Correct,0.999800
datasets/test/Fungal_Leaf_Spot/Fungal_Leaf_Spot00088.jpg,Fungal_Leaf_Spot,Fungal_Leaf_Spot,Correct,0.999972
datasets/test/Dry_Leaf/Dry_Leaf00142.jpg,Dry_Leaf,Dry_Leaf,Correct,1.000000
datasets/test/Fungal_Leaf_Spot/Fungal_Leaf_Spot00116.jpg,Fungal_Leaf_Spot,Fungal_Leaf_Spot,Correct,0.999894
datasets/test/Dry_Leaf/Dry_Leaf00314.jpg,Dry_Leaf,Dry_Leaf,Correct,1.000000
datasets/test/Bituminous_Leaf/Bituminous_Leaf00072.jpg,Bituminous_Leaf,Bituminous_Leaf,Correct,0.999998
datasets/train/Fungal_Leaf_Spot/Fungal_Leaf_Spot00070.jpg,Fungal_Leaf_Spot,Fungal_Leaf_Spot,Correct,0.999999
datasets/test/Healthy_Leaf/Healthy_Leaf00169.jpg,Healthy_Leaf,Healthy_Leaf,Correct,0.999944
datasets/test/Leaf_Gall/Leaf_Gall00565.jpg,Leaf_Gall,Leaf_Gall,Correct,0.999998
datasets/test/Felt_Leaf/Felt_Leaf00122.jpg,Felt_Leaf,Felt_Leaf,Correct,0.972844
datasets/test/Dry_Leaf/Dry_Leaf00267.jpg,Dry_Leaf,Dry_Leaf,Correct,0.999868
datasets/test/Fungal_Leaf_Spot/Fungal_Leaf_Spot00411.jpg,Fungal_Leaf_Spot,Fungal_Leaf_Spot,Correct,0.999069
datasets/train/Leaf_Gall/Leaf_Gall00519.jpg,Leaf_Gall,Leaf_Gall,Correct,0.988590
datasets/train/Dry_Leaf/Dry_Leaf00008.jpg,Dry_Leaf,Dry_Leaf,Correct,0.999999
datasets/train/Curl_Leaf/Curl_Leaf00152.jpg,Curl_Leaf,Curl_Leaf,Correct,0.980351
datasets/train/Bituminous_Leaf/Bituminous_Leaf00096.jpg,Bituminous_Leaf,Bituminous_Leaf,Correct,0.999492
datasets/test/Deficiency_Leaf/Deficiency_Leaf00079.jpg,Deficiency_Leaf,Deficiency_Leaf,Correct,0.997385
datasets/test/Healthy_Leaf/Healthy_Leaf00465.jpg,Healthy_Leaf,Healthy_Leaf,Correct,0.999656
datasets/test/Leaf_Gall/Leaf_Gall00482.jpg,Leaf_Gall,Leaf_Gall,Correct,0.999999
datasets/test/Healthy_Leaf/Healthy_Leaf00075.jpg,Healthy_Leaf,Healthy_Leaf,Correct,1.000000
datasets/test/Felt_Leaf/Felt_Leaf00339.jpg,Felt_Leaf,Felt_Leaf,Correct,0.980788
datasets/test/Healthy_Leaf/Healthy_Leaf00302.jpg,Healthy_Leaf,Healthy_Leaf,Correct,0.997762
datasets/test/Felt_Leaf/Felt_Leaf00155.jpg,Felt_Leaf,Felt_Leaf,Correct,0.812681
datasets/test/Healthy_Leaf/Healthy_Leaf00565.jpg,Healthy_Leaf,Healthy_Leaf,Correct,0.960864
datasets/train/Leaf_Blight/Leaf_Blight00477.jpg,Leaf_Blight,Leaf_Blight,Correct,0.999885
datasets/train/Felt_Leaf/Felt_Leaf00103.jpg,Felt_Leaf,Felt_Leaf,Correct,0.999857
datasets/test/Leaf_Gall/Leaf_Gall00045.jpg,Leaf_Gall,Leaf_Gall,Correct,0.999819
datasets/test/Healthy_Leaf/Healthy_Leaf00368.jpg,Healthy_Leaf,Healthy_Leaf,Correct,0.999942
datasets/test/Leaf_Blight/Leaf_Blight00097.jpg,Leaf_Blight,Leaf_Blight,Correct,0.999542
datasets/train/Leaf_Gall/Leaf_Gall00197.jpg,Leaf_Gall,Leaf_Gall,Correct,0.999998
datasets/test/Leaf_Gall/Leaf_Gall00294.jpg,Leaf_Gall,Leaf_Gall,Correct,1.000000
datasets/train/Dry_Leaf/Dry_Leaf00009.jpg,Dry_Leaf,Dry_Leaf,Correct,1.000000
datasets/train/Fungal_Leaf_Spot/Fungal_Leaf_Spot00270.jpg,Fungal_Leaf_Spot,Fungal_Leaf_Spot,Correct,0.999944
datasets/train/Fungal_Leaf_Spot/Fungal_Leaf_Spot00403.jpg,Fungal_Leaf_Spot,Fungal_Leaf_Spot,Correct,0.999759
datasets/test/Healthy_Leaf/Healthy_Leaf00583.jpg,Healthy_Leaf,Healthy_Leaf,Correct,0.999970
datasets/test/Dry_Leaf/Dry_Leaf00324.jpg,Dry_Leaf,Dry_Leaf,Correct,1.000000
datasets/train/Felt_Leaf/Felt_Leaf00194.jpg,Felt_Leaf,Felt_Leaf,Correct,0.996124
datasets/test/Curl_Leaf/Curl_Leaf00114.jpg,Curl_Leaf,Curl_Leaf,Correct,1.000000
datasets/test/Healthy_Leaf/Healthy_Leaf00152.jpg,Healthy_Leaf,Healthy_Leaf,Correct,1.000000
datasets/train/Deficiency_Leaf/Deficiency_Leaf00103.jpg,Deficiency_Leaf,Deficiency_Leaf,Correct,0.993427
datasets/train/Anthrax_Leaf/Anthrax_Leaf00041.jpg,Anthrax_Leaf,Anthrax_Leaf,Correct,1.000000
datasets/test/Leaf_Gall/Leaf_Gall00403.jpg,Leaf_Gall,Leaf_Gall,Correct,0.999981
datasets/train/Leaf_Blight/Leaf_Blight00402.jpg,Leaf_Blight,Leaf_Blight,Correct,0.998807
datasets/test/Fungal_Leaf_Spot/Fungal_Leaf_Spot00104.jpg,Fungal_Leaf_Spot,Fungal_Leaf_Spot,Correct,0.995369
datasets/train/Leaf_Gall/Leaf_Gall00006.jpg,Leaf_Gall,Felt_Leaf,Incorrect,0.936972
datasets/train/Leaf_Gall/Leaf_Gall00322.jpg,Leaf_Gall,Leaf_Gall,Correct,0.999998
datasets/train/Leaf_Gall/Leaf_Gall00177.jpg,Leaf_Gall,Leaf_Gall,Correct,0.997179
datasets/test/Dry_Leaf/Dry_Leaf00058.jpg,Dry_Leaf,Dry_Leaf,Correct,1.000000
datasets/train/Curl_Leaf/Curl_Leaf00004.jpg,Curl_Leaf,Curl_Leaf,Correct,0.999978
datasets/test/Dry_Leaf/Dry_Leaf00086.jpg,Dry_Leaf,Dry_Leaf,Correct,0.999999
datasets/test/Fungal_Leaf_Spot/Fungal_Leaf_Spot00030.jpg,Fungal_Leaf_Spot,Fungal_Leaf_Spot,Correct,0.999993
datasets/train/Leaf_Blight/Leaf_Blight00541.jpg,Leaf_Blight,Leaf_Blight,Correct,1.000000
datasets/train/Bituminous_Leaf/Bituminous_Leaf00064.jpg,Bituminous_Leaf,Bituminous_Leaf,Correct,0.999440
datasets/test/Curl_Leaf/Curl_Leaf00169.jpg,Curl_Leaf,Curl_Leaf,Correct,1.000000
datasets/test/Fungal_Leaf_Spot/Fungal_Leaf_Spot00033.jpg,Fungal_Leaf_Spot,Fungal_Leaf_Spot,Correct,0.999999
datasets/test/Felt_Leaf/Felt_Leaf00251.jpg,Felt_Leaf,Felt_Leaf,Correct,0.999248
datasets/test/Fungal_Leaf_Spot/Fungal_Leaf_Spot00404.jpg,Fungal_Leaf_Spot,Fungal_Leaf_Spot,Correct,1.000000
datasets/train/Dry_Leaf/Dry_Leaf00269.jpg,Dry_Leaf,Dry_Leaf,Correct,0.999999
datasets/test/Leaf_Gall/Leaf_Gall00524.jpg,Leaf_Gall,Leaf_Gall,Correct,0.994601
datasets/train/Leaf_Gall/Leaf_Gall00216.jpg,Leaf_Gall,Leaf_Gall,Correct,1.000000
datasets/train/Fungal_Leaf_Spot/Fungal_Leaf_Spot00475.jpg,Fungal_Leaf_Spot,Fungal_Leaf_Spot,Correct,0.999836
datasets/train/Leaf_Blight/Leaf_Blight00295.jpg,Leaf_Blight,Leaf_Blight,Correct,1.000000
datasets/test/Leaf_Blight/Leaf_Blight00308.jpg,Leaf_Blight,Leaf_Blight,Correct,1.000000
datasets/test/Fungal_Leaf_Spot/Fungal_Leaf_Spot00485.jpg,Fungal_Leaf_Spot,Fungal_Leaf_Spot,Correct,0.991703
datasets/test/Leaf_Blight/Leaf_Blight00281.jpg,Leaf_Blight,Leaf_Blight,Correct,1.000000
datasets/test/Healthy_Leaf/Healthy_Leaf00355.jpg,Healthy_Leaf,Healthy_Leaf,Correct,0.999770
datasets/test/Healthy_Leaf/Healthy_Leaf00029.jpg,Healthy_Leaf,Healthy_Leaf,Correct,1.000000
datasets/test/Felt_Leaf/Felt_Leaf00051.jpg,Felt_Leaf,Felt_Leaf,Correct,0.999973
datasets/test/Curl_Leaf/Curl_Leaf00086.jpg,Curl_Leaf,Curl_Leaf,Correct,0.998687
datasets/test/Healthy_Leaf/Healthy_Leaf00109.jpg,Healthy_Leaf,Healthy_Leaf,Correct,1.000000
datasets/train/Fungal_Leaf_Spot/Fungal_Leaf_Spot00435.jpg,Fungal_Leaf_Spot,Fungal_Leaf_Spot,Correct,1.000000
datasets/train/Fungal_Leaf_Spot/Fungal_Leaf_Spot00179.jpg,Fungal_Leaf_Spot,Fungal_Leaf_Spot,Correct,0.999966
datasets/test/Leaf_Blight/Leaf_Blight00020.jpg,Leaf_Blight,Leaf_Blight,Correct,0.999627
datasets/test/Leaf_Blight/Leaf_Blight00529.jpg,Leaf_Blight,Leaf_Blight,Correct,1.000000
datasets/test/Leaf_Blight/Leaf_Blight00410.jpg,Leaf_Blight,Leaf_Blight,Correct,0.992631
datasets/test/Healthy_Leaf/Healthy_Leaf00112.jpg,Healthy_Leaf,Healthy_Leaf,Correct,1.000000
datasets/test/Felt_Leaf/Felt_Leaf00238.jpg,Felt_Leaf,Felt_Leaf,Correct,0.978467
datasets/train/Anthrax_Leaf/Anthrax_Leaf00124.jpg,Anthrax_Leaf,Anthrax_Leaf,Correct,1.000000
datasets/test/Leaf_Gall/Leaf_Gall00582.jpg,Leaf_Gall,Leaf_Gall,Correct,1.000000
datasets/train/Leaf_Gall/Leaf_Gall00384.jpg,Leaf_Gall,Leaf_Gall,Correct,0.999998
datasets/test/Bituminous_Leaf/Bituminous_Leaf00102.jpg,Bituminous_Leaf,Bituminous_Leaf,Correct,0.996255
datasets/train/Felt_Leaf/Felt_Leaf00185.jpg,Felt_Leaf,Felt_Leaf,Correct,0.999697
datasets/test/Healthy_Leaf/Healthy_Leaf00347.jpg,Healthy_Leaf,Healthy_Leaf,Correct,0.999998
datasets/train/Leaf_Blight/Leaf_Blight00377.jpg,Leaf_Blight,Leaf_Blight,Correct,1.000000
datasets/test/Dry_Leaf/Dry_Leaf00272.jpg,Dry_Leaf,Dry_Leaf,Correct,0.999999
datasets/train/Curl_Leaf/Curl_Leaf00171.jpg,Curl_Leaf,Curl_Leaf,Correct,1.000000
datasets/train/Leaf_Gall/Leaf_Gall00082.jpg,Leaf_Gall,Leaf_Gall,Correct,1.000000
datasets/test/Felt_Leaf/Felt_Leaf00173.jpg,Felt_Leaf,Felt_Leaf,Correct,0.999930
datasets/train/Dry_Leaf/Dry_Leaf00120.jpg,Dry_Leaf,Dry_Leaf,Correct,0.999999
datasets/train/Fungal_Leaf_Spot/Fungal_Leaf_Spot00499.jpg,Fungal_Leaf_Spot,Fungal_Leaf_Spot,Correct,0.999970
datasets/test/Leaf_Blight/Leaf_Blight00343.jpg,Leaf_Blight,Leaf_Blight,Correct,0.999977
datasets/test/Fungal_Leaf_Spot/Fungal_Leaf_Spot00452.jpg,Fungal_Leaf_Spot,Fungal_Leaf_Spot,Correct,0.806499
datasets/train/Healthy_Leaf/Healthy_Leaf00009.jpg,Healthy_Leaf,Healthy_Leaf,Correct,0.998759
datasets/train/Fungal_Leaf_Spot/Fungal_Leaf_Spot00542.jpg,Fungal_Leaf_Spot,Fungal_Leaf_Spot,Correct,0.999830
datasets/train/Fungal_Leaf_Spot/Fungal_Leaf_Spot00135.jpg,Fungal_Leaf_Spot,Fungal_Leaf_Spot,Correct,0.998087
datasets/train/Leaf_Blight/Leaf_Blight00259.jpg,Leaf_Blight,Leaf_Blight,Correct,0.999995
datasets/train/Leaf_Gall/Leaf_Gall00287.jpg,Leaf_Gall,Leaf_Gall,Correct,0.999890
datasets/train/Leaf_Gall/Leaf_Gall00508.jpg,Leaf_Gall,Leaf_Gall,Correct,1.000000
datasets/test/Leaf_Gall/Leaf_Gall00234.jpg,Leaf_Gall,Leaf_Gall,Correct,1.000000
datasets/train/Curl_Leaf/Curl_Leaf00150.jpg,Curl_Leaf,Curl_Leaf,Correct,0.914723
datasets/test/Dry_Leaf/Dry_Leaf00169.jpg,Dry_Leaf,Dry_Leaf,Correct,1.000000
datasets/train/Healthy_Leaf/Healthy_Leaf00571.jpg,Healthy_Leaf,Healthy_Leaf,Correct,0.999900
datasets/test/Fungal_Leaf_Spot/Fungal_Leaf_Spot00504.jpg,Fungal_Leaf_Spot,Fungal_Leaf_Spot,Correct,0.999627
datasets/test/Felt_Leaf/Felt_Leaf00330.jpg,Felt_Leaf,Felt_Leaf,Correct,0.996868
datasets/train/Dry_Leaf/Dry_Leaf00234.jpg,Dry_Leaf,Dry_Leaf,Correct,1.000000
datasets/test/Healthy_Leaf/Healthy_Leaf00230.jpg,Healthy_Leaf,Healthy_Leaf,Correct,0.999996
datasets/train/Leaf_Blight/Leaf_Blight00535.jpg,Leaf_Blight,Leaf_Blight,Correct,0.999997
datasets/train/Felt_Leaf/Felt_Leaf00192.jpg,Felt_Leaf,Felt_Leaf,Correct,0.999726
datasets/train/Leaf_Blight/Leaf_Blight00093.jpg,Leaf_Blight,Leaf_Blight,Correct,0.999976
datasets/train/Dry_Leaf/Dry_Leaf00163.jpg,Dry_Leaf,Dry_Leaf,Correct,1.000000
datasets/test/Fungal_Leaf_Spot/Fungal_Leaf_Spot00128.jpg,Fungal_Leaf_Spot,Fungal_Leaf_Spot,Correct,0.984787
datasets/test/Leaf_Blight/Leaf_Blight00334.jpg,Leaf_Blight,Leaf_Blight,Correct,0.999999
datasets/test/Fungal_Leaf_Spot/Fungal_Leaf_Spot00229.jpg,Fungal_Leaf_Spot,Fungal_Leaf_Spot,Correct,1.000000
datasets/test/Leaf_Gall/Leaf_Gall00081.jpg,Leaf_Gall,Leaf_Gall,Correct,1.000000
datasets/train/Felt_Leaf/Felt_Leaf00280.jpg,Felt_Leaf,Felt_Leaf,Correct,0.659280
datasets/test/Bituminous_Leaf/Bituminous_Leaf00119.jpg,Bituminous_Leaf,Bituminous_Leaf,Correct,0.982148
datasets/test/Leaf_Blight/Leaf_Blight00289.jpg,Leaf_Blight,Leaf_Blight,Correct,0.999991
datasets/test/Fungal_Leaf_Spot/Fungal_Leaf_Spot00353.jpg,Fungal_Leaf_Spot,Fungal_Leaf_Spot,Correct,0.999999
datasets/test/Fungal_Leaf_Spot/Fungal_Leaf_Spot00433.jpg,Fungal_Leaf_Spot,Fungal_Leaf_Spot,Correct,0.999994
datasets/train/Felt_Leaf/Felt_Leaf00148.jpg,Felt_Leaf,Felt_Leaf,Correct,0.998868
datasets/test/Healthy_Leaf/Healthy_Leaf00159.jpg,Healthy_Leaf,Healthy_Leaf,Correct,0.999997
datasets/test/Dry_Leaf/Dry_Leaf00026.jpg,Dry_Leaf,Dry_Leaf,Correct,1.000000
datasets/train/Healthy_Leaf/Healthy_Leaf00217.jpg,Healthy_Leaf,Healthy_Leaf,Correct,0.998732
datasets/test/Leaf_Gall/Leaf_Gall00038.jpg,Leaf_Gall,Leaf_Gall,Correct,0.999685
datasets/test/Dry_Leaf/Dry_Leaf00024.jpg,Dry_Leaf,Dry_Leaf,Correct,1.000000
datasets/test/Curl_Leaf/Curl_Leaf00046.jpg,Curl_Leaf,Curl_Leaf,Correct,0.999950
datasets/test/Felt_Leaf/Felt_Leaf00123.jpg,Felt_Leaf,Felt_Leaf,Correct,0.993328
datasets/train/Healthy_Leaf/Healthy_Leaf00319.jpg,Healthy_Leaf,Healthy_Leaf,Correct,0.996819
datasets/train/Healthy_Leaf/Healthy_Leaf00399.jpg,Healthy_Leaf,Healthy_Leaf,Correct,0.999918
datasets/test/Fungal_Leaf_Spot/Fungal_Leaf_Spot00017.jpg,Fungal_Leaf_Spot,Fungal_Leaf_Spot,Correct,0.989244
datasets/test/Leaf_Blight/Leaf_Blight00346.jpg,Leaf_Blight,Leaf_Blight,Correct,0.999872
datasets/test/Fungal_Leaf_Spot/Fungal_Leaf_Spot00168.jpg,Fungal_Leaf_Spot,Fungal_Leaf_Spot,Correct,0.999364
datasets/test/Fungal_Leaf_Spot/Fungal_Leaf_Spot00332.jpg,Fungal_Leaf_Spot,Fungal_Leaf_Spot,Correct,0.999757
datasets/train/Fungal_Leaf_Spot/Fungal_Leaf_Spot00345.jpg,Fungal_Leaf_Spot,Fungal_Leaf_Spot,Correct,0.999989
datasets/test/Anthrax_Leaf/Anthrax_Leaf00089.jpg,Anthrax_Leaf,Anthrax_Leaf,Correct,0.999337
datasets/test/Leaf_Blight/Leaf_Blight00444.jpg,Leaf_Blight,Leaf_Blight,Correct,0.999986
datasets/test/Dry_Leaf/Dry_Leaf00005.jpg,Dry_Leaf,Dry_Leaf,Correct,1.000000
datasets/test/Leaf_Gall/Leaf_Gall00192.jpg,Leaf_Gall,Leaf_Gall,Correct,0.999999
datasets/test/Felt_Leaf/Felt_Leaf00113.jpg,Felt_Leaf,Felt_Leaf,Correct,1.000000
datasets/test/Anthrax_Leaf/Anthrax_Leaf00065.jpg,Anthrax_Leaf,Anthrax_Leaf,Correct,0.999712
datasets/test/Fungal_Leaf_Spot/Fungal_Leaf_Spot00530.jpg,Fungal_Leaf_Spot,Fungal_Leaf_Spot,Correct,0.999977
datasets/test/Leaf_Gall/Leaf_Gall00040.jpg,Leaf_Gall,Leaf_Gall,Correct,0.999241
datasets/train/Leaf_Blight/Leaf_Blight00237.jpg,Leaf_Blight,Leaf_Blight,Correct,0.999868
datasets/train/Leaf_Gall/Leaf_Gall00340.jpg,Leaf_Gall,Leaf_Gall,Correct,0.937691
datasets/train/Leaf_Gall/Leaf_Gall00147.jpg,Leaf_Gall,Leaf_Gall,Correct,0.851189
datasets/test/Fungal_Leaf_Spot/Fungal_Leaf_Spot00263.jpg,Fungal_Leaf_Spot,Fungal_Leaf_Spot,Correct,0.999991
datasets/test/Leaf_Gall/Leaf_Gall00107.jpg,Leaf_Gall,Leaf_Gall,Correct,0.999999
datasets/train/Leaf_Gall/Leaf_Gall00190.jpg,Leaf_Gall,Leaf_Gall,Correct,1.000000
datasets/test/Felt_Leaf/Felt_Leaf00114.jpg,Felt_Leaf,Felt_Leaf,Correct,0.988462
datasets/test/Fungal_Leaf_Spot/Fungal_Leaf_Spot00034.jpg,Fungal_Leaf_Spot,Fungal_Leaf_Spot,Correct,0.999999
datasets/train/Healthy_Leaf/Healthy_Leaf00115.jpg,Healthy_Leaf,Healthy_Leaf,Correct,1.000000
datasets/test/Deficiency_Leaf/Deficiency_Leaf00037.jpg,Deficiency_Leaf,Curl_Leaf,Incorrect,0.463352
datasets/test/Fungal_Leaf_Spot/Fungal_Leaf_Spot00124.jpg,Fungal_Leaf_Spot,Fungal_Leaf_Spot,Correct,0.994613
datasets/train/Leaf_Gall/Leaf_Gall00572.jpg,Leaf_Gall,Leaf_Gall,Correct,1.000000
datasets/test/Anthrax_Leaf/Anthrax_Leaf00135.jpg,Anthrax_Leaf,Anthrax_Leaf,Correct,0.999999
datasets/test/Healthy_Leaf/Healthy_Leaf00488.jpg,Healthy_Leaf,Healthy_Leaf,Correct,0.968127
datasets/test/Leaf_Blight/Leaf_Blight00120.jpg,Leaf_Blight,Leaf_Blight,Correct,1.000000
datasets/test/Leaf_Gall/Leaf_Gall00438.jpg,Leaf_Gall,Leaf_Gall,Correct,0.999973
datasets/train/Curl_Leaf/Curl_Leaf00038.jpg,Curl_Leaf,Curl_Leaf,Correct,0.999671
datasets/test/Felt_Leaf/Felt_Leaf00241.jpg,Felt_Leaf,Felt_Leaf,Correct,0.990944
datasets/train/Leaf_Blight/Leaf_Blight00380.jpg,Leaf_Blight,Leaf_Blight,Correct,1.000000
datasets/train/Healthy_Leaf/Healthy_Leaf00265.jpg,Healthy_Leaf,Healthy_Leaf,Correct,0.999996
datasets/test/Felt_Leaf/Felt_Leaf00043.jpg,Felt_Leaf,Felt_Leaf,Correct,0.999999
datasets/test/Leaf_Blight/Leaf_Blight00558.jpg,Leaf_Blight,Leaf_Blight,Correct,0.999991
datasets/test/Fungal_Leaf_Spot/Fungal_Leaf_Spot00068.jpg,Fungal_Leaf_Spot,Fungal_Leaf_Spot,Correct,0.999995
datasets/train/Leaf_Gall/Leaf_Gall00492.jpg,Leaf_Gall,Leaf_Gall,Correct,1.000000
datasets/test/Anthrax_Leaf/Anthrax_Leaf00012.jpg,Anthrax_Leaf,Anthrax_Leaf,Correct,0.999969
datasets/test/Leaf_Gall/Leaf_Gall00074.jpg,Leaf_Gall,Leaf_Gall,Correct,0.737792
datasets/train/Fungal_Leaf_Spot/Fungal_Leaf_Spot00299.jpg,Fungal_Leaf_Spot,Fungal_Leaf_Spot,Correct,0.998191
datasets/train/Fungal_Leaf_Spot/Fungal_Leaf_Spot00212.jpg,Fungal_Leaf_Spot,Fungal_Leaf_Spot,Correct,0.999999
datasets/test/Leaf_Blight/Leaf_Blight00076.jpg,Leaf_Blight,Leaf_Blight,Correct,0.813686
datasets/train/Healthy_Leaf/Healthy_Leaf00235.jpg,Healthy_Leaf,Healthy_Leaf,Correct,0.999999
datasets/train/Felt_Leaf/Felt_Leaf00070.jpg,Felt_Leaf,Felt_Leaf,Correct,0.999992
datasets/test/Leaf_Gall/Leaf_Gall00306.jpg,Leaf_Gall,Leaf_Gall,Correct,1.000000
datasets/test/Fungal_Leaf_Spot/Fungal_Leaf_Spot00362.jpg,Fungal_Leaf_Spot,Fungal_Leaf_Spot,Correct,0.999065
datasets/test/Leaf_Blight/Leaf_Blight00517.jpg,Leaf_Blight,Leaf_Blight,Correct,0.999903
datasets/test/Curl_Leaf/Curl_Leaf00034.jpg,Curl_Leaf,Curl_Leaf,Correct,0.999991
datasets/test/Leaf_Gall/Leaf_Gall00298.jpg,Leaf_Gall,Leaf_Gall,Correct,1.000000
datasets/test/Fungal_Leaf_Spot/Fungal_Leaf_Spot00348.jpg,Fungal_Leaf_Spot,Fungal_Leaf_Spot,Correct,0.988346
datasets/train/Leaf_Gall/Leaf_Gall00526.jpg,Leaf_Gall,Leaf_Gall,Correct,0.999982
datasets/test/Felt_Leaf/Felt_Leaf00175.jpg,Felt_Leaf,Felt_Leaf,Correct,0.999992
datasets/train/Healthy_Leaf/Healthy_Leaf00058.jpg,Healthy_Leaf,Healthy_Leaf,Correct,0.999998
datasets/test/Leaf_Blight/Leaf_Blight00560.jpg,Leaf_Blight,Leaf_Blight,Correct,0.999994
datasets/train/Deficiency_Leaf/Deficiency_Leaf00087.jpg,Deficiency_Leaf,Deficiency_Leaf,Correct,0.998642
datasets/train/Deficiency_Leaf/Deficiency_Leaf00013.jpg,Deficiency_Leaf,Deficiency_Leaf,Correct,0.902471
datasets/test/Bituminous_Leaf/Bituminous_Leaf00094.jpg,Bituminous_Leaf,Bituminous_Leaf,Correct,0.999901
datasets/test/Leaf_Blight/Leaf_Blight00434.jpg,Leaf_Blight,Leaf_Blight,Correct,0.999997
datasets/test/Curl_Leaf/Curl_Leaf00112.jpg,Curl_Leaf,Curl_Leaf,Correct,1.000000
datasets/test/Leaf_Gall/Leaf_Gall00050.jpg,Leaf_Gall,Leaf_Gall,Correct,0.999701
datasets/train/Healthy_Leaf/Healthy_Leaf00102.jpg,Healthy_Leaf,Healthy_Leaf,Correct,1.000000
datasets/train/Felt_Leaf/Felt_Leaf00247.jpg,Felt_Leaf,Felt_Leaf,Correct,0.958692
datasets/train/Felt_Leaf/Felt_Leaf00242.jpg,Felt_Leaf,Felt_Leaf,Correct,0.999656
datasets/test/Leaf_Gall/Leaf_Gall00284.jpg,Leaf_Gall,Leaf_Gall,Correct,0.999975
datasets/train/Leaf_Gall/Leaf_Gall00272.jpg,Leaf_Gall,Leaf_Gall,Correct,0.999998
datasets/train/Curl_Leaf/Curl_Leaf00178.jpg,Curl_Leaf,Curl_Leaf,Correct,0.999984
datasets/test/Healthy_Leaf/Healthy_Leaf00067.jpg,Healthy_Leaf,Healthy_Leaf,Correct,0.999999
datasets/test/Dry_Leaf/Dry_Leaf00022.jpg,Dry_Leaf,Dry_Leaf,Correct,1.000000
datasets/test/Fungal_Leaf_Spot/Fungal_Leaf_Spot00118.jpg,Fungal_Leaf_Spot,Fungal_Leaf_Spot,Correct,0.999983
datasets/test/Leaf_Blight/Leaf_Blight00296.jpg,Leaf_Blight,Leaf_Blight,Correct,0.999998
datasets/test/Leaf_Gall/Leaf_Gall00228.jpg,Leaf_Gall,Leaf_Gall,Correct,1.000000
datasets/test/Fungal_Leaf_Spot/Fungal_Leaf_Spot00379.jpg,Fungal_Leaf_Spot,Fungal_Leaf_Spot,Correct,0.996424
datasets/test/Leaf_Blight/Leaf_Blight00018.jpg,Leaf_Blight,Leaf_Blight,Correct,0.999990
datasets/test/Leaf_Blight/Leaf_Blight00415.jpg,Leaf_Blight,Leaf_Blight,Correct,0.991671
datasets/test/Leaf_Blight/Leaf_Blight00386.jpg,Leaf_Blight,Leaf_Blight,Correct,0.999998
datasets/train/Fungal_Leaf_Spot/Fungal_Leaf_Spot00184.jpg,Fungal_Leaf_Spot,Fungal_Leaf_Spot,Correct,0.993608
datasets/test/Anthrax_Leaf/Anthrax_Leaf00082.jpg,Anthrax_Leaf,Anthrax_Leaf,Correct,0.999833
datasets/test/Leaf_Blight/Leaf_Blight00411.jpg,Leaf_Blight,Leaf_Gall,Incorrect,0.773587
datasets/test/Fungal_Leaf_Spot/Fungal_Leaf_Spot00329.jpg,Fungal_Leaf_Spot,Fungal_Leaf_Spot,Correct,0.999998
datasets/test/Fungal_Leaf_Spot/Fungal_Leaf_Spot00402.jpg,Fungal_Leaf_Spot,Fungal_Leaf_Spot,Correct,0.999540
datasets/test/Bituminous_Leaf/Bituminous_Leaf00022.jpg,Bituminous_Leaf,Bituminous_Leaf,Correct,0.968671
datasets/test/Leaf_Blight/Leaf_Blight00313.jpg,Leaf_Blight,Leaf_Blight,Correct,0.999999
datasets/train/Leaf_Gall/Leaf_Gall00338.jpg,Leaf_Gall,Leaf_Gall,Correct,0.998694
datasets/train/Leaf_Gall/Leaf_Gall00532.jpg,Leaf_Gall,Leaf_Gall,Correct,0.999345
datasets/train/Dry_Leaf/Dry_Leaf00248.jpg,Dry_Leaf,Dry_Leaf,Correct,0.999995
datasets/train/Leaf_Blight/Leaf_Blight00579.jpg,Leaf_Blight,Leaf_Blight,Correct,0.998180
datasets/train/Healthy_Leaf/Healthy_Leaf00197.jpg,Healthy_Leaf,Healthy_Leaf,Correct,0.999697
datasets/test/Leaf_Gall/Leaf_Gall00004.jpg,Leaf_Gall,Leaf_Gall,Correct,0.813136
datasets/train/Fungal_Leaf_Spot/Fungal_Leaf_Spot00384.jpg,Fungal_Leaf_Spot,Fungal_Leaf_Spot,Correct,0.965111
datasets/test/Leaf_Gall/Leaf_Gall00154.jpg,Leaf_Gall,Leaf_Gall,Correct,0.997289
datasets/train/Fungal_Leaf_Spot/Fungal_Leaf_Spot00271.jpg,Fungal_Leaf_Spot,Fungal_Leaf_Spot,Correct,0.836276
datasets/test/Bituminous_Leaf/Bituminous_Leaf00085.jpg,Bituminous_Leaf,Bituminous_Leaf,Correct,0.999999
datasets/test/Leaf_Gall/Leaf_Gall00277.jpg,Leaf_Gall,Leaf_Gall,Correct,1.000000
datasets/test/Felt_Leaf/Felt_Leaf00212.jpg,Felt_Leaf,Felt_Leaf,Correct,0.999968
datasets/test/Fungal_Leaf_Spot/Fungal_Leaf_Spot00161.jpg,Fungal_Leaf_Spot,Fungal_Leaf_Spot,Correct,0.999131
datasets/train/Bituminous_Leaf/Bituminous_Leaf00019.jpg,Bituminous_Leaf,Bituminous_Leaf,Correct,0.999930
datasets/test/Dry_Leaf/Dry_Leaf00200.jpg,Dry_Leaf,Dry_Leaf,Correct,1.000000
datasets/test/Leaf_Blight/Leaf_Blight00322.jpg,Leaf_Blight,Leaf_Blight,Correct,1.000000
datasets/test/Healthy_Leaf/Healthy_Leaf00433.jpg,Healthy_Leaf,Healthy_Leaf,Correct,0.999687
datasets/test/Felt_Leaf/Felt_Leaf00210.jpg,Felt_Leaf,Felt_Leaf,Correct,0.999988
datasets/train/Leaf_Blight/Leaf_Blight00326.jpg,Leaf_Blight,Leaf_Blight,Correct,1.000000
datasets/test/Curl_Leaf/Curl_Leaf00108.jpg,Curl_Leaf,Curl_Leaf,Correct,0.999979
datasets/test/Leaf_Blight/Leaf_Blight00425.jpg,Leaf_Blight,Leaf_Blight,Correct,0.999998
datasets/train/Leaf_Blight/Leaf_Blight00029.jpg,Leaf_Blight,Leaf_Blight,Correct,0.999340
datasets/test/Dry_Leaf/Dry_Leaf00304.jpg,Dry_Leaf,Dry_Leaf,Correct,1.000000
datasets/train/Leaf_Gall/Leaf_Gall00196.jpg,Leaf_Gall,Leaf_Gall,Correct,0.999999
datasets/test/Leaf_Blight/Leaf_Blight00007.jpg,Leaf_Blight,Leaf_Blight,Correct,0.999978
datasets/test/Healthy_Leaf/Healthy_Leaf00592.jpg,Healthy_Leaf,Healthy_Leaf,Correct,0.999753
datasets/test/Felt_Leaf/Felt_Leaf00052.jpg,Felt_Leaf,Felt_Leaf,Correct,0.999995
datasets/test/Anthrax_Leaf/Anthrax_Leaf00112.jpg,Anthrax_Leaf,Anthrax_Leaf,Correct,0.999892
datasets/test/Dry_Leaf/Dry_Leaf00232.jpg,Dry_Leaf,Dry_Leaf,Correct,1.000000
datasets/train/Dry_Leaf/Dry_Leaf00217.jpg,Dry_Leaf,Dry_Leaf,Correct,0.995992
datasets/test/Bituminous_Leaf/Bituminous_Leaf00014.jpg,Bituminous_Leaf,Bituminous_Leaf,Correct,0.871603
datasets/test/Dry_Leaf/Dry_Leaf00139.jpg,Dry_Leaf,Dry_Leaf,Correct,0.999991
datasets/test/Dry_Leaf/Dry_Leaf00155.jpg,Dry_Leaf,Dry_Leaf,Correct,1.000000
datasets/test/Leaf_Blight/Leaf_Blight00075.jpg,Leaf_Blight,Leaf_Blight,Correct,0.983673
datasets/train/Felt_Leaf/Felt_Leaf00207.jpg,Felt_Leaf,Felt_Leaf,Correct,0.803216
datasets/test/Leaf_Gall/Leaf_Gall00463.jpg,Leaf_Gall,Felt_Leaf,Incorrect,0.650691
datasets/train/Healthy_Leaf/Healthy_Leaf00040.jpg,Healthy_Leaf,Healthy_Leaf,Correct,1.000000
datasets/test/Fungal_Leaf_Spot/Fungal_Leaf_Spot00343.jpg,Fungal_Leaf_Spot,Fungal_Leaf_Spot,Correct,0.999831
datasets/train/Leaf_Blight/Leaf_Blight00392.jpg,Leaf_Blight,Leaf_Blight,Correct,0.999357
datasets/train/Dry_Leaf/Dry_Leaf00031.jpg,Dry_Leaf,Dry_Leaf,Correct,0.999836
datasets/train/Felt_Leaf/Felt_Leaf00252.jpg,Felt_Leaf,Felt_Leaf,Correct,0.962321
datasets/test/Fungal_Leaf_Spot/Fungal_Leaf_Spot00296.jpg,Fungal_Leaf_Spot,Fungal_Leaf_Spot,Correct,0.993328
datasets/train/Healthy_Leaf/Healthy_Leaf00551.jpg,Healthy_Leaf,Healthy_Leaf,Correct,0.990954
datasets/test/Healthy_Leaf/Healthy_Leaf00385.jpg,Healthy_Leaf,Healthy_Leaf,Correct,0.999635
datasets/test/Curl_Leaf/Curl_Leaf00154.jpg,Curl_Leaf,Curl_Leaf,Correct,0.999906
datasets/test/Deficiency_Leaf/Deficiency_Leaf00045.jpg,Deficiency_Leaf,Bituminous_Leaf,Incorrect,0.823301
datasets/test/Curl_Leaf/Curl_Leaf00110.jpg,Curl_Leaf,Curl_Leaf,Correct,0.999999
datasets/test/Healthy_Leaf/Healthy_Leaf00232.jpg,Healthy_Leaf,Healthy_Leaf,Correct,1.000000
datasets/test/Healthy_Leaf/Healthy_Leaf00428.jpg,Healthy_Leaf,Healthy_Leaf,Correct,0.999998
datasets/test/Fungal_Leaf_Spot/Fungal_Leaf_Spot00570.jpg,Fungal_Leaf_Spot,Fungal_Leaf_Spot,Correct,0.999976
datasets/train/Leaf_Blight/Leaf_Blight00491.jpg,Leaf_Blight,Leaf_Blight,Correct,1.000000
datasets/test/Anthrax_Leaf/Anthrax_Leaf00018.jpg,Anthrax_Leaf,Anthrax_Leaf,Correct,0.998961
datasets/test/Healthy_Leaf/Healthy_Leaf00581.jpg,Healthy_Leaf,Healthy_Leaf,Correct,0.999083
datasets/test/Fungal_Leaf_Spot/Fungal_Leaf_Spot00520.jpg,Fungal_Leaf_Spot,Fungal_Leaf_Spot,Correct,0.999333
datasets/test/Leaf_Gall/Leaf_Gall00175.jpg,Leaf_Gall,Leaf_Gall,Correct,1.000000
datasets/test/Fungal_Leaf_Spot/Fungal_Leaf_Spot00430.jpg,Fungal_Leaf_Spot,Fungal_Leaf_Spot,Correct,0.999999
datasets/train/Fungal_Leaf_Spot/Fungal_Leaf_Spot00373.jpg,Fungal_Leaf_Spot,Fungal_Leaf_Spot,Correct,0.999908
datasets/test/Dry_Leaf/Dry_Leaf00029.jpg,Dry_Leaf,Dry_Leaf,Correct,0.999997
datasets/test/Fungal_Leaf_Spot/Fungal_Leaf_Spot00170.jpg,Fungal_Leaf_Spot,Fungal_Leaf_Spot,Correct,0.995956
datasets/train/Deficiency_Leaf/Deficiency_Leaf00012.jpg,Deficiency_Leaf,Deficiency_Leaf,Correct,0.999169
datasets/train/Fungal_Leaf_Spot/Fungal_Leaf_Spot00375.jpg,Fungal_Leaf_Spot,Fungal_Leaf_Spot,Correct,0.999913
datasets/test/Felt_Leaf/Felt_Leaf00156.jpg,Felt_Leaf,Felt_Leaf,Correct,0.874782
datasets/train/Leaf_Gall/Leaf_Gall00563.jpg,Leaf_Gall,Leaf_Gall,Correct,0.999745
datasets/test/Leaf_Blight/Leaf_Blight00037.jpg,Leaf_Blight,Leaf_Blight,Correct,0.999996
datasets/test/Felt_Leaf/Felt_Leaf00029.jpg,Felt_Leaf,Felt_Leaf,Correct,0.999999
datasets/train/Fungal_Leaf_Spot/Fungal_Leaf_Spot00105.jpg,Fungal_Leaf_Spot,Fungal_Leaf_Spot,Correct,0.999957
datasets/test/Dry_Leaf/Dry_Leaf00091.jpg,Dry_Leaf,Dry_Leaf,Correct,1.000000
datasets/test/Leaf_Gall/Leaf_Gall00007.jpg,Leaf_Gall,Leaf_Gall,Correct,0.999061
datasets/train/Fungal_Leaf_Spot/Fungal_Leaf_Spot00363.jpg,Fungal_Leaf_Spot,Fungal_Leaf_Spot,Correct,0.998935
datasets/test/Dry_Leaf/Dry_Leaf00343.jpg,Dry_Leaf,Dry_Leaf,Correct,0.999963
datasets/test/Leaf_Blight/Leaf_Blight00332.jpg,Leaf_Blight,Leaf_Blight,Correct,1.000000
datasets/test/Felt_Leaf/Felt_Leaf00368.jpg,Felt_Leaf,Felt_Leaf,Correct,0.999967
datasets/train/Healthy_Leaf/Healthy_Leaf00353.jpg,Healthy_Leaf,Healthy_Leaf,Correct,1.000000
datasets/train/Healthy_Leaf/Healthy_Leaf00137.jpg,Healthy_Leaf,Healthy_Leaf,Correct,0.999997
datasets/test/Fungal_Leaf_Spot/Fungal_Leaf_Spot00453.jpg,Fungal_Leaf_Spot,Fungal_Leaf_Spot,Correct,0.931526
datasets/test/Healthy_Leaf/Healthy_Leaf00081.jpg,Healthy_Leaf,Healthy_Leaf,Correct,0.999999
datasets/test/Curl_Leaf/Curl_Leaf00115.jpg,Curl_Leaf,Curl_Leaf,Correct,1.000000
datasets/test/Dry_Leaf/Dry_Leaf00025.jpg,Dry_Leaf,Dry_Leaf,Correct,1.000000
datasets/train/Leaf_Gall/Leaf_Gall00106.jpg,Leaf_Gall,Leaf_Gall,Correct,0.999960
datasets/test/Felt_Leaf/Felt_Leaf00182.jpg,Felt_Leaf,Felt_Leaf,Correct,0.999925
datasets/train/Leaf_Gall/Leaf_Gall00380.jpg,Leaf_Gall,Leaf_Gall,Correct,1.000000
datasets/test/Healthy_Leaf/Healthy_Leaf00612.jpg,Healthy_Leaf,Healthy_Leaf,Correct,0.999975
datasets/test/Leaf_Blight/Leaf_Blight00142.jpg,Leaf_Blight,Leaf_Blight,Correct,0.999960
datasets/test/Dry_Leaf/Dry_Leaf00112.jpg,Dry_Leaf,Dry_Leaf,Correct,1.000000
datasets/test/Leaf_Gall/Leaf_Gall00031.jpg,Leaf_Gall,Leaf_Gall,Correct,0.995344
datasets/test/Leaf_Blight/Leaf_Blight00550.jpg,Leaf_Blight,Leaf_Blight,Correct,0.999999
datasets/test/Dry_Leaf/Dry_Leaf00280.jpg,Dry_Leaf,Dry_Leaf,Correct,1.000000
datasets/test/Leaf_Gall/Leaf_Gall00213.jpg,Leaf_Gall,Leaf_Gall,Correct,1.000000
datasets/test/Leaf_Gall/Leaf_Gall00539.jpg,Leaf_Gall,Leaf_Gall,Correct,0.999995
datasets/test/Felt_Leaf/Felt_Leaf00235.jpg,Felt_Leaf,Felt_Leaf,Correct,0.974413
datasets/train/Fungal_Leaf_Spot/Fungal_Leaf_Spot00524.jpg,Fungal_Leaf_Spot,Fungal_Leaf_Spot,Correct,0.999974
datasets/train/Leaf_Gall/Leaf_Gall00162.jpg,Leaf_Gall,Leaf_Gall,Correct,0.999937
datasets/test/Healthy_Leaf/Healthy_Leaf00246.jpg,Healthy_Leaf,Healthy_Leaf,Correct,0.999994
datasets/test/Leaf_Blight/Leaf_Blight00445.jpg,Leaf_Blight,Leaf_Blight,Correct,0.999969
datasets/test/Leaf_Gall/Leaf_Gall00377.jpg,Leaf_Gall,Leaf_Gall,Correct,0.999997
datasets/test/Healthy_Leaf/Healthy_Leaf00297.jpg,Healthy_Leaf,Healthy_Leaf,Correct,0.999999
datasets/train/Leaf_Gall/Leaf_Gall00281.jpg,Leaf_Gall,Leaf_Gall,Correct,0.999976
datasets/test/Leaf_Blight/Leaf_Blight00079.jpg,Leaf_Blight,Leaf_Blight,Correct,0.999914
datasets/test/Leaf_Gall/Leaf_Gall00011.jpg,Leaf_Gall,Leaf_Gall,Correct,0.995057
datasets/train/Fungal_Leaf_Spot/Fungal_Leaf_Spot00188.jpg,Fungal_Leaf_Spot,Fungal_Leaf_Spot,Correct,0.999943
datasets/train/Fungal_Leaf_Spot/Fungal_Leaf_Spot00359.jpg,Fungal_Leaf_Spot,Fungal_Leaf_Spot,Correct,0.999605
datasets/test/Leaf_Gall/Leaf_Gall00402.jpg,Leaf_Gall,Leaf_Gall,Correct,0.999547
datasets/train/Fungal_Leaf_Spot/Fungal_Leaf_Spot00428.jpg,Fungal_Leaf_Spot,Fungal_Leaf_Spot,Correct,0.999989
datasets/test/Leaf_Blight/Leaf_Blight00241.jpg,Leaf_Blight,Leaf_Blight,Correct,1.000000
datasets/test/Leaf_Gall/Leaf_Gall00250.jpg,Leaf_Gall,Leaf_Gall,Correct,0.999999
datasets/train/Curl_Leaf/Curl_Leaf00018.jpg,Curl_Leaf,Curl_Leaf,Correct,0.999932
datasets/test/Felt_Leaf/Felt_Leaf00079.jpg,Felt_Leaf,Felt_Leaf,Correct,0.954353
datasets/test/Leaf_Blight/Leaf_Blight00441.jpg,Leaf_Blight,Leaf_Blight,Correct,0.994243
datasets/test/Felt_Leaf/Felt_Leaf00248.jpg,Felt_Leaf,Felt_Leaf,Correct,0.999389
datasets/test/Deficiency_Leaf/Deficiency_Leaf00068.jpg,Deficiency_Leaf,Deficiency_Leaf,Correct,0.953270
datasets/test/Dry_Leaf/Dry_Leaf00001.jpg,Dry_Leaf,Dry_Leaf,Correct,1.000000
datasets/train/Leaf_Blight/Leaf_Blight00447.jpg,Leaf_Blight,Leaf_Blight,Correct,0.999999
datasets/train/Leaf_Blight/Leaf_Blight00211.jpg,Leaf_Blight,Leaf_Blight,Correct,0.996878
datasets/train/Bituminous_Leaf/Bituminous_Leaf00009.jpg,Bituminous_Leaf,Bituminous_Leaf,Correct,0.999780
datasets/train/Leaf_Blight/Leaf_Blight00109.jpg,Leaf_Blight,Leaf_Blight,Correct,0.999994
datasets/train/Healthy_Leaf/Healthy_Leaf00041.jpg,Healthy_Leaf,Healthy_Leaf,Correct,1.000000
datasets/train/Anthrax_Leaf/Anthrax_Leaf00114.jpg,Anthrax_Leaf,Anthrax_Leaf,Correct,0.927127
datasets/train/Leaf_Blight/Leaf_Blight00113.jpg,Leaf_Blight,Leaf_Blight,Correct,0.999611
datasets/test/Leaf_Blight/Leaf_Blight00339.jpg,Leaf_Blight,Leaf_Blight,Correct,0.999987
datasets/train/Leaf_Gall/Leaf_Gall00427.jpg,Leaf_Gall,Leaf_Gall,Correct,0.999995
datasets/test/Fungal_Leaf_Spot/Fungal_Leaf_Spot00173.jpg,Fungal_Leaf_Spot,Fungal_Leaf_Spot,Correct,0.998781
datasets/train/Leaf_Blight/Leaf_Blight00407.jpg,Leaf_Blight,Leaf_Blight,Correct,0.999373
datasets/test/Healthy_Leaf/Healthy_Leaf00281.jpg,Healthy_Leaf,Healthy_Leaf,Correct,0.999869
datasets/test/Leaf_Blight/Leaf_Blight00387.jpg,Leaf_Blight,Leaf_Blight,Correct,0.999380
datasets/train/Dry_Leaf/Dry_Leaf00064.jpg,Dry_Leaf,Dry_Leaf,Correct,1.000000
datasets/train/Leaf_Gall/Leaf_Gall00599.jpg,Leaf_Gall,Leaf_Gall,Correct,0.999872
datasets/test/Leaf_Blight/Leaf_Blight00255.jpg,Leaf_Blight,Leaf_Blight,Correct,0.999761
datasets/train/Fungal_Leaf_Spot/Fungal_Leaf_Spot00205.jpg,Fungal_Leaf_Spot,Fungal_Leaf_Spot,Correct,0.999159
datasets/test/Curl_Leaf/Curl_Leaf00035.jpg,Curl_Leaf,Anthrax_Leaf,Incorrect,0.734376
datasets/test/Leaf_Gall/Leaf_Gall00409.jpg,Leaf_Gall,Leaf_Gall,Correct,0.999714
datasets/train/Fungal_Leaf_Spot/Fungal_Leaf_Spot00049.jpg,Fungal_Leaf_Spot,Fungal_Leaf_Spot,Correct,0.999999
datasets/test/Healthy_Leaf/Healthy_Leaf00008.jpg,Healthy_Leaf,Healthy_Leaf,Correct,0.999999
datasets/test/Healthy_Leaf/Healthy_Leaf00054.jpg,Healthy_Leaf,Healthy_Leaf,Correct,0.999996
datasets/test/Leaf_Blight/Leaf_Blight00314.jpg,Leaf_Blight,Leaf_Blight,Correct,1.000000
datasets/train/Curl_Leaf/Curl_Leaf00123.jpg,Curl_Leaf,Curl_Leaf,Correct,0.983727
datasets/test/Leaf_Blight/Leaf_Blight00524.jpg,Leaf_Blight,Leaf_Blight,Correct,0.999994
datasets/test/Felt_Leaf/Felt_Leaf00100.jpg,Felt_Leaf,Felt_Leaf,Correct,0.999994
datasets/test/Felt_Leaf/Felt_Leaf00334.jpg,Felt_Leaf,Felt_Leaf,Correct,0.991875
datasets/train/Leaf_Gall/Leaf_Gall00230.jpg,Leaf_Gall,Leaf_Gall,Correct,1.000000
datasets/train/Felt_Leaf/Felt_Leaf00237.jpg,Felt_Leaf,Felt_Leaf,Correct,0.995207
datasets/test/Leaf_Blight/Leaf_Blight00260.jpg,Leaf_Blight,Leaf_Blight,Correct,0.999994
datasets/train/Leaf_Blight/Leaf_Blight00514.jpg,Leaf_Blight,Leaf_Blight,Correct,0.999993
datasets/train/Leaf_Gall/Leaf_Gall00111.jpg,Leaf_Gall,Leaf_Gall,Correct,1.000000
datasets/train/Leaf_Gall/Leaf_Gall00592.jpg,Leaf_Gall,Leaf_Gall,Correct,0.999999
datasets/train/Leaf_Blight/Leaf_Blight00227.jpg,Leaf_Blight,Leaf_Blight,Correct,0.999887
datasets/test/Fungal_Leaf_Spot/Fungal_Leaf_Spot00301.jpg,Fungal_Leaf_Spot,Fungal_Leaf_Spot,Correct,0.999996
datasets/test/Healthy_Leaf/Healthy_Leaf00085.jpg,Healthy_Leaf,Healthy_Leaf,Correct,0.999502
datasets/train/Felt_Leaf/Felt_Leaf00311.jpg,Felt_Leaf,Felt_Leaf,Correct,0.999870
datasets/test/Healthy_Leaf/Healthy_Leaf00140.jpg,Healthy_Leaf,Healthy_Leaf,Correct,1.000000
datasets/test/Anthrax_Leaf/Anthrax_Leaf00103.jpg,Anthrax_Leaf,Anthrax_Leaf,Correct,0.998874
datasets/test/Dry_Leaf/Dry_Leaf00148.jpg,Dry_Leaf,Dry_Leaf,Correct,1.000000
datasets/test/Bituminous_Leaf/Bituminous_Leaf00081.jpg,Bituminous_Leaf,Bituminous_Leaf,Correct,0.999992
datasets/train/Leaf_Gall/Leaf_Gall00571.jpg,Leaf_Gall,Leaf_Gall,Correct,1.000000
datasets/train/Anthrax_Leaf/Anthrax_Leaf00038.jpg,Anthrax_Leaf,Anthrax_Leaf,Correct,0.999999
datasets/test/Felt_Leaf/Felt_Leaf00076.jpg,Felt_Leaf,Felt_Leaf,Correct,0.998792
datasets/train/Healthy_Leaf/Healthy_Leaf00123.jpg,Healthy_Leaf,Healthy_Leaf,Correct,1.000000
datasets/test/Healthy_Leaf/Healthy_Leaf00555.jpg,Healthy_Leaf,Healthy_Leaf,Correct,0.998596
datasets/test/Healthy_Leaf/Healthy_Leaf00394.jpg,Healthy_Leaf,Healthy_Leaf,Correct,0.997160
datasets/test/Leaf_Gall/Leaf_Gall00446.jpg,Leaf_Gall,Leaf_Gall,Correct,0.999946
datasets/test/Leaf_Blight/Leaf_Blight00297.jpg,Leaf_Blight,Leaf_Blight,Correct,0.999998
datasets/train/Leaf_Gall/Leaf_Gall00578.jpg,Leaf_Gall,Leaf_Gall,Correct,0.999943
datasets/test/Leaf_Blight/Leaf_Blight00303.jpg,Leaf_Blight,Leaf_Blight,Correct,0.999994
datasets/train/Leaf_Blight/Leaf_Blight00129.jpg,Leaf_Blight,Leaf_Blight,Correct,1.000000
datasets/train/Fungal_Leaf_Spot/Fungal_Leaf_Spot00012.jpg,Fungal_Leaf_Spot,Fungal_Leaf_Spot,Correct,0.999998
datasets/test/Curl_Leaf/Curl_Leaf00012.jpg,Curl_Leaf,Curl_Leaf,Correct,0.999977
datasets/test/Leaf_Gall/Leaf_Gall00428.jpg,Leaf_Gall,Leaf_Gall,Correct,1.000000
datasets/test/Anthrax_Leaf/Anthrax_Leaf00025.jpg,Anthrax_Leaf,Anthrax_Leaf,Correct,0.999964
datasets/train/Felt_Leaf/Felt_Leaf00288.jpg,Felt_Leaf,Felt_Leaf,Correct,0.948369
datasets/test/Leaf_Gall/Leaf_Gall00295.jpg,Leaf_Gall,Leaf_Gall,Correct,1.000000
datasets/test/Leaf_Gall/Leaf_Gall00366.jpg,Leaf_Gall,Leaf_Gall,Correct,1.000000
datasets/train/Fungal_Leaf_Spot/Fungal_Leaf_Spot00349.jpg,Fungal_Leaf_Spot,Fungal_Leaf_Spot,Correct,0.998956
datasets/test/Curl_Leaf/Curl_Leaf00016.jpg,Curl_Leaf,Curl_Leaf,Correct,0.999986
datasets/test/Felt_Leaf/Felt_Leaf00045.jpg,Felt_Leaf,Felt_Leaf,Correct,1.000000
datasets/test/Leaf_Gall/Leaf_Gall00399.jpg,Leaf_Gall,Leaf_Gall,Correct,0.999946
datasets/train/Felt_Leaf/Felt_Leaf00228.jpg,Felt_Leaf,Felt_Leaf,Correct,0.972152
datasets/test/Healthy_Leaf/Healthy_Leaf00358.jpg,Healthy_Leaf,Healthy_Leaf,Correct,0.999991
datasets/train/Fungal_Leaf_Spot/Fungal_Leaf_Spot00513.jpg,Fungal_Leaf_Spot,Fungal_Leaf_Spot,Correct,0.999849
datasets/train/Healthy_Leaf/Healthy_Leaf00056.jpg,Healthy_Leaf,Healthy_Leaf,Correct,0.999994
datasets/test/Deficiency_Leaf/Deficiency_Leaf00083.jpg,Deficiency_Leaf,Deficiency_Leaf,Correct,0.655484
datasets/test/Fungal_Leaf_Spot/Fungal_Leaf_Spot00557.jpg,Fungal_Leaf_Spot,Fungal_Leaf_Spot,Correct,0.998258
datasets/train/Leaf_Blight/Leaf_Blight00267.jpg,Leaf_Blight,Leaf_Blight,Correct,0.999899
datasets/test/Dry_Leaf/Dry_Leaf00312.jpg,Dry_Leaf,Dry_Leaf,Correct,1.000000
datasets/test/Leaf_Blight/Leaf_Blight00450.jpg,Leaf_Blight,Leaf_Blight,Correct,0.999992
datasets/train/Leaf_Blight/Leaf_Blight00385.jpg,Leaf_Blight,Leaf_Blight,Correct,0.999997
datasets/test/Fungal_Leaf_Spot/Fungal_Leaf_Spot00136.jpg,Fungal_Leaf_Spot,Fungal_Leaf_Spot,Correct,0.999883
datasets/test/Anthrax_Leaf/Anthrax_Leaf00052.jpg,Anthrax_Leaf,Anthrax_Leaf,Correct,0.999994
datasets/train/Healthy_Leaf/Healthy_Leaf00609.jpg,Healthy_Leaf,Healthy_Leaf,Correct,0.996849
datasets/test/Dry_Leaf/Dry_Leaf00270.jpg,Dry_Leaf,Dry_Leaf,Correct,0.999999
datasets/train/Healthy_Leaf/Healthy_Leaf00546.jpg,Healthy_Leaf,Healthy_Leaf,Correct,0.999564
datasets/test/Bituminous_Leaf/Bituminous_Leaf00130.jpg,Bituminous_Leaf,Bituminous_Leaf,Correct,0.999946
datasets/train/Fungal_Leaf_Spot/Fungal_Leaf_Spot00165.jpg,Fungal_Leaf_Spot,Fungal_Leaf_Spot,Correct,0.994156
datasets/test/Felt_Leaf/Felt_Leaf00196.jpg,Felt_Leaf,Felt_Leaf,Correct,0.993863
datasets/train/Leaf_Gall/Leaf_Gall00296.jpg,Leaf_Gall,Leaf_Gall,Correct,1.000000
datasets/train/Leaf_Blight/Leaf_Blight00359.jpg,Leaf_Blight,Leaf_Blight,Correct,0.997303
datasets/train/Leaf_Gall/Leaf_Gall00027.jpg,Leaf_Gall,Leaf_Gall,Correct,0.999877
datasets/train/Fungal_Leaf_Spot/Fungal_Leaf_Spot00449.jpg,Fungal_Leaf_Spot,Fungal_Leaf_Spot,Correct,0.978559
datasets/train/Leaf_Blight/Leaf_Blight00088.jpg,Leaf_Blight,Leaf_Blight,Correct,0.999983
datasets/train/Fungal_Leaf_Spot/Fungal_Leaf_Spot00092.jpg,Fungal_Leaf_Spot,Fungal_Leaf_Spot,Correct,0.997290
datasets/test/Healthy_Leaf/Healthy_Leaf00470.jpg,Healthy_Leaf,Healthy_Leaf,Correct,0.999996
datasets/train/Fungal_Leaf_Spot/Fungal_Leaf_Spot00167.jpg,Fungal_Leaf_Spot,Fungal_Leaf_Spot,Correct,0.999298
datasets/test/Healthy_Leaf/Healthy_Leaf00210.jpg,Healthy_Leaf,Healthy_Leaf,Correct,0.999939
datasets/test/Leaf_Blight/Leaf_Blight00266.jpg,Leaf_Blight,Leaf_Blight,Correct,0.999892
datasets/train/Dry_Leaf/Dry_Leaf00110.jpg,Dry_Leaf,Dry_Leaf,Correct,1.000000
datasets/train/Leaf_Blight/Leaf_Blight00074.jpg,Leaf_Blight,Leaf_Blight,Correct,0.999979
datasets/test/Healthy_Leaf/Healthy_Leaf00103.jpg,Healthy_Leaf,Healthy_Leaf,Correct,1.000000
datasets/test/Fungal_Leaf_Spot/Fungal_Leaf_Spot00266.jpg,Fungal_Leaf_Spot,Fungal_Leaf_Spot,Correct,0.990553
datasets/test/Leaf_Blight/Leaf_Blight00423.jpg,Leaf_Blight,Leaf_Blight,Correct,0.999404
datasets/test/Leaf_Blight/Leaf_Blight00574.jpg,Leaf_Blight,Leaf_Blight,Correct,0.999193
datasets/train/Leaf_Blight/Leaf_Blight00534.jpg,Leaf_Blight,Leaf_Blight,Correct,0.999995
datasets/train/Deficiency_Leaf/Deficiency_Leaf00054.jpg,Deficiency_Leaf,Deficiency_Leaf,Correct,0.992822
datasets/train/Healthy_Leaf/Healthy_Leaf00352.jpg,Healthy_Leaf,Healthy_Leaf,Correct,0.999999
datasets/train/Bituminous_Leaf/Bituminous_Leaf00135.jpg,Bituminous_Leaf,Bituminous_Leaf,Correct,0.999752
datasets/train/Dry_Leaf/Dry_Leaf00055.jpg,Dry_Leaf,Dry_Leaf,Correct,1.000000
datasets/test/Felt_Leaf/Felt_Leaf00143.jpg,Felt_Leaf,Felt_Leaf,Correct,0.999748
datasets/test/Fungal_Leaf_Spot/Fungal_Leaf_Spot00474.jpg,Fungal_Leaf_Spot,Fungal_Leaf_Spot,Correct,0.999977
datasets/train/Felt_Leaf/Felt_Leaf00347.jpg,Felt_Leaf,Felt_Leaf,Correct,0.999626
datasets/test/Felt_Leaf/Felt_Leaf00012.jpg,Felt_Leaf,Felt_Leaf,Correct,0.988572
datasets/test/Leaf_Blight/Leaf_Blight00547.jpg,Leaf_Blight,Leaf_Blight,Correct,1.000000
datasets/train/Bituminous_Leaf/Bituminous_Leaf00039.jpg,Bituminous_Leaf,Bituminous_Leaf,Correct,0.999980
datasets/test/Leaf_Gall/Leaf_Gall00567.jpg,Leaf_Gall,Leaf_Gall,Correct,1.000000
datasets/train/Dry_Leaf/Dry_Leaf00233.jpg,Dry_Leaf,Dry_Leaf,Correct,1.000000
datasets/test/Leaf_Blight/Leaf_Blight00028.jpg,Leaf_Blight,Leaf_Blight,Correct,1.000000
datasets/train/Fungal_Leaf_Spot/Fungal_Leaf_Spot00519.jpg,Fungal_Leaf_Spot,Fungal_Leaf_Spot,Correct,0.991919
datasets/test/Healthy_Leaf/Healthy_Leaf00437.jpg,Healthy_Leaf,Healthy_Leaf,Correct,0.999980
datasets/test/Bituminous_Leaf/Bituminous_Leaf00011.jpg,Bituminous_Leaf,Bituminous_Leaf,Correct,0.999726
datasets/train/Fungal_Leaf_Spot/Fungal_Leaf_Spot00544.jpg,Fungal_Leaf_Spot,Fungal_Leaf_Spot,Correct,0.999832
datasets/test/Healthy_Leaf/Healthy_Leaf00589.jpg,Healthy_Leaf,Healthy_Leaf,Correct,0.999999
datasets/train/Healthy_Leaf/Healthy_Leaf00022.jpg,Healthy_Leaf,Healthy_Leaf,Correct,1.000000
datasets/test/Healthy_Leaf/Healthy_Leaf00185.jpg,Healthy_Leaf,Healthy_Leaf,Correct,0.996935
datasets/test/Fungal_Leaf_Spot/Fungal_Leaf_Spot00110.jpg,Fungal_Leaf_Spot,Fungal_Leaf_Spot,Correct,0.999991
datasets/train/Fungal_Leaf_Spot/Fungal_Leaf_Spot00522.jpg,Fungal_Leaf_Spot,Fungal_Leaf_Spot,Correct,0.999682
datasets/test/Healthy_Leaf/Healthy_Leaf00627.jpg,Healthy_Leaf,Healthy_Leaf,Correct,0.995635
datasets/train/Healthy_Leaf/Healthy_Leaf00317.jpg,Healthy_Leaf,Healthy_Leaf,Correct,0.999996
datasets/test/Felt_Leaf/Felt_Leaf00172.jpg,Felt_Leaf,Felt_Leaf,Correct,1.000000
datasets/test/Dry_Leaf/Dry_Leaf00273.jpg,Dry_Leaf,Dry_Leaf,Correct,1.000000
datasets/train/Leaf_Blight/Leaf_Blight00035.jpg,Leaf_Blight,Leaf_Blight,Correct,1.000000
datasets/train/Fungal_Leaf_Spot/Fungal_Leaf_Spot00227.jpg,Fungal_Leaf_Spot,Fungal_Leaf_Spot,Correct,1.000000
datasets/test/Leaf_Gall/Leaf_Gall00254.jpg,Leaf_Gall,Leaf_Gall,Correct,0.999229
datasets/train/Leaf_Gall/Leaf_Gall00263.jpg,Leaf_Gall,Leaf_Gall,Correct,0.999995
datasets/test/Healthy_Leaf/Healthy_Leaf00330.jpg,Healthy_Leaf,Healthy_Leaf,Correct,0.999981
datasets/train/Curl_Leaf/Curl_Leaf00025.jpg,Curl_Leaf,Curl_Leaf,Correct,1.000000
datasets/test/Leaf_Gall/Leaf_Gall00001.jpg,Leaf_Gall,Felt_Leaf,Incorrect,0.752092
datasets/train/Healthy_Leaf/Healthy_Leaf00162.jpg,Healthy_Leaf,Healthy_Leaf,Correct,1.000000
datasets/train/Deficiency_Leaf/Deficiency_Leaf00056.jpg,Deficiency_Leaf,Felt_Leaf,Incorrect,0.691526
datasets/test/Leaf_Blight/Leaf_Blight00317.jpg,Leaf_Blight,Leaf_Blight,Correct,1.000000
datasets/test/Fungal_Leaf_Spot/Fungal_Leaf_Spot00084.jpg,Fungal_Leaf_Spot,Fungal_Leaf_Spot,Correct,0.999986
datasets/train/Fungal_Leaf_Spot/Fungal_Leaf_Spot00256.jpg,Fungal_Leaf_Spot,Fungal_Leaf_Spot,Correct,0.999992
datasets/test/Leaf_Gall/Leaf_Gall00615.jpg,Leaf_Gall,Leaf_Gall,Correct,0.999952
datasets/test/Felt_Leaf/Felt_Leaf00265.jpg,Felt_Leaf,Fungal_Leaf_Spot,Incorrect,0.749234
datasets/test/Felt_Leaf/Felt_Leaf00106.jpg,Felt_Leaf,Felt_Leaf,Correct,0.999967
datasets/test/Leaf_Gall/Leaf_Gall00297.jpg,Leaf_Gall,Leaf_Gall,Correct,1.000000
datasets/train/Dry_Leaf/Dry_Leaf00298.jpg,Dry_Leaf,Dry_Leaf,Correct,1.000000
datasets/train/Anthrax_Leaf/Anthrax_Leaf00022.jpg,Anthrax_Leaf,Anthrax_Leaf,Correct,0.999899
datasets/test/Leaf_Gall/Leaf_Gall00280.jpg,Leaf_Gall,Leaf_Gall,Correct,0.999946
datasets/train/Leaf_Blight/Leaf_Blight00395.jpg,Leaf_Blight,Leaf_Blight,Correct,0.998838
datasets/train/Felt_Leaf/Felt_Leaf00168.jpg,Felt_Leaf,Felt_Leaf,Correct,0.977076
datasets/train/Anthrax_Leaf/Anthrax_Leaf00049.jpg,Anthrax_Leaf,Anthrax_Leaf,Correct,0.999752
datasets/test/Healthy_Leaf/Healthy_Leaf00573.jpg,Healthy_Leaf,Healthy_Leaf,Correct,0.999999
datasets/train/Leaf_Blight/Leaf_Blight00490.jpg,Leaf_Blight,Leaf_Blight,Correct,0.999986
datasets/test/Healthy_Leaf/Healthy_Leaf00351.jpg,Healthy_Leaf,Healthy_Leaf,Correct,0.997812
datasets/test/Felt_Leaf/Felt_Leaf00277.jpg,Felt_Leaf,Felt_Leaf,Correct,0.996507
datasets/test/Dry_Leaf/Dry_Leaf00048.jpg,Dry_Leaf,Dry_Leaf,Correct,0.999984
datasets/test/Leaf_Gall/Leaf_Gall00088.jpg,Leaf_Gall,Leaf_Gall,Correct,0.999999
datasets/test/Bituminous_Leaf/Bituminous_Leaf00113.jpg,Bituminous_Leaf,Bituminous_Leaf,Correct,0.999662
datasets/train/Fungal_Leaf_Spot/Fungal_Leaf_Spot00113.jpg,Fungal_Leaf_Spot,Fungal_Leaf_Spot,Correct,0.999569
datasets/train/Healthy_Leaf/Healthy_Leaf00258.jpg,Healthy_Leaf,Healthy_Leaf,Correct,0.999767
datasets/train/Leaf_Blight/Leaf_Blight00426.jpg,Leaf_Blight,Leaf_Blight,Correct,0.999997
datasets/train/Anthrax_Leaf/Anthrax_Leaf00064.jpg,Anthrax_Leaf,Anthrax_Leaf,Correct,0.999998
datasets/test/Leaf_Blight/Leaf_Blight00119.jpg,Leaf_Blight,Leaf_Blight,Correct,1.000000
datasets/train/Fungal_Leaf_Spot/Fungal_Leaf_Spot00407.jpg,Fungal_Leaf_Spot,Fungal_Leaf_Spot,Correct,0.999997
datasets/test/Curl_Leaf/Curl_Leaf00133.jpg,Curl_Leaf,Curl_Leaf,Correct,0.945069
datasets/train/Bituminous_Leaf/Bituminous_Leaf00073.jpg,Bituminous_Leaf,Bituminous_Leaf,Correct,0.999984
datasets/train/Bituminous_Leaf/Bituminous_Leaf00029.jpg,Bituminous_Leaf,Bituminous_Leaf,Correct,0.999997
datasets/train/Leaf_Blight/Leaf_Blight00242.jpg,Leaf_Blight,Leaf_Blight,Correct,0.999994
datasets/test/Leaf_Gall/Leaf_Gall00414.jpg,Leaf_Gall,Leaf_Gall,Correct,0.998838
datasets/train/Leaf_Gall/Leaf_Gall00136.jpg,Leaf_Gall,Leaf_Gall,Correct,1.000000
datasets/test/Deficiency_Leaf/Deficiency_Leaf00072.jpg,Deficiency_Leaf,Deficiency_Leaf,Correct,0.981352
datasets/test/Leaf_Gall/Leaf_Gall00555.jpg,Leaf_Gall,Leaf_Gall,Correct,1.000000
datasets/test/Leaf_Gall/Leaf_Gall00279.jpg,Leaf_Gall,Leaf_Gall,Correct,0.999978
datasets/test/Bituminous_Leaf/Bituminous_Leaf00091.jpg,Bituminous_Leaf,Bituminous_Leaf,Correct,0.999983
datasets/test/Dry_Leaf/Dry_Leaf00193.jpg,Dry_Leaf,Dry_Leaf,Correct,1.000000
datasets/train/Felt_Leaf/Felt_Leaf00002.jpg,Felt_Leaf,Felt_Leaf,Correct,0.999614
datasets/test/Fungal_Leaf_Spot/Fungal_Leaf_Spot00511.jpg,Fungal_Leaf_Spot,Fungal_Leaf_Spot,Correct,0.999987
datasets/test/Bituminous_Leaf/Bituminous_Leaf00133.jpg,Bituminous_Leaf,Bituminous_Leaf,Correct,0.999997
datasets/test/Dry_Leaf/Dry_Leaf00283.jpg,Dry_Leaf,Dry_Leaf,Correct,1.000000
datasets/test/Leaf_Gall/Leaf_Gall00022.jpg,Leaf_Gall,Leaf_Gall,Correct,0.991905
datasets/test/Anthrax_Leaf/Anthrax_Leaf00063.jpg,Anthrax_Leaf,Anthrax_Leaf,Correct,0.999741
datasets/train/Healthy_Leaf/Healthy_Leaf00168.jpg,Healthy_Leaf,Healthy_Leaf,Correct,0.999999
datasets/test/Dry_Leaf/Dry_Leaf00222.jpg,Dry_Leaf,Dry_Leaf,Correct,1.000000
datasets/test/Felt_Leaf/Felt_Leaf00080.jpg,Felt_Leaf,Felt_Leaf,Correct,0.581967
datasets/test/Healthy_Leaf/Healthy_Leaf00386.jpg,Healthy_Leaf,Healthy_Leaf,Correct,0.980954
datasets/test/Felt_Leaf/Felt_Leaf00011.jpg,Felt_Leaf,Felt_Leaf,Correct,0.905252
datasets/train/Fungal_Leaf_Spot/Fungal_Leaf_Spot00277.jpg,Fungal_Leaf_Spot,Fungal_Leaf_Spot,Correct,0.995812
datasets/train/Leaf_Gall/Leaf_Gall00324.jpg,Leaf_Gall,Leaf_Gall,Correct,1.000000
datasets/train/Dry_Leaf/Dry_Leaf00303.jpg,Dry_Leaf,Dry_Leaf,Correct,1.000000
datasets/test/Leaf_Blight/Leaf_Blight00440.jpg,Leaf_Blight,Leaf_Blight,Correct,0.999998
datasets/test/Felt_Leaf/Felt_Leaf00319.jpg,Felt_Leaf,Fungal_Leaf_Spot,Incorrect,0.509636
datasets/test/Felt_Leaf/Felt_Leaf00291.jpg,Felt_Leaf,Felt_Leaf,Correct,0.999699
datasets/train/Felt_Leaf/Felt_Leaf00382.jpg,Felt_Leaf,Felt_Leaf,Correct,0.992971
datasets/test/Leaf_Blight/Leaf_Blight00438.jpg,Leaf_Blight,Leaf_Blight,Correct,0.999992
datasets/test/Healthy_Leaf/Healthy_Leaf00481.jpg,Healthy_Leaf,Healthy_Leaf,Correct,0.963914
datasets/train/Healthy_Leaf/Healthy_Leaf00548.jpg,Healthy_Leaf,Healthy_Leaf,Correct,0.679752
datasets/test/Curl_Leaf/Curl_Leaf00013.jpg,Curl_Leaf,Curl_Leaf,Correct,0.999999
datasets/test/Leaf_Gall/Leaf_Gall00445.jpg,Leaf_Gall,Leaf_Gall,Correct,0.920840
datasets/test/Dry_Leaf/Dry_Leaf00338.jpg,Dry_Leaf,Dry_Leaf,Correct,0.999969
datasets/train/Healthy_Leaf/Healthy_Leaf00617.jpg,Healthy_Leaf,Healthy_Leaf,Correct,0.999735
datasets/train/Leaf_Blight/Leaf_Blight00047.jpg,Leaf_Blight,Leaf_Blight,Correct,0.997767
datasets/test/Fungal_Leaf_Spot/Fungal_Leaf_Spot00486.jpg,Fungal_Leaf_Spot,Fungal_Leaf_Spot,Correct,0.979167
datasets/test/Curl_Leaf/Curl_Leaf00104.jpg,Curl_Leaf,Curl_Leaf,Correct,0.999983
datasets/test/Leaf_Blight/Leaf_Blight00388.jpg,Leaf_Blight,Leaf_Blight,Correct,0.999621
datasets/test/Bituminous_Leaf/Bituminous_Leaf00003.jpg,Bituminous_Leaf,Bituminous_Leaf,Correct,0.989284
datasets/test/Dry_Leaf/Dry_Leaf00323.jpg,Dry_Leaf,Dry_Leaf,Correct,1.000000
datasets/train/Leaf_Blight/Leaf_Blight00488.jpg,Leaf_Blight,Leaf_Blight,Correct,0.999655
datasets/test/Leaf_Blight/Leaf_Blight00117.jpg,Leaf_Blight,Leaf_Blight,Correct,0.999997
datasets/test/Felt_Leaf/Felt_Leaf00139.jpg,Felt_Leaf,Felt_Leaf,Correct,0.999986
datasets/test/Fungal_Leaf_Spot/Fungal_Leaf_Spot00517.jpg,Fungal_Leaf_Spot,Fungal_Leaf_Spot,Correct,0.999985
datasets/test/Leaf_Blight/Leaf_Blight00429.jpg,Leaf_Blight,Leaf_Blight,Correct,0.998154
datasets/train/Leaf_Gall/Leaf_Gall00013.jpg,Leaf_Gall,Leaf_Gall,Correct,0.764591
datasets/test/Healthy_Leaf/Healthy_Leaf00014.jpg,Healthy_Leaf,Healthy_Leaf,Correct,0.712910
datasets/test/Leaf_Gall/Leaf_Gall00484.jpg,Leaf_Gall,Leaf_Gall,Correct,1.000000
datasets/test/Bituminous_Leaf/Bituminous_Leaf00051.jpg,Bituminous_Leaf,Bituminous_Leaf,Correct,0.998328
datasets/test/Leaf_Blight/Leaf_Blight00536.jpg,Leaf_Blight,Leaf_Blight,Correct,0.999999
datasets/test/Leaf_Blight/Leaf_Blight00350.jpg,Leaf_Blight,Leaf_Blight,Correct,0.997985
datasets/train/Leaf_Blight/Leaf_Blight00474.jpg,Leaf_Blight,Leaf_Blight,Correct,1.000000
datasets/test/Bituminous_Leaf/Bituminous_Leaf00114.jpg,Bituminous_Leaf,Bituminous_Leaf,Correct,0.999799
datasets/test/Leaf_Gall/Leaf_Gall00391.jpg,Leaf_Gall,Leaf_Gall,Correct,0.999991
datasets/train/Dry_Leaf/Dry_Leaf00032.jpg,Dry_Leaf,Dry_Leaf,Correct,0.999795
datasets/test/Anthrax_Leaf/Anthrax_Leaf00085.jpg,Anthrax_Leaf,Anthrax_Leaf,Correct,0.999986
datasets/train/Dry_Leaf/Dry_Leaf00315.jpg,Dry_Leaf,Dry_Leaf,Correct,1.000000
datasets/train/Deficiency_Leaf/Deficiency_Leaf00122.jpg,Deficiency_Leaf,Deficiency_Leaf,Correct,0.999448
datasets/train/Leaf_Gall/Leaf_Gall00326.jpg,Leaf_Gall,Leaf_Gall,Correct,0.999999
datasets/train/Fungal_Leaf_Spot/Fungal_Leaf_Spot00563.jpg,Fungal_Leaf_Spot,Fungal_Leaf_Spot,Correct,0.987520
datasets/test/Leaf_Blight/Leaf_Blight00067.jpg,Leaf_Blight,Leaf_Blight,Correct,0.997416
datasets/test/Bituminous_Leaf/Bituminous_Leaf00076.jpg,Bituminous_Leaf,Bituminous_Leaf,Correct,0.999999
datasets/test/Leaf_Blight/Leaf_Blight00369.jpg,Leaf_Blight,Leaf_Blight,Correct,0.978378
datasets/train/Leaf_Blight/Leaf_Blight00352.jpg,Leaf_Blight,Leaf_Blight,Correct,0.949922
datasets/train/Felt_Leaf/Felt_Leaf00218.jpg,Felt_Leaf,Felt_Leaf,Correct,0.998587
datasets/test/Dry_Leaf/Dry_Leaf00180.jpg,Dry_Leaf,Dry_Leaf,Correct,0.999999
datasets/test/Leaf_Blight/Leaf_Blight00311.jpg,Leaf_Blight,Leaf_Blight,Correct,1.000000
datasets/test/Deficiency_Leaf/Deficiency_Leaf00019.jpg,Deficiency_Leaf,Deficiency_Leaf,Correct,0.999900
datasets/train/Fungal_Leaf_Spot/Fungal_Leaf_Spot00202.jpg,Fungal_Leaf_Spot,Fungal_Leaf_Spot,Correct,0.998922
datasets/test/Fungal_Leaf_Spot/Fungal_Leaf_Spot00251.jpg,Fungal_Leaf_Spot,Fungal_Leaf_Spot,Correct,0.999975
datasets/test/Leaf_Blight/Leaf_Blight00038.jpg,Leaf_Blight,Leaf_Blight,Correct,0.999986
datasets/train/Fungal_Leaf_Spot/Fungal_Leaf_Spot00302.jpg,Fungal_Leaf_Spot,Fungal_Leaf_Spot,Correct,0.999808
datasets/test/Fungal_Leaf_Spot/Fungal_Leaf_Spot00546.jpg,Fungal_Leaf_Spot,Fungal_Leaf_Spot,Correct,0.931262
datasets/test/Fungal_Leaf_Spot/Fungal_Leaf_Spot00058.jpg,Fungal_Leaf_Spot,Fungal_Leaf_Spot,Correct,0.999999
datasets/test/Felt_Leaf/Felt_Leaf00289.jpg,Felt_Leaf,Felt_Leaf,Correct,0.894521
datasets/test/Leaf_Blight/Leaf_Blight00058.jpg,Leaf_Blight,Leaf_Blight,Correct,0.924231
datasets/train/Leaf_Gall/Leaf_Gall00046.jpg,Leaf_Gall,Leaf_Gall,Correct,0.926250
datasets/train/Leaf_Blight/Leaf_Blight00133.jpg,Leaf_Blight,Leaf_Blight,Correct,0.999806
datasets/train/Fungal_Leaf_Spot/Fungal_Leaf_Spot00555.jpg,Fungal_Leaf_Spot,Fungal_Leaf_Spot,Correct,0.999681
datasets/test/Leaf_Gall/Leaf_Gall00413.jpg,Leaf_Gall,Leaf_Gall,Correct,0.998950
datasets/train/Curl_Leaf/Curl_Leaf00082.jpg,Curl_Leaf,Curl_Leaf,Correct,0.999952
datasets/test/Leaf_Blight/Leaf_Blight00379.jpg,Leaf_Blight,Leaf_Blight,Correct,1.000000
datasets/test/Bituminous_Leaf/Bituminous_Leaf00121.jpg,Bituminous_Leaf,Bituminous_Leaf,Correct,0.998079
datasets/train/Fungal_Leaf_Spot/Fungal_Leaf_Spot00423.jpg,Fungal_Leaf_Spot,Fungal_Leaf_Spot,Correct,0.910847
datasets/train/Leaf_Blight/Leaf_Blight00302.jpg,Leaf_Blight,Leaf_Blight,Correct,0.999783
datasets/test/Curl_Leaf/Curl_Leaf00068.jpg,Curl_Leaf,Curl_Leaf,Correct,0.999894
datasets/test/Healthy_Leaf/Healthy_Leaf00018.jpg,Healthy_Leaf,Healthy_Leaf,Correct,0.999958
datasets/test/Leaf_Blight/Leaf_Blight00561.jpg,Leaf_Blight,Leaf_Blight,Correct,0.999998
datasets/test/Leaf_Gall/Leaf_Gall00095.jpg,Leaf_Gall,Leaf_Gall,Correct,1.000000
datasets/test/Deficiency_Leaf/Deficiency_Leaf00071.jpg,Deficiency_Leaf,Deficiency_Leaf,Correct,0.996232
datasets/train/Felt_Leaf/Felt_Leaf00071.jpg,Felt_Leaf,Felt_Leaf,Correct,0.999990
datasets/test/Leaf_Gall/Leaf_Gall00432.jpg,Leaf_Gall,Leaf_Gall,Correct,0.999997
datasets/test/Felt_Leaf/Felt_Leaf00133.jpg,Felt_Leaf,Felt_Leaf,Correct,0.796490
datasets/train/Fungal_Leaf_Spot/Fungal_Leaf_Spot00099.jpg,Fungal_Leaf_Spot,Fungal_Leaf_Spot,Correct,1.000000
datasets/train/Healthy_Leaf/Healthy_Leaf00005.jpg,Healthy_Leaf,Healthy_Leaf,Correct,1.000000
datasets/test/Felt_Leaf/Felt_Leaf00109.jpg,Felt_Leaf,Felt_Leaf,Correct,0.962633
datasets/train/Leaf_Gall/Leaf_Gall00062.jpg,Leaf_Gall,Leaf_Gall,Correct,0.999999
datasets/test/Leaf_Blight/Leaf_Blight00187.jpg,Leaf_Blight,Leaf_Blight,Correct,0.999605
datasets/test/Leaf_Gall/Leaf_Gall00411.jpg,Leaf_Gall,Leaf_Gall,Correct,0.999999
datasets/train/Leaf_Blight/Leaf_Blight00025.jpg,Leaf_Blight,Leaf_Blight,Correct,0.999956
datasets/train/Fungal_Leaf_Spot/Fungal_Leaf_Spot00086.jpg,Fungal_Leaf_Spot,Fungal_Leaf_Spot,Correct,0.999943
datasets/train/Dry_Leaf/Dry_Leaf00131.jpg,Dry_Leaf,Dry_Leaf,Correct,1.000000
datasets/train/Dry_Leaf/Dry_Leaf00251.jpg,Dry_Leaf,Dry_Leaf,Correct,1.000000
datasets/test/Dry_Leaf/Dry_Leaf00230.jpg,Dry_Leaf,Dry_Leaf,Correct,1.000000
datasets/train/Dry_Leaf/Dry_Leaf00316.jpg,Dry_Leaf,Dry_Leaf,Correct,1.000000
datasets/train/Dry_Leaf/Dry_Leaf00054.jpg,Dry_Leaf,Dry_Leaf,Correct,1.000000
datasets/test/Felt_Leaf/Felt_Leaf00057.jpg,Felt_Leaf,Felt_Leaf,Correct,0.999994
datasets/test/Fungal_Leaf_Spot/Fungal_Leaf_Spot00191.jpg,Fungal_Leaf_Spot,Fungal_Leaf_Spot,Correct,0.983133
datasets/train/Felt_Leaf/Felt_Leaf00068.jpg,Felt_Leaf,Felt_Leaf,Correct,1.000000
datasets/train/Leaf_Gall/Leaf_Gall00522.jpg,Leaf_Gall,Leaf_Gall,Correct,1.000000
datasets/test/Leaf_Gall/Leaf_Gall00185.jpg,Leaf_Gall,Leaf_Gall,Correct,1.000000
datasets/test/Leaf_Blight/Leaf_Blight00098.jpg,Leaf_Blight,Leaf_Blight,Correct,0.999907
datasets/train/Leaf_Gall/Leaf_Gall00606.jpg,Leaf_Gall,Leaf_Gall,Correct,0.991540
datasets/test/Bituminous_Leaf/Bituminous_Leaf00021.jpg,Bituminous_Leaf,Bituminous_Leaf,Correct,0.985183
datasets/test/Leaf_Gall/Leaf_Gall00540.jpg,Leaf_Gall,Leaf_Gall,Correct,0.988115
datasets/train/Healthy_Leaf/Healthy_Leaf00026.jpg,Healthy_Leaf,Healthy_Leaf,Correct,0.999771
datasets/test/Dry_Leaf/Dry_Leaf00358.jpg,Dry_Leaf,Dry_Leaf,Correct,0.999933
datasets/test/Healthy_Leaf/Healthy_Leaf00332.jpg,Healthy_Leaf,Healthy_Leaf,Correct,0.999999
datasets/train/Leaf_Blight/Leaf_Blight00498.jpg,Leaf_Blight,Leaf_Blight,Correct,1.000000
datasets/test/Leaf_Gall/Leaf_Gall00462.jpg,Leaf_Gall,Leaf_Gall,Correct,0.991089
datasets/train/Dry_Leaf/Dry_Leaf00123.jpg,Dry_Leaf,Dry_Leaf,Correct,1.000000
datasets/test/Healthy_Leaf/Healthy_Leaf00257.jpg,Healthy_Leaf,Healthy_Leaf,Correct,0.999986
datasets/train/Anthrax_Leaf/Anthrax_Leaf00009.jpg,Anthrax_Leaf,Anthrax_Leaf,Correct,0.999806
datasets/test/Healthy_Leaf/Healthy_Leaf00300.jpg,Healthy_Leaf,Healthy_Leaf,Correct,1.000000
datasets/test/Fungal_Leaf_Spot/Fungal_Leaf_Spot00262.jpg,Fungal_Leaf_Spot,Fungal_Leaf_Spot,Correct,0.999995
datasets/train/Leaf_Gall/Leaf_Gall00355.jpg,Leaf_Gall,Leaf_Gall,Correct,0.999919
datasets/test/Healthy_Leaf/Healthy_Leaf00419.jpg,Healthy_Leaf,Healthy_Leaf,Correct,0.995140
datasets/train/Leaf_Gall/Leaf_Gall00063.jpg,Leaf_Gall,Leaf_Gall,Correct,0.996197
datasets/train/Dry_Leaf/Dry_Leaf00003.jpg,Dry_Leaf,Dry_Leaf,Correct,1.000000
datasets/train/Fungal_Leaf_Spot/Fungal_Leaf_Spot00562.jpg,Fungal_Leaf_Spot,Fungal_Leaf_Spot,Correct,0.996942
datasets/test/Leaf_Gall/Leaf_Gall00054.jpg,Leaf_Gall,Leaf_Gall,Correct,0.999987
datasets/train/Healthy_Leaf/Healthy_Leaf00234.jpg,Healthy_Leaf,Healthy_Leaf,Correct,0.999786
datasets/train/Curl_Leaf/Curl_Leaf00007.jpg,Curl_Leaf,Curl_Leaf,Correct,0.999958
datasets/test/Felt_Leaf/Felt_Leaf00167.jpg,Felt_Leaf,Fungal_Leaf_Spot,Incorrect,0.541717
datasets/test/Leaf_Gall/Leaf_Gall00420.jpg,Leaf_Gall,Leaf_Gall,Correct,0.999433
datasets/train/Leaf_Blight/Leaf_Blight00250.jpg,Leaf_Blight,Leaf_Blight,Correct,0.999993
datasets/test/Leaf_Blight/Leaf_Blight00264.jpg,Leaf_Blight,Leaf_Blight,Correct,0.999997
datasets/train/Leaf_Blight/Leaf_Blight00233.jpg,Leaf_Blight,Leaf_Blight,Correct,0.999997
datasets/test/Dry_Leaf/Dry_Leaf00190.jpg,Dry_Leaf,Dry_Leaf,Correct,1.000000
datasets/train/Leaf_Gall/Leaf_Gall00407.jpg,Leaf_Gall,Leaf_Gall,Correct,0.997031
datasets/train/Felt_Leaf/Felt_Leaf00101.jpg,Felt_Leaf,Felt_Leaf,Correct,0.999976
datasets/train/Leaf_Blight/Leaf_Blight00130.jpg,Leaf_Blight,Leaf_Blight,Correct,0.999999
datasets/test/Dry_Leaf/Dry_Leaf00144.jpg,Dry_Leaf,Dry_Leaf,Correct,0.997825
datasets/test/Dry_Leaf/Dry_Leaf00171.jpg,Dry_Leaf,Dry_Leaf,Correct,1.000000
datasets/test/Anthrax_Leaf/Anthrax_Leaf00107.jpg,Anthrax_Leaf,Anthrax_Leaf,Correct,0.999931
datasets/train/Leaf_Gall/Leaf_Gall00506.jpg,Leaf_Gall,Leaf_Gall,Correct,1.000000
datasets/test/Leaf_Gall/Leaf_Gall00242.jpg,Leaf_Gall,Leaf_Gall,Correct,0.999967
datasets/train/Felt_Leaf/Felt_Leaf00358.jpg,Felt_Leaf,Felt_Leaf,Correct,0.999967
datasets/test/Felt_Leaf/Felt_Leaf00329.jpg,Felt_Leaf,Felt_Leaf,Correct,0.990054
datasets/test/Felt_Leaf/Felt_Leaf00018.jpg,Felt_Leaf,Felt_Leaf,Correct,0.999899
datasets/test/Leaf_Gall/Leaf_Gall00551.jpg,Leaf_Gall,Leaf_Gall,Correct,0.999974
datasets/test/Healthy_Leaf/Healthy_Leaf00600.jpg,Healthy_Leaf,Healthy_Leaf,Correct,0.999989
datasets/train/Dry_Leaf/Dry_Leaf00138.jpg,Dry_Leaf,Dry_Leaf,Correct,1.000000
datasets/test/Leaf_Gall/Leaf_Gall00573.jpg,Leaf_Gall,Leaf_Gall,Correct,0.999999
datasets/test/Healthy_Leaf/Healthy_Leaf00080.jpg,Healthy_Leaf,Healthy_Leaf,Correct,1.000000
datasets/test/Fungal_Leaf_Spot/Fungal_Leaf_Spot00193.jpg,Fungal_Leaf_Spot,Fungal_Leaf_Spot,Correct,0.905482
datasets/test/Dry_Leaf/Dry_Leaf00274.jpg,Dry_Leaf,Dry_Leaf,Correct,1.000000
datasets/test/Bituminous_Leaf/Bituminous_Leaf00082.jpg,Bituminous_Leaf,Bituminous_Leaf,Correct,0.999835
datasets/train/Leaf_Gall/Leaf_Gall00374.jpg,Leaf_Gall,Leaf_Gall,Correct,0.999998
datasets/test/Healthy_Leaf/Healthy_Leaf00076.jpg,Healthy_Leaf,Healthy_Leaf,Correct,1.000000
datasets/test/Healthy_Leaf/Healthy_Leaf00484.jpg,Healthy_Leaf,Healthy_Leaf,Correct,0.997516
datasets/test/Dry_Leaf/Dry_Leaf00173.jpg,Dry_Leaf,Dry_Leaf,Correct,1.000000
datasets/train/Healthy_Leaf/Healthy_Leaf00442.jpg,Healthy_Leaf,Healthy_Leaf,Correct,0.980433
datasets/test/Leaf_Gall/Leaf_Gall00622.jpg,Leaf_Gall,Leaf_Gall,Correct,0.853753
datasets/test/Curl_Leaf/Curl_Leaf00090.jpg,Curl_Leaf,Curl_Leaf,Correct,0.999848
datasets/test/Healthy_Leaf/Healthy_Leaf00410.jpg,Healthy_Leaf,Healthy_Leaf,Correct,0.998909
datasets/test/Curl_Leaf/Curl_Leaf00121.jpg,Curl_Leaf,Curl_Leaf,Correct,0.999986
datasets/test/Leaf_Gall/Leaf_Gall00179.jpg,Leaf_Gall,Leaf_Gall,Correct,0.998011
datasets/train/Leaf_Gall/Leaf_Gall00342.jpg,Leaf_Gall,Leaf_Gall,Correct,0.994191
datasets/test/Curl_Leaf/Curl_Leaf00088.jpg,Curl_Leaf,Curl_Leaf,Correct,1.000000
datasets/test/Leaf_Gall/Leaf_Gall00566.jpg,Leaf_Gall,Leaf_Gall,Correct,1.000000
datasets/train/Felt_Leaf/Felt_Leaf00034.jpg,Felt_Leaf,Felt_Leaf,Correct,0.989661
datasets/test/Dry_Leaf/Dry_Leaf00351.jpg,Dry_Leaf,Dry_Leaf,Correct,0.999956
datasets/train/Curl_Leaf/Curl_Leaf00164.jpg,Curl_Leaf,Curl_Leaf,Correct,0.999998
datasets/train/Healthy_Leaf/Healthy_Leaf00507.jpg,Healthy_Leaf,Healthy_Leaf,Correct,0.999631
datasets/test/Leaf_Blight/Leaf_Blight00344.jpg,Leaf_Blight,Leaf_Blight,Correct,0.999998
datasets/test/Anthrax_Leaf/Anthrax_Leaf00115.jpg,Anthrax_Leaf,Anthrax_Leaf,Correct,0.999984
datasets/test/Healthy_Leaf/Healthy_Leaf00069.jpg,Healthy_Leaf,Healthy_Leaf,Correct,1.000000
datasets/train/Fungal_Leaf_Spot/Fungal_Leaf_Spot00258.jpg,Fungal_Leaf_Spot,Fungal_Leaf_Spot,Correct,1.000000
datasets/test/Dry_Leaf/Dry_Leaf00160.jpg,Dry_Leaf,Dry_Leaf,Correct,1.000000
datasets/train/Leaf_Gall/Leaf_Gall00619.jpg,Leaf_Gall,Leaf_Gall,Correct,0.999435
datasets/test/Healthy_Leaf/Healthy_Leaf00601.jpg,Healthy_Leaf,Healthy_Leaf,Correct,0.999238
datasets/test/Healthy_Leaf/Healthy_Leaf00395.jpg,Healthy_Leaf,Healthy_Leaf,Correct,0.999980
datasets/train/Healthy_Leaf/Healthy_Leaf00429.jpg,Healthy_Leaf,Healthy_Leaf,Correct,0.999540
datasets/test/Leaf_Gall/Leaf_Gall00466.jpg,Leaf_Gall,Leaf_Gall,Correct,0.994892
datasets/test/Leaf_Gall/Leaf_Gall00507.jpg,Leaf_Gall,Leaf_Gall,Correct,0.999998
datasets/train/Anthrax_Leaf/Anthrax_Leaf00044.jpg,Anthrax_Leaf,Anthrax_Leaf,Correct,0.999995
datasets/test/Dry_Leaf/Dry_Leaf00201.jpg,Dry_Leaf,Dry_Leaf,Correct,1.000000
datasets/train/Leaf_Gall/Leaf_Gall00153.jpg,Leaf_Gall,Leaf_Gall,Correct,0.999088
datasets/train/Deficiency_Leaf/Deficiency_Leaf00060.jpg,Deficiency_Leaf,Deficiency_Leaf,Correct,0.963498
datasets/test/Felt_Leaf/Felt_Leaf00151.jpg,Felt_Leaf,Felt_Leaf,Correct,0.999707
datasets/test/Healthy_Leaf/Healthy_Leaf00537.jpg,Healthy_Leaf,Healthy_Leaf,Correct,0.999942
datasets/test/Healthy_Leaf/Healthy_Leaf00158.jpg,Healthy_Leaf,Healthy_Leaf,Correct,0.999999
datasets/test/Fungal_Leaf_Spot/Fungal_Leaf_Spot00358.jpg,Fungal_Leaf_Spot,Fungal_Leaf_Spot,Correct,0.999948
datasets/train/Curl_Leaf/Curl_Leaf00051.jpg,Curl_Leaf,Curl_Leaf,Correct,1.000000
datasets/test/Felt_Leaf/Felt_Leaf00031.jpg,Felt_Leaf,Felt_Leaf,Correct,0.999999
datasets/train/Fungal_Leaf_Spot/Fungal_Leaf_Spot00066.jpg,Fungal_Leaf_Spot,Fungal_Leaf_Spot,Correct,0.999999
datasets/test/Fungal_Leaf_Spot/Fungal_Leaf_Spot00063.jpg,Fungal_Leaf_Spot,Fungal_Leaf_Spot,Correct,0.999999
datasets/train/Leaf_Gall/Leaf_Gall00476.jpg,Leaf_Gall,Leaf_Gall,Correct,1.000000
datasets/test/Dry_Leaf/Dry_Leaf00334.jpg,Dry_Leaf,Dry_Leaf,Correct,0.999990
datasets/train/Fungal_Leaf_Spot/Fungal_Leaf_Spot00550.jpg,Fungal_Leaf_Spot,Fungal_Leaf_Spot,Correct,0.999900
datasets/test/Leaf_Gall/Leaf_Gall00112.jpg,Leaf_Gall,Leaf_Gall,Correct,0.999988
datasets/test/Fungal_Leaf_Spot/Fungal_Leaf_Spot00236.jpg,Fungal_Leaf_Spot,Fungal_Leaf_Spot,Correct,1.000000
datasets/test/Leaf_Blight/Leaf_Blight00342.jpg,Leaf_Blight,Leaf_Blight,Correct,0.999882
datasets/test/Healthy_Leaf/Healthy_Leaf00262.jpg,Healthy_Leaf,Healthy_Leaf,Correct,0.979647
datasets/train/Felt_Leaf/Felt_Leaf00326.jpg,Felt_Leaf,Felt_Leaf,Correct,0.767160
datasets/train/Leaf_Gall/Leaf_Gall00085.jpg,Leaf_Gall,Leaf_Gall,Correct,1.000000
datasets/train/Fungal_Leaf_Spot/Fungal_Leaf_Spot00108.jpg,Fungal_Leaf_Spot,Fungal_Leaf_Spot,Correct,0.999999
datasets/test/Fungal_Leaf_Spot/Fungal_Leaf_Spot00293.jpg,Fungal_Leaf_Spot,Fungal_Leaf_Spot,Correct,0.993887
datasets/test/Fungal_Leaf_Spot/Fungal_Leaf_Spot00122.jpg,Fungal_Leaf_Spot,Fungal_Leaf_Spot,Correct,0.999752
datasets/test/Leaf_Gall/Leaf_Gall00217.jpg,Leaf_Gall,Leaf_Gall,Correct,1.000000
datasets/test/Dry_Leaf/Dry_Leaf00043.jpg,Dry_Leaf,Dry_Leaf,Correct,1.000000
datasets/test/Healthy_Leaf/Healthy_Leaf00038.jpg,Healthy_Leaf,Healthy_Leaf,Correct,0.999528
datasets/train/Fungal_Leaf_Spot/Fungal_Leaf_Spot00217.jpg,Fungal_Leaf_Spot,Fungal_Leaf_Spot,Correct,1.000000
datasets/test/Bituminous_Leaf/Bituminous_Leaf00132.jpg,Bituminous_Leaf,Bituminous_Leaf,Correct,0.999990
datasets/test/Leaf_Blight/Leaf_Blight00463.jpg,Leaf_Blight,Leaf_Blight,Correct,0.999998
datasets/test/Dry_Leaf/Dry_Leaf00206.jpg,Dry_Leaf,Dry_Leaf,Correct,0.999937
datasets/test/Leaf_Blight/Leaf_Blight00108.jpg,Leaf_Blight,Leaf_Blight,Correct,0.999996
datasets/test/Leaf_Gall/Leaf_Gall00127.jpg,Leaf_Gall,Leaf_Gall,Correct,0.979723
datasets/test/Anthrax_Leaf/Anthrax_Leaf00008.jpg,Anthrax_Leaf,Anthrax_Leaf,Correct,0.999083
datasets/test/Curl_Leaf/Curl_Leaf00177.jpg,Curl_Leaf,Curl_Leaf,Correct,0.999994
datasets/test/Anthrax_Leaf/Anthrax_Leaf00108.jpg,Anthrax_Leaf,Anthrax_Leaf,Correct,0.996992
datasets/train/Healthy_Leaf/Healthy_Leaf00579.jpg,Healthy_Leaf,Healthy_Leaf,Correct,0.999382
datasets/test/Anthrax_Leaf/Anthrax_Leaf00077.jpg,Anthrax_Leaf,Anthrax_Leaf,Correct,0.999999
datasets/train/Curl_Leaf/Curl_Leaf00141.jpg,Curl_Leaf,Curl_Leaf,Correct,0.942962
datasets/test/Fungal_Leaf_Spot/Fungal_Leaf_Spot00174.jpg,Fungal_Leaf_Spot,Fungal_Leaf_Spot,Correct,0.999428
datasets/train/Leaf_Gall/Leaf_Gall00017.jpg,Leaf_Gall,Felt_Leaf,Incorrect,0.980429
datasets/test/Leaf_Gall/Leaf_Gall00448.jpg,Leaf_Gall,Leaf_Gall,Correct,0.999988
datasets/test/Leaf_Blight/Leaf_Blight00472.jpg,Leaf_Blight,Leaf_Blight,Correct,0.999992
datasets/test/Anthrax_Leaf/Anthrax_Leaf00078.jpg,Anthrax_Leaf,Anthrax_Leaf,Correct,0.999999
datasets/train/Dry_Leaf/Dry_Leaf00078.jpg,Dry_Leaf,Dry_Leaf,Correct,1.000000
datasets/train/Leaf_Blight/Leaf_Blight00516.jpg,Leaf_Blight,Leaf_Blight,Correct,1.000000
datasets/train/Leaf_Gall/Leaf_Gall00241.jpg,Leaf_Gall,Leaf_Gall,Correct,1.000000
datasets/test/Leaf_Blight/Leaf_Blight00202.jpg,Leaf_Blight,Leaf_Blight,Correct,0.999828
datasets/test/Felt_Leaf/Felt_Leaf00282.jpg,Felt_Leaf,Felt_Leaf,Correct,0.962613
datasets/test/Felt_Leaf/Felt_Leaf00041.jpg,Felt_Leaf,Felt_Leaf,Correct,1.000000
datasets/test/Leaf_Blight/Leaf_Blight00054.jpg,Leaf_Blight,Leaf_Blight,Correct,0.999997
datasets/test/Leaf_Blight/Leaf_Blight00167.jpg,Leaf_Blight,Leaf_Blight,Correct,0.998678
datasets/train/Dry_Leaf/Dry_Leaf00363.jpg,Dry_Leaf,Dry_Leaf,Correct,0.979634
datasets/test/Leaf_Gall/Leaf_Gall00390.jpg,Leaf_Gall,Leaf_Gall,Correct,0.999997
datasets/test/Fungal_Leaf_Spot/Fungal_Leaf_Spot00317.jpg,Fungal_Leaf_Spot,Fungal_Leaf_Spot,Correct,0.999992
datasets/train/Fungal_Leaf_Spot/Fungal_Leaf_Spot00547.jpg,Fungal_Leaf_Spot,Fungal_Leaf_Spot,Correct,0.998031
datasets/test/Leaf_Gall/Leaf_Gall00037.jpg,Leaf_Gall,Leaf_Gall,Correct,0.999965
datasets/test/Fungal_Leaf_Spot/Fungal_Leaf_Spot00011.jpg,Fungal_Leaf_Spot,Fungal_Leaf_Spot,Correct,0.999976
datasets/test/Felt_Leaf/Felt_Leaf00063.jpg,Felt_Leaf,Felt_Leaf,Correct,0.999964
datasets/train/Fungal_Leaf_Spot/Fungal_Leaf_Spot00259.jpg,Fungal_Leaf_Spot,Fungal_Leaf_Spot,Correct,0.999990
datasets/test/Fungal_Leaf_Spot/Fungal_Leaf_Spot00064.jpg,Fungal_Leaf_Spot,Fungal_Leaf_Spot,Correct,0.999999
datasets/test/Fungal_Leaf_Spot/Fungal_Leaf_Spot00119.jpg,Fungal_Leaf_Spot,Fungal_Leaf_Spot,Correct,0.999998
datasets/train/Leaf_Gall/Leaf_Gall00036.jpg,Leaf_Gall,Leaf_Gall,Correct,0.998919
datasets/test/Leaf_Blight/Leaf_Blight00015.jpg,Leaf_Blight,Leaf_Blight,Correct,0.999765
datasets/test/Healthy_Leaf/Healthy_Leaf00598.jpg,Healthy_Leaf,Healthy_Leaf,Correct,0.999999
datasets/test/Fungal_Leaf_Spot/Fungal_Leaf_Spot00560.jpg,Fungal_Leaf_Spot,Fungal_Leaf_Spot,Correct,0.999976
datasets/test/Fungal_Leaf_Spot/Fungal_Leaf_Spot00146.jpg,Fungal_Leaf_Spot,Fungal_Leaf_Spot,Correct,0.999695
datasets/test/Curl_Leaf/Curl_Leaf00135.jpg,Curl_Leaf,Curl_Leaf,Correct,0.999993
datasets/train/Leaf_Gall/Leaf_Gall00474.jpg,Leaf_Gall,Leaf_Gall,Correct,0.999255
datasets/test/Felt_Leaf/Felt_Leaf00351.jpg,Felt_Leaf,Felt_Leaf,Correct,0.956432
datasets/test/Leaf_Blight/Leaf_Blight00496.jpg,Leaf_Blight,Leaf_Blight,Correct,0.999997
datasets/train/Dry_Leaf/Dry_Leaf00105.jpg,Dry_Leaf,Dry_Leaf,Correct,1.000000
datasets/test/Fungal_Leaf_Spot/Fungal_Leaf_Spot00484.jpg,Fungal_Leaf_Spot,Fungal_Leaf_Spot,Correct,0.999536
datasets/train/Felt_Leaf/Felt_Leaf00324.jpg,Felt_Leaf,Felt_Leaf,Correct,0.868894
datasets/test/Felt_Leaf/Felt_Leaf00215.jpg,Felt_Leaf,Felt_Leaf,Correct,0.991845
datasets/train/Leaf_Gall/Leaf_Gall00237.jpg,Leaf_Gall,Leaf_Gall,Correct,1.000000
datasets/test/Leaf_Blight/Leaf_Blight00145.jpg,Leaf_Blight,Leaf_Blight,Correct,0.546931
datasets/train/Leaf_Gall/Leaf_Gall00014.jpg,Leaf_Gall,Leaf_Gall,Correct,0.746582
datasets/test/Leaf_Blight/Leaf_Blight00254.jpg,Leaf_Blight,Leaf_Blight,Correct,0.998163
datasets/test/Healthy_Leaf/Healthy_Leaf00626.jpg,Healthy_Leaf,Healthy_Leaf,Correct,0.995346
datasets/test/Leaf_Blight/Leaf_Blight00572.jpg,Leaf_Blight,Leaf_Blight,Correct,0.999998
datasets/test/Leaf_Gall/Leaf_Gall00129.jpg,Leaf_Gall,Leaf_Gall,Correct,1.000000
datasets/train/Felt_Leaf/Felt_Leaf00073.jpg,Felt_Leaf,Felt_Leaf,Correct,1.000000
datasets/test/Felt_Leaf/Felt_Leaf00169.jpg,Felt_Leaf,Felt_Leaf,Correct,1.000000
datasets/train/Leaf_Blight/Leaf_Blight00518.jpg,Leaf_Blight,Leaf_Blight,Correct,0.999658
datasets/train/Healthy_Leaf/Healthy_Leaf00556.jpg,Healthy_Leaf,Healthy_Leaf,Correct,0.999956
datasets/train/Healthy_Leaf/Healthy_Leaf00557.jpg,Healthy_Leaf,Healthy_Leaf,Correct,0.999928
datasets/train/Fungal_Leaf_Spot/Fungal_Leaf_Spot00101.jpg,Fungal_Leaf_Spot,Fungal_Leaf_Spot,Correct,0.999999
datasets/test/Leaf_Blight/Leaf_Blight00364.jpg,Leaf_Blight,Leaf_Blight,Correct,0.999902
datasets/test/Deficiency_Leaf/Deficiency_Leaf00105.jpg,Deficiency_Leaf,Deficiency_Leaf,Correct,0.999900
datasets/test/Leaf_Blight/Leaf_Blight00112.jpg,Leaf_Blight,Leaf_Blight,Correct,0.999950
datasets/train/Healthy_Leaf/Healthy_Leaf00065.jpg,Healthy_Leaf,Healthy_Leaf,Correct,0.999999
datasets/test/Curl_Leaf/Curl_Leaf00122.jpg,Curl_Leaf,Curl_Leaf,Correct,0.999992
datasets/test/Leaf_Blight/Leaf_Blight00085.jpg,Leaf_Blight,Leaf_Blight,Correct,0.999945
datasets/train/Anthrax_Leaf/Anthrax_Leaf00105.jpg,Anthrax_Leaf,Anthrax_Leaf,Correct,0.998906
datasets/test/Healthy_Leaf/Healthy_Leaf00359.jpg,Healthy_Leaf,Healthy_Leaf,Correct,1.000000
datasets/test/Healthy_Leaf/Healthy_Leaf00165.jpg,Healthy_Leaf,Healthy_Leaf,Correct,0.999999
datasets/train/Healthy_Leaf/Healthy_Leaf00461.jpg,Healthy_Leaf,Healthy_Leaf,Correct,0.999999
datasets/test/Leaf_Gall/Leaf_Gall00489.jpg,Leaf_Gall,Leaf_Gall,Correct,1.000000
datasets/train/Curl_Leaf/Curl_Leaf00093.jpg,Curl_Leaf,Curl_Leaf,Correct,0.999990
datasets/test/Felt_Leaf/Felt_Leaf00350.jpg,Felt_Leaf,Felt_Leaf,Correct,0.999747
datasets/test/Leaf_Blight/Leaf_Blight00470.jpg,Leaf_Blight,Leaf_Blight,Correct,0.999732
datasets/test/Leaf_Blight/Leaf_Blight00451.jpg,Leaf_Blight,Leaf_Blight,Correct,0.999992
datasets/train/Healthy_Leaf/Healthy_Leaf00089.jpg,Healthy_Leaf,Healthy_Leaf,Correct,0.999993
datasets/train/Fungal_Leaf_Spot/Fungal_Leaf_Spot00215.jpg,Fungal_Leaf_Spot,Fungal_Leaf_Spot,Correct,0.999972
datasets/train/Fungal_Leaf_Spot/Fungal_Leaf_Spot00335.jpg,Fungal_Leaf_Spot,Fungal_Leaf_Spot,Correct,0.997947
datasets/test/Dry_Leaf/Dry_Leaf00100.jpg,Dry_Leaf,Dry_Leaf,Correct,0.999972
datasets/train/Healthy_Leaf/Healthy_Leaf00449.jpg,Healthy_Leaf,Healthy_Leaf,Correct,0.993264
datasets/test/Healthy_Leaf/Healthy_Leaf00615.jpg,Healthy_Leaf,Healthy_Leaf,Correct,0.999932
datasets/train/Healthy_Leaf/Healthy_Leaf00500.jpg,Healthy_Leaf,Healthy_Leaf,Correct,0.754363
datasets/train/Leaf_Gall/Leaf_Gall00274.jpg,Leaf_Gall,Leaf_Gall,Correct,1.000000
datasets/test/Leaf_Gall/Leaf_Gall00406.jpg,Leaf_Gall,Leaf_Gall,Correct,0.993246
datasets/test/Anthrax_Leaf/Anthrax_Leaf00141.jpg,Anthrax_Leaf,Anthrax_Leaf,Correct,1.000000
datasets/test/Fungal_Leaf_Spot/Fungal_Leaf_Spot00374.jpg,Fungal_Leaf_Spot,Fungal_Leaf_Spot,Correct,0.998884
datasets/train/Felt_Leaf/Felt_Leaf00305.jpg,Felt_Leaf,Felt_Leaf,Correct,0.998701
datasets/train/Leaf_Gall/Leaf_Gall00602.jpg,Leaf_Gall,Leaf_Gall,Correct,0.999985
datasets/train/Fungal_Leaf_Spot/Fungal_Leaf_Spot00416.jpg,Fungal_Leaf_Spot,Fungal_Leaf_Spot,Correct,0.999964
datasets/test/Healthy_Leaf/Healthy_Leaf00529.jpg,Healthy_Leaf,Healthy_Leaf,Correct,0.999865
datasets/train/Fungal_Leaf_Spot/Fungal_Leaf_Spot00230.jpg,Fungal_Leaf_Spot,Fungal_Leaf_Spot,Correct,0.999999
datasets/train/Leaf_Gall/Leaf_Gall00588.jpg,Leaf_Gall,Leaf_Gall,Correct,0.999997
datasets/test/Fungal_Leaf_Spot/Fungal_Leaf_Spot00564.jpg,Fungal_Leaf_Spot,Fungal_Leaf_Spot,Correct,0.999872
datasets/train/Deficiency_Leaf/Deficiency_Leaf00110.jpg,Deficiency_Leaf,Bituminous_Leaf,Incorrect,0.930503
datasets/test/Fungal_Leaf_Spot/Fungal_Leaf_Spot00014.jpg,Fungal_Leaf_Spot,Fungal_Leaf_Spot,Correct,0.999963
datasets/train/Healthy_Leaf/Healthy_Leaf00444.jpg,Healthy_Leaf,Healthy_Leaf,Correct,0.997403
datasets/test/Dry_Leaf/Dry_Leaf00229.jpg,Dry_Leaf,Dry_Leaf,Correct,1.000000
datasets/train/Leaf_Gall/Leaf_Gall00584.jpg,Leaf_Gall,Leaf_Gall,Correct,0.998779
datasets/test/Fungal_Leaf_Spot/Fungal_Leaf_Spot00185.jpg,Fungal_Leaf_Spot,Fungal_Leaf_Spot,Correct,0.981492
datasets/test/Fungal_Leaf_Spot/Fungal_Leaf_Spot00137.jpg,Fungal_Leaf_Spot,Fungal_Leaf_Spot,Correct,0.999805
datasets/train/Leaf_Blight/Leaf_Blight00354.jpg,Leaf_Blight,Leaf_Blight,Correct,0.999681
datasets/test/Leaf_Gall/Leaf_Gall00523.jpg,Leaf_Gall,Leaf_Gall,Correct,0.999995
datasets/test/Leaf_Gall/Leaf_Gall00311.jpg,Leaf_Gall,Leaf_Gall,Correct,1.000000
datasets/test/Fungal_Leaf_Spot/Fungal_Leaf_Spot00112.jpg,Fungal_Leaf_Spot,Fungal_Leaf_Spot,Correct,0.999694
datasets/train/Felt_Leaf/Felt_Leaf00042.jpg,Felt_Leaf,Felt_Leaf,Correct,1.000000
datasets/test/Felt_Leaf/Felt_Leaf00318.jpg,Felt_Leaf,Felt_Leaf,Correct,0.903338
datasets/train/Healthy_Leaf/Healthy_Leaf00148.jpg,Healthy_Leaf,Healthy_Leaf,Correct,1.000000
datasets/test/Leaf_Blight/Leaf_Blight00331.jpg,Leaf_Blight,Leaf_Blight,Correct,0.999999
datasets/test/Leaf_Blight/Leaf_Blight00190.jpg,Leaf_Blight,Leaf_Blight,Correct,0.997522
datasets/train/Dry_Leaf/Dry_Leaf00052.jpg,Dry_Leaf,Dry_Leaf,Correct,0.999981
datasets/train/Leaf_Gall/Leaf_Gall00397.jpg,Leaf_Gall,Leaf_Gall,Correct,0.999957
datasets/test/Fungal_Leaf_Spot/Fungal_Leaf_Spot00510.jpg,Fungal_Leaf_Spot,Fungal_Leaf_Spot,Correct,0.999886
datasets/test/Curl_Leaf/Curl_Leaf00118.jpg,Curl_Leaf,Curl_Leaf,Correct,1.000000
datasets/train/Dry_Leaf/Dry_Leaf00021.jpg,Dry_Leaf,Dry_Leaf,Correct,1.000000
datasets/test/Healthy_Leaf/Healthy_Leaf00402.jpg,Healthy_Leaf,Healthy_Leaf,Correct,0.999953
datasets/test/Healthy_Leaf/Healthy_Leaf00451.jpg,Healthy_Leaf,Healthy_Leaf,Correct,0.999435
datasets/test/Leaf_Gall/Leaf_Gall00583.jpg,Leaf_Gall,Leaf_Gall,Correct,1.000000
datasets/test/Fungal_Leaf_Spot/Fungal_Leaf_Spot00559.jpg,Fungal_Leaf_Spot,Fungal_Leaf_Spot,Correct,0.997377
datasets/test/Fungal_Leaf_Spot/Fungal_Leaf_Spot00156.jpg,Fungal_Leaf_Spot,Fungal_Leaf_Spot,Correct,0.999425
datasets/test/Leaf_Gall/Leaf_Gall00256.jpg,Leaf_Gall,Leaf_Gall,Correct,0.999793
datasets/train/Anthrax_Leaf/Anthrax_Leaf00119.jpg,Anthrax_Leaf,Anthrax_Leaf,Correct,0.987019
datasets/train/Leaf_Gall/Leaf_Gall00249.jpg,Leaf_Gall,Leaf_Gall,Correct,0.999999
datasets/test/Dry_Leaf/Dry_Leaf00336.jpg,Dry_Leaf,Dry_Leaf,Correct,0.998783
datasets/test/Healthy_Leaf/Healthy_Leaf00398.jpg,Healthy_Leaf,Healthy_Leaf,Correct,0.999999
datasets/test/Healthy_Leaf/Healthy_Leaf00145.jpg,Healthy_Leaf,Healthy_Leaf,Correct,0.999999
datasets/train/Leaf_Gall/Leaf_Gall00086.jpg,Leaf_Gall,Leaf_Gall,Correct,1.000000
datasets/test/Fungal_Leaf_Spot/Fungal_Leaf_Spot00300.jpg,Fungal_Leaf_Spot,Fungal_Leaf_Spot,Correct,0.999922
datasets/train/Healthy_Leaf/Healthy_Leaf00425.jpg,Healthy_Leaf,Healthy_Leaf,Correct,0.999991
datasets/test/Leaf_Blight/Leaf_Blight00446.jpg,Leaf_Blight,Leaf_Blight,Correct,0.999977
datasets/test/Leaf_Gall/Leaf_Gall00271.jpg,Leaf_Gall,Leaf_Gall,Correct,1.000000
datasets/train/Felt_Leaf/Felt_Leaf00255.jpg,Felt_Leaf,Felt_Leaf,Correct,0.425679
datasets/train/Bituminous_Leaf/Bituminous_Leaf00066.jpg,Bituminous_Leaf,Bituminous_Leaf,Correct,0.936577
datasets/train/Leaf_Blight/Leaf_Blight00527.jpg,Leaf_Blight,Leaf_Blight,Correct,0.999980
datasets/test/Curl_Leaf/Curl_Leaf00049.jpg,Curl_Leaf,Curl_Leaf,Correct,0.999977
datasets/test/Leaf_Blight/Leaf_Blight00155.jpg,Leaf_Blight,Leaf_Blight,Correct,0.997638
datasets/test/Healthy_Leaf/Healthy_Leaf00046.jpg,Healthy_Leaf,Healthy_Leaf,Correct,0.999396
datasets/train/Curl_Leaf/Curl_Leaf00120.jpg,Curl_Leaf,Curl_Leaf,Correct,0.999998
datasets/test/Leaf_Gall/Leaf_Gall00188.jpg,Leaf_Gall,Leaf_Gall,Correct,0.999992
datasets/test/Felt_Leaf/Felt_Leaf00267.jpg,Felt_Leaf,Felt_Leaf,Correct,0.907648
datasets/train/Leaf_Blight/Leaf_Blight00511.jpg,Leaf_Blight,Leaf_Blight,Correct,0.999988
datasets/train/Bituminous_Leaf/Bituminous_Leaf00098.jpg,Bituminous_Leaf,Bituminous_Leaf,Correct,0.901531
datasets/test/Leaf_Gall/Leaf_Gall00501.jpg,Leaf_Gall,Leaf_Gall,Correct,0.999999
datasets/test/Leaf_Gall/Leaf_Gall00164.jpg,Leaf_Gall,Leaf_Gall,Correct,0.999948
datasets/test/Leaf_Blight/Leaf_Blight00522.jpg,Leaf_Blight,Leaf_Blight,Correct,0.999997
datasets/test/Felt_Leaf/Felt_Leaf00097.jpg,Felt_Leaf,Felt_Leaf,Correct,0.999997
datasets/train/Healthy_Leaf/Healthy_Leaf00363.jpg,Healthy_Leaf,Healthy_Leaf,Correct,0.920546
datasets/train/Felt_Leaf/Felt_Leaf00371.jpg,Felt_Leaf,Felt_Leaf,Correct,0.981384
datasets/train/Leaf_Blight/Leaf_Blight00584.jpg,Leaf_Blight,Leaf_Blight,Correct,0.995386
datasets/train/Leaf_Blight/Leaf_Blight00152.jpg,Leaf_Blight,Leaf_Blight,Correct,0.999759
datasets/train/Dry_Leaf/Dry_Leaf00249.jpg,Dry_Leaf,Dry_Leaf,Correct,1.000000
datasets/test/Leaf_Blight/Leaf_Blight00116.jpg,Leaf_Blight,Leaf_Blight,Correct,0.996843
datasets/train/Bituminous_Leaf/Bituminous_Leaf00107.jpg,Bituminous_Leaf,Bituminous_Leaf,Correct,0.993699
datasets/train/Leaf_Gall/Leaf_Gall00165.jpg,Leaf_Gall,Leaf_Gall,Correct,0.998768
datasets/test/Leaf_Gall/Leaf_Gall00561.jpg,Leaf_Gall,Leaf_Gall,Correct,0.999999
datasets/train/Leaf_Blight/Leaf_Blight00180.jpg,Leaf_Blight,Leaf_Blight,Correct,0.999880
datasets/train/Fungal_Leaf_Spot/Fungal_Leaf_Spot00331.jpg,Fungal_Leaf_Spot,Fungal_Leaf_Spot,Correct,0.999993
datasets/train/Leaf_Gall/Leaf_Gall00083.jpg,Leaf_Gall,Leaf_Gall,Correct,1.000000
datasets/test/Felt_Leaf/Felt_Leaf00322.jpg,Felt_Leaf,Felt_Leaf,Correct,0.982878
datasets/test/Leaf_Gall/Leaf_Gall00193.jpg,Leaf_Gall,Leaf_Gall,Correct,1.000000
datasets/test/Healthy_Leaf/Healthy_Leaf00222.jpg,Healthy_Leaf,Healthy_Leaf,Correct,0.999999
datasets/test/Leaf_Gall/Leaf_Gall00329.jpg,Leaf_Gall,Leaf_Gall,Correct,0.998910
datasets/train/Fungal_Leaf_Spot/Fungal_Leaf_Spot00294.jpg,Fungal_Leaf_Spot,Fungal_Leaf_Spot,Correct,0.999994
datasets/train/Felt_Leaf/Felt_Leaf00342.jpg,Felt_Leaf,Felt_Leaf,Correct,0.994744
datasets/test/Deficiency_Leaf/Deficiency_Leaf00041.jpg,Deficiency_Leaf,Deficiency_Leaf,Correct,0.988681
datasets/test/Healthy_Leaf/Healthy_Leaf00328.jpg,Healthy_Leaf,Healthy_Leaf,Correct,1.000000
datasets/test/Bituminous_Leaf/Bituminous_Leaf00034.jpg,Bituminous_Leaf,Bituminous_Leaf,Correct,0.954126
datasets/test/Felt_Leaf/Felt_Leaf00198.jpg,Felt_Leaf,Felt_Leaf,Correct,0.999404
datasets/train/Healthy_Leaf/Healthy_Leaf00064.jpg,Healthy_Leaf,Healthy_Leaf,Correct,0.999999
datasets/train/Leaf_Gall/Leaf_Gall00189.jpg,Leaf_Gall,Leaf_Gall,Correct,1.000000
datasets/test/Fungal_Leaf_Spot/Fungal_Leaf_Spot00420.jpg,Fungal_Leaf_Spot,Fungal_Leaf_Spot,Correct,0.999797
datasets/test/Leaf_Gall/Leaf_Gall00600.jpg,Leaf_Gall,Leaf_Gall,Correct,0.999995
datasets/train/Leaf_Gall/Leaf_Gall00079.jpg,Leaf_Gall,Leaf_Gall,Correct,1.000000
datasets/test/Curl_Leaf/Curl_Leaf00063.jpg,Curl_Leaf,Curl_Leaf,Correct,0.999996
datasets/test/Fungal_Leaf_Spot/Fungal_Leaf_Spot00391.jpg,Fungal_Leaf_Spot,Fungal_Leaf_Spot,Correct,0.998912
datasets/test/Healthy_Leaf/Healthy_Leaf00107.jpg,Healthy_Leaf,Healthy_Leaf,Correct,1.000000
datasets/test/Fungal_Leaf_Spot/Fungal_Leaf_Spot00023.jpg,Fungal_Leaf_Spot,Fungal_Leaf_Spot,Correct,0.999924
datasets/train/Dry_Leaf/Dry_Leaf00050.jpg,Dry_Leaf,Dry_Leaf,Correct,0.999983
datasets/train/Leaf_Blight/Leaf_Blight00115.jpg,Leaf_Blight,Leaf_Blight,Correct,0.999866
datasets/train/Felt_Leaf/Felt_Leaf00183.jpg,Felt_Leaf,Felt_Leaf,Correct,0.998214
datasets/train/Fungal_Leaf_Spot/Fungal_Leaf_Spot00502.jpg,Fungal_Leaf_Spot,Fungal_Leaf_Spot,Correct,0.999590
datasets/test/Healthy_Leaf/Healthy_Leaf00608.jpg,Healthy_Leaf,Healthy_Leaf,Correct,0.999433
datasets/train/Felt_Leaf/Felt_Leaf00244.jpg,Felt_Leaf,Felt_Leaf,Correct,0.998809
datasets/train/Leaf_Blight/Leaf_Blight00011.jpg,Leaf_Blight,Leaf_Blight,Correct,0.999989
datasets/train/Felt_Leaf/Felt_Leaf00211.jpg,Felt_Leaf,Felt_Leaf,Correct,0.999972
datasets/test/Dry_Leaf/Dry_Leaf00265.jpg,Dry_Leaf,Dry_Leaf,Correct,1.000000
datasets/train/Leaf_Gall/Leaf_Gall00594.jpg,Leaf_Gall,Leaf_Gall,Correct,1.000000
datasets/test/Anthrax_Leaf/Anthrax_Leaf00023.jpg,Anthrax_Leaf,Anthrax_Leaf,Correct,0.999892
datasets/test/Deficiency_Leaf/Deficiency_Leaf00089.jpg,Deficiency_Leaf,Deficiency_Leaf,Correct,0.551350
datasets/test/Anthrax_Leaf/Anthrax_Leaf00098.jpg,Anthrax_Leaf,Anthrax_Leaf,Correct,0.999738
datasets/test/Leaf_Blight/Leaf_Blight00500.jpg,Leaf_Blight,Leaf_Blight,Correct,0.999999
datasets/train/Felt_Leaf/Felt_Leaf00376.jpg,Felt_Leaf,Leaf_Blight,Incorrect,0.357367
datasets/train/Fungal_Leaf_Spot/Fungal_Leaf_Spot00529.jpg,Fungal_Leaf_Spot,Fungal_Leaf_Spot,Correct,0.999999
datasets/test/Healthy_Leaf/Healthy_Leaf00325.jpg,Healthy_Leaf,Healthy_Leaf,Correct,0.999878
datasets/test/Dry_Leaf/Dry_Leaf00141.jpg,Dry_Leaf,Dry_Leaf,Correct,0.999999
datasets/test/Leaf_Blight/Leaf_Blight00100.jpg,Leaf_Blight,Leaf_Blight,Correct,0.999908
datasets/test/Dry_Leaf/Dry_Leaf00322.jpg,Dry_Leaf,Dry_Leaf,Correct,1.000000
datasets/train/Fungal_Leaf_Spot/Fungal_Leaf_Spot00249.jpg,Fungal_Leaf_Spot,Fungal_Leaf_Spot,Correct,0.923430
datasets/test/Dry_Leaf/Dry_Leaf00356.jpg,Dry_Leaf,Dry_Leaf,Correct,0.983576
datasets/train/Healthy_Leaf/Healthy_Leaf00209.jpg,Healthy_Leaf,Healthy_Leaf,Correct,0.997744
datasets/train/Leaf_Gall/Leaf_Gall00362.jpg,Leaf_Gall,Leaf_Gall,Correct,0.999133
datasets/test/Leaf_Blight/Leaf_Blight00393.jpg,Leaf_Blight,Leaf_Blight,Correct,0.837515
datasets/test/Curl_Leaf/Curl_Leaf00033.jpg,Curl_Leaf,Curl_Leaf,Correct,0.997215
datasets/train/Healthy_Leaf/Healthy_Leaf00174.jpg,Healthy_Leaf,Healthy_Leaf,Correct,1.000000
datasets/train/Bituminous_Leaf/Bituminous_Leaf00083.jpg,Bituminous_Leaf,Bituminous_Leaf,Correct,0.999744
datasets/train/Deficiency_Leaf/Deficiency_Leaf00006.jpg,Deficiency_Leaf,Deficiency_Leaf,Correct,0.998835
datasets/test/Leaf_Blight/Leaf_Blight00328.jpg,Leaf_Blight,Leaf_Blight,Correct,1.000000
datasets/train/Anthrax_Leaf/Anthrax_Leaf00081.jpg,Anthrax_Leaf,Anthrax_Leaf,Correct,0.992047
datasets/test/Leaf_Gall/Leaf_Gall00444.jpg,Leaf_Gall,Leaf_Gall,Correct,0.999928
datasets/test/Felt_Leaf/Felt_Leaf00105.jpg,Felt_Leaf,Felt_Leaf,Correct,0.999957
datasets/train/Dry_Leaf/Dry_Leaf00215.jpg,Dry_Leaf,Dry_Leaf,Correct,0.999931
datasets/train/Healthy_Leaf/Healthy_Leaf00345.jpg,Healthy_Leaf,Healthy_Leaf,Correct,0.999998
datasets/train/Leaf_Gall/Leaf_Gall00024.jpg,Leaf_Gall,Leaf_Gall,Correct,0.987280
datasets/train/Leaf_Blight/Leaf_Blight00091.jpg,Leaf_Blight,Leaf_Blight,Correct,0.999993
datasets/train/Felt_Leaf/Felt_Leaf00044.jpg,Felt_Leaf,Felt_Leaf,Correct,1.000000
datasets/test/Healthy_Leaf/Healthy_Leaf00213.jpg,Healthy_Leaf,Healthy_Leaf,Correct,0.999995
datasets/train/Dry_Leaf/Dry_Leaf00195.jpg,Dry_Leaf,Dry_Leaf,Correct,0.999997
datasets/train/Fungal_Leaf_Spot/Fungal_Leaf_Spot00281.jpg,Fungal_Leaf_Spot,Fungal_Leaf_Spot,Correct,0.999991
datasets/test/Fungal_Leaf_Spot/Fungal_Leaf_Spot00426.jpg,Fungal_Leaf_Spot,Fungal_Leaf_Spot,Correct,0.999977
datasets/test/Healthy_Leaf/Healthy_Leaf00370.jpg,Healthy_Leaf,Healthy_Leaf,Correct,0.996073
datasets/train/Leaf_Gall/Leaf_Gall00148.jpg,Leaf_Gall,Leaf_Gall,Correct,0.960067
datasets/test/Healthy_Leaf/Healthy_Leaf00611.jpg,Healthy_Leaf,Healthy_Leaf,Correct,0.999982
datasets/train/Dry_Leaf/Dry_Leaf00012.jpg,Dry_Leaf,Dry_Leaf,Correct,1.000000
datasets/test/Deficiency_Leaf/Deficiency_Leaf00093.jpg,Deficiency_Leaf,Anthrax_Leaf,Incorrect,0.996441
datasets/test/Leaf_Blight/Leaf_Blight00186.jpg,Leaf_Blight,Leaf_Blight,Correct,0.999785
datasets/test/Fungal_Leaf_Spot/Fungal_Leaf_Spot00237.jpg,Fungal_Leaf_Spot,Fungal_Leaf_Spot,Correct,1.000000
datasets/test/Dry_Leaf/Dry_Leaf00360.jpg,Dry_Leaf,Dry_Leaf,Correct,0.914378
datasets/train/Curl_Leaf/Curl_Leaf00137.jpg,Curl_Leaf,Curl_Leaf,Correct,0.999997
datasets/test/Healthy_Leaf/Healthy_Leaf00590.jpg,Healthy_Leaf,Healthy_Leaf,Correct,0.999999
datasets/test/Healthy_Leaf/Healthy_Leaf00415.jpg,Healthy_Leaf,Healthy_Leaf,Correct,0.998669
datasets/test/Leaf_Gall/Leaf_Gall00181.jpg,Leaf_Gall,Leaf_Gall,Correct,1.000000
datasets/train/Leaf_Blight/Leaf_Blight00090.jpg,Leaf_Blight,Leaf_Blight,Correct,0.999943
datasets/test/Leaf_Gall/Leaf_Gall00158.jpg,Leaf_Gall,Leaf_Gall,Correct,0.958856
datasets/test/Felt_Leaf/Felt_Leaf00221.jpg,Felt_Leaf,Felt_Leaf,Correct,0.999995
datasets/train/Curl_Leaf/Curl_Leaf00010.jpg,Curl_Leaf,Curl_Leaf,Correct,1.000000
datasets/test/Healthy_Leaf/Healthy_Leaf00610.jpg,Healthy_Leaf,Healthy_Leaf,Correct,0.999979
datasets/train/Fungal_Leaf_Spot/Fungal_Leaf_Spot00467.jpg,Fungal_Leaf_Spot,Fungal_Leaf_Spot,Correct,0.754471
datasets/train/Healthy_Leaf/Healthy_Leaf00043.jpg,Healthy_Leaf,Healthy_Leaf,Correct,0.999967
datasets/test/Deficiency_Leaf/Deficiency_Leaf00113.jpg,Deficiency_Leaf,Deficiency_Leaf,Correct,0.998212
datasets/train/Anthrax_Leaf/Anthrax_Leaf00117.jpg,Anthrax_Leaf,Anthrax_Leaf,Correct,0.999998
datasets/test/Healthy_Leaf/Healthy_Leaf00383.jpg,Healthy_Leaf,Healthy_Leaf,Correct,0.993282
datasets/train/Healthy_Leaf/Healthy_Leaf00593.jpg,Healthy_Leaf,Healthy_Leaf,Correct,0.999783
datasets/test/Fungal_Leaf_Spot/Fungal_Leaf_Spot00163.jpg,Fungal_Leaf_Spot,Fungal_Leaf_Spot,Correct,0.991138
datasets/train/Curl_Leaf/Curl_Leaf00143.jpg,Curl_Leaf,Curl_Leaf,Correct,0.999402
datasets/test/Dry_Leaf/Dry_Leaf00042.jpg,Dry_Leaf,Dry_Leaf,Correct,1.000000
datasets/test/Leaf_Blight/Leaf_Blight00456.jpg,Leaf_Blight,Leaf_Blight,Correct,0.999959
datasets/test/Leaf_Blight/Leaf_Blight00338.jpg,Leaf_Blight,Leaf_Blight,Correct,1.000000
datasets/train/Leaf_Gall/Leaf_Gall00456.jpg,Leaf_Gall,Leaf_Gall,Correct,0.999998
datasets/test/Fungal_Leaf_Spot/Fungal_Leaf_Spot00078.jpg,Fungal_Leaf_Spot,Fungal_Leaf_Spot,Correct,0.999992
datasets/test/Healthy_Leaf/Healthy_Leaf00122.jpg,Healthy_Leaf,Healthy_Leaf,Correct,1.000000
datasets/test/Leaf_Gall/Leaf_Gall00459.jpg,Leaf_Gall,Leaf_Gall,Correct,0.999902
datasets/test/Fungal_Leaf_Spot/Fungal_Leaf_Spot00003.jpg,Fungal_Leaf_Spot,Fungal_Leaf_Spot,Correct,0.999956
datasets/test/Deficiency_Leaf/Deficiency_Leaf00070.jpg,Deficiency_Leaf,Deficiency_Leaf,Correct,0.693830
datasets/train/Fungal_Leaf_Spot/Fungal_Leaf_Spot00462.jpg,Fungal_Leaf_Spot,Fungal_Leaf_Spot,Correct,0.989011
datasets/train/Bituminous_Leaf/Bituminous_Leaf00045.jpg,Bituminous_Leaf,Bituminous_Leaf,Correct,0.994010
datasets/test/Leaf_Blight/Leaf_Blight00494.jpg,Leaf_Blight,Leaf_Blight,Correct,0.999994
datasets/train/Healthy_Leaf/Healthy_Leaf00334.jpg,Healthy_Leaf,Healthy_Leaf,Correct,0.999999
datasets/test/Anthrax_Leaf/Anthrax_Leaf00133.jpg,Anthrax_Leaf,Anthrax_Leaf,Correct,0.999495
datasets/test/Dry_Leaf/Dry_Leaf00311.jpg,Dry_Leaf,Dry_Leaf,Correct,0.999980
datasets/test/Curl_Leaf/Curl_Leaf00140.jpg,Curl_Leaf,Curl_Leaf,Correct,0.839652
datasets/test/Fungal_Leaf_Spot/Fungal_Leaf_Spot00001.jpg,Fungal_Leaf_Spot,Fungal_Leaf_Spot,Correct,0.999972
datasets/test/Dry_Leaf/Dry_Leaf00192.jpg,Dry_Leaf,Dry_Leaf,Correct,1.000000
datasets/test/Anthrax_Leaf/Anthrax_Leaf00095.jpg,Anthrax_Leaf,Anthrax_Leaf,Correct,0.791219
datasets/test/Leaf_Gall/Leaf_Gall00379.jpg,Leaf_Gall,Leaf_Gall,Correct,0.999996
datasets/test/Healthy_Leaf/Healthy_Leaf00225.jpg,Healthy_Leaf,Healthy_Leaf,Correct,0.999940
datasets/test/Dry_Leaf/Dry_Leaf00161.jpg,Dry_Leaf,Dry_Leaf,Correct,1.000000
datasets/train/Healthy_Leaf/Healthy_Leaf00375.jpg,Healthy_Leaf,Healthy_Leaf,Correct,0.999531
datasets/train/Leaf_Gall/Leaf_Gall00221.jpg,Leaf_Gall,Leaf_Gall,Correct,1.000000
datasets/test/Leaf_Blight/Leaf_Blight00509.jpg,Leaf_Blight,Leaf_Blight,Correct,0.999966
datasets/test/Felt_Leaf/Felt_Leaf00202.jpg,Felt_Leaf,Felt_Leaf,Correct,0.999807
datasets/train/Healthy_Leaf/Healthy_Leaf00110.jpg,Healthy_Leaf,Healthy_Leaf,Correct,0.999999
datasets/test/Deficiency_Leaf/Deficiency_Leaf00040.jpg,Deficiency_Leaf,Deficiency_Leaf,Correct,0.999807
datasets/test/Healthy_Leaf/Healthy_Leaf00505.jpg,Healthy_Leaf,Healthy_Leaf,Correct,0.999855
datasets/test/Leaf_Gall/Leaf_Gall00490.jpg,Leaf_Gall,Leaf_Gall,Correct,0.999999
datasets/train/Leaf_Gall/Leaf_Gall00356.jpg,Leaf_Gall,Leaf_Gall,Correct,0.999981
datasets/test/Fungal_Leaf_Spot/Fungal_Leaf_Spot00098.jpg,Fungal_Leaf_Spot,Fungal_Leaf_Spot,Correct,0.999999
datasets/test/Deficiency_Leaf/Deficiency_Leaf00011.jpg,Deficiency_Leaf,Deficiency_Leaf,Correct,0.953157
datasets/train/Felt_Leaf/Felt_Leaf00275.jpg,Felt_Leaf,Felt_Leaf,Correct,0.997094
datasets/test/Leaf_Gall/Leaf_Gall00097.jpg,Leaf_Gall,Leaf_Gall,Correct,0.999999
datasets/train/Leaf_Blight/Leaf_Blight00161.jpg,Leaf_Blight,Leaf_Blight,Correct,0.998212
datasets/test/Felt_Leaf/Felt_Leaf00333.jpg,Felt_Leaf,Felt_Leaf,Correct,0.821406
datasets/train/Dry_Leaf/Dry_Leaf00241.jpg,Dry_Leaf,Dry_Leaf,Correct,1.000000
datasets/test/Felt_Leaf/Felt_Leaf00077.jpg,Felt_Leaf,Felt_Leaf,Correct,0.977933
datasets/test/Healthy_Leaf/Healthy_Leaf00582.jpg,Healthy_Leaf,Healthy_Leaf,Correct,0.999991
datasets/test/Leaf_Gall/Leaf_Gall00163.jpg,Leaf_Gall,Leaf_Gall,Correct,0.999999
datasets/test/Fungal_Leaf_Spot/Fungal_Leaf_Spot00326.jpg,Fungal_Leaf_Spot,Fungal_Leaf_Spot,Correct,0.999791
datasets/test/Leaf_Blight/Leaf_Blight00278.jpg,Leaf_Blight,Leaf_Blight,Correct,0.999999
datasets/train/Healthy_Leaf/Healthy_Leaf00468.jpg,Healthy_Leaf,Healthy_Leaf,Correct,0.999855
datasets/train/Leaf_Gall/Leaf_Gall00015.jpg,Leaf_Gall,Leaf_Gall,Correct,0.802008
datasets/test/Anthrax_Leaf/Anthrax_Leaf00093.jpg,Anthrax_Leaf,Anthrax_Leaf,Correct,0.999882
datasets/test/Deficiency_Leaf/Deficiency_Leaf00066.jpg,Deficiency_Leaf,Deficiency_Leaf,Correct,0.913969
datasets/test/Dry_Leaf/Dry_Leaf00297.jpg,Dry_Leaf,Dry_Leaf,Correct,1.000000
datasets/train/Leaf_Blight/Leaf_Blight00249.jpg,Leaf_Blight,Leaf_Blight,Correct,0.999998
datasets/train/Curl_Leaf/Curl_Leaf00153.jpg,Curl_Leaf,Curl_Leaf,Correct,0.999978
datasets/test/Dry_Leaf/Dry_Leaf00321.jpg,Dry_Leaf,Dry_Leaf,Correct,1.000000
datasets/test/Anthrax_Leaf/Anthrax_Leaf00060.jpg,Anthrax_Leaf,Anthrax_Leaf,Correct,0.999990
datasets/train/Leaf_Blight/Leaf_Blight00143.jpg,Leaf_Blight,Leaf_Blight,Correct,0.999241
datasets/test/Leaf_Gall/Leaf_Gall00056.jpg,Leaf_Gall,Leaf_Gall,Correct,0.989254
datasets/test/Felt_Leaf/Felt_Leaf00348.jpg,Felt_Leaf,Felt_Leaf,Correct,0.998488
datasets/test/Bituminous_Leaf/Bituminous_Leaf00137.jpg,Bituminous_Leaf,Bituminous_Leaf,Correct,0.999851
datasets/test/Deficiency_Leaf/Deficiency_Leaf00080.jpg,Deficiency_Leaf,Deficiency_Leaf,Correct,0.999689
datasets/train/Fungal_Leaf_Spot/Fungal_Leaf_Spot00558.jpg,Fungal_Leaf_Spot,Fungal_Leaf_Spot,Correct,0.987288
datasets/train/Healthy_Leaf/Healthy_Leaf00172.jpg,Healthy_Leaf,Healthy_Leaf,Correct,1.000000
datasets/test/Healthy_Leaf/Healthy_Leaf00387.jpg,Healthy_Leaf,Healthy_Leaf,Correct,0.999981
datasets/test/Fungal_Leaf_Spot/Fungal_Leaf_Spot00160.jpg,Fungal_Leaf_Spot,Fungal_Leaf_Spot,Correct,0.999824
datasets/train/Leaf_Blight/Leaf_Blight00183.jpg,Leaf_Blight,Leaf_Blight,Correct,0.989370
datasets/test/Leaf_Gall/Leaf_Gall00261.jpg,Leaf_Gall,Leaf_Gall,Correct,0.999961
datasets/train/Leaf_Blight/Leaf_Blight00022.jpg,Leaf_Blight,Leaf_Blight,Correct,0.999853
datasets/test/Leaf_Blight/Leaf_Blight00437.jpg,Leaf_Blight,Leaf_Blight,Correct,0.999998
datasets/train/Leaf_Blight/Leaf_Blight00589.jpg,Leaf_Blight,Leaf_Blight,Correct,0.999968
datasets/test/Leaf_Blight/Leaf_Blight00014.jpg,Leaf_Blight,Leaf_Blight,Correct,1.000000
datasets/test/Dry_Leaf/Dry_Leaf00291.jpg,Dry_Leaf,Dry_Leaf,Correct,1.000000
datasets/train/Leaf_Gall/Leaf_Gall00493.jpg,Leaf_Gall,Leaf_Gall,Correct,1.000000
datasets/test/Healthy_Leaf/Healthy_Leaf00477.jpg,Healthy_Leaf,Healthy_Leaf,Correct,0.999932
datasets/test/Deficiency_Leaf/Deficiency_Leaf00077.jpg,Deficiency_Leaf,Deficiency_Leaf,Correct,0.688843
datasets/train/Bituminous_Leaf/Bituminous_Leaf00043.jpg,Bituminous_Leaf,Bituminous_Leaf,Correct,0.999819
datasets/train/Leaf_Gall/Leaf_Gall00257.jpg,Leaf_Gall,Leaf_Gall,Correct,0.999703
datasets/test/Felt_Leaf/Felt_Leaf00149.jpg,Felt_Leaf,Felt_Leaf,Correct,0.999760
datasets/train/Felt_Leaf/Felt_Leaf00258.jpg,Felt_Leaf,Felt_Leaf,Correct,0.974801
datasets/train/Deficiency_Leaf/Deficiency_Leaf00119.jpg,Deficiency_Leaf,Deficiency_Leaf,Correct,0.997115
datasets/train/Fungal_Leaf_Spot/Fungal_Leaf_Spot00141.jpg,Fungal_Leaf_Spot,Fungal_Leaf_Spot,Correct,0.999916
datasets/test/Anthrax_Leaf/Anthrax_Leaf00079.jpg,Anthrax_Leaf,Anthrax_Leaf,Correct,0.999962
datasets/train/Fungal_Leaf_Spot/Fungal_Leaf_Spot00228.jpg,Fungal_Leaf_Spot,Fungal_Leaf_Spot,Correct,1.000000
datasets/test/Leaf_Gall/Leaf_Gall00018.jpg,Leaf_Gall,Leaf_Gall,Correct,0.641262
datasets/train/Leaf_Gall/Leaf_Gall00282.jpg,Leaf_Gall,Leaf_Gall,Correct,0.999976
datasets/test/Healthy_Leaf/Healthy_Leaf00292.jpg,Healthy_Leaf,Healthy_Leaf,Correct,0.998978
datasets/test/Fungal_Leaf_Spot/Fungal_Leaf_Spot00052.jpg,Fungal_Leaf_Spot,Fungal_Leaf_Spot,Correct,0.999939
datasets/test/Healthy_Leaf/Healthy_Leaf00131.jpg,Healthy_Leaf,Healthy_Leaf,Correct,1.000000
datasets/test/Leaf_Blight/Leaf_Blight00042.jpg,Leaf_Blight,Leaf_Blight,Correct,1.000000
datasets/test/Leaf_Gall/Leaf_Gall00535.jpg,Leaf_Gall,Leaf_Gall,Correct,1.000000
datasets/test/Leaf_Gall/Leaf_Gall00569.jpg,Leaf_Gall,Leaf_Gall,Correct,0.999939
datasets/test/Felt_Leaf/Felt_Leaf00058.jpg,Felt_Leaf,Felt_Leaf,Correct,0.999965
datasets/train/Leaf_Gall/Leaf_Gall00528.jpg,Leaf_Gall,Leaf_Gall,Correct,0.999921
datasets/test/Felt_Leaf/Felt_Leaf00088.jpg,Felt_Leaf,Felt_Leaf,Correct,0.991925
datasets/test/Fungal_Leaf_Spot/Fungal_Leaf_Spot00477.jpg,Fungal_Leaf_Spot,Fungal_Leaf_Spot,Correct,0.996521
datasets/train/Fungal_Leaf_Spot/Fungal_Leaf_Spot00006.jpg,Fungal_Leaf_Spot,Fungal_Leaf_Spot,Correct,0.999955
datasets/test/Deficiency_Leaf/Deficiency_Leaf00050.jpg,Deficiency_Leaf,Deficiency_Leaf,Correct,0.983089
datasets/test/Leaf_Gall/Leaf_Gall00405.jpg,Leaf_Gall,Leaf_Gall,Correct,0.999780
datasets/test/Healthy_Leaf/Healthy_Leaf00248.jpg,Healthy_Leaf,Healthy_Leaf,Correct,0.999641
datasets/train/Felt_Leaf/Felt_Leaf00095.jpg,Felt_Leaf,Felt_Leaf,Correct,0.999970
datasets/train/Healthy_Leaf/Healthy_Leaf00479.jpg,Healthy_Leaf,Healthy_Leaf,Correct,0.999922
datasets/test/Leaf_Gall/Leaf_Gall00077.jpg,Leaf_Gall,Leaf_Gall,Correct,0.999999
datasets/train/Leaf_Blight/Leaf_Blight00478.jpg,Leaf_Blight,Leaf_Blight,Correct,0.999989
datasets/train/Leaf_Gall/Leaf_Gall00303.jpg,Leaf_Gall,Leaf_Gall,Correct,0.999997
datasets/test/Curl_Leaf/Curl_Leaf00030.jpg,Curl_Leaf,Curl_Leaf,Correct,0.999999
datasets/test/Curl_Leaf/Curl_Leaf00149.jpg,Curl_Leaf,Curl_Leaf,Correct,0.971874
datasets/train/Anthrax_Leaf/Anthrax_Leaf00043.jpg,Anthrax_Leaf,Anthrax_Leaf,Correct,0.999999
datasets/train/Leaf_Gall/Leaf_Gall00486.jpg,Leaf_Gall,Leaf_Gall,Correct,0.999998
datasets/train/Leaf_Gall/Leaf_Gall00620.jpg,Leaf_Gall,Leaf_Gall,Correct,0.995922
datasets/test/Bituminous_Leaf/Bituminous_Leaf00028.jpg,Bituminous_Leaf,Bituminous_Leaf,Correct,0.999972
datasets/train/Felt_Leaf/Felt_Leaf00262.jpg,Felt_Leaf,Fungal_Leaf_Spot,Incorrect,0.903742
datasets/test/Dry_Leaf/Dry_Leaf00292.jpg,Dry_Leaf,Dry_Leaf,Correct,1.000000
datasets/test/Healthy_Leaf/Healthy_Leaf00176.jpg,Healthy_Leaf,Healthy_Leaf,Correct,0.999991
datasets/train/Anthrax_Leaf/Anthrax_Leaf00016.jpg,Anthrax_Leaf,Anthrax_Leaf,Correct,0.999206
datasets/test/Bituminous_Leaf/Bituminous_Leaf00013.jpg,Bituminous_Leaf,Bituminous_Leaf,Correct,0.990709
datasets/train/Leaf_Gall/Leaf_Gall00240.jpg,Leaf_Gall,Leaf_Gall,Correct,1.000000
datasets/test/Dry_Leaf/Dry_Leaf00244.jpg,Dry_Leaf,Dry_Leaf,Correct,1.000000
datasets/train/Healthy_Leaf/Healthy_Leaf00305.jpg,Healthy_Leaf,Healthy_Leaf,Correct,0.999923
datasets/test/Leaf_Blight/Leaf_Blight00562.jpg,Leaf_Blight,Leaf_Blight,Correct,1.000000
datasets/test/Leaf_Gall/Leaf_Gall00589.jpg,Leaf_Gall,Leaf_Gall,Correct,1.000000
datasets/test/Healthy_Leaf/Healthy_Leaf00106.jpg,Healthy_Leaf,Healthy_Leaf,Correct,1.000000
datasets/test/Curl_Leaf/Curl_Leaf00077.jpg,Curl_Leaf,Curl_Leaf,Correct,0.998667
datasets/train/Anthrax_Leaf/Anthrax_Leaf00042.jpg,Anthrax_Leaf,Anthrax_Leaf,Correct,0.998891
datasets/test/Leaf_Blight/Leaf_Blight00565.jpg,Leaf_Blight,Leaf_Blight,Correct,1.000000
datasets/test/Healthy_Leaf/Healthy_Leaf00403.jpg,Healthy_Leaf,Healthy_Leaf,Correct,1.000000
datasets/test/Felt_Leaf/Felt_Leaf00093.jpg,Felt_Leaf,Felt_Leaf,Correct,0.999660
datasets/train/Fungal_Leaf_Spot/Fungal_Leaf_Spot00194.jpg,Fungal_Leaf_Spot,Fungal_Leaf_Spot,Correct,0.999579
datasets/test/Healthy_Leaf/Healthy_Leaf00491.jpg,Healthy_Leaf,Healthy_Leaf,Correct,0.999503
datasets/test/Anthrax_Leaf/Anthrax_Leaf00148.jpg,Anthrax_Leaf,Anthrax_Leaf,Correct,0.999981
datasets/train/Fungal_Leaf_Spot/Fungal_Leaf_Spot00459.jpg,Fungal_Leaf_Spot,Fungal_Leaf_Spot,Correct,0.985874
datasets/test/Dry_Leaf/Dry_Leaf00194.jpg,Dry_Leaf,Dry_Leaf,Correct,1.000000
datasets/train/Healthy_Leaf/Healthy_Leaf00243.jpg,Healthy_Leaf,Healthy_Leaf,Correct,1.000000
datasets/train/Healthy_Leaf/Healthy_Leaf00016.jpg,Healthy_Leaf,Healthy_Leaf,Correct,0.999982
datasets/test/Fungal_Leaf_Spot/Fungal_Leaf_Spot00093.jpg,Fungal_Leaf_Spot,Fungal_Leaf_Spot,Correct,0.969969
datasets/test/Leaf_Blight/Leaf_Blight00234.jpg,Leaf_Blight,Leaf_Blight,Correct,1.000000
datasets/train/Healthy_Leaf/Healthy_Leaf00431.jpg,Healthy_Leaf,Healthy_Leaf,Correct,0.999657
datasets/test/Healthy_Leaf/Healthy_Leaf00274.jpg,Healthy_Leaf,Healthy_Leaf,Correct,0.999689
datasets/test/Curl_Leaf/Curl_Leaf00027.jpg,Curl_Leaf,Curl_Leaf,Correct,1.000000
datasets/test/Leaf_Blight/Leaf_Blight00487.jpg,Leaf_Blight,Leaf_Blight,Correct,0.999965
datasets/train/Deficiency_Leaf/Deficiency_Leaf00021.jpg,Deficiency_Leaf,Deficiency_Leaf,Correct,0.807303
datasets/train/Healthy_Leaf/Healthy_Leaf00224.jpg,Healthy_Leaf,Healthy_Leaf,Correct,0.999708
datasets/test/Deficiency_Leaf/Deficiency_Leaf00085.jpg,Deficiency_Leaf,Deficiency_Leaf,Correct,0.801869
datasets/train/Bituminous_Leaf/Bituminous_Leaf00008.jpg,Bituminous_Leaf,Bituminous_Leaf,Correct,0.829794
datasets/train/Leaf_Blight/Leaf_Blight00171.jpg,Leaf_Blight,Leaf_Blight,Correct,0.914795
datasets/test/Deficiency_Leaf/Deficiency_Leaf00086.jpg,Deficiency_Leaf,Deficiency_Leaf,Correct,0.922048
datasets/test/Fungal_Leaf_Spot/Fungal_Leaf_Spot00157.jpg,Fungal_Leaf_Spot,Fungal_Leaf_Spot,Correct,0.997821
datasets/test/Leaf_Gall/Leaf_Gall00451.jpg,Leaf_Gall,Leaf_Gall,Correct,0.999944
datasets/test/Dry_Leaf/Dry_Leaf00278.jpg,Dry_Leaf,Dry_Leaf,Correct,0.999948
datasets/train/Fungal_Leaf_Spot/Fungal_Leaf_Spot00264.jpg,Fungal_Leaf_Spot,Fungal_Leaf_Spot,Correct,0.999959
datasets/train/Leaf_Blight/Leaf_Blight00040.jpg,Leaf_Blight,Leaf_Blight,Correct,0.999988
datasets/test/Leaf_Gall/Leaf_Gall00243.jpg,Leaf_Gall,Leaf_Gall,Correct,1.000000
datasets/test/Healthy_Leaf/Healthy_Leaf00339.jpg,Healthy_Leaf,Healthy_Leaf,Correct,0.999961
datasets/test/Bituminous_Leaf/Bituminous_Leaf00052.jpg,Bituminous_Leaf,Bituminous_Leaf,Correct,0.999781
datasets/test/Leaf_Gall/Leaf_Gall00350.jpg,Leaf_Gall,Leaf_Gall,Correct,0.999951
datasets/test/Leaf_Blight/Leaf_Blight00510.jpg,Leaf_Blight,Leaf_Blight,Correct,0.999996
datasets/test/Dry_Leaf/Dry_Leaf00033.jpg,Dry_Leaf,Dry_Leaf,Correct,0.999900
datasets/test/Fungal_Leaf_Spot/Fungal_Leaf_Spot00127.jpg,Fungal_Leaf_Spot,Fungal_Leaf_Spot,Correct,0.994746
datasets/test/Leaf_Blight/Leaf_Blight00191.jpg,Leaf_Blight,Leaf_Blight,Correct,0.993248
datasets/train/Dry_Leaf/Dry_Leaf00018.jpg,Dry_Leaf,Dry_Leaf,Correct,1.000000
datasets/test/Felt_Leaf/Felt_Leaf00233.jpg,Felt_Leaf,Felt_Leaf,Correct,0.999162
datasets/train/Felt_Leaf/Felt_Leaf00321.jpg,Felt_Leaf,Felt_Leaf,Correct,0.882072
datasets/test/Bituminous_Leaf/Bituminous_Leaf00026.jpg,Bituminous_Leaf,Bituminous_Leaf,Correct,0.999972
datasets/test/Fungal_Leaf_Spot/Fungal_Leaf_Spot00134.jpg,Fungal_Leaf_Spot,Fungal_Leaf_Spot,Correct,0.999861
datasets/test/Leaf_Gall/Leaf_Gall00032.jpg,Leaf_Gall,Leaf_Gall,Correct,0.999997
datasets/train/Dry_Leaf/Dry_Leaf00187.jpg,Dry_Leaf,Dry_Leaf,Correct,1.000000
datasets/train/Leaf_Gall/Leaf_Gall00223.jpg,Leaf_Gall,Leaf_Gall,Correct,0.999999
datasets/test/Fungal_Leaf_Spot/Fungal_Leaf_Spot00526.jpg,Fungal_Leaf_Spot,Fungal_Leaf_Spot,Correct,0.999892
datasets/train/Leaf_Gall/Leaf_Gall00373.jpg,Leaf_Gall,Leaf_Gall,Correct,0.999998
datasets/train/Healthy_Leaf/Healthy_Leaf00267.jpg,Healthy_Leaf,Healthy_Leaf,Correct,0.999752
datasets/test/Healthy_Leaf/Healthy_Leaf00154.jpg,Healthy_Leaf,Healthy_Leaf,Correct,0.999999
datasets/test/Leaf_Gall/Leaf_Gall00098.jpg,Leaf_Gall,Leaf_Gall,Correct,0.999998
datasets/test/Leaf_Gall/Leaf_Gall00358.jpg,Leaf_Gall,Leaf_Gall,Correct,0.990589
datasets/test/Curl_Leaf/Curl_Leaf00097.jpg,Curl_Leaf,Curl_Leaf,Correct,0.993384
datasets/test/Leaf_Gall/Leaf_Gall00425.jpg,Leaf_Gall,Leaf_Gall,Correct,0.999920
datasets/train/Bituminous_Leaf/Bituminous_Leaf00104.jpg,Bituminous_Leaf,Bituminous_Leaf,Correct,0.999579
datasets/test/Bituminous_Leaf/Bituminous_Leaf00095.jpg,Bituminous_Leaf,Bituminous_Leaf,Correct,0.999439
datasets/test/Dry_Leaf/Dry_Leaf00337.jpg,Dry_Leaf,Dry_Leaf,Correct,0.997084
datasets/train/Leaf_Gall/Leaf_Gall00534.jpg,Leaf_Gall,Leaf_Gall,Correct,1.000000
datasets/test/Anthrax_Leaf/Anthrax_Leaf00013.jpg,Anthrax_Leaf,Anthrax_Leaf,Correct,0.999909
datasets/train/Leaf_Gall/Leaf_Gall00586.jpg,Leaf_Gall,Leaf_Gall,Correct,1.000000
datasets/train/Deficiency_Leaf/Deficiency_Leaf00069.jpg,Deficiency_Leaf,Deficiency_Leaf,Correct,0.995408
datasets/train/Curl_Leaf/Curl_Leaf00125.jpg,Curl_Leaf,Curl_Leaf,Correct,1.000000
datasets/test/Healthy_Leaf/Healthy_Leaf00463.jpg,Healthy_Leaf,Healthy_Leaf,Correct,0.999891
datasets/test/Fungal_Leaf_Spot/Fungal_Leaf_Spot00218.jpg,Fungal_Leaf_Spot,Fungal_Leaf_Spot,Correct,0.999997
datasets/train/Bituminous_Leaf/Bituminous_Leaf00097.jpg,Bituminous_Leaf,Bituminous_Leaf,Correct,0.996460
datasets/train/Dry_Leaf/Dry_Leaf00027.jpg,Dry_Leaf,Dry_Leaf,Correct,1.000000
datasets/train/Healthy_Leaf/Healthy_Leaf00066.jpg,Healthy_Leaf,Healthy_Leaf,Correct,0.999998
datasets/test/Leaf_Gall/Leaf_Gall00415.jpg,Leaf_Gall,Leaf_Gall,Correct,0.999716
datasets/train/Curl_Leaf/Curl_Leaf00070.jpg,Curl_Leaf,Curl_Leaf,Correct,0.999828
datasets/train/Fungal_Leaf_Spot/Fungal_Leaf_Spot00059.jpg,Fungal_Leaf_Spot,Fungal_Leaf_Spot,Correct,1.000000
datasets/test/Fungal_Leaf_Spot/Fungal_Leaf_Spot00388.jpg,Fungal_Leaf_Spot,Fungal_Leaf_Spot,Correct,0.999425
datasets/test/Leaf_Gall/Leaf_Gall00134.jpg,Leaf_Gall,Leaf_Gall,Correct,0.999999
datasets/train/Healthy_Leaf/Healthy_Leaf00050.jpg,Healthy_Leaf,Healthy_Leaf,Correct,1.000000
datasets/test/Dry_Leaf/Dry_Leaf00327.jpg,Dry_Leaf,Dry_Leaf,Correct,0.999479
datasets/train/Anthrax_Leaf/Anthrax_Leaf00050.jpg,Anthrax_Leaf,Anthrax_Leaf,Correct,1.000000
datasets/test/Fungal_Leaf_Spot/Fungal_Leaf_Spot00082.jpg,Fungal_Leaf_Spot,Fungal_Leaf_Spot,Correct,0.999919
datasets/test/Healthy_Leaf/Healthy_Leaf00161.jpg,Healthy_Leaf,Healthy_Leaf,Correct,1.000000
datasets/test/Fungal_Leaf_Spot/Fungal_Leaf_Spot00240.jpg,Fungal_Leaf_Spot,Fungal_Leaf_Spot,Correct,0.999991
datasets/test/Leaf_Gall/Leaf_Gall00142.jpg,Leaf_Gall,Felt_Leaf,Incorrect,0.882841
datasets/train/Anthrax_Leaf/Anthrax_Leaf00004.jpg,Anthrax_Leaf,Anthrax_Leaf,Correct,0.999988
datasets/test/Healthy_Leaf/Healthy_Leaf00125.jpg,Healthy_Leaf,Healthy_Leaf,Correct,0.999996
datasets/test/Healthy_Leaf/Healthy_Leaf00458.jpg,Healthy_Leaf,Healthy_Leaf,Correct,0.999705
datasets/train/Healthy_Leaf/Healthy_Leaf00424.jpg,Healthy_Leaf,Healthy_Leaf,Correct,0.999957
datasets/test/Healthy_Leaf/Healthy_Leaf00466.jpg,Healthy_Leaf,Healthy_Leaf,Correct,0.999997
datasets/train/Leaf_Blight/Leaf_Blight00010.jpg,Leaf_Blight,Leaf_Blight,Correct,0.999970
datasets/test/Leaf_Blight/Leaf_Blight00056.jpg,Leaf_Blight,Leaf_Blight,Correct,0.998692
datasets/train/Dry_Leaf/Dry_Leaf00077.jpg,Dry_Leaf,Dry_Leaf,Correct,1.000000
datasets/test/Fungal_Leaf_Spot/Fungal_Leaf_Spot00450.jpg,Fungal_Leaf_Spot,Fungal_Leaf_Spot,Correct,0.999187
datasets/test/Dry_Leaf/Dry_Leaf00066.jpg,Dry_Leaf,Dry_Leaf,Correct,1.000000
datasets/test/Fungal_Leaf_Spot/Fungal_Leaf_Spot00201.jpg,Fungal_Leaf_Spot,Fungal_Leaf_Spot,Correct,0.997593
datasets/test/Healthy_Leaf/Healthy_Leaf00560.jpg,Healthy_Leaf,Healthy_Leaf,Correct,0.977770
datasets/train/Leaf_Blight/Leaf_Blight00236.jpg,Leaf_Blight,Leaf_Blight,Correct,0.999999
datasets/test/Healthy_Leaf/Healthy_Leaf00568.jpg,Healthy_Leaf,Healthy_Leaf,Correct,0.999963
datasets/train/Bituminous_Leaf/Bituminous_Leaf00115.jpg,Bituminous_Leaf,Bituminous_Leaf,Correct,1.000000
datasets/test/Healthy_Leaf/Healthy_Leaf00030.jpg,Healthy_Leaf,Healthy_Leaf,Correct,0.999756
datasets/train/Felt_Leaf/Felt_Leaf00140.jpg,Felt_Leaf,Felt_Leaf,Correct,0.988766
datasets/test/Anthrax_Leaf/Anthrax_Leaf00092.jpg,Anthrax_Leaf,Anthrax_Leaf,Correct,0.999818
datasets/train/Leaf_Gall/Leaf_Gall00203.jpg,Leaf_Gall,Leaf_Gall,Correct,0.999682
datasets/train/Leaf_Blight/Leaf_Blight00543.jpg,Leaf_Blight,Leaf_Blight,Correct,0.999997
datasets/test/Leaf_Blight/Leaf_Blight00223.jpg,Leaf_Blight,Leaf_Blight,Correct,0.999901
datasets/test/Leaf_Blight/Leaf_Blight00177.jpg,Leaf_Blight,Leaf_Blight,Correct,0.999748
datasets/train/Leaf_Gall/Leaf_Gall00598.jpg,Leaf_Gall,Leaf_Gall,Correct,0.999959
datasets/test/Fungal_Leaf_Spot/Fungal_Leaf_Spot00464.jpg,Fungal_Leaf_Spot,Felt_Leaf,Incorrect,0.782789
datasets/train/Dry_Leaf/Dry_Leaf00225.jpg,Dry_Leaf,Dry_Leaf,Correct,1.000000
datasets/train/Curl_Leaf/Curl_Leaf00179.jpg,Curl_Leaf,Curl_Leaf,Correct,0.999857
datasets/test/Leaf_Gall/Leaf_Gall00229.jpg,Leaf_Gall,Leaf_Gall,Correct,1.000000
datasets/test/Fungal_Leaf_Spot/Fungal_Leaf_Spot00497.jpg,Fungal_Leaf_Spot,Fungal_Leaf_Spot,Correct,0.999899
datasets/train/Fungal_Leaf_Spot/Fungal_Leaf_Spot00355.jpg,Fungal_Leaf_Spot,Fungal_Leaf_Spot,Correct,0.999647
datasets/train/Healthy_Leaf/Healthy_Leaf00602.jpg,Healthy_Leaf,Healthy_Leaf,Correct,0.999171
datasets/test/Bituminous_Leaf/Bituminous_Leaf00053.jpg,Bituminous_Leaf,Bituminous_Leaf,Correct,0.999999
datasets/test/Leaf_Blight/Leaf_Blight00394.jpg,Leaf_Blight,Leaf_Blight,Correct,0.861920
datasets/train/Bituminous_Leaf/Bituminous_Leaf00092.jpg,Bituminous_Leaf,Bituminous_Leaf,Correct,0.999833
datasets/test/Felt_Leaf/Felt_Leaf00213.jpg,Felt_Leaf,Felt_Leaf,Correct,0.994885
datasets/test/Leaf_Blight/Leaf_Blight00051.jpg,Leaf_Blight,Leaf_Blight,Correct,0.974591
datasets/test/Fungal_Leaf_Spot/Fungal_Leaf_Spot00386.jpg,Fungal_Leaf_Spot,Fungal_Leaf_Spot,Correct,0.928170
datasets/test/Felt_Leaf/Felt_Leaf00178.jpg,Felt_Leaf,Felt_Leaf,Correct,1.000000
datasets/test/Dry_Leaf/Dry_Leaf00037.jpg,Dry_Leaf,Dry_Leaf,Correct,1.000000
datasets/train/Leaf_Gall/Leaf_Gall00072.jpg,Leaf_Gall,Leaf_Gall,Correct,0.997123
datasets/test/Leaf_Gall/Leaf_Gall00130.jpg,Leaf_Gall,Leaf_Gall,Correct,0.999999
datasets/train/Leaf_Blight/Leaf_Blight00086.jpg,Leaf_Blight,Leaf_Blight,Correct,0.999991
datasets/train/Fungal_Leaf_Spot/Fungal_Leaf_Spot00254.jpg,Fungal_Leaf_Spot,Fungal_Leaf_Spot,Correct,0.999998
datasets/train/Felt_Leaf/Felt_Leaf00343.jpg,Felt_Leaf,Felt_Leaf,Correct,0.992925
datasets/test/Fungal_Leaf_Spot/Fungal_Leaf_Spot00447.jpg,Fungal_Leaf_Spot,Fungal_Leaf_Spot,Correct,0.998678
datasets/test/Healthy_Leaf/Healthy_Leaf00266.jpg,Healthy_Leaf,Healthy_Leaf,Correct,0.999993
datasets/test/Fungal_Leaf_Spot/Fungal_Leaf_Spot00537.jpg,Fungal_Leaf_Spot,Fungal_Leaf_Spot,Correct,0.958209
datasets/test/Bituminous_Leaf/Bituminous_Leaf00120.jpg,Bituminous_Leaf,Bituminous_Leaf,Correct,0.999998
datasets/test/Leaf_Blight/Leaf_Blight00159.jpg,Leaf_Blight,Leaf_Blight,Correct,0.999807
datasets/train/Leaf_Gall/Leaf_Gall00536.jpg,Leaf_Gall,Leaf_Gall,Correct,0.999887
datasets/test/Leaf_Gall/Leaf_Gall00608.jpg,Leaf_Gall,Leaf_Gall,Correct,0.999792
datasets/test/Leaf_Gall/Leaf_Gall00171.jpg,Leaf_Gall,Leaf_Gall,Correct,0.999991
datasets/train/Leaf_Blight/Leaf_Blight00464.jpg,Leaf_Blight,Leaf_Blight,Correct,0.999976
datasets/test/Leaf_Blight/Leaf_Blight00189.jpg,Leaf_Blight,Leaf_Blight,Correct,0.996348
datasets/test/Healthy_Leaf/Healthy_Leaf00068.jpg,Healthy_Leaf,Healthy_Leaf,Correct,0.999999
datasets/train/Fungal_Leaf_Spot/Fungal_Leaf_Spot00552.jpg,Fungal_Leaf_Spot,Fungal_Leaf_Spot,Correct,0.999989
datasets/test/Deficiency_Leaf/Deficiency_Leaf00046.jpg,Deficiency_Leaf,Deficiency_Leaf,Correct,0.964387
datasets/test/Dry_Leaf/Dry_Leaf00119.jpg,Dry_Leaf,Dry_Leaf,Correct,0.999998
datasets/train/Dry_Leaf/Dry_Leaf00299.jpg,Dry_Leaf,Dry_Leaf,Correct,0.999999
datasets/train/Felt_Leaf/Felt_Leaf00120.jpg,Felt_Leaf,Felt_Leaf,Correct,0.999999
datasets/test/Anthrax_Leaf/Anthrax_Leaf00017.jpg,Anthrax_Leaf,Anthrax_Leaf,Correct,0.999753
datasets/test/Fungal_Leaf_Spot/Fungal_Leaf_Spot00528.jpg,Fungal_Leaf_Spot,Fungal_Leaf_Spot,Correct,1.000000
datasets/test/Healthy_Leaf/Healthy_Leaf00416.jpg,Healthy_Leaf,Healthy_Leaf,Correct,1.000000
datasets/test/Fungal_Leaf_Spot/Fungal_Leaf_Spot00369.jpg,Fungal_Leaf_Spot,Fungal_Leaf_Spot,Correct,0.998297
datasets/test/Dry_Leaf/Dry_Leaf00166.jpg,Dry_Leaf,Dry_Leaf,Correct,1.000000
datasets/train/Felt_Leaf/Felt_Leaf00363.jpg,Felt_Leaf,Felt_Leaf,Correct,0.999999
datasets/test/Leaf_Gall/Leaf_Gall00579.jpg,Leaf_Gall,Leaf_Gall,Correct,1.000000
datasets/test/Anthrax_Leaf/Anthrax_Leaf00053.jpg,Anthrax_Leaf,Anthrax_Leaf,Correct,0.999996
datasets/train/Anthrax_Leaf/Anthrax_Leaf00067.jpg,Anthrax_Leaf,Anthrax_Leaf,Correct,0.999979
datasets/test/Leaf_Gall/Leaf_Gall00422.jpg,Leaf_Gall,Leaf_Gall,Correct,0.999525
datasets/train/Curl_Leaf/Curl_Leaf00054.jpg,Curl_Leaf,Curl_Leaf,Correct,0.999996
datasets/train/Felt_Leaf/Felt_Leaf00098.jpg,Felt_Leaf,Felt_Leaf,Correct,0.998763
datasets/train/Healthy_Leaf/Healthy_Leaf00512.jpg,Healthy_Leaf,Healthy_Leaf,Correct,0.995704
datasets/test/Dry_Leaf/Dry_Leaf00082.jpg,Dry_Leaf,Dry_Leaf,Correct,0.999999
datasets/test/Healthy_Leaf/Healthy_Leaf00418.jpg,Healthy_Leaf,Healthy_Leaf,Correct,0.996159
datasets/train/Healthy_Leaf/Healthy_Leaf00310.jpg,Healthy_Leaf,Healthy_Leaf,Correct,0.999293
datasets/train/Healthy_Leaf/Healthy_Leaf00493.jpg,Healthy_Leaf,Healthy_Leaf,Correct,0.648485
datasets/train/Felt_Leaf/Felt_Leaf00381.jpg,Felt_Leaf,Felt_Leaf,Correct,0.996817
datasets/test/Healthy_Leaf/Healthy_Leaf00062.jpg,Healthy_Leaf,Healthy_Leaf,Correct,0.999999
datasets/train/Deficiency_Leaf/Deficiency_Leaf00074.jpg,Deficiency_Leaf,Deficiency_Leaf,Correct,0.813501
datasets/train/Dry_Leaf/Dry_Leaf00128.jpg,Dry_Leaf,Dry_Leaf,Correct,1.000000
datasets/test/Felt_Leaf/Felt_Leaf00174.jpg,Felt_Leaf,Felt_Leaf,Correct,0.999412
datasets/test/Healthy_Leaf/Healthy_Leaf00289.jpg,Healthy_Leaf,Healthy_Leaf,Correct,0.985365
datasets/test/Curl_Leaf/Curl_Leaf00053.jpg,Curl_Leaf,Curl_Leaf,Correct,1.000000
datasets/test/Felt_Leaf/Felt_Leaf00249.jpg,Felt_Leaf,Felt_Leaf,Correct,0.999273
datasets/train/Leaf_Gall/Leaf_Gall00470.jpg,Leaf_Gall,Leaf_Gall,Correct,0.890012
datasets/train/Leaf_Gall/Leaf_Gall00352.jpg,Leaf_Gall,Leaf_Gall,Correct,0.999432
datasets/test/Felt_Leaf/Felt_Leaf00059.jpg,Felt_Leaf,Felt_Leaf,Correct,1.000000
datasets/test/Leaf_Gall/Leaf_Gall00387.jpg,Leaf_Gall,Leaf_Gall,Correct,1.000000
datasets/test/Dry_Leaf/Dry_Leaf00235.jpg,Dry_Leaf,Dry_Leaf,Correct,0.999982
datasets/test/Leaf_Blight/Leaf_Blight00373.jpg,Leaf_Blight,Leaf_Blight,Correct,0.998120
datasets/train/Fungal_Leaf_Spot/Fungal_Leaf_Spot00081.jpg,Fungal_Leaf_Spot,Fungal_Leaf_Spot,Correct,0.999981
datasets/test/Fungal_Leaf_Spot/Fungal_Leaf_Spot00503.jpg,Fungal_Leaf_Spot,Fungal_Leaf_Spot,Correct,0.999979
datasets/test/Fungal_Leaf_Spot/Fungal_Leaf_Spot00009.jpg,Fungal_Leaf_Spot,Fungal_Leaf_Spot,Correct,0.999882
datasets/train/Curl_Leaf/Curl_Leaf00160.jpg,Curl_Leaf,Curl_Leaf,Correct,0.999559
datasets/train/Fungal_Leaf_Spot/Fungal_Leaf_Spot00306.jpg,Fungal_Leaf_Spot,Fungal_Leaf_Spot,Correct,0.999713
datasets/test/Healthy_Leaf/Healthy_Leaf00095.jpg,Healthy_Leaf,Healthy_Leaf,Correct,0.999998
datasets/test/Anthrax_Leaf/Anthrax_Leaf00140.jpg,Anthrax_Leaf,Anthrax_Leaf,Correct,1.000000
datasets/train/Deficiency_Leaf/Deficiency_Leaf00064.jpg,Deficiency_Leaf,Deficiency_Leaf,Correct,0.979087
datasets/train/Healthy_Leaf/Healthy_Leaf00472.jpg,Healthy_Leaf,Healthy_Leaf,Correct,0.999988
datasets/train/Dry_Leaf/Dry_Leaf00038.jpg,Dry_Leaf,Dry_Leaf,Correct,1.000000
datasets/test/Healthy_Leaf/Healthy_Leaf00220.jpg,Healthy_Leaf,Healthy_Leaf,Correct,0.999991
datasets/test/Healthy_Leaf/Healthy_Leaf00566.jpg,Healthy_Leaf,Healthy_Leaf,Correct,0.997347
datasets/train/Dry_Leaf/Dry_Leaf00094.jpg,Dry_Leaf,Dry_Leaf,Correct,0.999999
datasets/train/Leaf_Gall/Leaf_Gall00070.jpg,Leaf_Gall,Leaf_Gall,Correct,0.999908
datasets/test/Bituminous_Leaf/Bituminous_Leaf00105.jpg,Bituminous_Leaf,Bituminous_Leaf,Correct,0.999051
datasets/test/Leaf_Blight/Leaf_Blight00590.jpg,Leaf_Blight,Leaf_Blight,Correct,0.996415
datasets/train/Leaf_Blight/Leaf_Blight00110.jpg,Leaf_Blight,Leaf_Blight,Correct,0.997628
datasets/test/Leaf_Gall/Leaf_Gall00194.jpg,Leaf_Gall,Leaf_Gall,Correct,0.999976
datasets/test/Leaf_Gall/Leaf_Gall00317.jpg,Leaf_Gall,Leaf_Gall,Correct,1.000000
datasets/test/Fungal_Leaf_Spot/Fungal_Leaf_Spot00482.jpg,Fungal_Leaf_Spot,Fungal_Leaf_Spot,Correct,0.999779
datasets/test/Leaf_Blight/Leaf_Blight00101.jpg,Leaf_Blight,Leaf_Blight,Correct,0.999954
datasets/test/Leaf_Gall/Leaf_Gall00285.jpg,Leaf_Gall,Leaf_Gall,Correct,0.999998
datasets/train/Curl_Leaf/Curl_Leaf00065.jpg,Curl_Leaf,Curl_Leaf,Correct,1.000000
datasets/train/Healthy_Leaf/Healthy_Leaf00261.jpg,Healthy_Leaf,Healthy_Leaf,Correct,0.998880
datasets/test/Deficiency_Leaf/Deficiency_Leaf00010.jpg,Deficiency_Leaf,Deficiency_Leaf,Correct,0.992695
datasets/train/Healthy_Leaf/Healthy_Leaf00214.jpg,Healthy_Leaf,Healthy_Leaf,Correct,0.999954
datasets/train/Leaf_Blight/Leaf_Blight00452.jpg,Leaf_Blight,Leaf_Blight,Correct,0.999999
datasets/train/Leaf_Gall/Leaf_Gall00454.jpg,Leaf_Gall,Leaf_Gall,Correct,1.000000
datasets/test/Felt_Leaf/Felt_Leaf00271.jpg,Felt_Leaf,Felt_Leaf,Correct,0.906099
datasets/test/Leaf_Gall/Leaf_Gall00593.jpg,Leaf_Gall,Leaf_Gall,Correct,1.000000
datasets/train/Dry_Leaf/Dry_Leaf00302.jpg,Dry_Leaf,Dry_Leaf,Correct,1.000000
datasets/train/Felt_Leaf/Felt_Leaf00231.jpg,Felt_Leaf,Felt_Leaf,Correct,0.989644
datasets/test/Leaf_Blight/Leaf_Blight00146.jpg,Leaf_Blight,Leaf_Gall,Incorrect,0.793105
datasets/test/Healthy_Leaf/Healthy_Leaf00454.jpg,Healthy_Leaf,Healthy_Leaf,Correct,0.998156
datasets/test/Felt_Leaf/Felt_Leaf00164.jpg,Felt_Leaf,Felt_Leaf,Correct,0.884096
datasets/train/Anthrax_Leaf/Anthrax_Leaf00127.jpg,Anthrax_Leaf,Anthrax_Leaf,Correct,0.999981
datasets/train/Deficiency_Leaf/Deficiency_Leaf00102.jpg,Deficiency_Leaf,Deficiency_Leaf,Correct,0.977036
datasets/test/Leaf_Gall/Leaf_Gall00269.jpg,Leaf_Gall,Leaf_Gall,Correct,0.999999
datasets/train/Dry_Leaf/Dry_Leaf00153.jpg,Dry_Leaf,Dry_Leaf,Correct,1.000000
datasets/test/Dry_Leaf/Dry_Leaf00196.jpg,Dry_Leaf,Dry_Leaf,Correct,1.000000
datasets/test/Healthy_Leaf/Healthy_Leaf00388.jpg,Healthy_Leaf,Healthy_Leaf,Correct,0.999888
datasets/test/Healthy_Leaf/Healthy_Leaf00286.jpg,Healthy_Leaf,Healthy_Leaf,Correct,0.793928
datasets/test/Leaf_Gall/Leaf_Gall00010.jpg,Leaf_Gall,Leaf_Gall,Correct,0.965396
datasets/test/Healthy_Leaf/Healthy_Leaf00401.jpg,Healthy_Leaf,Healthy_Leaf,Correct,0.999850
datasets/test/Bituminous_Leaf/Bituminous_Leaf00031.jpg,Bituminous_Leaf,Bituminous_Leaf,Correct,1.000000
datasets/test/Healthy_Leaf/Healthy_Leaf00503.jpg,Healthy_Leaf,Healthy_Leaf,Correct,0.999747
datasets/test/Leaf_Gall/Leaf_Gall00104.jpg,Leaf_Gall,Leaf_Gall,Correct,0.999998
datasets/test/Deficiency_Leaf/Deficiency_Leaf00022.jpg,Deficiency_Leaf,Deficiency_Leaf,Correct,0.482220
datasets/test/Fungal_Leaf_Spot/Fungal_Leaf_Spot00508.jpg,Fungal_Leaf_Spot,Fungal_Leaf_Spot,Correct,0.999351
datasets/test/Leaf_Blight/Leaf_Blight00170.jpg,Leaf_Blight,Leaf_Blight,Correct,0.813697
datasets/test/Healthy_Leaf/Healthy_Leaf00432.jpg,Healthy_Leaf,Healthy_Leaf,Correct,0.999875
datasets/test/Fungal_Leaf_Spot/Fungal_Leaf_Spot00311.jpg,Fungal_Leaf_Spot,Fungal_Leaf_Spot,Correct,0.999982
datasets/train/Fungal_Leaf_Spot/Fungal_Leaf_Spot00408.jpg,Fungal_Leaf_Spot,Fungal_Leaf_Spot,Correct,1.000000
datasets/train/Fungal_Leaf_Spot/Fungal_Leaf_Spot00069.jpg,Fungal_Leaf_Spot,Fungal_Leaf_Spot,Correct,0.999998
datasets/train/Curl_Leaf/Curl_Leaf00175.jpg,Curl_Leaf,Curl_Leaf,Correct,0.999348
datasets/train/Dry_Leaf/Dry_Leaf00176.jpg,Dry_Leaf,Dry_Leaf,Correct,0.999664
datasets/train/Leaf_Gall/Leaf_Gall00344.jpg,Leaf_Gall,Leaf_Gall,Correct,0.972550
datasets/train/Leaf_Blight/Leaf_Blight00345.jpg,Leaf_Blight,Leaf_Blight,Correct,0.999995
datasets/test/Leaf_Blight/Leaf_Blight00005.jpg,Leaf_Blight,Leaf_Blight,Correct,0.986844
datasets/train/Leaf_Blight/Leaf_Blight00017.jpg,Leaf_Blight,Leaf_Blight,Correct,0.999504
datasets/test/Felt_Leaf/Felt_Leaf00264.jpg,Felt_Leaf,Fungal_Leaf_Spot,Incorrect,0.617877
datasets/test/Deficiency_Leaf/Deficiency_Leaf00017.jpg,Deficiency_Leaf,Deficiency_Leaf,Correct,0.775726
datasets/test/Fungal_Leaf_Spot/Fungal_Leaf_Spot00239.jpg,Fungal_Leaf_Spot,Fungal_Leaf_Spot,Correct,1.000000
datasets/train/Leaf_Blight/Leaf_Blight00238.jpg,Leaf_Blight,Leaf_Blight,Correct,0.999995
datasets/test/Dry_Leaf/Dry_Leaf00221.jpg,Dry_Leaf,Dry_Leaf,Correct,1.000000
datasets/test/Leaf_Blight/Leaf_Blight00107.jpg,Leaf_Blight,Leaf_Blight,Correct,0.834075
datasets/train/Healthy_Leaf/Healthy_Leaf00071.jpg,Healthy_Leaf,Healthy_Leaf,Correct,0.999994
datasets/train/Leaf_Gall/Leaf_Gall00073.jpg,Leaf_Gall,Leaf_Gall,Correct,0.930058
datasets/test/Leaf_Gall/Leaf_Gall00318.jpg,Leaf_Gall,Leaf_Gall,Correct,0.999962
datasets/test/Felt_Leaf/Felt_Leaf00203.jpg,Felt_Leaf,Felt_Leaf,Correct,0.999591
datasets/train/Leaf_Gall/Leaf_Gall00468.jpg,Leaf_Gall,Leaf_Gall,Correct,0.984881
datasets/train/Dry_Leaf/Dry_Leaf00345.jpg,Dry_Leaf,Dry_Leaf,Correct,1.000000
datasets/train/Dry_Leaf/Dry_Leaf00308.jpg,Dry_Leaf,Dry_Leaf,Correct,1.000000
datasets/test/Healthy_Leaf/Healthy_Leaf00357.jpg,Healthy_Leaf,Healthy_Leaf,Correct,0.999999
datasets/test/Felt_Leaf/Felt_Leaf00236.jpg,Felt_Leaf,Felt_Leaf,Correct,0.992296
datasets/test/Dry_Leaf/Dry_Leaf00231.jpg,Dry_Leaf,Dry_Leaf,Correct,1.000000
datasets/train/Fungal_Leaf_Spot/Fungal_Leaf_Spot00344.jpg,Fungal_Leaf_Spot,Fungal_Leaf_Spot,Correct,0.999625
datasets/train/Dry_Leaf/Dry_Leaf00099.jpg,Dry_Leaf,Dry_Leaf,Correct,0.555873
datasets/train/Leaf_Blight/Leaf_Blight00057.jpg,Leaf_Blight,Leaf_Blight,Correct,0.999902
datasets/train/Leaf_Gall/Leaf_Gall00215.jpg,Leaf_Gall,Leaf_Gall,Correct,1.000000
datasets/test/Leaf_Gall/Leaf_Gall00212.jpg,Leaf_Gall,Leaf_Gall,Correct,0.996757
datasets/test/Healthy_Leaf/Healthy_Leaf00439.jpg,Healthy_Leaf,Healthy_Leaf,Correct,0.999989
datasets/test/Leaf_Blight/Leaf_Blight00368.jpg,Leaf_Blight,Leaf_Blight,Correct,0.999721
datasets/train/Leaf_Blight/Leaf_Blight00592.jpg,Leaf_Blight,Leaf_Blight,Correct,0.999848
datasets/train/Healthy_Leaf/Healthy_Leaf00408.jpg,Healthy_Leaf,Healthy_Leaf,Correct,0.999970
datasets/test/Anthrax_Leaf/Anthrax_Leaf00128.jpg,Anthrax_Leaf,Anthrax_Leaf,Correct,1.000000
datasets/train/Dry_Leaf/Dry_Leaf00374.jpg,Dry_Leaf,Dry_Leaf,Correct,0.999999
datasets/train/Fungal_Leaf_Spot/Fungal_Leaf_Spot00473.jpg,Fungal_Leaf_Spot,Fungal_Leaf_Spot,Correct,0.995359
datasets/test/Fungal_Leaf_Spot/Fungal_Leaf_Spot00309.jpg,Fungal_Leaf_Spot,Fungal_Leaf_Spot,Correct,0.999975
datasets/train/Leaf_Blight/Leaf_Blight00360.jpg,Leaf_Blight,Leaf_Blight,Correct,0.999747
datasets/train/Felt_Leaf/Felt_Leaf00188.jpg,Felt_Leaf,Felt_Leaf,Correct,0.998679
datasets/test/Leaf_Blight/Leaf_Blight00226.jpg,Leaf_Blight,Leaf_Blight,Correct,0.999428
datasets/test/Leaf_Blight/Leaf_Blight00530.jpg,Leaf_Blight,Leaf_Blight,Correct,1.000000
datasets/test/Felt_Leaf/Felt_Leaf00124.jpg,Felt_Leaf,Felt_Leaf,Correct,1.000000
datasets/test/Leaf_Gall/Leaf_Gall00307.jpg,Leaf_Gall,Leaf_Gall,Correct,0.999936
datasets/train/Fungal_Leaf_Spot/Fungal_Leaf_Spot00364.jpg,Fungal_Leaf_Spot,Fungal_Leaf_Spot,Correct,0.999416
datasets/test/Healthy_Leaf/Healthy_Leaf00051.jpg,Healthy_Leaf,Healthy_Leaf,Correct,0.999998
datasets/train/Leaf_Gall/Leaf_Gall00302.jpg,Leaf_Gall,Leaf_Gall,Correct,1.000000
datasets/test/Leaf_Blight/Leaf_Blight00147.jpg,Leaf_Blight,Leaf_Blight,Correct,0.994110
datasets/test/Leaf_Gall/Leaf_Gall00209.jpg,Leaf_Gall,Leaf_Gall,Correct,1.000000
datasets/train/Leaf_Blight/Leaf_Blight00026.jpg,Leaf_Blight,Leaf_Blight,Correct,0.999989
datasets/train/Leaf_Gall/Leaf_Gall00058.jpg,Leaf_Gall,Leaf_Gall,Correct,0.999668
datasets/train/Deficiency_Leaf/Deficiency_Leaf00028.jpg,Deficiency_Leaf,Deficiency_Leaf,Correct,0.986678
datasets/test/Deficiency_Leaf/Deficiency_Leaf00073.jpg,Deficiency_Leaf,Deficiency_Leaf,Correct,0.581905
datasets/train/Healthy_Leaf/Healthy_Leaf00130.jpg,Healthy_Leaf,Healthy_Leaf,Correct,1.000000
datasets/test/Leaf_Gall/Leaf_Gall00510.jpg,Leaf_Gall,Leaf_Gall,Correct,0.999999
datasets/train/Felt_Leaf/Felt_Leaf00024.jpg,Felt_Leaf,Felt_Leaf,Correct,0.943064
datasets/train/Leaf_Blight/Leaf_Blight00178.jpg,Leaf_Blight,Leaf_Blight,Correct,0.996906
datasets/train/Healthy_Leaf/Healthy_Leaf00603.jpg,Healthy_Leaf,Healthy_Leaf,Correct,0.999535
datasets/train/Leaf_Gall/Leaf_Gall00121.jpg,Leaf_Gall,Leaf_Gall,Correct,0.999754
datasets/train/Leaf_Blight/Leaf_Blight00576.jpg,Leaf_Blight,Leaf_Blight,Correct,0.963130
datasets/train/Felt_Leaf/Felt_Leaf00135.jpg,Felt_Leaf,Felt_Leaf,Correct,1.000000
datasets/test/Felt_Leaf/Felt_Leaf00008.jpg,Felt_Leaf,Felt_Leaf,Correct,0.732719
datasets/test/Deficiency_Leaf/Deficiency_Leaf00048.jpg,Deficiency_Leaf,Deficiency_Leaf,Correct,0.999480
datasets/test/Anthrax_Leaf/Anthrax_Leaf00131.jpg,Anthrax_Leaf,Anthrax_Leaf,Correct,1.000000
datasets/train/Dry_Leaf/Dry_Leaf00346.jpg,Dry_Leaf,Dry_Leaf,Correct,0.999970
datasets/test/Dry_Leaf/Dry_Leaf00162.jpg,Dry_Leaf,Dry_Leaf,Correct,1.000000
datasets/test/Felt_Leaf/Felt_Leaf00049.jpg,Felt_Leaf,Felt_Leaf,Correct,0.999843
datasets/train/Deficiency_Leaf/Deficiency_Leaf00024.jpg,Deficiency_Leaf,Deficiency_Leaf,Correct,0.837427
datasets/test/Curl_Leaf/Curl_Leaf00117.jpg,Curl_Leaf,Curl_Leaf,Correct,1.000000
datasets/test/Leaf_Gall/Leaf_Gall00138.jpg,Leaf_Gall,Leaf_Gall,Correct,0.999997
datasets/test/Leaf_Blight/Leaf_Blight00245.jpg,Leaf_Blight,Leaf_Blight,Correct,0.999967
datasets/train/Healthy_Leaf/Healthy_Leaf00299.jpg,Healthy_Leaf,Healthy_Leaf,Correct,0.999987
datasets/train/Fungal_Leaf_Spot/Fungal_Leaf_Spot00392.jpg,Fungal_Leaf_Spot,Fungal_Leaf_Spot,Correct,0.999515
datasets/test/Dry_Leaf/Dry_Leaf00074.jpg,Dry_Leaf,Dry_Leaf,Correct,1.000000
datasets/train/Leaf_Gall/Leaf_Gall00030.jpg,Leaf_Gall,Leaf_Gall,Correct,0.999775
datasets/train/Leaf_Blight/Leaf_Blight00012.jpg,Leaf_Blight,Leaf_Blight,Correct,0.999156
datasets/test/Leaf_Blight/Leaf_Blight00384.jpg,Leaf_Blight,Leaf_Blight,Correct,0.999999
datasets/train/Leaf_Blight/Leaf_Blight00196.jpg,Leaf_Blight,Leaf_Blight,Correct,0.991013
datasets/test/Leaf_Blight/Leaf_Blight00538.jpg,Leaf_Blight,Leaf_Blight,Correct,1.000000
datasets/test/Dry_Leaf/Dry_Leaf00204.jpg,Dry_Leaf,Dry_Leaf,Correct,1.000000
datasets/train/Leaf_Blight/Leaf_Blight00246.jpg,Leaf_Blight,Leaf_Blight,Correct,0.999985
datasets/test/Deficiency_Leaf/Deficiency_Leaf00055.jpg,Deficiency_Leaf,Curl_Leaf,Incorrect,0.758495
datasets/test/Leaf_Blight/Leaf_Blight00363.jpg,Leaf_Blight,Leaf_Blight,Correct,0.998245
datasets/train/Deficiency_Leaf/Deficiency_Leaf00091.jpg,Deficiency_Leaf,Deficiency_Leaf,Correct,0.858498
datasets/train/Leaf_Gall/Leaf_Gall00151.jpg,Leaf_Gall,Leaf_Gall,Correct,0.931656
datasets/train/Healthy_Leaf/Healthy_Leaf00143.jpg,Healthy_Leaf,Healthy_Leaf,Correct,1.000000
datasets/train/Healthy_Leaf/Healthy_Leaf00407.jpg,Healthy_Leaf,Healthy_Leaf,Correct,0.999989
datasets/test/Leaf_Blight/Leaf_Blight00175.jpg,Leaf_Blight,Leaf_Blight,Correct,0.971974
datasets/test/Healthy_Leaf/Healthy_Leaf00073.jpg,Healthy_Leaf,Healthy_Leaf,Correct,1.000000
datasets/test/Leaf_Blight/Leaf_Blight00158.jpg,Leaf_Blight,Leaf_Blight,Correct,0.978038
datasets/test/Dry_Leaf/Dry_Leaf00236.jpg,Dry_Leaf,Dry_Leaf,Correct,0.999958
datasets/test/Anthrax_Leaf/Anthrax_Leaf00143.jpg,Anthrax_Leaf,Bituminous_Leaf,Incorrect,0.645113
datasets/test/Fungal_Leaf_Spot/Fungal_Leaf_Spot00164.jpg,Fungal_Leaf_Spot,Fungal_Leaf_Spot,Correct,0.971528
datasets/test/Dry_Leaf/Dry_Leaf00061.jpg,Dry_Leaf,Dry_Leaf,Correct,1.000000
datasets/train/Felt_Leaf/Felt_Leaf00304.jpg,Felt_Leaf,Felt_Leaf,Correct,0.999376
datasets/test/Anthrax_Leaf/Anthrax_Leaf00059.jpg,Anthrax_Leaf,Anthrax_Leaf,Correct,0.999979
datasets/test/Fungal_Leaf_Spot/Fungal_Leaf_Spot00206.jpg,Fungal_Leaf_Spot,Fungal_Leaf_Spot,Correct,0.999999
datasets/test/Anthrax_Leaf/Anthrax_Leaf00106.jpg,Anthrax_Leaf,Anthrax_Leaf,Correct,0.999885
datasets/train/Leaf_Blight/Leaf_Blight00008.jpg,Leaf_Blight,Leaf_Blight,Correct,1.000000
datasets/train/Healthy_Leaf/Healthy_Leaf00155.jpg,Healthy_Leaf,Healthy_Leaf,Correct,0.999999
datasets/train/Curl_Leaf/Curl_Leaf00009.jpg,Curl_Leaf,Curl_Leaf,Correct,0.999969
datasets/test/Dry_Leaf/Dry_Leaf00090.jpg,Dry_Leaf,Dry_Leaf,Correct,1.000000
datasets/train/Bituminous_Leaf/Bituminous_Leaf00037.jpg,Bituminous_Leaf,Bituminous_Leaf,Correct,0.860263
datasets/test/Curl_Leaf/Curl_Leaf00044.jpg,Curl_Leaf,Curl_Leaf,Correct,0.997555
datasets/train/Deficiency_Leaf/Deficiency_Leaf00062.jpg,Deficiency_Leaf,Deficiency_Leaf,Correct,0.762393
datasets/train/Curl_Leaf/Curl_Leaf00144.jpg,Curl_Leaf,Curl_Leaf,Correct,0.999981
datasets/test/Leaf_Gall/Leaf_Gall00012.jpg,Leaf_Gall,Leaf_Gall,Correct,0.879701
datasets/train/Leaf_Gall/Leaf_Gall00051.jpg,Leaf_Gall,Leaf_Gall,Correct,0.999975
datasets/test/Felt_Leaf/Felt_Leaf00246.jpg,Felt_Leaf,Felt_Leaf,Correct,0.588174
datasets/train/Leaf_Blight/Leaf_Blight00043.jpg,Leaf_Blight,Leaf_Blight,Correct,0.921582
datasets/train/Fungal_Leaf_Spot/Fungal_Leaf_Spot00255.jpg,Fungal_Leaf_Spot,Fungal_Leaf_Spot,Correct,0.999997
datasets/test/Leaf_Gall/Leaf_Gall00089.jpg,Leaf_Gall,Leaf_Gall,Correct,1.000000
datasets/test/Leaf_Gall/Leaf_Gall00331.jpg,Leaf_Gall,Leaf_Gall,Correct,0.999696
datasets/test/Leaf_Blight/Leaf_Blight00258.jpg,Leaf_Blight,Leaf_Blight,Correct,0.999896
datasets/test/Leaf_Gall/Leaf_Gall00161.jpg,Leaf_Gall,Leaf_Gall,Correct,0.990262
datasets/train/Leaf_Blight/Leaf_Blight00275.jpg,Leaf_Blight,Leaf_Blight,Correct,1.000000
datasets/test/Leaf_Blight/Leaf_Blight00049.jpg,Leaf_Blight,Leaf_Blight,Correct,0.999960
datasets/train/Leaf_Blight/Leaf_Blight00430.jpg,Leaf_Blight,Leaf_Blight,Correct,0.999985
datasets/test/Healthy_Leaf/Healthy_Leaf00200.jpg,Healthy_Leaf,Healthy_Leaf,Correct,0.999900
datasets/test/Leaf_Gall/Leaf_Gall00597.jpg,Leaf_Gall,Leaf_Gall,Correct,0.999999
datasets/train/Felt_Leaf/Felt_Leaf00121.jpg,Felt_Leaf,Felt_Leaf,Correct,0.999751
datasets/train/Fungal_Leaf_Spot/Fungal_Leaf_Spot00250.jpg,Fungal_Leaf_Spot,Fungal_Leaf_Spot,Correct,0.999699
datasets/train/Leaf_Blight/Leaf_Blight00422.jpg,Leaf_Blight,Leaf_Blight,Correct,0.522598
datasets/train/Healthy_Leaf/Healthy_Leaf00502.jpg,Healthy_Leaf,Healthy_Leaf,Correct,0.999967
datasets/train/Leaf_Gall/Leaf_Gall00183.jpg,Leaf_Gall,Leaf_Gall,Correct,0.999989
datasets/train/Deficiency_Leaf/Deficiency_Leaf00025.jpg,Deficiency_Leaf,Deficiency_Leaf,Correct,0.999326
datasets/test/Leaf_Gall/Leaf_Gall00437.jpg,Leaf_Gall,Leaf_Gall,Correct,0.999974
datasets/test/Bituminous_Leaf/Bituminous_Leaf00103.jpg,Bituminous_Leaf,Bituminous_Leaf,Correct,0.999229
datasets/test/Fungal_Leaf_Spot/Fungal_Leaf_Spot00545.jpg,Fungal_Leaf_Spot,Fungal_Leaf_Spot,Correct,0.926119
datasets/train/Healthy_Leaf/Healthy_Leaf00231.jpg,Healthy_Leaf,Healthy_Leaf,Correct,0.999970
datasets/test/Healthy_Leaf/Healthy_Leaf00196.jpg,Healthy_Leaf,Healthy_Leaf,Correct,0.999411
datasets/test/Leaf_Gall/Leaf_Gall00503.jpg,Leaf_Gall,Leaf_Gall,Correct,0.999974
datasets/test/Leaf_Gall/Leaf_Gall00247.jpg,Leaf_Gall,Leaf_Gall,Correct,1.000000
datasets/test/Anthrax_Leaf/Anthrax_Leaf00020.jpg,Anthrax_Leaf,Anthrax_Leaf,Correct,0.999436
datasets/test/Healthy_Leaf/Healthy_Leaf00411.jpg,Healthy_Leaf,Healthy_Leaf,Correct,0.999806
datasets/test/Dry_Leaf/Dry_Leaf00184.jpg,Dry_Leaf,Dry_Leaf,Correct,1.000000
datasets/test/Dry_Leaf/Dry_Leaf00261.jpg,Dry_Leaf,Dry_Leaf,Correct,1.000000
datasets/train/Fungal_Leaf_Spot/Fungal_Leaf_Spot00062.jpg,Fungal_Leaf_Spot,Fungal_Leaf_Spot,Correct,0.999994
datasets/train/Deficiency_Leaf/Deficiency_Leaf00114.jpg,Deficiency_Leaf,Deficiency_Leaf,Correct,0.886753
datasets/test/Leaf_Blight/Leaf_Blight00305.jpg,Leaf_Blight,Leaf_Blight,Correct,1.000000
datasets/test/Leaf_Blight/Leaf_Blight00400.jpg,Leaf_Blight,Leaf_Blight,Correct,0.997086
datasets/train/Dry_Leaf/Dry_Leaf00207.jpg,Dry_Leaf,Dry_Leaf,Correct,0.999998
datasets/train/Bituminous_Leaf/Bituminous_Leaf00005.jpg,Bituminous_Leaf,Bituminous_Leaf,Correct,0.999638
datasets/test/Leaf_Blight/Leaf_Blight00263.jpg,Leaf_Blight,Leaf_Blight,Correct,0.999997
datasets/test/Leaf_Blight/Leaf_Blight00021.jpg,Leaf_Blight,Leaf_Blight,Correct,0.999994
datasets/test/Healthy_Leaf/Healthy_Leaf00365.jpg,Healthy_Leaf,Healthy_Leaf,Correct,0.990688
datasets/train/Felt_Leaf/Felt_Leaf00091.jpg,Felt_Leaf,Felt_Leaf,Correct,0.998473
datasets/test/Fungal_Leaf_Spot/Fungal_Leaf_Spot00145.jpg,Fungal_Leaf_Spot,Fungal_Leaf_Spot,Correct,0.999783
datasets/test/Fungal_Leaf_Spot/Fungal_Leaf_Spot00276.jpg,Fungal_Leaf_Spot,Fungal_Leaf_Spot,Correct,0.890224
datasets/test/Leaf_Blight/Leaf_Blight00416.jpg,Leaf_Blight,Leaf_Blight,Correct,0.995785
datasets/train/Fungal_Leaf_Spot/Fungal_Leaf_Spot00472.jpg,Fungal_Leaf_Spot,Fungal_Leaf_Spot,Correct,0.999792
datasets/test/Dry_Leaf/Dry_Leaf00362.jpg,Dry_Leaf,Dry_Leaf,Correct,0.929214
datasets/train/Leaf_Gall/Leaf_Gall00049.jpg,Leaf_Gall,Leaf_Gall,Correct,0.999683
datasets/test/Leaf_Gall/Leaf_Gall00310.jpg,Leaf_Gall,Leaf_Gall,Correct,1.000000
datasets/train/Leaf_Gall/Leaf_Gall00577.jpg,Leaf_Gall,Leaf_Gall,Correct,0.999998
datasets/train/Healthy_Leaf/Healthy_Leaf00476.jpg,Healthy_Leaf,Healthy_Leaf,Correct,0.999660
datasets/test/Leaf_Gall/Leaf_Gall00044.jpg,Leaf_Gall,Leaf_Gall,Correct,0.999974
datasets/train/Leaf_Blight/Leaf_Blight00539.jpg,Leaf_Blight,Leaf_Blight,Correct,1.000000
datasets/test/Leaf_Gall/Leaf_Gall00494.jpg,Leaf_Gall,Leaf_Gall,Correct,0.972667
datasets/test/Leaf_Blight/Leaf_Blight00337.jpg,Leaf_Blight,Leaf_Blight,Correct,0.999999
datasets/test/Dry_Leaf/Dry_Leaf00182.jpg,Dry_Leaf,Dry_Leaf,Correct,0.999998
datasets/train/Healthy_Leaf/Healthy_Leaf00276.jpg,Healthy_Leaf,Healthy_Leaf,Correct,0.990419
datasets/train/Leaf_Blight/Leaf_Blight00310.jpg,Leaf_Blight,Leaf_Blight,Correct,1.000000
datasets/train/Deficiency_Leaf/Deficiency_Leaf00047.jpg,Deficiency_Leaf,Deficiency_Leaf,Correct,0.999779
datasets/test/Leaf_Gall/Leaf_Gall00048.jpg,Leaf_Gall,Leaf_Gall,Correct,0.991331
datasets/train/Bituminous_Leaf/Bituminous_Leaf00018.jpg,Bituminous_Leaf,Bituminous_Leaf,Correct,0.996166
datasets/train/Leaf_Gall/Leaf_Gall00108.jpg,Leaf_Gall,Leaf_Gall,Correct,0.999963
datasets/test/Leaf_Gall/Leaf_Gall00235.jpg,Leaf_Gall,Leaf_Gall,Correct,1.000000
datasets/train/Bituminous_Leaf/Bituminous_Leaf00108.jpg,Bituminous_Leaf,Bituminous_Leaf,Correct,0.999904
datasets/train/Leaf_Gall/Leaf_Gall00005.jpg,Leaf_Gall,Felt_Leaf,Incorrect,0.968075
datasets/test/Fungal_Leaf_Spot/Fungal_Leaf_Spot00389.jpg,Fungal_Leaf_Spot,Fungal_Leaf_Spot,Correct,0.999193
datasets/test/Fungal_Leaf_Spot/Fungal_Leaf_Spot00210.jpg,Fungal_Leaf_Spot,Fungal_Leaf_Spot,Correct,0.999997
datasets/train/Dry_Leaf/Dry_Leaf00035.jpg,Dry_Leaf,Dry_Leaf,Correct,0.999917
datasets/test/Healthy_Leaf/Healthy_Leaf00205.jpg,Healthy_Leaf,Healthy_Leaf,Correct,0.982760
datasets/test/Felt_Leaf/Felt_Leaf00001.jpg,Felt_Leaf,Felt_Leaf,Correct,0.999592
datasets/test/Curl_Leaf/Curl_Leaf00095.jpg,Curl_Leaf,Curl_Leaf,Correct,0.997090
datasets/test/Leaf_Blight/Leaf_Blight00467.jpg,Leaf_Blight,Leaf_Blight,Correct,0.978949
datasets/train/Healthy_Leaf/Healthy_Leaf00263.jpg,Healthy_Leaf,Healthy_Leaf,Correct,0.998004
datasets/test/Leaf_Gall/Leaf_Gall00418.jpg,Leaf_Gall,Leaf_Gall,Correct,0.999921
datasets/test/Healthy_Leaf/Healthy_Leaf00249.jpg,Healthy_Leaf,Healthy_Leaf,Correct,0.999994
datasets/train/Healthy_Leaf/Healthy_Leaf00285.jpg,Healthy_Leaf,Healthy_Leaf,Correct,0.996255
datasets/train/Dry_Leaf/Dry_Leaf00183.jpg,Dry_Leaf,Dry_Leaf,Correct,0.999984
datasets/test/Healthy_Leaf/Healthy_Leaf00133.jpg,Healthy_Leaf,Healthy_Leaf,Correct,1.000000
datasets/train/Healthy_Leaf/Healthy_Leaf00215.jpg,Healthy_Leaf,Healthy_Leaf,Correct,0.999877
datasets/test/Curl_Leaf/Curl_Leaf00096.jpg,Curl_Leaf,Curl_Leaf,Correct,0.994227
datasets/train/Felt_Leaf/Felt_Leaf00323.jpg,Felt_Leaf,Felt_Leaf,Correct,0.980411
datasets/test/Healthy_Leaf/Healthy_Leaf00239.jpg,Healthy_Leaf,Healthy_Leaf,Correct,1.000000
datasets/test/Healthy_Leaf/Healthy_Leaf00348.jpg,Healthy_Leaf,Healthy_Leaf,Correct,1.000000
datasets/train/Fungal_Leaf_Spot/Fungal_Leaf_Spot00036.jpg,Fungal_Leaf_Spot,Fungal_Leaf_Spot,Correct,1.000000
datasets/train/Fungal_Leaf_Spot/Fungal_Leaf_Spot00568.jpg,Fungal_Leaf_Spot,Fungal_Leaf_Spot,Correct,0.999793
datasets/test/Healthy_Leaf/Healthy_Leaf00422.jpg,Healthy_Leaf,Healthy_Leaf,Correct,0.999998
datasets/train/Leaf_Gall/Leaf_Gall00525.jpg,Leaf_Gall,Leaf_Gall,Correct,0.997942
datasets/test/Dry_Leaf/Dry_Leaf00030.jpg,Dry_Leaf,Dry_Leaf,Correct,0.999727
datasets/test/Healthy_Leaf/Healthy_Leaf00452.jpg,Healthy_Leaf,Healthy_Leaf,Correct,0.995042
datasets/train/Leaf_Gall/Leaf_Gall00556.jpg,Leaf_Gall,Leaf_Gall,Correct,0.991327
datasets/train/Deficiency_Leaf/Deficiency_Leaf00002.jpg,Deficiency_Leaf,Deficiency_Leaf,Correct,0.723948
datasets/test/Healthy_Leaf/Healthy_Leaf00191.jpg,Healthy_Leaf,Healthy_Leaf,Correct,0.999996
datasets/test/Felt_Leaf/Felt_Leaf00266.jpg,Felt_Leaf,Fungal_Leaf_Spot,Incorrect,0.846568
datasets/test/Fungal_Leaf_Spot/Fungal_Leaf_Spot00536.jpg,Fungal_Leaf_Spot,Fungal_Leaf_Spot,Correct,0.996999
datasets/test/Healthy_Leaf/Healthy_Leaf00088.jpg,Healthy_Leaf,Healthy_Leaf,Correct,0.999999
datasets/train/Healthy_Leaf/Healthy_Leaf00228.jpg,Healthy_Leaf,Healthy_Leaf,Correct,0.990813
datasets/train/Dry_Leaf/Dry_Leaf00186.jpg,Dry_Leaf,Dry_Leaf,Correct,0.999894
datasets/test/Fungal_Leaf_Spot/Fungal_Leaf_Spot00541.jpg,Fungal_Leaf_Spot,Fungal_Leaf_Spot,Correct,0.999989
datasets/test/Dry_Leaf/Dry_Leaf00252.jpg,Dry_Leaf,Dry_Leaf,Correct,1.000000
datasets/test/Leaf_Gall/Leaf_Gall00559.jpg,Leaf_Gall,Leaf_Gall,Correct,0.999996
datasets/train/Felt_Leaf/Felt_Leaf00355.jpg,Felt_Leaf,Felt_Leaf,Correct,0.898827
datasets/test/Leaf_Gall/Leaf_Gall00069.jpg,Leaf_Gall,Leaf_Gall,Correct,0.998649
datasets/train/Fungal_Leaf_Spot/Fungal_Leaf_Spot00313.jpg,Fungal_Leaf_Spot,Fungal_Leaf_Spot,Correct,0.998962
datasets/train/Leaf_Blight/Leaf_Blight00089.jpg,Leaf_Blight,Leaf_Blight,Correct,0.999853
datasets/train/Felt_Leaf/Felt_Leaf00314.jpg,Felt_Leaf,Felt_Leaf,Correct,0.996678
datasets/test/Healthy_Leaf/Healthy_Leaf00092.jpg,Healthy_Leaf,Healthy_Leaf,Correct,1.000000
datasets/test/Fungal_Leaf_Spot/Fungal_Leaf_Spot00333.jpg,Fungal_Leaf_Spot,Fungal_Leaf_Spot,Correct,0.999477
datasets/test/Fungal_Leaf_Spot/Fungal_Leaf_Spot00385.jpg,Fungal_Leaf_Spot,Fungal_Leaf_Spot,Correct,0.941432
datasets/train/Healthy_Leaf/Healthy_Leaf00270.jpg,Healthy_Leaf,Healthy_Leaf,Correct,0.999990
datasets/train/Curl_Leaf/Curl_Leaf00099.jpg,Curl_Leaf,Curl_Leaf,Correct,0.922962
datasets/test/Fungal_Leaf_Spot/Fungal_Leaf_Spot00319.jpg,Fungal_Leaf_Spot,Fungal_Leaf_Spot,Correct,0.999093
datasets/test/Leaf_Gall/Leaf_Gall00335.jpg,Leaf_Gall,Leaf_Gall,Correct,0.998749
datasets/test/Healthy_Leaf/Healthy_Leaf00506.jpg,Healthy_Leaf,Healthy_Leaf,Correct,0.999410
datasets/test/Felt_Leaf/Felt_Leaf00128.jpg,Felt_Leaf,Felt_Leaf,Correct,1.000000
datasets/train/Leaf_Blight/Leaf_Blight00513.jpg,Leaf_Blight,Leaf_Blight,Correct,0.999990
datasets/train/Dry_Leaf/Dry_Leaf00057.jpg,Dry_Leaf,Dry_Leaf,Correct,1.000000
datasets/test/Leaf_Gall/Leaf_Gall00347.jpg,Leaf_Gall,Leaf_Gall,Correct,0.985668
datasets/test/Curl_Leaf/Curl_Leaf00047.jpg,Curl_Leaf,Curl_Leaf,Correct,0.999995
datasets/train/Felt_Leaf/Felt_Leaf00153.jpg,Felt_Leaf,Felt_Leaf,Correct,0.999943
datasets/train/Healthy_Leaf/Healthy_Leaf00203.jpg,Healthy_Leaf,Healthy_Leaf,Correct,0.999501
datasets/train/Curl_Leaf/Curl_Leaf00014.jpg,Curl_Leaf,Curl_Leaf,Correct,0.999982
datasets/test/Anthrax_Leaf/Anthrax_Leaf00138.jpg,Anthrax_Leaf,Anthrax_Leaf,Correct,0.999955
datasets/train/Dry_Leaf/Dry_Leaf00205.jpg,Dry_Leaf,Dry_Leaf,Correct,0.999993
datasets/test/Curl_Leaf/Curl_Leaf00020.jpg,Curl_Leaf,Curl_Leaf,Correct,0.998769
datasets/test/Healthy_Leaf/Healthy_Leaf00628.jpg,Healthy_Leaf,Healthy_Leaf,Correct,0.993359
datasets/train/Felt_Leaf/Felt_Leaf00014.jpg,Felt_Leaf,Felt_Leaf,Correct,0.991455
datasets/test/Leaf_Gall/Leaf_Gall00100.jpg,Leaf_Gall,Leaf_Gall,Correct,1.000000
datasets/test/Fungal_Leaf_Spot/Fungal_Leaf_Spot00442.jpg,Fungal_Leaf_Spot,Fungal_Leaf_Spot,Correct,0.958974
datasets/test/Fungal_Leaf_Spot/Fungal_Leaf_Spot00181.jpg,Fungal_Leaf_Spot,Fungal_Leaf_Spot,Correct,0.990475
datasets/test/Healthy_Leaf/Healthy_Leaf00585.jpg,Healthy_Leaf,Healthy_Leaf,Correct,0.999997
datasets/train/Leaf_Blight/Leaf_Blight00309.jpg,Leaf_Blight,Leaf_Blight,Correct,0.999999
datasets/test/Healthy_Leaf/Healthy_Leaf00268.jpg,Healthy_Leaf,Healthy_Leaf,Correct,0.998762
datasets/train/Leaf_Blight/Leaf_Blight00016.jpg,Leaf_Blight,Leaf_Blight,Correct,0.999421
datasets/train/Felt_Leaf/Felt_Leaf00270.jpg,Felt_Leaf,Felt_Leaf,Correct,0.996161
datasets/test/Dry_Leaf/Dry_Leaf00213.jpg,Dry_Leaf,Dry_Leaf,Correct,0.999922
datasets/test/Healthy_Leaf/Healthy_Leaf00253.jpg,Healthy_Leaf,Healthy_Leaf,Correct,0.999828
datasets/test/Leaf_Gall/Leaf_Gall00564.jpg,Leaf_Gall,Leaf_Gall,Correct,0.999859
datasets/train/Fungal_Leaf_Spot/Fungal_Leaf_Spot00274.jpg,Fungal_Leaf_Spot,Fungal_Leaf_Spot,Correct,0.996111
datasets/train/Leaf_Blight/Leaf_Blight00336.jpg,Leaf_Blight,Leaf_Blight,Correct,1.000000
datasets/test/Leaf_Blight/Leaf_Blight00399.jpg,Leaf_Blight,Leaf_Blight,Correct,0.973263
datasets/train/Bituminous_Leaf/Bituminous_Leaf00010.jpg,Bituminous_Leaf,Bituminous_Leaf,Correct,0.999935
datasets/train/Curl_Leaf/Curl_Leaf00041.jpg,Curl_Leaf,Curl_Leaf,Correct,0.997351
datasets/train/Dry_Leaf/Dry_Leaf00256.jpg,Dry_Leaf,Dry_Leaf,Correct,0.999999
datasets/test/Anthrax_Leaf/Anthrax_Leaf00061.jpg,Anthrax_Leaf,Anthrax_Leaf,Correct,0.999983
datasets/test/Fungal_Leaf_Spot/Fungal_Leaf_Spot00288.jpg,Fungal_Leaf_Spot,Fungal_Leaf_Spot,Correct,0.999972
datasets/train/Leaf_Blight/Leaf_Blight00224.jpg,Leaf_Blight,Leaf_Blight,Correct,0.987754
datasets/test/Curl_Leaf/Curl_Leaf00019.jpg,Curl_Leaf,Curl_Leaf,Correct,0.999928
datasets/train/Deficiency_Leaf/Deficiency_Leaf00023.jpg,Deficiency_Leaf,Deficiency_Leaf,Correct,0.964540
datasets/test/Leaf_Blight/Leaf_Blight00390.jpg,Leaf_Blight,Leaf_Blight,Correct,0.999970
datasets/train/Fungal_Leaf_Spot/Fungal_Leaf_Spot00476.jpg,Fungal_Leaf_Spot,Fungal_Leaf_Spot,Correct,0.999938
datasets/test/Leaf_Gall/Leaf_Gall00109.jpg,Leaf_Gall,Leaf_Gall,Correct,0.999247
datasets/test/Leaf_Blight/Leaf_Blight00521.jpg,Leaf_Blight,Leaf_Blight,Correct,0.982557
datasets/test/Leaf_Blight/Leaf_Blight00148.jpg,Leaf_Blight,Leaf_Blight,Correct,0.999933
datasets/train/Bituminous_Leaf/Bituminous_Leaf00035.jpg,Bituminous_Leaf,Bituminous_Leaf,Correct,0.999923
datasets/test/Felt_Leaf/Felt_Leaf00205.jpg,Felt_Leaf,Felt_Leaf,Correct,0.999313
datasets/test/Healthy_Leaf/Healthy_Leaf00298.jpg,Healthy_Leaf,Healthy_Leaf,Correct,1.000000
datasets/train/Leaf_Blight/Leaf_Blight00330.jpg,Leaf_Blight,Leaf_Blight,Correct,0.999998
datasets/train/Leaf_Gall/Leaf_Gall00376.jpg,Leaf_Gall,Leaf_Gall,Correct,0.999999
datasets/test/Leaf_Gall/Leaf_Gall00174.jpg,Leaf_Gall,Leaf_Gall,Correct,0.999997
datasets/test/Felt_Leaf/Felt_Leaf00219.jpg,Felt_Leaf,Felt_Leaf,Correct,0.996363
datasets/train/Dry_Leaf/Dry_Leaf00380.jpg,Dry_Leaf,Dry_Leaf,Correct,1.000000
datasets/test/Felt_Leaf/Felt_Leaf00274.jpg,Felt_Leaf,Felt_Leaf,Correct,0.999951
datasets/train/Healthy_Leaf/Healthy_Leaf00316.jpg,Healthy_Leaf,Healthy_Leaf,Correct,0.999953
datasets/train/Dry_Leaf/Dry_Leaf00046.jpg,Dry_Leaf,Dry_Leaf,Correct,0.999996
datasets/train/Healthy_Leaf/Healthy_Leaf00570.jpg,Healthy_Leaf,Healthy_Leaf,Correct,0.999659
datasets/test/Healthy_Leaf/Healthy_Leaf00156.jpg,Healthy_Leaf,Healthy_Leaf,Correct,0.999866
datasets/test/Dry_Leaf/Dry_Leaf00069.jpg,Dry_Leaf,Dry_Leaf,Correct,0.999990
datasets/test/Anthrax_Leaf/Anthrax_Leaf00091.jpg,Anthrax_Leaf,Anthrax_Leaf,Correct,0.999978
datasets/test/Leaf_Gall/Leaf_Gall00255.jpg,Leaf_Gall,Leaf_Gall,Correct,0.999999
datasets/train/Fungal_Leaf_Spot/Fungal_Leaf_Spot00469.jpg,Fungal_Leaf_Spot,Fungal_Leaf_Spot,Correct,0.999873
datasets/test/Leaf_Blight/Leaf_Blight00103.jpg,Leaf_Blight,Leaf_Gall,Incorrect,0.781083
datasets/test/Fungal_Leaf_Spot/Fungal_Leaf_Spot00176.jpg,Fungal_Leaf_Spot,Fungal_Leaf_Spot,Correct,0.992117
datasets/test/Dry_Leaf/Dry_Leaf00266.jpg,Dry_Leaf,Dry_Leaf,Correct,1.000000
datasets/train/Leaf_Blight/Leaf_Blight00439.jpg,Leaf_Blight,Leaf_Blight,Correct,1.000000
datasets/train/Leaf_Blight/Leaf_Blight00569.jpg,Leaf_Blight,Leaf_Blight,Correct,1.000000
datasets/test/Healthy_Leaf/Healthy_Leaf00271.jpg,Healthy_Leaf,Healthy_Leaf,Correct,0.999041
datasets/train/Bituminous_Leaf/Bituminous_Leaf00054.jpg,Bituminous_Leaf,Bituminous_Leaf,Correct,0.999776
datasets/test/Bituminous_Leaf/Bituminous_Leaf00004.jpg,Bituminous_Leaf,Leaf_Gall,Incorrect,0.373648
datasets/train/Healthy_Leaf/Healthy_Leaf00104.jpg,Healthy_Leaf,Healthy_Leaf,Correct,1.000000
datasets/train/Leaf_Gall/Leaf_Gall00258.jpg,Leaf_Gall,Leaf_Gall,Correct,0.999922
datasets/train/Fungal_Leaf_Spot/Fungal_Leaf_Spot00072.jpg,Fungal_Leaf_Spot,Fungal_Leaf_Spot,Correct,0.999894
datasets/test/Leaf_Gall/Leaf_Gall00116.jpg,Leaf_Gall,Leaf_Gall,Correct,0.999993
datasets/test/Leaf_Gall/Leaf_Gall00283.jpg,Leaf_Gall,Leaf_Gall,Correct,0.999991
datasets/test/Dry_Leaf/Dry_Leaf00339.jpg,Dry_Leaf,Dry_Leaf,Correct,0.999988
datasets/test/Anthrax_Leaf/Anthrax_Leaf00102.jpg,Anthrax_Leaf,Anthrax_Leaf,Correct,0.998241
datasets/train/Curl_Leaf/Curl_Leaf00023.jpg,Curl_Leaf,Curl_Leaf,Correct,1.000000
datasets/train/Fungal_Leaf_Spot/Fungal_Leaf_Spot00451.jpg,Fungal_Leaf_Spot,Fungal_Leaf_Spot,Correct,0.948745
datasets/test/Healthy_Leaf/Healthy_Leaf00575.jpg,Healthy_Leaf,Healthy_Leaf,Correct,0.985112
datasets/test/Fungal_Leaf_Spot/Fungal_Leaf_Spot00238.jpg,Fungal_Leaf_Spot,Fungal_Leaf_Spot,Correct,0.999989
datasets/test/Leaf_Gall/Leaf_Gall00275.jpg,Leaf_Gall,Leaf_Gall,Correct,0.999763
datasets/train/Healthy_Leaf/Healthy_Leaf00423.jpg,Healthy_Leaf,Healthy_Leaf,Correct,0.999977
datasets/test/Curl_Leaf/Curl_Leaf00094.jpg,Curl_Leaf,Curl_Leaf,Correct,0.980672
datasets/train/Fungal_Leaf_Spot/Fungal_Leaf_Spot00008.jpg,Fungal_Leaf_Spot,Fungal_Leaf_Spot,Correct,0.999575
datasets/test/Fungal_Leaf_Spot/Fungal_Leaf_Spot00346.jpg,Fungal_Leaf_Spot,Fungal_Leaf_Spot,Correct,0.999974
datasets/train/Fungal_Leaf_Spot/Fungal_Leaf_Spot00454.jpg,Fungal_Leaf_Spot,Fungal_Leaf_Spot,Correct,0.973496
datasets/test/Felt_Leaf/Felt_Leaf00108.jpg,Felt_Leaf,Felt_Leaf,Correct,0.961248
datasets/train/Healthy_Leaf/Healthy_Leaf00553.jpg,Healthy_Leaf,Healthy_Leaf,Correct,0.999328
datasets/train/Dry_Leaf/Dry_Leaf00331.jpg,Dry_Leaf,Dry_Leaf,Correct,0.999995
datasets/train/Leaf_Gall/Leaf_Gall00545.jpg,Leaf_Gall,Leaf_Gall,Correct,1.000000
datasets/test/Deficiency_Leaf/Deficiency_Leaf00018.jpg,Deficiency_Leaf,Deficiency_Leaf,Correct,0.551126
datasets/train/Healthy_Leaf/Healthy_Leaf00599.jpg,Healthy_Leaf,Healthy_Leaf,Correct,0.999998
datasets/test/Bituminous_Leaf/Bituminous_Leaf00041.jpg,Bituminous_Leaf,Bituminous_Leaf,Correct,0.999943
datasets/train/Fungal_Leaf_Spot/Fungal_Leaf_Spot00525.jpg,Fungal_Leaf_Spot,Fungal_Leaf_Spot,Correct,0.999857
datasets/test/Felt_Leaf/Felt_Leaf00131.jpg,Felt_Leaf,Felt_Leaf,Correct,0.983636
datasets/test/Leaf_Gall/Leaf_Gall00019.jpg,Leaf_Gall,Leaf_Gall,Correct,0.984116
datasets/train/Healthy_Leaf/Healthy_Leaf00170.jpg,Healthy_Leaf,Healthy_Leaf,Correct,0.999808
datasets/train/Leaf_Blight/Leaf_Blight00298.jpg,Leaf_Blight,Leaf_Blight,Correct,0.999999
datasets/test/Felt_Leaf/Felt_Leaf00356.jpg,Felt_Leaf,Felt_Leaf,Correct,0.999995
datasets/test/Fungal_Leaf_Spot/Fungal_Leaf_Spot00166.jpg,Fungal_Leaf_Spot,Fungal_Leaf_Spot,Correct,0.994443
datasets/test/Healthy_Leaf/Healthy_Leaf00538.jpg,Healthy_Leaf,Healthy_Leaf,Correct,0.993998
datasets/test/Fungal_Leaf_Spot/Fungal_Leaf_Spot00419.jpg,Fungal_Leaf_Spot,Fungal_Leaf_Spot,Correct,0.999414
datasets/train/Leaf_Gall/Leaf_Gall00481.jpg,Leaf_Gall,Leaf_Gall,Correct,0.999792
datasets/test/Leaf_Gall/Leaf_Gall00202.jpg,Leaf_Gall,Leaf_Gall,Correct,0.999995
datasets/test/Felt_Leaf/Felt_Leaf00062.jpg,Felt_Leaf,Felt_Leaf,Correct,0.999998
datasets/train/Leaf_Blight/Leaf_Blight00581.jpg,Leaf_Blight,Leaf_Blight,Correct,0.998839
datasets/test/Leaf_Gall/Leaf_Gall00433.jpg,Leaf_Gall,Leaf_Gall,Correct,0.999984
datasets/train/Healthy_Leaf/Healthy_Leaf00060.jpg,Healthy_Leaf,Healthy_Leaf,Correct,1.000000
datasets/train/Felt_Leaf/Felt_Leaf00229.jpg,Felt_Leaf,Felt_Leaf,Correct,0.983826
datasets/test/Leaf_Gall/Leaf_Gall00290.jpg,Leaf_Gall,Leaf_Gall,Correct,1.000000
datasets/train/Leaf_Gall/Leaf_Gall00511.jpg,Leaf_Gall,Leaf_Gall,Correct,0.999998
datasets/test/Leaf_Gall/Leaf_Gall00611.jpg,Leaf_Gall,Leaf_Gall,Correct,0.999891
datasets/test/Deficiency_Leaf/Deficiency_Leaf00106.jpg,Deficiency_Leaf,Deficiency_Leaf,Correct,0.996007
datasets/train/Curl_Leaf/Curl_Leaf00043.jpg,Curl_Leaf,Curl_Leaf,Correct,1.000000
datasets/test/Leaf_Gall/Leaf_Gall00496.jpg,Leaf_Gall,Leaf_Gall,Correct,0.971281
datasets/test/Healthy_Leaf/Healthy_Leaf00373.jpg,Healthy_Leaf,Healthy_Leaf,Correct,0.999913
datasets/train/Felt_Leaf/Felt_Leaf00086.jpg,Felt_Leaf,Felt_Leaf,Correct,0.997616
datasets/test/Healthy_Leaf/Healthy_Leaf00042.jpg,Healthy_Leaf,Healthy_Leaf,Correct,0.999995
datasets/train/Dry_Leaf/Dry_Leaf00247.jpg,Dry_Leaf,Dry_Leaf,Correct,0.999995
datasets/train/Fungal_Leaf_Spot/Fungal_Leaf_Spot00074.jpg,Fungal_Leaf_Spot,Fungal_Leaf_Spot,Correct,0.999977
datasets/train/Fungal_Leaf_Spot/Fungal_Leaf_Spot00138.jpg,Fungal_Leaf_Spot,Fungal_Leaf_Spot,Correct,0.999993
datasets/test/Leaf_Blight/Leaf_Blight00055.jpg,Leaf_Blight,Leaf_Blight,Correct,0.999989
datasets/test/Fungal_Leaf_Spot/Fungal_Leaf_Spot00323.jpg,Fungal_Leaf_Spot,Fungal_Leaf_Spot,Correct,0.999935
datasets/test/Dry_Leaf/Dry_Leaf00348.jpg,Dry_Leaf,Dry_Leaf,Correct,0.968364
datasets/train/Fungal_Leaf_Spot/Fungal_Leaf_Spot00396.jpg,Fungal_Leaf_Spot,Fungal_Leaf_Spot,Correct,0.999862
datasets/test/Curl_Leaf/Curl_Leaf00172.jpg,Curl_Leaf,Curl_Leaf,Correct,1.000000
datasets/train/Felt_Leaf/Felt_Leaf00269.jpg,Felt_Leaf,Felt_Leaf,Correct,0.876899
datasets/test/Leaf_Blight/Leaf_Blight00290.jpg,Leaf_Blight,Leaf_Blight,Correct,0.999994
datasets/train/Healthy_Leaf/Healthy_Leaf00366.jpg,Healthy_Leaf,Healthy_Leaf,Correct,0.999744
datasets/test/Felt_Leaf/Felt_Leaf00189.jpg,Felt_Leaf,Felt_Leaf,Correct,0.998297
datasets/test/Curl_Leaf/Curl_Leaf00029.jpg,Curl_Leaf,Curl_Leaf,Correct,0.999959
datasets/train/Healthy_Leaf/Healthy_Leaf00146.jpg,Healthy_Leaf,Healthy_Leaf,Correct,0.999971
datasets/test/Fungal_Leaf_Spot/Fungal_Leaf_Spot00162.jpg,Fungal_Leaf_Spot,Fungal_Leaf_Spot,Correct,0.999757
datasets/train/Leaf_Blight/Leaf_Blight00279.jpg,Leaf_Blight,Leaf_Blight,Correct,0.999991
datasets/train/Leaf_Gall/Leaf_Gall00426.jpg,Leaf_Gall,Leaf_Gall,Correct,0.999922
datasets/test/Curl_Leaf/Curl_Leaf00074.jpg,Curl_Leaf,Curl_Leaf,Correct,0.999362
datasets/train/Healthy_Leaf/Healthy_Leaf00105.jpg,Healthy_Leaf,Healthy_Leaf,Correct,1.000000
datasets/test/Leaf_Gall/Leaf_Gall00025.jpg,Leaf_Gall,Leaf_Gall,Correct,0.758381
datasets/test/Fungal_Leaf_Spot/Fungal_Leaf_Spot00152.jpg,Fungal_Leaf_Spot,Fungal_Leaf_Spot,Correct,0.999972
datasets/test/Dry_Leaf/Dry_Leaf00354.jpg,Dry_Leaf,Dry_Leaf,Correct,0.999558
datasets/train/Fungal_Leaf_Spot/Fungal_Leaf_Spot00534.jpg,Fungal_Leaf_Spot,Fungal_Leaf_Spot,Correct,0.998852
datasets/test/Leaf_Gall/Leaf_Gall00292.jpg,Leaf_Gall,Leaf_Gall,Correct,0.999909
datasets/test/Fungal_Leaf_Spot/Fungal_Leaf_Spot00429.jpg,Fungal_Leaf_Spot,Fungal_Leaf_Spot,Correct,0.997689
datasets/test/Felt_Leaf/Felt_Leaf00154.jpg,Felt_Leaf,Felt_Leaf,Correct,0.999987
datasets/test/Curl_Leaf/Curl_Leaf00008.jpg,Curl_Leaf,Curl_Leaf,Correct,0.999998
datasets/test/Curl_Leaf/Curl_Leaf00001.jpg,Curl_Leaf,Curl_Leaf,Correct,0.999910
datasets/test/Felt_Leaf/Felt_Leaf00137.jpg,Felt_Leaf,Felt_Leaf,Correct,0.999769
datasets/train/Healthy_Leaf/Healthy_Leaf00417.jpg,Healthy_Leaf,Healthy_Leaf,Correct,0.991553
datasets/train/Fungal_Leaf_Spot/Fungal_Leaf_Spot00180.jpg,Fungal_Leaf_Spot,Fungal_Leaf_Spot,Correct,0.999798
datasets/train/Fungal_Leaf_Spot/Fungal_Leaf_Spot00209.jpg,Fungal_Leaf_Spot,Fungal_Leaf_Spot,Correct,0.999859
datasets/test/Anthrax_Leaf/Anthrax_Leaf00051.jpg,Anthrax_Leaf,Anthrax_Leaf,Correct,0.999997
datasets/train/Leaf_Blight/Leaf_Blight00001.jpg,Leaf_Blight,Leaf_Blight,Correct,0.999995
datasets/test/Anthrax_Leaf/Anthrax_Leaf00086.jpg,Anthrax_Leaf,Anthrax_Leaf,Correct,0.999999
datasets/test/Leaf_Gall/Leaf_Gall00375.jpg,Leaf_Gall,Leaf_Gall,Correct,1.000000
datasets/train/Fungal_Leaf_Spot/Fungal_Leaf_Spot00440.jpg,Fungal_Leaf_Spot,Fungal_Leaf_Spot,Correct,0.994902
datasets/test/Curl_Leaf/Curl_Leaf00017.jpg,Curl_Leaf,Curl_Leaf,Correct,0.998777
datasets/test/Bituminous_Leaf/Bituminous_Leaf00025.jpg,Bituminous_Leaf,Bituminous_Leaf,Correct,0.999997
datasets/train/Leaf_Gall/Leaf_Gall00491.jpg,Leaf_Gall,Leaf_Gall,Correct,0.999991
datasets/test/Fungal_Leaf_Spot/Fungal_Leaf_Spot00117.jpg,Fungal_Leaf_Spot,Fungal_Leaf_Spot,Correct,0.999751
datasets/test/Leaf_Blight/Leaf_Blight00531.jpg,Leaf_Blight,Leaf_Blight,Correct,1.000000
datasets/test/Dry_Leaf/Dry_Leaf00228.jpg,Dry_Leaf,Dry_Leaf,Correct,1.000000
datasets/test/Leaf_Blight/Leaf_Blight00545.jpg,Leaf_Blight,Leaf_Blight,Correct,0.999986
datasets/test/Leaf_Gall/Leaf_Gall00514.jpg,Leaf_Gall,Leaf_Gall,Correct,0.999999
datasets/test/Healthy_Leaf/Healthy_Leaf00129.jpg,Healthy_Leaf,Healthy_Leaf,Correct,1.000000
datasets/train/Fungal_Leaf_Spot/Fungal_Leaf_Spot00518.jpg,Fungal_Leaf_Spot,Fungal_Leaf_Spot,Correct,0.999766
datasets/test/Bituminous_Leaf/Bituminous_Leaf00138.jpg,Bituminous_Leaf,Bituminous_Leaf,Correct,0.996650
datasets/test/Fungal_Leaf_Spot/Fungal_Leaf_Spot00247.jpg,Fungal_Leaf_Spot,Fungal_Leaf_Spot,Correct,0.999848
datasets/train/Healthy_Leaf/Healthy_Leaf00523.jpg,Healthy_Leaf,Healthy_Leaf,Correct,0.999953
datasets/test/Felt_Leaf/Felt_Leaf00307.jpg,Felt_Leaf,Felt_Leaf,Correct,0.999414
datasets/test/Curl_Leaf/Curl_Leaf00098.jpg,Curl_Leaf,Curl_Leaf,Correct,0.944040
datasets/train/Dry_Leaf/Dry_Leaf00220.jpg,Dry_Leaf,Dry_Leaf,Correct,0.999963
datasets/test/Healthy_Leaf/Healthy_Leaf00138.jpg,Healthy_Leaf,Healthy_Leaf,Correct,1.000000
datasets/train/Leaf_Gall/Leaf_Gall00557.jpg,Leaf_Gall,Leaf_Gall,Correct,1.000000
datasets/test/Leaf_Blight/Leaf_Blight00179.jpg,Leaf_Blight,Leaf_Blight,Correct,0.915459
datasets/test/Healthy_Leaf/Healthy_Leaf00558.jpg,Healthy_Leaf,Healthy_Leaf,Correct,0.973434
datasets/train/Healthy_Leaf/Healthy_Leaf00278.jpg,Healthy_Leaf,Healthy_Leaf,Correct,0.998724
datasets/train/Healthy_Leaf/Healthy_Leaf00166.jpg,Healthy_Leaf,Healthy_Leaf,Correct,1.000000
datasets/train/Leaf_Blight/Leaf_Blight00465.jpg,Leaf_Blight,Leaf_Blight,Correct,0.999869
datasets/test/Healthy_Leaf/Healthy_Leaf00296.jpg,Healthy_Leaf,Healthy_Leaf,Correct,0.999995
datasets/train/Fungal_Leaf_Spot/Fungal_Leaf_Spot00443.jpg,Fungal_Leaf_Spot,Fungal_Leaf_Spot,Correct,0.998952
datasets/test/Fungal_Leaf_Spot/Fungal_Leaf_Spot00380.jpg,Fungal_Leaf_Spot,Fungal_Leaf_Spot,Correct,0.999811
datasets/test/Dry_Leaf/Dry_Leaf00147.jpg,Dry_Leaf,Dry_Leaf,Correct,1.000000
datasets/test/Fungal_Leaf_Spot/Fungal_Leaf_Spot00139.jpg,Fungal_Leaf_Spot,Fungal_Leaf_Spot,Correct,0.999994
datasets/train/Felt_Leaf/Felt_Leaf00225.jpg,Felt_Leaf,Felt_Leaf,Correct,0.994903
datasets/test/Leaf_Gall/Leaf_Gall00205.jpg,Leaf_Gall,Leaf_Gall,Correct,1.000000
datasets/test/Deficiency_Leaf/Deficiency_Leaf00094.jpg,Deficiency_Leaf,Deficiency_Leaf,Correct,0.989309
datasets/train/Healthy_Leaf/Healthy_Leaf00094.jpg,Healthy_Leaf,Healthy_Leaf,Correct,1.000000
datasets/test/Fungal_Leaf_Spot/Fungal_Leaf_Spot00192.jpg,Fungal_Leaf_Spot,Fungal_Leaf_Spot,Correct,0.994454
datasets/test/Healthy_Leaf/Healthy_Leaf00369.jpg,Healthy_Leaf,Healthy_Leaf,Correct,0.999964
datasets/train/Fungal_Leaf_Spot/Fungal_Leaf_Spot00287.jpg,Fungal_Leaf_Spot,Fungal_Leaf_Spot,Correct,0.999979
datasets/train/Deficiency_Leaf/Deficiency_Leaf00118.jpg,Deficiency_Leaf,Deficiency_Leaf,Correct,0.874060
datasets/train/Healthy_Leaf/Healthy_Leaf00233.jpg,Healthy_Leaf,Healthy_Leaf,Correct,1.000000
datasets/train/Leaf_Blight/Leaf_Blight00160.jpg,Leaf_Blight,Leaf_Blight,Correct,0.999895
datasets/test/Healthy_Leaf/Healthy_Leaf00153.jpg,Healthy_Leaf,Healthy_Leaf,Correct,1.000000
datasets/train/Leaf_Gall/Leaf_Gall00119.jpg,Leaf_Gall,Leaf_Gall,Correct,0.872503
datasets/test/Healthy_Leaf/Healthy_Leaf00144.jpg,Healthy_Leaf,Healthy_Leaf,Correct,1.000000
datasets/test/Leaf_Blight/Leaf_Blight00247.jpg,Leaf_Blight,Leaf_Blight,Correct,0.999985
datasets/test/Felt_Leaf/Felt_Leaf00145.jpg,Felt_Leaf,Felt_Leaf,Correct,0.992425
datasets/test/Bituminous_Leaf/Bituminous_Leaf00116.jpg,Bituminous_Leaf,Bituminous_Leaf,Correct,1.000000
datasets/test/Leaf_Gall/Leaf_Gall00386.jpg,Leaf_Gall,Leaf_Gall,Correct,0.999940
datasets/train/Leaf_Gall/Leaf_Gall00614.jpg,Leaf_Gall,Leaf_Gall,Correct,0.999868
datasets/train/Leaf_Blight/Leaf_Blight00355.jpg,Leaf_Blight,Leaf_Blight,Correct,0.999909
datasets/train/Bituminous_Leaf/Bituminous_Leaf00129.jpg,Bituminous_Leaf,Bituminous_Leaf,Correct,0.999724
datasets/train/Fungal_Leaf_Spot/Fungal_Leaf_Spot00387.jpg,Fungal_Leaf_Spot,Fungal_Leaf_Spot,Correct,0.990539
datasets/test/Leaf_Gall/Leaf_Gall00443.jpg,Leaf_Gall,Leaf_Gall,Correct,0.997235
datasets/test/Leaf_Blight/Leaf_Blight00479.jpg,Leaf_Blight,Leaf_Blight,Correct,0.999998
datasets/train/Leaf_Gall/Leaf_Gall00568.jpg,Leaf_Gall,Leaf_Gall,Correct,0.999946
datasets/test/Dry_Leaf/Dry_Leaf00145.jpg,Dry_Leaf,Dry_Leaf,Correct,1.000000
datasets/train/Dry_Leaf/Dry_Leaf00355.jpg,Dry_Leaf,Dry_Leaf,Correct,0.999475
datasets/test/Leaf_Blight/Leaf_Blight00210.jpg,Leaf_Blight,Leaf_Blight,Correct,0.999540
datasets/test/Fungal_Leaf_Spot/Fungal_Leaf_Spot00456.jpg,Fungal_Leaf_Spot,Fungal_Leaf_Spot,Correct,0.802422
datasets/train/Leaf_Blight/Leaf_Blight00123.jpg,Leaf_Blight,Leaf_Blight,Correct,1.000000
datasets/test/Healthy_Leaf/Healthy_Leaf00430.jpg,Healthy_Leaf,Healthy_Leaf,Correct,0.998947
datasets/test/Healthy_Leaf/Healthy_Leaf00119.jpg,Healthy_Leaf,Healthy_Leaf,Correct,0.999997
datasets/train/Felt_Leaf/Felt_Leaf00096.jpg,Felt_Leaf,Felt_Leaf,Correct,0.999956
datasets/test/Leaf_Gall/Leaf_Gall00264.jpg,Leaf_Gall,Leaf_Gall,Correct,0.999888
datasets/train/Felt_Leaf/Felt_Leaf00186.jpg,Felt_Leaf,Felt_Leaf,Correct,0.998368
datasets/train/Leaf_Gall/Leaf_Gall00361.jpg,Leaf_Gall,Leaf_Gall,Correct,0.992062
datasets/train/Healthy_Leaf/Healthy_Leaf00522.jpg,Healthy_Leaf,Healthy_Leaf,Correct,0.919460
datasets/train/Felt_Leaf/Felt_Leaf00019.jpg,Felt_Leaf,Felt_Leaf,Correct,1.000000
datasets/train/Anthrax_Leaf/Anthrax_Leaf00123.jpg,Anthrax_Leaf,Anthrax_Leaf,Correct,1.000000
datasets/test/Felt_Leaf/Felt_Leaf00092.jpg,Felt_Leaf,Felt_Leaf,Correct,0.979338
datasets/train/Healthy_Leaf/Healthy_Leaf00327.jpg,Healthy_Leaf,Healthy_Leaf,Correct,0.999986
datasets/test/Leaf_Gall/Leaf_Gall00439.jpg,Leaf_Gall,Leaf_Gall,Correct,1.000000
datasets/test/Healthy_Leaf/Healthy_Leaf00413.jpg,Healthy_Leaf,Healthy_Leaf,Correct,0.999993
datasets/test/Dry_Leaf/Dry_Leaf00185.jpg,Dry_Leaf,Dry_Leaf,Correct,1.000000
datasets/test/Leaf_Blight/Leaf_Blight00200.jpg,Leaf_Blight,Leaf_Blight,Correct,1.000000
datasets/test/Curl_Leaf/Curl_Leaf00076.jpg,Curl_Leaf,Curl_Leaf,Correct,0.999963
datasets/train/Felt_Leaf/Felt_Leaf00364.jpg,Felt_Leaf,Felt_Leaf,Correct,0.999889
datasets/test/Deficiency_Leaf/Deficiency_Leaf00027.jpg,Deficiency_Leaf,Deficiency_Leaf,Correct,0.998546
datasets/train/Dry_Leaf/Dry_Leaf00335.jpg,Dry_Leaf,Dry_Leaf,Correct,0.999671
datasets/test/Curl_Leaf/Curl_Leaf00073.jpg,Curl_Leaf,Curl_Leaf,Correct,0.996715
datasets/test/Dry_Leaf/Dry_Leaf00016.jpg,Dry_Leaf,Dry_Leaf,Correct,1.000000
datasets/train/Healthy_Leaf/Healthy_Leaf00356.jpg,Healthy_Leaf,Healthy_Leaf,Correct,0.999989
datasets/test/Leaf_Gall/Leaf_Gall00122.jpg,Leaf_Gall,Leaf_Gall,Correct,0.998746
datasets/test/Fungal_Leaf_Spot/Fungal_Leaf_Spot00360.jpg,Fungal_Leaf_Spot,Fungal_Leaf_Spot,Correct,0.999987
datasets/test/Deficiency_Leaf/Deficiency_Leaf00058.jpg,Deficiency_Leaf,Deficiency_Leaf,Correct,0.999432
datasets/test/Felt_Leaf/Felt_Leaf00067.jpg,Felt_Leaf,Felt_Leaf,Correct,0.999819
datasets/train/Fungal_Leaf_Spot/Fungal_Leaf_Spot00155.jpg,Fungal_Leaf_Spot,Fungal_Leaf_Spot,Correct,0.998507
datasets/train/Bituminous_Leaf/Bituminous_Leaf00055.jpg,Bituminous_Leaf,Bituminous_Leaf,Correct,0.999888
datasets/train/Leaf_Blight/Leaf_Blight00471.jpg,Leaf_Blight,Leaf_Blight,Correct,1.000000
datasets/train/Leaf_Gall/Leaf_Gall00464.jpg,Leaf_Gall,Felt_Leaf,Incorrect,0.626288
datasets/test/Bituminous_Leaf/Bituminous_Leaf00067.jpg,Bituminous_Leaf,Bituminous_Leaf,Correct,0.999968
datasets/train/Leaf_Blight/Leaf_Blight00503.jpg,Leaf_Blight,Leaf_Blight,Correct,0.999776
datasets/test/Deficiency_Leaf/Deficiency_Leaf00036.jpg,Deficiency_Leaf,Deficiency_Leaf,Correct,0.998241
datasets/test/Anthrax_Leaf/Anthrax_Leaf00147.jpg,Anthrax_Leaf,Anthrax_Leaf,Correct,0.999997
datasets/test/Curl_Leaf/Curl_Leaf00040.jpg,Curl_Leaf,Curl_Leaf,Correct,0.813820
datasets/train/Dry_Leaf/Dry_Leaf00136.jpg,Dry_Leaf,Dry_Leaf,Correct,1.000000
datasets/train/Curl_Leaf/Curl_Leaf00165.jpg,Curl_Leaf,Curl_Leaf,Correct,0.999889
datasets/test/Dry_Leaf/Dry_Leaf00096.jpg,Dry_Leaf,Dry_Leaf,Correct,0.834697
datasets/test/Healthy_Leaf/Healthy_Leaf00446.jpg,Healthy_Leaf,Healthy_Leaf,Correct,0.999948
datasets/train/Bituminous_Leaf/Bituminous_Leaf00111.jpg,Bituminous_Leaf,Bituminous_Leaf,Correct,0.945267
datasets/train/Leaf_Gall/Leaf_Gall00328.jpg,Leaf_Gall,Leaf_Gall,Correct,0.999997
datasets/test/Bituminous_Leaf/Bituminous_Leaf00012.jpg,Bituminous_Leaf,Bituminous_Leaf,Correct,0.999740
datasets/test/Fungal_Leaf_Spot/Fungal_Leaf_Spot00130.jpg,Fungal_Leaf_Spot,Fungal_Leaf_Spot,Correct,0.996212
datasets/train/Leaf_Blight/Leaf_Blight00193.jpg,Leaf_Blight,Leaf_Blight,Correct,0.999892
datasets/train/Anthrax_Leaf/Anthrax_Leaf00072.jpg,Anthrax_Leaf,Anthrax_Leaf,Correct,1.000000
datasets/test/Felt_Leaf/Felt_Leaf00025.jpg,Felt_Leaf,Leaf_Blight,Incorrect,0.724988
datasets/train/Healthy_Leaf/Healthy_Leaf00623.jpg,Healthy_Leaf,Healthy_Leaf,Correct,0.994704
datasets/test/Healthy_Leaf/Healthy_Leaf00079.jpg,Healthy_Leaf,Healthy_Leaf,Correct,1.000000
datasets/train/Dry_Leaf/Dry_Leaf00177.jpg,Dry_Leaf,Dry_Leaf,Correct,0.999999
datasets/test/Leaf_Gall/Leaf_Gall00429.jpg,Leaf_Gall,Leaf_Gall,Correct,1.000000
datasets/test/Healthy_Leaf/Healthy_Leaf00195.jpg,Healthy_Leaf,Healthy_Leaf,Correct,0.999737
datasets/train/Bituminous_Leaf/Bituminous_Leaf00023.jpg,Bituminous_Leaf,Bituminous_Leaf,Correct,0.999999
datasets/test/Leaf_Gall/Leaf_Gall00369.jpg,Leaf_Gall,Leaf_Gall,Correct,0.999903
datasets/test/Healthy_Leaf/Healthy_Leaf00279.jpg,Healthy_Leaf,Healthy_Leaf,Correct,0.999991
datasets/test/Healthy_Leaf/Healthy_Leaf00372.jpg,Healthy_Leaf,Healthy_Leaf,Correct,0.999976
datasets/test/Leaf_Gall/Leaf_Gall00233.jpg,Leaf_Gall,Leaf_Gall,Correct,0.999993
datasets/test/Felt_Leaf/Felt_Leaf00272.jpg,Felt_Leaf,Felt_Leaf,Correct,0.998387
datasets/train/Anthrax_Leaf/Anthrax_Leaf00030.jpg,Anthrax_Leaf,Anthrax_Leaf,Correct,1.000000
datasets/test/Healthy_Leaf/Healthy_Leaf00283.jpg,Healthy_Leaf,Healthy_Leaf,Correct,0.993559
datasets/test/Felt_Leaf/Felt_Leaf00006.jpg,Felt_Leaf,Felt_Leaf,Correct,0.580275
datasets/test/Healthy_Leaf/Healthy_Leaf00564.jpg,Healthy_Leaf,Healthy_Leaf,Correct,0.991151
datasets/test/Fungal_Leaf_Spot/Fungal_Leaf_Spot00041.jpg,Fungal_Leaf_Spot,Fungal_Leaf_Spot,Correct,0.999977
datasets/train/Dry_Leaf/Dry_Leaf00246.jpg,Dry_Leaf,Dry_Leaf,Correct,0.999994
datasets/test/Healthy_Leaf/Healthy_Leaf00547.jpg,Healthy_Leaf,Healthy_Leaf,Correct,0.907204
datasets/train/Anthrax_Leaf/Anthrax_Leaf00070.jpg,Anthrax_Leaf,Anthrax_Leaf,Correct,0.999998
datasets/test/Leaf_Gall/Leaf_Gall00430.jpg,Leaf_Gall,Leaf_Gall,Correct,0.999999
datasets/test/Leaf_Gall/Leaf_Gall00477.jpg,Leaf_Gall,Leaf_Gall,Correct,0.999998
datasets/test/Leaf_Gall/Leaf_Gall00166.jpg,Leaf_Gall,Leaf_Gall,Correct,0.991701
datasets/test/Bituminous_Leaf/Bituminous_Leaf00070.jpg,Bituminous_Leaf,Bituminous_Leaf,Correct,0.999998
datasets/train/Felt_Leaf/Felt_Leaf00138.jpg,Felt_Leaf,Felt_Leaf,Correct,0.999928
datasets/test/Leaf_Gall/Leaf_Gall00452.jpg,Leaf_Gall,Leaf_Gall,Correct,0.997855
datasets/test/Curl_Leaf/Curl_Leaf00132.jpg,Curl_Leaf,Curl_Leaf,Correct,0.999997
datasets/train/Leaf_Blight/Leaf_Blight00280.jpg,Leaf_Blight,Leaf_Blight,Correct,0.999990
datasets/test/Healthy_Leaf/Healthy_Leaf00559.jpg,Healthy_Leaf,Healthy_Leaf,Correct,0.991439
datasets/test/Fungal_Leaf_Spot/Fungal_Leaf_Spot00140.jpg,Fungal_Leaf_Spot,Fungal_Leaf_Spot,Correct,0.999810
datasets/train/Fungal_Leaf_Spot/Fungal_Leaf_Spot00019.jpg,Fungal_Leaf_Spot,Fungal_Leaf_Spot,Correct,0.894365
datasets/test/Leaf_Blight/Leaf_Blight00192.jpg,Leaf_Blight,Leaf_Blight,Correct,0.999845
datasets/test/Leaf_Blight/Leaf_Blight00489.jpg,Leaf_Blight,Leaf_Blight,Correct,0.999835
datasets/train/Felt_Leaf/Felt_Leaf00040.jpg,Felt_Leaf,Felt_Leaf,Correct,1.000000
datasets/test/Leaf_Gall/Leaf_Gall00210.jpg,Leaf_Gall,Leaf_Gall,Correct,1.000000
datasets/test/Leaf_Gall/Leaf_Gall00300.jpg,Leaf_Gall,Leaf_Gall,Correct,1.000000
datasets/test/Healthy_Leaf/Healthy_Leaf00111.jpg,Healthy_Leaf,Healthy_Leaf,Correct,1.000000
datasets/test/Deficiency_Leaf/Deficiency_Leaf00029.jpg,Deficiency_Leaf,Deficiency_Leaf,Correct,0.994331
datasets/test/Fungal_Leaf_Spot/Fungal_Leaf_Spot00445.jpg,Fungal_Leaf_Spot,Fungal_Leaf_Spot,Correct,0.993959
datasets/test/Leaf_Blight/Leaf_Blight00540.jpg,Leaf_Blight,Leaf_Blight,Correct,0.999999
datasets/test/Leaf_Gall/Leaf_Gall00084.jpg,Leaf_Gall,Leaf_Gall,Correct,0.999985
datasets/test/Felt_Leaf/Felt_Leaf00016.jpg,Felt_Leaf,Felt_Leaf,Correct,0.999964
datasets/train/Felt_Leaf/Felt_Leaf00078.jpg,Felt_Leaf,Felt_Leaf,Correct,0.994229
datasets/test/Felt_Leaf/Felt_Leaf00360.jpg,Felt_Leaf,Felt_Leaf,Correct,0.999996
datasets/test/Fungal_Leaf_Spot/Fungal_Leaf_Spot00190.jpg,Fungal_Leaf_Spot,Fungal_Leaf_Spot,Correct,0.999968
datasets/test/Dry_Leaf/Dry_Leaf00023.jpg,Dry_Leaf,Dry_Leaf,Correct,1.000000
datasets/train/Fungal_Leaf_Spot/Fungal_Leaf_Spot00351.jpg,Fungal_Leaf_Spot,Fungal_Leaf_Spot,Correct,0.999651
datasets/test/Bituminous_Leaf/Bituminous_Leaf00040.jpg,Bituminous_Leaf,Bituminous_Leaf,Correct,0.999999
datasets/test/Dry_Leaf/Dry_Leaf00237.jpg,Dry_Leaf,Dry_Leaf,Correct,1.000000
datasets/test/Leaf_Blight/Leaf_Blight00232.jpg,Leaf_Blight,Leaf_Blight,Correct,0.999695
datasets/test/Leaf_Blight/Leaf_Blight00229.jpg,Leaf_Blight,Leaf_Blight,Correct,0.999975
datasets/test/Fungal_Leaf_Spot/Fungal_Leaf_Spot00222.jpg,Fungal_Leaf_Spot,Fungal_Leaf_Spot,Correct,0.999999
datasets/test/Dry_Leaf/Dry_Leaf00310.jpg,Dry_Leaf,Dry_Leaf,Correct,1.000000
datasets/test/Leaf_Blight/Leaf_Blight00023.jpg,Leaf_Blight,Leaf_Blight,Correct,0.984250
datasets/test/Felt_Leaf/Felt_Leaf00163.jpg,Felt_Leaf,Felt_Leaf,Correct,0.994361
datasets/test/Healthy_Leaf/Healthy_Leaf00091.jpg,Healthy_Leaf,Healthy_Leaf,Correct,1.000000
datasets/train/Leaf_Blight/Leaf_Blight00325.jpg,Leaf_Blight,Leaf_Blight,Correct,1.000000
datasets/train/Leaf_Gall/Leaf_Gall00621.jpg,Leaf_Gall,Leaf_Gall,Correct,0.481993
datasets/test/Leaf_Blight/Leaf_Blight00351.jpg,Leaf_Blight,Leaf_Blight,Correct,0.974757
datasets/train/Healthy_Leaf/Healthy_Leaf00207.jpg,Healthy_Leaf,Healthy_Leaf,Correct,1.000000
datasets/test/Leaf_Gall/Leaf_Gall00020.jpg,Leaf_Gall,Leaf_Gall,Correct,0.947560
datasets/test/Dry_Leaf/Dry_Leaf00134.jpg,Dry_Leaf,Dry_Leaf,Correct,1.000000
datasets/test/Deficiency_Leaf/Deficiency_Leaf00075.jpg,Deficiency_Leaf,Deficiency_Leaf,Correct,0.951302
datasets/test/Leaf_Blight/Leaf_Blight00285.jpg,Leaf_Blight,Leaf_Blight,Correct,0.999998
datasets/train/Bituminous_Leaf/Bituminous_Leaf00007.jpg,Bituminous_Leaf,Bituminous_Leaf,Correct,0.845289
datasets/train/Deficiency_Leaf/Deficiency_Leaf00063.jpg,Deficiency_Leaf,Deficiency_Leaf,Correct,0.961216
datasets/test/Dry_Leaf/Dry_Leaf00034.jpg,Dry_Leaf,Dry_Leaf,Correct,0.999954
datasets/test/Healthy_Leaf/Healthy_Leaf00277.jpg,Healthy_Leaf,Healthy_Leaf,Correct,0.999463
datasets/train/Leaf_Blight/Leaf_Blight00591.jpg,Leaf_Blight,Leaf_Blight,Correct,0.999567
datasets/test/Leaf_Gall/Leaf_Gall00126.jpg,Leaf_Gall,Leaf_Gall,Correct,0.999996
datasets/train/Leaf_Blight/Leaf_Blight00114.jpg,Leaf_Blight,Leaf_Blight,Correct,0.999493
datasets/train/Healthy_Leaf/Healthy_Leaf00390.jpg,Healthy_Leaf,Healthy_Leaf,Correct,0.999979
datasets/test/Leaf_Gall/Leaf_Gall00533.jpg,Leaf_Gall,Leaf_Gall,Correct,0.999903
datasets/test/Fungal_Leaf_Spot/Fungal_Leaf_Spot00307.jpg,Fungal_Leaf_Spot,Fungal_Leaf_Spot,Correct,0.999504
datasets/train/Leaf_Gall/Leaf_Gall00043.jpg,Leaf_Gall,Leaf_Gall,Correct,0.996701
datasets/test/Fungal_Leaf_Spot/Fungal_Leaf_Spot00381.jpg,Fungal_Leaf_Spot,Fungal_Leaf_Spot,Correct,0.915769
datasets/test/Fungal_Leaf_Spot/Fungal_Leaf_Spot00292.jpg,Fungal_Leaf_Spot,Fungal_Leaf_Spot,Correct,0.999993
datasets/test/Leaf_Blight/Leaf_Blight00283.jpg,Leaf_Blight,Leaf_Blight,Correct,1.000000
datasets/train/Healthy_Leaf/Healthy_Leaf00201.jpg,Healthy_Leaf,Healthy_Leaf,Correct,0.997560
datasets/test/Leaf_Blight/Leaf_Blight00458.jpg,Leaf_Blight,Leaf_Blight,Correct,0.999882
datasets/test/Felt_Leaf/Felt_Leaf00089.jpg,Felt_Leaf,Felt_Leaf,Correct,0.998467
datasets/test/Healthy_Leaf/Healthy_Leaf00012.jpg,Healthy_Leaf,Healthy_Leaf,Correct,0.912825
datasets/test/Felt_Leaf/Felt_Leaf00037.jpg,Felt_Leaf,Felt_Leaf,Correct,0.999998
datasets/train/Leaf_Gall/Leaf_Gall00516.jpg,Leaf_Gall,Leaf_Gall,Correct,0.999456
datasets/test/Leaf_Gall/Leaf_Gall00395.jpg,Leaf_Gall,Leaf_Gall,Correct,0.999889
datasets/train/Curl_Leaf/Curl_Leaf00111.jpg,Curl_Leaf,Curl_Leaf,Correct,1.000000
datasets/train/Leaf_Blight/Leaf_Blight00341.jpg,Leaf_Blight,Leaf_Blight,Correct,0.999829
datasets/train/Leaf_Blight/Leaf_Blight00381.jpg,Leaf_Blight,Leaf_Blight,Correct,0.999907
datasets/test/Healthy_Leaf/Healthy_Leaf00336.jpg,Healthy_Leaf,Healthy_Leaf,Correct,0.999998
datasets/test/Felt_Leaf/Felt_Leaf00279.jpg,Felt_Leaf,Felt_Leaf,Correct,0.943174
datasets/train/Dry_Leaf/Dry_Leaf00007.jpg,Dry_Leaf,Dry_Leaf,Correct,0.999998
datasets/test/Felt_Leaf/Felt_Leaf00199.jpg,Felt_Leaf,Felt_Leaf,Correct,0.990315
datasets/train/Felt_Leaf/Felt_Leaf00115.jpg,Felt_Leaf,Felt_Leaf,Correct,0.999970
datasets/train/Leaf_Blight/Leaf_Blight00173.jpg,Leaf_Blight,Leaf_Blight,Correct,0.906142
datasets/train/Curl_Leaf/Curl_Leaf00026.jpg,Curl_Leaf,Curl_Leaf,Correct,0.999999
datasets/test/Fungal_Leaf_Spot/Fungal_Leaf_Spot00283.jpg,Fungal_Leaf_Spot,Fungal_Leaf_Spot,Correct,1.000000
datasets/train/Healthy_Leaf/Healthy_Leaf00519.jpg,Healthy_Leaf,Healthy_Leaf,Correct,0.880707
datasets/test/Leaf_Blight/Leaf_Blight00083.jpg,Leaf_Blight,Leaf_Blight,Correct,0.999995
datasets/train/Bituminous_Leaf/Bituminous_Leaf00044.jpg,Bituminous_Leaf,Bituminous_Leaf,Correct,0.999261
datasets/test/Curl_Leaf/Curl_Leaf00124.jpg,Curl_Leaf,Curl_Leaf,Correct,1.000000
datasets/test/Healthy_Leaf/Healthy_Leaf00404.jpg,Healthy_Leaf,Healthy_Leaf,Correct,0.999990
datasets/train/Leaf_Gall/Leaf_Gall00419.jpg,Leaf_Gall,Leaf_Gall,Correct,0.999997
datasets/test/Leaf_Gall/Leaf_Gall00513.jpg,Leaf_Gall,Leaf_Gall,Correct,1.000000
datasets/train/Fungal_Leaf_Spot/Fungal_Leaf_Spot00282.jpg,Fungal_Leaf_Spot,Fungal_Leaf_Spot,Correct,0.999999
datasets/train/Healthy_Leaf/Healthy_Leaf00511.jpg,Healthy_Leaf,Healthy_Leaf,Correct,0.994834
datasets/train/Fungal_Leaf_Spot/Fungal_Leaf_Spot00133.jpg,Fungal_Leaf_Spot,Fungal_Leaf_Spot,Correct,0.999746
datasets/test/Fungal_Leaf_Spot/Fungal_Leaf_Spot00378.jpg,Fungal_Leaf_Spot,Fungal_Leaf_Spot,Correct,0.999994
datasets/train/Dry_Leaf/Dry_Leaf00087.jpg,Dry_Leaf,Dry_Leaf,Correct,1.000000
datasets/test/Curl_Leaf/Curl_Leaf00131.jpg,Curl_Leaf,Curl_Leaf,Correct,0.999998
datasets/train/Healthy_Leaf/Healthy_Leaf00023.jpg,Healthy_Leaf,Healthy_Leaf,Correct,0.999996
datasets/train/Felt_Leaf/Felt_Leaf00090.jpg,Felt_Leaf,Felt_Leaf,Correct,0.999279
datasets/test/Leaf_Blight/Leaf_Blight00320.jpg,Leaf_Blight,Leaf_Blight,Correct,0.999994
datasets/train/Fungal_Leaf_Spot/Fungal_Leaf_Spot00412.jpg,Fungal_Leaf_Spot,Fungal_Leaf_Spot,Correct,0.995949
datasets/train/Anthrax_Leaf/Anthrax_Leaf00084.jpg,Anthrax_Leaf,Anthrax_Leaf,Correct,0.999579
datasets/train/Felt_Leaf/Felt_Leaf00021.jpg,Felt_Leaf,Felt_Leaf,Correct,0.989137
datasets/test/Healthy_Leaf/Healthy_Leaf00436.jpg,Healthy_Leaf,Healthy_Leaf,Correct,0.999996
datasets/test/Leaf_Blight/Leaf_Blight00195.jpg,Leaf_Blight,Leaf_Blight,Correct,0.999269
datasets/test/Dry_Leaf/Dry_Leaf00143.jpg,Dry_Leaf,Dry_Leaf,Correct,1.000000
datasets/train/Bituminous_Leaf/Bituminous_Leaf00015.jpg,Bituminous_Leaf,Deficiency_Leaf,Incorrect,0.724592
datasets/test/Anthrax_Leaf/Anthrax_Leaf00019.jpg,Anthrax_Leaf,Curl_Leaf,Incorrect,0.619398
datasets/train/Felt_Leaf/Felt_Leaf00292.jpg,Felt_Leaf,Felt_Leaf,Correct,0.989743
datasets/test/Leaf_Gall/Leaf_Gall00485.jpg,Leaf_Gall,Leaf_Gall,Correct,1.000000
datasets/test/Leaf_Blight/Leaf_Blight00030.jpg,Leaf_Blight,Leaf_Blight,Correct,0.999994
datasets/train/Leaf_Gall/Leaf_Gall00495.jpg,Leaf_Gall,Leaf_Gall,Correct,0.999999
datasets/test/Fungal_Leaf_Spot/Fungal_Leaf_Spot00169.jpg,Fungal_Leaf_Spot,Fungal_Leaf_Spot,Correct,0.998828
datasets/test/Felt_Leaf/Felt_Leaf00294.jpg,Felt_Leaf,Felt_Leaf,Correct,0.993133
datasets/test/Leaf_Blight/Leaf_Blight00382.jpg,Leaf_Blight,Leaf_Blight,Correct,0.999986
datasets/train/Leaf_Blight/Leaf_Blight00044.jpg,Leaf_Blight,Leaf_Blight,Correct,0.998163
datasets/test/Fungal_Leaf_Spot/Fungal_Leaf_Spot00125.jpg,Fungal_Leaf_Spot,Fungal_Leaf_Spot,Correct,0.999748
datasets/test/Dry_Leaf/Dry_Leaf00282.jpg,Dry_Leaf,Dry_Leaf,Correct,1.000000
datasets/test/Fungal_Leaf_Spot/Fungal_Leaf_Spot00455.jpg,Fungal_Leaf_Spot,Felt_Leaf,Incorrect,0.735160
datasets/test/Healthy_Leaf/Healthy_Leaf00078.jpg,Healthy_Leaf,Healthy_Leaf,Correct,1.000000
datasets/train/Dry_Leaf/Dry_Leaf00101.jpg,Dry_Leaf,Dry_Leaf,Correct,0.999985
datasets/train/Anthrax_Leaf/Anthrax_Leaf00121.jpg,Anthrax_Leaf,Anthrax_Leaf,Correct,0.999873
datasets/test/Deficiency_Leaf/Deficiency_Leaf00038.jpg,Deficiency_Leaf,Deficiency_Leaf,Correct,0.885059
datasets/train/Dry_Leaf/Dry_Leaf00080.jpg,Dry_Leaf,Dry_Leaf,Correct,0.999999
datasets/test/Felt_Leaf/Felt_Leaf00082.jpg,Felt_Leaf,Felt_Leaf,Correct,0.998177
datasets/train/Leaf_Gall/Leaf_Gall00417.jpg,Leaf_Gall,Leaf_Gall,Correct,0.999547
datasets/train/Bituminous_Leaf/Bituminous_Leaf00058.jpg,Bituminous_Leaf,Bituminous_Leaf,Correct,0.999925
datasets/test/Leaf_Gall/Leaf_Gall00146.jpg,Leaf_Gall,Felt_Leaf,Incorrect,0.981947
datasets/test/Felt_Leaf/Felt_Leaf00232.jpg,Felt_Leaf,Felt_Leaf,Correct,0.918789
datasets/train/Fungal_Leaf_Spot/Fungal_Leaf_Spot00458.jpg,Fungal_Leaf_Spot,Fungal_Leaf_Spot,Correct,0.800086
datasets/test/Healthy_Leaf/Healthy_Leaf00275.jpg,Healthy_Leaf,Healthy_Leaf,Correct,0.998196
datasets/test/Felt_Leaf/Felt_Leaf00005.jpg,Felt_Leaf,Felt_Leaf,Correct,0.999522
datasets/test/Healthy_Leaf/Healthy_Leaf00530.jpg,Healthy_Leaf,Healthy_Leaf,Correct,0.999970
datasets/train/Dry_Leaf/Dry_Leaf00352.jpg,Dry_Leaf,Dry_Leaf,Correct,0.999985
datasets/test/Curl_Leaf/Curl_Leaf00146.jpg,Curl_Leaf,Curl_Leaf,Correct,0.999744
datasets/train/Dry_Leaf/Dry_Leaf00189.jpg,Dry_Leaf,Dry_Leaf,Correct,1.000000
datasets/test/Bituminous_Leaf/Bituminous_Leaf00038.jpg,Bituminous_Leaf,Bituminous_Leaf,Correct,1.000000
datasets/train/Healthy_Leaf/Healthy_Leaf00490.jpg,Healthy_Leaf,Healthy_Leaf,Correct,0.987242
datasets/test/Leaf_Blight/Leaf_Blight00557.jpg,Leaf_Blight,Leaf_Blight,Correct,0.999814
datasets/test/Dry_Leaf/Dry_Leaf00318.jpg,Dry_Leaf,Dry_Leaf,Correct,0.999997
datasets/train/Fungal_Leaf_Spot/Fungal_Leaf_Spot00336.jpg,Fungal_Leaf_Spot,Fungal_Leaf_Spot,Correct,0.999936
datasets/test/Leaf_Gall/Leaf_Gall00102.jpg,Leaf_Gall,Leaf_Gall,Correct,0.999995
datasets/test/Felt_Leaf/Felt_Leaf00187.jpg,Felt_Leaf,Felt_Leaf,Correct,0.998536
datasets/train/Felt_Leaf/Felt_Leaf00332.jpg,Felt_Leaf,Felt_Leaf,Correct,0.648805
datasets/test/Felt_Leaf/Felt_Leaf00341.jpg,Felt_Leaf,Felt_Leaf,Correct,0.993799
datasets/test/Dry_Leaf/Dry_Leaf00342.jpg,Dry_Leaf,Dry_Leaf,Correct,0.999878
datasets/test/Leaf_Blight/Leaf_Blight00169.jpg,Leaf_Blight,Leaf_Blight,Correct,0.774853
datasets/train/Leaf_Blight/Leaf_Blight00435.jpg,Leaf_Blight,Leaf_Blight,Correct,0.999999
datasets/test/Felt_Leaf/Felt_Leaf00287.jpg,Felt_Leaf,Fungal_Leaf_Spot,Incorrect,0.555931
datasets/train/Leaf_Gall/Leaf_Gall00094.jpg,Leaf_Gall,Leaf_Gall,Correct,1.000000
datasets/test/Leaf_Gall/Leaf_Gall00139.jpg,Leaf_Gall,Leaf_Gall,Correct,0.979578
datasets/test/Fungal_Leaf_Spot/Fungal_Leaf_Spot00253.jpg,Fungal_Leaf_Spot,Fungal_Leaf_Spot,Correct,0.999992
datasets/test/Leaf_Blight/Leaf_Blight00111.jpg,Leaf_Blight,Leaf_Blight,Correct,0.926221
datasets/train/Dry_Leaf/Dry_Leaf00188.jpg,Dry_Leaf,Dry_Leaf,Correct,1.000000
datasets/test/Leaf_Gall/Leaf_Gall00236.jpg,Leaf_Gall,Leaf_Gall,Correct,1.000000
datasets/train/Deficiency_Leaf/Deficiency_Leaf00090.jpg,Deficiency_Leaf,Deficiency_Leaf,Correct,0.861563
datasets/train/Healthy_Leaf/Healthy_Leaf00597.jpg,Healthy_Leaf,Healthy_Leaf,Correct,0.999981
datasets/test/Healthy_Leaf/Healthy_Leaf00554.jpg,Healthy_Leaf,Healthy_Leaf,Correct,0.999560
datasets/test/Fungal_Leaf_Spot/Fungal_Leaf_Spot00043.jpg,Fungal_Leaf_Spot,Fungal_Leaf_Spot,Correct,1.000000
datasets/train/Healthy_Leaf/Healthy_Leaf00244.jpg,Healthy_Leaf,Healthy_Leaf,Correct,0.999997
