image_path,true_label,predicted_label,status,confidence
datasets/test/Leaf_Gall/Leaf_Gall00271.jpg,Leaf_Gall,Leaf_Gall,Correct,0.999946
datasets/train/Dry_Leaf/Dry_Leaf00063.jpg,Dry_Leaf,Dry_Leaf,Correct,0.999978
datasets/test/Bituminous_Leaf/Bituminous_Leaf00103.jpg,Bituminous_Leaf,Bituminous_Leaf,Correct,0.998816
datasets/test/Bituminous_Leaf/Bituminous_Leaf00102.jpg,Bituminous_Leaf,Bituminous_Leaf,Correct,0.997961
datasets/train/Anthrax_Leaf/Anthrax_Leaf00009.jpg,Anthrax_Leaf,Anthrax_Leaf,Correct,0.622967
datasets/test/Anthrax_Leaf/Anthrax_Leaf00106.jpg,Anthrax_Leaf,Anthrax_Leaf,Correct,0.997413
datasets/train/Felt_Leaf/Felt_Leaf00293.jpg,Felt_Leaf,Felt_Leaf,Correct,0.999349
datasets/test/Leaf_Gall/Leaf_Gall00544.jpg,Leaf_Gall,Leaf_Gall,Correct,0.999911
datasets/train/Healthy_Leaf/Healthy_Leaf00214.jpg,Healthy_Leaf,Healthy_Leaf,Correct,0.999984
datasets/test/Healthy_Leaf/Healthy_Leaf00079.jpg,Healthy_Leaf,Healthy_Leaf,Correct,0.999972
datasets/test/Fungal_Leaf_Spot/Fungal_Leaf_Spot00520.jpg,Fungal_Leaf_Spot,Fungal_Leaf_Spot,Correct,0.999920
datasets/train/Leaf_Blight/Leaf_Blight00130.jpg,Leaf_Blight,Leaf_Blight,Correct,0.999990
datasets/test/Leaf_Blight/Leaf_Blight00284.jpg,Leaf_Blight,Leaf_Blight,Correct,0.999988
datasets/train/Leaf_Gall/Leaf_Gall00303.jpg,Leaf_Gall,Leaf_Gall,Correct,0.998439
datasets/test/Healthy_Leaf/Healthy_Leaf00435.jpg,Healthy_Leaf,Healthy_Leaf,Correct,0.999919
datasets/train/Leaf_Blight/Leaf_Blight00124.jpg,Leaf_Blight,Leaf_Blight,Correct,0.999997
datasets/train/Leaf_Blight/Leaf_Blight00133.jpg,Leaf_Blight,Leaf_Blight,Correct,0.999784
datasets/test/Anthrax_Leaf/Anthrax_Leaf00085.jpg,Anthrax_Leaf,Anthrax_Leaf,Correct,0.999921
datasets/test/Leaf_Gall/Leaf_Gall00483.jpg,Leaf_Gall,Leaf_Gall,Correct,0.999993
datasets/test/Fungal_Leaf_Spot/Fungal_Leaf_Spot00445.jpg,Fungal_Leaf_Spot,Fungal_Leaf_Spot,Correct,0.999352
datasets/train/Dry_Leaf/Dry_Leaf00136.jpg,Dry_Leaf,Dry_Leaf,Correct,0.999976
datasets/test/Fungal_Leaf_Spot/Fungal_Leaf_Spot00409.jpg,Fungal_Leaf_Spot,Fungal_Leaf_Spot,Correct,0.999987
datasets/test/Fungal_Leaf_Spot/Fungal_Leaf_Spot00501.jpg,Fungal_Leaf_Spot,Fungal_Leaf_Spot,Correct,0.999990
datasets/test/Healthy_Leaf/Healthy_Leaf00008.jpg,Healthy_Leaf,Healthy_Leaf,Correct,0.999924
datasets/test/Felt_Leaf/Felt_Leaf00273.jpg,Felt_Leaf,Felt_Leaf,Correct,0.997605
datasets/test/Dry_Leaf/Dry_Leaf00025.jpg,Dry_Leaf,Dry_Leaf,Correct,0.999851
datasets/test/Leaf_Blight/Leaf_Blight00206.jpg,Leaf_Blight,Leaf_Blight,Correct,0.998647
datasets/test/Leaf_Blight/Leaf_Blight00446.jpg,Leaf_Blight,Leaf_Blight,Correct,0.999966
datasets/train/Healthy_Leaf/Healthy_Leaf00064.jpg,Healthy_Leaf,Healthy_Leaf,Correct,0.999987
datasets/train/Healthy_Leaf/Healthy_Leaf00546.jpg,Healthy_Leaf,Healthy_Leaf,Correct,0.999341
datasets/train/Healthy_Leaf/Healthy_Leaf00543.jpg,Healthy_Leaf,Healthy_Leaf,Correct,0.999845
datasets/train/Healthy_Leaf/Healthy_Leaf00267.jpg,Healthy_Leaf,Healthy_Leaf,Correct,0.999835
datasets/test/Leaf_Gall/Leaf_Gall00178.jpg,Leaf_Gall,Leaf_Gall,Correct,0.999758
datasets/test/Fungal_Leaf_Spot/Fungal_Leaf_Spot00478.jpg,Fungal_Leaf_Spot,Fungal_Leaf_Spot,Correct,0.999447
datasets/train/Leaf_Gall/Leaf_Gall00364.jpg,Leaf_Gall,Leaf_Gall,Correct,0.997974
datasets/test/Fungal_Leaf_Spot/Fungal_Leaf_Spot00323.jpg,Fungal_Leaf_Spot,Fungal_Leaf_Spot,Correct,0.999717
datasets/test/Fungal_Leaf_Spot/Fungal_Leaf_Spot00289.jpg,Fungal_Leaf_Spot,Fungal_Leaf_Spot,Correct,0.985414
datasets/train/Healthy_Leaf/Healthy_Leaf00197.jpg,Healthy_Leaf,Healthy_Leaf,Correct,0.999949
datasets/test/Leaf_Blight/Leaf_Blight00299.jpg,Leaf_Blight,Leaf_Blight,Correct,0.999964
datasets/train/Curl_Leaf/Curl_Leaf00038.jpg,Curl_Leaf,Curl_Leaf,Correct,0.999931
datasets/test/Fungal_Leaf_Spot/Fungal_Leaf_Spot00567.jpg,Fungal_Leaf_Spot,Fungal_Leaf_Spot,Correct,0.998827
datasets/train/Curl_Leaf/Curl_Leaf00067.jpg,Curl_Leaf,Curl_Leaf,Correct,1.000000
datasets/test/Deficiency_Leaf/Deficiency_Leaf00073.jpg,Deficiency_Leaf,Leaf_Gall,Incorrect,0.418262
datasets/test/Fungal_Leaf_Spot/Fungal_Leaf_Spot00337.jpg,Fungal_Leaf_Spot,Fungal_Leaf_Spot,Correct,0.999996
datasets/test/Bituminous_Leaf/Bituminous_Leaf00132.jpg,Bituminous_Leaf,Bituminous_Leaf,Correct,0.999928
datasets/test/Healthy_Leaf/Healthy_Leaf00357.jpg,Healthy_Leaf,Healthy_Leaf,Correct,0.999991
datasets/test/Dry_Leaf/Dry_Leaf00060.jpg,Dry_Leaf,Dry_Leaf,Correct,0.999940
datasets/test/Felt_Leaf/Felt_Leaf00190.jpg,Felt_Leaf,Felt_Leaf,Correct,0.999483
datasets/test/Fungal_Leaf_Spot/Fungal_Leaf_Spot00571.jpg,Fungal_Leaf_Spot,Fungal_Leaf_Spot,Correct,0.914344
datasets/test/Bituminous_Leaf/Bituminous_Leaf00025.jpg,Bituminous_Leaf,Bituminous_Leaf,Correct,0.999911
datasets/train/Fungal_Leaf_Spot/Fungal_Leaf_Spot00255.jpg,Fungal_Leaf_Spot,Fungal_Leaf_Spot,Correct,0.999995
datasets/train/Leaf_Blight/Leaf_Blight00251.jpg,Leaf_Blight,Leaf_Blight,Correct,0.999939
datasets/test/Leaf_Blight/Leaf_Blight00018.jpg,Leaf_Blight,Leaf_Blight,Correct,1.000000
datasets/test/Healthy_Leaf/Healthy_Leaf00606.jpg,Healthy_Leaf,Healthy_Leaf,Correct,0.999942
datasets/test/Felt_Leaf/Felt_Leaf00022.jpg,Felt_Leaf,Felt_Leaf,Correct,0.991065
datasets/test/Felt_Leaf/Felt_Leaf00160.jpg,Felt_Leaf,Felt_Leaf,Correct,0.930004
datasets/test/Felt_Leaf/Felt_Leaf00327.jpg,Felt_Leaf,Felt_Leaf,Correct,0.999963
datasets/test/Curl_Leaf/Curl_Leaf00012.jpg,Curl_Leaf,Curl_Leaf,Correct,0.999983
datasets/test/Leaf_Blight/Leaf_Blight00296.jpg,Leaf_Blight,Leaf_Blight,Correct,0.999993
datasets/test/Healthy_Leaf/Healthy_Leaf00271.jpg,Healthy_Leaf,Healthy_Leaf,Correct,0.999716
datasets/test/Felt_Leaf/Felt_Leaf00227.jpg,Felt_Leaf,Felt_Leaf,Correct,0.999910
datasets/test/Dry_Leaf/Dry_Leaf00322.jpg,Dry_Leaf,Dry_Leaf,Correct,0.999919
datasets/test/Fungal_Leaf_Spot/Fungal_Leaf_Spot00315.jpg,Fungal_Leaf_Spot,Fungal_Leaf_Spot,Correct,0.999707
datasets/test/Healthy_Leaf/Healthy_Leaf00339.jpg,Healthy_Leaf,Healthy_Leaf,Correct,0.999795
datasets/test/Bituminous_Leaf/Bituminous_Leaf00116.jpg,Bituminous_Leaf,Bituminous_Leaf,Correct,0.999975
datasets/test/Deficiency_Leaf/Deficiency_Leaf00088.jpg,Deficiency_Leaf,Deficiency_Leaf,Correct,0.999507
datasets/test/Felt_Leaf/Felt_Leaf00005.jpg,Felt_Leaf,Felt_Leaf,Correct,0.997967
datasets/test/Healthy_Leaf/Healthy_Leaf00600.jpg,Healthy_Leaf,Healthy_Leaf,Correct,0.999683
datasets/test/Deficiency_Leaf/Deficiency_Leaf00010.jpg,Deficiency_Leaf,Deficiency_Leaf,Correct,0.999970
datasets/train/Deficiency_Leaf/Deficiency_Leaf00012.jpg,Deficiency_Leaf,Deficiency_Leaf,Correct,0.999789
datasets/train/Anthrax_Leaf/Anthrax_Leaf00084.jpg,Anthrax_Leaf,Anthrax_Leaf,Correct,0.993112
datasets/train/Dry_Leaf/Dry_Leaf00262.jpg,Dry_Leaf,Dry_Leaf,Correct,0.993665
datasets/test/Leaf_Blight/Leaf_Blight00286.jpg,Leaf_Blight,Leaf_Blight,Correct,0.999996
datasets/train/Anthrax_Leaf/Anthrax_Leaf00042.jpg,Anthrax_Leaf,Anthrax_Leaf,Correct,0.945374
datasets/train/Fungal_Leaf_Spot/Fungal_Leaf_Spot00273.jpg,Fungal_Leaf_Spot,Fungal_Leaf_Spot,Correct,0.999864
datasets/test/Healthy_Leaf/Healthy_Leaf00128.jpg,Healthy_Leaf,Healthy_Leaf,Correct,0.999995
datasets/test/Fungal_Leaf_Spot/Fungal_Leaf_Spot00319.jpg,Fungal_Leaf_Spot,Fungal_Leaf_Spot,Correct,0.999915
datasets/test/Anthrax_Leaf/Anthrax_Leaf00012.jpg,Anthrax_Leaf,Anthrax_Leaf,Correct,0.996950
datasets/test/Leaf_Blight/Leaf_Blight00239.jpg,Leaf_Blight,Leaf_Blight,Correct,0.999952
datasets/test/Felt_Leaf/Felt_Leaf00266.jpg,Felt_Leaf,Felt_Leaf,Correct,0.999144
datasets/train/Fungal_Leaf_Spot/Fungal_Leaf_Spot00340.jpg,Fungal_Leaf_Spot,Fungal_Leaf_Spot,Correct,0.996381
datasets/test/Dry_Leaf/Dry_Leaf00270.jpg,Dry_Leaf,Dry_Leaf,Correct,0.999958
datasets/test/Leaf_Gall/Leaf_Gall00139.jpg,Leaf_Gall,Leaf_Gall,Correct,0.999806
datasets/test/Fungal_Leaf_Spot/Fungal_Leaf_Spot00054.jpg,Fungal_Leaf_Spot,Fungal_Leaf_Spot,Correct,0.999986
datasets/train/Healthy_Leaf/Healthy_Leaf00061.jpg,Healthy_Leaf,Healthy_Leaf,Correct,0.999976
datasets/train/Healthy_Leaf/Healthy_Leaf00303.jpg,Healthy_Leaf,Healthy_Leaf,Correct,0.999996
datasets/test/Leaf_Gall/Leaf_Gall00449.jpg,Leaf_Gall,Leaf_Gall,Correct,0.999988
datasets/train/Leaf_Blight/Leaf_Blight00513.jpg,Leaf_Blight,Leaf_Blight,Correct,0.999808
datasets/test/Leaf_Gall/Leaf_Gall00247.jpg,Leaf_Gall,Leaf_Gall,Correct,0.999795
datasets/train/Fungal_Leaf_Spot/Fungal_Leaf_Spot00071.jpg,Fungal_Leaf_Spot,Fungal_Leaf_Spot,Correct,0.999988
datasets/test/Bituminous_Leaf/Bituminous_Leaf00026.jpg,Bituminous_Leaf,Bituminous_Leaf,Correct,0.999759
datasets/train/Fungal_Leaf_Spot/Fungal_Leaf_Spot00259.jpg,Fungal_Leaf_Spot,Fungal_Leaf_Spot,Correct,0.999974
datasets/test/Healthy_Leaf/Healthy_Leaf00017.jpg,Healthy_Leaf,Healthy_Leaf,Correct,0.994800
datasets/test/Felt_Leaf/Felt_Leaf00037.jpg,Felt_Leaf,Felt_Leaf,Correct,0.999973
datasets/test/Leaf_Blight/Leaf_Blight00234.jpg,Leaf_Blight,Leaf_Blight,Correct,0.996366
datasets/train/Anthrax_Leaf/Anthrax_Leaf00044.jpg,Anthrax_Leaf,Anthrax_Leaf,Correct,0.999954
datasets/test/Healthy_Leaf/Healthy_Leaf00180.jpg,Healthy_Leaf,Healthy_Leaf,Correct,0.999980
datasets/test/Deficiency_Leaf/Deficiency_Leaf00045.jpg,Deficiency_Leaf,Bituminous_Leaf,Incorrect,0.996890
datasets/test/Leaf_Blight/Leaf_Blight00096.jpg,Leaf_Blight,Leaf_Blight,Correct,0.999997
datasets/test/Dry_Leaf/Dry_Leaf00310.jpg,Dry_Leaf,Dry_Leaf,Correct,0.999833
datasets/test/Dry_Leaf/Dry_Leaf00146.jpg,Dry_Leaf,Dry_Leaf,Correct,0.999849
datasets/test/Fungal_Leaf_Spot/Fungal_Leaf_Spot00119.jpg,Fungal_Leaf_Spot,Fungal_Leaf_Spot,Correct,0.999695
datasets/test/Healthy_Leaf/Healthy_Leaf00542.jpg,Healthy_Leaf,Healthy_Leaf,Correct,0.999974
datasets/train/Deficiency_Leaf/Deficiency_Leaf00103.jpg,Deficiency_Leaf,Deficiency_Leaf,Correct,0.999985
datasets/train/Dry_Leaf/Dry_Leaf00309.jpg,Dry_Leaf,Dry_Leaf,Correct,0.999695
datasets/test/Leaf_Gall/Leaf_Gall00363.jpg,Leaf_Gall,Leaf_Gall,Correct,0.999285
datasets/train/Dry_Leaf/Dry_Leaf00097.jpg,Dry_Leaf,Dry_Leaf,Correct,0.999769
datasets/test/Leaf_Blight/Leaf_Blight00519.jpg,Leaf_Blight,Leaf_Blight,Correct,0.999978
datasets/train/Anthrax_Leaf/Anthrax_Leaf00096.jpg,Anthrax_Leaf,Anthrax_Leaf,Correct,0.999926
datasets/train/Leaf_Gall/Leaf_Gall00563.jpg,Leaf_Gall,Leaf_Gall,Correct,0.985424
datasets/train/Leaf_Blight/Leaf_Blight00001.jpg,Leaf_Blight,Leaf_Blight,Correct,0.999991
datasets/test/Fungal_Leaf_Spot/Fungal_Leaf_Spot00156.jpg,Fungal_Leaf_Spot,Fungal_Leaf_Spot,Correct,0.999985
datasets/train/Fungal_Leaf_Spot/Fungal_Leaf_Spot00322.jpg,Fungal_Leaf_Spot,Fungal_Leaf_Spot,Correct,0.999972
datasets/test/Leaf_Blight/Leaf_Blight00582.jpg,Leaf_Blight,Leaf_Blight,Correct,0.990897
datasets/test/Leaf_Blight/Leaf_Blight00431.jpg,Leaf_Blight,Leaf_Blight,Correct,0.999803
datasets/test/Healthy_Leaf/Healthy_Leaf00020.jpg,Healthy_Leaf,Healthy_Leaf,Correct,0.999987
datasets/test/Healthy_Leaf/Healthy_Leaf00266.jpg,Healthy_Leaf,Healthy_Leaf,Correct,0.999607
datasets/test/Healthy_Leaf/Healthy_Leaf00029.jpg,Healthy_Leaf,Healthy_Leaf,Correct,0.999973
datasets/test/Healthy_Leaf/Healthy_Leaf00529.jpg,Healthy_Leaf,Healthy_Leaf,Correct,0.999565
datasets/test/Leaf_Gall/Leaf_Gall00122.jpg,Leaf_Gall,Leaf_Gall,Correct,0.999904
datasets/test/Curl_Leaf/Curl_Leaf00086.jpg,Curl_Leaf,Curl_Leaf,Correct,0.999811
datasets/test/Healthy_Leaf/Healthy_Leaf00372.jpg,Healthy_Leaf,Healthy_Leaf,Correct,0.999984
datasets/test/Fungal_Leaf_Spot/Fungal_Leaf_Spot00127.jpg,Fungal_Leaf_Spot,Fungal_Leaf_Spot,Correct,0.999116
datasets/train/Dry_Leaf/Dry_Leaf00170.jpg,Dry_Leaf,Dry_Leaf,Correct,0.997237
datasets/test/Fungal_Leaf_Spot/Fungal_Leaf_Spot00120.jpg,Fungal_Leaf_Spot,Fungal_Leaf_Spot,Correct,0.983970
datasets/test/Healthy_Leaf/Healthy_Leaf00326.jpg,Healthy_Leaf,Healthy_Leaf,Correct,0.999755
datasets/train/Leaf_Blight/Leaf_Blight00244.jpg,Leaf_Blight,Leaf_Blight,Correct,0.999964
datasets/test/Deficiency_Leaf/Deficiency_Leaf00037.jpg,Deficiency_Leaf,Deficiency_Leaf,Correct,0.534079
datasets/train/Bituminous_Leaf/Bituminous_Leaf00129.jpg,Bituminous_Leaf,Bituminous_Leaf,Correct,0.997618
datasets/test/Leaf_Blight/Leaf_Blight00416.jpg,Leaf_Blight,Leaf_Blight,Correct,0.999777
datasets/test/Healthy_Leaf/Healthy_Leaf00030.jpg,Healthy_Leaf,Healthy_Leaf,Correct,0.999882
datasets/test/Leaf_Blight/Leaf_Blight00444.jpg,Leaf_Blight,Leaf_Blight,Correct,0.999983
datasets/test/Fungal_Leaf_Spot/Fungal_Leaf_Spot00494.jpg,Fungal_Leaf_Spot,Fungal_Leaf_Spot,Correct,0.999999
datasets/test/Dry_Leaf/Dry_Leaf00235.jpg,Dry_Leaf,Dry_Leaf,Correct,0.998116
datasets/train/Leaf_Gall/Leaf_Gall00498.jpg,Leaf_Gall,Leaf_Gall,Correct,0.999914
datasets/test/Leaf_Gall/Leaf_Gall00297.jpg,Leaf_Gall,Leaf_Gall,Correct,0.999983
datasets/test/Leaf_Gall/Leaf_Gall00354.jpg,Leaf_Gall,Leaf_Gall,Correct,0.996927
datasets/train/Felt_Leaf/Felt_Leaf00220.jpg,Felt_Leaf,Felt_Leaf,Correct,0.999628
datasets/train/Dry_Leaf/Dry_Leaf00052.jpg,Dry_Leaf,Dry_Leaf,Correct,0.999891
datasets/test/Fungal_Leaf_Spot/Fungal_Leaf_Spot00327.jpg,Fungal_Leaf_Spot,Fungal_Leaf_Spot,Correct,0.999991
datasets/test/Dry_Leaf/Dry_Leaf00372.jpg,Dry_Leaf,Dry_Leaf,Correct,0.999638
datasets/test/Leaf_Gall/Leaf_Gall00372.jpg,Leaf_Gall,Leaf_Gall,Correct,0.999930
datasets/train/Fungal_Leaf_Spot/Fungal_Leaf_Spot00061.jpg,Fungal_Leaf_Spot,Fungal_Leaf_Spot,Correct,0.999837
datasets/train/Anthrax_Leaf/Anthrax_Leaf00076.jpg,Anthrax_Leaf,Anthrax_Leaf,Correct,0.999874
datasets/train/Leaf_Gall/Leaf_Gall00094.jpg,Leaf_Gall,Leaf_Gall,Correct,0.999972
datasets/test/Leaf_Gall/Leaf_Gall00488.jpg,Leaf_Gall,Leaf_Gall,Correct,0.999985
datasets/test/Bituminous_Leaf/Bituminous_Leaf00123.jpg,Bituminous_Leaf,Bituminous_Leaf,Correct,0.999907
datasets/train/Leaf_Blight/Leaf_Blight00584.jpg,Leaf_Blight,Leaf_Blight,Correct,0.998440
datasets/test/Healthy_Leaf/Healthy_Leaf00227.jpg,Healthy_Leaf,Healthy_Leaf,Correct,0.999937
datasets/test/Leaf_Gall/Leaf_Gall00375.jpg,Leaf_Gall,Leaf_Gall,Correct,0.999873
datasets/test/Leaf_Blight/Leaf_Blight00554.jpg,Leaf_Blight,Leaf_Blight,Correct,0.999995
datasets/test/Fungal_Leaf_Spot/Fungal_Leaf_Spot00482.jpg,Fungal_Leaf_Spot,Fungal_Leaf_Spot,Correct,0.999998
datasets/train/Healthy_Leaf/Healthy_Leaf00261.jpg,Healthy_Leaf,Healthy_Leaf,Correct,0.999396
datasets/train/Leaf_Gall/Leaf_Gall00417.jpg,Leaf_Gall,Leaf_Gall,Correct,0.994084
datasets/train/Curl_Leaf/Curl_Leaf00160.jpg,Curl_Leaf,Curl_Leaf,Correct,0.999978
datasets/train/Fungal_Leaf_Spot/Fungal_Leaf_Spot00519.jpg,Fungal_Leaf_Spot,Fungal_Leaf_Spot,Correct,0.999987
datasets/test/Fungal_Leaf_Spot/Fungal_Leaf_Spot00395.jpg,Fungal_Leaf_Spot,Fungal_Leaf_Spot,Correct,0.999997
datasets/test/Leaf_Blight/Leaf_Blight00445.jpg,Leaf_Blight,Leaf_Blight,Correct,0.999964
datasets/train/Anthrax_Leaf/Anthrax_Leaf00043.jpg,Anthrax_Leaf,Anthrax_Leaf,Correct,0.999968
datasets/test/Healthy_Leaf/Healthy_Leaf00394.jpg,Healthy_Leaf,Healthy_Leaf,Correct,0.997332
datasets/test/Leaf_Gall/Leaf_Gall00467.jpg,Leaf_Gall,Leaf_Gall,Correct,0.999387
datasets/train/Healthy_Leaf/Healthy_Leaf00508.jpg,Healthy_Leaf,Healthy_Leaf,Correct,0.999935
datasets/train/Fungal_Leaf_Spot/Fungal_Leaf_Spot00099.jpg,Fungal_Leaf_Spot,Fungal_Leaf_Spot,Correct,0.999998
datasets/test/Leaf_Gall/Leaf_Gall00275.jpg,Leaf_Gall,Leaf_Gall,Correct,0.940025
datasets/test/Dry_Leaf/Dry_Leaf00239.jpg,Dry_Leaf,Dry_Leaf,Correct,0.999697
datasets/train/Leaf_Blight/Leaf_Blight00178.jpg,Leaf_Blight,Leaf_Blight,Correct,0.999977
datasets/train/Felt_Leaf/Felt_Leaf00211.jpg,Felt_Leaf,Felt_Leaf,Correct,0.999670
datasets/test/Leaf_Blight/Leaf_Blight00030.jpg,Leaf_Blight,Leaf_Blight,Correct,0.999997
datasets/test/Leaf_Blight/Leaf_Blight00102.jpg,Leaf_Blight,Leaf_Blight,Correct,0.684386
datasets/train/Leaf_Blight/Leaf_Blight00345.jpg,Leaf_Blight,Leaf_Blight,Correct,0.999997
datasets/train/Curl_Leaf/Curl_Leaf00144.jpg,Curl_Leaf,Curl_Leaf,Correct,0.999446
datasets/test/Healthy_Leaf/Healthy_Leaf00566.jpg,Healthy_Leaf,Healthy_Leaf,Correct,0.999790
datasets/test/Leaf_Gall/Leaf_Gall00576.jpg,Leaf_Gall,Leaf_Gall,Correct,0.992704
datasets/test/Healthy_Leaf/Healthy_Leaf00113.jpg,Healthy_Leaf,Healthy_Leaf,Correct,0.999715
datasets/train/Healthy_Leaf/Healthy_Leaf00052.jpg,Healthy_Leaf,Healthy_Leaf,Correct,0.999920
datasets/test/Healthy_Leaf/Healthy_Leaf00315.jpg,Healthy_Leaf,Healthy_Leaf,Correct,0.999907
datasets/train/Anthrax_Leaf/Anthrax_Leaf00081.jpg,Anthrax_Leaf,Anthrax_Leaf,Correct,0.994808
datasets/train/Bituminous_Leaf/Bituminous_Leaf00037.jpg,Bituminous_Leaf,Deficiency_Leaf,Incorrect,0.629921
datasets/test/Leaf_Blight/Leaf_Blight00194.jpg,Leaf_Blight,Leaf_Blight,Correct,0.994970
datasets/train/Healthy_Leaf/Healthy_Leaf00155.jpg,Healthy_Leaf,Healthy_Leaf,Correct,0.999914
datasets/train/Fungal_Leaf_Spot/Fungal_Leaf_Spot00171.jpg,Fungal_Leaf_Spot,Fungal_Leaf_Spot,Correct,0.999978
datasets/test/Leaf_Gall/Leaf_Gall00615.jpg,Leaf_Gall,Leaf_Gall,Correct,0.999921
datasets/test/Felt_Leaf/Felt_Leaf00320.jpg,Felt_Leaf,Felt_Leaf,Correct,0.997953
datasets/train/Leaf_Blight/Leaf_Blight00016.jpg,Leaf_Blight,Leaf_Blight,Correct,0.999824
datasets/test/Healthy_Leaf/Healthy_Leaf00562.jpg,Healthy_Leaf,Healthy_Leaf,Correct,0.999223
datasets/train/Dry_Leaf/Dry_Leaf00366.jpg,Dry_Leaf,Dry_Leaf,Correct,0.999795
datasets/test/Leaf_Blight/Leaf_Blight00479.jpg,Leaf_Blight,Leaf_Blight,Correct,0.999997
datasets/test/Healthy_Leaf/Healthy_Leaf00392.jpg,Healthy_Leaf,Healthy_Leaf,Correct,0.999896
datasets/train/Felt_Leaf/Felt_Leaf00258.jpg,Felt_Leaf,Felt_Leaf,Correct,0.999675
datasets/test/Dry_Leaf/Dry_Leaf00291.jpg,Dry_Leaf,Dry_Leaf,Correct,0.999876
datasets/test/Leaf_Gall/Leaf_Gall00329.jpg,Leaf_Gall,Leaf_Gall,Correct,0.996500
datasets/test/Anthrax_Leaf/Anthrax_Leaf00048.jpg,Anthrax_Leaf,Anthrax_Leaf,Correct,0.999368
datasets/test/Felt_Leaf/Felt_Leaf00334.jpg,Felt_Leaf,Felt_Leaf,Correct,0.999478
datasets/test/Leaf_Gall/Leaf_Gall00617.jpg,Leaf_Gall,Leaf_Gall,Correct,0.999567
datasets/train/Fungal_Leaf_Spot/Fungal_Leaf_Spot00219.jpg,Fungal_Leaf_Spot,Fungal_Leaf_Spot,Correct,0.999832
datasets/test/Felt_Leaf/Felt_Leaf00199.jpg,Felt_Leaf,Felt_Leaf,Correct,0.999662
datasets/test/Leaf_Gall/Leaf_Gall00031.jpg,Leaf_Gall,Leaf_Gall,Correct,0.998374
datasets/test/Leaf_Blight/Leaf_Blight00032.jpg,Leaf_Blight,Leaf_Blight,Correct,0.999994
datasets/train/Fungal_Leaf_Spot/Fungal_Leaf_Spot00572.jpg,Fungal_Leaf_Spot,Fungal_Leaf_Spot,Correct,0.986052
datasets/train/Curl_Leaf/Curl_Leaf00125.jpg,Curl_Leaf,Curl_Leaf,Correct,0.999992
datasets/train/Healthy_Leaf/Healthy_Leaf00269.jpg,Healthy_Leaf,Healthy_Leaf,Correct,0.999680
datasets/train/Leaf_Gall/Leaf_Gall00599.jpg,Leaf_Gall,Leaf_Gall,Correct,0.999943
datasets/test/Healthy_Leaf/Healthy_Leaf00096.jpg,Healthy_Leaf,Healthy_Leaf,Correct,0.999982
datasets/test/Bituminous_Leaf/Bituminous_Leaf00001.jpg,Bituminous_Leaf,Bituminous_Leaf,Correct,0.999607
datasets/test/Fungal_Leaf_Spot/Fungal_Leaf_Spot00328.jpg,Fungal_Leaf_Spot,Fungal_Leaf_Spot,Correct,0.999928
datasets/test/Leaf_Blight/Leaf_Blight00450.jpg,Leaf_Blight,Leaf_Blight,Correct,0.999999
datasets/train/Healthy_Leaf/Healthy_Leaf00293.jpg,Healthy_Leaf,Healthy_Leaf,Correct,0.999938
datasets/train/Leaf_Gall/Leaf_Gall00337.jpg,Leaf_Gall,Leaf_Gall,Correct,0.999743
datasets/train/Felt_Leaf/Felt_Leaf00371.jpg,Felt_Leaf,Felt_Leaf,Correct,0.902659
datasets/train/Healthy_Leaf/Healthy_Leaf00047.jpg,Healthy_Leaf,Healthy_Leaf,Correct,0.999715
datasets/train/Healthy_Leaf/Healthy_Leaf00203.jpg,Healthy_Leaf,Healthy_Leaf,Correct,0.999996
datasets/train/Dry_Leaf/Dry_Leaf00188.jpg,Dry_Leaf,Dry_Leaf,Correct,0.999982
datasets/test/Leaf_Blight/Leaf_Blight00590.jpg,Leaf_Blight,Leaf_Blight,Correct,0.997568
datasets/train/Leaf_Gall/Leaf_Gall00092.jpg,Leaf_Gall,Leaf_Gall,Correct,0.999987
datasets/test/Dry_Leaf/Dry_Leaf00230.jpg,Dry_Leaf,Dry_Leaf,Correct,0.999887
datasets/train/Fungal_Leaf_Spot/Fungal_Leaf_Spot00440.jpg,Fungal_Leaf_Spot,Fungal_Leaf_Spot,Correct,0.999961
datasets/train/Felt_Leaf/Felt_Leaf00087.jpg,Felt_Leaf,Felt_Leaf,Correct,0.999799
datasets/test/Healthy_Leaf/Healthy_Leaf00520.jpg,Healthy_Leaf,Healthy_Leaf,Correct,0.986452
datasets/test/Leaf_Blight/Leaf_Blight00563.jpg,Leaf_Blight,Leaf_Blight,Correct,0.998798
datasets/train/Bituminous_Leaf/Bituminous_Leaf00083.jpg,Bituminous_Leaf,Bituminous_Leaf,Correct,0.998570
datasets/test/Fungal_Leaf_Spot/Fungal_Leaf_Spot00505.jpg,Fungal_Leaf_Spot,Fungal_Leaf_Spot,Correct,1.000000
datasets/train/Leaf_Gall/Leaf_Gall00362.jpg,Leaf_Gall,Leaf_Gall,Correct,0.998864
datasets/test/Felt_Leaf/Felt_Leaf00129.jpg,Felt_Leaf,Felt_Leaf,Correct,0.999995
datasets/train/Curl_Leaf/Curl_Leaf00043.jpg,Curl_Leaf,Curl_Leaf,Correct,0.999863
datasets/test/Felt_Leaf/Felt_Leaf00359.jpg,Felt_Leaf,Felt_Leaf,Correct,0.999480
datasets/test/Leaf_Gall/Leaf_Gall00418.jpg,Leaf_Gall,Leaf_Gall,Correct,0.997681
datasets/train/Leaf_Blight/Leaf_Blight00591.jpg,Leaf_Blight,Leaf_Blight,Correct,0.998682
datasets/train/Leaf_Gall/Leaf_Gall00180.jpg,Leaf_Gall,Leaf_Gall,Correct,0.999937
datasets/train/Fungal_Leaf_Spot/Fungal_Leaf_Spot00550.jpg,Fungal_Leaf_Spot,Fungal_Leaf_Spot,Correct,0.999999
datasets/train/Leaf_Gall/Leaf_Gall00536.jpg,Leaf_Gall,Leaf_Gall,Correct,0.999688
datasets/test/Leaf_Blight/Leaf_Blight00358.jpg,Leaf_Blight,Leaf_Blight,Correct,0.999989
datasets/train/Anthrax_Leaf/Anthrax_Leaf00036.jpg,Anthrax_Leaf,Anthrax_Leaf,Correct,0.999891
datasets/test/Leaf_Gall/Leaf_Gall00442.jpg,Leaf_Gall,Leaf_Gall,Correct,0.997624
datasets/test/Leaf_Blight/Leaf_Blight00578.jpg,Leaf_Blight,Leaf_Blight,Correct,0.944183
datasets/train/Felt_Leaf/Felt_Leaf00054.jpg,Felt_Leaf,Felt_Leaf,Correct,0.999413
datasets/train/Leaf_Blight/Leaf_Blight00181.jpg,Leaf_Blight,Leaf_Blight,Correct,0.999992
datasets/train/Healthy_Leaf/Healthy_Leaf00551.jpg,Healthy_Leaf,Healthy_Leaf,Correct,0.999847
datasets/train/Fungal_Leaf_Spot/Fungal_Leaf_Spot00022.jpg,Fungal_Leaf_Spot,Fungal_Leaf_Spot,Correct,0.999776
datasets/test/Dry_Leaf/Dry_Leaf00191.jpg,Dry_Leaf,Dry_Leaf,Correct,0.999996
datasets/test/Dry_Leaf/Dry_Leaf00040.jpg,Dry_Leaf,Dry_Leaf,Correct,0.999981
datasets/train/Felt_Leaf/Felt_Leaf00278.jpg,Felt_Leaf,Felt_Leaf,Correct,0.933057
datasets/test/Leaf_Blight/Leaf_Blight00221.jpg,Leaf_Blight,Leaf_Blight,Correct,0.999975
datasets/test/Leaf_Gall/Leaf_Gall00251.jpg,Leaf_Gall,Leaf_Gall,Correct,0.999989
datasets/train/Dry_Leaf/Dry_Leaf00377.jpg,Dry_Leaf,Dry_Leaf,Correct,0.999945
datasets/test/Anthrax_Leaf/Anthrax_Leaf00024.jpg,Anthrax_Leaf,Anthrax_Leaf,Correct,0.999980
datasets/train/Healthy_Leaf/Healthy_Leaf00353.jpg,Healthy_Leaf,Healthy_Leaf,Correct,0.999982
datasets/test/Leaf_Gall/Leaf_Gall00266.jpg,Leaf_Gall,Leaf_Gall,Correct,0.999994
datasets/test/Leaf_Gall/Leaf_Gall00074.jpg,Leaf_Gall,Leaf_Gall,Correct,0.999748
datasets/train/Leaf_Gall/Leaf_Gall00103.jpg,Leaf_Gall,Leaf_Gall,Correct,0.999511
datasets/test/Leaf_Gall/Leaf_Gall00603.jpg,Leaf_Gall,Leaf_Gall,Correct,0.999948
datasets/test/Bituminous_Leaf/Bituminous_Leaf00093.jpg,Bituminous_Leaf,Bituminous_Leaf,Correct,0.999982
datasets/test/Healthy_Leaf/Healthy_Leaf00589.jpg,Healthy_Leaf,Healthy_Leaf,Correct,0.999834
datasets/test/Deficiency_Leaf/Deficiency_Leaf00075.jpg,Deficiency_Leaf,Deficiency_Leaf,Correct,0.998991
datasets/train/Leaf_Gall/Leaf_Gall00556.jpg,Leaf_Gall,Leaf_Gall,Correct,0.999542
datasets/train/Deficiency_Leaf/Deficiency_Leaf00052.jpg,Deficiency_Leaf,Deficiency_Leaf,Correct,0.999490
datasets/test/Leaf_Blight/Leaf_Blight00434.jpg,Leaf_Blight,Leaf_Blight,Correct,0.999874
datasets/train/Fungal_Leaf_Spot/Fungal_Leaf_Spot00080.jpg,Fungal_Leaf_Spot,Fungal_Leaf_Spot,Correct,0.999876
datasets/train/Dry_Leaf/Dry_Leaf00303.jpg,Dry_Leaf,Dry_Leaf,Correct,0.999740
datasets/test/Leaf_Blight/Leaf_Blight00496.jpg,Leaf_Blight,Leaf_Blight,Correct,0.999983
datasets/test/Fungal_Leaf_Spot/Fungal_Leaf_Spot00181.jpg,Fungal_Leaf_Spot,Fungal_Leaf_Spot,Correct,0.999970
datasets/test/Leaf_Blight/Leaf_Blight00084.jpg,Leaf_Blight,Leaf_Blight,Correct,0.998672
datasets/test/Healthy_Leaf/Healthy_Leaf00436.jpg,Healthy_Leaf,Healthy_Leaf,Correct,0.999937
datasets/test/Curl_Leaf/Curl_Leaf00088.jpg,Curl_Leaf,Curl_Leaf,Correct,0.999987
datasets/test/Fungal_Leaf_Spot/Fungal_Leaf_Spot00112.jpg,Fungal_Leaf_Spot,Fungal_Leaf_Spot,Correct,0.999059
datasets/test/Felt_Leaf/Felt_Leaf00329.jpg,Felt_Leaf,Felt_Leaf,Correct,0.997890
datasets/test/Fungal_Leaf_Spot/Fungal_Leaf_Spot00044.jpg,Fungal_Leaf_Spot,Fungal_Leaf_Spot,Correct,0.999999
datasets/train/Fungal_Leaf_Spot/Fungal_Leaf_Spot00435.jpg,Fungal_Leaf_Spot,Fungal_Leaf_Spot,Correct,0.999965
datasets/test/Healthy_Leaf/Healthy_Leaf00117.jpg,Healthy_Leaf,Healthy_Leaf,Correct,0.999782
datasets/test/Leaf_Blight/Leaf_Blight00270.jpg,Leaf_Blight,Leaf_Blight,Correct,0.999953
datasets/train/Leaf_Blight/Leaf_Blight00391.jpg,Leaf_Blight,Leaf_Blight,Correct,1.000000
datasets/test/Leaf_Gall/Leaf_Gall00310.jpg,Leaf_Gall,Leaf_Gall,Correct,0.999884
datasets/test/Fungal_Leaf_Spot/Fungal_Leaf_Spot00115.jpg,Fungal_Leaf_Spot,Fungal_Leaf_Spot,Correct,0.933436
datasets/test/Leaf_Gall/Leaf_Gall00479.jpg,Leaf_Gall,Leaf_Gall,Correct,0.999166
datasets/test/Felt_Leaf/Felt_Leaf00309.jpg,Felt_Leaf,Felt_Leaf,Correct,0.999913
datasets/test/Healthy_Leaf/Healthy_Leaf00156.jpg,Healthy_Leaf,Healthy_Leaf,Correct,0.999760
datasets/test/Deficiency_Leaf/Deficiency_Leaf00046.jpg,Deficiency_Leaf,Deficiency_Leaf,Correct,0.999956
datasets/test/Curl_Leaf/Curl_Leaf00074.jpg,Curl_Leaf,Curl_Leaf,Correct,0.999863
datasets/test/Leaf_Blight/Leaf_Blight00509.jpg,Leaf_Blight,Leaf_Blight,Correct,0.999994
datasets/test/Curl_Leaf/Curl_Leaf00060.jpg,Curl_Leaf,Curl_Leaf,Correct,0.996370
datasets/train/Fungal_Leaf_Spot/Fungal_Leaf_Spot00414.jpg,Fungal_Leaf_Spot,Fungal_Leaf_Spot,Correct,0.999984
datasets/test/Leaf_Blight/Leaf_Blight00169.jpg,Leaf_Blight,Leaf_Blight,Correct,0.999990
datasets/test/Anthrax_Leaf/Anthrax_Leaf00118.jpg,Anthrax_Leaf,Anthrax_Leaf,Correct,0.999967
datasets/test/Leaf_Blight/Leaf_Blight00231.jpg,Leaf_Blight,Leaf_Blight,Correct,0.999837
datasets/test/Leaf_Gall/Leaf_Gall00259.jpg,Leaf_Gall,Leaf_Gall,Correct,0.999280
datasets/train/Leaf_Gall/Leaf_Gall00034.jpg,Leaf_Gall,Leaf_Gall,Correct,0.999983
datasets/train/Felt_Leaf/Felt_Leaf00382.jpg,Felt_Leaf,Felt_Leaf,Correct,0.989928
datasets/test/Leaf_Gall/Leaf_Gall00308.jpg,Leaf_Gall,Leaf_Gall,Correct,0.999118
datasets/train/Fungal_Leaf_Spot/Fungal_Leaf_Spot00249.jpg,Fungal_Leaf_Spot,Fungal_Leaf_Spot,Correct,0.720583
datasets/train/Bituminous_Leaf/Bituminous_Leaf00117.jpg,Bituminous_Leaf,Bituminous_Leaf,Correct,0.999992
datasets/test/Bituminous_Leaf/Bituminous_Leaf00081.jpg,Bituminous_Leaf,Bituminous_Leaf,Correct,0.993835
datasets/train/Healthy_Leaf/Healthy_Leaf00349.jpg,Healthy_Leaf,Healthy_Leaf,Correct,0.999579
datasets/test/Leaf_Gall/Leaf_Gall00200.jpg,Leaf_Gall,Leaf_Gall,Correct,0.999990
datasets/test/Leaf_Blight/Leaf_Blight00214.jpg,Leaf_Blight,Leaf_Blight,Correct,0.998855
datasets/train/Leaf_Blight/Leaf_Blight00129.jpg,Leaf_Blight,Leaf_Blight,Correct,0.999993
datasets/test/Fungal_Leaf_Spot/Fungal_Leaf_Spot00372.jpg,Fungal_Leaf_Spot,Fungal_Leaf_Spot,Correct,0.999948
datasets/test/Anthrax_Leaf/Anthrax_Leaf00013.jpg,Anthrax_Leaf,Anthrax_Leaf,Correct,0.997711
datasets/train/Leaf_Blight/Leaf_Blight00523.jpg,Leaf_Blight,Leaf_Blight,Correct,0.999606
datasets/test/Leaf_Blight/Leaf_Blight00328.jpg,Leaf_Blight,Leaf_Blight,Correct,1.000000
datasets/train/Leaf_Blight/Leaf_Blight00511.jpg,Leaf_Blight,Leaf_Blight,Correct,0.996995
datasets/test/Deficiency_Leaf/Deficiency_Leaf00067.jpg,Deficiency_Leaf,Deficiency_Leaf,Correct,0.995227
datasets/test/Anthrax_Leaf/Anthrax_Leaf00139.jpg,Anthrax_Leaf,Anthrax_Leaf,Correct,0.999983
datasets/test/Healthy_Leaf/Healthy_Leaf00369.jpg,Healthy_Leaf,Healthy_Leaf,Correct,0.999997
datasets/test/Leaf_Blight/Leaf_Blight00311.jpg,Leaf_Blight,Leaf_Blight,Correct,1.000000
datasets/test/Anthrax_Leaf/Anthrax_Leaf00088.jpg,Anthrax_Leaf,Anthrax_Leaf,Correct,0.989936
datasets/test/Deficiency_Leaf/Deficiency_Leaf00081.jpg,Deficiency_Leaf,Curl_Leaf,Incorrect,0.668560
datasets/test/Leaf_Gall/Leaf_Gall00590.jpg,Leaf_Gall,Leaf_Gall,Correct,0.999930
datasets/test/Leaf_Blight/Leaf_Blight00501.jpg,Leaf_Blight,Leaf_Blight,Correct,0.999973
datasets/train/Fungal_Leaf_Spot/Fungal_Leaf_Spot00182.jpg,Fungal_Leaf_Spot,Fungal_Leaf_Spot,Correct,1.000000
datasets/test/Felt_Leaf/Felt_Leaf00336.jpg,Felt_Leaf,Felt_Leaf,Correct,0.984973
datasets/train/Fungal_Leaf_Spot/Fungal_Leaf_Spot00561.jpg,Fungal_Leaf_Spot,Fungal_Leaf_Spot,Correct,0.999913
datasets/train/Fungal_Leaf_Spot/Fungal_Leaf_Spot00558.jpg,Fungal_Leaf_Spot,Fungal_Leaf_Spot,Correct,0.999943
datasets/test/Felt_Leaf/Felt_Leaf00088.jpg,Felt_Leaf,Felt_Leaf,Correct,0.998461
datasets/train/Anthrax_Leaf/Anthrax_Leaf00146.jpg,Anthrax_Leaf,Anthrax_Leaf,Correct,0.999613
datasets/test/Leaf_Gall/Leaf_Gall00414.jpg,Leaf_Gall,Leaf_Gall,Correct,0.960163
datasets/test/Fungal_Leaf_Spot/Fungal_Leaf_Spot00503.jpg,Fungal_Leaf_Spot,Fungal_Leaf_Spot,Correct,1.000000
datasets/test/Healthy_Leaf/Healthy_Leaf00188.jpg,Healthy_Leaf,Healthy_Leaf,Correct,0.999980
datasets/test/Dry_Leaf/Dry_Leaf00091.jpg,Dry_Leaf,Dry_Leaf,Correct,0.999844
datasets/train/Felt_Leaf/Felt_Leaf00208.jpg,Felt_Leaf,Felt_Leaf,Correct,0.596601
datasets/test/Leaf_Blight/Leaf_Blight00189.jpg,Leaf_Blight,Leaf_Blight,Correct,0.996796
datasets/test/Felt_Leaf/Felt_Leaf00180.jpg,Felt_Leaf,Felt_Leaf,Correct,0.983963
datasets/train/Leaf_Blight/Leaf_Blight00012.jpg,Leaf_Blight,Leaf_Blight,Correct,0.999979
datasets/test/Healthy_Leaf/Healthy_Leaf00035.jpg,Healthy_Leaf,Healthy_Leaf,Correct,0.999948
datasets/test/Leaf_Blight/Leaf_Blight00451.jpg,Leaf_Blight,Leaf_Blight,Correct,0.999969
datasets/train/Fungal_Leaf_Spot/Fungal_Leaf_Spot00476.jpg,Fungal_Leaf_Spot,Fungal_Leaf_Spot,Correct,0.999996
datasets/test/Leaf_Blight/Leaf_Blight00205.jpg,Leaf_Blight,Leaf_Blight,Correct,0.991814
datasets/train/Healthy_Leaf/Healthy_Leaf00276.jpg,Healthy_Leaf,Healthy_Leaf,Correct,0.999680
datasets/train/Bituminous_Leaf/Bituminous_Leaf00112.jpg,Bituminous_Leaf,Bituminous_Leaf,Correct,0.999990
datasets/test/Fungal_Leaf_Spot/Fungal_Leaf_Spot00177.jpg,Fungal_Leaf_Spot,Fungal_Leaf_Spot,Correct,0.999999
datasets/train/Felt_Leaf/Felt_Leaf00347.jpg,Felt_Leaf,Felt_Leaf,Correct,0.999849
datasets/train/Felt_Leaf/Felt_Leaf00186.jpg,Felt_Leaf,Felt_Leaf,Correct,0.998751
datasets/train/Leaf_Gall/Leaf_Gall00447.jpg,Leaf_Gall,Leaf_Gall,Correct,0.999619
datasets/train/Dry_Leaf/Dry_Leaf00296.jpg,Dry_Leaf,Dry_Leaf,Correct,0.999660
datasets/train/Fungal_Leaf_Spot/Fungal_Leaf_Spot00204.jpg,Fungal_Leaf_Spot,Fungal_Leaf_Spot,Correct,0.999510
datasets/train/Healthy_Leaf/Healthy_Leaf00424.jpg,Healthy_Leaf,Healthy_Leaf,Correct,0.999822
datasets/test/Fungal_Leaf_Spot/Fungal_Leaf_Spot00034.jpg,Fungal_Leaf_Spot,Fungal_Leaf_Spot,Correct,1.000000
datasets/train/Anthrax_Leaf/Anthrax_Leaf00032.jpg,Anthrax_Leaf,Anthrax_Leaf,Correct,0.999973
datasets/test/Bituminous_Leaf/Bituminous_Leaf00020.jpg,Bituminous_Leaf,Bituminous_Leaf,Correct,0.999979
datasets/test/Leaf_Blight/Leaf_Blight00558.jpg,Leaf_Blight,Leaf_Blight,Correct,0.999988
datasets/train/Leaf_Blight/Leaf_Blight00074.jpg,Leaf_Blight,Leaf_Blight,Correct,0.999512
datasets/test/Fungal_Leaf_Spot/Fungal_Leaf_Spot00342.jpg,Fungal_Leaf_Spot,Fungal_Leaf_Spot,Correct,0.999989
datasets/test/Leaf_Gall/Leaf_Gall00099.jpg,Leaf_Gall,Leaf_Gall,Correct,0.999993
datasets/test/Leaf_Blight/Leaf_Blight00308.jpg,Leaf_Blight,Leaf_Blight,Correct,0.999963
datasets/test/Curl_Leaf/Curl_Leaf00090.jpg,Curl_Leaf,Curl_Leaf,Correct,0.999954
datasets/test/Dry_Leaf/Dry_Leaf00336.jpg,Dry_Leaf,Dry_Leaf,Correct,0.999995
datasets/test/Bituminous_Leaf/Bituminous_Leaf00042.jpg,Bituminous_Leaf,Bituminous_Leaf,Correct,0.999376
datasets/test/Leaf_Blight/Leaf_Blight00512.jpg,Leaf_Blight,Leaf_Blight,Correct,0.999812
datasets/train/Curl_Leaf/Curl_Leaf00041.jpg,Curl_Leaf,Curl_Leaf,Correct,0.682632
datasets/test/Felt_Leaf/Felt_Leaf00205.jpg,Felt_Leaf,Felt_Leaf,Correct,0.999722
datasets/test/Dry_Leaf/Dry_Leaf00338.jpg,Dry_Leaf,Dry_Leaf,Correct,0.999965
datasets/train/Leaf_Gall/Leaf_Gall00343.jpg,Leaf_Gall,Leaf_Gall,Correct,0.998757
datasets/train/Felt_Leaf/Felt_Leaf00242.jpg,Felt_Leaf,Felt_Leaf,Correct,0.999830
datasets/test/Curl_Leaf/Curl_Leaf00122.jpg,Curl_Leaf,Curl_Leaf,Correct,0.999927
datasets/train/Felt_Leaf/Felt_Leaf00170.jpg,Felt_Leaf,Felt_Leaf,Correct,0.999958
datasets/train/Felt_Leaf/Felt_Leaf00183.jpg,Felt_Leaf,Felt_Leaf,Correct,0.996163
datasets/train/Healthy_Leaf/Healthy_Leaf00258.jpg,Healthy_Leaf,Healthy_Leaf,Correct,0.999741
datasets/test/Healthy_Leaf/Healthy_Leaf00341.jpg,Healthy_Leaf,Healthy_Leaf,Correct,0.999964
datasets/train/Dry_Leaf/Dry_Leaf00375.jpg,Dry_Leaf,Dry_Leaf,Correct,0.999706
datasets/train/Fungal_Leaf_Spot/Fungal_Leaf_Spot00344.jpg,Fungal_Leaf_Spot,Fungal_Leaf_Spot,Correct,0.999996
datasets/train/Leaf_Blight/Leaf_Blight00225.jpg,Leaf_Blight,Leaf_Blight,Correct,0.999927
datasets/test/Healthy_Leaf/Healthy_Leaf00085.jpg,Healthy_Leaf,Healthy_Leaf,Correct,0.999978
datasets/train/Fungal_Leaf_Spot/Fungal_Leaf_Spot00403.jpg,Fungal_Leaf_Spot,Fungal_Leaf_Spot,Correct,0.999942
datasets/test/Leaf_Gall/Leaf_Gall00420.jpg,Leaf_Gall,Leaf_Gall,Correct,0.756881
datasets/train/Felt_Leaf/Felt_Leaf00224.jpg,Felt_Leaf,Felt_Leaf,Correct,0.999765
datasets/test/Curl_Leaf/Curl_Leaf00139.jpg,Curl_Leaf,Curl_Leaf,Correct,0.999653
datasets/test/Felt_Leaf/Felt_Leaf00052.jpg,Felt_Leaf,Felt_Leaf,Correct,0.999821
datasets/train/Leaf_Blight/Leaf_Blight00417.jpg,Leaf_Blight,Leaf_Blight,Correct,0.999815
datasets/test/Fungal_Leaf_Spot/Fungal_Leaf_Spot00051.jpg,Fungal_Leaf_Spot,Fungal_Leaf_Spot,Correct,0.999999
datasets/test/Leaf_Gall/Leaf_Gall00280.jpg,Leaf_Gall,Leaf_Gall,Correct,0.995386
datasets/test/Leaf_Gall/Leaf_Gall00540.jpg,Leaf_Gall,Leaf_Gall,Correct,0.999855
datasets/train/Fungal_Leaf_Spot/Fungal_Leaf_Spot00555.jpg,Fungal_Leaf_Spot,Fungal_Leaf_Spot,Correct,0.999999
datasets/train/Leaf_Blight/Leaf_Blight00017.jpg,Leaf_Blight,Leaf_Blight,Correct,0.999981
datasets/train/Leaf_Blight/Leaf_Blight00157.jpg,Leaf_Blight,Leaf_Blight,Correct,0.999885
datasets/train/Leaf_Blight/Leaf_Blight00173.jpg,Leaf_Blight,Leaf_Blight,Correct,0.999988
datasets/test/Leaf_Blight/Leaf_Blight00278.jpg,Leaf_Blight,Leaf_Blight,Correct,0.999951
datasets/train/Bituminous_Leaf/Bituminous_Leaf00036.jpg,Bituminous_Leaf,Bituminous_Leaf,Correct,0.999531
datasets/train/Dry_Leaf/Dry_Leaf00175.jpg,Dry_Leaf,Dry_Leaf,Correct,0.998857
datasets/test/Leaf_Blight/Leaf_Blight00390.jpg,Leaf_Blight,Leaf_Blight,Correct,0.999987
datasets/train/Anthrax_Leaf/Anthrax_Leaf00120.jpg,Anthrax_Leaf,Anthrax_Leaf,Correct,0.999984
datasets/train/Leaf_Blight/Leaf_Blight00022.jpg,Leaf_Blight,Leaf_Blight,Correct,0.999931
datasets/train/Dry_Leaf/Dry_Leaf00365.jpg,Dry_Leaf,Dry_Leaf,Correct,0.999968
datasets/test/Felt_Leaf/Felt_Leaf00374.jpg,Felt_Leaf,Felt_Leaf,Correct,0.985561
datasets/train/Leaf_Blight/Leaf_Blight00392.jpg,Leaf_Blight,Leaf_Blight,Correct,0.999998
datasets/test/Dry_Leaf/Dry_Leaf00237.jpg,Dry_Leaf,Dry_Leaf,Correct,0.999858
datasets/test/Dry_Leaf/Dry_Leaf00206.jpg,Dry_Leaf,Dry_Leaf,Correct,0.999156
datasets/test/Fungal_Leaf_Spot/Fungal_Leaf_Spot00360.jpg,Fungal_Leaf_Spot,Fungal_Leaf_Spot,Correct,0.999990
datasets/test/Fungal_Leaf_Spot/Fungal_Leaf_Spot00170.jpg,Fungal_Leaf_Spot,Fungal_Leaf_Spot,Correct,0.999991
datasets/train/Leaf_Blight/Leaf_Blight00571.jpg,Leaf_Blight,Leaf_Blight,Correct,0.999997
datasets/test/Deficiency_Leaf/Deficiency_Leaf00120.jpg,Deficiency_Leaf,Deficiency_Leaf,Correct,0.625553
datasets/test/Leaf_Blight/Leaf_Blight00546.jpg,Leaf_Blight,Leaf_Blight,Correct,0.999976
datasets/test/Curl_Leaf/Curl_Leaf00156.jpg,Curl_Leaf,Curl_Leaf,Correct,0.999936
datasets/test/Bituminous_Leaf/Bituminous_Leaf00130.jpg,Bituminous_Leaf,Bituminous_Leaf,Correct,0.999761
datasets/test/Leaf_Gall/Leaf_Gall00387.jpg,Leaf_Gall,Leaf_Gall,Correct,0.994330
datasets/test/Fungal_Leaf_Spot/Fungal_Leaf_Spot00321.jpg,Fungal_Leaf_Spot,Fungal_Leaf_Spot,Correct,0.999996
datasets/train/Leaf_Blight/Leaf_Blight00143.jpg,Leaf_Blight,Leaf_Blight,Correct,0.999854
datasets/train/Deficiency_Leaf/Deficiency_Leaf00114.jpg,Deficiency_Leaf,Deficiency_Leaf,Correct,0.839747
datasets/test/Leaf_Gall/Leaf_Gall00440.jpg,Leaf_Gall,Leaf_Gall,Correct,0.999686
datasets/test/Fungal_Leaf_Spot/Fungal_Leaf_Spot00419.jpg,Fungal_Leaf_Spot,Fungal_Leaf_Spot,Correct,0.999995
datasets/test/Healthy_Leaf/Healthy_Leaf00262.jpg,Healthy_Leaf,Healthy_Leaf,Correct,0.999351
datasets/train/Fungal_Leaf_Spot/Fungal_Leaf_Spot00150.jpg,Fungal_Leaf_Spot,Fungal_Leaf_Spot,Correct,0.999987
datasets/train/Anthrax_Leaf/Anthrax_Leaf00004.jpg,Anthrax_Leaf,Anthrax_Leaf,Correct,0.999960
datasets/train/Leaf_Gall/Leaf_Gall00537.jpg,Leaf_Gall,Leaf_Gall,Correct,0.999982
datasets/test/Healthy_Leaf/Healthy_Leaf00524.jpg,Healthy_Leaf,Healthy_Leaf,Correct,0.999571
datasets/train/Leaf_Blight/Leaf_Blight00588.jpg,Leaf_Blight,Leaf_Blight,Correct,0.999671
datasets/test/Curl_Leaf/Curl_Leaf00030.jpg,Curl_Leaf,Curl_Leaf,Correct,0.999969
datasets/train/Leaf_Gall/Leaf_Gall00505.jpg,Leaf_Gall,Leaf_Gall,Correct,0.886209
datasets/test/Healthy_Leaf/Healthy_Leaf00001.jpg,Healthy_Leaf,Healthy_Leaf,Correct,0.999989
datasets/train/Healthy_Leaf/Healthy_Leaf00469.jpg,Healthy_Leaf,Healthy_Leaf,Correct,0.999995
datasets/train/Leaf_Gall/Leaf_Gall00278.jpg,Leaf_Gall,Leaf_Gall,Correct,0.999477
datasets/test/Healthy_Leaf/Healthy_Leaf00192.jpg,Healthy_Leaf,Healthy_Leaf,Correct,0.999948
datasets/train/Healthy_Leaf/Healthy_Leaf00022.jpg,Healthy_Leaf,Healthy_Leaf,Correct,0.999992
datasets/test/Dry_Leaf/Dry_Leaf00037.jpg,Dry_Leaf,Dry_Leaf,Correct,0.999618
datasets/train/Leaf_Gall/Leaf_Gall00223.jpg,Leaf_Gall,Leaf_Gall,Correct,0.999998
datasets/test/Leaf_Blight/Leaf_Blight00415.jpg,Leaf_Blight,Leaf_Blight,Correct,0.999900
datasets/test/Leaf_Blight/Leaf_Blight00155.jpg,Leaf_Blight,Leaf_Blight,Correct,0.999993
datasets/test/Leaf_Gall/Leaf_Gall00575.jpg,Leaf_Gall,Leaf_Gall,Correct,0.998066
datasets/test/Fungal_Leaf_Spot/Fungal_Leaf_Spot00029.jpg,Fungal_Leaf_Spot,Fungal_Leaf_Spot,Correct,0.996332
datasets/test/Anthrax_Leaf/Anthrax_Leaf00073.jpg,Anthrax_Leaf,Anthrax_Leaf,Correct,0.999998
datasets/train/Dry_Leaf/Dry_Leaf00380.jpg,Dry_Leaf,Dry_Leaf,Correct,0.999963
datasets/test/Leaf_Blight/Leaf_Blight00128.jpg,Leaf_Blight,Leaf_Blight,Correct,0.999993
datasets/train/Leaf_Gall/Leaf_Gall00621.jpg,Leaf_Gall,Leaf_Gall,Correct,0.937314
datasets/test/Dry_Leaf/Dry_Leaf00151.jpg,Dry_Leaf,Dry_Leaf,Correct,0.999815
datasets/test/Curl_Leaf/Curl_Leaf00001.jpg,Curl_Leaf,Curl_Leaf,Correct,0.999959
datasets/train/Leaf_Gall/Leaf_Gall00258.jpg,Leaf_Gall,Leaf_Gall,Correct,0.999616
datasets/train/Felt_Leaf/Felt_Leaf00146.jpg,Felt_Leaf,Felt_Leaf,Correct,0.999921
datasets/test/Felt_Leaf/Felt_Leaf00241.jpg,Felt_Leaf,Felt_Leaf,Correct,0.999776
datasets/test/Anthrax_Leaf/Anthrax_Leaf00010.jpg,Anthrax_Leaf,Anthrax_Leaf,Correct,0.973866
datasets/test/Dry_Leaf/Dry_Leaf00214.jpg,Dry_Leaf,Dry_Leaf,Correct,0.999880
datasets/test/Leaf_Gall/Leaf_Gall00008.jpg,Leaf_Gall,Leaf_Gall,Correct,0.999982
datasets/test/Leaf_Blight/Leaf_Blight00019.jpg,Leaf_Blight,Leaf_Blight,Correct,0.999994
datasets/test/Anthrax_Leaf/Anthrax_Leaf00062.jpg,Anthrax_Leaf,Anthrax_Leaf,Correct,0.999954
datasets/test/Healthy_Leaf/Healthy_Leaf00211.jpg,Healthy_Leaf,Healthy_Leaf,Correct,0.999986
datasets/test/Leaf_Gall/Leaf_Gall00195.jpg,Leaf_Gall,Leaf_Gall,Correct,0.999918
datasets/train/Leaf_Gall/Leaf_Gall00322.jpg,Leaf_Gall,Leaf_Gall,Correct,0.987229
datasets/test/Felt_Leaf/Felt_Leaf00161.jpg,Felt_Leaf,Felt_Leaf,Correct,0.805016
datasets/test/Deficiency_Leaf/Deficiency_Leaf00018.jpg,Deficiency_Leaf,Deficiency_Leaf,Correct,0.999950
datasets/train/Fungal_Leaf_Spot/Fungal_Leaf_Spot00248.jpg,Fungal_Leaf_Spot,Fungal_Leaf_Spot,Correct,0.995970
datasets/train/Leaf_Gall/Leaf_Gall00028.jpg,Leaf_Gall,Leaf_Gall,Correct,0.999848
datasets/test/Healthy_Leaf/Healthy_Leaf00608.jpg,Healthy_Leaf,Healthy_Leaf,Correct,0.997463
datasets/train/Healthy_Leaf/Healthy_Leaf00160.jpg,Healthy_Leaf,Healthy_Leaf,Correct,0.999913
datasets/train/Dry_Leaf/Dry_Leaf00183.jpg,Dry_Leaf,Dry_Leaf,Correct,0.999445
datasets/test/Leaf_Blight/Leaf_Blight00403.jpg,Leaf_Blight,Leaf_Blight,Correct,0.999893
datasets/train/Healthy_Leaf/Healthy_Leaf00399.jpg,Healthy_Leaf,Healthy_Leaf,Correct,0.999954
datasets/test/Healthy_Leaf/Healthy_Leaf00588.jpg,Healthy_Leaf,Healthy_Leaf,Correct,0.997512
datasets/test/Fungal_Leaf_Spot/Fungal_Leaf_Spot00450.jpg,Fungal_Leaf_Spot,Fungal_Leaf_Spot,Correct,0.999719
datasets/test/Bituminous_Leaf/Bituminous_Leaf00063.jpg,Bituminous_Leaf,Bituminous_Leaf,Correct,0.999997
datasets/train/Healthy_Leaf/Healthy_Leaf00323.jpg,Healthy_Leaf,Healthy_Leaf,Correct,0.999943
datasets/test/Bituminous_Leaf/Bituminous_Leaf00089.jpg,Bituminous_Leaf,Bituminous_Leaf,Correct,0.999310
datasets/train/Leaf_Blight/Leaf_Blight00044.jpg,Leaf_Blight,Leaf_Blight,Correct,0.999287
datasets/train/Leaf_Blight/Leaf_Blight00105.jpg,Leaf_Blight,Leaf_Blight,Correct,0.999675
datasets/test/Leaf_Blight/Leaf_Blight00148.jpg,Leaf_Blight,Leaf_Blight,Correct,0.999825
datasets/test/Fungal_Leaf_Spot/Fungal_Leaf_Spot00201.jpg,Fungal_Leaf_Spot,Fungal_Leaf_Spot,Correct,0.999972
datasets/train/Healthy_Leaf/Healthy_Leaf00077.jpg,Healthy_Leaf,Healthy_Leaf,Correct,0.999716
datasets/test/Leaf_Gall/Leaf_Gall00284.jpg,Leaf_Gall,Leaf_Gall,Correct,0.999700
datasets/train/Leaf_Blight/Leaf_Blight00348.jpg,Leaf_Blight,Leaf_Blight,Correct,0.999957
datasets/test/Leaf_Gall/Leaf_Gall00441.jpg,Leaf_Gall,Leaf_Gall,Correct,0.999858
datasets/train/Curl_Leaf/Curl_Leaf00052.jpg,Curl_Leaf,Curl_Leaf,Correct,0.989486
datasets/train/Dry_Leaf/Dry_Leaf00163.jpg,Dry_Leaf,Dry_Leaf,Correct,0.999950
datasets/test/Healthy_Leaf/Healthy_Leaf00561.jpg,Healthy_Leaf,Healthy_Leaf,Correct,0.999405
datasets/train/Fungal_Leaf_Spot/Fungal_Leaf_Spot00178.jpg,Fungal_Leaf_Spot,Fungal_Leaf_Spot,Correct,0.999995
datasets/train/Leaf_Gall/Leaf_Gall00141.jpg,Leaf_Gall,Leaf_Gall,Correct,0.999642
datasets/train/Felt_Leaf/Felt_Leaf00053.jpg,Felt_Leaf,Felt_Leaf,Correct,0.999556
datasets/train/Curl_Leaf/Curl_Leaf00178.jpg,Curl_Leaf,Curl_Leaf,Correct,0.999563
datasets/train/Felt_Leaf/Felt_Leaf00185.jpg,Felt_Leaf,Felt_Leaf,Correct,0.990596
datasets/test/Fungal_Leaf_Spot/Fungal_Leaf_Spot00284.jpg,Fungal_Leaf_Spot,Fungal_Leaf_Spot,Correct,0.999915
datasets/test/Fungal_Leaf_Spot/Fungal_Leaf_Spot00241.jpg,Fungal_Leaf_Spot,Fungal_Leaf_Spot,Correct,0.996497
datasets/train/Felt_Leaf/Felt_Leaf00244.jpg,Felt_Leaf,Felt_Leaf,Correct,0.999674
datasets/train/Healthy_Leaf/Healthy_Leaf00201.jpg,Healthy_Leaf,Healthy_Leaf,Correct,0.999785
datasets/test/Healthy_Leaf/Healthy_Leaf00473.jpg,Healthy_Leaf,Healthy_Leaf,Correct,0.999943
datasets/test/Leaf_Blight/Leaf_Blight00575.jpg,Leaf_Blight,Leaf_Blight,Correct,0.999957
datasets/test/Fungal_Leaf_Spot/Fungal_Leaf_Spot00556.jpg,Fungal_Leaf_Spot,Fungal_Leaf_Spot,Correct,0.999992
datasets/train/Dry_Leaf/Dry_Leaf00290.jpg,Dry_Leaf,Dry_Leaf,Correct,0.999897
datasets/test/Healthy_Leaf/Healthy_Leaf00121.jpg,Healthy_Leaf,Healthy_Leaf,Correct,0.999947
datasets/train/Healthy_Leaf/Healthy_Leaf00066.jpg,Healthy_Leaf,Healthy_Leaf,Correct,0.999860
datasets/test/Fungal_Leaf_Spot/Fungal_Leaf_Spot00162.jpg,Fungal_Leaf_Spot,Fungal_Leaf_Spot,Correct,0.999752
datasets/test/Fungal_Leaf_Spot/Fungal_Leaf_Spot00401.jpg,Fungal_Leaf_Spot,Fungal_Leaf_Spot,Correct,0.999994
datasets/test/Leaf_Gall/Leaf_Gall00471.jpg,Leaf_Gall,Leaf_Gall,Correct,0.999989
datasets/test/Fungal_Leaf_Spot/Fungal_Leaf_Spot00296.jpg,Fungal_Leaf_Spot,Fungal_Leaf_Spot,Correct,0.999941
datasets/test/Leaf_Gall/Leaf_Gall00185.jpg,Leaf_Gall,Leaf_Gall,Correct,0.999895
datasets/train/Curl_Leaf/Curl_Leaf00018.jpg,Curl_Leaf,Curl_Leaf,Correct,0.996823
datasets/train/Leaf_Blight/Leaf_Blight00273.jpg,Leaf_Blight,Leaf_Blight,Correct,0.999978
datasets/train/Fungal_Leaf_Spot/Fungal_Leaf_Spot00264.jpg,Fungal_Leaf_Spot,Fungal_Leaf_Spot,Correct,0.999891
datasets/test/Dry_Leaf/Dry_Leaf00201.jpg,Dry_Leaf,Dry_Leaf,Correct,0.999918
datasets/train/Leaf_Blight/Leaf_Blight00300.jpg,Leaf_Blight,Leaf_Blight,Correct,0.999986
datasets/test/Leaf_Gall/Leaf_Gall00305.jpg,Leaf_Gall,Leaf_Gall,Correct,0.999986
datasets/train/Healthy_Leaf/Healthy_Leaf00105.jpg,Healthy_Leaf,Healthy_Leaf,Correct,0.999927
datasets/test/Anthrax_Leaf/Anthrax_Leaf00019.jpg,Anthrax_Leaf,Curl_Leaf,Incorrect,0.955390
datasets/test/Leaf_Blight/Leaf_Blight00473.jpg,Leaf_Blight,Leaf_Blight,Correct,0.999998
datasets/test/Anthrax_Leaf/Anthrax_Leaf00033.jpg,Anthrax_Leaf,Anthrax_Leaf,Correct,0.999999
datasets/train/Leaf_Gall/Leaf_Gall00348.jpg,Leaf_Gall,Leaf_Gall,Correct,0.999820
datasets/test/Bituminous_Leaf/Bituminous_Leaf00114.jpg,Bituminous_Leaf,Bituminous_Leaf,Correct,0.999949
datasets/test/Healthy_Leaf/Healthy_Leaf00177.jpg,Healthy_Leaf,Healthy_Leaf,Correct,0.999949
datasets/train/Curl_Leaf/Curl_Leaf00056.jpg,Curl_Leaf,Curl_Leaf,Correct,0.999940
datasets/train/Leaf_Blight/Leaf_Blight00381.jpg,Leaf_Blight,Leaf_Blight,Correct,0.999381
datasets/train/Deficiency_Leaf/Deficiency_Leaf00121.jpg,Deficiency_Leaf,Deficiency_Leaf,Correct,0.954922
datasets/train/Fungal_Leaf_Spot/Fungal_Leaf_Spot00500.jpg,Fungal_Leaf_Spot,Fungal_Leaf_Spot,Correct,1.000000
datasets/train/Leaf_Blight/Leaf_Blight00204.jpg,Leaf_Blight,Leaf_Blight,Correct,0.991024
datasets/train/Healthy_Leaf/Healthy_Leaf00623.jpg,Healthy_Leaf,Healthy_Leaf,Correct,0.999980
datasets/train/Healthy_Leaf/Healthy_Leaf00486.jpg,Healthy_Leaf,Healthy_Leaf,Correct,0.999318
datasets/test/Anthrax_Leaf/Anthrax_Leaf00054.jpg,Anthrax_Leaf,Anthrax_Leaf,Correct,0.999989
datasets/train/Leaf_Gall/Leaf_Gall00473.jpg,Leaf_Gall,Leaf_Gall,Correct,0.999969
datasets/train/Leaf_Blight/Leaf_Blight00048.jpg,Leaf_Blight,Leaf_Blight,Correct,0.997816
datasets/test/Leaf_Blight/Leaf_Blight00409.jpg,Leaf_Blight,Leaf_Blight,Correct,0.999853
datasets/test/Fungal_Leaf_Spot/Fungal_Leaf_Spot00063.jpg,Fungal_Leaf_Spot,Fungal_Leaf_Spot,Correct,0.999982
datasets/train/Felt_Leaf/Felt_Leaf00019.jpg,Felt_Leaf,Felt_Leaf,Correct,0.999487
datasets/test/Dry_Leaf/Dry_Leaf00343.jpg,Dry_Leaf,Dry_Leaf,Correct,0.999999
datasets/train/Dry_Leaf/Dry_Leaf00223.jpg,Dry_Leaf,Dry_Leaf,Correct,0.999494
datasets/train/Anthrax_Leaf/Anthrax_Leaf00114.jpg,Anthrax_Leaf,Anthrax_Leaf,Correct,0.585599
datasets/test/Fungal_Leaf_Spot/Fungal_Leaf_Spot00176.jpg,Fungal_Leaf_Spot,Fungal_Leaf_Spot,Correct,0.999987
datasets/train/Leaf_Blight/Leaf_Blight00460.jpg,Leaf_Blight,Leaf_Blight,Correct,0.999624
datasets/train/Leaf_Gall/Leaf_Gall00113.jpg,Leaf_Gall,Leaf_Gall,Correct,0.999864
datasets/train/Fungal_Leaf_Spot/Fungal_Leaf_Spot00525.jpg,Fungal_Leaf_Spot,Fungal_Leaf_Spot,Correct,0.999998
datasets/test/Fungal_Leaf_Spot/Fungal_Leaf_Spot00223.jpg,Fungal_Leaf_Spot,Fungal_Leaf_Spot,Correct,0.999985
datasets/test/Bituminous_Leaf/Bituminous_Leaf00053.jpg,Bituminous_Leaf,Bituminous_Leaf,Correct,0.999998
datasets/train/Felt_Leaf/Felt_Leaf00275.jpg,Felt_Leaf,Felt_Leaf,Correct,0.996161
datasets/test/Dry_Leaf/Dry_Leaf00244.jpg,Dry_Leaf,Dry_Leaf,Correct,0.998782
datasets/train/Healthy_Leaf/Healthy_Leaf00193.jpg,Healthy_Leaf,Healthy_Leaf,Correct,0.999957
datasets/train/Healthy_Leaf/Healthy_Leaf00065.jpg,Healthy_Leaf,Healthy_Leaf,Correct,0.999960
datasets/test/Healthy_Leaf/Healthy_Leaf00073.jpg,Healthy_Leaf,Healthy_Leaf,Correct,0.999981
datasets/test/Anthrax_Leaf/Anthrax_Leaf00059.jpg,Anthrax_Leaf,Anthrax_Leaf,Correct,0.999853
datasets/train/Anthrax_Leaf/Anthrax_Leaf00117.jpg,Anthrax_Leaf,Anthrax_Leaf,Correct,0.999991
datasets/train/Leaf_Gall/Leaf_Gall00330.jpg,Leaf_Gall,Leaf_Gall,Correct,0.999991
datasets/train/Dry_Leaf/Dry_Leaf00363.jpg,Dry_Leaf,Dry_Leaf,Correct,0.999820
datasets/test/Curl_Leaf/Curl_Leaf00022.jpg,Curl_Leaf,Curl_Leaf,Correct,0.999989
datasets/train/Fungal_Leaf_Spot/Fungal_Leaf_Spot00225.jpg,Fungal_Leaf_Spot,Fungal_Leaf_Spot,Correct,0.999880
datasets/train/Fungal_Leaf_Spot/Fungal_Leaf_Spot00039.jpg,Fungal_Leaf_Spot,Fungal_Leaf_Spot,Correct,0.999962
datasets/test/Leaf_Gall/Leaf_Gall00369.jpg,Leaf_Gall,Leaf_Gall,Correct,0.999330
datasets/test/Anthrax_Leaf/Anthrax_Leaf00100.jpg,Anthrax_Leaf,Anthrax_Leaf,Correct,0.999886
datasets/test/Dry_Leaf/Dry_Leaf00082.jpg,Dry_Leaf,Dry_Leaf,Correct,0.999993
datasets/test/Fungal_Leaf_Spot/Fungal_Leaf_Spot00424.jpg,Fungal_Leaf_Spot,Fungal_Leaf_Spot,Correct,0.999989
datasets/test/Leaf_Blight/Leaf_Blight00468.jpg,Leaf_Blight,Leaf_Blight,Correct,0.999990
datasets/test/Dry_Leaf/Dry_Leaf00114.jpg,Dry_Leaf,Dry_Leaf,Correct,0.999998
datasets/test/Fungal_Leaf_Spot/Fungal_Leaf_Spot00569.jpg,Fungal_Leaf_Spot,Fungal_Leaf_Spot,Correct,0.999882
datasets/train/Fungal_Leaf_Spot/Fungal_Leaf_Spot00282.jpg,Fungal_Leaf_Spot,Fungal_Leaf_Spot,Correct,0.999787
datasets/train/Anthrax_Leaf/Anthrax_Leaf00075.jpg,Anthrax_Leaf,Anthrax_Leaf,Correct,0.999894
datasets/test/Felt_Leaf/Felt_Leaf00100.jpg,Felt_Leaf,Felt_Leaf,Correct,0.972076
datasets/train/Fungal_Leaf_Spot/Fungal_Leaf_Spot00467.jpg,Fungal_Leaf_Spot,Felt_Leaf,Incorrect,0.416814
datasets/test/Healthy_Leaf/Healthy_Leaf00470.jpg,Healthy_Leaf,Healthy_Leaf,Correct,0.999991
datasets/test/Fungal_Leaf_Spot/Fungal_Leaf_Spot00421.jpg,Fungal_Leaf_Spot,Fungal_Leaf_Spot,Correct,0.999993
datasets/test/Bituminous_Leaf/Bituminous_Leaf00075.jpg,Bituminous_Leaf,Bituminous_Leaf,Correct,0.999268
datasets/train/Felt_Leaf/Felt_Leaf00231.jpg,Felt_Leaf,Felt_Leaf,Correct,0.999966
datasets/test/Dry_Leaf/Dry_Leaf00344.jpg,Dry_Leaf,Dry_Leaf,Correct,0.999991
datasets/test/Healthy_Leaf/Healthy_Leaf00569.jpg,Healthy_Leaf,Healthy_Leaf,Correct,0.999108
datasets/test/Curl_Leaf/Curl_Leaf00005.jpg,Curl_Leaf,Curl_Leaf,Correct,0.999923
datasets/test/Curl_Leaf/Curl_Leaf00112.jpg,Curl_Leaf,Curl_Leaf,Correct,0.999984
datasets/test/Leaf_Blight/Leaf_Blight00565.jpg,Leaf_Blight,Leaf_Blight,Correct,0.999991
datasets/train/Felt_Leaf/Felt_Leaf00147.jpg,Felt_Leaf,Felt_Leaf,Correct,0.991897
datasets/train/Fungal_Leaf_Spot/Fungal_Leaf_Spot00175.jpg,Fungal_Leaf_Spot,Fungal_Leaf_Spot,Correct,0.999998
datasets/test/Leaf_Blight/Leaf_Blight00531.jpg,Leaf_Blight,Leaf_Blight,Correct,0.999961
datasets/train/Dry_Leaf/Dry_Leaf00209.jpg,Dry_Leaf,Dry_Leaf,Correct,0.999753
datasets/test/Leaf_Blight/Leaf_Blight00342.jpg,Leaf_Blight,Leaf_Blight,Correct,0.999960
datasets/train/Fungal_Leaf_Spot/Fungal_Leaf_Spot00070.jpg,Fungal_Leaf_Spot,Fungal_Leaf_Spot,Correct,0.999996
datasets/test/Healthy_Leaf/Healthy_Leaf00253.jpg,Healthy_Leaf,Healthy_Leaf,Correct,0.999510
datasets/train/Deficiency_Leaf/Deficiency_Leaf00047.jpg,Deficiency_Leaf,Deficiency_Leaf,Correct,0.999984
datasets/test/Fungal_Leaf_Spot/Fungal_Leaf_Spot00013.jpg,Fungal_Leaf_Spot,Fungal_Leaf_Spot,Correct,0.999998
datasets/train/Healthy_Leaf/Healthy_Leaf00108.jpg,Healthy_Leaf,Healthy_Leaf,Correct,0.999982
datasets/train/Leaf_Blight/Leaf_Blight00465.jpg,Leaf_Blight,Leaf_Blight,Correct,0.999844
datasets/train/Leaf_Blight/Leaf_Blight00193.jpg,Leaf_Blight,Leaf_Blight,Correct,0.999555
datasets/train/Dry_Leaf/Dry_Leaf00177.jpg,Dry_Leaf,Dry_Leaf,Correct,0.998779
datasets/train/Leaf_Gall/Leaf_Gall00553.jpg,Leaf_Gall,Leaf_Gall,Correct,0.999933
datasets/test/Leaf_Gall/Leaf_Gall00501.jpg,Leaf_Gall,Leaf_Gall,Correct,0.999998
datasets/test/Curl_Leaf/Curl_Leaf00177.jpg,Curl_Leaf,Curl_Leaf,Correct,0.999917
datasets/test/Felt_Leaf/Felt_Leaf00248.jpg,Felt_Leaf,Felt_Leaf,Correct,0.999985
datasets/train/Leaf_Blight/Leaf_Blight00265.jpg,Leaf_Blight,Leaf_Blight,Correct,0.999241
datasets/test/Fungal_Leaf_Spot/Fungal_Leaf_Spot00491.jpg,Fungal_Leaf_Spot,Fungal_Leaf_Spot,Correct,0.998349
datasets/test/Leaf_Gall/Leaf_Gall00309.jpg,Leaf_Gall,Leaf_Gall,Correct,0.999213
datasets/test/Dry_Leaf/Dry_Leaf00002.jpg,Dry_Leaf,Dry_Leaf,Correct,0.996953
datasets/test/Curl_Leaf/Curl_Leaf00015.jpg,Curl_Leaf,Curl_Leaf,Correct,0.999741
datasets/train/Leaf_Blight/Leaf_Blight00579.jpg,Leaf_Blight,Leaf_Blight,Correct,0.999469
datasets/test/Fungal_Leaf_Spot/Fungal_Leaf_Spot00213.jpg,Fungal_Leaf_Spot,Fungal_Leaf_Spot,Correct,0.999973
datasets/test/Curl_Leaf/Curl_Leaf00166.jpg,Curl_Leaf,Curl_Leaf,Correct,0.999844
datasets/train/Leaf_Blight/Leaf_Blight00109.jpg,Leaf_Blight,Leaf_Blight,Correct,0.999992
datasets/train/Healthy_Leaf/Healthy_Leaf00408.jpg,Healthy_Leaf,Healthy_Leaf,Correct,0.999381
datasets/test/Dry_Leaf/Dry_Leaf00373.jpg,Dry_Leaf,Dry_Leaf,Correct,0.998767
datasets/train/Leaf_Gall/Leaf_Gall00453.jpg,Leaf_Gall,Leaf_Gall,Correct,0.999331
datasets/test/Healthy_Leaf/Healthy_Leaf00111.jpg,Healthy_Leaf,Healthy_Leaf,Correct,0.999919
datasets/test/Anthrax_Leaf/Anthrax_Leaf00001.jpg,Anthrax_Leaf,Anthrax_Leaf,Correct,0.442932
datasets/train/Fungal_Leaf_Spot/Fungal_Leaf_Spot00336.jpg,Fungal_Leaf_Spot,Fungal_Leaf_Spot,Correct,0.999975
datasets/test/Felt_Leaf/Felt_Leaf00240.jpg,Felt_Leaf,Felt_Leaf,Correct,0.998951
datasets/test/Healthy_Leaf/Healthy_Leaf00239.jpg,Healthy_Leaf,Healthy_Leaf,Correct,0.999586
datasets/test/Felt_Leaf/Felt_Leaf00215.jpg,Felt_Leaf,Felt_Leaf,Correct,0.998259
datasets/test/Curl_Leaf/Curl_Leaf00047.jpg,Curl_Leaf,Curl_Leaf,Correct,0.999922
datasets/test/Curl_Leaf/Curl_Leaf00095.jpg,Curl_Leaf,Curl_Leaf,Correct,0.999504
datasets/test/Fungal_Leaf_Spot/Fungal_Leaf_Spot00137.jpg,Fungal_Leaf_Spot,Fungal_Leaf_Spot,Correct,0.999996
datasets/test/Curl_Leaf/Curl_Leaf00039.jpg,Curl_Leaf,Curl_Leaf,Correct,0.992155
datasets/train/Fungal_Leaf_Spot/Fungal_Leaf_Spot00469.jpg,Fungal_Leaf_Spot,Fungal_Leaf_Spot,Correct,0.999974
datasets/train/Healthy_Leaf/Healthy_Leaf00603.jpg,Healthy_Leaf,Healthy_Leaf,Correct,0.999865
datasets/test/Deficiency_Leaf/Deficiency_Leaf00048.jpg,Deficiency_Leaf,Deficiency_Leaf,Correct,1.000000
datasets/test/Fungal_Leaf_Spot/Fungal_Leaf_Spot00082.jpg,Fungal_Leaf_Spot,Fungal_Leaf_Spot,Correct,0.999991
datasets/train/Dry_Leaf/Dry_Leaf00279.jpg,Dry_Leaf,Dry_Leaf,Correct,0.999970
datasets/test/Leaf_Gall/Leaf_Gall00007.jpg,Leaf_Gall,Leaf_Gall,Correct,0.998164
datasets/train/Leaf_Blight/Leaf_Blight00113.jpg,Leaf_Blight,Leaf_Blight,Correct,0.999772
datasets/train/Anthrax_Leaf/Anthrax_Leaf00145.jpg,Anthrax_Leaf,Anthrax_Leaf,Correct,0.999879
datasets/test/Leaf_Gall/Leaf_Gall00503.jpg,Leaf_Gall,Leaf_Gall,Correct,0.999966
datasets/test/Leaf_Gall/Leaf_Gall00288.jpg,Leaf_Gall,Leaf_Gall,Correct,0.999766
datasets/train/Bituminous_Leaf/Bituminous_Leaf00125.jpg,Bituminous_Leaf,Bituminous_Leaf,Correct,0.999956
datasets/test/Fungal_Leaf_Spot/Fungal_Leaf_Spot00078.jpg,Fungal_Leaf_Spot,Fungal_Leaf_Spot,Correct,0.999881
datasets/train/Leaf_Blight/Leaf_Blight00004.jpg,Leaf_Blight,Leaf_Blight,Correct,0.999840
datasets/test/Healthy_Leaf/Healthy_Leaf00410.jpg,Healthy_Leaf,Healthy_Leaf,Correct,0.951504
datasets/train/Fungal_Leaf_Spot/Fungal_Leaf_Spot00135.jpg,Fungal_Leaf_Spot,Fungal_Leaf_Spot,Correct,0.999782
datasets/test/Leaf_Gall/Leaf_Gall00462.jpg,Leaf_Gall,Leaf_Gall,Correct,0.999749
datasets/test/Leaf_Blight/Leaf_Blight00020.jpg,Leaf_Blight,Leaf_Blight,Correct,0.999984
datasets/train/Curl_Leaf/Curl_Leaf00045.jpg,Curl_Leaf,Curl_Leaf,Correct,0.999977
datasets/test/Leaf_Gall/Leaf_Gall00268.jpg,Leaf_Gall,Leaf_Gall,Correct,0.999158
datasets/train/Leaf_Gall/Leaf_Gall00383.jpg,Leaf_Gall,Leaf_Gall,Correct,0.999353
datasets/train/Felt_Leaf/Felt_Leaf00367.jpg,Felt_Leaf,Felt_Leaf,Correct,0.993795
datasets/train/Healthy_Leaf/Healthy_Leaf00571.jpg,Healthy_Leaf,Healthy_Leaf,Correct,0.999751
datasets/test/Leaf_Gall/Leaf_Gall00123.jpg,Leaf_Gall,Leaf_Gall,Correct,0.999980
datasets/test/Felt_Leaf/Felt_Leaf00026.jpg,Felt_Leaf,Felt_Leaf,Correct,0.998745
datasets/test/Fungal_Leaf_Spot/Fungal_Leaf_Spot00517.jpg,Fungal_Leaf_Spot,Fungal_Leaf_Spot,Correct,1.000000
datasets/train/Fungal_Leaf_Spot/Fungal_Leaf_Spot00172.jpg,Fungal_Leaf_Spot,Fungal_Leaf_Spot,Correct,0.999999
datasets/train/Fungal_Leaf_Spot/Fungal_Leaf_Spot00457.jpg,Fungal_Leaf_Spot,Fungal_Leaf_Spot,Correct,0.999975
datasets/test/Leaf_Gall/Leaf_Gall00431.jpg,Leaf_Gall,Leaf_Gall,Correct,0.999995
datasets/train/Healthy_Leaf/Healthy_Leaf00086.jpg,Healthy_Leaf,Healthy_Leaf,Correct,0.999986
datasets/test/Felt_Leaf/Felt_Leaf00165.jpg,Felt_Leaf,Felt_Leaf,Correct,0.996875
datasets/test/Fungal_Leaf_Spot/Fungal_Leaf_Spot00183.jpg,Fungal_Leaf_Spot,Fungal_Leaf_Spot,Correct,1.000000
datasets/test/Healthy_Leaf/Healthy_Leaf00191.jpg,Healthy_Leaf,Healthy_Leaf,Correct,0.999996
datasets/train/Fungal_Leaf_Spot/Fungal_Leaf_Spot00383.jpg,Fungal_Leaf_Spot,Fungal_Leaf_Spot,Correct,0.998158
datasets/test/Fungal_Leaf_Spot/Fungal_Leaf_Spot00288.jpg,Fungal_Leaf_Spot,Fungal_Leaf_Spot,Correct,0.999829
datasets/test/Felt_Leaf/Felt_Leaf00109.jpg,Felt_Leaf,Felt_Leaf,Correct,0.999023
datasets/test/Felt_Leaf/Felt_Leaf00256.jpg,Felt_Leaf,Felt_Leaf,Correct,0.599118
datasets/train/Bituminous_Leaf/Bituminous_Leaf00135.jpg,Bituminous_Leaf,Bituminous_Leaf,Correct,0.999982
datasets/test/Leaf_Gall/Leaf_Gall00254.jpg,Leaf_Gall,Leaf_Gall,Correct,0.999943
datasets/train/Fungal_Leaf_Spot/Fungal_Leaf_Spot00364.jpg,Fungal_Leaf_Spot,Fungal_Leaf_Spot,Correct,0.557322
datasets/test/Leaf_Gall/Leaf_Gall00213.jpg,Leaf_Gall,Leaf_Gall,Correct,0.999995
datasets/train/Healthy_Leaf/Healthy_Leaf00102.jpg,Healthy_Leaf,Healthy_Leaf,Correct,0.999945
datasets/train/Leaf_Gall/Leaf_Gall00221.jpg,Leaf_Gall,Leaf_Gall,Correct,0.999960
datasets/train/Felt_Leaf/Felt_Leaf00343.jpg,Felt_Leaf,Felt_Leaf,Correct,0.999625
datasets/test/Anthrax_Leaf/Anthrax_Leaf00102.jpg,Anthrax_Leaf,Anthrax_Leaf,Correct,0.999161
datasets/test/Felt_Leaf/Felt_Leaf00128.jpg,Felt_Leaf,Felt_Leaf,Correct,0.999991
datasets/train/Fungal_Leaf_Spot/Fungal_Leaf_Spot00245.jpg,Fungal_Leaf_Spot,Fungal_Leaf_Spot,Correct,0.998359
datasets/test/Dry_Leaf/Dry_Leaf00327.jpg,Dry_Leaf,Dry_Leaf,Correct,0.999999
datasets/test/Anthrax_Leaf/Anthrax_Leaf00143.jpg,Anthrax_Leaf,Bituminous_Leaf,Incorrect,0.822399
datasets/test/Healthy_Leaf/Healthy_Leaf00443.jpg,Healthy_Leaf,Healthy_Leaf,Correct,0.999823
datasets/test/Healthy_Leaf/Healthy_Leaf00347.jpg,Healthy_Leaf,Healthy_Leaf,Correct,0.999959
datasets/test/Anthrax_Leaf/Anthrax_Leaf00002.jpg,Anthrax_Leaf,Anthrax_Leaf,Correct,0.986702
datasets/train/Felt_Leaf/Felt_Leaf00305.jpg,Felt_Leaf,Felt_Leaf,Correct,0.999970
datasets/test/Fungal_Leaf_Spot/Fungal_Leaf_Spot00041.jpg,Fungal_Leaf_Spot,Fungal_Leaf_Spot,Correct,0.999997
datasets/test/Leaf_Gall/Leaf_Gall00075.jpg,Leaf_Gall,Leaf_Gall,Correct,0.998221
datasets/test/Dry_Leaf/Dry_Leaf00240.jpg,Dry_Leaf,Dry_Leaf,Correct,0.997921
datasets/train/Leaf_Gall/Leaf_Gall00349.jpg,Leaf_Gall,Leaf_Gall,Correct,0.994787
datasets/test/Fungal_Leaf_Spot/Fungal_Leaf_Spot00532.jpg,Fungal_Leaf_Spot,Fungal_Leaf_Spot,Correct,0.999990
datasets/train/Leaf_Gall/Leaf_Gall00165.jpg,Leaf_Gall,Leaf_Gall,Correct,0.989873
datasets/train/Felt_Leaf/Felt_Leaf00098.jpg,Felt_Leaf,Felt_Leaf,Correct,0.999490
datasets/test/Leaf_Blight/Leaf_Blight00339.jpg,Leaf_Blight,Leaf_Blight,Correct,1.000000
datasets/test/Leaf_Blight/Leaf_Blight00306.jpg,Leaf_Blight,Leaf_Blight,Correct,0.999753
datasets/train/Bituminous_Leaf/Bituminous_Leaf00005.jpg,Bituminous_Leaf,Bituminous_Leaf,Correct,0.999985
datasets/test/Felt_Leaf/Felt_Leaf00352.jpg,Felt_Leaf,Felt_Leaf,Correct,0.986606
datasets/train/Bituminous_Leaf/Bituminous_Leaf00108.jpg,Bituminous_Leaf,Bituminous_Leaf,Correct,0.999989
datasets/test/Healthy_Leaf/Healthy_Leaf00601.jpg,Healthy_Leaf,Healthy_Leaf,Correct,0.999946
datasets/test/Anthrax_Leaf/Anthrax_Leaf00017.jpg,Anthrax_Leaf,Anthrax_Leaf,Correct,0.999301
datasets/train/Leaf_Blight/Leaf_Blight00043.jpg,Leaf_Blight,Leaf_Blight,Correct,0.951815
datasets/train/Fungal_Leaf_Spot/Fungal_Leaf_Spot00446.jpg,Fungal_Leaf_Spot,Fungal_Leaf_Spot,Correct,0.999975
datasets/train/Bituminous_Leaf/Bituminous_Leaf00118.jpg,Bituminous_Leaf,Bituminous_Leaf,Correct,0.999946
datasets/test/Fungal_Leaf_Spot/Fungal_Leaf_Spot00426.jpg,Fungal_Leaf_Spot,Fungal_Leaf_Spot,Correct,0.999992
datasets/test/Healthy_Leaf/Healthy_Leaf00324.jpg,Healthy_Leaf,Healthy_Leaf,Correct,0.999966
datasets/test/Leaf_Blight/Leaf_Blight00420.jpg,Leaf_Blight,Leaf_Blight,Correct,0.997961
datasets/test/Healthy_Leaf/Healthy_Leaf00142.jpg,Healthy_Leaf,Healthy_Leaf,Correct,0.999939
datasets/train/Leaf_Gall/Leaf_Gall00324.jpg,Leaf_Gall,Leaf_Gall,Correct,0.999905
datasets/test/Deficiency_Leaf/Deficiency_Leaf00085.jpg,Deficiency_Leaf,Deficiency_Leaf,Correct,0.977695
datasets/test/Leaf_Blight/Leaf_Blight00463.jpg,Leaf_Blight,Leaf_Blight,Correct,1.000000
datasets/test/Healthy_Leaf/Healthy_Leaf00129.jpg,Healthy_Leaf,Healthy_Leaf,Correct,0.999967
datasets/train/Healthy_Leaf/Healthy_Leaf00461.jpg,Healthy_Leaf,Healthy_Leaf,Correct,0.999814
datasets/test/Leaf_Blight/Leaf_Blight00200.jpg,Leaf_Blight,Leaf_Blight,Correct,0.999961
datasets/test/Felt_Leaf/Felt_Leaf00299.jpg,Felt_Leaf,Felt_Leaf,Correct,0.988784
datasets/train/Healthy_Leaf/Healthy_Leaf00507.jpg,Healthy_Leaf,Healthy_Leaf,Correct,0.999779
datasets/train/Leaf_Gall/Leaf_Gall00355.jpg,Leaf_Gall,Leaf_Gall,Correct,0.999906
datasets/train/Dry_Leaf/Dry_Leaf00355.jpg,Dry_Leaf,Dry_Leaf,Correct,0.999962
datasets/test/Fungal_Leaf_Spot/Fungal_Leaf_Spot00389.jpg,Fungal_Leaf_Spot,Fungal_Leaf_Spot,Correct,0.999989
datasets/test/Leaf_Blight/Leaf_Blight00405.jpg,Leaf_Blight,Leaf_Blight,Correct,0.999642
datasets/test/Dry_Leaf/Dry_Leaf00111.jpg,Dry_Leaf,Dry_Leaf,Correct,0.999984
datasets/test/Leaf_Blight/Leaf_Blight00545.jpg,Leaf_Blight,Leaf_Blight,Correct,0.999861
datasets/train/Leaf_Gall/Leaf_Gall00481.jpg,Leaf_Gall,Leaf_Gall,Correct,0.999916
datasets/test/Felt_Leaf/Felt_Leaf00111.jpg,Felt_Leaf,Felt_Leaf,Correct,0.991826
datasets/train/Dry_Leaf/Dry_Leaf00233.jpg,Dry_Leaf,Dry_Leaf,Correct,0.999899
datasets/test/Leaf_Blight/Leaf_Blight00098.jpg,Leaf_Blight,Leaf_Blight,Correct,0.999987
datasets/train/Fungal_Leaf_Spot/Fungal_Leaf_Spot00106.jpg,Fungal_Leaf_Spot,Fungal_Leaf_Spot,Correct,0.996954
datasets/train/Leaf_Blight/Leaf_Blight00292.jpg,Leaf_Blight,Leaf_Blight,Correct,0.999516
datasets/test/Leaf_Blight/Leaf_Blight00005.jpg,Leaf_Blight,Leaf_Blight,Correct,0.997549
datasets/test/Leaf_Gall/Leaf_Gall00078.jpg,Leaf_Gall,Leaf_Gall,Correct,0.999961
datasets/test/Leaf_Blight/Leaf_Blight00461.jpg,Leaf_Blight,Leaf_Blight,Correct,0.999930
datasets/test/Leaf_Blight/Leaf_Blight00291.jpg,Leaf_Blight,Leaf_Blight,Correct,0.999757
datasets/test/Healthy_Leaf/Healthy_Leaf00309.jpg,Healthy_Leaf,Healthy_Leaf,Correct,0.999840
datasets/train/Leaf_Gall/Leaf_Gall00571.jpg,Leaf_Gall,Leaf_Gall,Correct,0.999856
datasets/test/Fungal_Leaf_Spot/Fungal_Leaf_Spot00559.jpg,Fungal_Leaf_Spot,Fungal_Leaf_Spot,Correct,0.999951
datasets/test/Healthy_Leaf/Healthy_Leaf00182.jpg,Healthy_Leaf,Healthy_Leaf,Correct,0.999922
datasets/train/Fungal_Leaf_Spot/Fungal_Leaf_Spot00008.jpg,Fungal_Leaf_Spot,Fungal_Leaf_Spot,Correct,0.999980
datasets/train/Healthy_Leaf/Healthy_Leaf00130.jpg,Healthy_Leaf,Healthy_Leaf,Correct,0.999986
datasets/train/Fungal_Leaf_Spot/Fungal_Leaf_Spot00254.jpg,Fungal_Leaf_Spot,Fungal_Leaf_Spot,Correct,0.999929
datasets/test/Dry_Leaf/Dry_Leaf00185.jpg,Dry_Leaf,Dry_Leaf,Correct,0.999829
datasets/train/Dry_Leaf/Dry_Leaf00006.jpg,Dry_Leaf,Dry_Leaf,Correct,0.998168
datasets/test/Felt_Leaf/Felt_Leaf00182.jpg,Felt_Leaf,Felt_Leaf,Correct,0.917991
datasets/train/Bituminous_Leaf/Bituminous_Leaf00029.jpg,Bituminous_Leaf,Bituminous_Leaf,Correct,0.999990
datasets/train/Dry_Leaf/Dry_Leaf00199.jpg,Dry_Leaf,Dry_Leaf,Correct,0.999923
datasets/train/Felt_Leaf/Felt_Leaf00148.jpg,Felt_Leaf,Felt_Leaf,Correct,0.730324
datasets/test/Dry_Leaf/Dry_Leaf00364.jpg,Dry_Leaf,Dry_Leaf,Correct,0.990181
datasets/test/Dry_Leaf/Dry_Leaf00282.jpg,Dry_Leaf,Dry_Leaf,Correct,0.999986
datasets/test/Leaf_Blight/Leaf_Blight00400.jpg,Leaf_Blight,Leaf_Blight,Correct,0.999941
datasets/test/Healthy_Leaf/Healthy_Leaf00503.jpg,Healthy_Leaf,Healthy_Leaf,Correct,0.999936
datasets/test/Fungal_Leaf_Spot/Fungal_Leaf_Spot00144.jpg,Fungal_Leaf_Spot,Fungal_Leaf_Spot,Correct,0.999922
datasets/train/Felt_Leaf/Felt_Leaf00132.jpg,Felt_Leaf,Felt_Leaf,Correct,0.998829
datasets/test/Healthy_Leaf/Healthy_Leaf00620.jpg,Healthy_Leaf,Healthy_Leaf,Correct,0.999958
datasets/train/Healthy_Leaf/Healthy_Leaf00056.jpg,Healthy_Leaf,Healthy_Leaf,Correct,0.999981
datasets/train/Anthrax_Leaf/Anthrax_Leaf00094.jpg,Anthrax_Leaf,Anthrax_Leaf,Correct,0.971786
datasets/test/Deficiency_Leaf/Deficiency_Leaf00100.jpg,Deficiency_Leaf,Deficiency_Leaf,Correct,0.999785
datasets/train/Felt_Leaf/Felt_Leaf00254.jpg,Felt_Leaf,Felt_Leaf,Correct,0.999505
datasets/test/Leaf_Blight/Leaf_Blight00229.jpg,Leaf_Blight,Leaf_Blight,Correct,0.999999
datasets/train/Curl_Leaf/Curl_Leaf00165.jpg,Curl_Leaf,Curl_Leaf,Correct,0.999961
datasets/test/Leaf_Gall/Leaf_Gall00091.jpg,Leaf_Gall,Leaf_Gall,Correct,0.999989
datasets/train/Fungal_Leaf_Spot/Fungal_Leaf_Spot00489.jpg,Fungal_Leaf_Spot,Fungal_Leaf_Spot,Correct,0.999994
datasets/train/Healthy_Leaf/Healthy_Leaf00172.jpg,Healthy_Leaf,Healthy_Leaf,Correct,0.999988
datasets/test/Felt_Leaf/Felt_Leaf00209.jpg,Felt_Leaf,Felt_Leaf,Correct,0.362362
datasets/test/Felt_Leaf/Felt_Leaf00360.jpg,Felt_Leaf,Felt_Leaf,Correct,0.995130
datasets/train/Healthy_Leaf/Healthy_Leaf00147.jpg,Healthy_Leaf,Healthy_Leaf,Correct,0.999972
datasets/train/Leaf_Gall/Leaf_Gall00118.jpg,Leaf_Gall,Leaf_Gall,Correct,0.999907
datasets/test/Leaf_Gall/Leaf_Gall00160.jpg,Leaf_Gall,Leaf_Gall,Correct,0.999988
datasets/test/Leaf_Gall/Leaf_Gall00549.jpg,Leaf_Gall,Leaf_Gall,Correct,0.999988
datasets/test/Healthy_Leaf/Healthy_Leaf00067.jpg,Healthy_Leaf,Healthy_Leaf,Correct,0.999983
datasets/test/Fungal_Leaf_Spot/Fungal_Leaf_Spot00158.jpg,Fungal_Leaf_Spot,Fungal_Leaf_Spot,Correct,0.999942
datasets/test/Leaf_Blight/Leaf_Blight00122.jpg,Leaf_Blight,Leaf_Blight,Correct,0.999960
datasets/test/Healthy_Leaf/Healthy_Leaf00075.jpg,Healthy_Leaf,Healthy_Leaf,Correct,0.999987
datasets/test/Leaf_Gall/Leaf_Gall00542.jpg,Leaf_Gall,Leaf_Gall,Correct,0.999916
datasets/train/Felt_Leaf/Felt_Leaf00342.jpg,Felt_Leaf,Felt_Leaf,Correct,0.998699
datasets/test/Dry_Leaf/Dry_Leaf00229.jpg,Dry_Leaf,Dry_Leaf,Correct,0.999994
datasets/test/Dry_Leaf/Dry_Leaf00312.jpg,Dry_Leaf,Dry_Leaf,Correct,0.999879
datasets/test/Healthy_Leaf/Healthy_Leaf00380.jpg,Healthy_Leaf,Healthy_Leaf,Correct,0.999699
datasets/train/Felt_Leaf/Felt_Leaf00255.jpg,Felt_Leaf,Felt_Leaf,Correct,0.976027
datasets/train/Leaf_Gall/Leaf_Gall00224.jpg,Leaf_Gall,Leaf_Gall,Correct,0.999914
datasets/test/Felt_Leaf/Felt_Leaf00325.jpg,Felt_Leaf,Felt_Leaf,Correct,0.999888
datasets/test/Leaf_Gall/Leaf_Gall00023.jpg,Leaf_Gall,Leaf_Gall,Correct,0.999369
datasets/test/Fungal_Leaf_Spot/Fungal_Leaf_Spot00511.jpg,Fungal_Leaf_Spot,Fungal_Leaf_Spot,Correct,1.000000
datasets/train/Fungal_Leaf_Spot/Fungal_Leaf_Spot00502.jpg,Fungal_Leaf_Spot,Fungal_Leaf_Spot,Correct,1.000000
datasets/train/Bituminous_Leaf/Bituminous_Leaf00057.jpg,Bituminous_Leaf,Bituminous_Leaf,Correct,0.999624
datasets/train/Dry_Leaf/Dry_Leaf00369.jpg,Dry_Leaf,Dry_Leaf,Correct,0.999987
datasets/test/Healthy_Leaf/Healthy_Leaf00563.jpg,Healthy_Leaf,Healthy_Leaf,Correct,0.947783
datasets/test/Bituminous_Leaf/Bituminous_Leaf00074.jpg,Bituminous_Leaf,Bituminous_Leaf,Correct,0.999746
datasets/train/Healthy_Leaf/Healthy_Leaf00026.jpg,Healthy_Leaf,Healthy_Leaf,Correct,0.999979
datasets/train/Leaf_Blight/Leaf_Blight00315.jpg,Leaf_Blight,Leaf_Blight,Correct,0.999883
datasets/test/Fungal_Leaf_Spot/Fungal_Leaf_Spot00565.jpg,Fungal_Leaf_Spot,Fungal_Leaf_Spot,Correct,0.999917
datasets/test/Dry_Leaf/Dry_Leaf00058.jpg,Dry_Leaf,Dry_Leaf,Correct,0.999987
datasets/train/Curl_Leaf/Curl_Leaf00152.jpg,Curl_Leaf,Curl_Leaf,Correct,0.999494
datasets/test/Anthrax_Leaf/Anthrax_Leaf00108.jpg,Anthrax_Leaf,Anthrax_Leaf,Correct,0.996849
datasets/train/Leaf_Gall/Leaf_Gall00137.jpg,Leaf_Gall,Leaf_Gall,Correct,0.999994
datasets/test/Leaf_Gall/Leaf_Gall00089.jpg,Leaf_Gall,Leaf_Gall,Correct,1.000000
datasets/test/Bituminous_Leaf/Bituminous_Leaf00003.jpg,Bituminous_Leaf,Bituminous_Leaf,Correct,0.999969
datasets/train/Healthy_Leaf/Healthy_Leaf00599.jpg,Healthy_Leaf,Healthy_Leaf,Correct,0.999942
datasets/test/Leaf_Blight/Leaf_Blight00520.jpg,Leaf_Blight,Leaf_Blight,Correct,0.999997
datasets/test/Bituminous_Leaf/Bituminous_Leaf00021.jpg,Bituminous_Leaf,Bituminous_Leaf,Correct,0.997993
datasets/train/Dry_Leaf/Dry_Leaf00313.jpg,Dry_Leaf,Dry_Leaf,Correct,0.999970
datasets/test/Bituminous_Leaf/Bituminous_Leaf00090.jpg,Bituminous_Leaf,Bituminous_Leaf,Correct,0.999885
datasets/test/Leaf_Gall/Leaf_Gall00475.jpg,Leaf_Gall,Leaf_Gall,Correct,0.999949
datasets/train/Leaf_Gall/Leaf_Gall00086.jpg,Leaf_Gall,Leaf_Gall,Correct,0.999951
datasets/test/Dry_Leaf/Dry_Leaf00219.jpg,Dry_Leaf,Dry_Leaf,Correct,0.978866
datasets/test/Curl_Leaf/Curl_Leaf00081.jpg,Curl_Leaf,Curl_Leaf,Correct,0.999330
datasets/test/Leaf_Blight/Leaf_Blight00277.jpg,Leaf_Blight,Leaf_Blight,Correct,0.999994
datasets/train/Leaf_Gall/Leaf_Gall00140.jpg,Leaf_Gall,Leaf_Gall,Correct,0.999796
datasets/train/Leaf_Gall/Leaf_Gall00062.jpg,Leaf_Gall,Leaf_Gall,Correct,0.999619
datasets/train/Leaf_Gall/Leaf_Gall00093.jpg,Leaf_Gall,Leaf_Gall,Correct,0.999953
datasets/train/Anthrax_Leaf/Anthrax_Leaf00105.jpg,Anthrax_Leaf,Anthrax_Leaf,Correct,0.970024
datasets/train/Dry_Leaf/Dry_Leaf00110.jpg,Dry_Leaf,Dry_Leaf,Correct,0.999991
datasets/train/Leaf_Gall/Leaf_Gall00464.jpg,Leaf_Gall,Leaf_Gall,Correct,0.477863
datasets/test/Bituminous_Leaf/Bituminous_Leaf00133.jpg,Bituminous_Leaf,Bituminous_Leaf,Correct,0.999980
datasets/test/Healthy_Leaf/Healthy_Leaf00413.jpg,Healthy_Leaf,Healthy_Leaf,Correct,0.999913
datasets/test/Healthy_Leaf/Healthy_Leaf00526.jpg,Healthy_Leaf,Healthy_Leaf,Correct,0.999028
datasets/test/Healthy_Leaf/Healthy_Leaf00547.jpg,Healthy_Leaf,Healthy_Leaf,Correct,0.995792
datasets/test/Dry_Leaf/Dry_Leaf00181.jpg,Dry_Leaf,Dry_Leaf,Correct,0.996626
datasets/train/Fungal_Leaf_Spot/Fungal_Leaf_Spot00184.jpg,Fungal_Leaf_Spot,Fungal_Leaf_Spot,Correct,0.999997
datasets/test/Dry_Leaf/Dry_Leaf00208.jpg,Dry_Leaf,Dry_Leaf,Correct,0.998790
datasets/test/Dry_Leaf/Dry_Leaf00221.jpg,Dry_Leaf,Dry_Leaf,Correct,0.999879
datasets/train/Leaf_Gall/Leaf_Gall00554.jpg,Leaf_Gall,Leaf_Gall,Correct,0.999993
datasets/train/Leaf_Gall/Leaf_Gall00240.jpg,Leaf_Gall,Leaf_Gall,Correct,0.999914
datasets/train/Felt_Leaf/Felt_Leaf00118.jpg,Felt_Leaf,Felt_Leaf,Correct,0.997331
datasets/test/Leaf_Blight/Leaf_Blight00583.jpg,Leaf_Blight,Leaf_Blight,Correct,0.994639
datasets/test/Leaf_Blight/Leaf_Blight00087.jpg,Leaf_Blight,Leaf_Blight,Correct,0.995865
datasets/test/Dry_Leaf/Dry_Leaf00150.jpg,Dry_Leaf,Dry_Leaf,Correct,0.999626
datasets/test/Fungal_Leaf_Spot/Fungal_Leaf_Spot00109.jpg,Fungal_Leaf_Spot,Fungal_Leaf_Spot,Correct,0.984849
datasets/test/Leaf_Blight/Leaf_Blight00472.jpg,Leaf_Blight,Leaf_Blight,Correct,0.999997
datasets/train/Leaf_Gall/Leaf_Gall00412.jpg,Leaf_Gall,Leaf_Gall,Correct,0.999482
datasets/test/Leaf_Blight/Leaf_Blight00052.jpg,Leaf_Blight,Leaf_Blight,Correct,0.989461
datasets/train/Healthy_Leaf/Healthy_Leaf00495.jpg,Healthy_Leaf,Healthy_Leaf,Correct,0.974155
datasets/train/Healthy_Leaf/Healthy_Leaf00049.jpg,Healthy_Leaf,Healthy_Leaf,Correct,0.999982
datasets/train/Leaf_Gall/Leaf_Gall00186.jpg,Leaf_Gall,Leaf_Gall,Correct,0.999573
datasets/train/Felt_Leaf/Felt_Leaf00168.jpg,Felt_Leaf,Felt_Leaf,Correct,0.999743
datasets/test/Leaf_Blight/Leaf_Blight00305.jpg,Leaf_Blight,Leaf_Blight,Correct,0.999930
datasets/test/Healthy_Leaf/Healthy_Leaf00626.jpg,Healthy_Leaf,Healthy_Leaf,Correct,0.999780
datasets/train/Leaf_Blight/Leaf_Blight00282.jpg,Leaf_Blight,Leaf_Blight,Correct,0.999994
datasets/test/Felt_Leaf/Felt_Leaf00279.jpg,Felt_Leaf,Felt_Leaf,Correct,0.825274
datasets/test/Leaf_Blight/Leaf_Blight00469.jpg,Leaf_Blight,Leaf_Blight,Correct,0.999820
datasets/test/Leaf_Gall/Leaf_Gall00524.jpg,Leaf_Gall,Leaf_Gall,Correct,0.984149
datasets/test/Healthy_Leaf/Healthy_Leaf00279.jpg,Healthy_Leaf,Healthy_Leaf,Correct,0.999959
datasets/train/Leaf_Gall/Leaf_Gall00516.jpg,Leaf_Gall,Leaf_Gall,Correct,0.999968
datasets/test/Dry_Leaf/Dry_Leaf00088.jpg,Dry_Leaf,Dry_Leaf,Correct,0.999949
datasets/test/Anthrax_Leaf/Anthrax_Leaf00104.jpg,Anthrax_Leaf,Anthrax_Leaf,Correct,0.999879
datasets/train/Felt_Leaf/Felt_Leaf00091.jpg,Felt_Leaf,Felt_Leaf,Correct,0.999954
datasets/test/Felt_Leaf/Felt_Leaf00341.jpg,Felt_Leaf,Felt_Leaf,Correct,0.997212
datasets/test/Bituminous_Leaf/Bituminous_Leaf00120.jpg,Bituminous_Leaf,Bituminous_Leaf,Correct,0.994615
datasets/test/Bituminous_Leaf/Bituminous_Leaf00072.jpg,Bituminous_Leaf,Bituminous_Leaf,Correct,0.999973
datasets/test/Fungal_Leaf_Spot/Fungal_Leaf_Spot00291.jpg,Fungal_Leaf_Spot,Fungal_Leaf_Spot,Correct,0.999993
datasets/train/Healthy_Leaf/Healthy_Leaf00034.jpg,Healthy_Leaf,Healthy_Leaf,Correct,0.999900
datasets/train/Leaf_Gall/Leaf_Gall00145.jpg,Leaf_Gall,Leaf_Gall,Correct,0.999941
datasets/train/Leaf_Gall/Leaf_Gall00361.jpg,Leaf_Gall,Leaf_Gall,Correct,0.996668
datasets/test/Leaf_Gall/Leaf_Gall00452.jpg,Leaf_Gall,Leaf_Gall,Correct,0.996280
datasets/train/Fungal_Leaf_Spot/Fungal_Leaf_Spot00072.jpg,Fungal_Leaf_Spot,Fungal_Leaf_Spot,Correct,0.999980
datasets/test/Fungal_Leaf_Spot/Fungal_Leaf_Spot00564.jpg,Fungal_Leaf_Spot,Fungal_Leaf_Spot,Correct,0.999823
datasets/train/Leaf_Blight/Leaf_Blight00486.jpg,Leaf_Blight,Leaf_Blight,Correct,0.999959
datasets/test/Anthrax_Leaf/Anthrax_Leaf00020.jpg,Anthrax_Leaf,Anthrax_Leaf,Correct,0.998848
datasets/test/Dry_Leaf/Dry_Leaf00144.jpg,Dry_Leaf,Dry_Leaf,Correct,0.999808
datasets/test/Dry_Leaf/Dry_Leaf00204.jpg,Dry_Leaf,Dry_Leaf,Correct,0.999967
datasets/train/Healthy_Leaf/Healthy_Leaf00236.jpg,Healthy_Leaf,Healthy_Leaf,Correct,0.999988
datasets/test/Fungal_Leaf_Spot/Fungal_Leaf_Spot00530.jpg,Fungal_Leaf_Spot,Fungal_Leaf_Spot,Correct,1.000000
datasets/test/Felt_Leaf/Felt_Leaf00058.jpg,Felt_Leaf,Felt_Leaf,Correct,0.990694
datasets/train/Healthy_Leaf/Healthy_Leaf00137.jpg,Healthy_Leaf,Healthy_Leaf,Correct,0.999943
datasets/train/Curl_Leaf/Curl_Leaf00004.jpg,Curl_Leaf,Curl_Leaf,Correct,0.999790
datasets/test/Felt_Leaf/Felt_Leaf00249.jpg,Felt_Leaf,Felt_Leaf,Correct,0.999991
datasets/test/Leaf_Blight/Leaf_Blight00375.jpg,Leaf_Blight,Leaf_Blight,Correct,0.999985
datasets/test/Fungal_Leaf_Spot/Fungal_Leaf_Spot00173.jpg,Fungal_Leaf_Spot,Fungal_Leaf_Spot,Correct,1.000000
datasets/train/Fungal_Leaf_Spot/Fungal_Leaf_Spot00090.jpg,Fungal_Leaf_Spot,Fungal_Leaf_Spot,Correct,0.999989
datasets/test/Deficiency_Leaf/Deficiency_Leaf00086.jpg,Deficiency_Leaf,Deficiency_Leaf,Correct,0.997862
datasets/train/Leaf_Gall/Leaf_Gall00528.jpg,Leaf_Gall,Leaf_Gall,Correct,0.999749
datasets/train/Anthrax_Leaf/Anthrax_Leaf00136.jpg,Anthrax_Leaf,Anthrax_Leaf,Correct,0.999997
datasets/train/Bituminous_Leaf/Bituminous_Leaf00030.jpg,Bituminous_Leaf,Bituminous_Leaf,Correct,0.999994
datasets/test/Leaf_Gall/Leaf_Gall00011.jpg,Leaf_Gall,Leaf_Gall,Correct,0.999876
datasets/test/Healthy_Leaf/Healthy_Leaf00237.jpg,Healthy_Leaf,Healthy_Leaf,Correct,0.999990
datasets/test/Leaf_Gall/Leaf_Gall00210.jpg,Leaf_Gall,Leaf_Gall,Correct,0.999985
datasets/test/Leaf_Gall/Leaf_Gall00580.jpg,Leaf_Gall,Leaf_Gall,Correct,0.995805
datasets/test/Healthy_Leaf/Healthy_Leaf00153.jpg,Healthy_Leaf,Healthy_Leaf,Correct,0.999551
datasets/test/Felt_Leaf/Felt_Leaf00203.jpg,Felt_Leaf,Felt_Leaf,Correct,0.999467
datasets/train/Bituminous_Leaf/Bituminous_Leaf00054.jpg,Bituminous_Leaf,Bituminous_Leaf,Correct,0.999007
datasets/test/Deficiency_Leaf/Deficiency_Leaf00040.jpg,Deficiency_Leaf,Deficiency_Leaf,Correct,1.000000
datasets/train/Leaf_Blight/Leaf_Blight00216.jpg,Leaf_Blight,Leaf_Blight,Correct,0.863345
datasets/test/Leaf_Gall/Leaf_Gall00595.jpg,Leaf_Gall,Leaf_Gall,Correct,0.999983
datasets/train/Leaf_Blight/Leaf_Blight00515.jpg,Leaf_Blight,Leaf_Blight,Correct,0.999907
datasets/test/Felt_Leaf/Felt_Leaf00124.jpg,Felt_Leaf,Felt_Leaf,Correct,0.999838
datasets/test/Felt_Leaf/Felt_Leaf00062.jpg,Felt_Leaf,Felt_Leaf,Correct,0.999834
datasets/test/Fungal_Leaf_Spot/Fungal_Leaf_Spot00456.jpg,Fungal_Leaf_Spot,Fungal_Leaf_Spot,Correct,0.999443
datasets/test/Dry_Leaf/Dry_Leaf00321.jpg,Dry_Leaf,Dry_Leaf,Correct,0.999988
datasets/train/Fungal_Leaf_Spot/Fungal_Leaf_Spot00341.jpg,Fungal_Leaf_Spot,Fungal_Leaf_Spot,Correct,0.999454
datasets/test/Felt_Leaf/Felt_Leaf00150.jpg,Felt_Leaf,Felt_Leaf,Correct,0.716521
datasets/train/Healthy_Leaf/Healthy_Leaf00444.jpg,Healthy_Leaf,Healthy_Leaf,Correct,0.999833
datasets/train/Felt_Leaf/Felt_Leaf00270.jpg,Felt_Leaf,Felt_Leaf,Correct,0.998896
datasets/test/Dry_Leaf/Dry_Leaf00051.jpg,Dry_Leaf,Dry_Leaf,Correct,0.999623
datasets/test/Leaf_Blight/Leaf_Blight00484.jpg,Leaf_Blight,Leaf_Blight,Correct,0.999972
datasets/train/Fungal_Leaf_Spot/Fungal_Leaf_Spot00212.jpg,Fungal_Leaf_Spot,Fungal_Leaf_Spot,Correct,0.999976
datasets/train/Anthrax_Leaf/Anthrax_Leaf00064.jpg,Anthrax_Leaf,Anthrax_Leaf,Correct,0.999962
datasets/train/Leaf_Gall/Leaf_Gall00497.jpg,Leaf_Gall,Leaf_Gall,Correct,0.999439
datasets/test/Leaf_Blight/Leaf_Blight00131.jpg,Leaf_Blight,Leaf_Blight,Correct,0.999944
datasets/train/Healthy_Leaf/Healthy_Leaf00082.jpg,Healthy_Leaf,Healthy_Leaf,Correct,0.999900
datasets/test/Fungal_Leaf_Spot/Fungal_Leaf_Spot00402.jpg,Fungal_Leaf_Spot,Fungal_Leaf_Spot,Correct,0.999998
datasets/train/Dry_Leaf/Dry_Leaf00224.jpg,Dry_Leaf,Dry_Leaf,Correct,0.999647
datasets/test/Healthy_Leaf/Healthy_Leaf00081.jpg,Healthy_Leaf,Healthy_Leaf,Correct,0.999920
datasets/train/Healthy_Leaf/Healthy_Leaf00186.jpg,Healthy_Leaf,Healthy_Leaf,Correct,0.999954
datasets/test/Dry_Leaf/Dry_Leaf00278.jpg,Dry_Leaf,Dry_Leaf,Correct,0.999912
datasets/train/Dry_Leaf/Dry_Leaf00105.jpg,Dry_Leaf,Dry_Leaf,Correct,0.999988
datasets/train/Dry_Leaf/Dry_Leaf00054.jpg,Dry_Leaf,Dry_Leaf,Correct,0.999946
datasets/test/Dry_Leaf/Dry_Leaf00288.jpg,Dry_Leaf,Dry_Leaf,Correct,0.999988
datasets/train/Dry_Leaf/Dry_Leaf00081.jpg,Dry_Leaf,Dry_Leaf,Correct,0.999958
datasets/test/Dry_Leaf/Dry_Leaf00337.jpg,Dry_Leaf,Dry_Leaf,Correct,0.999936
datasets/test/Fungal_Leaf_Spot/Fungal_Leaf_Spot00146.jpg,Fungal_Leaf_Spot,Fungal_Leaf_Spot,Correct,0.999991
datasets/train/Deficiency_Leaf/Deficiency_Leaf00006.jpg,Deficiency_Leaf,Deficiency_Leaf,Correct,0.997961
datasets/test/Deficiency_Leaf/Deficiency_Leaf00041.jpg,Deficiency_Leaf,Deficiency_Leaf,Correct,0.999953
datasets/test/Fungal_Leaf_Spot/Fungal_Leaf_Spot00535.jpg,Fungal_Leaf_Spot,Fungal_Leaf_Spot,Correct,0.999920
datasets/test/Leaf_Blight/Leaf_Blight00069.jpg,Leaf_Blight,Leaf_Blight,Correct,0.999951
datasets/test/Fungal_Leaf_Spot/Fungal_Leaf_Spot00549.jpg,Fungal_Leaf_Spot,Fungal_Leaf_Spot,Correct,0.999987
datasets/test/Healthy_Leaf/Healthy_Leaf00575.jpg,Healthy_Leaf,Healthy_Leaf,Correct,0.999940
datasets/test/Healthy_Leaf/Healthy_Leaf00414.jpg,Healthy_Leaf,Healthy_Leaf,Correct,0.998914
datasets/test/Leaf_Gall/Leaf_Gall00490.jpg,Leaf_Gall,Leaf_Gall,Correct,0.999970
datasets/test/Felt_Leaf/Felt_Leaf00251.jpg,Felt_Leaf,Felt_Leaf,Correct,0.999948
datasets/train/Dry_Leaf/Dry_Leaf00276.jpg,Dry_Leaf,Dry_Leaf,Correct,0.999095
datasets/train/Deficiency_Leaf/Deficiency_Leaf00082.jpg,Deficiency_Leaf,Deficiency_Leaf,Correct,0.976103
datasets/train/Leaf_Gall/Leaf_Gall00456.jpg,Leaf_Gall,Leaf_Gall,Correct,0.999471
datasets/test/Felt_Leaf/Felt_Leaf00250.jpg,Felt_Leaf,Felt_Leaf,Correct,0.999472
datasets/test/Leaf_Gall/Leaf_Gall00301.jpg,Leaf_Gall,Leaf_Gall,Correct,0.999975
datasets/test/Fungal_Leaf_Spot/Fungal_Leaf_Spot00381.jpg,Fungal_Leaf_Spot,Fungal_Leaf_Spot,Correct,0.998175
datasets/test/Fungal_Leaf_Spot/Fungal_Leaf_Spot00131.jpg,Fungal_Leaf_Spot,Fungal_Leaf_Spot,Correct,0.999953
datasets/test/Leaf_Gall/Leaf_Gall00294.jpg,Leaf_Gall,Leaf_Gall,Correct,0.999979
datasets/test/Leaf_Blight/Leaf_Blight00587.jpg,Leaf_Blight,Leaf_Blight,Correct,0.999095
datasets/test/Curl_Leaf/Curl_Leaf00132.jpg,Curl_Leaf,Curl_Leaf,Correct,0.999982
datasets/test/Leaf_Gall/Leaf_Gall00367.jpg,Leaf_Gall,Leaf_Gall,Correct,0.999425
datasets/train/Leaf_Gall/Leaf_Gall00491.jpg,Leaf_Gall,Leaf_Gall,Correct,0.999986
datasets/train/Dry_Leaf/Dry_Leaf00374.jpg,Dry_Leaf,Dry_Leaf,Correct,0.998757
datasets/test/Anthrax_Leaf/Anthrax_Leaf00061.jpg,Anthrax_Leaf,Anthrax_Leaf,Correct,0.976693
datasets/train/Leaf_Blight/Leaf_Blight00422.jpg,Leaf_Blight,Leaf_Blight,Correct,0.972319
datasets/train/Fungal_Leaf_Spot/Fungal_Leaf_Spot00094.jpg,Fungal_Leaf_Spot,Fungal_Leaf_Spot,Correct,0.999767
datasets/test/Curl_Leaf/Curl_Leaf00096.jpg,Curl_Leaf,Curl_Leaf,Correct,0.999551
datasets/test/Fungal_Leaf_Spot/Fungal_Leaf_Spot00512.jpg,Fungal_Leaf_Spot,Fungal_Leaf_Spot,Correct,0.999997
datasets/train/Healthy_Leaf/Healthy_Leaf00305.jpg,Healthy_Leaf,Healthy_Leaf,Correct,0.999974
datasets/train/Dry_Leaf/Dry_Leaf00015.jpg,Dry_Leaf,Dry_Leaf,Correct,0.998550
datasets/test/Healthy_Leaf/Healthy_Leaf00125.jpg,Healthy_Leaf,Healthy_Leaf,Correct,0.999995
datasets/train/Healthy_Leaf/Healthy_Leaf00189.jpg,Healthy_Leaf,Healthy_Leaf,Correct,0.999996
datasets/test/Healthy_Leaf/Healthy_Leaf00516.jpg,Healthy_Leaf,Leaf_Gall,Incorrect,0.644346
datasets/test/Deficiency_Leaf/Deficiency_Leaf00076.jpg,Deficiency_Leaf,Deficiency_Leaf,Correct,0.998849
datasets/test/Healthy_Leaf/Healthy_Leaf00332.jpg,Healthy_Leaf,Healthy_Leaf,Correct,0.999964
datasets/train/Healthy_Leaf/Healthy_Leaf00621.jpg,Healthy_Leaf,Healthy_Leaf,Correct,0.999958
datasets/test/Felt_Leaf/Felt_Leaf00210.jpg,Felt_Leaf,Felt_Leaf,Correct,0.999670
datasets/train/Leaf_Blight/Leaf_Blight00040.jpg,Leaf_Blight,Leaf_Blight,Correct,0.999992
datasets/test/Healthy_Leaf/Healthy_Leaf00532.jpg,Healthy_Leaf,Healthy_Leaf,Correct,0.999715
datasets/test/Bituminous_Leaf/Bituminous_Leaf00017.jpg,Bituminous_Leaf,Bituminous_Leaf,Correct,0.999842
datasets/test/Healthy_Leaf/Healthy_Leaf00483.jpg,Healthy_Leaf,Healthy_Leaf,Correct,0.999054
datasets/train/Dry_Leaf/Dry_Leaf00217.jpg,Dry_Leaf,Dry_Leaf,Correct,0.994939
datasets/test/Leaf_Blight/Leaf_Blight00318.jpg,Leaf_Blight,Leaf_Blight,Correct,0.999936
datasets/test/Healthy_Leaf/Healthy_Leaf00560.jpg,Healthy_Leaf,Healthy_Leaf,Correct,0.996012
datasets/test/Felt_Leaf/Felt_Leaf00233.jpg,Felt_Leaf,Felt_Leaf,Correct,0.999786
datasets/test/Dry_Leaf/Dry_Leaf00179.jpg,Dry_Leaf,Dry_Leaf,Correct,0.999962
datasets/test/Leaf_Blight/Leaf_Blight00245.jpg,Leaf_Blight,Leaf_Blight,Correct,0.997880
datasets/test/Leaf_Blight/Leaf_Blight00567.jpg,Leaf_Blight,Leaf_Blight,Correct,0.999846
datasets/test/Leaf_Blight/Leaf_Blight00079.jpg,Leaf_Blight,Leaf_Blight,Correct,0.967418
datasets/train/Healthy_Leaf/Healthy_Leaf00254.jpg,Healthy_Leaf,Healthy_Leaf,Correct,0.999876
datasets/train/Leaf_Blight/Leaf_Blight00243.jpg,Leaf_Blight,Leaf_Blight,Correct,0.999780
datasets/train/Leaf_Gall/Leaf_Gall00557.jpg,Leaf_Gall,Leaf_Gall,Correct,1.000000
datasets/test/Leaf_Blight/Leaf_Blight00111.jpg,Leaf_Blight,Leaf_Blight,Correct,0.900444
datasets/test/Healthy_Leaf/Healthy_Leaf00401.jpg,Healthy_Leaf,Healthy_Leaf,Correct,0.999799
datasets/test/Anthrax_Leaf/Anthrax_Leaf00011.jpg,Anthrax_Leaf,Anthrax_Leaf,Correct,0.822777
datasets/train/Curl_Leaf/Curl_Leaf00170.jpg,Curl_Leaf,Curl_Leaf,Correct,0.999991
datasets/test/Leaf_Gall/Leaf_Gall00482.jpg,Leaf_Gall,Leaf_Gall,Correct,0.999429
datasets/train/Leaf_Gall/Leaf_Gall00272.jpg,Leaf_Gall,Leaf_Gall,Correct,0.999770
datasets/train/Healthy_Leaf/Healthy_Leaf00023.jpg,Healthy_Leaf,Healthy_Leaf,Correct,0.999995
datasets/test/Dry_Leaf/Dry_Leaf00041.jpg,Dry_Leaf,Dry_Leaf,Correct,0.999947
datasets/test/Dry_Leaf/Dry_Leaf00273.jpg,Dry_Leaf,Dry_Leaf,Correct,0.999959
datasets/train/Healthy_Leaf/Healthy_Leaf00240.jpg,Healthy_Leaf,Healthy_Leaf,Correct,0.999941
datasets/test/Leaf_Blight/Leaf_Blight00561.jpg,Leaf_Blight,Leaf_Blight,Correct,0.999963
datasets/test/Healthy_Leaf/Healthy_Leaf00246.jpg,Healthy_Leaf,Healthy_Leaf,Correct,0.999627
datasets/test/Dry_Leaf/Dry_Leaf00197.jpg,Dry_Leaf,Dry_Leaf,Correct,0.999984
datasets/test/Dry_Leaf/Dry_Leaf00155.jpg,Dry_Leaf,Dry_Leaf,Correct,0.999705
datasets/test/Fungal_Leaf_Spot/Fungal_Leaf_Spot00566.jpg,Fungal_Leaf_Spot,Fungal_Leaf_Spot,Correct,0.999928
datasets/train/Fungal_Leaf_Spot/Fungal_Leaf_Spot00443.jpg,Fungal_Leaf_Spot,Fungal_Leaf_Spot,Correct,0.999969
datasets/train/Anthrax_Leaf/Anthrax_Leaf00142.jpg,Anthrax_Leaf,Anthrax_Leaf,Correct,0.997401
datasets/test/Fungal_Leaf_Spot/Fungal_Leaf_Spot00441.jpg,Fungal_Leaf_Spot,Fungal_Leaf_Spot,Correct,0.999685
datasets/train/Fungal_Leaf_Spot/Fungal_Leaf_Spot00351.jpg,Fungal_Leaf_Spot,Fungal_Leaf_Spot,Correct,0.999887
datasets/train/Dry_Leaf/Dry_Leaf00248.jpg,Dry_Leaf,Dry_Leaf,Correct,0.998293
datasets/test/Fungal_Leaf_Spot/Fungal_Leaf_Spot00318.jpg,Fungal_Leaf_Spot,Fungal_Leaf_Spot,Correct,0.993487
datasets/train/Healthy_Leaf/Healthy_Leaf00263.jpg,Healthy_Leaf,Healthy_Leaf,Correct,0.999914
datasets/test/Leaf_Blight/Leaf_Blight00213.jpg,Leaf_Blight,Leaf_Blight,Correct,0.993985
datasets/test/Leaf_Blight/Leaf_Blight00549.jpg,Leaf_Blight,Leaf_Blight,Correct,0.999897
datasets/test/Fungal_Leaf_Spot/Fungal_Leaf_Spot00198.jpg,Fungal_Leaf_Spot,Fungal_Leaf_Spot,Correct,0.999955
datasets/test/Healthy_Leaf/Healthy_Leaf00248.jpg,Healthy_Leaf,Healthy_Leaf,Correct,0.999874
datasets/train/Healthy_Leaf/Healthy_Leaf00264.jpg,Healthy_Leaf,Healthy_Leaf,Correct,0.999871
datasets/test/Dry_Leaf/Dry_Leaf00132.jpg,Dry_Leaf,Dry_Leaf,Correct,0.999823
datasets/train/Healthy_Leaf/Healthy_Leaf00453.jpg,Healthy_Leaf,Healthy_Leaf,Correct,0.999826
datasets/test/Healthy_Leaf/Healthy_Leaf00294.jpg,Healthy_Leaf,Healthy_Leaf,Correct,0.999998
datasets/test/Fungal_Leaf_Spot/Fungal_Leaf_Spot00233.jpg,Fungal_Leaf_Spot,Fungal_Leaf_Spot,Correct,0.999995
datasets/train/Dry_Leaf/Dry_Leaf00247.jpg,Dry_Leaf,Dry_Leaf,Correct,0.998730
datasets/test/Leaf_Blight/Leaf_Blight00058.jpg,Leaf_Blight,Leaf_Blight,Correct,0.998682
datasets/test/Leaf_Gall/Leaf_Gall00264.jpg,Leaf_Gall,Leaf_Gall,Correct,0.998089
datasets/test/Curl_Leaf/Curl_Leaf00011.jpg,Curl_Leaf,Curl_Leaf,Correct,0.999996
datasets/test/Bituminous_Leaf/Bituminous_Leaf00091.jpg,Bituminous_Leaf,Bituminous_Leaf,Correct,0.999946
datasets/train/Healthy_Leaf/Healthy_Leaf00238.jpg,Healthy_Leaf,Healthy_Leaf,Correct,0.999461
datasets/test/Leaf_Gall/Leaf_Gall00126.jpg,Leaf_Gall,Leaf_Gall,Correct,0.999998
datasets/test/Leaf_Blight/Leaf_Blight00485.jpg,Leaf_Blight,Leaf_Blight,Correct,0.999971
datasets/train/Leaf_Blight/Leaf_Blight00404.jpg,Leaf_Blight,Leaf_Blight,Correct,0.999928
datasets/train/Healthy_Leaf/Healthy_Leaf00234.jpg,Healthy_Leaf,Healthy_Leaf,Correct,0.999917
datasets/test/Felt_Leaf/Felt_Leaf00366.jpg,Felt_Leaf,Felt_Leaf,Correct,0.911750
datasets/test/Leaf_Blight/Leaf_Blight00456.jpg,Leaf_Blight,Leaf_Blight,Correct,0.999759
datasets/test/Leaf_Gall/Leaf_Gall00391.jpg,Leaf_Gall,Leaf_Gall,Correct,0.983102
datasets/test/Leaf_Gall/Leaf_Gall00191.jpg,Leaf_Gall,Leaf_Gall,Correct,0.999943
datasets/test/Healthy_Leaf/Healthy_Leaf00389.jpg,Healthy_Leaf,Healthy_Leaf,Correct,0.999343
datasets/test/Leaf_Blight/Leaf_Blight00083.jpg,Leaf_Blight,Leaf_Blight,Correct,0.999900
datasets/test/Leaf_Gall/Leaf_Gall00016.jpg,Leaf_Gall,Leaf_Gall,Correct,0.994403
datasets/test/Curl_Leaf/Curl_Leaf00157.jpg,Curl_Leaf,Curl_Leaf,Correct,0.997004
datasets/test/Leaf_Blight/Leaf_Blight00046.jpg,Leaf_Blight,Leaf_Blight,Correct,0.999906
datasets/test/Healthy_Leaf/Healthy_Leaf00281.jpg,Healthy_Leaf,Healthy_Leaf,Correct,0.999977
datasets/test/Anthrax_Leaf/Anthrax_Leaf00140.jpg,Anthrax_Leaf,Anthrax_Leaf,Correct,0.999985
datasets/train/Fungal_Leaf_Spot/Fungal_Leaf_Spot00187.jpg,Fungal_Leaf_Spot,Fungal_Leaf_Spot,Correct,0.999875
datasets/test/Healthy_Leaf/Healthy_Leaf00292.jpg,Healthy_Leaf,Healthy_Leaf,Correct,0.999996
datasets/test/Fungal_Leaf_Spot/Fungal_Leaf_Spot00064.jpg,Fungal_Leaf_Spot,Fungal_Leaf_Spot,Correct,0.999992
datasets/train/Fungal_Leaf_Spot/Fungal_Leaf_Spot00287.jpg,Fungal_Leaf_Spot,Fungal_Leaf_Spot,Correct,0.999876
datasets/test/Felt_Leaf/Felt_Leaf00036.jpg,Felt_Leaf,Felt_Leaf,Correct,0.996602
datasets/test/Dry_Leaf/Dry_Leaf00351.jpg,Dry_Leaf,Dry_Leaf,Correct,0.999977
datasets/test/Fungal_Leaf_Spot/Fungal_Leaf_Spot00301.jpg,Fungal_Leaf_Spot,Fungal_Leaf_Spot,Correct,0.999999
datasets/train/Leaf_Blight/Leaf_Blight00280.jpg,Leaf_Blight,Leaf_Blight,Correct,0.999995
datasets/test/Fungal_Leaf_Spot/Fungal_Leaf_Spot00346.jpg,Fungal_Leaf_Spot,Fungal_Leaf_Spot,Correct,0.999990
datasets/train/Felt_Leaf/Felt_Leaf00295.jpg,Felt_Leaf,Felt_Leaf,Correct,0.926075
datasets/test/Fungal_Leaf_Spot/Fungal_Leaf_Spot00280.jpg,Fungal_Leaf_Spot,Fungal_Leaf_Spot,Correct,0.999880
datasets/test/Leaf_Blight/Leaf_Blight00497.jpg,Leaf_Blight,Leaf_Blight,Correct,0.999994
datasets/train/Leaf_Blight/Leaf_Blight00464.jpg,Leaf_Blight,Leaf_Blight,Correct,0.999999
datasets/test/Leaf_Gall/Leaf_Gall00194.jpg,Leaf_Gall,Leaf_Gall,Correct,0.999711
datasets/test/Leaf_Gall/Leaf_Gall00518.jpg,Leaf_Gall,Leaf_Gall,Correct,0.999936
datasets/train/Leaf_Blight/Leaf_Blight00443.jpg,Leaf_Blight,Leaf_Blight,Correct,0.999941
datasets/train/Dry_Leaf/Dry_Leaf00013.jpg,Dry_Leaf,Dry_Leaf,Correct,0.999761
datasets/test/Leaf_Gall/Leaf_Gall00539.jpg,Leaf_Gall,Leaf_Gall,Correct,0.999950
datasets/train/Anthrax_Leaf/Anthrax_Leaf00035.jpg,Anthrax_Leaf,Anthrax_Leaf,Correct,0.994011
datasets/test/Felt_Leaf/Felt_Leaf00187.jpg,Felt_Leaf,Felt_Leaf,Correct,0.999309
datasets/test/Healthy_Leaf/Healthy_Leaf00208.jpg,Healthy_Leaf,Healthy_Leaf,Correct,0.999989
datasets/test/Leaf_Gall/Leaf_Gall00339.jpg,Leaf_Gall,Leaf_Gall,Correct,0.727907
datasets/test/Felt_Leaf/Felt_Leaf00041.jpg,Felt_Leaf,Felt_Leaf,Correct,0.999876
datasets/test/Healthy_Leaf/Healthy_Leaf00112.jpg,Healthy_Leaf,Healthy_Leaf,Correct,0.999911
datasets/test/Deficiency_Leaf/Deficiency_Leaf00029.jpg,Deficiency_Leaf,Deficiency_Leaf,Correct,0.999855
datasets/train/Leaf_Gall/Leaf_Gall00090.jpg,Leaf_Gall,Leaf_Gall,Correct,0.999999
datasets/test/Healthy_Leaf/Healthy_Leaf00138.jpg,Healthy_Leaf,Healthy_Leaf,Correct,0.999981
datasets/train/Leaf_Blight/Leaf_Blight00454.jpg,Leaf_Blight,Leaf_Blight,Correct,0.999996
datasets/test/Felt_Leaf/Felt_Leaf00286.jpg,Felt_Leaf,Fungal_Leaf_Spot,Incorrect,0.722757
datasets/test/Felt_Leaf/Felt_Leaf00238.jpg,Felt_Leaf,Felt_Leaf,Correct,0.999499
datasets/test/Healthy_Leaf/Healthy_Leaf00549.jpg,Healthy_Leaf,Healthy_Leaf,Correct,0.999962
datasets/test/Leaf_Gall/Leaf_Gall00531.jpg,Leaf_Gall,Leaf_Gall,Correct,0.999967
datasets/train/Fungal_Leaf_Spot/Fungal_Leaf_Spot00373.jpg,Fungal_Leaf_Spot,Fungal_Leaf_Spot,Correct,0.999951
datasets/train/Curl_Leaf/Curl_Leaf00025.jpg,Curl_Leaf,Curl_Leaf,Correct,0.999955
datasets/train/Felt_Leaf/Felt_Leaf00042.jpg,Felt_Leaf,Felt_Leaf,Correct,0.999769
datasets/train/Healthy_Leaf/Healthy_Leaf00270.jpg,Healthy_Leaf,Healthy_Leaf,Correct,0.999879
datasets/train/Dry_Leaf/Dry_Leaf00032.jpg,Dry_Leaf,Dry_Leaf,Correct,0.998917
datasets/train/Leaf_Blight/Leaf_Blight00505.jpg,Leaf_Blight,Leaf_Blight,Correct,0.999335
datasets/test/Healthy_Leaf/Healthy_Leaf00171.jpg,Healthy_Leaf,Healthy_Leaf,Correct,0.999992
datasets/train/Leaf_Blight/Leaf_Blight00252.jpg,Leaf_Blight,Leaf_Blight,Correct,0.999970
datasets/test/Fungal_Leaf_Spot/Fungal_Leaf_Spot00046.jpg,Fungal_Leaf_Spot,Fungal_Leaf_Spot,Correct,1.000000
datasets/train/Felt_Leaf/Felt_Leaf00345.jpg,Felt_Leaf,Felt_Leaf,Correct,0.995967
datasets/test/Leaf_Gall/Leaf_Gall00385.jpg,Leaf_Gall,Leaf_Gall,Correct,0.999985
datasets/test/Leaf_Blight/Leaf_Blight00255.jpg,Leaf_Blight,Leaf_Blight,Correct,0.994803
datasets/train/Deficiency_Leaf/Deficiency_Leaf00002.jpg,Deficiency_Leaf,Deficiency_Leaf,Correct,0.950693
datasets/test/Leaf_Blight/Leaf_Blight00440.jpg,Leaf_Blight,Leaf_Blight,Correct,0.999995
datasets/train/Leaf_Blight/Leaf_Blight00435.jpg,Leaf_Blight,Leaf_Blight,Correct,0.999992
datasets/test/Leaf_Blight/Leaf_Blight00526.jpg,Leaf_Blight,Leaf_Blight,Correct,0.999909
datasets/train/Felt_Leaf/Felt_Leaf00263.jpg,Felt_Leaf,Felt_Leaf,Correct,0.982615
datasets/train/Dry_Leaf/Dry_Leaf00108.jpg,Dry_Leaf,Dry_Leaf,Correct,0.999993
datasets/test/Fungal_Leaf_Spot/Fungal_Leaf_Spot00308.jpg,Fungal_Leaf_Spot,Fungal_Leaf_Spot,Correct,0.999965
datasets/train/Leaf_Gall/Leaf_Gall00419.jpg,Leaf_Gall,Leaf_Gall,Correct,0.888323
datasets/test/Healthy_Leaf/Healthy_Leaf00605.jpg,Healthy_Leaf,Healthy_Leaf,Correct,0.944986
datasets/train/Curl_Leaf/Curl_Leaf00091.jpg,Curl_Leaf,Curl_Leaf,Correct,0.999593
datasets/train/Anthrax_Leaf/Anthrax_Leaf00021.jpg,Anthrax_Leaf,Anthrax_Leaf,Correct,0.992563
datasets/test/Felt_Leaf/Felt_Leaf00281.jpg,Felt_Leaf,Felt_Leaf,Correct,0.999619
datasets/train/Leaf_Blight/Leaf_Blight00483.jpg,Leaf_Blight,Leaf_Blight,Correct,0.999954
datasets/test/Leaf_Gall/Leaf_Gall00608.jpg,Leaf_Gall,Leaf_Gall,Correct,0.999813
datasets/train/Healthy_Leaf/Healthy_Leaf00115.jpg,Healthy_Leaf,Healthy_Leaf,Correct,0.999938
datasets/train/Felt_Leaf/Felt_Leaf00362.jpg,Felt_Leaf,Felt_Leaf,Correct,0.993617
datasets/train/Felt_Leaf/Felt_Leaf00127.jpg,Felt_Leaf,Felt_Leaf,Correct,0.999659
datasets/test/Leaf_Gall/Leaf_Gall00564.jpg,Leaf_Gall,Leaf_Gall,Correct,0.976441
datasets/train/Felt_Leaf/Felt_Leaf00033.jpg,Felt_Leaf,Felt_Leaf,Correct,0.999725
datasets/test/Leaf_Gall/Leaf_Gall00290.jpg,Leaf_Gall,Leaf_Gall,Correct,0.999983
datasets/test/Healthy_Leaf/Healthy_Leaf00307.jpg,Healthy_Leaf,Healthy_Leaf,Correct,0.999842
datasets/test/Leaf_Blight/Leaf_Blight00427.jpg,Leaf_Blight,Leaf_Blight,Correct,0.999985
datasets/test/Bituminous_Leaf/Bituminous_Leaf00069.jpg,Bituminous_Leaf,Bituminous_Leaf,Correct,0.998149
datasets/test/Leaf_Gall/Leaf_Gall00353.jpg,Leaf_Gall,Leaf_Gall,Correct,0.999787
datasets/test/Healthy_Leaf/Healthy_Leaf00302.jpg,Healthy_Leaf,Healthy_Leaf,Correct,0.999959
datasets/train/Dry_Leaf/Dry_Leaf00246.jpg,Dry_Leaf,Dry_Leaf,Correct,0.999702
datasets/test/Healthy_Leaf/Healthy_Leaf00076.jpg,Healthy_Leaf,Healthy_Leaf,Correct,0.999985
datasets/test/Healthy_Leaf/Healthy_Leaf00163.jpg,Healthy_Leaf,Healthy_Leaf,Correct,0.999653
datasets/test/Bituminous_Leaf/Bituminous_Leaf00100.jpg,Bituminous_Leaf,Bituminous_Leaf,Correct,0.999640
datasets/train/Leaf_Gall/Leaf_Gall00216.jpg,Leaf_Gall,Leaf_Gall,Correct,0.999972
datasets/test/Leaf_Gall/Leaf_Gall00616.jpg,Leaf_Gall,Leaf_Gall,Correct,0.999843
datasets/test/Leaf_Gall/Leaf_Gall00022.jpg,Leaf_Gall,Leaf_Gall,Correct,0.998273
datasets/train/Curl_Leaf/Curl_Leaf00179.jpg,Curl_Leaf,Curl_Leaf,Correct,0.999557
datasets/test/Deficiency_Leaf/Deficiency_Leaf00097.jpg,Deficiency_Leaf,Deficiency_Leaf,Correct,0.999928
datasets/train/Anthrax_Leaf/Anthrax_Leaf00005.jpg,Anthrax_Leaf,Anthrax_Leaf,Correct,0.999951
datasets/test/Leaf_Gall/Leaf_Gall00358.jpg,Leaf_Gall,Leaf_Gall,Correct,0.969957
datasets/train/Fungal_Leaf_Spot/Fungal_Leaf_Spot00394.jpg,Fungal_Leaf_Spot,Fungal_Leaf_Spot,Correct,0.999994
datasets/train/Leaf_Blight/Leaf_Blight00227.jpg,Leaf_Blight,Leaf_Blight,Correct,0.999999
datasets/train/Leaf_Blight/Leaf_Blight00093.jpg,Leaf_Blight,Leaf_Blight,Correct,0.985121
datasets/test/Deficiency_Leaf/Deficiency_Leaf00089.jpg,Deficiency_Leaf,Deficiency_Leaf,Correct,0.431771
datasets/train/Leaf_Blight/Leaf_Blight00377.jpg,Leaf_Blight,Leaf_Blight,Correct,0.999997
datasets/train/Dry_Leaf/Dry_Leaf00352.jpg,Dry_Leaf,Dry_Leaf,Correct,0.999967
datasets/train/Leaf_Gall/Leaf_Gall00144.jpg,Leaf_Gall,Leaf_Gall,Correct,0.999994
datasets/test/Leaf_Gall/Leaf_Gall00054.jpg,Leaf_Gall,Leaf_Gall,Correct,0.999575
datasets/test/Leaf_Blight/Leaf_Blight00119.jpg,Leaf_Blight,Leaf_Blight,Correct,0.999995
datasets/test/Healthy_Leaf/Healthy_Leaf00559.jpg,Healthy_Leaf,Healthy_Leaf,Correct,0.998032
datasets/test/Leaf_Gall/Leaf_Gall00184.jpg,Leaf_Gall,Leaf_Gall,Correct,0.999804
datasets/test/Leaf_Blight/Leaf_Blight00042.jpg,Leaf_Blight,Leaf_Blight,Correct,0.999996
datasets/test/Leaf_Gall/Leaf_Gall00188.jpg,Leaf_Gall,Leaf_Gall,Correct,0.999932
datasets/test/Dry_Leaf/Dry_Leaf00361.jpg,Dry_Leaf,Dry_Leaf,Correct,0.997289
datasets/test/Healthy_Leaf/Healthy_Leaf00358.jpg,Healthy_Leaf,Healthy_Leaf,Correct,0.999926
datasets/test/Healthy_Leaf/Healthy_Leaf00521.jpg,Healthy_Leaf,Healthy_Leaf,Correct,0.991545
datasets/train/Healthy_Leaf/Healthy_Leaf00417.jpg,Healthy_Leaf,Healthy_Leaf,Correct,0.999943
datasets/test/Fungal_Leaf_Spot/Fungal_Leaf_Spot00358.jpg,Fungal_Leaf_Spot,Fungal_Leaf_Spot,Correct,0.999961
datasets/test/Leaf_Blight/Leaf_Blight00574.jpg,Leaf_Blight,Leaf_Blight,Correct,0.999784
datasets/test/Anthrax_Leaf/Anthrax_Leaf00112.jpg,Anthrax_Leaf,Anthrax_Leaf,Correct,0.995023
datasets/test/Healthy_Leaf/Healthy_Leaf00578.jpg,Healthy_Leaf,Healthy_Leaf,Correct,0.999490
datasets/train/Felt_Leaf/Felt_Leaf00071.jpg,Felt_Leaf,Felt_Leaf,Correct,0.999962
datasets/train/Healthy_Leaf/Healthy_Leaf00132.jpg,Healthy_Leaf,Healthy_Leaf,Correct,0.999995
datasets/test/Leaf_Blight/Leaf_Blight00201.jpg,Leaf_Blight,Leaf_Blight,Correct,0.999929
datasets/test/Fungal_Leaf_Spot/Fungal_Leaf_Spot00484.jpg,Fungal_Leaf_Spot,Fungal_Leaf_Spot,Correct,0.999996
datasets/train/Felt_Leaf/Felt_Leaf00247.jpg,Felt_Leaf,Felt_Leaf,Correct,0.994094
datasets/test/Dry_Leaf/Dry_Leaf00053.jpg,Dry_Leaf,Dry_Leaf,Correct,0.999929
datasets/train/Leaf_Gall/Leaf_Gall00508.jpg,Leaf_Gall,Leaf_Gall,Correct,0.999827
datasets/train/Bituminous_Leaf/Bituminous_Leaf00068.jpg,Bituminous_Leaf,Bituminous_Leaf,Correct,0.999800
datasets/train/Fungal_Leaf_Spot/Fungal_Leaf_Spot00281.jpg,Fungal_Leaf_Spot,Fungal_Leaf_Spot,Correct,0.999919
datasets/test/Fungal_Leaf_Spot/Fungal_Leaf_Spot00557.jpg,Fungal_Leaf_Spot,Fungal_Leaf_Spot,Correct,0.999811
datasets/train/Felt_Leaf/Felt_Leaf00103.jpg,Felt_Leaf,Felt_Leaf,Correct,0.992775
datasets/test/Leaf_Gall/Leaf_Gall00359.jpg,Leaf_Gall,Leaf_Gall,Correct,0.846074
datasets/test/Dry_Leaf/Dry_Leaf00357.jpg,Dry_Leaf,Dry_Leaf,Correct,0.999961
datasets/train/Healthy_Leaf/Healthy_Leaf00494.jpg,Healthy_Leaf,Leaf_Gall,Incorrect,0.924001
datasets/test/Leaf_Gall/Leaf_Gall00559.jpg,Leaf_Gall,Leaf_Gall,Correct,0.999985
datasets/test/Felt_Leaf/Felt_Leaf00198.jpg,Felt_Leaf,Felt_Leaf,Correct,0.999522
datasets/train/Felt_Leaf/Felt_Leaf00223.jpg,Felt_Leaf,Felt_Leaf,Correct,0.999943
datasets/train/Leaf_Gall/Leaf_Gall00051.jpg,Leaf_Gall,Leaf_Gall,Correct,0.999182
datasets/train/Healthy_Leaf/Healthy_Leaf00224.jpg,Healthy_Leaf,Healthy_Leaf,Correct,0.999379
datasets/test/Leaf_Blight/Leaf_Blight00564.jpg,Leaf_Blight,Leaf_Blight,Correct,0.999948
datasets/test/Leaf_Gall/Leaf_Gall00386.jpg,Leaf_Gall,Leaf_Gall,Correct,0.999513
datasets/test/Leaf_Gall/Leaf_Gall00018.jpg,Leaf_Gall,Leaf_Gall,Correct,0.778456
datasets/test/Leaf_Gall/Leaf_Gall00114.jpg,Leaf_Gall,Leaf_Gall,Correct,0.999996
datasets/train/Leaf_Gall/Leaf_Gall00121.jpg,Leaf_Gall,Leaf_Gall,Correct,0.999965
datasets/test/Healthy_Leaf/Healthy_Leaf00216.jpg,Healthy_Leaf,Healthy_Leaf,Correct,0.999853
datasets/test/Leaf_Blight/Leaf_Blight00346.jpg,Leaf_Blight,Leaf_Blight,Correct,0.999991
datasets/test/Felt_Leaf/Felt_Leaf00230.jpg,Felt_Leaf,Felt_Leaf,Correct,0.999913
datasets/test/Healthy_Leaf/Healthy_Leaf00335.jpg,Healthy_Leaf,Healthy_Leaf,Correct,0.999967
datasets/test/Curl_Leaf/Curl_Leaf00106.jpg,Curl_Leaf,Curl_Leaf,Correct,0.991430
datasets/train/Bituminous_Leaf/Bituminous_Leaf00092.jpg,Bituminous_Leaf,Bituminous_Leaf,Correct,0.999859
datasets/test/Leaf_Gall/Leaf_Gall00253.jpg,Leaf_Gall,Leaf_Gall,Correct,0.999666
datasets/train/Dry_Leaf/Dry_Leaf00316.jpg,Dry_Leaf,Dry_Leaf,Correct,0.999718
datasets/test/Leaf_Blight/Leaf_Blight00363.jpg,Leaf_Blight,Leaf_Blight,Correct,0.999999
datasets/test/Fungal_Leaf_Spot/Fungal_Leaf_Spot00497.jpg,Fungal_Leaf_Spot,Fungal_Leaf_Spot,Correct,1.000000
datasets/train/Deficiency_Leaf/Deficiency_Leaf00008.jpg,Deficiency_Leaf,Deficiency_Leaf,Correct,0.998779
datasets/test/Fungal_Leaf_Spot/Fungal_Leaf_Spot00366.jpg,Fungal_Leaf_Spot,Fungal_Leaf_Spot,Correct,0.999811
datasets/test/Bituminous_Leaf/Bituminous_Leaf00059.jpg,Bituminous_Leaf,Bituminous_Leaf,Correct,0.998748
datasets/test/Deficiency_Leaf/Deficiency_Leaf00050.jpg,Deficiency_Leaf,Deficiency_Leaf,Correct,0.999834
datasets/test/Leaf_Blight/Leaf_Blight00264.jpg,Leaf_Blight,Leaf_Blight,Correct,0.999953
datasets/test/Bituminous_Leaf/Bituminous_Leaf00011.jpg,Bituminous_Leaf,Bituminous_Leaf,Correct,0.999997
datasets/test/Leaf_Gall/Leaf_Gall00167.jpg,Leaf_Gall,Leaf_Gall,Correct,0.967651
datasets/test/Leaf_Blight/Leaf_Blight00551.jpg,Leaf_Blight,Leaf_Blight,Correct,0.999684
datasets/test/Felt_Leaf/Felt_Leaf00204.jpg,Felt_Leaf,Felt_Leaf,Correct,0.999978
datasets/test/Fungal_Leaf_Spot/Fungal_Leaf_Spot00420.jpg,Fungal_Leaf_Spot,Fungal_Leaf_Spot,Correct,0.999978
datasets/test/Healthy_Leaf/Healthy_Leaf00205.jpg,Healthy_Leaf,Healthy_Leaf,Correct,0.999755
datasets/train/Leaf_Gall/Leaf_Gall00602.jpg,Leaf_Gall,Leaf_Gall,Correct,0.999967
datasets/train/Healthy_Leaf/Healthy_Leaf00406.jpg,Healthy_Leaf,Healthy_Leaf,Correct,0.999556
datasets/train/Leaf_Blight/Leaf_Blight00491.jpg,Leaf_Blight,Leaf_Blight,Correct,0.999999
datasets/test/Leaf_Gall/Leaf_Gall00477.jpg,Leaf_Gall,Leaf_Gall,Correct,0.999964
datasets/train/Leaf_Gall/Leaf_Gall00286.jpg,Leaf_Gall,Leaf_Gall,Correct,0.999955
datasets/test/Dry_Leaf/Dry_Leaf00227.jpg,Dry_Leaf,Dry_Leaf,Correct,0.999986
datasets/train/Curl_Leaf/Curl_Leaf00075.jpg,Curl_Leaf,Curl_Leaf,Correct,0.999960
datasets/train/Fungal_Leaf_Spot/Fungal_Leaf_Spot00066.jpg,Fungal_Leaf_Spot,Fungal_Leaf_Spot,Correct,0.999975
datasets/test/Healthy_Leaf/Healthy_Leaf00103.jpg,Healthy_Leaf,Healthy_Leaf,Correct,0.999840
datasets/test/Leaf_Gall/Leaf_Gall00295.jpg,Leaf_Gall,Leaf_Gall,Correct,0.999884
datasets/train/Leaf_Blight/Leaf_Blight00250.jpg,Leaf_Blight,Leaf_Blight,Correct,0.999958
datasets/test/Dry_Leaf/Dry_Leaf00228.jpg,Dry_Leaf,Dry_Leaf,Correct,0.999992
datasets/test/Healthy_Leaf/Healthy_Leaf00306.jpg,Healthy_Leaf,Healthy_Leaf,Correct,0.999637
datasets/test/Fungal_Leaf_Spot/Fungal_Leaf_Spot00132.jpg,Fungal_Leaf_Spot,Fungal_Leaf_Spot,Correct,0.999788
datasets/test/Leaf_Gall/Leaf_Gall00004.jpg,Leaf_Gall,Leaf_Gall,Correct,0.999475
datasets/train/Leaf_Gall/Leaf_Gall00080.jpg,Leaf_Gall,Leaf_Gall,Correct,0.999924
datasets/test/Deficiency_Leaf/Deficiency_Leaf00009.jpg,Deficiency_Leaf,Deficiency_Leaf,Correct,1.000000
datasets/train/Fungal_Leaf_Spot/Fungal_Leaf_Spot00384.jpg,Fungal_Leaf_Spot,Fungal_Leaf_Spot,Correct,0.999718
datasets/train/Fungal_Leaf_Spot/Fungal_Leaf_Spot00499.jpg,Fungal_Leaf_Spot,Fungal_Leaf_Spot,Correct,1.000000
datasets/test/Leaf_Blight/Leaf_Blight00153.jpg,Leaf_Blight,Leaf_Blight,Correct,0.999962
datasets/train/Healthy_Leaf/Healthy_Leaf00457.jpg,Healthy_Leaf,Healthy_Leaf,Correct,0.999996
datasets/test/Fungal_Leaf_Spot/Fungal_Leaf_Spot00093.jpg,Fungal_Leaf_Spot,Fungal_Leaf_Spot,Correct,0.712040
datasets/test/Leaf_Gall/Leaf_Gall00095.jpg,Leaf_Gall,Leaf_Gall,Correct,0.999954
datasets/test/Felt_Leaf/Felt_Leaf00167.jpg,Felt_Leaf,Felt_Leaf,Correct,0.999585
datasets/test/Curl_Leaf/Curl_Leaf00050.jpg,Curl_Leaf,Curl_Leaf,Correct,0.999981
datasets/test/Dry_Leaf/Dry_Leaf00066.jpg,Dry_Leaf,Dry_Leaf,Correct,0.999885
datasets/train/Felt_Leaf/Felt_Leaf00355.jpg,Felt_Leaf,Felt_Leaf,Correct,0.968048
datasets/test/Curl_Leaf/Curl_Leaf00020.jpg,Curl_Leaf,Curl_Leaf,Correct,0.999562
datasets/test/Felt_Leaf/Felt_Leaf00191.jpg,Felt_Leaf,Felt_Leaf,Correct,0.996519
datasets/test/Leaf_Blight/Leaf_Blight00101.jpg,Leaf_Blight,Leaf_Blight,Correct,0.999821
datasets/test/Leaf_Gall/Leaf_Gall00500.jpg,Leaf_Gall,Leaf_Gall,Correct,0.999968
datasets/train/Leaf_Blight/Leaf_Blight00279.jpg,Leaf_Blight,Leaf_Blight,Correct,0.999989
datasets/test/Felt_Leaf/Felt_Leaf00176.jpg,Felt_Leaf,Felt_Leaf,Correct,0.999785
datasets/test/Healthy_Leaf/Healthy_Leaf00046.jpg,Healthy_Leaf,Healthy_Leaf,Correct,0.999963
datasets/train/Deficiency_Leaf/Deficiency_Leaf00043.jpg,Deficiency_Leaf,Deficiency_Leaf,Correct,0.999997
datasets/test/Leaf_Blight/Leaf_Blight00258.jpg,Leaf_Blight,Leaf_Blight,Correct,0.998335
datasets/test/Deficiency_Leaf/Deficiency_Leaf00079.jpg,Deficiency_Leaf,Deficiency_Leaf,Correct,0.998162
datasets/test/Fungal_Leaf_Spot/Fungal_Leaf_Spot00357.jpg,Fungal_Leaf_Spot,Fungal_Leaf_Spot,Correct,0.999938
datasets/test/Felt_Leaf/Felt_Leaf00139.jpg,Felt_Leaf,Felt_Leaf,Correct,0.999690
datasets/train/Healthy_Leaf/Healthy_Leaf00459.jpg,Healthy_Leaf,Healthy_Leaf,Correct,0.999954
datasets/train/Felt_Leaf/Felt_Leaf00020.jpg,Felt_Leaf,Felt_Leaf,Correct,0.999107
datasets/test/Leaf_Blight/Leaf_Blight00540.jpg,Leaf_Blight,Leaf_Blight,Correct,0.999952
datasets/test/Healthy_Leaf/Healthy_Leaf00140.jpg,Healthy_Leaf,Healthy_Leaf,Correct,0.999992
datasets/test/Fungal_Leaf_Spot/Fungal_Leaf_Spot00266.jpg,Fungal_Leaf_Spot,Fungal_Leaf_Spot,Correct,0.999604
datasets/train/Felt_Leaf/Felt_Leaf00276.jpg,Felt_Leaf,Felt_Leaf,Correct,0.998386
datasets/train/Fungal_Leaf_Spot/Fungal_Leaf_Spot00563.jpg,Fungal_Leaf_Spot,Fungal_Leaf_Spot,Correct,0.999949
datasets/train/Leaf_Gall/Leaf_Gall00378.jpg,Leaf_Gall,Leaf_Gall,Correct,0.987492
datasets/train/Fungal_Leaf_Spot/Fungal_Leaf_Spot00466.jpg,Fungal_Leaf_Spot,Felt_Leaf,Incorrect,0.803999
datasets/train/Deficiency_Leaf/Deficiency_Leaf00119.jpg,Deficiency_Leaf,Deficiency_Leaf,Correct,0.989700
datasets/train/Curl_Leaf/Curl_Leaf00105.jpg,Curl_Leaf,Curl_Leaf,Correct,0.999994
datasets/train/Healthy_Leaf/Healthy_Leaf00272.jpg,Healthy_Leaf,Healthy_Leaf,Correct,0.999781
datasets/train/Healthy_Leaf/Healthy_Leaf00425.jpg,Healthy_Leaf,Healthy_Leaf,Correct,0.999891
datasets/train/Fungal_Leaf_Spot/Fungal_Leaf_Spot00365.jpg,Fungal_Leaf_Spot,Fungal_Leaf_Spot,Correct,0.938545
datasets/train/Dry_Leaf/Dry_Leaf00121.jpg,Dry_Leaf,Dry_Leaf,Correct,0.999972
datasets/test/Healthy_Leaf/Healthy_Leaf00567.jpg,Healthy_Leaf,Healthy_Leaf,Correct,0.998932
datasets/test/Felt_Leaf/Felt_Leaf00001.jpg,Felt_Leaf,Felt_Leaf,Correct,0.998661
datasets/test/Healthy_Leaf/Healthy_Leaf00134.jpg,Healthy_Leaf,Healthy_Leaf,Correct,0.999291
datasets/train/Felt_Leaf/Felt_Leaf00024.jpg,Felt_Leaf,Felt_Leaf,Correct,0.996002
datasets/test/Leaf_Gall/Leaf_Gall00238.jpg,Leaf_Gall,Leaf_Gall,Correct,0.999454
datasets/test/Dry_Leaf/Dry_Leaf00318.jpg,Dry_Leaf,Dry_Leaf,Correct,0.999973
datasets/train/Leaf_Blight/Leaf_Blight00428.jpg,Leaf_Blight,Leaf_Blight,Correct,0.999990
datasets/test/Fungal_Leaf_Spot/Fungal_Leaf_Spot00468.jpg,Fungal_Leaf_Spot,Fungal_Leaf_Spot,Correct,0.999999
datasets/test/Leaf_Blight/Leaf_Blight00179.jpg,Leaf_Blight,Leaf_Blight,Correct,0.998823
datasets/test/Deficiency_Leaf/Deficiency_Leaf00011.jpg,Deficiency_Leaf,Deficiency_Leaf,Correct,0.999623
datasets/test/Leaf_Gall/Leaf_Gall00596.jpg,Leaf_Gall,Leaf_Gall,Correct,0.999968
datasets/test/Leaf_Gall/Leaf_Gall00102.jpg,Leaf_Gall,Leaf_Gall,Correct,0.999982
datasets/test/Fungal_Leaf_Spot/Fungal_Leaf_Spot00536.jpg,Fungal_Leaf_Spot,Fungal_Leaf_Spot,Correct,0.999985
datasets/train/Deficiency_Leaf/Deficiency_Leaf00092.jpg,Deficiency_Leaf,Deficiency_Leaf,Correct,0.999972
datasets/test/Leaf_Blight/Leaf_Blight00389.jpg,Leaf_Blight,Leaf_Blight,Correct,0.999856
datasets/test/Fungal_Leaf_Spot/Fungal_Leaf_Spot00125.jpg,Fungal_Leaf_Spot,Fungal_Leaf_Spot,Correct,0.999693
datasets/train/Leaf_Gall/Leaf_Gall00492.jpg,Leaf_Gall,Leaf_Gall,Correct,0.999976
datasets/test/Dry_Leaf/Dry_Leaf00016.jpg,Dry_Leaf,Dry_Leaf,Correct,0.999808
datasets/test/Leaf_Blight/Leaf_Blight00536.jpg,Leaf_Blight,Leaf_Blight,Correct,0.999836
datasets/train/Leaf_Blight/Leaf_Blight00242.jpg,Leaf_Blight,Leaf_Blight,Correct,0.998527
datasets/test/Leaf_Blight/Leaf_Blight00139.jpg,Leaf_Blight,Leaf_Blight,Correct,0.999830
datasets/test/Leaf_Blight/Leaf_Blight00095.jpg,Leaf_Blight,Leaf_Blight,Correct,0.999998
datasets/train/Dry_Leaf/Dry_Leaf00211.jpg,Dry_Leaf,Dry_Leaf,Correct,0.994235
datasets/train/Leaf_Gall/Leaf_Gall00578.jpg,Leaf_Gall,Leaf_Gall,Correct,0.996014
datasets/test/Healthy_Leaf/Healthy_Leaf00530.jpg,Healthy_Leaf,Healthy_Leaf,Correct,0.999403
datasets/train/Fungal_Leaf_Spot/Fungal_Leaf_Spot00377.jpg,Fungal_Leaf_Spot,Felt_Leaf,Incorrect,0.692505
datasets/train/Fungal_Leaf_Spot/Fungal_Leaf_Spot00408.jpg,Fungal_Leaf_Spot,Fungal_Leaf_Spot,Correct,1.000000
datasets/train/Dry_Leaf/Dry_Leaf00083.jpg,Dry_Leaf,Dry_Leaf,Correct,0.999946
datasets/test/Leaf_Blight/Leaf_Blight00081.jpg,Leaf_Blight,Leaf_Blight,Correct,0.997212
datasets/test/Leaf_Gall/Leaf_Gall00368.jpg,Leaf_Gall,Leaf_Gall,Correct,0.999848
datasets/train/Felt_Leaf/Felt_Leaf00323.jpg,Felt_Leaf,Felt_Leaf,Correct,0.999991
datasets/train/Curl_Leaf/Curl_Leaf00057.jpg,Curl_Leaf,Curl_Leaf,Correct,0.999953
datasets/test/Dry_Leaf/Dry_Leaf00125.jpg,Dry_Leaf,Dry_Leaf,Correct,0.999410
datasets/test/Leaf_Gall/Leaf_Gall00292.jpg,Leaf_Gall,Leaf_Gall,Correct,0.999934
datasets/test/Healthy_Leaf/Healthy_Leaf00259.jpg,Healthy_Leaf,Healthy_Leaf,Correct,0.999941
datasets/train/Leaf_Blight/Leaf_Blight00275.jpg,Leaf_Blight,Leaf_Blight,Correct,0.999899
datasets/train/Dry_Leaf/Dry_Leaf00075.jpg,Dry_Leaf,Dry_Leaf,Correct,0.999997
datasets/test/Leaf_Gall/Leaf_Gall00020.jpg,Leaf_Gall,Leaf_Gall,Correct,0.999176
datasets/test/Healthy_Leaf/Healthy_Leaf00173.jpg,Healthy_Leaf,Healthy_Leaf,Correct,0.999992
datasets/train/Healthy_Leaf/Healthy_Leaf00043.jpg,Healthy_Leaf,Healthy_Leaf,Correct,0.999977
datasets/train/Curl_Leaf/Curl_Leaf00007.jpg,Curl_Leaf,Curl_Leaf,Correct,0.999979
datasets/test/Healthy_Leaf/Healthy_Leaf00126.jpg,Healthy_Leaf,Healthy_Leaf,Correct,0.999996
datasets/train/Felt_Leaf/Felt_Leaf00034.jpg,Felt_Leaf,Felt_Leaf,Correct,0.939917
datasets/train/Curl_Leaf/Curl_Leaf00054.jpg,Curl_Leaf,Curl_Leaf,Correct,0.999982
datasets/train/Bituminous_Leaf/Bituminous_Leaf00073.jpg,Bituminous_Leaf,Bituminous_Leaf,Correct,0.999618
datasets/test/Healthy_Leaf/Healthy_Leaf00445.jpg,Healthy_Leaf,Healthy_Leaf,Correct,0.998525
datasets/test/Healthy_Leaf/Healthy_Leaf00573.jpg,Healthy_Leaf,Healthy_Leaf,Correct,0.999751
datasets/test/Leaf_Gall/Leaf_Gall00507.jpg,Leaf_Gall,Leaf_Gall,Correct,0.999954
datasets/train/Leaf_Blight/Leaf_Blight00068.jpg,Leaf_Blight,Leaf_Blight,Correct,0.999925
datasets/train/Leaf_Blight/Leaf_Blight00070.jpg,Leaf_Blight,Leaf_Blight,Correct,0.996764
datasets/train/Leaf_Blight/Leaf_Blight00336.jpg,Leaf_Blight,Leaf_Blight,Correct,0.999971
datasets/test/Deficiency_Leaf/Deficiency_Leaf00096.jpg,Deficiency_Leaf,Deficiency_Leaf,Correct,0.999961
datasets/test/Healthy_Leaf/Healthy_Leaf00298.jpg,Healthy_Leaf,Healthy_Leaf,Correct,0.999832
datasets/test/Fungal_Leaf_Spot/Fungal_Leaf_Spot00560.jpg,Fungal_Leaf_Spot,Fungal_Leaf_Spot,Correct,0.999983
datasets/test/Leaf_Gall/Leaf_Gall00517.jpg,Leaf_Gall,Leaf_Gall,Correct,0.988527
datasets/test/Leaf_Blight/Leaf_Blight00424.jpg,Leaf_Blight,Leaf_Blight,Correct,0.999928
datasets/train/Fungal_Leaf_Spot/Fungal_Leaf_Spot00562.jpg,Fungal_Leaf_Spot,Fungal_Leaf_Spot,Correct,0.999990
datasets/test/Fungal_Leaf_Spot/Fungal_Leaf_Spot00553.jpg,Fungal_Leaf_Spot,Fungal_Leaf_Spot,Correct,0.999999
datasets/test/Leaf_Gall/Leaf_Gall00445.jpg,Leaf_Gall,Leaf_Gall,Correct,0.853581
datasets/test/Leaf_Gall/Leaf_Gall00048.jpg,Leaf_Gall,Leaf_Gall,Correct,0.998454
datasets/test/Healthy_Leaf/Healthy_Leaf00460.jpg,Healthy_Leaf,Healthy_Leaf,Correct,0.999858
datasets/test/Fungal_Leaf_Spot/Fungal_Leaf_Spot00096.jpg,Fungal_Leaf_Spot,Fungal_Leaf_Spot,Correct,0.999979
datasets/test/Dry_Leaf/Dry_Leaf00253.jpg,Dry_Leaf,Dry_Leaf,Correct,0.999831
datasets/test/Healthy_Leaf/Healthy_Leaf00225.jpg,Healthy_Leaf,Healthy_Leaf,Correct,0.999907
datasets/test/Leaf_Gall/Leaf_Gall00227.jpg,Leaf_Gall,Leaf_Gall,Correct,0.999591
datasets/train/Anthrax_Leaf/Anthrax_Leaf00127.jpg,Anthrax_Leaf,Anthrax_Leaf,Correct,0.999177
datasets/test/Leaf_Blight/Leaf_Blight00132.jpg,Leaf_Blight,Leaf_Blight,Correct,0.999930
datasets/test/Fungal_Leaf_Spot/Fungal_Leaf_Spot00021.jpg,Fungal_Leaf_Spot,Fungal_Leaf_Spot,Correct,0.999879
datasets/train/Leaf_Gall/Leaf_Gall00529.jpg,Leaf_Gall,Leaf_Gall,Correct,0.999802
datasets/train/Leaf_Blight/Leaf_Blight00366.jpg,Leaf_Blight,Leaf_Blight,Correct,0.999998
datasets/test/Leaf_Blight/Leaf_Blight00470.jpg,Leaf_Blight,Leaf_Blight,Correct,0.999363
datasets/train/Dry_Leaf/Dry_Leaf00308.jpg,Dry_Leaf,Dry_Leaf,Correct,0.999972
datasets/test/Leaf_Blight/Leaf_Blight00260.jpg,Leaf_Blight,Leaf_Blight,Correct,0.999990
datasets/train/Healthy_Leaf/Healthy_Leaf00036.jpg,Healthy_Leaf,Healthy_Leaf,Correct,0.999979
datasets/test/Fungal_Leaf_Spot/Fungal_Leaf_Spot00190.jpg,Fungal_Leaf_Spot,Fungal_Leaf_Spot,Correct,0.999990
datasets/test/Deficiency_Leaf/Deficiency_Leaf00080.jpg,Deficiency_Leaf,Curl_Leaf,Incorrect,0.790867
datasets/test/Dry_Leaf/Dry_Leaf00103.jpg,Dry_Leaf,Dry_Leaf,Correct,0.999989
datasets/test/Leaf_Blight/Leaf_Blight00521.jpg,Leaf_Blight,Leaf_Blight,Correct,0.999900
datasets/train/Dry_Leaf/Dry_Leaf00207.jpg,Dry_Leaf,Dry_Leaf,Correct,0.999962
datasets/train/Bituminous_Leaf/Bituminous_Leaf00066.jpg,Bituminous_Leaf,Bituminous_Leaf,Correct,0.947407
datasets/train/Leaf_Blight/Leaf_Blight00395.jpg,Leaf_Blight,Leaf_Blight,Correct,0.999943
datasets/test/Felt_Leaf/Felt_Leaf00318.jpg,Felt_Leaf,Felt_Leaf,Correct,0.999887
datasets/test/Healthy_Leaf/Healthy_Leaf00583.jpg,Healthy_Leaf,Healthy_Leaf,Correct,0.999524
datasets/train/Leaf_Gall/Leaf_Gall00356.jpg,Leaf_Gall,Leaf_Gall,Correct,0.997198
datasets/test/Felt_Leaf/Felt_Leaf00076.jpg,Felt_Leaf,Felt_Leaf,Correct,0.999346
datasets/test/Fungal_Leaf_Spot/Fungal_Leaf_Spot00234.jpg,Fungal_Leaf_Spot,Fungal_Leaf_Spot,Correct,0.999987
datasets/test/Leaf_Blight/Leaf_Blight00555.jpg,Leaf_Blight,Leaf_Blight,Correct,0.999998
datasets/test/Dry_Leaf/Dry_Leaf00341.jpg,Dry_Leaf,Dry_Leaf,Correct,0.999844
datasets/test/Healthy_Leaf/Healthy_Leaf00625.jpg,Healthy_Leaf,Healthy_Leaf,Correct,0.999987
datasets/test/Healthy_Leaf/Healthy_Leaf00581.jpg,Healthy_Leaf,Healthy_Leaf,Correct,0.998615
datasets/train/Leaf_Gall/Leaf_Gall00073.jpg,Leaf_Gall,Leaf_Gall,Correct,0.999594
datasets/train/Leaf_Gall/Leaf_Gall00380.jpg,Leaf_Gall,Leaf_Gall,Correct,0.996119
datasets/train/Dry_Leaf/Dry_Leaf00038.jpg,Dry_Leaf,Dry_Leaf,Correct,0.999830
datasets/test/Fungal_Leaf_Spot/Fungal_Leaf_Spot00140.jpg,Fungal_Leaf_Spot,Fungal_Leaf_Spot,Correct,0.999997
datasets/train/Healthy_Leaf/Healthy_Leaf00063.jpg,Healthy_Leaf,Healthy_Leaf,Correct,0.999978
datasets/train/Leaf_Blight/Leaf_Blight00164.jpg,Leaf_Blight,Leaf_Blight,Correct,0.998855
datasets/test/Fungal_Leaf_Spot/Fungal_Leaf_Spot00433.jpg,Fungal_Leaf_Spot,Fungal_Leaf_Spot,Correct,0.999982
datasets/test/Felt_Leaf/Felt_Leaf00143.jpg,Felt_Leaf,Felt_Leaf,Correct,0.954969
datasets/train/Curl_Leaf/Curl_Leaf00087.jpg,Curl_Leaf,Curl_Leaf,Correct,0.999995
datasets/test/Fungal_Leaf_Spot/Fungal_Leaf_Spot00048.jpg,Fungal_Leaf_Spot,Fungal_Leaf_Spot,Correct,1.000000
datasets/train/Felt_Leaf/Felt_Leaf00364.jpg,Felt_Leaf,Felt_Leaf,Correct,0.989921
datasets/test/Curl_Leaf/Curl_Leaf00174.jpg,Curl_Leaf,Curl_Leaf,Correct,0.999903
datasets/test/Leaf_Gall/Leaf_Gall00424.jpg,Leaf_Gall,Leaf_Gall,Correct,0.951188
datasets/test/Leaf_Blight/Leaf_Blight00015.jpg,Leaf_Blight,Leaf_Blight,Correct,0.999952
datasets/train/Healthy_Leaf/Healthy_Leaf00071.jpg,Healthy_Leaf,Healthy_Leaf,Correct,0.999981
datasets/test/Healthy_Leaf/Healthy_Leaf00062.jpg,Healthy_Leaf,Healthy_Leaf,Correct,0.999989
datasets/test/Deficiency_Leaf/Deficiency_Leaf00084.jpg,Deficiency_Leaf,Deficiency_Leaf,Correct,0.988126
datasets/train/Leaf_Gall/Leaf_Gall00426.jpg,Leaf_Gall,Leaf_Gall,Correct,0.999912
datasets/train/Healthy_Leaf/Healthy_Leaf00295.jpg,Healthy_Leaf,Healthy_Leaf,Correct,0.999927
datasets/train/Anthrax_Leaf/Anthrax_Leaf00067.jpg,Anthrax_Leaf,Anthrax_Leaf,Correct,0.999902
datasets/train/Healthy_Leaf/Healthy_Leaf00449.jpg,Healthy_Leaf,Healthy_Leaf,Correct,0.998880
datasets/train/Healthy_Leaf/Healthy_Leaf00209.jpg,Healthy_Leaf,Healthy_Leaf,Correct,0.999991
datasets/test/Leaf_Blight/Leaf_Blight00397.jpg,Leaf_Blight,Leaf_Blight,Correct,0.999961
datasets/test/Fungal_Leaf_Spot/Fungal_Leaf_Spot00221.jpg,Fungal_Leaf_Spot,Fungal_Leaf_Spot,Correct,0.999987
datasets/test/Leaf_Blight/Leaf_Blight00453.jpg,Leaf_Blight,Leaf_Blight,Correct,0.999999
datasets/test/Fungal_Leaf_Spot/Fungal_Leaf_Spot00104.jpg,Fungal_Leaf_Spot,Fungal_Leaf_Spot,Correct,0.994448
datasets/test/Felt_Leaf/Felt_Leaf00063.jpg,Felt_Leaf,Felt_Leaf,Correct,0.999955
datasets/test/Leaf_Gall/Leaf_Gall00236.jpg,Leaf_Gall,Leaf_Gall,Correct,0.999882
datasets/test/Fungal_Leaf_Spot/Fungal_Leaf_Spot00391.jpg,Fungal_Leaf_Spot,Felt_Leaf,Incorrect,0.617406
datasets/train/Felt_Leaf/Felt_Leaf00126.jpg,Felt_Leaf,Felt_Leaf,Correct,0.996050
datasets/train/Leaf_Blight/Leaf_Blight00047.jpg,Leaf_Blight,Leaf_Blight,Correct,0.998585
datasets/test/Felt_Leaf/Felt_Leaf00235.jpg,Felt_Leaf,Felt_Leaf,Correct,0.999992
datasets/test/Dry_Leaf/Dry_Leaf00198.jpg,Dry_Leaf,Dry_Leaf,Correct,0.999916
datasets/test/Healthy_Leaf/Healthy_Leaf00534.jpg,Healthy_Leaf,Healthy_Leaf,Correct,0.999797
datasets/test/Felt_Leaf/Felt_Leaf00123.jpg,Felt_Leaf,Felt_Leaf,Correct,0.993536
datasets/test/Leaf_Gall/Leaf_Gall00129.jpg,Leaf_Gall,Leaf_Gall,Correct,0.999999
datasets/test/Healthy_Leaf/Healthy_Leaf00404.jpg,Healthy_Leaf,Healthy_Leaf,Correct,0.999877
datasets/train/Fungal_Leaf_Spot/Fungal_Leaf_Spot00059.jpg,Fungal_Leaf_Spot,Fungal_Leaf_Spot,Correct,0.999994
datasets/test/Fungal_Leaf_Spot/Fungal_Leaf_Spot00151.jpg,Fungal_Leaf_Spot,Fungal_Leaf_Spot,Correct,1.000000
datasets/train/Dry_Leaf/Dry_Leaf00225.jpg,Dry_Leaf,Dry_Leaf,Correct,0.999952
datasets/train/Leaf_Blight/Leaf_Blight00477.jpg,Leaf_Blight,Leaf_Blight,Correct,0.999755
datasets/train/Healthy_Leaf/Healthy_Leaf00060.jpg,Healthy_Leaf,Healthy_Leaf,Correct,0.999927
datasets/train/Healthy_Leaf/Healthy_Leaf00048.jpg,Healthy_Leaf,Healthy_Leaf,Correct,0.999925
datasets/train/Fungal_Leaf_Spot/Fungal_Leaf_Spot00057.jpg,Fungal_Leaf_Spot,Fungal_Leaf_Spot,Correct,0.999999
datasets/test/Healthy_Leaf/Healthy_Leaf00187.jpg,Healthy_Leaf,Healthy_Leaf,Correct,0.999955
datasets/train/Deficiency_Leaf/Deficiency_Leaf00098.jpg,Deficiency_Leaf,Deficiency_Leaf,Correct,0.988614
datasets/train/Leaf_Blight/Leaf_Blight00199.jpg,Leaf_Blight,Leaf_Blight,Correct,0.996880
datasets/test/Leaf_Gall/Leaf_Gall00425.jpg,Leaf_Gall,Leaf_Gall,Correct,0.961289
datasets/test/Dry_Leaf/Dry_Leaf00141.jpg,Dry_Leaf,Dry_Leaf,Correct,0.998798
datasets/train/Healthy_Leaf/Healthy_Leaf00282.jpg,Healthy_Leaf,Healthy_Leaf,Correct,0.999838
datasets/test/Healthy_Leaf/Healthy_Leaf00004.jpg,Healthy_Leaf,Healthy_Leaf,Correct,0.999903
datasets/test/Healthy_Leaf/Healthy_Leaf00273.jpg,Healthy_Leaf,Healthy_Leaf,Correct,0.999684
datasets/train/Healthy_Leaf/Healthy_Leaf00044.jpg,Healthy_Leaf,Healthy_Leaf,Correct,0.999933
datasets/train/Leaf_Blight/Leaf_Blight00406.jpg,Leaf_Blight,Leaf_Blight,Correct,0.999989
datasets/train/Deficiency_Leaf/Deficiency_Leaf00023.jpg,Deficiency_Leaf,Deficiency_Leaf,Correct,0.999843
datasets/train/Fungal_Leaf_Spot/Fungal_Leaf_Spot00155.jpg,Fungal_Leaf_Spot,Fungal_Leaf_Spot,Correct,0.999887
datasets/train/Leaf_Gall/Leaf_Gall00072.jpg,Leaf_Gall,Leaf_Gall,Correct,0.959658
datasets/test/Anthrax_Leaf/Anthrax_Leaf00131.jpg,Anthrax_Leaf,Anthrax_Leaf,Correct,0.999998
datasets/train/Anthrax_Leaf/Anthrax_Leaf00087.jpg,Anthrax_Leaf,Anthrax_Leaf,Correct,0.999939
datasets/test/Felt_Leaf/Felt_Leaf00354.jpg,Felt_Leaf,Fungal_Leaf_Spot,Incorrect,0.501645
datasets/test/Fungal_Leaf_Spot/Fungal_Leaf_Spot00060.jpg,Fungal_Leaf_Spot,Fungal_Leaf_Spot,Correct,0.999991
datasets/test/Healthy_Leaf/Healthy_Leaf00612.jpg,Healthy_Leaf,Healthy_Leaf,Correct,0.996949
datasets/train/Leaf_Gall/Leaf_Gall00525.jpg,Leaf_Gall,Leaf_Gall,Correct,0.998997
datasets/test/Healthy_Leaf/Healthy_Leaf00355.jpg,Healthy_Leaf,Healthy_Leaf,Correct,0.999997
datasets/train/Fungal_Leaf_Spot/Fungal_Leaf_Spot00416.jpg,Fungal_Leaf_Spot,Fungal_Leaf_Spot,Correct,0.999933
datasets/test/Bituminous_Leaf/Bituminous_Leaf00071.jpg,Bituminous_Leaf,Bituminous_Leaf,Correct,0.999763
datasets/test/Bituminous_Leaf/Bituminous_Leaf00040.jpg,Bituminous_Leaf,Bituminous_Leaf,Correct,0.999991
datasets/test/Dry_Leaf/Dry_Leaf00100.jpg,Dry_Leaf,Dry_Leaf,Correct,0.999881
datasets/train/Deficiency_Leaf/Deficiency_Leaf00049.jpg,Deficiency_Leaf,Deficiency_Leaf,Correct,0.965245
datasets/train/Fungal_Leaf_Spot/Fungal_Leaf_Spot00312.jpg,Fungal_Leaf_Spot,Fungal_Leaf_Spot,Correct,0.999999
datasets/train/Leaf_Gall/Leaf_Gall00136.jpg,Leaf_Gall,Leaf_Gall,Correct,0.999845
datasets/train/Healthy_Leaf/Healthy_Leaf00591.jpg,Healthy_Leaf,Healthy_Leaf,Correct,0.999920
datasets/test/Healthy_Leaf/Healthy_Leaf00497.jpg,Healthy_Leaf,Healthy_Leaf,Correct,0.812385
datasets/train/Leaf_Blight/Leaf_Blight00171.jpg,Leaf_Blight,Leaf_Blight,Correct,0.999993
datasets/test/Healthy_Leaf/Healthy_Leaf00538.jpg,Healthy_Leaf,Healthy_Leaf,Correct,0.999807
datasets/train/Healthy_Leaf/Healthy_Leaf00233.jpg,Healthy_Leaf,Healthy_Leaf,Correct,0.999945
datasets/train/Deficiency_Leaf/Deficiency_Leaf00020.jpg,Deficiency_Leaf,Deficiency_Leaf,Correct,0.999999
datasets/train/Dry_Leaf/Dry_Leaf00346.jpg,Dry_Leaf,Dry_Leaf,Correct,0.998013
datasets/test/Leaf_Gall/Leaf_Gall00201.jpg,Leaf_Gall,Leaf_Gall,Correct,0.999995
datasets/test/Healthy_Leaf/Healthy_Leaf00336.jpg,Healthy_Leaf,Healthy_Leaf,Correct,0.999959
datasets/train/Leaf_Blight/Leaf_Blight00514.jpg,Leaf_Blight,Leaf_Blight,Correct,0.998205
datasets/train/Healthy_Leaf/Healthy_Leaf00423.jpg,Healthy_Leaf,Healthy_Leaf,Correct,0.999841
datasets/train/Leaf_Blight/Leaf_Blight00267.jpg,Leaf_Blight,Leaf_Blight,Correct,0.999963
datasets/train/Leaf_Gall/Leaf_Gall00177.jpg,Leaf_Gall,Leaf_Gall,Correct,0.998243
datasets/test/Fungal_Leaf_Spot/Fungal_Leaf_Spot00007.jpg,Fungal_Leaf_Spot,Fungal_Leaf_Spot,Correct,0.999991
datasets/train/Leaf_Gall/Leaf_Gall00384.jpg,Leaf_Gall,Leaf_Gall,Correct,0.999041
datasets/train/Leaf_Blight/Leaf_Blight00091.jpg,Leaf_Blight,Leaf_Blight,Correct,0.998877
datasets/test/Healthy_Leaf/Healthy_Leaf00477.jpg,Healthy_Leaf,Healthy_Leaf,Correct,0.999987
datasets/test/Leaf_Blight/Leaf_Blight00442.jpg,Leaf_Blight,Leaf_Blight,Correct,0.999967
datasets/train/Leaf_Blight/Leaf_Blight00541.jpg,Leaf_Blight,Leaf_Blight,Correct,0.999998
datasets/train/Healthy_Leaf/Healthy_Leaf00212.jpg,Healthy_Leaf,Healthy_Leaf,Correct,0.999991
datasets/test/Bituminous_Leaf/Bituminous_Leaf00038.jpg,Bituminous_Leaf,Bituminous_Leaf,Correct,0.999991
datasets/test/Curl_Leaf/Curl_Leaf00044.jpg,Curl_Leaf,Curl_Leaf,Correct,0.999648
datasets/train/Fungal_Leaf_Spot/Fungal_Leaf_Spot00086.jpg,Fungal_Leaf_Spot,Fungal_Leaf_Spot,Correct,0.999992
datasets/test/Leaf_Gall/Leaf_Gall00521.jpg,Leaf_Gall,Leaf_Gall,Correct,0.999058
datasets/test/Leaf_Blight/Leaf_Blight00094.jpg,Leaf_Blight,Leaf_Blight,Correct,0.999982
datasets/train/Felt_Leaf/Felt_Leaf00014.jpg,Felt_Leaf,Felt_Leaf,Correct,0.961410
datasets/test/Fungal_Leaf_Spot/Fungal_Leaf_Spot00404.jpg,Fungal_Leaf_Spot,Fungal_Leaf_Spot,Correct,0.999991
datasets/test/Curl_Leaf/Curl_Leaf00029.jpg,Curl_Leaf,Curl_Leaf,Correct,0.999916
datasets/train/Dry_Leaf/Dry_Leaf00046.jpg,Dry_Leaf,Dry_Leaf,Correct,0.999910
datasets/test/Dry_Leaf/Dry_Leaf00109.jpg,Dry_Leaf,Dry_Leaf,Correct,0.999991
datasets/train/Leaf_Blight/Leaf_Blight00330.jpg,Leaf_Blight,Leaf_Blight,Correct,0.999998
datasets/test/Dry_Leaf/Dry_Leaf00076.jpg,Dry_Leaf,Dry_Leaf,Correct,0.998586
datasets/train/Leaf_Blight/Leaf_Blight00026.jpg,Leaf_Blight,Leaf_Blight,Correct,0.999996
datasets/test/Felt_Leaf/Felt_Leaf00272.jpg,Felt_Leaf,Felt_Leaf,Correct,0.999908
datasets/train/Felt_Leaf/Felt_Leaf00262.jpg,Felt_Leaf,Felt_Leaf,Correct,0.991050
datasets/test/Felt_Leaf/Felt_Leaf00219.jpg,Felt_Leaf,Felt_Leaf,Correct,0.993834
datasets/train/Fungal_Leaf_Spot/Fungal_Leaf_Spot00338.jpg,Fungal_Leaf_Spot,Fungal_Leaf_Spot,Correct,0.999950
datasets/test/Dry_Leaf/Dry_Leaf00157.jpg,Dry_Leaf,Dry_Leaf,Correct,0.999662
datasets/test/Healthy_Leaf/Healthy_Leaf00149.jpg,Healthy_Leaf,Healthy_Leaf,Correct,0.999461
datasets/train/Leaf_Blight/Leaf_Blight00259.jpg,Leaf_Blight,Leaf_Blight,Correct,0.999988
datasets/train/Curl_Leaf/Curl_Leaf00083.jpg,Curl_Leaf,Curl_Leaf,Correct,0.999925
datasets/test/Leaf_Gall/Leaf_Gall00434.jpg,Leaf_Gall,Leaf_Gall,Correct,0.999717
datasets/test/Leaf_Gall/Leaf_Gall00411.jpg,Leaf_Gall,Leaf_Gall,Correct,0.999943
datasets/test/Healthy_Leaf/Healthy_Leaf00565.jpg,Healthy_Leaf,Healthy_Leaf,Correct,0.999783
datasets/train/Fungal_Leaf_Spot/Fungal_Leaf_Spot00165.jpg,Fungal_Leaf_Spot,Fungal_Leaf_Spot,Correct,0.999999
datasets/train/Fungal_Leaf_Spot/Fungal_Leaf_Spot00286.jpg,Fungal_Leaf_Spot,Fungal_Leaf_Spot,Correct,0.999853
datasets/train/Felt_Leaf/Felt_Leaf00055.jpg,Felt_Leaf,Felt_Leaf,Correct,0.999860
datasets/test/Leaf_Blight/Leaf_Blight00078.jpg,Leaf_Blight,Leaf_Blight,Correct,0.988821
datasets/test/Healthy_Leaf/Healthy_Leaf00169.jpg,Healthy_Leaf,Healthy_Leaf,Correct,0.999997
datasets/train/Leaf_Gall/Leaf_Gall00532.jpg,Leaf_Gall,Leaf_Gall,Correct,0.996894
datasets/train/Healthy_Leaf/Healthy_Leaf00219.jpg,Healthy_Leaf,Healthy_Leaf,Correct,0.999802
datasets/train/Healthy_Leaf/Healthy_Leaf00604.jpg,Healthy_Leaf,Healthy_Leaf,Correct,0.961311
datasets/test/Leaf_Gall/Leaf_Gall00226.jpg,Leaf_Gall,Leaf_Gall,Correct,0.999199
datasets/test/Felt_Leaf/Felt_Leaf00066.jpg,Felt_Leaf,Felt_Leaf,Correct,0.999750
datasets/test/Fungal_Leaf_Spot/Fungal_Leaf_Spot00504.jpg,Fungal_Leaf_Spot,Fungal_Leaf_Spot,Correct,0.999997
datasets/test/Anthrax_Leaf/Anthrax_Leaf00045.jpg,Anthrax_Leaf,Anthrax_Leaf,Correct,0.999973
datasets/test/Felt_Leaf/Felt_Leaf00057.jpg,Felt_Leaf,Felt_Leaf,Correct,0.999015
datasets/train/Dry_Leaf/Dry_Leaf00189.jpg,Dry_Leaf,Dry_Leaf,Correct,0.999958
datasets/train/Leaf_Blight/Leaf_Blight00385.jpg,Leaf_Blight,Leaf_Blight,Correct,0.999998
datasets/train/Felt_Leaf/Felt_Leaf00068.jpg,Felt_Leaf,Felt_Leaf,Correct,0.999939
datasets/train/Leaf_Gall/Leaf_Gall00208.jpg,Leaf_Gall,Leaf_Gall,Correct,0.999997
datasets/train/Fungal_Leaf_Spot/Fungal_Leaf_Spot00231.jpg,Fungal_Leaf_Spot,Fungal_Leaf_Spot,Correct,0.999997
datasets/train/Healthy_Leaf/Healthy_Leaf00244.jpg,Healthy_Leaf,Healthy_Leaf,Correct,0.999832
datasets/test/Fungal_Leaf_Spot/Fungal_Leaf_Spot00207.jpg,Fungal_Leaf_Spot,Fungal_Leaf_Spot,Correct,0.999996
datasets/train/Curl_Leaf/Curl_Leaf00006.jpg,Curl_Leaf,Curl_Leaf,Correct,0.999994
datasets/train/Deficiency_Leaf/Deficiency_Leaf00091.jpg,Deficiency_Leaf,Deficiency_Leaf,Correct,0.971157
datasets/test/Bituminous_Leaf/Bituminous_Leaf00085.jpg,Bituminous_Leaf,Bituminous_Leaf,Correct,0.999993
datasets/test/Leaf_Gall/Leaf_Gall00038.jpg,Leaf_Gall,Leaf_Gall,Correct,0.999988
datasets/test/Dry_Leaf/Dry_Leaf00049.jpg,Dry_Leaf,Dry_Leaf,Correct,0.998952
datasets/test/Healthy_Leaf/Healthy_Leaf00611.jpg,Healthy_Leaf,Healthy_Leaf,Correct,0.996028
datasets/train/Healthy_Leaf/Healthy_Leaf00003.jpg,Healthy_Leaf,Healthy_Leaf,Correct,0.999996
datasets/test/Felt_Leaf/Felt_Leaf00156.jpg,Felt_Leaf,Felt_Leaf,Correct,0.999472
datasets/train/Healthy_Leaf/Healthy_Leaf00089.jpg,Healthy_Leaf,Healthy_Leaf,Correct,0.999983
datasets/test/Felt_Leaf/Felt_Leaf00144.jpg,Felt_Leaf,Felt_Leaf,Correct,0.999399
datasets/test/Leaf_Gall/Leaf_Gall00132.jpg,Leaf_Gall,Leaf_Gall,Correct,0.999770
datasets/train/Anthrax_Leaf/Anthrax_Leaf00116.jpg,Anthrax_Leaf,Anthrax_Leaf,Correct,0.999998
datasets/train/Dry_Leaf/Dry_Leaf00094.jpg,Dry_Leaf,Dry_Leaf,Correct,0.999955
datasets/train/Bituminous_Leaf/Bituminous_Leaf00027.jpg,Bituminous_Leaf,Bituminous_Leaf,Correct,0.999806
datasets/train/Healthy_Leaf/Healthy_Leaf00136.jpg,Healthy_Leaf,Healthy_Leaf,Correct,0.999979
datasets/test/Felt_Leaf/Felt_Leaf00149.jpg,Felt_Leaf,Felt_Leaf,Correct,0.884289
datasets/test/Leaf_Blight/Leaf_Blight00320.jpg,Leaf_Blight,Leaf_Blight,Correct,0.999743
datasets/train/Fungal_Leaf_Spot/Fungal_Leaf_Spot00194.jpg,Fungal_Leaf_Spot,Fungal_Leaf_Spot,Correct,0.999987
datasets/test/Healthy_Leaf/Healthy_Leaf00384.jpg,Healthy_Leaf,Healthy_Leaf,Correct,0.999904
datasets/train/Fungal_Leaf_Spot/Fungal_Leaf_Spot00473.jpg,Fungal_Leaf_Spot,Fungal_Leaf_Spot,Correct,0.999991
datasets/test/Dry_Leaf/Dry_Leaf00159.jpg,Dry_Leaf,Dry_Leaf,Correct,0.999528
datasets/train/Leaf_Blight/Leaf_Blight00161.jpg,Leaf_Blight,Leaf_Blight,Correct,0.999998
datasets/test/Leaf_Gall/Leaf_Gall00346.jpg,Leaf_Gall,Leaf_Gall,Correct,0.999816
datasets/train/Leaf_Gall/Leaf_Gall00550.jpg,Leaf_Gall,Leaf_Gall,Correct,0.999729
datasets/test/Fungal_Leaf_Spot/Fungal_Leaf_Spot00246.jpg,Fungal_Leaf_Spot,Fungal_Leaf_Spot,Correct,0.994315
datasets/train/Fungal_Leaf_Spot/Fungal_Leaf_Spot00167.jpg,Fungal_Leaf_Spot,Fungal_Leaf_Spot,Correct,0.999999
datasets/test/Leaf_Blight/Leaf_Blight00294.jpg,Leaf_Blight,Leaf_Blight,Correct,0.999839
datasets/train/Leaf_Gall/Leaf_Gall00373.jpg,Leaf_Gall,Leaf_Gall,Correct,0.999859
datasets/train/Dry_Leaf/Dry_Leaf00284.jpg,Dry_Leaf,Dry_Leaf,Correct,0.999969
datasets/test/Felt_Leaf/Felt_Leaf00038.jpg,Felt_Leaf,Felt_Leaf,Correct,0.999647
datasets/train/Leaf_Gall/Leaf_Gall00014.jpg,Leaf_Gall,Leaf_Gall,Correct,0.989644
datasets/test/Dry_Leaf/Dry_Leaf00356.jpg,Dry_Leaf,Dry_Leaf,Correct,0.999655
datasets/test/Anthrax_Leaf/Anthrax_Leaf00065.jpg,Anthrax_Leaf,Anthrax_Leaf,Correct,0.997681
datasets/test/Anthrax_Leaf/Anthrax_Leaf00082.jpg,Anthrax_Leaf,Anthrax_Leaf,Correct,0.999717
datasets/test/Fungal_Leaf_Spot/Fungal_Leaf_Spot00508.jpg,Fungal_Leaf_Spot,Fungal_Leaf_Spot,Correct,0.999999
datasets/test/Leaf_Blight/Leaf_Blight00104.jpg,Leaf_Blight,Leaf_Blight,Correct,0.999418
datasets/train/Felt_Leaf/Felt_Leaf00321.jpg,Felt_Leaf,Felt_Leaf,Correct,0.998059
datasets/test/Leaf_Gall/Leaf_Gall00040.jpg,Leaf_Gall,Leaf_Gall,Correct,0.999869
datasets/test/Leaf_Gall/Leaf_Gall00327.jpg,Leaf_Gall,Leaf_Gall,Correct,0.999954
datasets/test/Felt_Leaf/Felt_Leaf00145.jpg,Felt_Leaf,Felt_Leaf,Correct,0.963171
datasets/test/Dry_Leaf/Dry_Leaf00184.jpg,Dry_Leaf,Dry_Leaf,Correct,0.999623
datasets/train/Leaf_Gall/Leaf_Gall00043.jpg,Leaf_Gall,Leaf_Gall,Correct,0.999999
datasets/test/Anthrax_Leaf/Anthrax_Leaf00103.jpg,Anthrax_Leaf,Anthrax_Leaf,Correct,0.922209
datasets/train/Bituminous_Leaf/Bituminous_Leaf00035.jpg,Bituminous_Leaf,Bituminous_Leaf,Correct,0.999811
datasets/train/Felt_Leaf/Felt_Leaf00101.jpg,Felt_Leaf,Felt_Leaf,Correct,0.997458
datasets/train/Fungal_Leaf_Spot/Fungal_Leaf_Spot00507.jpg,Fungal_Leaf_Spot,Fungal_Leaf_Spot,Correct,0.999951
datasets/test/Fungal_Leaf_Spot/Fungal_Leaf_Spot00272.jpg,Fungal_Leaf_Spot,Fungal_Leaf_Spot,Correct,0.998523
datasets/train/Healthy_Leaf/Healthy_Leaf00284.jpg,Healthy_Leaf,Healthy_Leaf,Correct,0.999932
datasets/test/Healthy_Leaf/Healthy_Leaf00540.jpg,Healthy_Leaf,Healthy_Leaf,Correct,0.999865
datasets/test/Felt_Leaf/Felt_Leaf00164.jpg,Felt_Leaf,Felt_Leaf,Correct,0.889498
datasets/test/Dry_Leaf/Dry_Leaf00283.jpg,Dry_Leaf,Dry_Leaf,Correct,0.999803
datasets/test/Leaf_Gall/Leaf_Gall00408.jpg,Leaf_Gall,Leaf_Gall,Correct,0.998756
datasets/train/Bituminous_Leaf/Bituminous_Leaf00062.jpg,Bituminous_Leaf,Bituminous_Leaf,Correct,0.999978
datasets/test/Felt_Leaf/Felt_Leaf00017.jpg,Felt_Leaf,Felt_Leaf,Correct,0.999861
datasets/test/Fungal_Leaf_Spot/Fungal_Leaf_Spot00011.jpg,Fungal_Leaf_Spot,Fungal_Leaf_Spot,Correct,0.999997
datasets/train/Healthy_Leaf/Healthy_Leaf00602.jpg,Healthy_Leaf,Healthy_Leaf,Correct,0.999946
datasets/train/Leaf_Gall/Leaf_Gall00220.jpg,Leaf_Gall,Leaf_Gall,Correct,0.999838
datasets/train/Fungal_Leaf_Spot/Fungal_Leaf_Spot00418.jpg,Fungal_Leaf_Spot,Fungal_Leaf_Spot,Correct,0.999992
datasets/test/Dry_Leaf/Dry_Leaf00307.jpg,Dry_Leaf,Dry_Leaf,Correct,0.999993
datasets/test/Healthy_Leaf/Healthy_Leaf00068.jpg,Healthy_Leaf,Healthy_Leaf,Correct,0.999977
datasets/test/Felt_Leaf/Felt_Leaf00213.jpg,Felt_Leaf,Felt_Leaf,Correct,0.998958
datasets/train/Felt_Leaf/Felt_Leaf00040.jpg,Felt_Leaf,Felt_Leaf,Correct,0.999918
datasets/train/Healthy_Leaf/Healthy_Leaf00354.jpg,Healthy_Leaf,Healthy_Leaf,Correct,0.999846
datasets/test/Healthy_Leaf/Healthy_Leaf00513.jpg,Healthy_Leaf,Healthy_Leaf,Correct,0.999982
datasets/train/Anthrax_Leaf/Anthrax_Leaf00129.jpg,Anthrax_Leaf,Anthrax_Leaf,Correct,0.999994
datasets/test/Leaf_Gall/Leaf_Gall00320.jpg,Leaf_Gall,Leaf_Gall,Correct,0.999835
datasets/test/Leaf_Gall/Leaf_Gall00437.jpg,Leaf_Gall,Leaf_Gall,Correct,0.999708
datasets/train/Bituminous_Leaf/Bituminous_Leaf00106.jpg,Bituminous_Leaf,Bituminous_Leaf,Correct,0.997322
datasets/test/Felt_Leaf/Felt_Leaf00152.jpg,Felt_Leaf,Felt_Leaf,Correct,0.980717
datasets/test/Fungal_Leaf_Spot/Fungal_Leaf_Spot00495.jpg,Fungal_Leaf_Spot,Fungal_Leaf_Spot,Correct,0.999992
datasets/test/Leaf_Gall/Leaf_Gall00415.jpg,Leaf_Gall,Leaf_Gall,Correct,0.970851
datasets/test/Healthy_Leaf/Healthy_Leaf00564.jpg,Healthy_Leaf,Healthy_Leaf,Correct,0.961553
datasets/test/Leaf_Gall/Leaf_Gall00306.jpg,Leaf_Gall,Leaf_Gall,Correct,0.999989
datasets/test/Fungal_Leaf_Spot/Fungal_Leaf_Spot00461.jpg,Fungal_Leaf_Spot,Fungal_Leaf_Spot,Correct,0.999100
datasets/test/Healthy_Leaf/Healthy_Leaf00164.jpg,Healthy_Leaf,Healthy_Leaf,Correct,0.999666
datasets/test/Leaf_Gall/Leaf_Gall00541.jpg,Leaf_Gall,Leaf_Gall,Correct,0.999970
datasets/train/Felt_Leaf/Felt_Leaf00153.jpg,Felt_Leaf,Healthy_Leaf,Incorrect,0.483658
datasets/train/Fungal_Leaf_Spot/Fungal_Leaf_Spot00573.jpg,Fungal_Leaf_Spot,Fungal_Leaf_Spot,Correct,0.999977
datasets/train/Curl_Leaf/Curl_Leaf00021.jpg,Curl_Leaf,Curl_Leaf,Correct,0.999997
datasets/test/Deficiency_Leaf/Deficiency_Leaf00051.jpg,Deficiency_Leaf,Deficiency_Leaf,Correct,0.798889
datasets/train/Leaf_Blight/Leaf_Blight00106.jpg,Leaf_Blight,Leaf_Blight,Correct,0.999955
datasets/train/Leaf_Blight/Leaf_Blight00118.jpg,Leaf_Blight,Leaf_Blight,Correct,0.999986
datasets/test/Leaf_Gall/Leaf_Gall00291.jpg,Leaf_Gall,Leaf_Gall,Correct,0.999759
datasets/test/Leaf_Gall/Leaf_Gall00233.jpg,Leaf_Gall,Leaf_Gall,Correct,0.999969
datasets/test/Leaf_Blight/Leaf_Blight00297.jpg,Leaf_Blight,Leaf_Blight,Correct,0.999998
datasets/test/Dry_Leaf/Dry_Leaf00090.jpg,Dry_Leaf,Dry_Leaf,Correct,0.999467
datasets/test/Leaf_Gall/Leaf_Gall00591.jpg,Leaf_Gall,Leaf_Gall,Correct,0.999858
datasets/test/Leaf_Blight/Leaf_Blight00382.jpg,Leaf_Blight,Leaf_Blight,Correct,0.999997
datasets/test/Leaf_Gall/Leaf_Gall00450.jpg,Leaf_Gall,Leaf_Gall,Correct,0.999933
datasets/test/Fungal_Leaf_Spot/Fungal_Leaf_Spot00251.jpg,Fungal_Leaf_Spot,Fungal_Leaf_Spot,Correct,0.999981
datasets/test/Felt_Leaf/Felt_Leaf00365.jpg,Felt_Leaf,Felt_Leaf,Correct,0.960958
datasets/test/Healthy_Leaf/Healthy_Leaf00196.jpg,Healthy_Leaf,Healthy_Leaf,Correct,0.999959
datasets/test/Dry_Leaf/Dry_Leaf00254.jpg,Dry_Leaf,Dry_Leaf,Correct,0.999303
datasets/train/Healthy_Leaf/Healthy_Leaf00097.jpg,Healthy_Leaf,Healthy_Leaf,Correct,0.999835
datasets/test/Dry_Leaf/Dry_Leaf00174.jpg,Dry_Leaf,Dry_Leaf,Correct,0.999600
datasets/test/Leaf_Blight/Leaf_Blight00075.jpg,Leaf_Blight,Leaf_Blight,Correct,0.996991
datasets/train/Felt_Leaf/Felt_Leaf00112.jpg,Felt_Leaf,Felt_Leaf,Correct,0.998494
datasets/test/Fungal_Leaf_Spot/Fungal_Leaf_Spot00102.jpg,Fungal_Leaf_Spot,Fungal_Leaf_Spot,Correct,0.999564
datasets/train/Healthy_Leaf/Healthy_Leaf00593.jpg,Healthy_Leaf,Healthy_Leaf,Correct,0.999987
datasets/test/Healthy_Leaf/Healthy_Leaf00596.jpg,Healthy_Leaf,Healthy_Leaf,Correct,0.999993
datasets/train/Anthrax_Leaf/Anthrax_Leaf00014.jpg,Anthrax_Leaf,Anthrax_Leaf,Correct,0.546932
datasets/test/Leaf_Gall/Leaf_Gall00515.jpg,Leaf_Gall,Leaf_Gall,Correct,0.999978
datasets/train/Leaf_Blight/Leaf_Blight00577.jpg,Leaf_Blight,Leaf_Blight,Correct,0.999804
datasets/train/Fungal_Leaf_Spot/Fungal_Leaf_Spot00205.jpg,Fungal_Leaf_Spot,Fungal_Leaf_Spot,Correct,0.999949
datasets/test/Fungal_Leaf_Spot/Fungal_Leaf_Spot00303.jpg,Fungal_Leaf_Spot,Fungal_Leaf_Spot,Correct,0.999991
datasets/train/Leaf_Gall/Leaf_Gall00211.jpg,Leaf_Gall,Leaf_Gall,Correct,0.999616
datasets/train/Leaf_Blight/Leaf_Blight00360.jpg,Leaf_Blight,Leaf_Blight,Correct,0.999976
datasets/train/Leaf_Gall/Leaf_Gall00036.jpg,Leaf_Gall,Leaf_Gall,Correct,0.999397
datasets/test/Leaf_Gall/Leaf_Gall00088.jpg,Leaf_Gall,Leaf_Gall,Correct,0.999987
datasets/test/Leaf_Gall/Leaf_Gall00246.jpg,Leaf_Gall,Leaf_Gall,Correct,0.999141
datasets/test/Deficiency_Leaf/Deficiency_Leaf00001.jpg,Deficiency_Leaf,Deficiency_Leaf,Correct,0.948947
datasets/train/Deficiency_Leaf/Deficiency_Leaf00087.jpg,Deficiency_Leaf,Deficiency_Leaf,Correct,0.995120
datasets/train/Fungal_Leaf_Spot/Fungal_Leaf_Spot00547.jpg,Fungal_Leaf_Spot,Fungal_Leaf_Spot,Correct,0.999996
datasets/test/Fungal_Leaf_Spot/Fungal_Leaf_Spot00045.jpg,Fungal_Leaf_Spot,Fungal_Leaf_Spot,Correct,1.000000
datasets/test/Leaf_Gall/Leaf_Gall00307.jpg,Leaf_Gall,Leaf_Gall,Correct,0.994658
datasets/train/Healthy_Leaf/Healthy_Leaf00094.jpg,Healthy_Leaf,Healthy_Leaf,Correct,0.999972
datasets/test/Dry_Leaf/Dry_Leaf00314.jpg,Dry_Leaf,Dry_Leaf,Correct,0.999917
datasets/test/Bituminous_Leaf/Bituminous_Leaf00012.jpg,Bituminous_Leaf,Bituminous_Leaf,Correct,0.999932
datasets/test/Felt_Leaf/Felt_Leaf00137.jpg,Felt_Leaf,Felt_Leaf,Correct,0.999797
datasets/test/Fungal_Leaf_Spot/Fungal_Leaf_Spot00332.jpg,Fungal_Leaf_Spot,Fungal_Leaf_Spot,Correct,0.998793
datasets/train/Dry_Leaf/Dry_Leaf00187.jpg,Dry_Leaf,Dry_Leaf,Correct,0.999954
datasets/train/Fungal_Leaf_Spot/Fungal_Leaf_Spot00428.jpg,Fungal_Leaf_Spot,Fungal_Leaf_Spot,Correct,1.000000
datasets/test/Leaf_Gall/Leaf_Gall00045.jpg,Leaf_Gall,Leaf_Gall,Correct,0.999992
datasets/train/Leaf_Blight/Leaf_Blight00110.jpg,Leaf_Blight,Leaf_Blight,Correct,0.999798
datasets/test/Fungal_Leaf_Spot/Fungal_Leaf_Spot00161.jpg,Fungal_Leaf_Spot,Fungal_Leaf_Spot,Correct,0.999337
datasets/test/Deficiency_Leaf/Deficiency_Leaf00016.jpg,Deficiency_Leaf,Deficiency_Leaf,Correct,0.999964
datasets/test/Leaf_Gall/Leaf_Gall00487.jpg,Leaf_Gall,Leaf_Gall,Correct,0.999982
datasets/train/Felt_Leaf/Felt_Leaf00110.jpg,Felt_Leaf,Felt_Leaf,Correct,0.990445
datasets/test/Fungal_Leaf_Spot/Fungal_Leaf_Spot00400.jpg,Fungal_Leaf_Spot,Fungal_Leaf_Spot,Correct,0.999996
datasets/train/Leaf_Gall/Leaf_Gall00410.jpg,Leaf_Gall,Leaf_Gall,Correct,0.886042
datasets/test/Leaf_Gall/Leaf_Gall00555.jpg,Leaf_Gall,Leaf_Gall,Correct,0.999983
datasets/test/Healthy_Leaf/Healthy_Leaf00275.jpg,Healthy_Leaf,Healthy_Leaf,Correct,0.999556
datasets/test/Healthy_Leaf/Healthy_Leaf00325.jpg,Healthy_Leaf,Healthy_Leaf,Correct,0.999984
datasets/train/Fungal_Leaf_Spot/Fungal_Leaf_Spot00405.jpg,Fungal_Leaf_Spot,Fungal_Leaf_Spot,Correct,1.000000
datasets/test/Fungal_Leaf_Spot/Fungal_Leaf_Spot00309.jpg,Fungal_Leaf_Spot,Fungal_Leaf_Spot,Correct,0.999751
datasets/test/Deficiency_Leaf/Deficiency_Leaf00019.jpg,Deficiency_Leaf,Deficiency_Leaf,Correct,1.000000
datasets/test/Healthy_Leaf/Healthy_Leaf00080.jpg,Healthy_Leaf,Healthy_Leaf,Correct,0.999952
datasets/test/Leaf_Blight/Leaf_Blight00324.jpg,Leaf_Blight,Leaf_Blight,Correct,0.999899
datasets/train/Felt_Leaf/Felt_Leaf00090.jpg,Felt_Leaf,Felt_Leaf,Correct,0.998702
datasets/train/Leaf_Gall/Leaf_Gall00360.jpg,Leaf_Gall,Leaf_Gall,Correct,0.997867
datasets/train/Leaf_Blight/Leaf_Blight00009.jpg,Leaf_Blight,Leaf_Blight,Correct,0.999942
datasets/train/Leaf_Blight/Leaf_Blight00208.jpg,Leaf_Blight,Leaf_Blight,Correct,0.997546
datasets/test/Healthy_Leaf/Healthy_Leaf00152.jpg,Healthy_Leaf,Healthy_Leaf,Correct,0.999798
datasets/test/Fungal_Leaf_Spot/Fungal_Leaf_Spot00290.jpg,Fungal_Leaf_Spot,Fungal_Leaf_Spot,Correct,0.987453
datasets/test/Healthy_Leaf/Healthy_Leaf00242.jpg,Healthy_Leaf,Healthy_Leaf,Correct,0.999909
datasets/test/Deficiency_Leaf/Deficiency_Leaf00095.jpg,Deficiency_Leaf,Deficiency_Leaf,Correct,0.580918
datasets/test/Leaf_Gall/Leaf_Gall00392.jpg,Leaf_Gall,Leaf_Gall,Correct,0.997284
datasets/train/Healthy_Leaf/Healthy_Leaf00556.jpg,Healthy_Leaf,Healthy_Leaf,Correct,0.995748
datasets/train/Dry_Leaf/Dry_Leaf00099.jpg,Dry_Leaf,Dry_Leaf,Correct,0.893518
datasets/test/Felt_Leaf/Felt_Leaf00151.jpg,Felt_Leaf,Felt_Leaf,Correct,0.877275
datasets/test/Dry_Leaf/Dry_Leaf00250.jpg,Dry_Leaf,Dry_Leaf,Correct,0.994803
datasets/test/Fungal_Leaf_Spot/Fungal_Leaf_Spot00016.jpg,Fungal_Leaf_Spot,Fungal_Leaf_Spot,Correct,0.896192
datasets/test/Dry_Leaf/Dry_Leaf00267.jpg,Dry_Leaf,Dry_Leaf,Correct,0.999129
datasets/train/Healthy_Leaf/Healthy_Leaf00361.jpg,Healthy_Leaf,Healthy_Leaf,Correct,0.999899
datasets/test/Anthrax_Leaf/Anthrax_Leaf00091.jpg,Anthrax_Leaf,Anthrax_Leaf,Correct,0.999994
datasets/train/Dry_Leaf/Dry_Leaf00106.jpg,Dry_Leaf,Dry_Leaf,Correct,0.999932
datasets/test/Leaf_Gall/Leaf_Gall00285.jpg,Leaf_Gall,Leaf_Gall,Correct,0.999791
datasets/test/Dry_Leaf/Dry_Leaf00024.jpg,Dry_Leaf,Dry_Leaf,Correct,0.999982
datasets/train/Fungal_Leaf_Spot/Fungal_Leaf_Spot00100.jpg,Fungal_Leaf_Spot,Fungal_Leaf_Spot,Correct,0.998988
datasets/test/Dry_Leaf/Dry_Leaf00062.jpg,Dry_Leaf,Dry_Leaf,Correct,0.999817
datasets/test/Leaf_Gall/Leaf_Gall00133.jpg,Leaf_Gall,Leaf_Gall,Correct,0.999992
datasets/train/Leaf_Gall/Leaf_Gall00401.jpg,Leaf_Gall,Leaf_Gall,Correct,0.998329
datasets/test/Leaf_Blight/Leaf_Blight00182.jpg,Leaf_Blight,Leaf_Blight,Correct,0.999985
datasets/train/Felt_Leaf/Felt_Leaf00346.jpg,Felt_Leaf,Felt_Leaf,Correct,0.999868
datasets/test/Leaf_Blight/Leaf_Blight00394.jpg,Leaf_Blight,Leaf_Blight,Correct,0.997392
datasets/test/Bituminous_Leaf/Bituminous_Leaf00051.jpg,Bituminous_Leaf,Bituminous_Leaf,Correct,0.999299
datasets/train/Leaf_Gall/Leaf_Gall00052.jpg,Leaf_Gall,Leaf_Gall,Correct,0.971345
datasets/test/Curl_Leaf/Curl_Leaf00017.jpg,Curl_Leaf,Curl_Leaf,Correct,0.999005
datasets/train/Leaf_Gall/Leaf_Gall00027.jpg,Leaf_Gall,Leaf_Gall,Correct,0.999991
datasets/test/Deficiency_Leaf/Deficiency_Leaf00101.jpg,Deficiency_Leaf,Deficiency_Leaf,Correct,0.998774
datasets/train/Fungal_Leaf_Spot/Fungal_Leaf_Spot00074.jpg,Fungal_Leaf_Spot,Fungal_Leaf_Spot,Correct,0.999951
datasets/train/Leaf_Gall/Leaf_Gall00070.jpg,Leaf_Gall,Leaf_Gall,Correct,0.999993
datasets/test/Dry_Leaf/Dry_Leaf00286.jpg,Dry_Leaf,Dry_Leaf,Correct,0.999961
datasets/test/Bituminous_Leaf/Bituminous_Leaf00052.jpg,Bituminous_Leaf,Bituminous_Leaf,Correct,0.990552
datasets/test/Felt_Leaf/Felt_Leaf00108.jpg,Felt_Leaf,Felt_Leaf,Correct,0.978126
datasets/test/Bituminous_Leaf/Bituminous_Leaf00119.jpg,Bituminous_Leaf,Bituminous_Leaf,Correct,0.999987
datasets/test/Felt_Leaf/Felt_Leaf00356.jpg,Felt_Leaf,Felt_Leaf,Correct,0.999516
datasets/train/Deficiency_Leaf/Deficiency_Leaf00062.jpg,Deficiency_Leaf,Deficiency_Leaf,Correct,0.997775
datasets/train/Leaf_Gall/Leaf_Gall00149.jpg,Leaf_Gall,Leaf_Gall,Correct,0.986048
datasets/train/Felt_Leaf/Felt_Leaf00104.jpg,Felt_Leaf,Felt_Leaf,Correct,0.531475
datasets/test/Deficiency_Leaf/Deficiency_Leaf00061.jpg,Deficiency_Leaf,Deficiency_Leaf,Correct,0.999252
datasets/train/Deficiency_Leaf/Deficiency_Leaf00044.jpg,Deficiency_Leaf,Bituminous_Leaf,Incorrect,0.918995
datasets/test/Fungal_Leaf_Spot/Fungal_Leaf_Spot00107.jpg,Fungal_Leaf_Spot,Fungal_Leaf_Spot,Correct,0.998908
datasets/test/Fungal_Leaf_Spot/Fungal_Leaf_Spot00481.jpg,Fungal_Leaf_Spot,Fungal_Leaf_Spot,Correct,0.999999
datasets/test/Anthrax_Leaf/Anthrax_Leaf00099.jpg,Anthrax_Leaf,Anthrax_Leaf,Correct,0.999779
datasets/train/Dry_Leaf/Dry_Leaf00298.jpg,Dry_Leaf,Dry_Leaf,Correct,0.999977
datasets/train/Fungal_Leaf_Spot/Fungal_Leaf_Spot00101.jpg,Fungal_Leaf_Spot,Fungal_Leaf_Spot,Correct,0.999978
datasets/train/Fungal_Leaf_Spot/Fungal_Leaf_Spot00339.jpg,Fungal_Leaf_Spot,Fungal_Leaf_Spot,Correct,0.999642
datasets/test/Fungal_Leaf_Spot/Fungal_Leaf_Spot00033.jpg,Fungal_Leaf_Spot,Fungal_Leaf_Spot,Correct,0.999997
datasets/test/Fungal_Leaf_Spot/Fungal_Leaf_Spot00480.jpg,Fungal_Leaf_Spot,Fungal_Leaf_Spot,Correct,0.999963
datasets/train/Leaf_Gall/Leaf_Gall00215.jpg,Leaf_Gall,Leaf_Gall,Correct,0.999957
datasets/test/Dry_Leaf/Dry_Leaf00297.jpg,Dry_Leaf,Dry_Leaf,Correct,0.999953
datasets/train/Curl_Leaf/Curl_Leaf00159.jpg,Curl_Leaf,Curl_Leaf,Correct,0.999888
datasets/test/Fungal_Leaf_Spot/Fungal_Leaf_Spot00545.jpg,Fungal_Leaf_Spot,Fungal_Leaf_Spot,Correct,0.999940
datasets/test/Healthy_Leaf/Healthy_Leaf00340.jpg,Healthy_Leaf,Healthy_Leaf,Correct,0.999981
datasets/test/Anthrax_Leaf/Anthrax_Leaf00115.jpg,Anthrax_Leaf,Anthrax_Leaf,Correct,0.998874
datasets/train/Healthy_Leaf/Healthy_Leaf00141.jpg,Healthy_Leaf,Healthy_Leaf,Correct,0.999998
datasets/test/Healthy_Leaf/Healthy_Leaf00091.jpg,Healthy_Leaf,Healthy_Leaf,Correct,0.999553
datasets/train/Felt_Leaf/Felt_Leaf00308.jpg,Felt_Leaf,Felt_Leaf,Correct,0.998748
datasets/test/Curl_Leaf/Curl_Leaf00113.jpg,Curl_Leaf,Curl_Leaf,Correct,0.998137
datasets/test/Healthy_Leaf/Healthy_Leaf00402.jpg,Healthy_Leaf,Healthy_Leaf,Correct,0.999696
datasets/train/Fungal_Leaf_Spot/Fungal_Leaf_Spot00370.jpg,Fungal_Leaf_Spot,Fungal_Leaf_Spot,Correct,0.999791
datasets/test/Dry_Leaf/Dry_Leaf00010.jpg,Dry_Leaf,Dry_Leaf,Correct,0.998906
datasets/train/Healthy_Leaf/Healthy_Leaf00058.jpg,Healthy_Leaf,Healthy_Leaf,Correct,0.999995
datasets/test/Leaf_Gall/Leaf_Gall00166.jpg,Leaf_Gall,Leaf_Gall,Correct,0.997981
datasets/test/Curl_Leaf/Curl_Leaf00101.jpg,Curl_Leaf,Curl_Leaf,Correct,0.999977
datasets/train/Leaf_Gall/Leaf_Gall00454.jpg,Leaf_Gall,Leaf_Gall,Correct,0.999303
datasets/train/Leaf_Blight/Leaf_Blight00035.jpg,Leaf_Blight,Leaf_Blight,Correct,0.999894
datasets/test/Felt_Leaf/Felt_Leaf00291.jpg,Felt_Leaf,Felt_Leaf,Correct,0.999740
datasets/train/Leaf_Blight/Leaf_Blight00354.jpg,Leaf_Blight,Leaf_Blight,Correct,1.000000
datasets/test/Fungal_Leaf_Spot/Fungal_Leaf_Spot00311.jpg,Fungal_Leaf_Spot,Fungal_Leaf_Spot,Correct,0.999955
datasets/train/Leaf_Gall/Leaf_Gall00120.jpg,Leaf_Gall,Leaf_Gall,Correct,0.839957
datasets/train/Felt_Leaf/Felt_Leaf00084.jpg,Felt_Leaf,Felt_Leaf,Correct,0.983143
datasets/train/Felt_Leaf/Felt_Leaf00311.jpg,Felt_Leaf,Felt_Leaf,Correct,0.999766
datasets/test/Deficiency_Leaf/Deficiency_Leaf00116.jpg,Deficiency_Leaf,Deficiency_Leaf,Correct,0.999866
datasets/test/Fungal_Leaf_Spot/Fungal_Leaf_Spot00417.jpg,Fungal_Leaf_Spot,Fungal_Leaf_Spot,Correct,0.999991
datasets/test/Healthy_Leaf/Healthy_Leaf00328.jpg,Healthy_Leaf,Healthy_Leaf,Correct,0.999776
datasets/test/Dry_Leaf/Dry_Leaf00048.jpg,Dry_Leaf,Dry_Leaf,Correct,0.999531
datasets/test/Leaf_Blight/Leaf_Blight00386.jpg,Leaf_Blight,Leaf_Blight,Correct,0.999995
datasets/train/Fungal_Leaf_Spot/Fungal_Leaf_Spot00354.jpg,Fungal_Leaf_Spot,Fungal_Leaf_Spot,Correct,0.999888
datasets/train/Fungal_Leaf_Spot/Fungal_Leaf_Spot00242.jpg,Fungal_Leaf_Spot,Fungal_Leaf_Spot,Correct,0.998153
datasets/test/Deficiency_Leaf/Deficiency_Leaf00034.jpg,Deficiency_Leaf,Deficiency_Leaf,Correct,0.999767
datasets/test/Dry_Leaf/Dry_Leaf00029.jpg,Dry_Leaf,Dry_Leaf,Correct,0.997161
datasets/test/Curl_Leaf/Curl_Leaf00180.jpg,Curl_Leaf,Curl_Leaf,Correct,0.999843
datasets/test/Leaf_Blight/Leaf_Blight00288.jpg,Leaf_Blight,Leaf_Blight,Correct,0.999976
datasets/train/Bituminous_Leaf/Bituminous_Leaf00009.jpg,Bituminous_Leaf,Bituminous_Leaf,Correct,0.999827
datasets/test/Fungal_Leaf_Spot/Fungal_Leaf_Spot00159.jpg,Fungal_Leaf_Spot,Fungal_Leaf_Spot,Correct,0.999503
datasets/train/Leaf_Gall/Leaf_Gall00063.jpg,Leaf_Gall,Leaf_Gall,Correct,0.999951
datasets/test/Healthy_Leaf/Healthy_Leaf00286.jpg,Healthy_Leaf,Healthy_Leaf,Correct,0.999063
datasets/train/Curl_Leaf/Curl_Leaf00130.jpg,Curl_Leaf,Curl_Leaf,Correct,0.999993
datasets/train/Fungal_Leaf_Spot/Fungal_Leaf_Spot00040.jpg,Fungal_Leaf_Spot,Fungal_Leaf_Spot,Correct,0.999997
datasets/test/Deficiency_Leaf/Deficiency_Leaf00003.jpg,Deficiency_Leaf,Anthrax_Leaf,Incorrect,0.909272
datasets/test/Fungal_Leaf_Spot/Fungal_Leaf_Spot00485.jpg,Fungal_Leaf_Spot,Fungal_Leaf_Spot,Correct,0.999989
datasets/train/Leaf_Gall/Leaf_Gall00015.jpg,Leaf_Gall,Leaf_Gall,Correct,0.999634
datasets/train/Leaf_Blight/Leaf_Blight00136.jpg,Leaf_Blight,Leaf_Blight,Correct,0.999894
datasets/train/Leaf_Gall/Leaf_Gall00568.jpg,Leaf_Gall,Leaf_Gall,Correct,0.999527
datasets/train/Leaf_Blight/Leaf_Blight00197.jpg,Leaf_Blight,Leaf_Blight,Correct,0.999149
datasets/test/Healthy_Leaf/Healthy_Leaf00416.jpg,Healthy_Leaf,Healthy_Leaf,Correct,0.999917
datasets/test/Healthy_Leaf/Healthy_Leaf00206.jpg,Healthy_Leaf,Healthy_Leaf,Correct,0.999950
datasets/test/Leaf_Gall/Leaf_Gall00422.jpg,Leaf_Gall,Leaf_Gall,Correct,0.999950
datasets/test/Leaf_Blight/Leaf_Blight00107.jpg,Leaf_Blight,Leaf_Blight,Correct,0.953417
datasets/train/Dry_Leaf/Dry_Leaf00077.jpg,Dry_Leaf,Dry_Leaf,Correct,0.999988
datasets/test/Dry_Leaf/Dry_Leaf00070.jpg,Dry_Leaf,Dry_Leaf,Correct,0.999393
datasets/test/Fungal_Leaf_Spot/Fungal_Leaf_Spot00493.jpg,Fungal_Leaf_Spot,Fungal_Leaf_Spot,Correct,0.999992
datasets/test/Felt_Leaf/Felt_Leaf00125.jpg,Felt_Leaf,Felt_Leaf,Correct,0.999994
datasets/test/Dry_Leaf/Dry_Leaf00324.jpg,Dry_Leaf,Dry_Leaf,Correct,0.999990
datasets/test/Dry_Leaf/Dry_Leaf00305.jpg,Dry_Leaf,Dry_Leaf,Correct,0.999581
datasets/test/Dry_Leaf/Dry_Leaf00200.jpg,Dry_Leaf,Dry_Leaf,Correct,0.999946
datasets/test/Anthrax_Leaf/Anthrax_Leaf00060.jpg,Anthrax_Leaf,Anthrax_Leaf,Correct,0.999853
datasets/train/Felt_Leaf/Felt_Leaf00361.jpg,Felt_Leaf,Felt_Leaf,Correct,0.994874
datasets/train/Healthy_Leaf/Healthy_Leaf00504.jpg,Healthy_Leaf,Healthy_Leaf,Correct,0.999876
datasets/train/Healthy_Leaf/Healthy_Leaf00168.jpg,Healthy_Leaf,Healthy_Leaf,Correct,0.999999
datasets/test/Fungal_Leaf_Spot/Fungal_Leaf_Spot00279.jpg,Fungal_Leaf_Spot,Fungal_Leaf_Spot,Correct,0.999999
datasets/test/Felt_Leaf/Felt_Leaf00060.jpg,Felt_Leaf,Felt_Leaf,Correct,0.999753
datasets/test/Fungal_Leaf_Spot/Fungal_Leaf_Spot00304.jpg,Fungal_Leaf_Spot,Fungal_Leaf_Spot,Correct,0.999982
datasets/train/Leaf_Blight/Leaf_Blight00065.jpg,Leaf_Blight,Leaf_Blight,Correct,0.939157
datasets/test/Fungal_Leaf_Spot/Fungal_Leaf_Spot00047.jpg,Fungal_Leaf_Spot,Fungal_Leaf_Spot,Correct,0.999998
datasets/test/Healthy_Leaf/Healthy_Leaf00245.jpg,Healthy_Leaf,Healthy_Leaf,Correct,0.999969
datasets/test/Healthy_Leaf/Healthy_Leaf00427.jpg,Healthy_Leaf,Healthy_Leaf,Correct,0.999976
datasets/test/Healthy_Leaf/Healthy_Leaf00053.jpg,Healthy_Leaf,Healthy_Leaf,Correct,0.999957
datasets/test/Healthy_Leaf/Healthy_Leaf00078.jpg,Healthy_Leaf,Healthy_Leaf,Correct,0.999955
datasets/train/Felt_Leaf/Felt_Leaf00326.jpg,Felt_Leaf,Felt_Leaf,Correct,0.999949
datasets/train/Leaf_Gall/Leaf_Gall00352.jpg,Leaf_Gall,Leaf_Gall,Correct,0.999968
datasets/train/Leaf_Gall/Leaf_Gall00017.jpg,Leaf_Gall,Leaf_Gall,Correct,0.949923
datasets/test/Leaf_Blight/Leaf_Blight00198.jpg,Leaf_Blight,Leaf_Blight,Correct,0.949502
datasets/train/Leaf_Gall/Leaf_Gall00619.jpg,Leaf_Gall,Leaf_Gall,Correct,0.985160
datasets/test/Fungal_Leaf_Spot/Fungal_Leaf_Spot00032.jpg,Fungal_Leaf_Spot,Fungal_Leaf_Spot,Correct,0.999995
datasets/train/Leaf_Gall/Leaf_Gall00206.jpg,Leaf_Gall,Leaf_Gall,Correct,0.999999
datasets/test/Bituminous_Leaf/Bituminous_Leaf00006.jpg,Bituminous_Leaf,Bituminous_Leaf,Correct,0.999995
datasets/test/Leaf_Gall/Leaf_Gall00234.jpg,Leaf_Gall,Leaf_Gall,Correct,0.999950
datasets/test/Leaf_Gall/Leaf_Gall00574.jpg,Leaf_Gall,Leaf_Gall,Correct,0.999536
datasets/test/Healthy_Leaf/Healthy_Leaf00610.jpg,Healthy_Leaf,Healthy_Leaf,Correct,0.999110
datasets/test/Leaf_Gall/Leaf_Gall00390.jpg,Leaf_Gall,Leaf_Gall,Correct,0.999274
datasets/train/Leaf_Blight/Leaf_Blight00506.jpg,Leaf_Blight,Leaf_Blight,Correct,0.996286
datasets/test/Healthy_Leaf/Healthy_Leaf00412.jpg,Healthy_Leaf,Healthy_Leaf,Correct,0.999646
datasets/train/Fungal_Leaf_Spot/Fungal_Leaf_Spot00114.jpg,Fungal_Leaf_Spot,Fungal_Leaf_Spot,Correct,0.999777
datasets/train/Healthy_Leaf/Healthy_Leaf00586.jpg,Healthy_Leaf,Healthy_Leaf,Correct,0.999554
datasets/train/Anthrax_Leaf/Anthrax_Leaf00038.jpg,Anthrax_Leaf,Anthrax_Leaf,Correct,0.993788
datasets/test/Fungal_Leaf_Spot/Fungal_Leaf_Spot00191.jpg,Fungal_Leaf_Spot,Fungal_Leaf_Spot,Correct,0.999980
datasets/test/Dry_Leaf/Dry_Leaf00323.jpg,Dry_Leaf,Dry_Leaf,Correct,0.999931
datasets/test/Healthy_Leaf/Healthy_Leaf00452.jpg,Healthy_Leaf,Healthy_Leaf,Correct,0.999988
datasets/test/Curl_Leaf/Curl_Leaf00068.jpg,Curl_Leaf,Curl_Leaf,Correct,0.999957
datasets/test/Deficiency_Leaf/Deficiency_Leaf00111.jpg,Deficiency_Leaf,Bituminous_Leaf,Incorrect,0.941366
datasets/train/Fungal_Leaf_Spot/Fungal_Leaf_Spot00465.jpg,Fungal_Leaf_Spot,Felt_Leaf,Incorrect,0.494376
datasets/test/Healthy_Leaf/Healthy_Leaf00386.jpg,Healthy_Leaf,Healthy_Leaf,Correct,0.999569
datasets/test/Leaf_Gall/Leaf_Gall00003.jpg,Leaf_Gall,Leaf_Gall,Correct,0.999293
datasets/train/Healthy_Leaf/Healthy_Leaf00525.jpg,Healthy_Leaf,Healthy_Leaf,Correct,0.993680
datasets/train/Dry_Leaf/Dry_Leaf00340.jpg,Dry_Leaf,Dry_Leaf,Correct,0.999878
datasets/train/Felt_Leaf/Felt_Leaf00280.jpg,Felt_Leaf,Felt_Leaf,Correct,0.760204
datasets/train/Bituminous_Leaf/Bituminous_Leaf00010.jpg,Bituminous_Leaf,Bituminous_Leaf,Correct,0.999993
datasets/train/Healthy_Leaf/Healthy_Leaf00570.jpg,Healthy_Leaf,Healthy_Leaf,Correct,0.999423
datasets/test/Leaf_Blight/Leaf_Blight00343.jpg,Leaf_Blight,Leaf_Blight,Correct,1.000000
datasets/train/Healthy_Leaf/Healthy_Leaf00366.jpg,Healthy_Leaf,Healthy_Leaf,Correct,0.999977
datasets/train/Healthy_Leaf/Healthy_Leaf00594.jpg,Healthy_Leaf,Healthy_Leaf,Correct,0.999975
datasets/test/Felt_Leaf/Felt_Leaf00284.jpg,Felt_Leaf,Felt_Leaf,Correct,0.999896
datasets/train/Dry_Leaf/Dry_Leaf00241.jpg,Dry_Leaf,Dry_Leaf,Correct,0.999751
datasets/test/Leaf_Blight/Leaf_Blight00480.jpg,Leaf_Blight,Leaf_Blight,Correct,0.999999
datasets/test/Leaf_Blight/Leaf_Blight00547.jpg,Leaf_Blight,Leaf_Blight,Correct,0.999991
datasets/test/Dry_Leaf/Dry_Leaf00071.jpg,Dry_Leaf,Dry_Leaf,Correct,0.999968
datasets/test/Felt_Leaf/Felt_Leaf00271.jpg,Felt_Leaf,Felt_Leaf,Correct,0.998596
datasets/train/Healthy_Leaf/Healthy_Leaf00027.jpg,Healthy_Leaf,Healthy_Leaf,Correct,0.999959
datasets/test/Leaf_Gall/Leaf_Gall00270.jpg,Leaf_Gall,Leaf_Gall,Correct,0.999691
datasets/test/Dry_Leaf/Dry_Leaf00005.jpg,Dry_Leaf,Dry_Leaf,Correct,0.999585
datasets/train/Dry_Leaf/Dry_Leaf00256.jpg,Dry_Leaf,Dry_Leaf,Correct,0.986932
datasets/train/Leaf_Gall/Leaf_Gall00370.jpg,Leaf_Gall,Leaf_Gall,Correct,0.999827
datasets/train/Leaf_Gall/Leaf_Gall00436.jpg,Leaf_Gall,Leaf_Gall,Correct,0.999775
datasets/train/Leaf_Blight/Leaf_Blight00010.jpg,Leaf_Blight,Leaf_Blight,Correct,0.999999
datasets/test/Felt_Leaf/Felt_Leaf00307.jpg,Felt_Leaf,Felt_Leaf,Correct,0.999453
datasets/test/Leaf_Gall/Leaf_Gall00377.jpg,Leaf_Gall,Leaf_Gall,Correct,0.998575
datasets/test/Healthy_Leaf/Healthy_Leaf00288.jpg,Healthy_Leaf,Healthy_Leaf,Correct,0.999970
datasets/test/Leaf_Gall/Leaf_Gall00107.jpg,Leaf_Gall,Leaf_Gall,Correct,0.999994
datasets/test/Dry_Leaf/Dry_Leaf00196.jpg,Dry_Leaf,Dry_Leaf,Correct,0.999994
datasets/train/Leaf_Blight/Leaf_Blight00246.jpg,Leaf_Blight,Leaf_Blight,Correct,0.999822
datasets/train/Healthy_Leaf/Healthy_Leaf00013.jpg,Healthy_Leaf,Healthy_Leaf,Correct,0.999999
datasets/train/Dry_Leaf/Dry_Leaf00335.jpg,Dry_Leaf,Dry_Leaf,Correct,0.999975
datasets/test/Fungal_Leaf_Spot/Fungal_Leaf_Spot00236.jpg,Fungal_Leaf_Spot,Fungal_Leaf_Spot,Correct,0.999924
datasets/train/Leaf_Gall/Leaf_Gall00197.jpg,Leaf_Gall,Leaf_Gall,Correct,0.999996
datasets/test/Leaf_Gall/Leaf_Gall00533.jpg,Leaf_Gall,Leaf_Gall,Correct,0.999630
datasets/test/Healthy_Leaf/Healthy_Leaf00387.jpg,Healthy_Leaf,Healthy_Leaf,Correct,0.999931
datasets/test/Healthy_Leaf/Healthy_Leaf00124.jpg,Healthy_Leaf,Healthy_Leaf,Correct,0.999986
datasets/test/Fungal_Leaf_Spot/Fungal_Leaf_Spot00356.jpg,Fungal_Leaf_Spot,Fungal_Leaf_Spot,Correct,0.999812
datasets/test/Fungal_Leaf_Spot/Fungal_Leaf_Spot00541.jpg,Fungal_Leaf_Spot,Fungal_Leaf_Spot,Correct,0.999999
datasets/train/Deficiency_Leaf/Deficiency_Leaf00026.jpg,Deficiency_Leaf,Deficiency_Leaf,Correct,0.999831
datasets/test/Leaf_Blight/Leaf_Blight00528.jpg,Leaf_Blight,Leaf_Blight,Correct,1.000000
datasets/test/Felt_Leaf/Felt_Leaf00015.jpg,Felt_Leaf,Felt_Leaf,Correct,0.712749
datasets/test/Leaf_Gall/Leaf_Gall00199.jpg,Leaf_Gall,Leaf_Gall,Correct,0.999875
datasets/test/Leaf_Blight/Leaf_Blight00247.jpg,Leaf_Blight,Leaf_Blight,Correct,0.999836
datasets/test/Fungal_Leaf_Spot/Fungal_Leaf_Spot00117.jpg,Fungal_Leaf_Spot,Fungal_Leaf_Spot,Correct,0.995787
datasets/train/Healthy_Leaf/Healthy_Leaf00371.jpg,Healthy_Leaf,Healthy_Leaf,Correct,0.999996
datasets/test/Healthy_Leaf/Healthy_Leaf00554.jpg,Healthy_Leaf,Healthy_Leaf,Correct,0.997713
datasets/test/Felt_Leaf/Felt_Leaf00131.jpg,Felt_Leaf,Felt_Leaf,Correct,0.999139
datasets/train/Leaf_Blight/Leaf_Blight00543.jpg,Leaf_Blight,Leaf_Blight,Correct,0.999969
datasets/test/Leaf_Gall/Leaf_Gall00612.jpg,Leaf_Gall,Leaf_Gall,Correct,0.993711
datasets/test/Fungal_Leaf_Spot/Fungal_Leaf_Spot00017.jpg,Fungal_Leaf_Spot,Fungal_Leaf_Spot,Correct,0.995275
datasets/test/Curl_Leaf/Curl_Leaf00149.jpg,Curl_Leaf,Curl_Leaf,Correct,0.999862
datasets/test/Leaf_Blight/Leaf_Blight00228.jpg,Leaf_Blight,Leaf_Blight,Correct,1.000000
datasets/train/Dry_Leaf/Dry_Leaf00012.jpg,Dry_Leaf,Dry_Leaf,Correct,0.998321
datasets/test/Leaf_Gall/Leaf_Gall00514.jpg,Leaf_Gall,Leaf_Gall,Correct,0.999999
datasets/train/Fungal_Leaf_Spot/Fungal_Leaf_Spot00209.jpg,Fungal_Leaf_Spot,Fungal_Leaf_Spot,Correct,0.999937
datasets/test/Dry_Leaf/Dry_Leaf00033.jpg,Dry_Leaf,Dry_Leaf,Correct,0.936705
datasets/train/Healthy_Leaf/Healthy_Leaf00617.jpg,Healthy_Leaf,Healthy_Leaf,Correct,0.999242
datasets/test/Leaf_Blight/Leaf_Blight00374.jpg,Leaf_Blight,Leaf_Blight,Correct,0.999995
datasets/test/Anthrax_Leaf/Anthrax_Leaf00125.jpg,Anthrax_Leaf,Anthrax_Leaf,Correct,0.999663
datasets/test/Leaf_Gall/Leaf_Gall00317.jpg,Leaf_Gall,Leaf_Gall,Correct,0.999975
datasets/test/Leaf_Blight/Leaf_Blight00220.jpg,Leaf_Blight,Leaf_Blight,Correct,0.999996
datasets/train/Dry_Leaf/Dry_Leaf00331.jpg,Dry_Leaf,Dry_Leaf,Correct,0.999986
datasets/test/Fungal_Leaf_Spot/Fungal_Leaf_Spot00496.jpg,Fungal_Leaf_Spot,Fungal_Leaf_Spot,Correct,1.000000
datasets/test/Leaf_Gall/Leaf_Gall00232.jpg,Leaf_Gall,Leaf_Gall,Correct,0.999974
datasets/test/Healthy_Leaf/Healthy_Leaf00157.jpg,Healthy_Leaf,Healthy_Leaf,Correct,0.999970
datasets/train/Leaf_Gall/Leaf_Gall00610.jpg,Leaf_Gall,Leaf_Gall,Correct,0.999988
datasets/test/Leaf_Gall/Leaf_Gall00513.jpg,Leaf_Gall,Leaf_Gall,Correct,0.999999
datasets/test/Felt_Leaf/Felt_Leaf00082.jpg,Felt_Leaf,Felt_Leaf,Correct,0.968342
datasets/test/Curl_Leaf/Curl_Leaf00027.jpg,Curl_Leaf,Curl_Leaf,Correct,0.999998
datasets/train/Fungal_Leaf_Spot/Fungal_Leaf_Spot00398.jpg,Fungal_Leaf_Spot,Fungal_Leaf_Spot,Correct,0.999998
datasets/train/Bituminous_Leaf/Bituminous_Leaf00107.jpg,Bituminous_Leaf,Bituminous_Leaf,Correct,0.999707
datasets/train/Leaf_Blight/Leaf_Blight00066.jpg,Leaf_Blight,Leaf_Blight,Correct,0.999299
datasets/test/Leaf_Gall/Leaf_Gall00433.jpg,Leaf_Gall,Leaf_Gall,Correct,0.999404
datasets/test/Healthy_Leaf/Healthy_Leaf00374.jpg,Healthy_Leaf,Healthy_Leaf,Correct,0.999947
datasets/test/Leaf_Gall/Leaf_Gall00316.jpg,Leaf_Gall,Leaf_Gall,Correct,0.998575
datasets/train/Leaf_Blight/Leaf_Blight00211.jpg,Leaf_Blight,Leaf_Blight,Correct,0.997013
datasets/test/Leaf_Blight/Leaf_Blight00585.jpg,Leaf_Blight,Leaf_Blight,Correct,0.999944
datasets/train/Healthy_Leaf/Healthy_Leaf00382.jpg,Healthy_Leaf,Healthy_Leaf,Correct,0.999373
datasets/test/Leaf_Gall/Leaf_Gall00134.jpg,Leaf_Gall,Leaf_Gall,Correct,0.999999
datasets/test/Fungal_Leaf_Spot/Fungal_Leaf_Spot00540.jpg,Fungal_Leaf_Spot,Fungal_Leaf_Spot,Correct,0.999998
datasets/test/Fungal_Leaf_Spot/Fungal_Leaf_Spot00477.jpg,Fungal_Leaf_Spot,Fungal_Leaf_Spot,Correct,0.999989
datasets/train/Fungal_Leaf_Spot/Fungal_Leaf_Spot00075.jpg,Fungal_Leaf_Spot,Fungal_Leaf_Spot,Correct,0.999990
datasets/train/Leaf_Blight/Leaf_Blight00134.jpg,Leaf_Blight,Leaf_Blight,Correct,0.999987
datasets/train/Anthrax_Leaf/Anthrax_Leaf00050.jpg,Anthrax_Leaf,Anthrax_Leaf,Correct,0.999992
datasets/train/Leaf_Blight/Leaf_Blight00316.jpg,Leaf_Blight,Leaf_Blight,Correct,0.999785
datasets/test/Felt_Leaf/Felt_Leaf00029.jpg,Felt_Leaf,Felt_Leaf,Correct,0.999932
datasets/test/Bituminous_Leaf/Bituminous_Leaf00022.jpg,Bituminous_Leaf,Bituminous_Leaf,Correct,0.999976
datasets/test/Leaf_Gall/Leaf_Gall00318.jpg,Leaf_Gall,Leaf_Gall,Correct,0.999985
datasets/test/Healthy_Leaf/Healthy_Leaf00458.jpg,Healthy_Leaf,Healthy_Leaf,Correct,0.999991
datasets/test/Leaf_Blight/Leaf_Blight00037.jpg,Leaf_Blight,Leaf_Blight,Correct,0.999987
datasets/test/Deficiency_Leaf/Deficiency_Leaf00093.jpg,Deficiency_Leaf,Anthrax_Leaf,Incorrect,0.931047
datasets/train/Healthy_Leaf/Healthy_Leaf00464.jpg,Healthy_Leaf,Healthy_Leaf,Correct,0.995408
datasets/test/Healthy_Leaf/Healthy_Leaf00488.jpg,Healthy_Leaf,Healthy_Leaf,Correct,0.997881
datasets/train/Leaf_Gall/Leaf_Gall00276.jpg,Leaf_Gall,Leaf_Gall,Correct,0.997301
datasets/train/Fungal_Leaf_Spot/Fungal_Leaf_Spot00451.jpg,Fungal_Leaf_Spot,Fungal_Leaf_Spot,Correct,0.999497
datasets/test/Fungal_Leaf_Spot/Fungal_Leaf_Spot00055.jpg,Fungal_Leaf_Spot,Fungal_Leaf_Spot,Correct,0.999999
datasets/test/Curl_Leaf/Curl_Leaf00127.jpg,Curl_Leaf,Curl_Leaf,Correct,0.999932
datasets/test/Healthy_Leaf/Healthy_Leaf00300.jpg,Healthy_Leaf,Healthy_Leaf,Correct,0.999997
datasets/train/Fungal_Leaf_Spot/Fungal_Leaf_Spot00049.jpg,Fungal_Leaf_Spot,Fungal_Leaf_Spot,Correct,0.999998
datasets/test/Healthy_Leaf/Healthy_Leaf00007.jpg,Healthy_Leaf,Healthy_Leaf,Correct,0.999993
datasets/train/Anthrax_Leaf/Anthrax_Leaf00049.jpg,Anthrax_Leaf,Anthrax_Leaf,Correct,0.999575
datasets/test/Leaf_Gall/Leaf_Gall00273.jpg,Leaf_Gall,Leaf_Gall,Correct,0.999976
datasets/test/Curl_Leaf/Curl_Leaf00046.jpg,Curl_Leaf,Curl_Leaf,Correct,0.999998
datasets/test/Felt_Leaf/Felt_Leaf00349.jpg,Felt_Leaf,Felt_Leaf,Correct,0.994215
datasets/test/Leaf_Blight/Leaf_Blight00337.jpg,Leaf_Blight,Leaf_Blight,Correct,0.999977
datasets/train/Healthy_Leaf/Healthy_Leaf00431.jpg,Healthy_Leaf,Healthy_Leaf,Correct,0.999850
datasets/test/Dry_Leaf/Dry_Leaf00349.jpg,Dry_Leaf,Dry_Leaf,Correct,0.997353
datasets/test/Felt_Leaf/Felt_Leaf00016.jpg,Felt_Leaf,Felt_Leaf,Correct,0.989758
datasets/test/Leaf_Gall/Leaf_Gall00010.jpg,Leaf_Gall,Leaf_Gall,Correct,0.999798
datasets/test/Deficiency_Leaf/Deficiency_Leaf00108.jpg,Deficiency_Leaf,Deficiency_Leaf,Correct,0.999988
datasets/test/Leaf_Gall/Leaf_Gall00164.jpg,Leaf_Gall,Leaf_Gall,Correct,0.999998
datasets/test/Healthy_Leaf/Healthy_Leaf00297.jpg,Healthy_Leaf,Healthy_Leaf,Correct,0.999915
datasets/train/Leaf_Gall/Leaf_Gall00106.jpg,Leaf_Gall,Leaf_Gall,Correct,0.999951
datasets/train/Felt_Leaf/Felt_Leaf00313.jpg,Felt_Leaf,Felt_Leaf,Correct,0.929988
datasets/test/Fungal_Leaf_Spot/Fungal_Leaf_Spot00088.jpg,Fungal_Leaf_Spot,Fungal_Leaf_Spot,Correct,0.999727
datasets/test/Dry_Leaf/Dry_Leaf00158.jpg,Dry_Leaf,Dry_Leaf,Correct,0.999650
datasets/test/Healthy_Leaf/Healthy_Leaf00167.jpg,Healthy_Leaf,Healthy_Leaf,Correct,0.999752
datasets/train/Fungal_Leaf_Spot/Fungal_Leaf_Spot00113.jpg,Fungal_Leaf_Spot,Fungal_Leaf_Spot,Correct,0.999989
datasets/train/Leaf_Blight/Leaf_Blight00372.jpg,Leaf_Blight,Leaf_Blight,Correct,0.999979
datasets/train/Deficiency_Leaf/Deficiency_Leaf00007.jpg,Deficiency_Leaf,Deficiency_Leaf,Correct,0.993450
datasets/test/Fungal_Leaf_Spot/Fungal_Leaf_Spot00528.jpg,Fungal_Leaf_Spot,Fungal_Leaf_Spot,Correct,0.999970
datasets/test/Curl_Leaf/Curl_Leaf00002.jpg,Curl_Leaf,Curl_Leaf,Correct,0.999824
datasets/train/Curl_Leaf/Curl_Leaf00145.jpg,Curl_Leaf,Curl_Leaf,Correct,0.999848
datasets/train/Deficiency_Leaf/Deficiency_Leaf00060.jpg,Deficiency_Leaf,Deficiency_Leaf,Correct,0.999989
datasets/test/Leaf_Blight/Leaf_Blight00147.jpg,Leaf_Blight,Leaf_Blight,Correct,0.999826
datasets/test/Dry_Leaf/Dry_Leaf00173.jpg,Dry_Leaf,Dry_Leaf,Correct,0.999892
datasets/test/Leaf_Gall/Leaf_Gall00573.jpg,Leaf_Gall,Leaf_Gall,Correct,0.998865
datasets/test/Curl_Leaf/Curl_Leaf00053.jpg,Curl_Leaf,Curl_Leaf,Correct,0.999999
datasets/test/Fungal_Leaf_Spot/Fungal_Leaf_Spot00492.jpg,Fungal_Leaf_Spot,Fungal_Leaf_Spot,Correct,0.999995
datasets/test/Leaf_Blight/Leaf_Blight00314.jpg,Leaf_Blight,Leaf_Blight,Correct,0.999061
datasets/train/Dry_Leaf/Dry_Leaf00065.jpg,Dry_Leaf,Dry_Leaf,Correct,0.999983
datasets/test/Healthy_Leaf/Healthy_Leaf00480.jpg,Healthy_Leaf,Healthy_Leaf,Correct,0.999987
datasets/train/Dry_Leaf/Dry_Leaf00353.jpg,Dry_Leaf,Dry_Leaf,Correct,0.999927
datasets/test/Leaf_Blight/Leaf_Blight00116.jpg,Leaf_Blight,Leaf_Blight,Correct,0.999653
datasets/train/Healthy_Leaf/Healthy_Leaf00311.jpg,Healthy_Leaf,Healthy_Leaf,Correct,0.999953
datasets/test/Fungal_Leaf_Spot/Fungal_Leaf_Spot00195.jpg,Fungal_Leaf_Spot,Fungal_Leaf_Spot,Correct,0.999835
datasets/test/Healthy_Leaf/Healthy_Leaf00428.jpg,Healthy_Leaf,Healthy_Leaf,Correct,0.999928
datasets/train/Anthrax_Leaf/Anthrax_Leaf00080.jpg,Anthrax_Leaf,Anthrax_Leaf,Correct,0.999796
datasets/test/Felt_Leaf/Felt_Leaf00031.jpg,Felt_Leaf,Felt_Leaf,Correct,0.999938
datasets/test/Bituminous_Leaf/Bituminous_Leaf00095.jpg,Bituminous_Leaf,Bituminous_Leaf,Correct,0.996181
datasets/test/Felt_Leaf/Felt_Leaf00065.jpg,Felt_Leaf,Felt_Leaf,Correct,0.999881
datasets/train/Bituminous_Leaf/Bituminous_Leaf00043.jpg,Bituminous_Leaf,Bituminous_Leaf,Correct,0.994575
datasets/test/Leaf_Blight/Leaf_Blight00061.jpg,Leaf_Blight,Leaf_Blight,Correct,0.999953
datasets/test/Bituminous_Leaf/Bituminous_Leaf00126.jpg,Bituminous_Leaf,Bituminous_Leaf,Correct,0.998887
datasets/test/Leaf_Gall/Leaf_Gall00175.jpg,Leaf_Gall,Leaf_Gall,Correct,0.999976
datasets/test/Leaf_Blight/Leaf_Blight00028.jpg,Leaf_Blight,Leaf_Blight,Correct,0.999629
datasets/test/Healthy_Leaf/Healthy_Leaf00249.jpg,Healthy_Leaf,Healthy_Leaf,Correct,0.999461
datasets/train/Healthy_Leaf/Healthy_Leaf00321.jpg,Healthy_Leaf,Healthy_Leaf,Correct,0.999958
datasets/train/Healthy_Leaf/Healthy_Leaf00170.jpg,Healthy_Leaf,Healthy_Leaf,Correct,0.999996
datasets/train/Anthrax_Leaf/Anthrax_Leaf00123.jpg,Anthrax_Leaf,Anthrax_Leaf,Correct,0.999990
datasets/test/Fungal_Leaf_Spot/Fungal_Leaf_Spot00380.jpg,Fungal_Leaf_Spot,Fungal_Leaf_Spot,Correct,0.999925
datasets/train/Leaf_Gall/Leaf_Gall00230.jpg,Leaf_Gall,Leaf_Gall,Correct,0.999957
datasets/test/Healthy_Leaf/Healthy_Leaf00393.jpg,Healthy_Leaf,Healthy_Leaf,Correct,0.986292
datasets/train/Fungal_Leaf_Spot/Fungal_Leaf_Spot00261.jpg,Fungal_Leaf_Spot,Fungal_Leaf_Spot,Correct,0.999990
datasets/train/Leaf_Blight/Leaf_Blight00341.jpg,Leaf_Blight,Leaf_Blight,Correct,0.999997
datasets/train/Leaf_Blight/Leaf_Blight00448.jpg,Leaf_Blight,Leaf_Blight,Correct,0.999998
datasets/train/Leaf_Gall/Leaf_Gall00147.jpg,Leaf_Gall,Leaf_Gall,Correct,0.663871
datasets/test/Leaf_Blight/Leaf_Blight00062.jpg,Leaf_Blight,Leaf_Blight,Correct,0.999369
datasets/test/Leaf_Blight/Leaf_Blight00494.jpg,Leaf_Blight,Leaf_Blight,Correct,0.999968
datasets/test/Bituminous_Leaf/Bituminous_Leaf00121.jpg,Bituminous_Leaf,Bituminous_Leaf,Correct,0.778224
datasets/test/Leaf_Blight/Leaf_Blight00274.jpg,Leaf_Blight,Leaf_Blight,Correct,0.999994
datasets/train/Fungal_Leaf_Spot/Fungal_Leaf_Spot00363.jpg,Fungal_Leaf_Spot,Fungal_Leaf_Spot,Correct,0.999846
datasets/test/Healthy_Leaf/Healthy_Leaf00360.jpg,Healthy_Leaf,Healthy_Leaf,Correct,0.999949
datasets/test/Dry_Leaf/Dry_Leaf00232.jpg,Dry_Leaf,Dry_Leaf,Correct,0.999813
datasets/test/Fungal_Leaf_Spot/Fungal_Leaf_Spot00073.jpg,Fungal_Leaf_Spot,Fungal_Leaf_Spot,Correct,0.999991
datasets/test/Felt_Leaf/Felt_Leaf00179.jpg,Felt_Leaf,Felt_Leaf,Correct,0.991901
datasets/test/Leaf_Blight/Leaf_Blight00177.jpg,Leaf_Blight,Leaf_Blight,Correct,0.999916
datasets/test/Fungal_Leaf_Spot/Fungal_Leaf_Spot00058.jpg,Fungal_Leaf_Spot,Fungal_Leaf_Spot,Correct,0.999991
datasets/test/Felt_Leaf/Felt_Leaf00261.jpg,Felt_Leaf,Felt_Leaf,Correct,0.950641
datasets/train/Leaf_Gall/Leaf_Gall00082.jpg,Leaf_Gall,Leaf_Gall,Correct,1.000000
datasets/train/Felt_Leaf/Felt_Leaf00002.jpg,Felt_Leaf,Felt_Leaf,Correct,0.999835
datasets/test/Dry_Leaf/Dry_Leaf00271.jpg,Dry_Leaf,Dry_Leaf,Correct,0.999966
datasets/test/Deficiency_Leaf/Deficiency_Leaf00099.jpg,Deficiency_Leaf,Deficiency_Leaf,Correct,0.987522
datasets/train/Leaf_Blight/Leaf_Blight00077.jpg,Leaf_Blight,Leaf_Blight,Correct,0.999431
datasets/test/Leaf_Blight/Leaf_Blight00170.jpg,Leaf_Blight,Leaf_Blight,Correct,0.999971
datasets/train/Leaf_Gall/Leaf_Gall00416.jpg,Leaf_Gall,Leaf_Gall,Correct,0.996789
datasets/test/Deficiency_Leaf/Deficiency_Leaf00077.jpg,Deficiency_Leaf,Deficiency_Leaf,Correct,0.636530
datasets/train/Leaf_Gall/Leaf_Gall00614.jpg,Leaf_Gall,Leaf_Gall,Correct,0.998988
datasets/train/Fungal_Leaf_Spot/Fungal_Leaf_Spot00295.jpg,Fungal_Leaf_Spot,Fungal_Leaf_Spot,Correct,0.999999
datasets/train/Fungal_Leaf_Spot/Fungal_Leaf_Spot00035.jpg,Fungal_Leaf_Spot,Fungal_Leaf_Spot,Correct,1.000000
datasets/test/Fungal_Leaf_Spot/Fungal_Leaf_Spot00214.jpg,Fungal_Leaf_Spot,Fungal_Leaf_Spot,Correct,0.999997
datasets/test/Healthy_Leaf/Healthy_Leaf00252.jpg,Healthy_Leaf,Healthy_Leaf,Correct,0.999934
datasets/test/Leaf_Blight/Leaf_Blight00313.jpg,Leaf_Blight,Leaf_Blight,Correct,0.999998
datasets/train/Felt_Leaf/Felt_Leaf00047.jpg,Felt_Leaf,Felt_Leaf,Correct,0.999983
datasets/test/Felt_Leaf/Felt_Leaf00006.jpg,Felt_Leaf,Felt_Leaf,Correct,0.970888
datasets/test/Curl_Leaf/Curl_Leaf00037.jpg,Curl_Leaf,Curl_Leaf,Correct,0.999987
datasets/train/Leaf_Blight/Leaf_Blight00092.jpg,Leaf_Blight,Leaf_Blight,Correct,0.998858
datasets/test/Dry_Leaf/Dry_Leaf00022.jpg,Dry_Leaf,Dry_Leaf,Correct,0.999982
datasets/test/Curl_Leaf/Curl_Leaf00035.jpg,Curl_Leaf,Curl_Leaf,Correct,0.998493
datasets/test/Healthy_Leaf/Healthy_Leaf00119.jpg,Healthy_Leaf,Healthy_Leaf,Correct,0.999896
datasets/test/Felt_Leaf/Felt_Leaf00303.jpg,Felt_Leaf,Felt_Leaf,Correct,0.999888
datasets/test/Bituminous_Leaf/Bituminous_Leaf00138.jpg,Bituminous_Leaf,Bituminous_Leaf,Correct,0.999649
datasets/test/Dry_Leaf/Dry_Leaf00127.jpg,Dry_Leaf,Dry_Leaf,Correct,0.999936
datasets/test/Leaf_Blight/Leaf_Blight00257.jpg,Leaf_Blight,Leaf_Blight,Correct,0.999598
datasets/train/Curl_Leaf/Curl_Leaf00010.jpg,Curl_Leaf,Curl_Leaf,Correct,0.999999
datasets/train/Leaf_Gall/Leaf_Gall00344.jpg,Leaf_Gall,Leaf_Gall,Correct,0.866006
datasets/train/Deficiency_Leaf/Deficiency_Leaf00021.jpg,Deficiency_Leaf,Deficiency_Leaf,Correct,0.999512
datasets/test/Curl_Leaf/Curl_Leaf00008.jpg,Curl_Leaf,Curl_Leaf,Correct,0.999995
datasets/test/Dry_Leaf/Dry_Leaf00306.jpg,Dry_Leaf,Dry_Leaf,Correct,0.999973
datasets/test/Fungal_Leaf_Spot/Fungal_Leaf_Spot00129.jpg,Fungal_Leaf_Spot,Fungal_Leaf_Spot,Correct,0.985125
datasets/test/Dry_Leaf/Dry_Leaf00166.jpg,Dry_Leaf,Dry_Leaf,Correct,0.998937
datasets/test/Felt_Leaf/Felt_Leaf00171.jpg,Felt_Leaf,Felt_Leaf,Correct,0.999891
datasets/test/Leaf_Blight/Leaf_Blight00232.jpg,Leaf_Blight,Leaf_Blight,Correct,0.999802
datasets/train/Fungal_Leaf_Spot/Fungal_Leaf_Spot00179.jpg,Fungal_Leaf_Spot,Fungal_Leaf_Spot,Correct,0.999996
datasets/train/Fungal_Leaf_Spot/Fungal_Leaf_Spot00472.jpg,Fungal_Leaf_Spot,Fungal_Leaf_Spot,Correct,0.999994
datasets/test/Healthy_Leaf/Healthy_Leaf00054.jpg,Healthy_Leaf,Healthy_Leaf,Correct,0.999936
datasets/train/Leaf_Blight/Leaf_Blight00544.jpg,Leaf_Blight,Leaf_Blight,Correct,0.999999
datasets/test/Felt_Leaf/Felt_Leaf00245.jpg,Felt_Leaf,Felt_Leaf,Correct,0.996101
datasets/test/Felt_Leaf/Felt_Leaf00074.jpg,Felt_Leaf,Felt_Leaf,Correct,0.999786
datasets/train/Felt_Leaf/Felt_Leaf00297.jpg,Felt_Leaf,Felt_Leaf,Correct,0.998761
datasets/train/Healthy_Leaf/Healthy_Leaf00421.jpg,Healthy_Leaf,Healthy_Leaf,Correct,0.999985
datasets/train/Felt_Leaf/Felt_Leaf00140.jpg,Felt_Leaf,Felt_Leaf,Correct,0.576675
datasets/test/Felt_Leaf/Felt_Leaf00134.jpg,Felt_Leaf,Felt_Leaf,Correct,0.999757
datasets/test/Fungal_Leaf_Spot/Fungal_Leaf_Spot00515.jpg,Fungal_Leaf_Spot,Fungal_Leaf_Spot,Correct,0.999999
datasets/test/Leaf_Gall/Leaf_Gall00152.jpg,Leaf_Gall,Leaf_Gall,Correct,1.000000
datasets/test/Leaf_Blight/Leaf_Blight00365.jpg,Leaf_Blight,Leaf_Blight,Correct,0.999997
datasets/test/Healthy_Leaf/Healthy_Leaf00055.jpg,Healthy_Leaf,Healthy_Leaf,Correct,0.999756
datasets/test/Leaf_Blight/Leaf_Blight00307.jpg,Leaf_Blight,Leaf_Blight,Correct,0.999960
datasets/train/Leaf_Gall/Leaf_Gall00108.jpg,Leaf_Gall,Leaf_Gall,Correct,0.999946
datasets/test/Leaf_Gall/Leaf_Gall00059.jpg,Leaf_Gall,Leaf_Gall,Correct,0.999995
datasets/test/Felt_Leaf/Felt_Leaf00097.jpg,Felt_Leaf,Felt_Leaf,Correct,0.999726
datasets/train/Fungal_Leaf_Spot/Fungal_Leaf_Spot00274.jpg,Fungal_Leaf_Spot,Fungal_Leaf_Spot,Correct,0.999984
datasets/test/Fungal_Leaf_Spot/Fungal_Leaf_Spot00098.jpg,Fungal_Leaf_Spot,Fungal_Leaf_Spot,Correct,0.999998
datasets/test/Leaf_Gall/Leaf_Gall00347.jpg,Leaf_Gall,Leaf_Gall,Correct,0.988224
datasets/train/Leaf_Blight/Leaf_Blight00302.jpg,Leaf_Blight,Leaf_Blight,Correct,0.999994
datasets/train/Leaf_Gall/Leaf_Gall00588.jpg,Leaf_Gall,Leaf_Gall,Correct,0.999976
datasets/train/Healthy_Leaf/Healthy_Leaf00184.jpg,Healthy_Leaf,Healthy_Leaf,Correct,0.999982
datasets/test/Leaf_Gall/Leaf_Gall00583.jpg,Leaf_Gall,Leaf_Gall,Correct,0.999971
datasets/test/Curl_Leaf/Curl_Leaf00034.jpg,Curl_Leaf,Curl_Leaf,Correct,0.999999
datasets/train/Leaf_Gall/Leaf_Gall00374.jpg,Leaf_Gall,Leaf_Gall,Correct,0.999908
datasets/test/Healthy_Leaf/Healthy_Leaf00531.jpg,Healthy_Leaf,Healthy_Leaf,Correct,0.999971
datasets/test/Leaf_Blight/Leaf_Blight00462.jpg,Leaf_Blight,Leaf_Blight,Correct,0.999958
datasets/test/Leaf_Gall/Leaf_Gall00231.jpg,Leaf_Gall,Leaf_Gall,Correct,0.999949
datasets/train/Leaf_Gall/Leaf_Gall00006.jpg,Leaf_Gall,Leaf_Gall,Correct,0.999602
datasets/train/Leaf_Blight/Leaf_Blight00168.jpg,Leaf_Blight,Leaf_Blight,Correct,0.999989
datasets/train/Fungal_Leaf_Spot/Fungal_Leaf_Spot00355.jpg,Fungal_Leaf_Spot,Fungal_Leaf_Spot,Correct,0.999648
datasets/test/Healthy_Leaf/Healthy_Leaf00165.jpg,Healthy_Leaf,Healthy_Leaf,Correct,0.999879
datasets/test/Leaf_Gall/Leaf_Gall00504.jpg,Leaf_Gall,Leaf_Gall,Correct,0.999027
datasets/test/Leaf_Blight/Leaf_Blight00191.jpg,Leaf_Blight,Leaf_Blight,Correct,0.985680
datasets/test/Anthrax_Leaf/Anthrax_Leaf00031.jpg,Anthrax_Leaf,Anthrax_Leaf,Correct,0.999743
datasets/train/Dry_Leaf/Dry_Leaf00129.jpg,Dry_Leaf,Dry_Leaf,Correct,0.999995
datasets/test/Fungal_Leaf_Spot/Fungal_Leaf_Spot00262.jpg,Fungal_Leaf_Spot,Fungal_Leaf_Spot,Correct,0.999936
datasets/test/Leaf_Gall/Leaf_Gall00579.jpg,Leaf_Gall,Leaf_Gall,Correct,0.997803
datasets/train/Leaf_Blight/Leaf_Blight00535.jpg,Leaf_Blight,Leaf_Blight,Correct,0.999810
datasets/train/Felt_Leaf/Felt_Leaf00206.jpg,Felt_Leaf,Leaf_Blight,Incorrect,0.685948
datasets/test/Deficiency_Leaf/Deficiency_Leaf00072.jpg,Deficiency_Leaf,Deficiency_Leaf,Correct,0.999986
datasets/train/Felt_Leaf/Felt_Leaf00253.jpg,Felt_Leaf,Felt_Leaf,Correct,0.999883
datasets/test/Dry_Leaf/Dry_Leaf00360.jpg,Dry_Leaf,Dry_Leaf,Correct,0.972396
datasets/test/Fungal_Leaf_Spot/Fungal_Leaf_Spot00229.jpg,Fungal_Leaf_Spot,Fungal_Leaf_Spot,Correct,0.999900
datasets/train/Dry_Leaf/Dry_Leaf00172.jpg,Dry_Leaf,Dry_Leaf,Correct,0.999964
datasets/test/Fungal_Leaf_Spot/Fungal_Leaf_Spot00222.jpg,Fungal_Leaf_Spot,Fungal_Leaf_Spot,Correct,0.999991
datasets/train/Fungal_Leaf_Spot/Fungal_Leaf_Spot00211.jpg,Fungal_Leaf_Spot,Fungal_Leaf_Spot,Correct,0.999973
datasets/train/Leaf_Gall/Leaf_Gall00606.jpg,Leaf_Gall,Leaf_Gall,Correct,0.998679
datasets/test/Leaf_Gall/Leaf_Gall00613.jpg,Leaf_Gall,Leaf_Gall,Correct,0.998125
datasets/test/Leaf_Blight/Leaf_Blight00423.jpg,Leaf_Blight,Leaf_Blight,Correct,0.999818
datasets/test/Deficiency_Leaf/Deficiency_Leaf00070.jpg,Deficiency_Leaf,Deficiency_Leaf,Correct,0.977094
datasets/test/Anthrax_Leaf/Anthrax_Leaf00107.jpg,Anthrax_Leaf,Anthrax_Leaf,Correct,0.995362
datasets/test/Leaf_Blight/Leaf_Blight00146.jpg,Leaf_Blight,Leaf_Blight,Correct,0.999774
datasets/test/Fungal_Leaf_Spot/Fungal_Leaf_Spot00523.jpg,Fungal_Leaf_Spot,Fungal_Leaf_Spot,Correct,0.999976
datasets/test/Felt_Leaf/Felt_Leaf00330.jpg,Felt_Leaf,Felt_Leaf,Correct,0.999547
datasets/train/Healthy_Leaf/Healthy_Leaf00597.jpg,Healthy_Leaf,Healthy_Leaf,Correct,0.999985
datasets/train/Leaf_Blight/Leaf_Blight00539.jpg,Leaf_Blight,Leaf_Blight,Correct,0.999940
datasets/test/Leaf_Gall/Leaf_Gall00012.jpg,Leaf_Gall,Leaf_Gall,Correct,0.999955
datasets/test/Leaf_Gall/Leaf_Gall00601.jpg,Leaf_Gall,Leaf_Gall,Correct,0.999951
datasets/train/Leaf_Gall/Leaf_Gall00585.jpg,Leaf_Gall,Leaf_Gall,Correct,0.878172
datasets/test/Healthy_Leaf/Healthy_Leaf00257.jpg,Healthy_Leaf,Healthy_Leaf,Correct,0.990918
datasets/train/Felt_Leaf/Felt_Leaf00044.jpg,Felt_Leaf,Felt_Leaf,Correct,0.999887
datasets/test/Leaf_Gall/Leaf_Gall00193.jpg,Leaf_Gall,Leaf_Gall,Correct,0.999984
datasets/train/Leaf_Gall/Leaf_Gall00527.jpg,Leaf_Gall,Leaf_Gall,Correct,0.999852
datasets/test/Leaf_Blight/Leaf_Blight00438.jpg,Leaf_Blight,Leaf_Blight,Correct,0.999396
datasets/test/Leaf_Gall/Leaf_Gall00172.jpg,Leaf_Gall,Leaf_Gall,Correct,0.999818
datasets/test/Felt_Leaf/Felt_Leaf00106.jpg,Felt_Leaf,Felt_Leaf,Correct,0.988783
datasets/train/Leaf_Gall/Leaf_Gall00468.jpg,Leaf_Gall,Leaf_Gall,Correct,0.999297
datasets/test/Leaf_Gall/Leaf_Gall00443.jpg,Leaf_Gall,Leaf_Gall,Correct,0.999682
datasets/test/Leaf_Blight/Leaf_Blight00357.jpg,Leaf_Blight,Leaf_Blight,Correct,0.999993
datasets/test/Fungal_Leaf_Spot/Fungal_Leaf_Spot00425.jpg,Fungal_Leaf_Spot,Fungal_Leaf_Spot,Correct,0.999998
datasets/test/Fungal_Leaf_Spot/Fungal_Leaf_Spot00430.jpg,Fungal_Leaf_Spot,Fungal_Leaf_Spot,Correct,0.999999
datasets/train/Fungal_Leaf_Spot/Fungal_Leaf_Spot00147.jpg,Fungal_Leaf_Spot,Fungal_Leaf_Spot,Correct,0.999998
datasets/test/Healthy_Leaf/Healthy_Leaf00607.jpg,Healthy_Leaf,Healthy_Leaf,Correct,0.999970
datasets/train/Dry_Leaf/Dry_Leaf00138.jpg,Dry_Leaf,Dry_Leaf,Correct,0.999967
datasets/test/Felt_Leaf/Felt_Leaf00102.jpg,Felt_Leaf,Felt_Leaf,Correct,0.978209
datasets/test/Healthy_Leaf/Healthy_Leaf00069.jpg,Healthy_Leaf,Healthy_Leaf,Correct,0.999988
datasets/test/Leaf_Gall/Leaf_Gall00248.jpg,Leaf_Gall,Leaf_Gall,Correct,0.999790
datasets/train/Dry_Leaf/Dry_Leaf00251.jpg,Dry_Leaf,Dry_Leaf,Correct,0.985439
datasets/test/Dry_Leaf/Dry_Leaf00126.jpg,Dry_Leaf,Dry_Leaf,Correct,0.999986
datasets/train/Leaf_Gall/Leaf_Gall00190.jpg,Leaf_Gall,Leaf_Gall,Correct,0.999978
datasets/test/Leaf_Gall/Leaf_Gall00622.jpg,Leaf_Gall,Leaf_Gall,Correct,0.999641
datasets/test/Dry_Leaf/Dry_Leaf00272.jpg,Dry_Leaf,Dry_Leaf,Correct,0.999733
datasets/test/Dry_Leaf/Dry_Leaf00171.jpg,Dry_Leaf,Dry_Leaf,Correct,0.999927
datasets/train/Felt_Leaf/Felt_Leaf00222.jpg,Felt_Leaf,Felt_Leaf,Correct,0.999291
datasets/test/Leaf_Blight/Leaf_Blight00493.jpg,Leaf_Blight,Leaf_Blight,Correct,0.999936
datasets/test/Leaf_Gall/Leaf_Gall00293.jpg,Leaf_Gall,Leaf_Gall,Correct,0.999984
datasets/test/Healthy_Leaf/Healthy_Leaf00304.jpg,Healthy_Leaf,Healthy_Leaf,Correct,0.999984
datasets/test/Felt_Leaf/Felt_Leaf00217.jpg,Felt_Leaf,Felt_Leaf,Correct,0.999025
datasets/train/Anthrax_Leaf/Anthrax_Leaf00030.jpg,Anthrax_Leaf,Anthrax_Leaf,Correct,0.999960
datasets/test/Healthy_Leaf/Healthy_Leaf00432.jpg,Healthy_Leaf,Healthy_Leaf,Correct,0.999963
datasets/test/Healthy_Leaf/Healthy_Leaf00025.jpg,Healthy_Leaf,Healthy_Leaf,Correct,0.999934
datasets/train/Healthy_Leaf/Healthy_Leaf00523.jpg,Healthy_Leaf,Healthy_Leaf,Correct,0.999892
datasets/test/Leaf_Blight/Leaf_Blight00281.jpg,Leaf_Blight,Leaf_Blight,Correct,0.999996
datasets/test/Felt_Leaf/Felt_Leaf00282.jpg,Felt_Leaf,Felt_Leaf,Correct,0.999468
datasets/test/Anthrax_Leaf/Anthrax_Leaf00063.jpg,Anthrax_Leaf,Anthrax_Leaf,Correct,0.992356
datasets/train/Curl_Leaf/Curl_Leaf00062.jpg,Curl_Leaf,Curl_Leaf,Correct,0.999997
datasets/test/Leaf_Blight/Leaf_Blight00082.jpg,Leaf_Blight,Leaf_Blight,Correct,0.991848
datasets/test/Curl_Leaf/Curl_Leaf00079.jpg,Curl_Leaf,Curl_Leaf,Correct,0.999910
datasets/train/Felt_Leaf/Felt_Leaf00300.jpg,Felt_Leaf,Felt_Leaf,Correct,0.999888
datasets/test/Leaf_Gall/Leaf_Gall00357.jpg,Leaf_Gall,Leaf_Gall,Correct,0.915154
datasets/test/Fungal_Leaf_Spot/Fungal_Leaf_Spot00118.jpg,Fungal_Leaf_Spot,Fungal_Leaf_Spot,Correct,0.989007
datasets/test/Fungal_Leaf_Spot/Fungal_Leaf_Spot00498.jpg,Fungal_Leaf_Spot,Fungal_Leaf_Spot,Correct,0.999982
datasets/test/Fungal_Leaf_Spot/Fungal_Leaf_Spot00077.jpg,Fungal_Leaf_Spot,Fungal_Leaf_Spot,Correct,0.999980
datasets/test/Felt_Leaf/Felt_Leaf00373.jpg,Felt_Leaf,Felt_Leaf,Correct,0.813591
datasets/train/Healthy_Leaf/Healthy_Leaf00319.jpg,Healthy_Leaf,Healthy_Leaf,Correct,0.999913
datasets/train/Leaf_Gall/Leaf_Gall00071.jpg,Leaf_Gall,Leaf_Gall,Correct,0.999993
datasets/test/Healthy_Leaf/Healthy_Leaf00448.jpg,Healthy_Leaf,Healthy_Leaf,Correct,0.999702
datasets/test/Leaf_Blight/Leaf_Blight00350.jpg,Leaf_Blight,Leaf_Blight,Correct,0.999997
datasets/test/Bituminous_Leaf/Bituminous_Leaf00061.jpg,Bituminous_Leaf,Bituminous_Leaf,Correct,0.999999
datasets/train/Leaf_Gall/Leaf_Gall00189.jpg,Leaf_Gall,Leaf_Gall,Correct,0.999999
datasets/test/Felt_Leaf/Felt_Leaf00092.jpg,Felt_Leaf,Felt_Leaf,Correct,0.999920
datasets/train/Leaf_Gall/Leaf_Gall00506.jpg,Leaf_Gall,Leaf_Gall,Correct,0.999651
datasets/train/Leaf_Blight/Leaf_Blight00559.jpg,Leaf_Blight,Leaf_Blight,Correct,0.999994
datasets/test/Dry_Leaf/Dry_Leaf00162.jpg,Dry_Leaf,Dry_Leaf,Correct,0.999882
datasets/test/Felt_Leaf/Felt_Leaf00049.jpg,Felt_Leaf,Felt_Leaf,Correct,0.999876
datasets/train/Felt_Leaf/Felt_Leaf00115.jpg,Felt_Leaf,Felt_Leaf,Correct,0.997860
datasets/test/Deficiency_Leaf/Deficiency_Leaf00115.jpg,Deficiency_Leaf,Deficiency_Leaf,Correct,0.999998
datasets/train/Dry_Leaf/Dry_Leaf00131.jpg,Dry_Leaf,Dry_Leaf,Correct,0.999995
datasets/train/Fungal_Leaf_Spot/Fungal_Leaf_Spot00105.jpg,Fungal_Leaf_Spot,Fungal_Leaf_Spot,Correct,0.981711
datasets/test/Leaf_Blight/Leaf_Blight00071.jpg,Leaf_Blight,Leaf_Blight,Correct,0.997152
datasets/test/Felt_Leaf/Felt_Leaf00012.jpg,Felt_Leaf,Felt_Leaf,Correct,0.969828
datasets/test/Curl_Leaf/Curl_Leaf00048.jpg,Curl_Leaf,Curl_Leaf,Correct,0.999988
datasets/test/Dry_Leaf/Dry_Leaf00014.jpg,Dry_Leaf,Dry_Leaf,Correct,0.999484
datasets/test/Felt_Leaf/Felt_Leaf00114.jpg,Felt_Leaf,Felt_Leaf,Correct,0.911090
datasets/train/Fungal_Leaf_Spot/Fungal_Leaf_Spot00230.jpg,Fungal_Leaf_Spot,Fungal_Leaf_Spot,Correct,0.999980
datasets/test/Healthy_Leaf/Healthy_Leaf00021.jpg,Healthy_Leaf,Healthy_Leaf,Correct,0.999992
datasets/train/Healthy_Leaf/Healthy_Leaf00040.jpg,Healthy_Leaf,Healthy_Leaf,Correct,0.999929
datasets/test/Bituminous_Leaf/Bituminous_Leaf00082.jpg,Bituminous_Leaf,Bituminous_Leaf,Correct,0.999688
datasets/test/Leaf_Blight/Leaf_Blight00158.jpg,Leaf_Blight,Leaf_Blight,Correct,0.999497
datasets/test/Dry_Leaf/Dry_Leaf00301.jpg,Dry_Leaf,Dry_Leaf,Correct,0.999752
datasets/train/Dry_Leaf/Dry_Leaf00281.jpg,Dry_Leaf,Dry_Leaf,Correct,0.999461
datasets/test/Curl_Leaf/Curl_Leaf00121.jpg,Curl_Leaf,Curl_Leaf,Correct,0.999578
datasets/test/Healthy_Leaf/Healthy_Leaf00241.jpg,Healthy_Leaf,Healthy_Leaf,Correct,0.999711
datasets/test/Leaf_Blight/Leaf_Blight00332.jpg,Leaf_Blight,Leaf_Blight,Correct,0.999972
datasets/train/Fungal_Leaf_Spot/Fungal_Leaf_Spot00257.jpg,Fungal_Leaf_Spot,Fungal_Leaf_Spot,Correct,0.999971
datasets/test/Curl_Leaf/Curl_Leaf00147.jpg,Curl_Leaf,Curl_Leaf,Correct,0.999919
datasets/test/Leaf_Blight/Leaf_Blight00053.jpg,Leaf_Blight,Leaf_Blight,Correct,0.999760
datasets/test/Curl_Leaf/Curl_Leaf00129.jpg,Curl_Leaf,Curl_Leaf,Correct,0.999633
datasets/test/Leaf_Blight/Leaf_Blight00368.jpg,Leaf_Blight,Leaf_Blight,Correct,0.999999
datasets/train/Healthy_Leaf/Healthy_Leaf00619.jpg,Healthy_Leaf,Healthy_Leaf,Correct,0.999954
datasets/train/Dry_Leaf/Dry_Leaf00018.jpg,Dry_Leaf,Dry_Leaf,Correct,0.999975
datasets/test/Leaf_Blight/Leaf_Blight00248.jpg,Leaf_Blight,Leaf_Blight,Correct,0.997982
datasets/test/Bituminous_Leaf/Bituminous_Leaf00094.jpg,Bituminous_Leaf,Bituminous_Leaf,Correct,0.999571
datasets/test/Leaf_Gall/Leaf_Gall00566.jpg,Leaf_Gall,Leaf_Gall,Correct,0.999993
datasets/test/Leaf_Gall/Leaf_Gall00130.jpg,Leaf_Gall,Leaf_Gall,Correct,0.999941
datasets/test/Fungal_Leaf_Spot/Fungal_Leaf_Spot00314.jpg,Fungal_Leaf_Spot,Fungal_Leaf_Spot,Correct,0.999999
datasets/test/Healthy_Leaf/Healthy_Leaf00555.jpg,Healthy_Leaf,Healthy_Leaf,Correct,0.976918
datasets/test/Leaf_Gall/Leaf_Gall00138.jpg,Leaf_Gall,Leaf_Gall,Correct,0.999989
datasets/train/Leaf_Blight/Leaf_Blight00123.jpg,Leaf_Blight,Leaf_Blight,Correct,0.999934
datasets/train/Felt_Leaf/Felt_Leaf00194.jpg,Felt_Leaf,Felt_Leaf,Correct,0.999780
datasets/train/Deficiency_Leaf/Deficiency_Leaf00030.jpg,Deficiency_Leaf,Deficiency_Leaf,Correct,0.986731
datasets/train/Felt_Leaf/Felt_Leaf00381.jpg,Felt_Leaf,Felt_Leaf,Correct,0.988140
datasets/train/Dry_Leaf/Dry_Leaf00300.jpg,Dry_Leaf,Dry_Leaf,Correct,0.999958
datasets/test/Leaf_Blight/Leaf_Blight00467.jpg,Leaf_Blight,Leaf_Blight,Correct,0.998436
datasets/test/Leaf_Blight/Leaf_Blight00261.jpg,Leaf_Blight,Leaf_Blight,Correct,1.000000
datasets/test/Leaf_Blight/Leaf_Blight00367.jpg,Leaf_Blight,Leaf_Blight,Correct,0.999972
datasets/test/Healthy_Leaf/Healthy_Leaf00098.jpg,Healthy_Leaf,Healthy_Leaf,Correct,0.999962
datasets/test/Dry_Leaf/Dry_Leaf00139.jpg,Dry_Leaf,Dry_Leaf,Correct,0.998600
datasets/train/Healthy_Leaf/Healthy_Leaf00493.jpg,Healthy_Leaf,Leaf_Gall,Incorrect,0.723971
datasets/test/Leaf_Blight/Leaf_Blight00163.jpg,Leaf_Blight,Leaf_Blight,Correct,0.999985
datasets/test/Anthrax_Leaf/Anthrax_Leaf00141.jpg,Anthrax_Leaf,Anthrax_Leaf,Correct,0.999900
datasets/train/Leaf_Blight/Leaf_Blight00504.jpg,Leaf_Blight,Leaf_Blight,Correct,0.999982
datasets/test/Leaf_Blight/Leaf_Blight00319.jpg,Leaf_Blight,Leaf_Blight,Correct,0.999916
datasets/train/Healthy_Leaf/Healthy_Leaf00031.jpg,Healthy_Leaf,Healthy_Leaf,Correct,0.999986
datasets/train/Bituminous_Leaf/Bituminous_Leaf00111.jpg,Bituminous_Leaf,Bituminous_Leaf,Correct,0.963839
datasets/train/Leaf_Blight/Leaf_Blight00325.jpg,Leaf_Blight,Leaf_Blight,Correct,0.998784
datasets/test/Felt_Leaf/Felt_Leaf00380.jpg,Felt_Leaf,Felt_Leaf,Correct,0.990113
datasets/train/Leaf_Gall/Leaf_Gall00522.jpg,Leaf_Gall,Leaf_Gall,Correct,0.999896
datasets/test/Fungal_Leaf_Spot/Fungal_Leaf_Spot00388.jpg,Fungal_Leaf_Spot,Fungal_Leaf_Spot,Correct,0.999175
datasets/train/Dry_Leaf/Dry_Leaf00315.jpg,Dry_Leaf,Dry_Leaf,Correct,0.999642
datasets/test/Leaf_Gall/Leaf_Gall00428.jpg,Leaf_Gall,Leaf_Gall,Correct,0.999997
datasets/test/Leaf_Blight/Leaf_Blight00120.jpg,Leaf_Blight,Leaf_Blight,Correct,0.999999
datasets/train/Fungal_Leaf_Spot/Fungal_Leaf_Spot00089.jpg,Fungal_Leaf_Spot,Fungal_Leaf_Spot,Correct,0.999055
datasets/test/Healthy_Leaf/Healthy_Leaf00330.jpg,Healthy_Leaf,Healthy_Leaf,Correct,0.999994
datasets/test/Leaf_Blight/Leaf_Blight00272.jpg,Leaf_Blight,Leaf_Blight,Correct,0.999789
datasets/test/Fungal_Leaf_Spot/Fungal_Leaf_Spot00149.jpg,Fungal_Leaf_Spot,Fungal_Leaf_Spot,Correct,0.999999
datasets/test/Dry_Leaf/Dry_Leaf00218.jpg,Dry_Leaf,Dry_Leaf,Correct,0.998573
datasets/test/Dry_Leaf/Dry_Leaf00203.jpg,Dry_Leaf,Dry_Leaf,Correct,0.999991
datasets/train/Curl_Leaf/Curl_Leaf00126.jpg,Curl_Leaf,Curl_Leaf,Correct,0.999981
datasets/test/Healthy_Leaf/Healthy_Leaf00539.jpg,Healthy_Leaf,Healthy_Leaf,Correct,0.999973
datasets/test/Felt_Leaf/Felt_Leaf00023.jpg,Felt_Leaf,Felt_Leaf,Correct,0.976797
datasets/test/Fungal_Leaf_Spot/Fungal_Leaf_Spot00526.jpg,Fungal_Leaf_Spot,Fungal_Leaf_Spot,Correct,0.999997
datasets/test/Felt_Leaf/Felt_Leaf00173.jpg,Felt_Leaf,Felt_Leaf,Correct,0.999978
datasets/test/Felt_Leaf/Felt_Leaf00154.jpg,Felt_Leaf,Felt_Leaf,Correct,0.985345
datasets/train/Dry_Leaf/Dry_Leaf00249.jpg,Dry_Leaf,Dry_Leaf,Correct,0.998496
datasets/test/Leaf_Gall/Leaf_Gall00212.jpg,Leaf_Gall,Leaf_Gall,Correct,0.999917
datasets/test/Felt_Leaf/Felt_Leaf00274.jpg,Felt_Leaf,Felt_Leaf,Correct,0.999032
datasets/test/Fungal_Leaf_Spot/Fungal_Leaf_Spot00283.jpg,Fungal_Leaf_Spot,Fungal_Leaf_Spot,Correct,0.999906
datasets/test/Leaf_Blight/Leaf_Blight00312.jpg,Leaf_Blight,Leaf_Blight,Correct,0.999990
datasets/train/Leaf_Blight/Leaf_Blight00180.jpg,Leaf_Blight,Leaf_Blight,Correct,0.999990
datasets/train/Healthy_Leaf/Healthy_Leaf00472.jpg,Healthy_Leaf,Healthy_Leaf,Correct,0.999967
datasets/test/Anthrax_Leaf/Anthrax_Leaf00052.jpg,Anthrax_Leaf,Anthrax_Leaf,Correct,0.999976
datasets/train/Healthy_Leaf/Healthy_Leaf00614.jpg,Healthy_Leaf,Healthy_Leaf,Correct,0.999946
datasets/train/Leaf_Blight/Leaf_Blight00236.jpg,Leaf_Blight,Leaf_Blight,Correct,0.999818
datasets/train/Anthrax_Leaf/Anthrax_Leaf00070.jpg,Anthrax_Leaf,Anthrax_Leaf,Correct,0.999979
datasets/test/Healthy_Leaf/Healthy_Leaf00518.jpg,Healthy_Leaf,Healthy_Leaf,Correct,0.982151
datasets/test/Bituminous_Leaf/Bituminous_Leaf00079.jpg,Bituminous_Leaf,Bituminous_Leaf,Correct,0.999827
datasets/test/Leaf_Gall/Leaf_Gall00260.jpg,Leaf_Gall,Leaf_Gall,Correct,0.999980
datasets/test/Healthy_Leaf/Healthy_Leaf00465.jpg,Healthy_Leaf,Healthy_Leaf,Correct,0.999557
datasets/test/Healthy_Leaf/Healthy_Leaf00322.jpg,Healthy_Leaf,Healthy_Leaf,Correct,0.999915
datasets/train/Fungal_Leaf_Spot/Fungal_Leaf_Spot00277.jpg,Fungal_Leaf_Spot,Fungal_Leaf_Spot,Correct,0.999982
datasets/train/Leaf_Blight/Leaf_Blight00024.jpg,Leaf_Blight,Leaf_Blight,Correct,0.999952
datasets/train/Leaf_Gall/Leaf_Gall00495.jpg,Leaf_Gall,Leaf_Gall,Correct,0.999991
datasets/test/Curl_Leaf/Curl_Leaf00069.jpg,Curl_Leaf,Curl_Leaf,Correct,0.998669
datasets/train/Fungal_Leaf_Spot/Fungal_Leaf_Spot00250.jpg,Fungal_Leaf_Spot,Fungal_Leaf_Spot,Correct,0.999197
datasets/test/Fungal_Leaf_Spot/Fungal_Leaf_Spot00216.jpg,Fungal_Leaf_Spot,Fungal_Leaf_Spot,Correct,0.999885
datasets/train/Dry_Leaf/Dry_Leaf00234.jpg,Dry_Leaf,Dry_Leaf,Correct,0.999967
datasets/test/Healthy_Leaf/Healthy_Leaf00433.jpg,Healthy_Leaf,Healthy_Leaf,Correct,0.999917
datasets/train/Deficiency_Leaf/Deficiency_Leaf00064.jpg,Deficiency_Leaf,Deficiency_Leaf,Correct,0.999991
datasets/test/Healthy_Leaf/Healthy_Leaf00178.jpg,Healthy_Leaf,Healthy_Leaf,Correct,0.999983
datasets/test/Leaf_Gall/Leaf_Gall00535.jpg,Leaf_Gall,Leaf_Gall,Correct,0.999984
datasets/test/Healthy_Leaf/Healthy_Leaf00018.jpg,Healthy_Leaf,Healthy_Leaf,Correct,0.999993
datasets/test/Healthy_Leaf/Healthy_Leaf00365.jpg,Healthy_Leaf,Healthy_Leaf,Correct,0.973325
datasets/train/Leaf_Gall/Leaf_Gall00183.jpg,Leaf_Gall,Leaf_Gall,Correct,0.999856
datasets/train/Leaf_Blight/Leaf_Blight00352.jpg,Leaf_Blight,Leaf_Blight,Correct,0.999970
datasets/test/Leaf_Blight/Leaf_Blight00586.jpg,Leaf_Blight,Leaf_Blight,Correct,0.998526
datasets/test/Leaf_Gall/Leaf_Gall00127.jpg,Leaf_Gall,Leaf_Gall,Correct,0.999967
datasets/train/Leaf_Gall/Leaf_Gall00534.jpg,Leaf_Gall,Leaf_Gall,Correct,0.999898
datasets/test/Leaf_Blight/Leaf_Blight00045.jpg,Leaf_Blight,Leaf_Blight,Correct,0.999454
datasets/test/Leaf_Gall/Leaf_Gall00032.jpg,Leaf_Gall,Leaf_Gall,Correct,0.995840
datasets/train/Deficiency_Leaf/Deficiency_Leaf00054.jpg,Deficiency_Leaf,Deficiency_Leaf,Correct,0.999995
datasets/train/Fungal_Leaf_Spot/Fungal_Leaf_Spot00459.jpg,Fungal_Leaf_Spot,Fungal_Leaf_Spot,Correct,0.993498
datasets/train/Healthy_Leaf/Healthy_Leaf00217.jpg,Healthy_Leaf,Healthy_Leaf,Correct,0.999685
datasets/train/Dry_Leaf/Dry_Leaf00073.jpg,Dry_Leaf,Dry_Leaf,Correct,0.999872
datasets/test/Fungal_Leaf_Spot/Fungal_Leaf_Spot00438.jpg,Fungal_Leaf_Spot,Fungal_Leaf_Spot,Correct,0.999975
datasets/train/Felt_Leaf/Felt_Leaf00234.jpg,Felt_Leaf,Felt_Leaf,Correct,0.983883
datasets/test/Fungal_Leaf_Spot/Fungal_Leaf_Spot00320.jpg,Fungal_Leaf_Spot,Fungal_Leaf_Spot,Correct,0.999995
datasets/train/Leaf_Gall/Leaf_Gall00282.jpg,Leaf_Gall,Leaf_Gall,Correct,0.995800
datasets/test/Healthy_Leaf/Healthy_Leaf00364.jpg,Healthy_Leaf,Healthy_Leaf,Correct,0.999974
datasets/test/Fungal_Leaf_Spot/Fungal_Leaf_Spot00471.jpg,Fungal_Leaf_Spot,Fungal_Leaf_Spot,Correct,0.999999
datasets/test/Anthrax_Leaf/Anthrax_Leaf00028.jpg,Anthrax_Leaf,Anthrax_Leaf,Correct,0.999495
datasets/test/Felt_Leaf/Felt_Leaf00072.jpg,Felt_Leaf,Felt_Leaf,Correct,0.999941
datasets/train/Healthy_Leaf/Healthy_Leaf00618.jpg,Healthy_Leaf,Healthy_Leaf,Correct,0.999974
datasets/train/Curl_Leaf/Curl_Leaf00009.jpg,Curl_Leaf,Curl_Leaf,Correct,0.999997
datasets/train/Healthy_Leaf/Healthy_Leaf00150.jpg,Healthy_Leaf,Healthy_Leaf,Correct,0.999961
datasets/test/Leaf_Gall/Leaf_Gall00067.jpg,Leaf_Gall,Leaf_Gall,Correct,0.999999
datasets/test/Dry_Leaf/Dry_Leaf00317.jpg,Dry_Leaf,Dry_Leaf,Correct,0.999994
datasets/train/Felt_Leaf/Felt_Leaf00095.jpg,Felt_Leaf,Felt_Leaf,Correct,0.950851
datasets/train/Leaf_Gall/Leaf_Gall00493.jpg,Leaf_Gall,Leaf_Gall,Correct,0.999970
datasets/test/Leaf_Gall/Leaf_Gall00229.jpg,Leaf_Gall,Leaf_Gall,Correct,0.999994
datasets/train/Felt_Leaf/Felt_Leaf00358.jpg,Felt_Leaf,Felt_Leaf,Correct,0.999519
datasets/test/Healthy_Leaf/Healthy_Leaf00296.jpg,Healthy_Leaf,Healthy_Leaf,Correct,0.999962
datasets/test/Curl_Leaf/Curl_Leaf00072.jpg,Curl_Leaf,Curl_Leaf,Correct,0.999999
datasets/train/Felt_Leaf/Felt_Leaf00070.jpg,Felt_Leaf,Felt_Leaf,Correct,0.999842
datasets/test/Leaf_Blight/Leaf_Blight00548.jpg,Leaf_Blight,Leaf_Blight,Correct,0.999963
datasets/train/Felt_Leaf/Felt_Leaf00141.jpg,Felt_Leaf,Felt_Leaf,Correct,0.843698
datasets/train/Bituminous_Leaf/Bituminous_Leaf00115.jpg,Bituminous_Leaf,Bituminous_Leaf,Correct,0.999997
datasets/test/Deficiency_Leaf/Deficiency_Leaf00032.jpg,Deficiency_Leaf,Deficiency_Leaf,Correct,0.993449
datasets/train/Leaf_Gall/Leaf_Gall00427.jpg,Leaf_Gall,Leaf_Gall,Correct,0.999867
datasets/train/Fungal_Leaf_Spot/Fungal_Leaf_Spot00448.jpg,Fungal_Leaf_Spot,Fungal_Leaf_Spot,Correct,0.999075
datasets/train/Felt_Leaf/Felt_Leaf00013.jpg,Felt_Leaf,Felt_Leaf,Correct,0.887266
datasets/test/Fungal_Leaf_Spot/Fungal_Leaf_Spot00079.jpg,Fungal_Leaf_Spot,Fungal_Leaf_Spot,Correct,0.999977
datasets/test/Leaf_Gall/Leaf_Gall00323.jpg,Leaf_Gall,Leaf_Gall,Correct,0.993613
datasets/train/Leaf_Gall/Leaf_Gall00338.jpg,Leaf_Gall,Leaf_Gall,Correct,0.984983
datasets/test/Healthy_Leaf/Healthy_Leaf00204.jpg,Healthy_Leaf,Healthy_Leaf,Correct,0.999897
datasets/test/Dry_Leaf/Dry_Leaf00260.jpg,Dry_Leaf,Dry_Leaf,Correct,0.996619
datasets/test/Healthy_Leaf/Healthy_Leaf00109.jpg,Healthy_Leaf,Healthy_Leaf,Correct,0.999981
datasets/test/Fungal_Leaf_Spot/Fungal_Leaf_Spot00192.jpg,Fungal_Leaf_Spot,Fungal_Leaf_Spot,Correct,0.998040
datasets/test/Anthrax_Leaf/Anthrax_Leaf00018.jpg,Anthrax_Leaf,Anthrax_Leaf,Correct,0.963028
datasets/train/Leaf_Blight/Leaf_Blight00569.jpg,Leaf_Blight,Leaf_Blight,Correct,0.999995
datasets/train/Healthy_Leaf/Healthy_Leaf00528.jpg,Healthy_Leaf,Healthy_Leaf,Correct,0.999736
datasets/test/Deficiency_Leaf/Deficiency_Leaf00106.jpg,Deficiency_Leaf,Deficiency_Leaf,Correct,0.996192
datasets/test/Leaf_Blight/Leaf_Blight00226.jpg,Leaf_Blight,Leaf_Blight,Correct,0.999869
datasets/test/Deficiency_Leaf/Deficiency_Leaf00117.jpg,Deficiency_Leaf,Deficiency_Leaf,Correct,0.999415
datasets/test/Healthy_Leaf/Healthy_Leaf00506.jpg,Healthy_Leaf,Healthy_Leaf,Correct,0.999912
datasets/train/Anthrax_Leaf/Anthrax_Leaf00121.jpg,Anthrax_Leaf,Anthrax_Leaf,Correct,0.916038
datasets/train/Leaf_Blight/Leaf_Blight00426.jpg,Leaf_Blight,Leaf_Blight,Correct,0.999138
datasets/train/Fungal_Leaf_Spot/Fungal_Leaf_Spot00335.jpg,Fungal_Leaf_Spot,Fungal_Leaf_Spot,Correct,0.999911
datasets/train/Fungal_Leaf_Spot/Fungal_Leaf_Spot00345.jpg,Fungal_Leaf_Spot,Fungal_Leaf_Spot,Correct,0.999995
datasets/train/Leaf_Gall/Leaf_Gall00203.jpg,Leaf_Gall,Leaf_Gall,Correct,0.999479
datasets/train/Fungal_Leaf_Spot/Fungal_Leaf_Spot00108.jpg,Fungal_Leaf_Spot,Fungal_Leaf_Spot,Correct,0.995760
datasets/test/Curl_Leaf/Curl_Leaf00042.jpg,Curl_Leaf,Curl_Leaf,Correct,0.999953
datasets/train/Fungal_Leaf_Spot/Fungal_Leaf_Spot00331.jpg,Fungal_Leaf_Spot,Fungal_Leaf_Spot,Correct,0.998326
datasets/test/Leaf_Gall/Leaf_Gall00365.jpg,Leaf_Gall,Leaf_Gall,Correct,0.999500
datasets/test/Fungal_Leaf_Spot/Fungal_Leaf_Spot00348.jpg,Fungal_Leaf_Spot,Fungal_Leaf_Spot,Correct,0.988298
datasets/test/Healthy_Leaf/Healthy_Leaf00181.jpg,Healthy_Leaf,Healthy_Leaf,Correct,0.999986
datasets/train/Leaf_Gall/Leaf_Gall00296.jpg,Leaf_Gall,Leaf_Gall,Correct,0.999871
datasets/test/Dry_Leaf/Dry_Leaf00145.jpg,Dry_Leaf,Dry_Leaf,Correct,0.999932
datasets/test/Fungal_Leaf_Spot/Fungal_Leaf_Spot00453.jpg,Fungal_Leaf_Spot,Fungal_Leaf_Spot,Correct,0.999998
datasets/train/Fungal_Leaf_Spot/Fungal_Leaf_Spot00092.jpg,Fungal_Leaf_Spot,Fungal_Leaf_Spot,Correct,0.991061
datasets/test/Curl_Leaf/Curl_Leaf00094.jpg,Curl_Leaf,Curl_Leaf,Correct,0.994560
datasets/test/Dry_Leaf/Dry_Leaf00289.jpg,Dry_Leaf,Dry_Leaf,Correct,0.999994
datasets/train/Curl_Leaf/Curl_Leaf00051.jpg,Curl_Leaf,Curl_Leaf,Correct,0.999890
datasets/test/Healthy_Leaf/Healthy_Leaf00072.jpg,Healthy_Leaf,Healthy_Leaf,Correct,0.999965
datasets/train/Healthy_Leaf/Healthy_Leaf00041.jpg,Healthy_Leaf,Healthy_Leaf,Correct,0.999968
datasets/test/Felt_Leaf/Felt_Leaf00369.jpg,Felt_Leaf,Felt_Leaf,Correct,0.998871
datasets/test/Leaf_Blight/Leaf_Blight00553.jpg,Leaf_Blight,Leaf_Blight,Correct,0.999987
datasets/train/Felt_Leaf/Felt_Leaf00135.jpg,Felt_Leaf,Felt_Leaf,Correct,0.999950
datasets/test/Fungal_Leaf_Spot/Fungal_Leaf_Spot00275.jpg,Fungal_Leaf_Spot,Fungal_Leaf_Spot,Correct,0.999903
datasets/test/Healthy_Leaf/Healthy_Leaf00536.jpg,Healthy_Leaf,Healthy_Leaf,Correct,0.999851
datasets/test/Fungal_Leaf_Spot/Fungal_Leaf_Spot00193.jpg,Fungal_Leaf_Spot,Fungal_Leaf_Spot,Correct,0.999369
datasets/test/Leaf_Gall/Leaf_Gall00143.jpg,Leaf_Gall,Leaf_Gall,Correct,0.999595
datasets/test/Curl_Leaf/Curl_Leaf00040.jpg,Curl_Leaf,Curl_Leaf,Correct,0.853491
datasets/train/Fungal_Leaf_Spot/Fungal_Leaf_Spot00271.jpg,Fungal_Leaf_Spot,Fungal_Leaf_Spot,Correct,0.997671
datasets/test/Fungal_Leaf_Spot/Fungal_Leaf_Spot00164.jpg,Fungal_Leaf_Spot,Fungal_Leaf_Spot,Correct,0.999991
datasets/test/Leaf_Gall/Leaf_Gall00538.jpg,Leaf_Gall,Leaf_Gall,Correct,0.999969
datasets/train/Healthy_Leaf/Healthy_Leaf00290.jpg,Healthy_Leaf,Healthy_Leaf,Correct,0.999963
datasets/test/Fungal_Leaf_Spot/Fungal_Leaf_Spot00145.jpg,Fungal_Leaf_Spot,Fungal_Leaf_Spot,Correct,0.999987
datasets/train/Healthy_Leaf/Healthy_Leaf00228.jpg,Healthy_Leaf,Healthy_Leaf,Correct,0.999626
datasets/train/Leaf_Gall/Leaf_Gall00570.jpg,Leaf_Gall,Leaf_Gall,Correct,0.985661
datasets/test/Leaf_Gall/Leaf_Gall00406.jpg,Leaf_Gall,Leaf_Gall,Correct,0.967136
datasets/test/Fungal_Leaf_Spot/Fungal_Leaf_Spot00111.jpg,Fungal_Leaf_Spot,Fungal_Leaf_Spot,Correct,0.999921
datasets/train/Felt_Leaf/Felt_Leaf00086.jpg,Felt_Leaf,Leaf_Gall,Incorrect,0.409914
datasets/train/Healthy_Leaf/Healthy_Leaf00420.jpg,Healthy_Leaf,Healthy_Leaf,Correct,0.999922
datasets/test/Fungal_Leaf_Spot/Fungal_Leaf_Spot00116.jpg,Fungal_Leaf_Spot,Fungal_Leaf_Spot,Correct,0.998549
datasets/test/Healthy_Leaf/Healthy_Leaf00582.jpg,Healthy_Leaf,Healthy_Leaf,Correct,0.998386
datasets/test/Healthy_Leaf/Healthy_Leaf00491.jpg,Healthy_Leaf,Healthy_Leaf,Correct,0.999505
datasets/test/Healthy_Leaf/Healthy_Leaf00200.jpg,Healthy_Leaf,Healthy_Leaf,Correct,0.999877
datasets/test/Leaf_Gall/Leaf_Gall00334.jpg,Leaf_Gall,Leaf_Gall,Correct,0.999826
datasets/train/Curl_Leaf/Curl_Leaf00065.jpg,Curl_Leaf,Curl_Leaf,Correct,1.000000
datasets/train/Bituminous_Leaf/Bituminous_Leaf00024.jpg,Bituminous_Leaf,Bituminous_Leaf,Correct,0.999936
datasets/test/Dry_Leaf/Dry_Leaf00258.jpg,Dry_Leaf,Dry_Leaf,Correct,0.998919
datasets/test/Leaf_Gall/Leaf_Gall00439.jpg,Leaf_Gall,Leaf_Gall,Correct,0.999811
datasets/test/Leaf_Blight/Leaf_Blight00301.jpg,Leaf_Blight,Leaf_Blight,Correct,0.999961
datasets/test/Healthy_Leaf/Healthy_Leaf00398.jpg,Healthy_Leaf,Healthy_Leaf,Correct,0.999984
datasets/test/Fungal_Leaf_Spot/Fungal_Leaf_Spot00087.jpg,Fungal_Leaf_Spot,Fungal_Leaf_Spot,Correct,0.999755
datasets/train/Leaf_Gall/Leaf_Gall00389.jpg,Leaf_Gall,Leaf_Gall,Correct,0.998608
datasets/train/Leaf_Gall/Leaf_Gall00263.jpg,Leaf_Gall,Leaf_Gall,Correct,0.999907
datasets/train/Leaf_Gall/Leaf_Gall00469.jpg,Leaf_Gall,Leaf_Gall,Correct,0.998491
datasets/test/Anthrax_Leaf/Anthrax_Leaf00079.jpg,Anthrax_Leaf,Anthrax_Leaf,Correct,0.998941
datasets/train/Dry_Leaf/Dry_Leaf00092.jpg,Dry_Leaf,Dry_Leaf,Correct,0.999590
datasets/train/Healthy_Leaf/Healthy_Leaf00574.jpg,Healthy_Leaf,Healthy_Leaf,Correct,0.999868
datasets/train/Leaf_Blight/Leaf_Blight00355.jpg,Leaf_Blight,Leaf_Blight,Correct,1.000000
datasets/test/Fungal_Leaf_Spot/Fungal_Leaf_Spot00268.jpg,Fungal_Leaf_Spot,Fungal_Leaf_Spot,Correct,0.999939
datasets/test/Fungal_Leaf_Spot/Fungal_Leaf_Spot00240.jpg,Fungal_Leaf_Spot,Fungal_Leaf_Spot,Correct,0.999993
datasets/test/Healthy_Leaf/Healthy_Leaf00487.jpg,Healthy_Leaf,Healthy_Leaf,Correct,0.986362
datasets/train/Healthy_Leaf/Healthy_Leaf00016.jpg,Healthy_Leaf,Healthy_Leaf,Correct,0.999993
datasets/train/Leaf_Gall/Leaf_Gall00328.jpg,Leaf_Gall,Leaf_Gall,Correct,0.998830
datasets/test/Leaf_Blight/Leaf_Blight00344.jpg,Leaf_Blight,Leaf_Blight,Correct,0.999990
datasets/train/Healthy_Leaf/Healthy_Leaf00434.jpg,Healthy_Leaf,Healthy_Leaf,Correct,0.999974
datasets/test/Fungal_Leaf_Spot/Fungal_Leaf_Spot00232.jpg,Fungal_Leaf_Spot,Fungal_Leaf_Spot,Correct,0.999989
datasets/test/Dry_Leaf/Dry_Leaf00119.jpg,Dry_Leaf,Dry_Leaf,Correct,0.999596
datasets/train/Dry_Leaf/Dry_Leaf00293.jpg,Dry_Leaf,Dry_Leaf,Correct,0.999942
datasets/test/Curl_Leaf/Curl_Leaf00078.jpg,Curl_Leaf,Curl_Leaf,Correct,0.999897
datasets/test/Leaf_Gall/Leaf_Gall00547.jpg,Leaf_Gall,Leaf_Gall,Correct,0.999988
datasets/train/Leaf_Gall/Leaf_Gall00187.jpg,Leaf_Gall,Leaf_Gall,Correct,0.999514
datasets/train/Curl_Leaf/Curl_Leaf00123.jpg,Curl_Leaf,Curl_Leaf,Correct,0.997621
datasets/train/Fungal_Leaf_Spot/Fungal_Leaf_Spot00305.jpg,Fungal_Leaf_Spot,Fungal_Leaf_Spot,Correct,0.999991
datasets/test/Fungal_Leaf_Spot/Fungal_Leaf_Spot00148.jpg,Fungal_Leaf_Spot,Fungal_Leaf_Spot,Correct,0.999996
datasets/test/Fungal_Leaf_Spot/Fungal_Leaf_Spot00427.jpg,Fungal_Leaf_Spot,Fungal_Leaf_Spot,Correct,0.999990
datasets/test/Fungal_Leaf_Spot/Fungal_Leaf_Spot00154.jpg,Fungal_Leaf_Spot,Fungal_Leaf_Spot,Correct,0.999999
datasets/train/Felt_Leaf/Felt_Leaf00332.jpg,Felt_Leaf,Felt_Leaf,Correct,0.953125
datasets/test/Fungal_Leaf_Spot/Fungal_Leaf_Spot00084.jpg,Fungal_Leaf_Spot,Fungal_Leaf_Spot,Correct,0.999978
datasets/test/Healthy_Leaf/Healthy_Leaf00144.jpg,Healthy_Leaf,Healthy_Leaf,Correct,0.999996
datasets/test/Leaf_Blight/Leaf_Blight00080.jpg,Leaf_Blight,Leaf_Blight,Correct,0.999579
datasets/train/Deficiency_Leaf/Deficiency_Leaf00057.jpg,Deficiency_Leaf,Anthrax_Leaf,Incorrect,0.922005
datasets/test/Fungal_Leaf_Spot/Fungal_Leaf_Spot00097.jpg,Fungal_Leaf_Spot,Fungal_Leaf_Spot,Correct,0.999997
datasets/train/Healthy_Leaf/Healthy_Leaf00037.jpg,Healthy_Leaf,Healthy_Leaf,Correct,0.999991
datasets/test/Felt_Leaf/Felt_Leaf00163.jpg,Felt_Leaf,Felt_Leaf,Correct,0.952699
datasets/train/Curl_Leaf/Curl_Leaf00082.jpg,Curl_Leaf,Curl_Leaf,Correct,0.999944
datasets/test/Leaf_Gall/Leaf_Gall00019.jpg,Leaf_Gall,Leaf_Gall,Correct,0.993478
datasets/test/Curl_Leaf/Curl_Leaf00024.jpg,Curl_Leaf,Curl_Leaf,Correct,0.999994
datasets/train/Leaf_Gall/Leaf_Gall00262.jpg,Leaf_Gall,Leaf_Gall,Correct,0.999777
datasets/test/Bituminous_Leaf/Bituminous_Leaf00032.jpg,Bituminous_Leaf,Bituminous_Leaf,Correct,0.999988
datasets/test/Fungal_Leaf_Spot/Fungal_Leaf_Spot00378.jpg,Fungal_Leaf_Spot,Fungal_Leaf_Spot,Correct,0.999997
datasets/test/Healthy_Leaf/Healthy_Leaf00333.jpg,Healthy_Leaf,Healthy_Leaf,Correct,0.999840
datasets/test/Leaf_Gall/Leaf_Gall00300.jpg,Leaf_Gall,Leaf_Gall,Correct,0.999977
datasets/train/Healthy_Leaf/Healthy_Leaf00379.jpg,Healthy_Leaf,Healthy_Leaf,Correct,0.999983
datasets/test/Fungal_Leaf_Spot/Fungal_Leaf_Spot00367.jpg,Fungal_Leaf_Spot,Fungal_Leaf_Spot,Correct,0.995685
datasets/train/Fungal_Leaf_Spot/Fungal_Leaf_Spot00121.jpg,Fungal_Leaf_Spot,Fungal_Leaf_Spot,Correct,0.999823
datasets/test/Healthy_Leaf/Healthy_Leaf00158.jpg,Healthy_Leaf,Healthy_Leaf,Correct,0.999940
datasets/test/Curl_Leaf/Curl_Leaf00167.jpg,Curl_Leaf,Curl_Leaf,Correct,0.999806
datasets/train/Felt_Leaf/Felt_Leaf00363.jpg,Felt_Leaf,Felt_Leaf,Correct,0.995830
datasets/test/Leaf_Blight/Leaf_Blight00210.jpg,Leaf_Blight,Leaf_Blight,Correct,0.998108
datasets/test/Deficiency_Leaf/Deficiency_Leaf00094.jpg,Deficiency_Leaf,Deficiency_Leaf,Correct,0.717970
datasets/train/Deficiency_Leaf/Deficiency_Leaf00065.jpg,Deficiency_Leaf,Deficiency_Leaf,Correct,0.999648
datasets/test/Felt_Leaf/Felt_Leaf00306.jpg,Felt_Leaf,Felt_Leaf,Correct,0.999599
datasets/train/Healthy_Leaf/Healthy_Leaf00490.jpg,Healthy_Leaf,Healthy_Leaf,Correct,0.999450
datasets/test/Curl_Leaf/Curl_Leaf00019.jpg,Curl_Leaf,Curl_Leaf,Correct,0.999411
datasets/train/Fungal_Leaf_Spot/Fungal_Leaf_Spot00475.jpg,Fungal_Leaf_Spot,Fungal_Leaf_Spot,Correct,0.999996
datasets/train/Leaf_Gall/Leaf_Gall00336.jpg,Leaf_Gall,Leaf_Gall,Correct,0.999887
datasets/test/Fungal_Leaf_Spot/Fungal_Leaf_Spot00038.jpg,Fungal_Leaf_Spot,Fungal_Leaf_Spot,Correct,1.000000
datasets/test/Anthrax_Leaf/Anthrax_Leaf00110.jpg,Anthrax_Leaf,Anthrax_Leaf,Correct,0.998436
datasets/test/Leaf_Gall/Leaf_Gall00269.jpg,Leaf_Gall,Leaf_Gall,Correct,0.999665
datasets/train/Healthy_Leaf/Healthy_Leaf00352.jpg,Healthy_Leaf,Healthy_Leaf,Correct,0.999756
datasets/train/Healthy_Leaf/Healthy_Leaf00512.jpg,Healthy_Leaf,Healthy_Leaf,Correct,0.999969
datasets/test/Leaf_Gall/Leaf_Gall00279.jpg,Leaf_Gall,Leaf_Gall,Correct,0.995936
datasets/test/Leaf_Blight/Leaf_Blight00560.jpg,Leaf_Blight,Leaf_Blight,Correct,0.999786
datasets/test/Leaf_Blight/Leaf_Blight00073.jpg,Leaf_Blight,Leaf_Blight,Correct,0.999882
datasets/test/Felt_Leaf/Felt_Leaf00079.jpg,Felt_Leaf,Felt_Leaf,Correct,0.999963
datasets/test/Fungal_Leaf_Spot/Fungal_Leaf_Spot00014.jpg,Fungal_Leaf_Spot,Fungal_Leaf_Spot,Correct,0.999993
datasets/test/Leaf_Gall/Leaf_Gall00366.jpg,Leaf_Gall,Leaf_Gall,Correct,0.999959
datasets/train/Leaf_Blight/Leaf_Blight00412.jpg,Leaf_Blight,Leaf_Blight,Correct,0.994905
datasets/train/Felt_Leaf/Felt_Leaf00007.jpg,Felt_Leaf,Felt_Leaf,Correct,0.692929
datasets/test/Healthy_Leaf/Healthy_Leaf00093.jpg,Healthy_Leaf,Healthy_Leaf,Correct,0.999947
datasets/train/Leaf_Gall/Leaf_Gall00105.jpg,Leaf_Gall,Leaf_Gall,Correct,0.999997
datasets/test/Deficiency_Leaf/Deficiency_Leaf00105.jpg,Deficiency_Leaf,Deficiency_Leaf,Correct,0.995866
datasets/test/Dry_Leaf/Dry_Leaf00265.jpg,Dry_Leaf,Dry_Leaf,Correct,0.999101
datasets/test/Fungal_Leaf_Spot/Fungal_Leaf_Spot00333.jpg,Fungal_Leaf_Spot,Fungal_Leaf_Spot,Correct,0.997701
datasets/train/Dry_Leaf/Dry_Leaf00350.jpg,Dry_Leaf,Dry_Leaf,Correct,0.999995
datasets/test/Felt_Leaf/Felt_Leaf00089.jpg,Felt_Leaf,Felt_Leaf,Correct,0.984033
datasets/test/Felt_Leaf/Felt_Leaf00116.jpg,Felt_Leaf,Felt_Leaf,Correct,0.998094
datasets/test/Felt_Leaf/Felt_Leaf00246.jpg,Felt_Leaf,Felt_Leaf,Correct,0.791736
datasets/train/Bituminous_Leaf/Bituminous_Leaf00096.jpg,Bituminous_Leaf,Bituminous_Leaf,Correct,0.999913
datasets/train/Healthy_Leaf/Healthy_Leaf00482.jpg,Healthy_Leaf,Healthy_Leaf,Correct,0.999760
datasets/test/Fungal_Leaf_Spot/Fungal_Leaf_Spot00247.jpg,Fungal_Leaf_Spot,Fungal_Leaf_Spot,Correct,0.997900
datasets/test/Fungal_Leaf_Spot/Fungal_Leaf_Spot00317.jpg,Fungal_Leaf_Spot,Fungal_Leaf_Spot,Correct,0.995900
datasets/train/Fungal_Leaf_Spot/Fungal_Leaf_Spot00350.jpg,Fungal_Leaf_Spot,Fungal_Leaf_Spot,Correct,0.992738
datasets/test/Dry_Leaf/Dry_Leaf00112.jpg,Dry_Leaf,Dry_Leaf,Correct,0.999812
datasets/test/Felt_Leaf/Felt_Leaf00331.jpg,Felt_Leaf,Felt_Leaf,Correct,0.999987
datasets/test/Felt_Leaf/Felt_Leaf00377.jpg,Felt_Leaf,Felt_Leaf,Correct,0.999806
datasets/test/Fungal_Leaf_Spot/Fungal_Leaf_Spot00310.jpg,Fungal_Leaf_Spot,Fungal_Leaf_Spot,Correct,0.999806
datasets/test/Curl_Leaf/Curl_Leaf00036.jpg,Curl_Leaf,Curl_Leaf,Correct,0.999867
datasets/train/Healthy_Leaf/Healthy_Leaf00074.jpg,Healthy_Leaf,Healthy_Leaf,Correct,0.999986
datasets/test/Anthrax_Leaf/Anthrax_Leaf00007.jpg,Anthrax_Leaf,Anthrax_Leaf,Correct,0.937836
datasets/test/Fungal_Leaf_Spot/Fungal_Leaf_Spot00186.jpg,Fungal_Leaf_Spot,Fungal_Leaf_Spot,Correct,0.999979
datasets/train/Healthy_Leaf/Healthy_Leaf00235.jpg,Healthy_Leaf,Healthy_Leaf,Correct,0.999961
datasets/train/Leaf_Gall/Leaf_Gall00115.jpg,Leaf_Gall,Leaf_Gall,Correct,0.999935
datasets/test/Leaf_Blight/Leaf_Blight00379.jpg,Leaf_Blight,Leaf_Blight,Correct,0.999996
datasets/test/Dry_Leaf/Dry_Leaf00182.jpg,Dry_Leaf,Dry_Leaf,Correct,0.999654
datasets/train/Healthy_Leaf/Healthy_Leaf00515.jpg,Healthy_Leaf,Healthy_Leaf,Correct,0.759921
datasets/train/Leaf_Gall/Leaf_Gall00005.jpg,Leaf_Gall,Leaf_Gall,Correct,0.998142
datasets/train/Felt_Leaf/Felt_Leaf00285.jpg,Felt_Leaf,Felt_Leaf,Correct,0.925781
datasets/train/Dry_Leaf/Dry_Leaf00011.jpg,Dry_Leaf,Dry_Leaf,Correct,0.999509
datasets/train/Curl_Leaf/Curl_Leaf00099.jpg,Curl_Leaf,Curl_Leaf,Correct,0.998541
datasets/test/Fungal_Leaf_Spot/Fungal_Leaf_Spot00163.jpg,Fungal_Leaf_Spot,Fungal_Leaf_Spot,Correct,0.999997
datasets/train/Leaf_Gall/Leaf_Gall00079.jpg,Leaf_Gall,Leaf_Gall,Correct,0.999990
datasets/train/Dry_Leaf/Dry_Leaf00039.jpg,Dry_Leaf,Dry_Leaf,Correct,0.999989
datasets/train/Leaf_Blight/Leaf_Blight00203.jpg,Leaf_Blight,Leaf_Blight,Correct,0.999177
datasets/test/Curl_Leaf/Curl_Leaf00168.jpg,Curl_Leaf,Curl_Leaf,Correct,0.999956
datasets/train/Leaf_Blight/Leaf_Blight00240.jpg,Leaf_Blight,Leaf_Blight,Correct,0.997357
datasets/test/Leaf_Blight/Leaf_Blight00156.jpg,Leaf_Blight,Leaf_Blight,Correct,0.999587
datasets/test/Dry_Leaf/Dry_Leaf00160.jpg,Dry_Leaf,Dry_Leaf,Correct,0.999970
datasets/test/Bituminous_Leaf/Bituminous_Leaf00087.jpg,Bituminous_Leaf,Bituminous_Leaf,Correct,0.999822
datasets/train/Leaf_Gall/Leaf_Gall00265.jpg,Leaf_Gall,Leaf_Gall,Correct,0.999835
datasets/train/Bituminous_Leaf/Bituminous_Leaf00136.jpg,Bituminous_Leaf,Bituminous_Leaf,Correct,0.999975
datasets/test/Healthy_Leaf/Healthy_Leaf00195.jpg,Healthy_Leaf,Healthy_Leaf,Correct,0.999845
datasets/test/Leaf_Blight/Leaf_Blight00202.jpg,Leaf_Blight,Leaf_Blight,Correct,0.999970
datasets/test/Leaf_Blight/Leaf_Blight00241.jpg,Leaf_Blight,Leaf_Blight,Correct,0.999694
datasets/train/Leaf_Blight/Leaf_Blight00029.jpg,Leaf_Blight,Leaf_Blight,Correct,0.999990
datasets/train/Leaf_Blight/Leaf_Blight00003.jpg,Leaf_Blight,Leaf_Blight,Correct,0.999971
datasets/train/Curl_Leaf/Curl_Leaf00059.jpg,Curl_Leaf,Curl_Leaf,Correct,0.966937
datasets/train/Fungal_Leaf_Spot/Fungal_Leaf_Spot00227.jpg,Fungal_Leaf_Spot,Fungal_Leaf_Spot,Correct,0.999976
datasets/test/Felt_Leaf/Felt_Leaf00081.jpg,Felt_Leaf,Felt_Leaf,Correct,0.859613
datasets/train/Leaf_Blight/Leaf_Blight00402.jpg,Leaf_Blight,Leaf_Blight,Correct,0.999973
datasets/train/Dry_Leaf/Dry_Leaf00021.jpg,Dry_Leaf,Dry_Leaf,Correct,0.999973
datasets/test/Dry_Leaf/Dry_Leaf00194.jpg,Dry_Leaf,Dry_Leaf,Correct,0.999989
datasets/test/Leaf_Gall/Leaf_Gall00466.jpg,Leaf_Gall,Leaf_Gall,Correct,0.994087
datasets/train/Healthy_Leaf/Healthy_Leaf00287.jpg,Healthy_Leaf,Healthy_Leaf,Correct,0.999954
datasets/train/Healthy_Leaf/Healthy_Leaf00005.jpg,Healthy_Leaf,Healthy_Leaf,Correct,0.999969
datasets/train/Leaf_Gall/Leaf_Gall00289.jpg,Leaf_Gall,Leaf_Gall,Correct,0.999980
datasets/test/Felt_Leaf/Felt_Leaf00257.jpg,Felt_Leaf,Leaf_Blight,Incorrect,0.931206
datasets/test/Deficiency_Leaf/Deficiency_Leaf00033.jpg,Deficiency_Leaf,Deficiency_Leaf,Correct,0.999992
datasets/train/Curl_Leaf/Curl_Leaf00023.jpg,Curl_Leaf,Curl_Leaf,Correct,0.999979
datasets/train/Anthrax_Leaf/Anthrax_Leaf00119.jpg,Anthrax_Leaf,Anthrax_Leaf,Correct,0.805782
datasets/train/Healthy_Leaf/Healthy_Leaf00090.jpg,Healthy_Leaf,Healthy_Leaf,Correct,0.999667
datasets/test/Fungal_Leaf_Spot/Fungal_Leaf_Spot00479.jpg,Fungal_Leaf_Spot,Fungal_Leaf_Spot,Correct,0.999844
datasets/test/Leaf_Gall/Leaf_Gall00173.jpg,Leaf_Gall,Leaf_Gall,Correct,0.999383
datasets/train/Dry_Leaf/Dry_Leaf00275.jpg,Dry_Leaf,Dry_Leaf,Correct,0.999638
datasets/test/Felt_Leaf/Felt_Leaf00045.jpg,Felt_Leaf,Felt_Leaf,Correct,0.999970
datasets/test/Fungal_Leaf_Spot/Fungal_Leaf_Spot00197.jpg,Fungal_Leaf_Spot,Fungal_Leaf_Spot,Correct,0.999839
datasets/test/Leaf_Blight/Leaf_Blight00393.jpg,Leaf_Blight,Leaf_Blight,Correct,0.999913
datasets/test/Fungal_Leaf_Spot/Fungal_Leaf_Spot00509.jpg,Fungal_Leaf_Spot,Fungal_Leaf_Spot,Correct,0.999980
datasets/test/Felt_Leaf/Felt_Leaf00162.jpg,Felt_Leaf,Felt_Leaf,Correct,0.991515
datasets/train/Felt_Leaf/Felt_Leaf00069.jpg,Felt_Leaf,Felt_Leaf,Correct,0.999945
datasets/test/Curl_Leaf/Curl_Leaf00128.jpg,Curl_Leaf,Curl_Leaf,Correct,0.999990
datasets/test/Dry_Leaf/Dry_Leaf00304.jpg,Dry_Leaf,Dry_Leaf,Correct,0.999053
datasets/train/Healthy_Leaf/Healthy_Leaf00318.jpg,Healthy_Leaf,Healthy_Leaf,Correct,0.998940
datasets/train/Healthy_Leaf/Healthy_Leaf00166.jpg,Healthy_Leaf,Healthy_Leaf,Correct,0.999614
datasets/test/Deficiency_Leaf/Deficiency_Leaf00113.jpg,Deficiency_Leaf,Deficiency_Leaf,Correct,0.998567
datasets/train/Felt_Leaf/Felt_Leaf00030.jpg,Felt_Leaf,Felt_Leaf,Correct,0.999967
datasets/train/Healthy_Leaf/Healthy_Leaf00396.jpg,Healthy_Leaf,Healthy_Leaf,Correct,0.999985
datasets/test/Leaf_Gall/Leaf_Gall00458.jpg,Leaf_Gall,Leaf_Gall,Correct,0.999493
datasets/train/Anthrax_Leaf/Anthrax_Leaf00113.jpg,Anthrax_Leaf,Leaf_Gall,Incorrect,0.994912
datasets/test/Dry_Leaf/Dry_Leaf00056.jpg,Dry_Leaf,Dry_Leaf,Correct,0.999838
datasets/test/Leaf_Gall/Leaf_Gall00299.jpg,Leaf_Gall,Leaf_Gall,Correct,0.999979
datasets/train/Felt_Leaf/Felt_Leaf00292.jpg,Felt_Leaf,Felt_Leaf,Correct,0.997737
datasets/test/Fungal_Leaf_Spot/Fungal_Leaf_Spot00546.jpg,Fungal_Leaf_Spot,Fungal_Leaf_Spot,Correct,0.999881
datasets/test/Leaf_Gall/Leaf_Gall00558.jpg,Leaf_Gall,Leaf_Gall,Correct,0.999998
datasets/test/Leaf_Gall/Leaf_Gall00605.jpg,Leaf_Gall,Leaf_Gall,Correct,0.999697
datasets/test/Healthy_Leaf/Healthy_Leaf00010.jpg,Healthy_Leaf,Healthy_Leaf,Correct,0.999814
datasets/train/Fungal_Leaf_Spot/Fungal_Leaf_Spot00390.jpg,Fungal_Leaf_Spot,Fungal_Leaf_Spot,Correct,0.860200
datasets/train/Leaf_Blight/Leaf_Blight00370.jpg,Leaf_Blight,Leaf_Blight,Correct,0.999999
datasets/test/Healthy_Leaf/Healthy_Leaf00517.jpg,Healthy_Leaf,Healthy_Leaf,Correct,0.673243
datasets/test/Healthy_Leaf/Healthy_Leaf00359.jpg,Healthy_Leaf,Healthy_Leaf,Correct,0.999977
datasets/test/Leaf_Blight/Leaf_Blight00167.jpg,Leaf_Blight,Leaf_Blight,Correct,0.999988
datasets/test/Anthrax_Leaf/Anthrax_Leaf00138.jpg,Anthrax_Leaf,Anthrax_Leaf,Correct,0.999637
datasets/train/Leaf_Gall/Leaf_Gall00584.jpg,Leaf_Gall,Leaf_Gall,Correct,0.999932
datasets/test/Dry_Leaf/Dry_Leaf00339.jpg,Dry_Leaf,Dry_Leaf,Correct,0.999935
datasets/test/Leaf_Gall/Leaf_Gall00142.jpg,Leaf_Gall,Leaf_Gall,Correct,0.558219
datasets/train/Healthy_Leaf/Healthy_Leaf00312.jpg,Healthy_Leaf,Healthy_Leaf,Correct,0.999527
datasets/train/Dry_Leaf/Dry_Leaf00128.jpg,Dry_Leaf,Dry_Leaf,Correct,0.999995
datasets/test/Dry_Leaf/Dry_Leaf00210.jpg,Dry_Leaf,Dry_Leaf,Correct,0.838272
datasets/test/Anthrax_Leaf/Anthrax_Leaf00008.jpg,Anthrax_Leaf,Anthrax_Leaf,Correct,0.971457
datasets/test/Dry_Leaf/Dry_Leaf00274.jpg,Dry_Leaf,Dry_Leaf,Correct,0.999973
datasets/train/Dry_Leaf/Dry_Leaf00009.jpg,Dry_Leaf,Dry_Leaf,Correct,0.999971
datasets/test/Curl_Leaf/Curl_Leaf00124.jpg,Curl_Leaf,Curl_Leaf,Correct,0.999995
datasets/train/Leaf_Gall/Leaf_Gall00068.jpg,Leaf_Gall,Leaf_Gall,Correct,0.999952
datasets/train/Healthy_Leaf/Healthy_Leaf00510.jpg,Healthy_Leaf,Healthy_Leaf,Correct,0.999334
datasets/train/Anthrax_Leaf/Anthrax_Leaf00029.jpg,Anthrax_Leaf,Anthrax_Leaf,Correct,0.995499
datasets/train/Leaf_Blight/Leaf_Blight00295.jpg,Leaf_Blight,Leaf_Blight,Correct,0.999804
datasets/train/Fungal_Leaf_Spot/Fungal_Leaf_Spot00018.jpg,Fungal_Leaf_Spot,Fungal_Leaf_Spot,Correct,0.988157
datasets/test/Felt_Leaf/Felt_Leaf00337.jpg,Felt_Leaf,Felt_Leaf,Correct,0.976863
datasets/test/Healthy_Leaf/Healthy_Leaf00615.jpg,Healthy_Leaf,Healthy_Leaf,Correct,0.999994
datasets/train/Deficiency_Leaf/Deficiency_Leaf00069.jpg,Deficiency_Leaf,Deficiency_Leaf,Correct,0.999995
datasets/test/Fungal_Leaf_Spot/Fungal_Leaf_Spot00136.jpg,Fungal_Leaf_Spot,Fungal_Leaf_Spot,Correct,0.999994
datasets/train/Dry_Leaf/Dry_Leaf00371.jpg,Dry_Leaf,Dry_Leaf,Correct,0.999859
datasets/test/Felt_Leaf/Felt_Leaf00077.jpg,Felt_Leaf,Felt_Leaf,Correct,0.989878
datasets/test/Bituminous_Leaf/Bituminous_Leaf00056.jpg,Bituminous_Leaf,Bituminous_Leaf,Correct,0.996222
datasets/train/Healthy_Leaf/Healthy_Leaf00190.jpg,Healthy_Leaf,Healthy_Leaf,Correct,0.999998
datasets/train/Felt_Leaf/Felt_Leaf00288.jpg,Felt_Leaf,Felt_Leaf,Correct,0.999939
datasets/test/Dry_Leaf/Dry_Leaf00202.jpg,Dry_Leaf,Dry_Leaf,Correct,0.999966
datasets/test/Dry_Leaf/Dry_Leaf00026.jpg,Dry_Leaf,Dry_Leaf,Correct,0.999954
datasets/train/Healthy_Leaf/Healthy_Leaf00429.jpg,Healthy_Leaf,Healthy_Leaf,Correct,0.999605
datasets/train/Leaf_Blight/Leaf_Blight00537.jpg,Leaf_Blight,Leaf_Blight,Correct,0.999977
datasets/test/Dry_Leaf/Dry_Leaf00152.jpg,Dry_Leaf,Dry_Leaf,Correct,0.999595
datasets/train/Dry_Leaf/Dry_Leaf00165.jpg,Dry_Leaf,Dry_Leaf,Correct,0.999990
datasets/test/Leaf_Gall/Leaf_Gall00096.jpg,Leaf_Gall,Leaf_Gall,Correct,0.999997
datasets/train/Healthy_Leaf/Healthy_Leaf00231.jpg,Healthy_Leaf,Healthy_Leaf,Correct,0.999793
datasets/test/Leaf_Gall/Leaf_Gall00104.jpg,Leaf_Gall,Leaf_Gall,Correct,0.999927
datasets/train/Fungal_Leaf_Spot/Fungal_Leaf_Spot00012.jpg,Fungal_Leaf_Spot,Fungal_Leaf_Spot,Correct,0.999999
datasets/train/Fungal_Leaf_Spot/Fungal_Leaf_Spot00002.jpg,Fungal_Leaf_Spot,Fungal_Leaf_Spot,Correct,0.999999
datasets/train/Bituminous_Leaf/Bituminous_Leaf00023.jpg,Bituminous_Leaf,Bituminous_Leaf,Correct,0.999966
datasets/test/Leaf_Gall/Leaf_Gall00395.jpg,Leaf_Gall,Leaf_Gall,Correct,0.995697
datasets/test/Curl_Leaf/Curl_Leaf00055.jpg,Curl_Leaf,Curl_Leaf,Correct,0.999995
datasets/train/Fungal_Leaf_Spot/Fungal_Leaf_Spot00228.jpg,Fungal_Leaf_Spot,Fungal_Leaf_Spot,Correct,0.999986
datasets/train/Leaf_Blight/Leaf_Blight00011.jpg,Leaf_Blight,Leaf_Blight,Correct,0.999997
datasets/test/Dry_Leaf/Dry_Leaf00042.jpg,Dry_Leaf,Dry_Leaf,Correct,0.999881
datasets/test/Leaf_Blight/Leaf_Blight00458.jpg,Leaf_Blight,Leaf_Blight,Correct,0.999476
datasets/train/Felt_Leaf/Felt_Leaf00304.jpg,Felt_Leaf,Felt_Leaf,Correct,0.999876
datasets/test/Felt_Leaf/Felt_Leaf00105.jpg,Felt_Leaf,Felt_Leaf,Correct,0.996646
datasets/train/Leaf_Blight/Leaf_Blight00592.jpg,Leaf_Blight,Leaf_Blight,Correct,0.999971
datasets/test/Leaf_Blight/Leaf_Blight00033.jpg,Leaf_Blight,Leaf_Blight,Correct,0.999996
datasets/test/Felt_Leaf/Felt_Leaf00011.jpg,Felt_Leaf,Leaf_Gall,Incorrect,0.804193
datasets/test/Healthy_Leaf/Healthy_Leaf00485.jpg,Healthy_Leaf,Healthy_Leaf,Correct,0.999721
datasets/train/Leaf_Blight/Leaf_Blight00237.jpg,Leaf_Blight,Leaf_Blight,Correct,0.999911
datasets/test/Bituminous_Leaf/Bituminous_Leaf00028.jpg,Bituminous_Leaf,Bituminous_Leaf,Correct,0.999930
datasets/train/Fungal_Leaf_Spot/Fungal_Leaf_Spot00330.jpg,Fungal_Leaf_Spot,Fungal_Leaf_Spot,Correct,0.999998
datasets/train/Leaf_Blight/Leaf_Blight00121.jpg,Leaf_Blight,Leaf_Blight,Correct,0.999999
datasets/train/Healthy_Leaf/Healthy_Leaf00476.jpg,Healthy_Leaf,Healthy_Leaf,Correct,0.999960
datasets/test/Felt_Leaf/Felt_Leaf00196.jpg,Felt_Leaf,Felt_Leaf,Correct,0.999836
datasets/train/Healthy_Leaf/Healthy_Leaf00502.jpg,Healthy_Leaf,Healthy_Leaf,Correct,0.999965
datasets/test/Fungal_Leaf_Spot/Fungal_Leaf_Spot00235.jpg,Fungal_Leaf_Spot,Fungal_Leaf_Spot,Correct,0.999999
datasets/test/Leaf_Gall/Leaf_Gall00277.jpg,Leaf_Gall,Leaf_Gall,Correct,0.999733
datasets/test/Felt_Leaf/Felt_Leaf00113.jpg,Felt_Leaf,Felt_Leaf,Correct,0.998853
datasets/train/Leaf_Gall/Leaf_Gall00526.jpg,Leaf_Gall,Leaf_Gall,Correct,0.999986
datasets/test/Anthrax_Leaf/Anthrax_Leaf00132.jpg,Anthrax_Leaf,Anthrax_Leaf,Correct,0.999990
datasets/test/Dry_Leaf/Dry_Leaf00292.jpg,Dry_Leaf,Dry_Leaf,Correct,0.999694
datasets/test/Healthy_Leaf/Healthy_Leaf00255.jpg,Healthy_Leaf,Healthy_Leaf,Correct,0.999973
datasets/test/Leaf_Gall/Leaf_Gall00402.jpg,Leaf_Gall,Leaf_Gall,Correct,0.992509
datasets/test/Deficiency_Leaf/Deficiency_Leaf00066.jpg,Deficiency_Leaf,Deficiency_Leaf,Correct,0.999916
datasets/test/Leaf_Gall/Leaf_Gall00600.jpg,Leaf_Gall,Leaf_Gall,Correct,0.999907
datasets/test/Healthy_Leaf/Healthy_Leaf00378.jpg,Healthy_Leaf,Healthy_Leaf,Correct,0.977328
datasets/test/Curl_Leaf/Curl_Leaf00135.jpg,Curl_Leaf,Curl_Leaf,Correct,0.999949
datasets/train/Leaf_Blight/Leaf_Blight00036.jpg,Leaf_Blight,Leaf_Blight,Correct,0.999826
datasets/test/Leaf_Blight/Leaf_Blight00108.jpg,Leaf_Blight,Leaf_Blight,Correct,1.000000
datasets/train/Healthy_Leaf/Healthy_Leaf00522.jpg,Healthy_Leaf,Healthy_Leaf,Correct,0.955903
datasets/test/Leaf_Gall/Leaf_Gall00560.jpg,Leaf_Gall,Leaf_Gall,Correct,0.999975
datasets/train/Fungal_Leaf_Spot/Fungal_Leaf_Spot00432.jpg,Fungal_Leaf_Spot,Fungal_Leaf_Spot,Correct,0.999989
datasets/train/Curl_Leaf/Curl_Leaf00028.jpg,Curl_Leaf,Curl_Leaf,Correct,0.999875
datasets/test/Bituminous_Leaf/Bituminous_Leaf00070.jpg,Bituminous_Leaf,Bituminous_Leaf,Correct,0.999830
datasets/test/Healthy_Leaf/Healthy_Leaf00391.jpg,Healthy_Leaf,Healthy_Leaf,Correct,0.999799
datasets/test/Dry_Leaf/Dry_Leaf00059.jpg,Dry_Leaf,Dry_Leaf,Correct,0.999584
datasets/test/Anthrax_Leaf/Anthrax_Leaf00086.jpg,Anthrax_Leaf,Anthrax_Leaf,Correct,0.999302
datasets/test/Curl_Leaf/Curl_Leaf00097.jpg,Curl_Leaf,Curl_Leaf,Correct,0.996608
datasets/train/Dry_Leaf/Dry_Leaf00195.jpg,Dry_Leaf,Dry_Leaf,Correct,0.999977
datasets/train/Deficiency_Leaf/Deficiency_Leaf00015.jpg,Deficiency_Leaf,Deficiency_Leaf,Correct,0.965700
datasets/test/Leaf_Gall/Leaf_Gall00182.jpg,Leaf_Gall,Leaf_Gall,Correct,0.999981
datasets/test/Felt_Leaf/Felt_Leaf00301.jpg,Felt_Leaf,Felt_Leaf,Correct,0.999492
datasets/test/Fungal_Leaf_Spot/Fungal_Leaf_Spot00548.jpg,Fungal_Leaf_Spot,Fungal_Leaf_Spot,Correct,0.998931
datasets/train/Curl_Leaf/Curl_Leaf00134.jpg,Curl_Leaf,Curl_Leaf,Correct,0.999837
datasets/test/Healthy_Leaf/Healthy_Leaf00481.jpg,Healthy_Leaf,Healthy_Leaf,Correct,0.994889
datasets/train/Leaf_Gall/Leaf_Gall00302.jpg,Leaf_Gall,Leaf_Gall,Correct,0.999951
datasets/test/Felt_Leaf/Felt_Leaf00338.jpg,Felt_Leaf,Felt_Leaf,Correct,0.999879
datasets/test/Fungal_Leaf_Spot/Fungal_Leaf_Spot00265.jpg,Fungal_Leaf_Spot,Fungal_Leaf_Spot,Correct,0.998824
datasets/test/Healthy_Leaf/Healthy_Leaf00348.jpg,Healthy_Leaf,Healthy_Leaf,Correct,0.999911
datasets/train/Leaf_Gall/Leaf_Gall00237.jpg,Leaf_Gall,Leaf_Gall,Correct,0.999858
datasets/train/Deficiency_Leaf/Deficiency_Leaf00074.jpg,Deficiency_Leaf,Deficiency_Leaf,Correct,0.997141
datasets/train/Leaf_Gall/Leaf_Gall00572.jpg,Leaf_Gall,Leaf_Gall,Correct,0.999999
datasets/test/Leaf_Gall/Leaf_Gall00561.jpg,Leaf_Gall,Leaf_Gall,Correct,0.999991
datasets/train/Healthy_Leaf/Healthy_Leaf00579.jpg,Healthy_Leaf,Healthy_Leaf,Correct,0.998390
datasets/train/Dry_Leaf/Dry_Leaf00102.jpg,Dry_Leaf,Dry_Leaf,Correct,0.999711
datasets/test/Leaf_Blight/Leaf_Blight00437.jpg,Leaf_Blight,Leaf_Blight,Correct,0.999970
datasets/train/Leaf_Blight/Leaf_Blight00215.jpg,Leaf_Blight,Leaf_Blight,Correct,0.994037
datasets/train/Leaf_Blight/Leaf_Blight00008.jpg,Leaf_Blight,Leaf_Blight,Correct,0.999991
datasets/test/Leaf_Gall/Leaf_Gall00382.jpg,Leaf_Gall,Leaf_Gall,Correct,0.999950
datasets/train/Fungal_Leaf_Spot/Fungal_Leaf_Spot00024.jpg,Fungal_Leaf_Spot,Fungal_Leaf_Spot,Correct,0.999953
datasets/train/Fungal_Leaf_Spot/Fungal_Leaf_Spot00019.jpg,Fungal_Leaf_Spot,Fungal_Leaf_Spot,Correct,0.872775
datasets/test/Healthy_Leaf/Healthy_Leaf00385.jpg,Healthy_Leaf,Healthy_Leaf,Correct,0.999981
datasets/train/Felt_Leaf/Felt_Leaf00096.jpg,Felt_Leaf,Felt_Leaf,Correct,0.998956
datasets/test/Leaf_Gall/Leaf_Gall00311.jpg,Leaf_Gall,Leaf_Gall,Correct,0.999996
datasets/test/Leaf_Blight/Leaf_Blight00533.jpg,Leaf_Blight,Leaf_Blight,Correct,0.999877
datasets/train/Anthrax_Leaf/Anthrax_Leaf00026.jpg,Anthrax_Leaf,Anthrax_Leaf,Correct,0.999705
datasets/train/Curl_Leaf/Curl_Leaf00175.jpg,Curl_Leaf,Curl_Leaf,Correct,0.999673
datasets/test/Healthy_Leaf/Healthy_Leaf00314.jpg,Healthy_Leaf,Healthy_Leaf,Correct,0.999931
datasets/test/Felt_Leaf/Felt_Leaf00122.jpg,Felt_Leaf,Felt_Leaf,Correct,0.995709
datasets/test/Fungal_Leaf_Spot/Fungal_Leaf_Spot00139.jpg,Fungal_Leaf_Spot,Fungal_Leaf_Spot,Correct,1.000000
datasets/test/Curl_Leaf/Curl_Leaf00063.jpg,Curl_Leaf,Curl_Leaf,Correct,0.999970
datasets/test/Leaf_Blight/Leaf_Blight00063.jpg,Leaf_Blight,Leaf_Blight,Correct,0.999771
datasets/train/Felt_Leaf/Felt_Leaf00142.jpg,Felt_Leaf,Felt_Leaf,Correct,0.999661
datasets/train/Leaf_Blight/Leaf_Blight00396.jpg,Leaf_Blight,Leaf_Blight,Correct,0.999998
datasets/train/Anthrax_Leaf/Anthrax_Leaf00056.jpg,Anthrax_Leaf,Anthrax_Leaf,Correct,0.999992
datasets/train/Fungal_Leaf_Spot/Fungal_Leaf_Spot00202.jpg,Fungal_Leaf_Spot,Fungal_Leaf_Spot,Correct,0.999978
datasets/train/Leaf_Gall/Leaf_Gall00125.jpg,Leaf_Gall,Leaf_Gall,Correct,0.999946
datasets/train/Leaf_Gall/Leaf_Gall00124.jpg,Leaf_Gall,Leaf_Gall,Correct,0.999997
datasets/test/Healthy_Leaf/Healthy_Leaf00403.jpg,Healthy_Leaf,Healthy_Leaf,Correct,0.999868
datasets/train/Anthrax_Leaf/Anthrax_Leaf00055.jpg,Anthrax_Leaf,Anthrax_Leaf,Correct,0.999908
datasets/test/Healthy_Leaf/Healthy_Leaf00572.jpg,Healthy_Leaf,Healthy_Leaf,Correct,0.999663
datasets/test/Fungal_Leaf_Spot/Fungal_Leaf_Spot00042.jpg,Fungal_Leaf_Spot,Fungal_Leaf_Spot,Correct,1.000000
datasets/test/Curl_Leaf/Curl_Leaf00084.jpg,Curl_Leaf,Curl_Leaf,Correct,0.999967
datasets/test/Healthy_Leaf/Healthy_Leaf00045.jpg,Healthy_Leaf,Healthy_Leaf,Correct,0.999791
datasets/test/Felt_Leaf/Felt_Leaf00298.jpg,Felt_Leaf,Felt_Leaf,Correct,0.998989
datasets/test/Bituminous_Leaf/Bituminous_Leaf00077.jpg,Bituminous_Leaf,Bituminous_Leaf,Correct,0.999873
datasets/test/Leaf_Blight/Leaf_Blight00362.jpg,Leaf_Blight,Leaf_Blight,Correct,0.999999
datasets/test/Fungal_Leaf_Spot/Fungal_Leaf_Spot00010.jpg,Fungal_Leaf_Spot,Fungal_Leaf_Spot,Correct,0.999999
datasets/train/Leaf_Blight/Leaf_Blight00432.jpg,Leaf_Blight,Leaf_Blight,Correct,0.995507
datasets/train/Leaf_Blight/Leaf_Blight00059.jpg,Leaf_Blight,Leaf_Blight,Correct,0.999953
datasets/test/Leaf_Gall/Leaf_Gall00472.jpg,Leaf_Gall,Leaf_Gall,Correct,0.999971
datasets/test/Felt_Leaf/Felt_Leaf00260.jpg,Felt_Leaf,Felt_Leaf,Correct,0.998526
datasets/test/Leaf_Gall/Leaf_Gall00041.jpg,Leaf_Gall,Leaf_Gall,Correct,0.864363
datasets/train/Fungal_Leaf_Spot/Fungal_Leaf_Spot00062.jpg,Fungal_Leaf_Spot,Fungal_Leaf_Spot,Correct,0.999994
datasets/train/Leaf_Gall/Leaf_Gall00087.jpg,Leaf_Gall,Leaf_Gall,Correct,0.999989
datasets/train/Healthy_Leaf/Healthy_Leaf00609.jpg,Healthy_Leaf,Healthy_Leaf,Correct,0.999835
datasets/test/Fungal_Leaf_Spot/Fungal_Leaf_Spot00437.jpg,Fungal_Leaf_Spot,Fungal_Leaf_Spot,Correct,0.999995
datasets/train/Felt_Leaf/Felt_Leaf00296.jpg,Felt_Leaf,Felt_Leaf,Correct,0.986926
datasets/test/Leaf_Blight/Leaf_Blight00217.jpg,Leaf_Blight,Leaf_Blight,Correct,0.997248
datasets/test/Felt_Leaf/Felt_Leaf00212.jpg,Felt_Leaf,Felt_Leaf,Correct,0.999553
datasets/train/Leaf_Gall/Leaf_Gall00577.jpg,Leaf_Gall,Leaf_Gall,Correct,0.993708
datasets/test/Leaf_Blight/Leaf_Blight00054.jpg,Leaf_Blight,Leaf_Blight,Correct,0.999880
datasets/test/Dry_Leaf/Dry_Leaf00328.jpg,Dry_Leaf,Dry_Leaf,Correct,0.999989
datasets/train/Leaf_Gall/Leaf_Gall00512.jpg,Leaf_Gall,Leaf_Gall,Correct,0.999235
datasets/train/Felt_Leaf/Felt_Leaf00207.jpg,Felt_Leaf,Felt_Leaf,Correct,0.696061
datasets/test/Healthy_Leaf/Healthy_Leaf00313.jpg,Healthy_Leaf,Healthy_Leaf,Correct,0.998802
datasets/train/Dry_Leaf/Dry_Leaf00299.jpg,Dry_Leaf,Dry_Leaf,Correct,0.999950
datasets/test/Healthy_Leaf/Healthy_Leaf00592.jpg,Healthy_Leaf,Healthy_Leaf,Correct,0.999989
datasets/train/Healthy_Leaf/Healthy_Leaf00331.jpg,Healthy_Leaf,Healthy_Leaf,Correct,0.999920
datasets/test/Felt_Leaf/Felt_Leaf00050.jpg,Felt_Leaf,Felt_Leaf,Correct,0.998633
datasets/train/Fungal_Leaf_Spot/Fungal_Leaf_Spot00554.jpg,Fungal_Leaf_Spot,Fungal_Leaf_Spot,Correct,0.999997
datasets/test/Dry_Leaf/Dry_Leaf00074.jpg,Dry_Leaf,Dry_Leaf,Correct,0.999975
datasets/train/Felt_Leaf/Felt_Leaf00314.jpg,Felt_Leaf,Felt_Leaf,Correct,0.997837
datasets/test/Fungal_Leaf_Spot/Fungal_Leaf_Spot00410.jpg,Fungal_Leaf_Spot,Fungal_Leaf_Spot,Correct,0.999994
datasets/test/Felt_Leaf/Felt_Leaf00048.jpg,Felt_Leaf,Felt_Leaf,Correct,0.999881
datasets/train/Healthy_Leaf/Healthy_Leaf00118.jpg,Healthy_Leaf,Healthy_Leaf,Correct,0.999965
datasets/test/Leaf_Blight/Leaf_Blight00159.jpg,Leaf_Blight,Leaf_Blight,Correct,0.999726
datasets/test/Dry_Leaf/Dry_Leaf00320.jpg,Dry_Leaf,Dry_Leaf,Correct,0.999993
datasets/train/Healthy_Leaf/Healthy_Leaf00407.jpg,Healthy_Leaf,Healthy_Leaf,Correct,0.999659
datasets/train/Healthy_Leaf/Healthy_Leaf00317.jpg,Healthy_Leaf,Healthy_Leaf,Correct,0.999745
datasets/test/Leaf_Blight/Leaf_Blight00517.jpg,Leaf_Blight,Leaf_Blight,Correct,0.999870
datasets/train/Leaf_Gall/Leaf_Gall00486.jpg,Leaf_Gall,Leaf_Gall,Correct,0.999982
datasets/test/Leaf_Blight/Leaf_Blight00112.jpg,Leaf_Blight,Leaf_Blight,Correct,0.999806
datasets/test/Healthy_Leaf/Healthy_Leaf00154.jpg,Healthy_Leaf,Healthy_Leaf,Correct,0.999833
datasets/train/Leaf_Blight/Leaf_Blight00376.jpg,Leaf_Blight,Leaf_Blight,Correct,0.999992
datasets/train/Leaf_Blight/Leaf_Blight00135.jpg,Leaf_Blight,Leaf_Blight,Correct,0.999908
datasets/test/Anthrax_Leaf/Anthrax_Leaf00078.jpg,Anthrax_Leaf,Anthrax_Leaf,Correct,0.999872
datasets/test/Leaf_Gall/Leaf_Gall00244.jpg,Leaf_Gall,Leaf_Gall,Correct,0.999910
datasets/train/Healthy_Leaf/Healthy_Leaf00110.jpg,Healthy_Leaf,Healthy_Leaf,Correct,0.999909
datasets/train/Leaf_Blight/Leaf_Blight00088.jpg,Leaf_Blight,Leaf_Blight,Correct,0.998815
datasets/test/Healthy_Leaf/Healthy_Leaf00440.jpg,Healthy_Leaf,Healthy_Leaf,Correct,0.999977
datasets/train/Fungal_Leaf_Spot/Fungal_Leaf_Spot00217.jpg,Fungal_Leaf_Spot,Fungal_Leaf_Spot,Correct,0.999981
datasets/train/Dry_Leaf/Dry_Leaf00050.jpg,Dry_Leaf,Dry_Leaf,Correct,0.999911
datasets/test/Leaf_Gall/Leaf_Gall00593.jpg,Leaf_Gall,Leaf_Gall,Correct,0.999963
datasets/train/Felt_Leaf/Felt_Leaf00117.jpg,Felt_Leaf,Felt_Leaf,Correct,0.994934
datasets/test/Healthy_Leaf/Healthy_Leaf00568.jpg,Healthy_Leaf,Healthy_Leaf,Correct,0.999874
datasets/test/Leaf_Blight/Leaf_Blight00253.jpg,Leaf_Blight,Leaf_Blight,Correct,0.999651
datasets/test/Leaf_Gall/Leaf_Gall00168.jpg,Leaf_Gall,Leaf_Gall,Correct,0.943254
datasets/test/Dry_Leaf/Dry_Leaf00261.jpg,Dry_Leaf,Dry_Leaf,Correct,0.999082
datasets/test/Fungal_Leaf_Spot/Fungal_Leaf_Spot00444.jpg,Fungal_Leaf_Spot,Fungal_Leaf_Spot,Correct,0.999884
datasets/test/Bituminous_Leaf/Bituminous_Leaf00046.jpg,Bituminous_Leaf,Bituminous_Leaf,Correct,0.999696
datasets/test/Leaf_Blight/Leaf_Blight00327.jpg,Leaf_Blight,Leaf_Blight,Correct,0.999977
datasets/test/Leaf_Blight/Leaf_Blight00538.jpg,Leaf_Blight,Leaf_Blight,Correct,0.998238
datasets/test/Leaf_Gall/Leaf_Gall00446.jpg,Leaf_Gall,Leaf_Gall,Correct,0.999762
datasets/test/Curl_Leaf/Curl_Leaf00092.jpg,Curl_Leaf,Curl_Leaf,Correct,0.999635
datasets/test/Bituminous_Leaf/Bituminous_Leaf00122.jpg,Bituminous_Leaf,Bituminous_Leaf,Correct,0.992544
datasets/test/Leaf_Blight/Leaf_Blight00410.jpg,Leaf_Blight,Leaf_Blight,Correct,0.999933
datasets/train/Curl_Leaf/Curl_Leaf00143.jpg,Curl_Leaf,Curl_Leaf,Correct,0.999793
datasets/train/Deficiency_Leaf/Deficiency_Leaf00005.jpg,Deficiency_Leaf,Deficiency_Leaf,Correct,0.998539
datasets/test/Dry_Leaf/Dry_Leaf00226.jpg,Dry_Leaf,Dry_Leaf,Correct,0.999998
datasets/test/Felt_Leaf/Felt_Leaf00353.jpg,Felt_Leaf,Felt_Leaf,Correct,0.998192
datasets/train/Fungal_Leaf_Spot/Fungal_Leaf_Spot00026.jpg,Fungal_Leaf_Spot,Fungal_Leaf_Spot,Correct,0.999997
datasets/train/Felt_Leaf/Felt_Leaf00229.jpg,Felt_Leaf,Felt_Leaf,Correct,0.993789
datasets/test/Healthy_Leaf/Healthy_Leaf00183.jpg,Healthy_Leaf,Healthy_Leaf,Correct,0.999950
datasets/test/Anthrax_Leaf/Anthrax_Leaf00077.jpg,Anthrax_Leaf,Anthrax_Leaf,Correct,0.999872
datasets/test/Felt_Leaf/Felt_Leaf00067.jpg,Felt_Leaf,Felt_Leaf,Correct,0.967485
datasets/test/Leaf_Gall/Leaf_Gall00021.jpg,Leaf_Gall,Leaf_Gall,Correct,0.913729
datasets/test/Healthy_Leaf/Healthy_Leaf00419.jpg,Healthy_Leaf,Healthy_Leaf,Correct,0.999903
datasets/train/Leaf_Blight/Leaf_Blight00471.jpg,Leaf_Blight,Leaf_Blight,Correct,0.999991
datasets/train/Healthy_Leaf/Healthy_Leaf00009.jpg,Healthy_Leaf,Healthy_Leaf,Correct,0.999994
datasets/test/Leaf_Gall/Leaf_Gall00350.jpg,Leaf_Gall,Leaf_Gall,Correct,0.998660
datasets/train/Deficiency_Leaf/Deficiency_Leaf00063.jpg,Deficiency_Leaf,Deficiency_Leaf,Correct,1.000000
datasets/train/Leaf_Blight/Leaf_Blight00408.jpg,Leaf_Blight,Leaf_Blight,Correct,0.999922
datasets/train/Leaf_Blight/Leaf_Blight00568.jpg,Leaf_Blight,Leaf_Blight,Correct,0.999734
datasets/test/Bituminous_Leaf/Bituminous_Leaf00034.jpg,Bituminous_Leaf,Bituminous_Leaf,Correct,0.999624
datasets/test/Dry_Leaf/Dry_Leaf00379.jpg,Dry_Leaf,Dry_Leaf,Correct,0.999740
datasets/test/Healthy_Leaf/Healthy_Leaf00447.jpg,Healthy_Leaf,Healthy_Leaf,Correct,0.999466
datasets/train/Curl_Leaf/Curl_Leaf00066.jpg,Curl_Leaf,Curl_Leaf,Correct,0.999995
datasets/test/Dry_Leaf/Dry_Leaf00034.jpg,Dry_Leaf,Dry_Leaf,Correct,0.998086
datasets/train/Leaf_Blight/Leaf_Blight00516.jpg,Leaf_Blight,Leaf_Blight,Correct,0.999687
datasets/train/Leaf_Blight/Leaf_Blight00034.jpg,Leaf_Blight,Leaf_Blight,Correct,0.999997
datasets/test/Healthy_Leaf/Healthy_Leaf00613.jpg,Healthy_Leaf,Healthy_Leaf,Correct,0.999683
datasets/train/Healthy_Leaf/Healthy_Leaf00500.jpg,Healthy_Leaf,Leaf_Gall,Incorrect,0.745851
datasets/train/Bituminous_Leaf/Bituminous_Leaf00015.jpg,Bituminous_Leaf,Bituminous_Leaf,Correct,0.997883
datasets/train/Dry_Leaf/Dry_Leaf00302.jpg,Dry_Leaf,Dry_Leaf,Correct,0.999681
datasets/test/Leaf_Blight/Leaf_Blight00254.jpg,Leaf_Blight,Leaf_Blight,Correct,0.999862
datasets/test/Leaf_Gall/Leaf_Gall00204.jpg,Leaf_Gall,Leaf_Gall,Correct,0.999960
datasets/test/Dry_Leaf/Dry_Leaf00030.jpg,Dry_Leaf,Dry_Leaf,Correct,0.999766
datasets/train/Dry_Leaf/Dry_Leaf00044.jpg,Dry_Leaf,Dry_Leaf,Correct,0.999977
datasets/test/Fungal_Leaf_Spot/Fungal_Leaf_Spot00166.jpg,Fungal_Leaf_Spot,Fungal_Leaf_Spot,Correct,0.999999
datasets/test/Leaf_Gall/Leaf_Gall00463.jpg,Leaf_Gall,Leaf_Gall,Correct,0.424438
datasets/train/Dry_Leaf/Dry_Leaf00113.jpg,Dry_Leaf,Dry_Leaf,Correct,0.999980
datasets/test/Deficiency_Leaf/Deficiency_Leaf00031.jpg,Deficiency_Leaf,Deficiency_Leaf,Correct,0.988250
datasets/test/Leaf_Gall/Leaf_Gall00097.jpg,Leaf_Gall,Leaf_Gall,Correct,0.999949
datasets/test/Leaf_Gall/Leaf_Gall00484.jpg,Leaf_Gall,Leaf_Gall,Correct,0.999939
datasets/train/Curl_Leaf/Curl_Leaf00070.jpg,Curl_Leaf,Curl_Leaf,Correct,0.999986
datasets/test/Healthy_Leaf/Healthy_Leaf00229.jpg,Healthy_Leaf,Healthy_Leaf,Correct,0.999821
datasets/train/Dry_Leaf/Dry_Leaf00004.jpg,Dry_Leaf,Dry_Leaf,Correct,0.999924
datasets/test/Healthy_Leaf/Healthy_Leaf00342.jpg,Healthy_Leaf,Healthy_Leaf,Correct,0.999962
datasets/test/Bituminous_Leaf/Bituminous_Leaf00031.jpg,Bituminous_Leaf,Bituminous_Leaf,Correct,0.999999
datasets/test/Fungal_Leaf_Spot/Fungal_Leaf_Spot00293.jpg,Fungal_Leaf_Spot,Fungal_Leaf_Spot,Correct,0.995536
datasets/train/Leaf_Gall/Leaf_Gall00376.jpg,Leaf_Gall,Leaf_Gall,Correct,0.999594
datasets/train/Curl_Leaf/Curl_Leaf00071.jpg,Curl_Leaf,Curl_Leaf,Correct,0.999876
datasets/test/Leaf_Blight/Leaf_Blight00212.jpg,Leaf_Blight,Leaf_Blight,Correct,0.977113
datasets/test/Bituminous_Leaf/Bituminous_Leaf00050.jpg,Bituminous_Leaf,Bituminous_Leaf,Correct,0.999774
datasets/test/Leaf_Gall/Leaf_Gall00405.jpg,Leaf_Gall,Leaf_Gall,Correct,0.999559
datasets/test/Curl_Leaf/Curl_Leaf00109.jpg,Curl_Leaf,Curl_Leaf,Correct,0.999998
datasets/test/Leaf_Gall/Leaf_Gall00161.jpg,Leaf_Gall,Leaf_Gall,Correct,0.999819
datasets/train/Leaf_Gall/Leaf_Gall00460.jpg,Leaf_Gall,Leaf_Gall,Correct,0.963845
datasets/train/Healthy_Leaf/Healthy_Leaf00377.jpg,Healthy_Leaf,Healthy_Leaf,Correct,0.997333
datasets/train/Dry_Leaf/Dry_Leaf00345.jpg,Dry_Leaf,Dry_Leaf,Correct,0.999946
datasets/test/Felt_Leaf/Felt_Leaf00379.jpg,Felt_Leaf,Felt_Leaf,Correct,0.998011
datasets/train/Curl_Leaf/Curl_Leaf00171.jpg,Curl_Leaf,Curl_Leaf,Correct,0.999994
datasets/train/Leaf_Blight/Leaf_Blight00127.jpg,Leaf_Blight,Leaf_Blight,Correct,1.000000
datasets/test/Leaf_Gall/Leaf_Gall00039.jpg,Leaf_Gall,Leaf_Gall,Correct,0.999991
datasets/test/Bituminous_Leaf/Bituminous_Leaf00080.jpg,Bituminous_Leaf,Bituminous_Leaf,Correct,0.999743
datasets/train/Leaf_Blight/Leaf_Blight00589.jpg,Leaf_Blight,Leaf_Blight,Correct,0.999638
datasets/test/Leaf_Blight/Leaf_Blight00055.jpg,Leaf_Blight,Leaf_Blight,Correct,0.998952
datasets/test/Bituminous_Leaf/Bituminous_Leaf00128.jpg,Bituminous_Leaf,Bituminous_Leaf,Correct,0.998928
datasets/test/Healthy_Leaf/Healthy_Leaf00430.jpg,Healthy_Leaf,Healthy_Leaf,Correct,0.999830
datasets/test/Leaf_Blight/Leaf_Blight00502.jpg,Leaf_Blight,Leaf_Blight,Correct,0.999999
datasets/test/Leaf_Blight/Leaf_Blight00524.jpg,Leaf_Blight,Leaf_Blight,Correct,0.999596
datasets/test/Felt_Leaf/Felt_Leaf00080.jpg,Felt_Leaf,Felt_Leaf,Correct,0.952727
datasets/train/Dry_Leaf/Dry_Leaf00007.jpg,Dry_Leaf,Dry_Leaf,Correct,0.996066
datasets/test/Dry_Leaf/Dry_Leaf00085.jpg,Dry_Leaf,Dry_Leaf,Correct,0.999984
datasets/test/Curl_Leaf/Curl_Leaf00136.jpg,Curl_Leaf,Curl_Leaf,Correct,0.999998
datasets/test/Bituminous_Leaf/Bituminous_Leaf00048.jpg,Bituminous_Leaf,Bituminous_Leaf,Correct,0.999873
datasets/train/Leaf_Blight/Leaf_Blight00160.jpg,Leaf_Blight,Leaf_Blight,Correct,0.999969
datasets/train/Leaf_Gall/Leaf_Gall00110.jpg,Leaf_Gall,Leaf_Gall,Correct,0.999914
datasets/test/Anthrax_Leaf/Anthrax_Leaf00092.jpg,Anthrax_Leaf,Anthrax_Leaf,Correct,0.999987
datasets/test/Leaf_Blight/Leaf_Blight00338.jpg,Leaf_Blight,Leaf_Blight,Correct,0.999999
datasets/test/Curl_Leaf/Curl_Leaf00154.jpg,Curl_Leaf,Curl_Leaf,Correct,0.999582
datasets/test/Leaf_Gall/Leaf_Gall00457.jpg,Leaf_Gall,Leaf_Gall,Correct,0.999780
datasets/test/Deficiency_Leaf/Deficiency_Leaf00004.jpg,Deficiency_Leaf,Deficiency_Leaf,Correct,0.999390
datasets/test/Fungal_Leaf_Spot/Fungal_Leaf_Spot00464.jpg,Fungal_Leaf_Spot,Healthy_Leaf,Incorrect,0.720860
datasets/train/Fungal_Leaf_Spot/Fungal_Leaf_Spot00454.jpg,Fungal_Leaf_Spot,Fungal_Leaf_Spot,Correct,0.999644
datasets/test/Leaf_Gall/Leaf_Gall00455.jpg,Leaf_Gall,Leaf_Gall,Correct,0.999364
datasets/test/Leaf_Blight/Leaf_Blight00269.jpg,Leaf_Blight,Leaf_Blight,Correct,0.999893
datasets/test/Fungal_Leaf_Spot/Fungal_Leaf_Spot00091.jpg,Fungal_Leaf_Spot,Fungal_Leaf_Spot,Correct,0.999834
datasets/test/Anthrax_Leaf/Anthrax_Leaf00147.jpg,Anthrax_Leaf,Anthrax_Leaf,Correct,0.999568
datasets/train/Leaf_Blight/Leaf_Blight00089.jpg,Leaf_Blight,Leaf_Blight,Correct,0.999688
datasets/test/Leaf_Gall/Leaf_Gall00551.jpg,Leaf_Gall,Leaf_Gall,Correct,0.999900
datasets/test/Leaf_Gall/Leaf_Gall00056.jpg,Leaf_Gall,Leaf_Gall,Correct,0.999982
datasets/train/Leaf_Blight/Leaf_Blight00527.jpg,Leaf_Blight,Leaf_Blight,Correct,0.999931
datasets/test/Dry_Leaf/Dry_Leaf00107.jpg,Dry_Leaf,Dry_Leaf,Correct,0.999596
datasets/test/Anthrax_Leaf/Anthrax_Leaf00003.jpg,Anthrax_Leaf,Anthrax_Leaf,Correct,0.977050
datasets/test/Healthy_Leaf/Healthy_Leaf00088.jpg,Healthy_Leaf,Healthy_Leaf,Correct,0.999978
datasets/test/Fungal_Leaf_Spot/Fungal_Leaf_Spot00152.jpg,Fungal_Leaf_Spot,Fungal_Leaf_Spot,Correct,1.000000
datasets/train/Curl_Leaf/Curl_Leaf00085.jpg,Curl_Leaf,Curl_Leaf,Correct,0.999288
datasets/test/Leaf_Gall/Leaf_Gall00611.jpg,Leaf_Gall,Leaf_Gall,Correct,0.997449
datasets/train/Fungal_Leaf_Spot/Fungal_Leaf_Spot00133.jpg,Fungal_Leaf_Spot,Fungal_Leaf_Spot,Correct,0.999546
datasets/test/Felt_Leaf/Felt_Leaf00107.jpg,Felt_Leaf,Felt_Leaf,Correct,0.998984
datasets/train/Leaf_Gall/Leaf_Gall00587.jpg,Leaf_Gall,Leaf_Gall,Correct,0.999717
datasets/test/Leaf_Blight/Leaf_Blight00398.jpg,Leaf_Blight,Leaf_Blight,Correct,0.999997
datasets/test/Fungal_Leaf_Spot/Fungal_Leaf_Spot00269.jpg,Fungal_Leaf_Spot,Fungal_Leaf_Spot,Correct,0.999993
datasets/test/Dry_Leaf/Dry_Leaf00257.jpg,Dry_Leaf,Dry_Leaf,Correct,0.998442
datasets/train/Felt_Leaf/Felt_Leaf00121.jpg,Felt_Leaf,Felt_Leaf,Correct,0.998336
datasets/train/Dry_Leaf/Dry_Leaf00186.jpg,Dry_Leaf,Dry_Leaf,Correct,0.999945
datasets/test/Healthy_Leaf/Healthy_Leaf00338.jpg,Healthy_Leaf,Healthy_Leaf,Correct,0.999888
datasets/train/Fungal_Leaf_Spot/Fungal_Leaf_Spot00392.jpg,Fungal_Leaf_Spot,Fungal_Leaf_Spot,Correct,0.999988
datasets/train/Felt_Leaf/Felt_Leaf00324.jpg,Felt_Leaf,Felt_Leaf,Correct,0.999736
datasets/test/Curl_Leaf/Curl_Leaf00110.jpg,Curl_Leaf,Curl_Leaf,Correct,0.999949
datasets/test/Dry_Leaf/Dry_Leaf00333.jpg,Dry_Leaf,Dry_Leaf,Correct,0.999996
datasets/test/Felt_Leaf/Felt_Leaf00043.jpg,Felt_Leaf,Felt_Leaf,Correct,0.999561
datasets/test/Anthrax_Leaf/Anthrax_Leaf00089.jpg,Anthrax_Leaf,Anthrax_Leaf,Correct,0.999708
datasets/train/Leaf_Gall/Leaf_Gall00157.jpg,Leaf_Gall,Leaf_Gall,Correct,0.999941
datasets/test/Leaf_Gall/Leaf_Gall00413.jpg,Leaf_Gall,Leaf_Gall,Correct,0.990752
datasets/test/Anthrax_Leaf/Anthrax_Leaf00095.jpg,Anthrax_Leaf,Leaf_Gall,Incorrect,0.534837
datasets/test/Leaf_Gall/Leaf_Gall00261.jpg,Leaf_Gall,Leaf_Gall,Correct,0.999975
datasets/test/Leaf_Blight/Leaf_Blight00369.jpg,Leaf_Blight,Leaf_Blight,Correct,0.999999
datasets/train/Fungal_Leaf_Spot/Fungal_Leaf_Spot00529.jpg,Fungal_Leaf_Spot,Fungal_Leaf_Spot,Correct,0.999998
datasets/train/Leaf_Blight/Leaf_Blight00025.jpg,Leaf_Blight,Leaf_Blight,Correct,0.999973
datasets/train/Leaf_Gall/Leaf_Gall00287.jpg,Leaf_Gall,Leaf_Gall,Correct,0.999540
datasets/test/Anthrax_Leaf/Anthrax_Leaf00144.jpg,Anthrax_Leaf,Anthrax_Leaf,Correct,0.999953
datasets/train/Leaf_Blight/Leaf_Blight00439.jpg,Leaf_Blight,Leaf_Blight,Correct,1.000000
datasets/test/Leaf_Blight/Leaf_Blight00573.jpg,Leaf_Blight,Leaf_Blight,Correct,0.999630
datasets/test/Leaf_Gall/Leaf_Gall00333.jpg,Leaf_Gall,Leaf_Gall,Correct,0.999589
datasets/test/Leaf_Blight/Leaf_Blight00387.jpg,Leaf_Blight,Leaf_Blight,Correct,0.999997
datasets/train/Leaf_Gall/Leaf_Gall00257.jpg,Leaf_Gall,Leaf_Gall,Correct,0.998453
datasets/test/Curl_Leaf/Curl_Leaf00133.jpg,Curl_Leaf,Curl_Leaf,Correct,0.988252
datasets/test/Deficiency_Leaf/Deficiency_Leaf00036.jpg,Deficiency_Leaf,Deficiency_Leaf,Correct,0.999944
datasets/test/Leaf_Blight/Leaf_Blight00218.jpg,Leaf_Blight,Leaf_Blight,Correct,0.996843
datasets/test/Leaf_Blight/Leaf_Blight00321.jpg,Leaf_Blight,Leaf_Blight,Correct,0.999894
datasets/train/Dry_Leaf/Dry_Leaf00089.jpg,Dry_Leaf,Dry_Leaf,Correct,0.999995
datasets/test/Fungal_Leaf_Spot/Fungal_Leaf_Spot00083.jpg,Fungal_Leaf_Spot,Fungal_Leaf_Spot,Correct,0.999992
datasets/test/Leaf_Blight/Leaf_Blight00334.jpg,Leaf_Blight,Leaf_Blight,Correct,0.999993
datasets/train/Fungal_Leaf_Spot/Fungal_Leaf_Spot00460.jpg,Fungal_Leaf_Spot,Fungal_Leaf_Spot,Correct,0.999073
datasets/train/Fungal_Leaf_Spot/Fungal_Leaf_Spot00534.jpg,Fungal_Leaf_Spot,Fungal_Leaf_Spot,Correct,0.999992
datasets/test/Leaf_Blight/Leaf_Blight00126.jpg,Leaf_Blight,Leaf_Blight,Correct,0.999894
datasets/train/Leaf_Gall/Leaf_Gall00024.jpg,Leaf_Gall,Leaf_Gall,Correct,0.999086
datasets/test/Dry_Leaf/Dry_Leaf00095.jpg,Dry_Leaf,Dry_Leaf,Correct,0.999976
datasets/test/Dry_Leaf/Dry_Leaf00213.jpg,Dry_Leaf,Dry_Leaf,Correct,0.911133
datasets/train/Leaf_Blight/Leaf_Blight00378.jpg,Leaf_Blight,Leaf_Blight,Correct,0.999999
datasets/train/Dry_Leaf/Dry_Leaf00178.jpg,Dry_Leaf,Dry_Leaf,Correct,0.998893
datasets/test/Leaf_Gall/Leaf_Gall00435.jpg,Leaf_Gall,Leaf_Gall,Correct,0.999879
datasets/test/Dry_Leaf/Dry_Leaf00067.jpg,Dry_Leaf,Dry_Leaf,Correct,0.999964
datasets/test/Bituminous_Leaf/Bituminous_Leaf00109.jpg,Bituminous_Leaf,Bituminous_Leaf,Correct,0.999769
datasets/test/Curl_Leaf/Curl_Leaf00155.jpg,Curl_Leaf,Curl_Leaf,Correct,0.999734
datasets/test/Healthy_Leaf/Healthy_Leaf00616.jpg,Healthy_Leaf,Healthy_Leaf,Correct,0.999930
datasets/train/Felt_Leaf/Felt_Leaf00184.jpg,Felt_Leaf,Felt_Leaf,Correct,0.997801
datasets/train/Fungal_Leaf_Spot/Fungal_Leaf_Spot00313.jpg,Fungal_Leaf_Spot,Fungal_Leaf_Spot,Correct,0.999509
datasets/train/Leaf_Blight/Leaf_Blight00072.jpg,Leaf_Blight,Leaf_Blight,Correct,0.994586
datasets/test/Dry_Leaf/Dry_Leaf00147.jpg,Dry_Leaf,Dry_Leaf,Correct,0.999956
datasets/test/Felt_Leaf/Felt_Leaf00372.jpg,Felt_Leaf,Felt_Leaf,Correct,0.955997
datasets/test/Leaf_Gall/Leaf_Gall00313.jpg,Leaf_Gall,Leaf_Gall,Correct,0.999986
datasets/test/Leaf_Gall/Leaf_Gall00444.jpg,Leaf_Gall,Leaf_Gall,Correct,0.999810
datasets/test/Leaf_Gall/Leaf_Gall00205.jpg,Leaf_Gall,Leaf_Gall,Correct,0.999993
datasets/train/Healthy_Leaf/Healthy_Leaf00557.jpg,Healthy_Leaf,Healthy_Leaf,Correct,0.999817
datasets/train/Leaf_Gall/Leaf_Gall00064.jpg,Leaf_Gall,Leaf_Gall,Correct,0.999999
datasets/train/Leaf_Blight/Leaf_Blight00256.jpg,Leaf_Blight,Leaf_Blight,Correct,0.999108
datasets/test/Leaf_Gall/Leaf_Gall00582.jpg,Leaf_Gall,Leaf_Gall,Correct,0.999998
datasets/train/Fungal_Leaf_Spot/Fungal_Leaf_Spot00522.jpg,Fungal_Leaf_Spot,Fungal_Leaf_Spot,Correct,0.999973
datasets/train/Leaf_Gall/Leaf_Gall00058.jpg,Leaf_Gall,Leaf_Gall,Correct,0.999998
datasets/train/Leaf_Gall/Leaf_Gall00013.jpg,Leaf_Gall,Leaf_Gall,Correct,0.999142
datasets/test/Dry_Leaf/Dry_Leaf00019.jpg,Dry_Leaf,Dry_Leaf,Correct,0.999975
datasets/test/Leaf_Blight/Leaf_Blight00142.jpg,Leaf_Blight,Leaf_Blight,Correct,0.999918
datasets/train/Fungal_Leaf_Spot/Fungal_Leaf_Spot00143.jpg,Fungal_Leaf_Spot,Fungal_Leaf_Spot,Correct,0.999997
datasets/train/Bituminous_Leaf/Bituminous_Leaf00058.jpg,Bituminous_Leaf,Bituminous_Leaf,Correct,0.999998
datasets/test/Anthrax_Leaf/Anthrax_Leaf00148.jpg,Anthrax_Leaf,Anthrax_Leaf,Correct,0.999955
datasets/test/Felt_Leaf/Felt_Leaf00348.jpg,Felt_Leaf,Felt_Leaf,Correct,0.999573
datasets/train/Deficiency_Leaf/Deficiency_Leaf00118.jpg,Deficiency_Leaf,Deficiency_Leaf,Correct,0.999371
datasets/test/Dry_Leaf/Dry_Leaf00368.jpg,Dry_Leaf,Dry_Leaf,Correct,0.999207
datasets/train/Dry_Leaf/Dry_Leaf00367.jpg,Dry_Leaf,Dry_Leaf,Correct,0.999985
datasets/test/Healthy_Leaf/Healthy_Leaf00151.jpg,Healthy_Leaf,Healthy_Leaf,Correct,0.999951
datasets/test/Bituminous_Leaf/Bituminous_Leaf00101.jpg,Bituminous_Leaf,Bituminous_Leaf,Correct,0.999295
datasets/test/Healthy_Leaf/Healthy_Leaf00320.jpg,Healthy_Leaf,Healthy_Leaf,Correct,0.999788
datasets/test/Leaf_Gall/Leaf_Gall00552.jpg,Leaf_Gall,Leaf_Gall,Correct,0.999970
datasets/test/Curl_Leaf/Curl_Leaf00013.jpg,Curl_Leaf,Curl_Leaf,Correct,0.999834
datasets/test/Anthrax_Leaf/Anthrax_Leaf00040.jpg,Anthrax_Leaf,Anthrax_Leaf,Correct,0.999929
datasets/train/Bituminous_Leaf/Bituminous_Leaf00065.jpg,Bituminous_Leaf,Bituminous_Leaf,Correct,0.999999
datasets/test/Dry_Leaf/Dry_Leaf00117.jpg,Dry_Leaf,Dry_Leaf,Correct,0.999987
datasets/test/Fungal_Leaf_Spot/Fungal_Leaf_Spot00199.jpg,Fungal_Leaf_Spot,Fungal_Leaf_Spot,Correct,0.999998
datasets/train/Fungal_Leaf_Spot/Fungal_Leaf_Spot00036.jpg,Fungal_Leaf_Spot,Fungal_Leaf_Spot,Correct,1.000000
datasets/train/Curl_Leaf/Curl_Leaf00061.jpg,Curl_Leaf,Curl_Leaf,Correct,0.999990
datasets/test/Leaf_Blight/Leaf_Blight00076.jpg,Leaf_Blight,Leaf_Blight,Correct,0.994426
datasets/train/Fungal_Leaf_Spot/Fungal_Leaf_Spot00349.jpg,Fungal_Leaf_Spot,Fungal_Leaf_Spot,Correct,0.999428
datasets/train/Felt_Leaf/Felt_Leaf00035.jpg,Felt_Leaf,Felt_Leaf,Correct,0.996565
datasets/test/Leaf_Blight/Leaf_Blight00174.jpg,Leaf_Blight,Leaf_Blight,Correct,0.999976
datasets/train/Dry_Leaf/Dry_Leaf00220.jpg,Dry_Leaf,Dry_Leaf,Correct,0.999505
datasets/train/Dry_Leaf/Dry_Leaf00008.jpg,Dry_Leaf,Dry_Leaf,Correct,0.999963
datasets/test/Fungal_Leaf_Spot/Fungal_Leaf_Spot00292.jpg,Fungal_Leaf_Spot,Fungal_Leaf_Spot,Correct,1.000000
datasets/train/Healthy_Leaf/Healthy_Leaf00552.jpg,Healthy_Leaf,Healthy_Leaf,Correct,0.998881
datasets/test/Leaf_Gall/Leaf_Gall00042.jpg,Leaf_Gall,Leaf_Gall,Correct,0.999999
datasets/test/Curl_Leaf/Curl_Leaf00158.jpg,Curl_Leaf,Curl_Leaf,Correct,0.999991
datasets/train/Curl_Leaf/Curl_Leaf00093.jpg,Curl_Leaf,Curl_Leaf,Correct,0.998511
datasets/train/Leaf_Gall/Leaf_Gall00396.jpg,Leaf_Gall,Leaf_Gall,Correct,0.994934
datasets/test/Fungal_Leaf_Spot/Fungal_Leaf_Spot00537.jpg,Fungal_Leaf_Spot,Fungal_Leaf_Spot,Correct,0.999995
datasets/train/Healthy_Leaf/Healthy_Leaf00363.jpg,Healthy_Leaf,Healthy_Leaf,Correct,0.894196
datasets/test/Felt_Leaf/Felt_Leaf00028.jpg,Felt_Leaf,Felt_Leaf,Correct,0.999853
datasets/test/Leaf_Gall/Leaf_Gall00135.jpg,Leaf_Gall,Leaf_Gall,Correct,0.986483
datasets/train/Leaf_Blight/Leaf_Blight00219.jpg,Leaf_Blight,Leaf_Blight,Correct,0.999999
datasets/test/Healthy_Leaf/Healthy_Leaf00059.jpg,Healthy_Leaf,Healthy_Leaf,Correct,0.999988
datasets/train/Curl_Leaf/Curl_Leaf00031.jpg,Curl_Leaf,Curl_Leaf,Correct,0.999926
datasets/train/Healthy_Leaf/Healthy_Leaf00104.jpg,Healthy_Leaf,Healthy_Leaf,Correct,0.999869
datasets/test/Leaf_Blight/Leaf_Blight00103.jpg,Leaf_Blight,Leaf_Blight,Correct,0.906294
datasets/train/Leaf_Gall/Leaf_Gall00241.jpg,Leaf_Gall,Leaf_Gall,Correct,0.999958
datasets/test/Fungal_Leaf_Spot/Fungal_Leaf_Spot00130.jpg,Fungal_Leaf_Spot,Fungal_Leaf_Spot,Correct,0.894920
datasets/test/Leaf_Gall/Leaf_Gall00494.jpg,Leaf_Gall,Leaf_Gall,Correct,0.999676
datasets/test/Curl_Leaf/Curl_Leaf00117.jpg,Curl_Leaf,Curl_Leaf,Correct,0.999987
datasets/test/Healthy_Leaf/Healthy_Leaf00343.jpg,Healthy_Leaf,Healthy_Leaf,Correct,0.999974
datasets/train/Leaf_Gall/Leaf_Gall00035.jpg,Leaf_Gall,Leaf_Gall,Correct,0.999989
datasets/test/Felt_Leaf/Felt_Leaf00197.jpg,Felt_Leaf,Felt_Leaf,Correct,0.998748
datasets/test/Leaf_Blight/Leaf_Blight00166.jpg,Leaf_Blight,Leaf_Blight,Correct,0.999800
datasets/test/Leaf_Blight/Leaf_Blight00499.jpg,Leaf_Blight,Leaf_Blight,Correct,0.999998
datasets/test/Healthy_Leaf/Healthy_Leaf00474.jpg,Healthy_Leaf,Healthy_Leaf,Correct,0.999238
datasets/test/Healthy_Leaf/Healthy_Leaf00268.jpg,Healthy_Leaf,Healthy_Leaf,Correct,0.999837
datasets/train/Fungal_Leaf_Spot/Fungal_Leaf_Spot00488.jpg,Fungal_Leaf_Spot,Fungal_Leaf_Spot,Correct,0.999653
datasets/train/Leaf_Blight/Leaf_Blight00196.jpg,Leaf_Blight,Leaf_Blight,Correct,0.996785
datasets/test/Healthy_Leaf/Healthy_Leaf00383.jpg,Healthy_Leaf,Healthy_Leaf,Correct,0.999958
datasets/test/Healthy_Leaf/Healthy_Leaf00289.jpg,Healthy_Leaf,Healthy_Leaf,Correct,0.999052
datasets/test/Healthy_Leaf/Healthy_Leaf00388.jpg,Healthy_Leaf,Healthy_Leaf,Correct,0.999950
datasets/test/Felt_Leaf/Felt_Leaf00155.jpg,Felt_Leaf,Felt_Leaf,Correct,0.993464
datasets/test/Fungal_Leaf_Spot/Fungal_Leaf_Spot00374.jpg,Fungal_Leaf_Spot,Felt_Leaf,Incorrect,0.953820
datasets/test/Healthy_Leaf/Healthy_Leaf00498.jpg,Healthy_Leaf,Healthy_Leaf,Correct,0.999620
datasets/train/Leaf_Blight/Leaf_Blight00335.jpg,Leaf_Blight,Leaf_Blight,Correct,0.999955
datasets/test/Dry_Leaf/Dry_Leaf00252.jpg,Dry_Leaf,Dry_Leaf,Correct,0.992109
datasets/test/Leaf_Blight/Leaf_Blight00263.jpg,Leaf_Blight,Leaf_Blight,Correct,0.999534
datasets/train/Leaf_Blight/Leaf_Blight00141.jpg,Leaf_Blight,Leaf_Blight,Correct,0.999960
datasets/test/Healthy_Leaf/Healthy_Leaf00451.jpg,Healthy_Leaf,Healthy_Leaf,Correct,0.999215
datasets/test/Dry_Leaf/Dry_Leaf00180.jpg,Dry_Leaf,Dry_Leaf,Correct,0.999166
datasets/train/Curl_Leaf/Curl_Leaf00150.jpg,Curl_Leaf,Curl_Leaf,Correct,0.695971
datasets/train/Leaf_Blight/Leaf_Blight00013.jpg,Leaf_Blight,Leaf_Blight,Correct,0.999785
datasets/test/Healthy_Leaf/Healthy_Leaf00411.jpg,Healthy_Leaf,Healthy_Leaf,Correct,0.998654
datasets/train/Felt_Leaf/Felt_Leaf00009.jpg,Felt_Leaf,Felt_Leaf,Correct,0.992902
datasets/test/Healthy_Leaf/Healthy_Leaf00463.jpg,Healthy_Leaf,Healthy_Leaf,Correct,0.999992
datasets/test/Healthy_Leaf/Healthy_Leaf00376.jpg,Healthy_Leaf,Healthy_Leaf,Correct,0.999983
datasets/test/Deficiency_Leaf/Deficiency_Leaf00104.jpg,Deficiency_Leaf,Deficiency_Leaf,Correct,0.999746
datasets/train/Fungal_Leaf_Spot/Fungal_Leaf_Spot00302.jpg,Fungal_Leaf_Spot,Fungal_Leaf_Spot,Correct,0.999974
datasets/train/Felt_Leaf/Felt_Leaf00157.jpg,Felt_Leaf,Felt_Leaf,Correct,0.999767
datasets/test/Anthrax_Leaf/Anthrax_Leaf00128.jpg,Anthrax_Leaf,Anthrax_Leaf,Correct,0.999891
datasets/test/Fungal_Leaf_Spot/Fungal_Leaf_Spot00362.jpg,Fungal_Leaf_Spot,Fungal_Leaf_Spot,Correct,0.999874
datasets/test/Leaf_Gall/Leaf_Gall00171.jpg,Leaf_Gall,Leaf_Gall,Correct,0.999931
datasets/test/Fungal_Leaf_Spot/Fungal_Leaf_Spot00076.jpg,Fungal_Leaf_Spot,Fungal_Leaf_Spot,Correct,0.999991
datasets/test/Healthy_Leaf/Healthy_Leaf00120.jpg,Healthy_Leaf,Healthy_Leaf,Correct,0.999844
datasets/test/Felt_Leaf/Felt_Leaf00368.jpg,Felt_Leaf,Felt_Leaf,Correct,0.999908
datasets/train/Healthy_Leaf/Healthy_Leaf00278.jpg,Healthy_Leaf,Healthy_Leaf,Correct,0.999756
datasets/train/Leaf_Blight/Leaf_Blight00447.jpg,Leaf_Blight,Leaf_Blight,Correct,0.999998
datasets/test/Leaf_Gall/Leaf_Gall00283.jpg,Leaf_Gall,Leaf_Gall,Correct,0.998510
datasets/test/Leaf_Blight/Leaf_Blight00351.jpg,Leaf_Blight,Leaf_Blight,Correct,0.999721
datasets/test/Healthy_Leaf/Healthy_Leaf00400.jpg,Healthy_Leaf,Healthy_Leaf,Correct,0.999088
datasets/test/Leaf_Blight/Leaf_Blight00014.jpg,Leaf_Blight,Leaf_Blight,Correct,0.999915
datasets/train/Leaf_Blight/Leaf_Blight00041.jpg,Leaf_Blight,Leaf_Blight,Correct,0.999975
datasets/test/Fungal_Leaf_Spot/Fungal_Leaf_Spot00278.jpg,Fungal_Leaf_Spot,Fungal_Leaf_Spot,Correct,0.999954
datasets/test/Leaf_Blight/Leaf_Blight00276.jpg,Leaf_Blight,Leaf_Blight,Correct,0.999975
datasets/test/Dry_Leaf/Dry_Leaf00347.jpg,Dry_Leaf,Dry_Leaf,Correct,0.998973
datasets/test/Curl_Leaf/Curl_Leaf00098.jpg,Curl_Leaf,Curl_Leaf,Correct,0.999652
datasets/test/Dry_Leaf/Dry_Leaf00212.jpg,Dry_Leaf,Dry_Leaf,Correct,0.999956
datasets/train/Dry_Leaf/Dry_Leaf00294.jpg,Dry_Leaf,Dry_Leaf,Correct,0.999993
datasets/test/Leaf_Blight/Leaf_Blight00562.jpg,Leaf_Blight,Leaf_Blight,Correct,0.999890
datasets/train/Leaf_Blight/Leaf_Blight00436.jpg,Leaf_Blight,Leaf_Blight,Correct,0.999981
datasets/test/Leaf_Gall/Leaf_Gall00569.jpg,Leaf_Gall,Leaf_Gall,Correct,0.935687
datasets/train/Fungal_Leaf_Spot/Fungal_Leaf_Spot00256.jpg,Fungal_Leaf_Spot,Fungal_Leaf_Spot,Correct,0.999986
datasets/test/Dry_Leaf/Dry_Leaf00098.jpg,Dry_Leaf,Dry_Leaf,Correct,0.998157
datasets/train/Healthy_Leaf/Healthy_Leaf00033.jpg,Healthy_Leaf,Healthy_Leaf,Correct,0.999965
datasets/test/Felt_Leaf/Felt_Leaf00239.jpg,Felt_Leaf,Felt_Leaf,Correct,0.996907
datasets/train/Bituminous_Leaf/Bituminous_Leaf00134.jpg,Bituminous_Leaf,Bituminous_Leaf,Correct,0.999680
datasets/train/Healthy_Leaf/Healthy_Leaf00327.jpg,Healthy_Leaf,Healthy_Leaf,Correct,0.999834
datasets/train/Leaf_Gall/Leaf_Gall00340.jpg,Leaf_Gall,Leaf_Gall,Correct,0.810816
datasets/test/Leaf_Blight/Leaf_Blight00495.jpg,Leaf_Blight,Leaf_Blight,Correct,0.999989
datasets/train/Felt_Leaf/Felt_Leaf00283.jpg,Felt_Leaf,Felt_Leaf,Correct,0.998788
datasets/test/Healthy_Leaf/Healthy_Leaf00176.jpg,Healthy_Leaf,Healthy_Leaf,Correct,0.999965
datasets/train/Fungal_Leaf_Spot/Fungal_Leaf_Spot00543.jpg,Fungal_Leaf_Spot,Fungal_Leaf_Spot,Correct,0.999877
datasets/train/Leaf_Gall/Leaf_Gall00381.jpg,Leaf_Gall,Leaf_Gall,Correct,0.999840
datasets/train/Healthy_Leaf/Healthy_Leaf00015.jpg,Healthy_Leaf,Healthy_Leaf,Correct,0.999990
datasets/test/Leaf_Blight/Leaf_Blight00100.jpg,Leaf_Blight,Leaf_Blight,Correct,0.999941
datasets/train/Leaf_Gall/Leaf_Gall00151.jpg,Leaf_Gall,Leaf_Gall,Correct,0.999977
datasets/test/Healthy_Leaf/Healthy_Leaf00012.jpg,Healthy_Leaf,Healthy_Leaf,Correct,0.999989
datasets/train/Leaf_Blight/Leaf_Blight00507.jpg,Leaf_Blight,Leaf_Blight,Correct,0.999959
datasets/test/Felt_Leaf/Felt_Leaf00333.jpg,Felt_Leaf,Felt_Leaf,Correct,0.999335
datasets/train/Dry_Leaf/Dry_Leaf00003.jpg,Dry_Leaf,Dry_Leaf,Correct,0.999956
datasets/test/Leaf_Gall/Leaf_Gall00509.jpg,Leaf_Gall,Leaf_Gall,Correct,0.998105
datasets/train/Leaf_Blight/Leaf_Blight00165.jpg,Leaf_Blight,Leaf_Blight,Correct,0.999481
datasets/train/Healthy_Leaf/Healthy_Leaf00250.jpg,Healthy_Leaf,Healthy_Leaf,Correct,0.999284
datasets/test/Leaf_Blight/Leaf_Blight00176.jpg,Leaf_Blight,Leaf_Blight,Correct,0.999993
datasets/train/Dry_Leaf/Dry_Leaf00087.jpg,Dry_Leaf,Dry_Leaf,Correct,0.999635
datasets/train/Fungal_Leaf_Spot/Fungal_Leaf_Spot00462.jpg,Fungal_Leaf_Spot,Fungal_Leaf_Spot,Correct,0.996855
datasets/test/Dry_Leaf/Dry_Leaf00122.jpg,Dry_Leaf,Dry_Leaf,Correct,0.999991
datasets/train/Fungal_Leaf_Spot/Fungal_Leaf_Spot00415.jpg,Fungal_Leaf_Spot,Fungal_Leaf_Spot,Correct,0.999991
datasets/train/Leaf_Blight/Leaf_Blight00359.jpg,Leaf_Blight,Leaf_Blight,Correct,1.000000
datasets/test/Leaf_Blight/Leaf_Blight00187.jpg,Leaf_Blight,Leaf_Blight,Correct,0.999957
datasets/test/Dry_Leaf/Dry_Leaf00023.jpg,Dry_Leaf,Dry_Leaf,Correct,0.999988
datasets/test/Healthy_Leaf/Healthy_Leaf00509.jpg,Healthy_Leaf,Healthy_Leaf,Correct,0.999824
datasets/train/Dry_Leaf/Dry_Leaf00035.jpg,Dry_Leaf,Dry_Leaf,Correct,0.999398
datasets/train/Leaf_Blight/Leaf_Blight00478.jpg,Leaf_Blight,Leaf_Blight,Correct,0.999837
datasets/train/Fungal_Leaf_Spot/Fungal_Leaf_Spot00568.jpg,Fungal_Leaf_Spot,Fungal_Leaf_Spot,Correct,0.999960
datasets/train/Felt_Leaf/Felt_Leaf00075.jpg,Felt_Leaf,Felt_Leaf,Correct,0.998725
datasets/test/Fungal_Leaf_Spot/Fungal_Leaf_Spot00095.jpg,Fungal_Leaf_Spot,Fungal_Leaf_Spot,Correct,0.999998
datasets/test/Dry_Leaf/Dry_Leaf00255.jpg,Dry_Leaf,Dry_Leaf,Correct,0.996379
datasets/train/Healthy_Leaf/Healthy_Leaf00550.jpg,Healthy_Leaf,Healthy_Leaf,Correct,0.999467
datasets/test/Leaf_Blight/Leaf_Blight00266.jpg,Leaf_Blight,Leaf_Blight,Correct,0.999922
datasets/test/Leaf_Gall/Leaf_Gall00112.jpg,Leaf_Gall,Leaf_Gall,Correct,0.999731
datasets/train/Healthy_Leaf/Healthy_Leaf00462.jpg,Healthy_Leaf,Healthy_Leaf,Correct,0.999934
datasets/train/Leaf_Gall/Leaf_Gall00319.jpg,Leaf_Gall,Leaf_Gall,Correct,0.999964
datasets/test/Healthy_Leaf/Healthy_Leaf00544.jpg,Healthy_Leaf,Healthy_Leaf,Correct,0.999770
datasets/train/Curl_Leaf/Curl_Leaf00102.jpg,Curl_Leaf,Curl_Leaf,Correct,0.999992
datasets/test/Anthrax_Leaf/Anthrax_Leaf00069.jpg,Anthrax_Leaf,Anthrax_Leaf,Correct,0.999402
datasets/test/Anthrax_Leaf/Anthrax_Leaf00015.jpg,Anthrax_Leaf,Anthrax_Leaf,Correct,0.998218
datasets/train/Anthrax_Leaf/Anthrax_Leaf00072.jpg,Anthrax_Leaf,Anthrax_Leaf,Correct,0.999982
datasets/test/Fungal_Leaf_Spot/Fungal_Leaf_Spot00276.jpg,Fungal_Leaf_Spot,Fungal_Leaf_Spot,Correct,0.999946
datasets/test/Leaf_Blight/Leaf_Blight00530.jpg,Leaf_Blight,Leaf_Blight,Correct,0.999855
datasets/train/Felt_Leaf/Felt_Leaf00039.jpg,Felt_Leaf,Felt_Leaf,Correct,0.999982
datasets/train/Leaf_Gall/Leaf_Gall00312.jpg,Leaf_Gall,Leaf_Gall,Correct,0.999994
datasets/train/Fungal_Leaf_Spot/Fungal_Leaf_Spot00027.jpg,Fungal_Leaf_Spot,Fungal_Leaf_Spot,Correct,0.999849
datasets/test/Deficiency_Leaf/Deficiency_Leaf00027.jpg,Deficiency_Leaf,Deficiency_Leaf,Correct,0.999551
datasets/train/Leaf_Gall/Leaf_Gall00407.jpg,Leaf_Gall,Leaf_Gall,Correct,0.882999
datasets/train/Fungal_Leaf_Spot/Fungal_Leaf_Spot00376.jpg,Fungal_Leaf_Spot,Fungal_Leaf_Spot,Correct,0.880573
datasets/test/Bituminous_Leaf/Bituminous_Leaf00076.jpg,Bituminous_Leaf,Bituminous_Leaf,Correct,0.999979
datasets/test/Fungal_Leaf_Spot/Fungal_Leaf_Spot00023.jpg,Fungal_Leaf_Spot,Fungal_Leaf_Spot,Correct,0.999840
datasets/test/Healthy_Leaf/Healthy_Leaf00585.jpg,Healthy_Leaf,Healthy_Leaf,Correct,0.997294
datasets/train/Healthy_Leaf/Healthy_Leaf00265.jpg,Healthy_Leaf,Healthy_Leaf,Correct,0.999781
datasets/train/Felt_Leaf/Felt_Leaf00228.jpg,Felt_Leaf,Felt_Leaf,Correct,0.999773
datasets/train/Leaf_Blight/Leaf_Blight00333.jpg,Leaf_Blight,Leaf_Blight,Correct,0.999554
datasets/test/Dry_Leaf/Dry_Leaf00164.jpg,Dry_Leaf,Dry_Leaf,Correct,0.999692
datasets/test/Healthy_Leaf/Healthy_Leaf00492.jpg,Healthy_Leaf,Healthy_Leaf,Correct,0.918355
datasets/test/Fungal_Leaf_Spot/Fungal_Leaf_Spot00128.jpg,Fungal_Leaf_Spot,Fungal_Leaf_Spot,Correct,0.743867
datasets/test/Leaf_Gall/Leaf_Gall00250.jpg,Leaf_Gall,Leaf_Gall,Correct,0.999824
datasets/test/Leaf_Blight/Leaf_Blight00192.jpg,Leaf_Blight,Leaf_Blight,Correct,0.992326
datasets/test/Felt_Leaf/Felt_Leaf00046.jpg,Felt_Leaf,Felt_Leaf,Correct,0.999853
datasets/train/Dry_Leaf/Dry_Leaf00064.jpg,Dry_Leaf,Dry_Leaf,Correct,0.999711
datasets/train/Fungal_Leaf_Spot/Fungal_Leaf_Spot00382.jpg,Fungal_Leaf_Spot,Fungal_Leaf_Spot,Correct,0.999781
datasets/test/Felt_Leaf/Felt_Leaf00094.jpg,Felt_Leaf,Felt_Leaf,Correct,0.999433
datasets/test/Fungal_Leaf_Spot/Fungal_Leaf_Spot00037.jpg,Fungal_Leaf_Spot,Fungal_Leaf_Spot,Correct,0.999998
datasets/test/Leaf_Blight/Leaf_Blight00557.jpg,Leaf_Blight,Leaf_Blight,Correct,0.999958
datasets/test/Dry_Leaf/Dry_Leaf00243.jpg,Dry_Leaf,Dry_Leaf,Correct,0.998941
datasets/test/Dry_Leaf/Dry_Leaf00193.jpg,Dry_Leaf,Dry_Leaf,Correct,0.999988
datasets/test/Leaf_Gall/Leaf_Gall00146.jpg,Leaf_Gall,Curl_Leaf,Incorrect,0.828319
datasets/test/Leaf_Blight/Leaf_Blight00049.jpg,Leaf_Blight,Leaf_Blight,Correct,0.997574
datasets/train/Fungal_Leaf_Spot/Fungal_Leaf_Spot00299.jpg,Fungal_Leaf_Spot,Fungal_Leaf_Spot,Correct,0.999997
datasets/train/Leaf_Blight/Leaf_Blight00576.jpg,Leaf_Blight,Leaf_Blight,Correct,0.993221
datasets/test/Leaf_Gall/Leaf_Gall00459.jpg,Leaf_Gall,Leaf_Gall,Correct,0.969154
datasets/test/Anthrax_Leaf/Anthrax_Leaf00097.jpg,Anthrax_Leaf,Anthrax_Leaf,Correct,0.999440
datasets/test/Curl_Leaf/Curl_Leaf00073.jpg,Curl_Leaf,Curl_Leaf,Correct,0.999795
datasets/train/Leaf_Blight/Leaf_Blight00152.jpg,Leaf_Blight,Leaf_Blight,Correct,0.999999
datasets/test/Deficiency_Leaf/Deficiency_Leaf00109.jpg,Deficiency_Leaf,Deficiency_Leaf,Correct,0.999808
datasets/test/Healthy_Leaf/Healthy_Leaf00381.jpg,Healthy_Leaf,Healthy_Leaf,Correct,0.999942
datasets/test/Dry_Leaf/Dry_Leaf00043.jpg,Dry_Leaf,Dry_Leaf,Correct,0.999811
datasets/test/Leaf_Blight/Leaf_Blight00371.jpg,Leaf_Blight,Leaf_Blight,Correct,0.999997
datasets/test/Leaf_Gall/Leaf_Gall00331.jpg,Leaf_Gall,Leaf_Gall,Correct,0.999786
datasets/test/Leaf_Gall/Leaf_Gall00438.jpg,Leaf_Gall,Leaf_Gall,Correct,0.999569
datasets/test/Fungal_Leaf_Spot/Fungal_Leaf_Spot00516.jpg,Fungal_Leaf_Spot,Fungal_Leaf_Spot,Correct,1.000000
datasets/test/Fungal_Leaf_Spot/Fungal_Leaf_Spot00325.jpg,Fungal_Leaf_Spot,Fungal_Leaf_Spot,Correct,0.999992
datasets/train/Dry_Leaf/Dry_Leaf00259.jpg,Dry_Leaf,Dry_Leaf,Correct,0.963755
datasets/train/Healthy_Leaf/Healthy_Leaf00541.jpg,Healthy_Leaf,Healthy_Leaf,Correct,0.998379
datasets/test/Felt_Leaf/Felt_Leaf00221.jpg,Felt_Leaf,Felt_Leaf,Correct,0.999830
datasets/test/Healthy_Leaf/Healthy_Leaf00580.jpg,Healthy_Leaf,Healthy_Leaf,Correct,0.994357
datasets/test/Leaf_Gall/Leaf_Gall00077.jpg,Leaf_Gall,Leaf_Gall,Correct,0.999737
datasets/test/Healthy_Leaf/Healthy_Leaf00370.jpg,Healthy_Leaf,Healthy_Leaf,Correct,0.999980
datasets/train/Fungal_Leaf_Spot/Fungal_Leaf_Spot00334.jpg,Fungal_Leaf_Spot,Fungal_Leaf_Spot,Correct,0.997740
datasets/test/Healthy_Leaf/Healthy_Leaf00622.jpg,Healthy_Leaf,Healthy_Leaf,Correct,0.999981
datasets/test/Curl_Leaf/Curl_Leaf00076.jpg,Curl_Leaf,Curl_Leaf,Correct,0.999998
datasets/test/Leaf_Blight/Leaf_Blight00475.jpg,Leaf_Blight,Leaf_Blight,Correct,0.999972
datasets/test/Fungal_Leaf_Spot/Fungal_Leaf_Spot00122.jpg,Fungal_Leaf_Spot,Fungal_Leaf_Spot,Correct,0.999962
datasets/train/Fungal_Leaf_Spot/Fungal_Leaf_Spot00294.jpg,Fungal_Leaf_Spot,Fungal_Leaf_Spot,Correct,0.999987
datasets/train/Leaf_Gall/Leaf_Gall00150.jpg,Leaf_Gall,Leaf_Gall,Correct,0.996529
datasets/train/Leaf_Blight/Leaf_Blight00057.jpg,Leaf_Blight,Leaf_Blight,Correct,0.999255
datasets/test/Healthy_Leaf/Healthy_Leaf00133.jpg,Healthy_Leaf,Healthy_Leaf,Correct,0.999936
datasets/train/Fungal_Leaf_Spot/Fungal_Leaf_Spot00434.jpg,Fungal_Leaf_Spot,Fungal_Leaf_Spot,Correct,0.999998
datasets/test/Anthrax_Leaf/Anthrax_Leaf00051.jpg,Anthrax_Leaf,Anthrax_Leaf,Correct,0.999966
datasets/train/Leaf_Gall/Leaf_Gall00404.jpg,Leaf_Gall,Leaf_Gall,Correct,0.999750
datasets/train/Fungal_Leaf_Spot/Fungal_Leaf_Spot00270.jpg,Fungal_Leaf_Spot,Fungal_Leaf_Spot,Correct,0.999219
datasets/train/Leaf_Blight/Leaf_Blight00233.jpg,Leaf_Blight,Leaf_Blight,Correct,0.999955
datasets/train/Healthy_Leaf/Healthy_Leaf00316.jpg,Healthy_Leaf,Healthy_Leaf,Correct,0.999950
datasets/train/Anthrax_Leaf/Anthrax_Leaf00022.jpg,Anthrax_Leaf,Anthrax_Leaf,Correct,0.999979
datasets/test/Dry_Leaf/Dry_Leaf00047.jpg,Dry_Leaf,Dry_Leaf,Correct,0.998250
datasets/train/Fungal_Leaf_Spot/Fungal_Leaf_Spot00375.jpg,Fungal_Leaf_Spot,Fungal_Leaf_Spot,Correct,0.998382
datasets/train/Fungal_Leaf_Spot/Fungal_Leaf_Spot00031.jpg,Fungal_Leaf_Spot,Fungal_Leaf_Spot,Correct,0.999988
datasets/test/Felt_Leaf/Felt_Leaf00316.jpg,Felt_Leaf,Felt_Leaf,Correct,0.994614
datasets/test/Fungal_Leaf_Spot/Fungal_Leaf_Spot00439.jpg,Fungal_Leaf_Spot,Fungal_Leaf_Spot,Correct,0.999901
datasets/test/Fungal_Leaf_Spot/Fungal_Leaf_Spot00050.jpg,Fungal_Leaf_Spot,Fungal_Leaf_Spot,Correct,0.999998
datasets/test/Felt_Leaf/Felt_Leaf00357.jpg,Felt_Leaf,Felt_Leaf,Correct,0.999549
datasets/train/Fungal_Leaf_Spot/Fungal_Leaf_Spot00413.jpg,Fungal_Leaf_Spot,Fungal_Leaf_Spot,Correct,0.999983
datasets/test/Leaf_Blight/Leaf_Blight00413.jpg,Leaf_Blight,Leaf_Blight,Correct,0.999923
datasets/test/Leaf_Blight/Leaf_Blight00235.jpg,Leaf_Blight,Leaf_Blight,Correct,0.996377
datasets/test/Leaf_Gall/Leaf_Gall00098.jpg,Leaf_Gall,Leaf_Gall,Correct,0.999982
datasets/train/Leaf_Gall/Leaf_Gall00592.jpg,Leaf_Gall,Leaf_Gall,Correct,0.999990
datasets/train/Anthrax_Leaf/Anthrax_Leaf00083.jpg,Anthrax_Leaf,Anthrax_Leaf,Correct,0.999876
datasets/test/Leaf_Gall/Leaf_Gall00069.jpg,Leaf_Gall,Leaf_Gall,Correct,0.999980
datasets/test/Dry_Leaf/Dry_Leaf00001.jpg,Dry_Leaf,Dry_Leaf,Correct,0.998687
datasets/test/Anthrax_Leaf/Anthrax_Leaf00109.jpg,Anthrax_Leaf,Anthrax_Leaf,Correct,0.998956
datasets/train/Dry_Leaf/Dry_Leaf00118.jpg,Dry_Leaf,Dry_Leaf,Correct,0.999987
datasets/test/Fungal_Leaf_Spot/Fungal_Leaf_Spot00386.jpg,Fungal_Leaf_Spot,Fungal_Leaf_Spot,Correct,0.903416
datasets/train/Deficiency_Leaf/Deficiency_Leaf00110.jpg,Deficiency_Leaf,Deficiency_Leaf,Correct,0.605178
datasets/test/Bituminous_Leaf/Bituminous_Leaf00049.jpg,Bituminous_Leaf,Bituminous_Leaf,Correct,0.999721
datasets/test/Curl_Leaf/Curl_Leaf00151.jpg,Curl_Leaf,Curl_Leaf,Correct,0.996585
datasets/test/Dry_Leaf/Dry_Leaf00242.jpg,Dry_Leaf,Dry_Leaf,Correct,0.999860
datasets/test/Leaf_Blight/Leaf_Blight00500.jpg,Leaf_Blight,Leaf_Blight,Correct,0.999991
datasets/test/Dry_Leaf/Dry_Leaf00287.jpg,Dry_Leaf,Dry_Leaf,Correct,0.999943
datasets/train/Curl_Leaf/Curl_Leaf00107.jpg,Curl_Leaf,Curl_Leaf,Correct,0.981591
datasets/train/Dry_Leaf/Dry_Leaf00153.jpg,Dry_Leaf,Dry_Leaf,Correct,0.999924
datasets/train/Leaf_Blight/Leaf_Blight00407.jpg,Leaf_Blight,Leaf_Blight,Correct,0.999981
datasets/test/Felt_Leaf/Felt_Leaf00375.jpg,Felt_Leaf,Felt_Leaf,Correct,0.999879
datasets/train/Healthy_Leaf/Healthy_Leaf00350.jpg,Healthy_Leaf,Healthy_Leaf,Correct,0.999960
datasets/train/Leaf_Gall/Leaf_Gall00281.jpg,Leaf_Gall,Leaf_Gall,Correct,0.995053
datasets/train/Leaf_Gall/Leaf_Gall00594.jpg,Leaf_Gall,Leaf_Gall,Correct,0.999994
datasets/test/Fungal_Leaf_Spot/Fungal_Leaf_Spot00397.jpg,Fungal_Leaf_Spot,Fungal_Leaf_Spot,Correct,0.999997
datasets/test/Leaf_Blight/Leaf_Blight00209.jpg,Leaf_Blight,Leaf_Blight,Correct,0.996530
datasets/train/Curl_Leaf/Curl_Leaf00163.jpg,Curl_Leaf,Curl_Leaf,Correct,0.997940
datasets/train/Leaf_Gall/Leaf_Gall00061.jpg,Leaf_Gall,Leaf_Gall,Correct,0.985906
datasets/test/Leaf_Gall/Leaf_Gall00228.jpg,Leaf_Gall,Leaf_Gall,Correct,0.998839
datasets/test/Fungal_Leaf_Spot/Fungal_Leaf_Spot00210.jpg,Fungal_Leaf_Spot,Fungal_Leaf_Spot,Correct,0.999983
datasets/train/Leaf_Blight/Leaf_Blight00114.jpg,Leaf_Blight,Leaf_Blight,Correct,0.999954
datasets/test/Leaf_Gall/Leaf_Gall00065.jpg,Leaf_Gall,Leaf_Gall,Correct,0.999996
datasets/test/Healthy_Leaf/Healthy_Leaf00226.jpg,Healthy_Leaf,Healthy_Leaf,Correct,0.999711
datasets/test/Bituminous_Leaf/Bituminous_Leaf00013.jpg,Bituminous_Leaf,Bituminous_Leaf,Correct,0.999900
datasets/test/Dry_Leaf/Dry_Leaf00161.jpg,Dry_Leaf,Dry_Leaf,Correct,0.999310
datasets/train/Healthy_Leaf/Healthy_Leaf00202.jpg,Healthy_Leaf,Healthy_Leaf,Correct,0.999988
datasets/train/Leaf_Gall/Leaf_Gall00066.jpg,Leaf_Gall,Leaf_Gall,Correct,1.000000
datasets/test/Leaf_Gall/Leaf_Gall00047.jpg,Leaf_Gall,Leaf_Gall,Correct,0.999999
datasets/test/Deficiency_Leaf/Deficiency_Leaf00038.jpg,Deficiency_Leaf,Deficiency_Leaf,Correct,0.928148
datasets/test/Leaf_Gall/Leaf_Gall00502.jpg,Leaf_Gall,Leaf_Gall,Correct,0.999941
datasets/train/Leaf_Blight/Leaf_Blight00581.jpg,Leaf_Blight,Leaf_Blight,Correct,0.992914
datasets/test/Healthy_Leaf/Healthy_Leaf00095.jpg,Healthy_Leaf,Healthy_Leaf,Correct,0.999939
datasets/test/Leaf_Gall/Leaf_Gall00451.jpg,Leaf_Gall,Leaf_Gall,Correct,0.999474
datasets/train/Felt_Leaf/Felt_Leaf00085.jpg,Felt_Leaf,Felt_Leaf,Correct,0.952017
datasets/train/Bituminous_Leaf/Bituminous_Leaf00002.jpg,Bituminous_Leaf,Bituminous_Leaf,Correct,0.999990
datasets/test/Felt_Leaf/Felt_Leaf00315.jpg,Felt_Leaf,Felt_Leaf,Correct,0.999736
datasets/train/Fungal_Leaf_Spot/Fungal_Leaf_Spot00524.jpg,Fungal_Leaf_Spot,Fungal_Leaf_Spot,Correct,0.999999
datasets/test/Bituminous_Leaf/Bituminous_Leaf00131.jpg,Bituminous_Leaf,Bituminous_Leaf,Correct,0.998563
datasets/test/Felt_Leaf/Felt_Leaf00294.jpg,Felt_Leaf,Felt_Leaf,Correct,0.998532
datasets/train/Leaf_Blight/Leaf_Blight00185.jpg,Leaf_Blight,Leaf_Blight,Correct,0.999850
datasets/test/Felt_Leaf/Felt_Leaf00010.jpg,Felt_Leaf,Leaf_Gall,Incorrect,0.616574
datasets/test/Leaf_Gall/Leaf_Gall00609.jpg,Leaf_Gall,Leaf_Gall,Correct,0.999987
datasets/test/Leaf_Gall/Leaf_Gall00530.jpg,Leaf_Gall,Leaf_Gall,Correct,0.999995
datasets/test/Fungal_Leaf_Spot/Fungal_Leaf_Spot00369.jpg,Fungal_Leaf_Spot,Fungal_Leaf_Spot,Correct,1.000000
datasets/test/Leaf_Blight/Leaf_Blight00067.jpg,Leaf_Blight,Leaf_Blight,Correct,0.999979
datasets/test/Dry_Leaf/Dry_Leaf00167.jpg,Dry_Leaf,Dry_Leaf,Correct,0.999950
datasets/train/Healthy_Leaf/Healthy_Leaf00501.jpg,Healthy_Leaf,Healthy_Leaf,Correct,0.999997
datasets/test/Healthy_Leaf/Healthy_Leaf00545.jpg,Healthy_Leaf,Healthy_Leaf,Correct,0.999238
datasets/test/Leaf_Blight/Leaf_Blight00532.jpg,Leaf_Blight,Leaf_Blight,Correct,0.999886
datasets/test/Dry_Leaf/Dry_Leaf00354.jpg,Dry_Leaf,Dry_Leaf,Correct,0.999987
datasets/train/Leaf_Blight/Leaf_Blight00474.jpg,Leaf_Blight,Leaf_Blight,Correct,1.000000
datasets/train/Fungal_Leaf_Spot/Fungal_Leaf_Spot00513.jpg,Fungal_Leaf_Spot,Fungal_Leaf_Spot,Correct,0.999842
datasets/test/Healthy_Leaf/Healthy_Leaf00584.jpg,Healthy_Leaf,Healthy_Leaf,Correct,0.999483
datasets/train/Fungal_Leaf_Spot/Fungal_Leaf_Spot00574.jpg,Fungal_Leaf_Spot,Fungal_Leaf_Spot,Correct,0.995251
datasets/train/Leaf_Gall/Leaf_Gall00196.jpg,Leaf_Gall,Leaf_Gall,Correct,0.999997
datasets/test/Healthy_Leaf/Healthy_Leaf00409.jpg,Healthy_Leaf,Healthy_Leaf,Correct,0.999718
datasets/train/Healthy_Leaf/Healthy_Leaf00375.jpg,Healthy_Leaf,Healthy_Leaf,Correct,0.999909
datasets/train/Felt_Leaf/Felt_Leaf00021.jpg,Felt_Leaf,Felt_Leaf,Correct,0.998963
datasets/test/Leaf_Gall/Leaf_Gall00379.jpg,Leaf_Gall,Leaf_Gall,Correct,0.998966
datasets/test/Leaf_Gall/Leaf_Gall00202.jpg,Leaf_Gall,Leaf_Gall,Correct,0.999969
datasets/train/Fungal_Leaf_Spot/Fungal_Leaf_Spot00407.jpg,Fungal_Leaf_Spot,Fungal_Leaf_Spot,Correct,1.000000
datasets/test/Curl_Leaf/Curl_Leaf00138.jpg,Curl_Leaf,Curl_Leaf,Correct,0.999972
datasets/train/Fungal_Leaf_Spot/Fungal_Leaf_Spot00352.jpg,Fungal_Leaf_Spot,Fungal_Leaf_Spot,Correct,0.999998
datasets/train/Bituminous_Leaf/Bituminous_Leaf00104.jpg,Bituminous_Leaf,Bituminous_Leaf,Correct,0.999432
datasets/train/Fungal_Leaf_Spot/Fungal_Leaf_Spot00359.jpg,Fungal_Leaf_Spot,Fungal_Leaf_Spot,Correct,0.999866
datasets/test/Anthrax_Leaf/Anthrax_Leaf00135.jpg,Anthrax_Leaf,Anthrax_Leaf,Correct,0.999983
datasets/test/Healthy_Leaf/Healthy_Leaf00222.jpg,Healthy_Leaf,Healthy_Leaf,Correct,0.999972
datasets/train/Healthy_Leaf/Healthy_Leaf00146.jpg,Healthy_Leaf,Healthy_Leaf,Correct,0.999851
datasets/train/Fungal_Leaf_Spot/Fungal_Leaf_Spot00285.jpg,Fungal_Leaf_Spot,Fungal_Leaf_Spot,Correct,0.996729
datasets/test/Dry_Leaf/Dry_Leaf00236.jpg,Dry_Leaf,Dry_Leaf,Correct,0.998117
datasets/test/Leaf_Blight/Leaf_Blight00449.jpg,Leaf_Blight,Leaf_Blight,Correct,0.999999
datasets/test/Dry_Leaf/Dry_Leaf00079.jpg,Dry_Leaf,Dry_Leaf,Correct,0.999971
datasets/train/Leaf_Gall/Leaf_Gall00162.jpg,Leaf_Gall,Leaf_Gall,Correct,0.999984
datasets/train/Healthy_Leaf/Healthy_Leaf00438.jpg,Healthy_Leaf,Healthy_Leaf,Correct,0.999923
datasets/test/Fungal_Leaf_Spot/Fungal_Leaf_Spot00422.jpg,Fungal_Leaf_Spot,Fungal_Leaf_Spot,Correct,0.999963
datasets/test/Healthy_Leaf/Healthy_Leaf00011.jpg,Healthy_Leaf,Healthy_Leaf,Correct,0.999993
datasets/train/Healthy_Leaf/Healthy_Leaf00139.jpg,Healthy_Leaf,Healthy_Leaf,Correct,0.999922
datasets/test/Bituminous_Leaf/Bituminous_Leaf00047.jpg,Bituminous_Leaf,Bituminous_Leaf,Correct,0.999908
datasets/test/Leaf_Blight/Leaf_Blight00125.jpg,Leaf_Blight,Leaf_Blight,Correct,0.999937
datasets/test/Fungal_Leaf_Spot/Fungal_Leaf_Spot00442.jpg,Fungal_Leaf_Spot,Fungal_Leaf_Spot,Correct,0.998756
datasets/train/Bituminous_Leaf/Bituminous_Leaf00016.jpg,Bituminous_Leaf,Bituminous_Leaf,Correct,0.999996
datasets/test/Felt_Leaf/Felt_Leaf00018.jpg,Felt_Leaf,Felt_Leaf,Correct,0.959547
datasets/test/Healthy_Leaf/Healthy_Leaf00466.jpg,Healthy_Leaf,Healthy_Leaf,Correct,0.999984
datasets/test/Leaf_Blight/Leaf_Blight00195.jpg,Leaf_Blight,Leaf_Blight,Correct,0.999857
datasets/test/Leaf_Blight/Leaf_Blight00322.jpg,Leaf_Blight,Leaf_Blight,Correct,0.999916
datasets/test/Leaf_Gall/Leaf_Gall00235.jpg,Leaf_Gall,Leaf_Gall,Correct,0.999963
datasets/train/Fungal_Leaf_Spot/Fungal_Leaf_Spot00180.jpg,Fungal_Leaf_Spot,Fungal_Leaf_Spot,Correct,0.999998
datasets/train/Leaf_Gall/Leaf_Gall00176.jpg,Leaf_Gall,Leaf_Gall,Correct,0.999745
datasets/train/Leaf_Gall/Leaf_Gall00397.jpg,Leaf_Gall,Leaf_Gall,Correct,0.995654
datasets/train/Healthy_Leaf/Healthy_Leaf00256.jpg,Healthy_Leaf,Healthy_Leaf,Correct,0.999951
